Price,Adj Close,Close,High,Low,Open,Volume
Ticker,AAPL,AAPL,AAPL,AAPL,AAPL,AAPL
Date,,,,,,
2018-01-02,40.38100051879883,43.064998626708984,43.07500076293945,42.314998626708984,42.540000915527344,102223600
2018-01-03,40.37395477294922,43.057498931884766,43.63750076293945,42.9900016784668,43.13249969482422,118071600
2018-01-04,40.56150817871094,43.25749969482422,43.36750030517578,43.02000045776367,43.1349983215332,89738400
2018-01-05,41.02330780029297,43.75,43.842498779296875,43.26250076293945,43.36000061035156,94640000
2018-01-08,40.87092590332031,43.587501525878906,43.90250015258789,43.48249816894531,43.587501525878906,82271200
2018-01-09,40.86624526977539,43.58250045776367,43.76499938964844,43.352500915527344,43.63750076293945,86336000
2018-01-10,40.85686492919922,43.5724983215332,43.57500076293945,43.25,43.290000915527344,95839600
2018-01-11,41.08894729614258,43.81999969482422,43.872501373291016,43.622501373291016,43.647499084472656,74670800
2018-01-12,41.51324462890625,44.272499084472656,44.34000015258789,43.912498474121094,44.04499816894531,101672400
2018-01-16,41.30226516723633,44.04750061035156,44.84749984741211,44.03499984741211,44.474998474121094,118263600
2018-01-17,41.98442077636719,44.775001525878906,44.8125,43.76750183105469,44.037498474121094,137547200
2018-01-18,42.02193069458008,44.814998626708984,45.025001525878906,44.5625,44.842498779296875,124773600
2018-01-19,41.83440399169922,44.6150016784668,44.89500045776367,44.352500915527344,44.65250015258789,129700400
2018-01-22,41.492130279541016,44.25,44.44499969482422,44.150001525878906,44.32500076293945,108434400
2018-01-23,41.50151062011719,44.2599983215332,44.86000061035156,44.20500183105469,44.32500076293945,130756400
2018-01-24,40.84046173095703,43.55500030517578,44.32500076293945,43.29999923706055,44.3125,204420400
2018-01-25,40.111412048339844,42.77750015258789,43.73749923706055,42.63249969482422,43.627498626708984,166116000
2018-01-26,40.20518493652344,42.877498626708984,43.0,42.51499938964844,43.0,156572000
2018-01-29,39.372989654541016,41.9900016784668,42.540000915527344,41.76750183105469,42.540000915527344,202561600
2018-01-30,39.14091491699219,41.74250030517578,41.842498779296875,41.17499923706055,41.38249969482422,184192800
2018-01-31,39.24875259399414,41.85749816894531,42.11000061035156,41.625,41.717498779296875,129915600
2018-02-01,39.33079147338867,41.94499969482422,42.154998779296875,41.689998626708984,41.79249954223633,188923200
2018-02-02,37.62423324584961,40.125,41.70000076293945,40.025001525878906,41.5,346375200
2018-02-05,36.68419647216797,39.122501373291016,40.970001220703125,39.0,39.775001525878906,290954000
2018-02-06,38.21731185913086,40.75749969482422,40.93000030517578,38.5,38.70750045776367,272975200
2018-02-07,37.39918518066406,39.8849983215332,40.849998474121094,39.76750183105469,40.772499084472656,206434400
2018-02-08,36.37009048461914,38.787498474121094,40.25,38.75749969482422,40.0724983215332,217562000
2018-02-09,36.8149528503418,39.102500915527344,39.47249984741211,37.560001373291016,39.26750183105469,282690400
2018-02-12,38.29780578613281,40.6775016784668,40.97249984741211,39.377498626708984,39.625,243278000
2018-02-13,38.68146514892578,41.084999084472656,41.1875,40.412498474121094,40.48749923706055,130196800
2018-02-14,39.394649505615234,41.842498779296875,41.8849983215332,40.720001220703125,40.7599983215332,162579600
2018-02-15,40.71745681762695,43.247501373291016,43.272499084472656,42.25,42.4474983215332,204588800
2018-02-16,40.58563995361328,43.10749816894531,43.70500183105469,42.942501068115234,43.09000015258789,160704400
2018-02-20,40.44914245605469,42.962501525878906,43.564998626708984,42.85499954223633,43.01250076293945,135722000
2018-02-21,40.265533447265625,42.76750183105469,43.529998779296875,42.752498626708984,43.20750045776367,149886400
2018-02-22,40.60213088989258,43.125,43.48749923706055,42.9275016784668,42.95000076293945,123967600
2018-02-23,41.30824661254883,43.875,43.912498474121094,43.3849983215332,43.41749954223633,135249600
2018-02-26,42.125003814697266,44.74250030517578,44.84749984741211,44.0525016784668,44.087501525878906,152648800
2018-02-27,41.98848342895508,44.59749984741211,45.119998931884766,44.540000915527344,44.775001525878906,155712400
2018-02-28,41.92493438720703,44.529998779296875,45.154998779296875,44.51250076293945,44.814998626708984,151128400
2018-03-01,41.19057083129883,43.75,44.94499969482422,43.165000915527344,44.6349983215332,195208000
2018-03-02,41.47536087036133,44.0525016784668,44.07500076293945,43.11249923706055,43.20000076293945,153816000
2018-03-05,41.61894989013672,44.20500183105469,44.435001373291016,43.630001068115234,43.8025016784668,113605600
2018-03-06,41.58363342285156,44.16749954223633,44.5625,44.032501220703125,44.477500915527344,95154000
2018-03-07,41.197628021240234,43.75749969482422,43.962501525878906,43.567501068115234,43.73500061035156,126814000
2018-03-08,41.647186279296875,44.23500061035156,44.279998779296875,43.76750183105469,43.869998931884766,95096400
2018-03-09,42.36272048950195,44.994998931884766,45.0,44.34749984741211,44.4900016784668,128740800
2018-03-12,42.77228546142578,45.43000030517578,45.59749984741211,45.0525016784668,45.0724983215332,128828400
2018-03-13,42.36036682128906,44.99250030517578,45.875,44.810001373291016,45.647499084472656,126774000
2018-03-14,42.00025939941406,44.61000061035156,45.130001068115234,44.45249938964844,45.08000183105469,117473600
2018-03-15,42.049678802490234,44.662498474121094,45.060001373291016,44.51750183105469,44.625,90975200
2018-03-16,41.901397705078125,44.505001068115234,44.779998779296875,44.404998779296875,44.662498474121094,157618800
2018-03-19,41.26118087768555,43.82500076293945,44.36750030517578,43.415000915527344,44.33000183105469,133787200
2018-03-20,41.24705505371094,43.810001373291016,44.20000076293945,43.73500061035156,43.810001373291016,78597600
2018-03-21,40.312618255615234,42.817501068115234,43.772499084472656,42.814998626708984,43.7599983215332,148219600
2018-03-22,39.743019104003906,42.212501525878906,43.16999816894531,42.150001525878906,42.5,165963200
2018-03-23,38.822689056396484,41.23500061035156,42.47999954223633,41.23500061035156,42.09749984741211,164115200
2018-03-26,40.665687561035156,43.192501068115234,43.275001525878906,41.61000061035156,42.01750183105469,150164800
2018-03-27,39.622962951660156,42.084999084472656,43.787498474121094,41.72999954223633,43.41999816894531,163690400
2018-03-28,39.18517303466797,41.619998931884766,42.505001068115234,41.29750061035156,41.8125,166674000
2018-03-29,39.49115753173828,41.94499969482422,42.9375,41.724998474121094,41.95249938964844,153594000
2018-04-02,39.23225402832031,41.66999816894531,42.23500061035156,41.11750030517578,41.65999984741211,150347200
2018-04-03,39.634735107421875,42.09749984741211,42.1875,41.220001220703125,41.90999984741211,121112000
2018-04-04,40.392642974853516,42.90250015258789,43.002498626708984,41.192501068115234,41.220001220703125,138422000
2018-04-05,40.67273712158203,43.20000076293945,43.557498931884766,43.02000045776367,43.14500045776367,107732800
2018-04-06,39.632389068603516,42.095001220703125,43.119998931884766,42.04999923706055,42.74250030517578,140021200
2018-04-09,40.02545166015625,42.51250076293945,43.272499084472656,42.462501525878906,42.470001220703125,116070800
2018-04-10,40.77866744995117,43.3125,43.5,42.88249969482422,43.25,113634400
2018-04-11,40.5880012512207,43.11000061035156,43.47999954223633,42.92499923706055,43.057498931884766,89726400
2018-04-12,40.98813247680664,43.53499984741211,43.75,43.2599983215332,43.352500915527344,91557200
2018-04-13,41.127010345458984,43.682498931884766,43.959999084472656,43.462501525878906,43.69499969482422,100497200
2018-04-16,41.38357162475586,43.95500183105469,44.04750061035156,43.70750045776367,43.75749969482422,86313600
2018-04-17,41.95317459106445,44.560001373291016,44.73500061035156,44.102500915527344,44.122501373291016,106421600
2018-04-18,41.8590202331543,44.459999084472656,44.70500183105469,44.220001220703125,44.45249938964844,83018000
2018-04-19,40.67273712158203,43.20000076293945,43.84749984741211,43.165000915527344,43.439998626708984,139235200
2018-04-20,39.00627899169922,41.43000030517578,42.80500030517578,41.35749816894531,42.650001525878906,261964400
2018-04-23,38.893306732177734,41.310001373291016,41.72999954223633,41.022499084472656,41.70750045776367,146062000
2018-04-24,38.35194396972656,40.73500061035156,41.58250045776367,40.30500030517578,41.41749954223633,134768000
2018-04-25,38.51905822753906,40.912498474121094,41.35499954223633,40.602500915527344,40.654998779296875,113528400
2018-04-26,38.65321350097656,41.05500030517578,41.432498931884766,40.842498779296875,41.029998779296875,111852000
2018-04-27,38.206016540527344,40.58000183105469,41.08250045776367,40.157501220703125,41.0,142623200
2018-04-30,38.89800262451172,41.314998626708984,41.814998626708984,40.459999084472656,40.532501220703125,169709600
2018-05-01,39.801849365234375,42.275001525878906,42.29999923706055,41.317501068115234,41.602500915527344,214277600
2018-05-02,41.560096740722656,44.14250183105469,44.4375,43.45000076293945,43.807498931884766,266157600
2018-05-03,41.63542556762695,44.22249984741211,44.375,43.61000061035156,43.970001220703125,136272800
2018-05-04,43.268917083740234,45.95750045776367,46.0625,44.54249954223633,44.5625,224805200
2018-05-07,43.58196258544922,46.290000915527344,46.91749954223633,46.1875,46.29499816894531,169805600
2018-05-08,43.79145812988281,46.51250076293945,46.55500030517578,45.91749954223633,46.247501373291016,113611200
2018-05-09,44.099796295166016,46.84000015258789,46.849998474121094,46.30500030517578,46.63750076293945,92844800
2018-05-10,44.73059844970703,47.5099983215332,47.592498779296875,46.912498474121094,46.935001373291016,111957200
2018-05-11,44.56047439575195,47.147499084472656,47.51499938964844,46.86249923706055,47.372501373291016,104848800
2018-05-14,44.45650100708008,47.037498474121094,47.38249969482422,46.96500015258789,47.252498626708984,83115200
2018-05-15,44.05247497558594,46.61000061035156,46.76750183105469,46.275001525878906,46.69499969482422,94780800
2018-05-16,44.46358871459961,47.04499816894531,47.1150016784668,46.5,46.51750183105469,76732400
2018-05-17,44.18242263793945,46.747501373291016,47.227500915527344,46.59000015258789,47.0,69176000
2018-05-18,44.021751403808594,46.57749938964844,46.95249938964844,46.532501220703125,46.79750061035156,73190800
2018-05-21,44.33363723754883,46.907501220703125,47.317501068115234,46.727500915527344,47.0,73603200
2018-05-22,44.22259521484375,46.790000915527344,47.220001220703125,46.69499969482422,47.095001220703125,60962800
2018-05-23,44.506126403808594,47.09000015258789,47.125,46.439998626708984,46.587501525878906,80233600
2018-05-24,44.45650100708008,47.037498474121094,47.209999084472656,46.5525016784668,47.192501068115234,92936000
2018-05-25,44.55811309814453,47.14500045776367,47.412498474121094,46.912498474121094,47.057498931884766,69844000
2018-05-29,44.397430419921875,46.974998474121094,47.1875,46.717498779296875,46.900001525878906,90056400
2018-05-30,44.302913665771484,46.875,47.0,46.69499969482422,46.93000030517578,74762000
2018-05-31,44.154075622558594,46.717498779296875,47.057498931884766,46.53499984741211,46.80500030517578,109931200
2018-06-01,44.95033264160156,47.560001373291016,47.564998626708984,46.9375,46.997501373291016,93770000
2018-06-04,45.326026916503906,47.95750045776367,48.35499954223633,47.837501525878906,47.90999984741211,105064800
2018-06-05,45.675724029541016,48.32749938964844,48.48500061035156,48.09000015258789,48.26750183105469,86264000
2018-06-06,45.83403015136719,48.494998931884766,48.52000045776367,47.97999954223633,48.407501220703125,83734400
2018-06-07,45.71117401123047,48.3650016784668,48.54999923706055,48.084999084472656,48.53499984741211,85388800
2018-06-08,45.29530715942383,47.92499923706055,48.0,47.442501068115234,47.79249954223633,106627200
2018-06-11,45.18425369262695,47.807498931884766,47.99250030517578,47.5525016784668,47.837501525878906,73234000
2018-06-12,45.43235397338867,48.06999969482422,48.15250015258789,47.787498474121094,47.84749984741211,67644400
2018-06-13,45.059024810791016,47.67499923706055,48.220001220703125,47.61000061035156,48.10499954223633,86553600
2018-06-14,45.08266067504883,47.70000076293945,47.89250183105469,47.55500030517578,47.88750076293945,86440400
2018-06-15,44.619537353515625,47.209999084472656,47.540000915527344,47.064998626708984,47.50749969482422,246876800
2018-06-18,44.595916748046875,47.185001373291016,47.30500030517578,46.79999923706055,46.970001220703125,73939600
2018-06-19,43.87525177001953,46.42250061035156,46.58250045776367,45.86249923706055,46.28499984741211,134314000
2018-06-20,44.066646575927734,46.625,46.79999923706055,46.432498931884766,46.587501525878906,82514800
2018-06-21,43.82091522216797,46.3650016784668,47.087501525878906,46.23500061035156,46.8125,102847600
2018-06-22,43.693302154541016,46.22999954223633,46.537498474121094,46.17499923706055,46.529998779296875,108801600
2018-06-25,43.04352569580078,45.54249954223633,46.22999954223633,45.182498931884766,45.849998474121094,126652400
2018-06-26,43.57753372192383,46.10749816894531,46.63249969482422,45.6349983215332,45.747501373291016,98276800
2018-06-27,43.513736724853516,46.040000915527344,46.81999969482422,46.00749969482422,46.307498931884766,101141200
2018-06-28,43.83036422729492,46.375,46.5525016784668,45.95000076293945,46.025001525878906,69460800
2018-06-29,43.73820877075195,46.27750015258789,46.79750061035156,45.727500915527344,46.5724983215332,90950800
2018-07-02,44.22731399536133,46.79499816894531,46.82500076293945,45.85499954223633,45.95500183105469,70925200
2018-07-03,43.45704650878906,45.97999954223633,46.98749923706055,45.8849983215332,46.9474983215332,55819200
2018-07-05,43.80672836303711,46.349998474121094,46.602500915527344,46.06999969482422,46.314998626708984,66416800
2018-07-06,44.41396713256836,46.99250030517578,47.10749816894531,46.29999923706055,46.35499954223633,69940800
2018-07-09,45.030670166015625,47.64500045776367,47.66999816894531,47.32500076293945,47.375,79026400
2018-07-10,44.97633743286133,47.587501525878906,47.81999969482422,47.54499816894531,47.6775016784668,63756400
2018-07-11,44.39270782470703,46.970001220703125,47.44499969482422,46.90250015258789,47.125,75326000
2018-07-12,45.13700485229492,47.75749969482422,47.852500915527344,47.32749938964844,47.38249969482422,72164400
2018-07-13,45.2078857421875,47.83250045776367,47.959999084472656,47.724998474121094,47.77000045776367,50055600
2018-07-16,45.108646392822266,47.727500915527344,48.162498474121094,47.60499954223633,47.880001068115234,60172400
2018-07-17,45.236236572265625,47.86249923706055,47.967498779296875,47.29999923706055,47.4375,62138000
2018-07-18,44.9881477355957,47.599998474121094,47.95000076293945,47.48249816894531,47.94499969482422,65573600
2018-07-19,45.337833404541016,47.970001220703125,48.13750076293945,47.42250061035156,47.42250061035156,81147200
2018-07-20,45.23389434814453,47.86000061035156,48.10749816894531,47.54249954223633,47.94499969482422,82704800
2018-07-23,45.274044036865234,47.90250015258789,47.9900016784668,47.38999938964844,47.66999816894531,63957600
2018-07-24,45.60247039794922,48.25,48.415000915527344,48.01250076293945,48.11249923706055,74791600
2018-07-25,46.03251266479492,48.70500183105469,48.712501525878906,48.10749816894531,48.26499938964844,66839600
2018-07-26,45.88837814331055,48.5525016784668,48.9900016784668,48.40250015258789,48.65250015258789,76304000
2018-07-27,45.12517547607422,47.744998931884766,48.79750061035156,47.525001525878906,48.747501373291016,96096000
2018-07-30,44.87236785888672,47.477500915527344,48.04999923706055,47.26750183105469,47.974998474121094,84118000
2018-07-31,44.9621467590332,47.5724983215332,48.03499984741211,47.334999084472656,47.57500076293945,157492000
2018-08-01,47.61087417602539,50.375,50.439998626708984,49.32749938964844,49.782501220703125,271742800
2018-08-02,49.0025749206543,51.84749984741211,52.095001220703125,50.087501525878906,50.14500045776367,249616000
2018-08-03,49.144351959228516,51.997501373291016,52.185001373291016,51.369998931884766,51.75749969482422,133789600
2018-08-06,49.399532318115234,52.26750183105469,52.3125,51.76750183105469,52.0,101701600
2018-08-07,48.93642807006836,51.77750015258789,52.375,51.689998626708984,52.33000183105469,102349600
2018-08-08,48.96949768066406,51.8125,51.95249938964844,51.130001068115234,51.51250076293945,90102000
2018-08-09,49.354637145996094,52.220001220703125,52.44499969482422,51.79999923706055,52.38249969482422,93970400
2018-08-10,49.207637786865234,51.88249969482422,52.275001525878906,51.66749954223633,51.84000015258789,98444800
2018-08-13,49.525367736816406,52.217498779296875,52.73749923706055,51.92499923706055,52.32749938964844,103563600
2018-08-14,49.73401641845703,52.4375,52.63999938964844,52.064998626708984,52.540000915527344,82992000
2018-08-15,49.85020065307617,52.560001373291016,52.685001373291016,52.08250045776367,52.30500030517578,115230400
2018-08-16,50.580509185791016,53.33000183105469,53.45249938964844,52.86750030517578,52.9375,114001600
2018-08-17,51.590599060058594,54.39500045776367,54.48749923706055,53.290000915527344,53.36000061035156,141708000
2018-08-20,51.08791732788086,53.8650016784668,54.79499816894531,53.77750015258789,54.525001525878906,121150800
2018-08-21,50.98833084106445,53.7599983215332,54.29750061035156,53.50749969482422,54.20000076293945,104639200
2018-08-22,50.99071502685547,53.76250076293945,54.09000015258789,53.459999084472656,53.525001525878906,76072400
2018-08-23,51.09504318237305,53.872501373291016,54.26250076293945,53.650001525878906,53.662498474121094,75532800
2018-08-24,51.253902435302734,54.040000915527344,54.224998474121094,53.77750015258789,54.150001525878906,73905600
2018-08-27,51.675960540771484,54.48500061035156,54.685001373291016,54.08250045776367,54.287498474121094,82100400
2018-08-28,52.09326934814453,54.92499923706055,55.1349983215332,54.72999954223633,54.752498626708984,91107200
2018-08-29,52.87100601196289,55.744998931884766,55.872501373291016,54.852500915527344,55.037498474121094,109019200
2018-08-30,53.3570671081543,56.25749969482422,57.064998626708984,55.599998474121094,55.8125,195175200
2018-08-31,53.973567962646484,56.907501220703125,57.217498779296875,56.5,56.627498626708984,173360400
2018-09-04,54.14665222167969,57.09000015258789,57.29499816894531,56.657501220703125,57.102500915527344,109560400
2018-09-05,53.793357849121094,56.717498779296875,57.41749954223633,56.275001525878906,57.247501373291016,133332000
2018-09-06,52.899452209472656,55.775001525878906,56.837501525878906,55.32500076293945,56.557498931884766,137160000
2018-09-07,52.47265625,55.32500076293945,56.342498779296875,55.1775016784668,55.462501525878906,150479200
2018-09-10,51.76842498779297,54.58250045776367,55.462501525878906,54.11750030517578,55.23749923706055,158066000
2018-09-11,53.07728576660156,55.962501525878906,56.07500076293945,54.13999938964844,54.502498626708984,142996000
2018-09-12,52.41812515258789,55.26750183105469,56.25,54.959999084472656,56.23500061035156,197114800
2018-09-13,53.68428421020508,56.602500915527344,57.087501525878906,55.64250183105469,55.880001068115234,166825600
2018-09-14,53.074913024902344,55.959999084472656,56.709999084472656,55.630001068115234,56.4375,127997200
2018-09-17,51.66172409057617,54.470001220703125,55.73749923706055,54.317501068115234,55.537498474121094,148780400
2018-09-18,51.74708938598633,54.560001373291016,55.462501525878906,54.279998779296875,54.4474983215332,126286800
2018-09-19,51.77790832519531,54.592498779296875,54.904998779296875,53.82500076293945,54.625,108495200
2018-09-20,52.17151641845703,55.00749969482422,55.56999969482422,54.787498474121094,55.060001373291016,106435200
2018-09-21,51.60956573486328,54.415000915527344,55.34000015258789,54.3224983215332,55.19499969482422,384986800
2018-09-24,52.35171890258789,55.1974983215332,55.314998626708984,54.157501220703125,54.20500183105469,110773600
2018-09-25,52.683677673339844,55.54750061035156,55.70500183105469,54.92499923706055,54.9375,98217600
2018-09-26,52.26399612426758,55.10499954223633,55.9375,54.939998626708984,55.25,95938800
2018-09-27,53.338111877441406,56.23749923706055,56.61000061035156,55.8849983215332,55.95500183105469,120724800
2018-09-28,53.52541732788086,56.435001373291016,56.459999084472656,56.005001068115234,56.1974983215332,91717600
2018-10-01,53.88581848144531,56.814998626708984,57.35499954223633,56.587501525878906,56.98749923706055,94403200
2018-10-02,54.36479568481445,57.31999969482422,57.5,56.657501220703125,56.8125,99152800
2018-10-03,55.02634048461914,58.01750183105469,58.36750030517578,57.44499969482422,57.51250076293945,114619200
2018-10-04,54.058921813964844,56.997501373291016,58.087501525878906,56.682498931884766,57.69499969482422,128168000
2018-10-05,53.18161392211914,56.0724983215332,57.102500915527344,55.14500045776367,56.9900016784668,134322000
2018-10-08,53.05831527709961,55.942501068115234,56.20000076293945,55.04999923706055,55.5525016784668,118655600
2018-10-09,53.793357849121094,56.717498779296875,56.817501068115234,55.5625,55.90999984741211,107564000
2018-10-10,51.30133056640625,54.09000015258789,56.587501525878906,54.01250076293945,56.3650016784668,167962400
2018-10-11,50.84843826293945,53.61249923706055,54.875,53.08000183105469,53.630001068115234,212497600
2018-10-12,52.66470718383789,55.52750015258789,55.720001220703125,54.209999084472656,55.10499954223633,161351600
2018-10-15,51.538429260253906,54.34000015258789,55.45750045776367,54.317501068115234,55.290000915527344,123164000
2018-10-16,52.67418670654297,55.537498474121094,55.747501373291016,54.189998626708984,54.73249816894531,116736000
2018-10-17,52.44654846191406,55.29750061035156,55.65999984741211,54.834999084472656,55.57500076293945,91541600
2018-10-18,51.220699310302734,54.005001068115234,54.935001373291016,53.25,54.46500015258789,130325200
2018-10-19,52.000797271728516,54.82749938964844,55.314998626708984,54.35749816894531,54.51499938964844,132314800
2018-10-22,52.31853485107422,55.162498474121094,55.84000015258789,54.73500061035156,54.9474983215332,115168400
2018-10-23,52.81171798706055,55.682498931884766,55.8125,53.67499923706055,53.95750045776367,155071200
2018-10-24,51.00019073486328,53.772499084472656,56.057498931884766,53.6349983215332,55.650001525878906,163702000
2018-10-25,52.11698913574219,54.95000076293945,55.345001220703125,54.1875,54.4275016784668,119423200
2018-10-26,51.28709411621094,54.07500076293945,55.04750061035156,53.16749954223633,53.974998474121094,189033600
2018-10-29,50.32442855834961,53.060001373291016,54.92250061035156,51.522499084472656,54.79750061035156,183742000
2018-10-30,50.57575988769531,53.32500076293945,53.79499816894531,52.317501068115234,52.787498474121094,146640000
2018-10-31,51.894100189208984,54.71500015258789,55.11249923706055,54.154998779296875,54.220001220703125,153435600
2018-11-01,52.690792083740234,55.55500030517578,55.59000015258789,54.20249938964844,54.76250076293945,233292800
2018-11-02,49.19576644897461,51.869998931884766,53.412498474121094,51.35749816894531,52.38750076293945,365314800
2018-11-05,47.799198150634766,50.397499084472656,51.09749984741211,49.54249954223633,51.07500076293945,264654800
2018-11-06,48.31608581542969,50.942501068115234,51.18000030517578,50.42250061035156,50.47999954223633,127531600
2018-11-07,49.78142547607422,52.48749923706055,52.51499938964844,51.032501220703125,51.49250030517578,133697600
2018-11-08,49.60774230957031,52.122501373291016,52.529998779296875,51.6875,52.494998931884766,101450400
2018-11-09,48.65123748779297,51.11750030517578,51.502498626708984,50.5625,51.38750076293945,137463200
2018-11-12,46.200469970703125,48.54249954223633,49.962501525878906,48.4474983215332,49.75,204542000
2018-11-13,45.738861083984375,48.057498931884766,49.29499816894531,47.86249923706055,47.907501220703125,187531600
2018-11-14,44.44685745239258,46.70000076293945,48.619998931884766,46.48249816894531,48.474998474121094,243204000
2018-11-15,45.543758392333984,47.852500915527344,47.99250030517578,46.724998474121094,47.09749984741211,185915200
2018-11-16,46.048187255859375,48.38249969482422,48.74250030517578,47.3650016784668,47.625,147713200
2018-11-19,44.22320556640625,46.46500015258789,47.67499923706055,46.247501373291016,47.5,167701200
2018-11-20,42.11030578613281,44.244998931884766,45.36750030517578,43.877498626708984,44.592498779296875,271300800
2018-11-21,42.06272888183594,44.19499969482422,45.067501068115234,44.13750076293945,44.932498931884766,124496800
2018-11-23,40.994384765625,43.0724983215332,44.150001525878906,43.025001525878906,43.73500061035156,94496000
2018-11-26,41.54877853393555,43.654998779296875,43.73749923706055,42.564998626708984,43.560001373291016,179994000
2018-11-27,41.4583625793457,43.560001373291016,43.692501068115234,42.720001220703125,42.877498626708984,165549600
2018-11-28,43.05254364013672,45.23500061035156,45.3224983215332,43.73249816894531,44.182498931884766,184250000
2018-11-29,42.7218132019043,44.88750076293945,45.70000076293945,44.42499923706055,45.665000915527344,167080000
2018-11-30,42.491004943847656,44.64500045776367,45.08250045776367,44.25749969482422,45.0724983215332,158126000
2018-12-03,43.97574996948242,46.20500183105469,46.23500061035156,45.3025016784668,46.1150016784668,163210000
2018-12-04,42.04130935668945,44.17250061035156,45.59749984741211,44.067501068115234,45.23749923706055,165377200
2018-12-06,41.572574615478516,43.68000030517578,43.69499969482422,42.60499954223633,42.939998626708984,172393600
2018-12-07,40.09022521972656,42.122501373291016,43.622501373291016,42.07500076293945,43.372501373291016,169126400
2018-12-10,40.35434341430664,42.400001525878906,42.522499084472656,40.83250045776367,41.25,248104000
2018-12-11,40.12353515625,42.157501220703125,42.9474983215332,41.75,42.915000915527344,189126800
2018-12-12,40.235355377197266,42.275001525878906,42.97999954223633,42.255001068115234,42.599998474121094,142510800
2018-12-13,40.67552947998047,42.73749923706055,43.14250183105469,42.38750076293945,42.622501373291016,127594400
2018-12-14,39.3740234375,41.369998931884766,42.27000045776367,41.31999969482422,42.25,162814800
2018-12-17,39.00760269165039,40.98500061035156,42.087501525878906,40.682498931884766,41.36249923706055,177151600
2018-12-18,39.514400482177734,41.51750183105469,41.88249969482422,41.09749984741211,41.345001220703125,135366000
2018-12-19,38.28187561035156,40.22249984741211,41.86249923706055,39.772499084472656,41.5,196189200
2018-12-20,37.31584930419922,39.20750045776367,40.52750015258789,38.82500076293945,40.099998474121094,259092000
2018-12-21,35.86443328857422,37.682498931884766,39.540000915527344,37.407501220703125,39.21500015258789,382978400
2018-12-24,34.93646240234375,36.70750045776367,37.88750076293945,36.647499084472656,37.037498474121094,148676800
2018-12-26,37.39675521850586,39.29249954223633,39.307498931884766,36.68000030517578,37.07500076293945,234330000
2018-12-27,37.15406036376953,39.037498474121094,39.192501068115234,37.51750183105469,38.959999084472656,212468400
2018-12-28,37.17308807373047,39.057498931884766,39.630001068115234,38.63750076293945,39.375,169165600
2018-12-31,37.532379150390625,39.435001373291016,39.84000015258789,39.119998931884766,39.63249969482422,140014000
2019-01-02,37.5752067565918,39.47999954223633,39.712501525878906,38.557498931884766,38.72249984741211,148158800
2019-01-03,33.83243942260742,35.54750061035156,36.43000030517578,35.5,35.994998931884766,365248800
2019-01-04,35.276729583740234,37.064998626708984,37.13750076293945,35.95000076293945,36.13249969482422,234428400
2019-01-07,35.198204040527344,36.98249816894531,37.20750045776367,36.474998474121094,37.17499923706055,219111200
2019-01-08,35.86919021606445,37.6875,37.95500183105469,37.130001068115234,37.38999938964844,164101200
2019-01-09,36.47830581665039,38.32749938964844,38.63249969482422,37.407501220703125,37.8224983215332,180396400
2019-01-10,36.59490203857422,38.45000076293945,38.49250030517578,37.71500015258789,38.125,143122800
2019-01-11,36.23560333251953,38.0724983215332,38.42499923706055,37.877498626708984,38.220001220703125,108092800
2019-01-14,35.69074630737305,37.5,37.817501068115234,37.30500030517578,37.712501525878906,129756800
2019-01-15,36.42120361328125,38.26750183105469,38.34749984741211,37.51250076293945,37.567501068115234,114843600
2019-01-16,36.86615753173828,38.73500061035156,38.970001220703125,38.25,38.27000045776367,122278800
2019-01-17,37.08505630493164,38.96500015258789,39.415000915527344,38.314998626708984,38.54999923706055,119284800
2019-01-18,37.313480377197266,39.20500183105469,39.470001220703125,38.994998931884766,39.375,135004000
2019-01-22,36.47593307495117,38.32500076293945,39.182498931884766,38.154998779296875,39.102500915527344,121576000
2019-01-23,36.62346267700195,38.47999954223633,38.78499984741211,37.92499923706055,38.537498474121094,92522400
2019-01-24,36.33317184448242,38.17499923706055,38.619998931884766,37.935001373291016,38.52750015258789,101766000
2019-01-25,37.537132263183594,39.439998626708984,39.532501220703125,38.58000183105469,38.869998931884766,134142000
2019-01-28,37.18975067138672,39.07500076293945,39.08250045776367,38.415000915527344,38.9474983215332,104768400
2019-01-29,36.80430221557617,38.66999816894531,39.532501220703125,38.52750015258789,39.0625,166348800
2019-01-30,39.31928634643555,41.3125,41.537498474121094,40.057498931884766,40.8125,244439200
2019-01-31,39.60243225097656,41.61000061035156,42.25,41.13999938964844,41.52750015258789,162958400
2019-02-01,39.62147521972656,41.630001068115234,42.244998931884766,41.48249816894531,41.7400016784668,130672400
2019-02-04,40.74692153930664,42.8125,42.915000915527344,41.81999969482422,41.852500915527344,125982000
2019-02-05,41.4440803527832,43.54499816894531,43.77000045776367,43.087501525878906,43.21500015258789,144406400
2019-02-06,41.4583625793457,43.560001373291016,43.89250183105469,43.212501525878906,43.662498474121094,112958400
2019-02-07,40.67316818237305,42.73500061035156,43.48500061035156,42.584999084472656,43.099998474121094,126966800
2019-02-08,40.72095489501953,42.602500915527344,42.665000915527344,42.10499954223633,42.247501373291016,95280000
2019-02-11,40.48677444458008,42.35749816894531,42.8025016784668,42.3125,42.76250076293945,83973600
2019-02-12,40.835655212402344,42.72249984741211,42.75,42.42499923706055,42.525001525878906,89134000
2019-02-13,40.66600036621094,42.54499816894531,43.119998931884766,42.47999954223633,42.84749984741211,89960800
2019-02-14,40.81415557861328,42.70000076293945,42.814998626708984,42.345001220703125,42.4275016784668,87342800
2019-02-15,40.72334671020508,42.60499954223633,42.92499923706055,42.4375,42.8125,98507200
2019-02-19,40.845211029052734,42.73249816894531,42.86000061035156,42.372501373291016,42.4275016784668,75891200
2019-02-20,41.108070373535156,43.00749969482422,43.33000183105469,42.747501373291016,42.79750061035156,104457600
2019-02-21,40.87627410888672,42.76499938964844,43.092498779296875,42.57500076293945,42.95000076293945,68998800
2019-02-22,41.33269500732422,43.24250030517578,43.25,42.845001220703125,42.89500045776367,75652800
2019-02-25,41.63378143310547,43.557498931884766,43.967498779296875,43.48749923706055,43.540000915527344,87493600
2019-02-26,41.65768051147461,43.58250045776367,43.82500076293945,43.29249954223633,43.4275016784668,68280800
2019-02-27,41.78671646118164,43.717498779296875,43.75,43.182498931884766,43.3025016784668,111341600
2019-02-28,41.37569808959961,43.287498474121094,43.727500915527344,43.22999954223633,43.58000183105469,112861600
2019-03-01,41.810604095458984,43.74250030517578,43.787498474121094,43.22249984741211,43.56999969482422,103544800
2019-03-04,42.0208854675293,43.962501525878906,44.4375,43.49250030517578,43.92250061035156,109744800
2019-03-05,41.944427490234375,43.88249969482422,44.0,43.6349983215332,43.98500061035156,78949600
2019-03-06,41.70307540893555,43.630001068115234,43.872501373291016,43.48500061035156,43.66749954223633,83241600
2019-03-07,41.22039031982422,43.125,43.61000061035156,43.005001068115234,43.467498779296875,99185600
2019-03-08,41.318355560302734,43.227500915527344,43.26750183105469,42.375,42.58000183105469,95997600
2019-03-11,42.74972152709961,44.724998474121094,44.779998779296875,43.837501525878906,43.872501373291016,128044000
2019-03-12,43.230018615722656,45.227500915527344,45.66749954223633,44.842498779296875,45.0,129870400
2019-03-13,43.42118453979492,45.4275016784668,45.82500076293945,45.22999954223633,45.5625,124130000
2019-03-14,43.90388488769531,45.932498931884766,46.025001525878906,45.63999938964844,45.974998474121094,94318000
2019-03-15,44.47499084472656,46.529998779296875,46.83250045776367,45.935001373291016,46.212501525878906,156171600
2019-03-18,44.929012298583984,47.005001068115234,47.09749984741211,46.4474983215332,46.45000076293945,104879200
2019-03-19,44.57296371459961,46.63249969482422,47.247501373291016,46.47999954223633,47.087501525878906,126585600
2019-03-20,44.96247482299805,47.040000915527344,47.372501373291016,46.182498931884766,46.557498931884766,124140800
2019-03-21,46.61845397949219,48.772499084472656,49.08250045776367,47.45249938964844,47.505001068115234,204136800
2019-03-22,45.65306854248047,47.76250076293945,49.42250061035156,47.69499969482422,48.834999084472656,169630800
2019-03-25,45.101078033447266,47.185001373291016,47.994998931884766,46.650001525878906,47.877498626708984,175381200
2019-03-26,44.635093688964844,46.6974983215332,48.220001220703125,46.14500045776367,47.915000915527344,199202000
2019-03-27,45.03655242919922,47.11750030517578,47.439998626708984,46.63750076293945,47.1875,119393600
2019-03-28,45.09629440307617,47.18000030517578,47.38999938964844,46.88249969482422,47.23749923706055,83121600
2019-03-29,45.39021682739258,47.48749923706055,47.52000045776367,47.1349983215332,47.45750045776367,94256000
2019-04-01,45.69846725463867,47.810001373291016,47.91999816894531,47.095001220703125,47.90999984741211,111448000
2019-04-02,46.36277389526367,48.505001068115234,48.6150016784668,47.76250076293945,47.772499084472656,91062800
2019-04-03,46.68058776855469,48.837501525878906,49.125,48.287498474121094,48.3125,93087200
2019-04-04,46.7618293762207,48.92250061035156,49.092498779296875,48.28499984741211,48.6974983215332,76457200
2019-04-05,47.07487106323242,49.25,49.275001525878906,48.98249816894531,49.11249923706055,74106400
2019-04-08,47.815643310546875,50.025001525878906,50.057498931884766,49.084999084472656,49.10499954223633,103526800
2019-04-09,47.67226028442383,49.875,50.712501525878906,49.807498931884766,50.08000183105469,143072800
2019-04-10,47.93989944458008,50.154998779296875,50.185001373291016,49.54499816894531,49.66999816894531,86781200
2019-04-11,47.54084777832031,49.73749923706055,50.25,49.61000061035156,50.212501525878906,83603200
2019-04-12,47.5217170715332,49.717498779296875,50.03499984741211,49.0525016784668,49.79999923706055,111042800
2019-04-15,47.607749938964844,49.807498931884766,49.962501525878906,49.502498626708984,49.64500045776367,70146400
2019-04-16,47.61252975463867,49.8125,50.342498779296875,49.63999938964844,49.8650016784668,102785600
2019-04-17,48.53968811035156,50.782501220703125,50.845001220703125,49.65250015258789,49.8849983215332,115627200
2019-04-18,48.71412658691406,50.96500015258789,51.037498474121094,50.630001068115234,50.779998779296875,96783200
2019-04-22,48.874229431152344,51.13249969482422,51.23500061035156,50.584999084472656,50.70750045776367,77758000
2019-04-23,49.57914352416992,51.869998931884766,51.9375,50.974998474121094,51.10749816894531,93292000
2019-04-24,49.502689361572266,51.790000915527344,52.119998931884766,51.76250076293945,51.84000015258789,70162400
2019-04-25,49.05344009399414,51.31999969482422,51.939998626708984,51.279998779296875,51.70750045776367,74172800
2019-04-26,48.81926345825195,51.07500076293945,51.25,50.529998779296875,51.224998474121094,74596400
2019-04-29,48.893341064453125,51.15250015258789,51.49250030517578,50.96500015258789,51.099998474121094,88818800
2019-04-30,47.951839447021484,50.16749954223633,50.849998474121094,49.77750015258789,50.76499938964844,186139600
2019-05-01,50.30559539794922,52.630001068115234,53.82749938964844,52.307498931884766,52.470001220703125,259309200
2019-05-02,49.97822570800781,52.287498474121094,53.162498474121094,52.032501220703125,52.459999084472656,127985200
2019-05-03,50.59950637817383,52.9375,52.959999084472656,52.557498931884766,52.72249984741211,83569600
2019-05-06,49.818111419677734,52.119998931884766,52.209999084472656,50.875,51.0724983215332,129772400
2019-05-07,48.47516632080078,50.71500015258789,51.85499954223633,50.20750045776367,51.470001220703125,155054800
2019-05-08,48.484718322753906,50.724998474121094,51.334999084472656,50.4375,50.474998474121094,105358000
2019-05-09,47.96379852294922,50.18000030517578,50.41999816894531,49.165000915527344,50.099998474121094,139634400
2019-05-10,47.299320220947266,49.29499816894531,49.712501525878906,48.192501068115234,49.35499954223633,164834800
2019-05-13,44.550315856933594,46.43000030517578,47.369998931884766,45.712501525878906,46.9275016784668,229722400
2019-05-14,45.25556945800781,47.165000915527344,47.42499923706055,46.352500915527344,46.602500915527344,146118800
2019-05-15,45.79767990112305,47.72999954223633,47.9375,46.505001068115234,46.567501068115234,106178800
2019-05-16,45.59619140625,47.52000045776367,48.11750030517578,47.209999084472656,47.477500915527344,132125600
2019-05-17,45.33711624145508,47.25,47.724998474121094,46.689998626708984,46.73249816894531,131516400
2019-05-20,43.91943359375,45.772499084472656,46.087501525878906,45.06999969482422,45.880001068115234,154449200
2019-05-21,44.76141357421875,46.650001525878906,47.0,46.17499923706055,46.30500030517578,113459200
2019-05-22,43.84506607055664,45.69499969482422,46.4275016784668,45.63750076293945,46.165000915527344,118994400
2019-05-23,43.09665298461914,44.915000915527344,45.1349983215332,44.45249938964844,44.95000076293945,146118800
2019-05-24,42.931148529052734,44.74250030517578,45.53499984741211,44.654998779296875,45.04999923706055,94858800
2019-05-28,42.75362777709961,44.557498931884766,45.147499084472656,44.477500915527344,44.72999954223633,111792800
2019-05-29,42.54972839355469,44.345001220703125,44.837501525878906,44.0,44.10499954223633,113924800
2019-05-30,42.77042007446289,44.57500076293945,44.807498931884766,44.16749954223633,44.48749923706055,84873600
2019-05-31,41.9956169128418,43.76750183105469,44.497501373291016,43.747501373291016,44.057498931884766,108174400
2019-06-03,41.57101821899414,43.32500076293945,44.47999954223633,42.567501068115234,43.900001525878906,161584400
2019-06-04,43.09185791015625,44.90999984741211,44.95750045776367,43.630001068115234,43.86000061035156,123872000
2019-06-05,43.787498474121094,45.6349983215332,46.247501373291016,45.28499984741211,46.06999969482422,119093600
2019-06-06,44.43037796020508,46.30500030517578,46.36750030517578,45.537498474121094,45.77000045776367,90105200
2019-06-07,45.61297607421875,47.537498474121094,47.97999954223633,46.442501068115234,46.627498626708984,122737600
2019-06-10,46.19589614868164,48.14500045776367,48.842498779296875,47.904998779296875,47.95249938964844,104883600
2019-06-11,46.7308235168457,48.70249938964844,49.0,48.400001525878906,48.71500015258789,107731600
2019-06-12,46.582096099853516,48.54750061035156,48.99250030517578,48.34749984741211,48.48749923706055,73012800
2019-06-13,46.572486877441406,48.537498474121094,49.1974983215332,48.400001525878906,48.67499923706055,86698400
2019-06-14,46.23426055908203,48.185001373291016,48.397499084472656,47.57500076293945,47.88750076293945,75046000
2019-06-17,46.5101203918457,48.47249984741211,48.7400016784668,48.04249954223633,48.224998474121094,58676400
2019-06-18,47.603981018066406,49.61249923706055,50.0724983215332,48.8025016784668,49.01250076293945,106204000
2019-06-19,47.46483612060547,49.467498779296875,49.970001220703125,49.32749938964844,49.91999816894531,84496800
2019-06-20,47.84625244140625,49.8650016784668,50.15250015258789,49.50749969482422,50.092498779296875,86056000
2019-06-21,47.683135986328125,49.69499969482422,50.212501525878906,49.537498474121094,49.70000076293945,191202400
2019-06-24,47.63515853881836,49.64500045776367,50.040000915527344,49.54249954223633,49.6349983215332,72881600
2019-06-25,46.913124084472656,48.89250183105469,49.814998626708984,48.8224983215332,49.60749816894531,84281200
2019-06-26,47.92782211303711,49.95000076293945,50.247501373291016,49.337501525878906,49.442501068115234,104270000
2019-06-27,47.913429260253906,49.935001373291016,50.39250183105469,49.89250183105469,50.0724983215332,83598800
2019-06-28,47.476837158203125,49.47999954223633,49.875,49.26250076293945,49.66999816894531,124442400
2019-07-01,48.34760665893555,50.38750076293945,51.122501373291016,50.162498474121094,50.79249954223633,109012000
2019-07-02,48.63065719604492,50.682498931884766,50.782501220703125,50.34000015258789,50.352500915527344,67740800
2019-07-03,49.03364944458008,51.102500915527344,51.11000061035156,50.67250061035156,50.81999969482422,45448000
2019-07-05,48.99048614501953,51.057498931884766,51.27000045776367,50.724998474121094,50.837501525878906,69062000
2019-07-08,47.980594635009766,50.005001068115234,50.349998474121094,49.602500915527344,50.20249938964844,101354400
2019-07-09,48.273250579833984,50.310001373291016,50.377498626708984,49.70249938964844,49.79999923706055,82312000
2019-07-10,48.75060272216797,50.807498931884766,50.932498931884766,50.38999938964844,50.462501525878906,71588400
2019-07-11,48.395572662353516,50.4375,51.09749984741211,50.4275016784668,50.82749938964844,80767200
2019-07-12,48.767391204833984,50.82500076293945,51.0,50.54999923706055,50.61249923706055,70380800
2019-07-15,49.225555419921875,51.3025016784668,51.467498779296875,51.0,51.022499084472656,67789600
2019-07-16,49.05524444580078,51.125,51.52750015258789,50.875,51.147499084472656,67467200
2019-07-17,48.77938461303711,50.837501525878906,51.272499084472656,50.817501068115234,51.01250076293945,56430000
2019-07-18,49.3335075378418,51.415000915527344,51.470001220703125,50.92499923706055,51.0,74162400
2019-07-19,48.59707260131836,50.647499084472656,51.625,50.59000015258789,51.4474983215332,83717200
2019-07-22,49.70771026611328,51.80500030517578,51.807498931884766,50.90250015258789,50.912498474121094,89111600
2019-07-23,50.096309661865234,52.209999084472656,52.227500915527344,51.8224983215332,52.1150016784668,73420800
2019-07-24,50.0555419921875,52.16749954223633,52.287498474121094,51.79249954223633,51.91749954223633,59966400
2019-07-25,49.65974044799805,51.755001068115234,52.310001373291016,51.682498931884766,52.22249984741211,55638400
2019-07-26,49.83245849609375,51.935001373291016,52.432498931884766,51.78499984741211,51.869998931884766,70475600
2019-07-29,50.297813415527344,52.41999816894531,52.65999984741211,52.11000061035156,52.1150016784668,86693600
2019-07-30,50.08192825317383,52.19499969482422,52.540000915527344,51.82749938964844,52.189998626708984,135742800
2019-07-31,51.10380935668945,53.2599983215332,55.342498779296875,52.82500076293945,54.10499954223633,277125600
2019-08-01,49.99797439575195,52.10749816894531,54.50749969482422,51.685001373291016,53.474998474121094,216071600
2019-08-02,48.94010925292969,51.005001068115234,51.60749816894531,50.407501220703125,51.38249969482422,163448400
2019-08-05,46.378196716308594,48.334999084472656,49.662498474121094,48.14500045776367,49.497501373291016,209572000
2019-08-06,47.25615692138672,49.25,49.51750183105469,48.5099983215332,49.07749938964844,143299200
2019-08-07,47.74549865722656,49.7599983215332,49.88999938964844,48.45500183105469,48.852500915527344,133457600
2019-08-08,48.79857635498047,50.85749816894531,50.88249969482422,49.84749984741211,50.04999923706055,108038000
2019-08-09,48.396461486816406,50.247501373291016,50.689998626708984,49.8224983215332,50.32500076293945,98478800
2019-08-12,48.273643493652344,50.119998931884766,50.51250076293945,49.787498474121094,49.904998779296875,89927600
2019-08-13,50.31795883178711,52.24250030517578,53.03499984741211,50.119998931884766,50.255001068115234,188874000
2019-08-14,48.82025146484375,50.6875,51.61000061035156,50.647499084472656,50.790000915527344,146189600
2019-08-15,48.57705307006836,50.435001373291016,51.28499984741211,49.91749954223633,50.8650016784668,108909600
2019-08-16,49.723209381103516,51.625,51.790000915527344,50.959999084472656,51.06999969482422,110481600
2019-08-19,50.65025329589844,52.587501525878906,53.182498931884766,52.50749969482422,52.654998779296875,97654400
2019-08-20,50.65266799926758,52.59000015258789,53.337501525878906,52.58000183105469,52.720001220703125,107537200
2019-08-21,51.20166015625,53.15999984741211,53.412498474121094,52.900001525878906,53.247501373291016,86141600
2019-08-22,51.158321380615234,53.1150016784668,53.61000061035156,52.6875,53.29750061035156,89014800
2019-08-23,48.79376220703125,50.65999984741211,53.01250076293945,50.25,52.35749816894531,187272000
2019-08-26,49.72080993652344,51.622501373291016,51.79750061035156,51.26499938964844,51.46500015258789,104174400
2019-08-27,49.159751892089844,51.040000915527344,52.13750076293945,50.88249969482422,51.96500015258789,103493200
2019-08-28,49.48963928222656,51.38249969482422,51.43000030517578,50.83000183105469,51.025001525878906,63755200
2019-08-29,50.32758331298828,52.252498626708984,52.33000183105469,51.665000915527344,52.125,83962000
2019-08-30,50.2625732421875,52.185001373291016,52.61249923706055,51.79999923706055,52.540000915527344,84573600
2019-09-03,49.53057861328125,51.42499923706055,51.744998931884766,51.05500030517578,51.60749816894531,80092000
2019-09-04,50.370933532714844,52.29750061035156,52.369998931884766,51.83000183105469,52.09749984741211,76752400
2019-09-05,51.355770111083984,53.31999969482422,53.49250030517578,52.877498626708984,53.0,95654800
2019-09-06,51.3509521484375,53.314998626708984,53.60499954223633,53.127498626708984,53.51250076293945,77449200
2019-09-09,51.570072174072266,53.54249954223633,54.11000061035156,52.76750183105469,53.709999084472656,109237600
2019-09-10,52.179264068603516,54.17499923706055,54.19499969482422,52.9275016784668,53.46500015258789,127111600
2019-09-11,53.83831787109375,55.897499084472656,55.9275016784668,54.432498931884766,54.51750183105469,177158400
2019-09-12,53.71792221069336,55.772499084472656,56.60499954223633,55.71500015258789,56.20000076293945,128906800
2019-09-13,52.672889709472656,54.6875,55.1974983215332,54.255001068115234,55.0,159053200
2019-09-16,52.949806213378906,54.974998474121094,55.032501220703125,54.38999938964844,54.432498931884766,84632400
2019-09-17,53.142433166503906,55.17499923706055,55.20500183105469,54.779998779296875,54.9900016784668,73274800
2019-09-18,53.64087677001953,55.692501068115234,55.712501525878906,54.86000061035156,55.26499938964844,101360000
2019-09-19,53.20504379272461,55.2400016784668,55.939998626708984,55.092498779296875,55.502498626708984,88242400
2019-09-20,52.427284240722656,54.432498931884766,55.63999938964844,54.36750030517578,55.345001220703125,221652400
2019-09-23,52.66567611694336,54.68000030517578,54.959999084472656,54.412498474121094,54.73749923706055,76662000
2019-09-24,52.41524124145508,54.41999816894531,55.622501373291016,54.29750061035156,55.25749969482422,124763200
2019-09-25,53.22189712524414,55.25749969482422,55.375,54.28499984741211,54.63750076293945,87613600
2019-09-26,52.947391510009766,54.97249984741211,55.23500061035156,54.70750045776367,55.0,75334000
2019-09-27,52.689754486083984,54.70500183105469,55.2400016784668,54.31999969482422,55.1349983215332,101408000
2019-09-30,53.929813385009766,55.99250030517578,56.14500045776367,55.1974983215332,55.224998474121094,103909600
2019-10-01,54.0791015625,56.147499084472656,57.05500030517578,56.04999923706055,56.26750183105469,139223200
2019-10-02,52.72345733642578,54.7400016784668,55.89500045776367,54.48249816894531,55.76499938964844,138449200
2019-10-03,53.171329498291016,55.20500183105469,55.2400016784668,53.782501220703125,54.60749816894531,114426000
2019-10-04,54.66181945800781,56.752498626708984,56.872501373291016,55.97249984741211,56.40999984741211,138478800
2019-10-07,54.67386245727539,56.76499938964844,57.48249816894531,56.459999084472656,56.567501068115234,122306000
2019-10-08,54.033363342285156,56.099998474121094,57.01499938964844,56.08250045776367,56.45500183105469,111820000
2019-10-09,54.66663360595703,56.75749969482422,56.9474983215332,56.40999984741211,56.75749969482422,74770400
2019-10-10,55.40346145629883,57.522499084472656,57.61000061035156,56.82500076293945,56.98249816894531,113013600
2019-10-11,56.877098083496094,59.0525016784668,59.40999984741211,58.07749938964844,58.23749923706055,166795600
2019-10-14,56.795223236083984,58.967498779296875,59.532501220703125,58.66749954223633,58.724998474121094,96427600
2019-10-15,56.66279220581055,58.83000183105469,59.412498474121094,58.720001220703125,59.09749984741211,87360000
2019-10-16,56.43403244018555,58.592498779296875,58.810001373291016,58.29999923706055,58.342498779296875,73903200
2019-10-17,56.65315628051758,58.81999969482422,59.037498474121094,58.380001068115234,58.772499084472656,67585200
2019-10-18,56.925254821777344,59.102500915527344,59.39500045776367,58.5724983215332,58.647499084472656,97433600
2019-10-21,57.912498474121094,60.127498626708984,60.247501373291016,59.33000183105469,59.380001068115234,87247200
2019-10-22,57.78005599975586,59.9900016784668,60.54999923706055,59.904998779296875,60.290000915527344,82293600
2019-10-23,58.5554084777832,60.79499816894531,60.810001373291016,60.30500030517578,60.525001525878906,75828800
2019-10-24,58.651710510253906,60.89500045776367,61.20000076293945,60.45249938964844,61.127498626708984,69275200
2019-10-25,59.374088287353516,61.64500045776367,61.682498931884766,60.720001220703125,60.790000915527344,73477200
2019-10-28,59.968833923339844,62.26250076293945,62.3125,61.68000030517578,61.85499954223633,96572800
2019-10-29,58.581886291503906,60.8224983215332,62.4375,60.64250183105469,62.24250030517578,142839600
2019-10-30,58.57467269897461,60.814998626708984,61.32500076293945,60.3025016784668,61.189998626708984,124522000
2019-10-31,59.89899444580078,62.189998626708984,62.29249954223633,59.314998626708984,61.810001373291016,139162000
2019-11-01,61.59898376464844,63.95500183105469,63.98249816894531,62.290000915527344,62.3849983215332,151125200
2019-11-04,62.00352096557617,64.375,64.4625015258789,63.845001220703125,64.3324966430664,103272000
2019-11-05,61.914424896240234,64.28250122070312,64.54750061035156,64.08000183105469,64.26249694824219,79897600
2019-11-06,61.94089889526367,64.30999755859375,64.37249755859375,63.842498779296875,64.19249725341797,75864400
2019-11-07,62.655784606933594,64.85749816894531,65.0875015258789,64.52749633789062,64.68499755859375,94940400
2019-11-08,62.8272705078125,65.03500366210938,65.11000061035156,64.2125015258789,64.67250061035156,69986400
2019-11-11,63.324790954589844,65.55000305175781,65.61750030517578,64.56999969482422,64.57499694824219,81821200
2019-11-12,63.266815185546875,65.48999786376953,65.69750213623047,65.2300033569336,65.38749694824219,87388800
2019-11-13,63.873016357421875,66.11750030517578,66.19499969482422,65.26750183105469,65.28250122070312,102734400
2019-11-14,63.431060791015625,65.66000366210938,66.22000122070312,65.5250015258789,65.9375,89182800
2019-11-15,64.18457794189453,66.44000244140625,66.44499969482422,65.75250244140625,65.91999816894531,100206400
2019-11-18,64.50818634033203,66.7750015258789,66.85749816894531,66.05750274658203,66.44999694824219,86703200
2019-11-19,64.31257629394531,66.57250213623047,67.0,66.34750366210938,66.9749984741211,76167200
2019-11-20,63.56388473510742,65.79750061035156,66.5199966430664,65.0999984741211,66.38500213623047,106234400
2019-11-21,63.278900146484375,65.50250244140625,66.00250244140625,65.29499816894531,65.92250061035156,121395200
2019-11-22,63.22333908081055,65.44499969482422,65.79499816894531,65.20999908447266,65.64749908447266,65325200
2019-11-25,64.33189392089844,66.59249877929688,66.61000061035156,65.62999725341797,65.67749786376953,84020400
2019-11-26,63.82954788208008,66.07250213623047,66.79000091552734,65.625,66.73500061035156,105207600
2019-11-27,64.6869125366211,66.95999908447266,66.99500274658203,66.32749938964844,66.3949966430664,65235600
2019-11-29,64.54443359375,66.8125,67.0,66.4749984741211,66.6500015258789,46617600
2019-12-02,63.79813003540039,66.04000091552734,67.0625,65.86250305175781,66.81749725341797,94487200
2019-12-03,62.66062545776367,64.86250305175781,64.88249969482422,64.07250213623047,64.57749938964844,114430400
2019-12-04,63.213680267333984,65.43499755859375,65.82749938964844,65.16999816894531,65.26750183105469,67181600
2019-12-05,64.1410903930664,66.3949966430664,66.47250366210938,65.68250274658203,65.94750213623047,74424400
2019-12-06,65.38005828857422,67.67749786376953,67.75,66.82499694824219,66.87000274658203,106075600
2019-12-09,64.4647216796875,66.7300033569336,67.69999694824219,66.22750091552734,67.5,128042400
2019-12-10,64.84149932861328,67.12000274658203,67.51750183105469,66.46499633789062,67.1500015258789,90420400
2019-12-11,65.39456939697266,67.69249725341797,67.7750015258789,67.125,67.20249938964844,78756800
2019-12-12,65.56118774414062,67.86499786376953,68.13999938964844,66.83000183105469,66.94499969482422,137310400
2019-12-13,66.45238494873047,68.7874984741211,68.82499694824219,67.73249816894531,67.86499786376953,133587600
2019-12-16,67.58988952636719,69.96499633789062,70.19750213623047,69.24500274658203,69.25,128186000
2019-12-17,67.7227554321289,70.10250091552734,70.44249725341797,69.69999694824219,69.89250183105469,114158400
2019-12-18,67.56092071533203,69.93499755859375,70.4749984741211,69.77999877929688,69.94999694824219,116028400
2019-12-19,67.6285400390625,70.00499725341797,70.29499816894531,69.73750305175781,69.875,98369200
2019-12-20,67.48847961425781,69.86000061035156,70.6624984741211,69.63999938964844,70.55750274658203,275978000
2019-12-23,68.58978271484375,71.0,71.0625,70.09249877929688,70.13249969482422,98572000
2019-12-24,68.65498352050781,71.06749725341797,71.22250366210938,70.7300033569336,71.17250061035156,48478800
2019-12-26,70.01712799072266,72.47750091552734,72.49500274658203,71.17500305175781,71.20500183105469,93121200
2019-12-27,69.99054718017578,72.44999694824219,73.49250030517578,72.02999877929688,72.77999877929688,146266000
2019-12-30,70.40596008300781,72.87999725341797,73.17250061035156,71.30500030517578,72.36499786376953,144114400
2019-12-31,70.9203872680664,73.4124984741211,73.41999816894531,72.37999725341797,72.48249816894531,100805600
2020-01-02,72.53852844238281,75.0875015258789,75.1500015258789,73.79750061035156,74.05999755859375,135480400
2020-01-03,71.83329010009766,74.35749816894531,75.1449966430664,74.125,74.2874984741211,146322800
2020-01-06,72.40567016601562,74.94999694824219,74.98999786376953,73.1875,73.44750213623047,118387200
2020-01-07,72.06515502929688,74.59750366210938,75.2249984741211,74.37000274658203,74.95999908447266,108872000
2020-01-08,73.22441101074219,75.79750061035156,76.11000061035156,74.29000091552734,74.29000091552734,132079200
2020-01-09,74.7797622680664,77.40750122070312,77.60749816894531,76.55000305175781,76.80999755859375,170108400
2020-01-10,74.94881439208984,77.5824966430664,78.1675033569336,77.0625,77.6500015258789,140644800
2020-01-13,76.550048828125,79.23999786376953,79.26750183105469,77.7874984741211,77.91000366210938,121532000
2020-01-14,75.51637268066406,78.16999816894531,79.39250183105469,78.0425033569336,79.17500305175781,161954400
2020-01-15,75.1927490234375,77.83499908447266,78.875,77.38749694824219,77.9625015258789,121923600
2020-01-16,76.1346435546875,78.80999755859375,78.92500305175781,78.02249908447266,78.39749908447266,108829200
2020-01-17,76.9775390625,79.68250274658203,79.68499755859375,78.75,79.06749725341797,137816400
2020-01-21,76.45587158203125,79.14250183105469,79.75499725341797,79.0,79.29750061035156,110843200
2020-01-22,76.72876739501953,79.42500305175781,79.99749755859375,79.32749938964844,79.6449966430664,101832400
2020-01-23,77.09828186035156,79.80750274658203,79.88999938964844,78.9124984741211,79.4800033569336,104472000
2020-01-24,76.8760986328125,79.57749938964844,80.8324966430664,79.37999725341797,80.0625,146537600
2020-01-27,74.61552429199219,77.23750305175781,77.94249725341797,76.22000122070312,77.51499938964844,161940000
2020-01-28,76.72636413574219,79.42250061035156,79.5999984741211,78.04750061035156,78.1500015258789,162234000
2020-01-29,78.33241271972656,81.08499908447266,81.9625015258789,80.34500122070312,81.11250305175781,216229200
2020-01-30,78.21890258789062,80.96749877929688,81.02249908447266,79.6875,80.13500213623047,126743200
2020-01-31,74.75077819824219,77.37750244140625,80.66999816894531,77.07250213623047,80.23249816894531,199588400
2020-02-03,74.54550170898438,77.16500091552734,78.37249755859375,75.55500030517578,76.07499694824219,173788400
2020-02-04,77.00648498535156,79.7125015258789,79.91000366210938,78.40750122070312,78.82749938964844,136616400
2020-02-05,77.63445281982422,80.36250305175781,81.19000244140625,79.73750305175781,80.87999725341797,118826800
2020-02-06,78.54251098632812,81.30249786376953,81.30500030517578,80.06500244140625,80.64250183105469,105425600
2020-02-07,77.47493743896484,80.00749969482422,80.8499984741211,79.5,80.59249877929688,117684000
2020-02-10,77.8428955078125,80.38749694824219,80.38749694824219,78.4625015258789,78.54499816894531,109348800
2020-02-11,77.37324523925781,79.90249633789062,80.9749984741211,79.67749786376953,80.9000015258789,94323200
2020-02-12,79.21067810058594,81.80000305175781,81.80500030517578,80.36750030517578,80.36750030517578,113730400
2020-02-13,78.64662170410156,81.21749877929688,81.55500030517578,80.8375015258789,81.04750061035156,94747600
2020-02-14,78.66600799560547,81.23750305175781,81.49500274658203,80.7125015258789,81.18499755859375,80113600
2020-02-18,77.22557067871094,79.75,79.9375,78.65249633789062,78.83999633789062,152531200
2020-02-19,78.34402465820312,80.90499877929688,81.14250183105469,80.0,80.0,93984000
2020-02-20,77.54029846191406,80.07499694824219,81.1624984741211,79.55249786376953,80.65750122070312,100566000
2020-02-21,75.78517150878906,78.26249694824219,80.11250305175781,77.625,79.65499877929688,129554000
2020-02-24,72.18533325195312,74.54499816894531,76.04499816894531,72.30750274658203,74.31500244140625,222195200
2020-02-25,69.7402572631836,72.0199966430664,75.63249969482422,71.53250122070312,75.23750305175781,230673600
2020-02-26,70.8465805053711,73.1624984741211,74.47000122070312,71.625,71.63249969482422,198054800
2020-02-27,66.21548461914062,68.37999725341797,71.5,68.23999786376953,70.2750015258789,320605600
2020-02-28,66.1767578125,68.33999633789062,69.60250091552734,64.09249877929688,64.31500244140625,426510000
2020-03-02,72.33784484863281,74.70249938964844,75.36000061035156,69.43000030517578,70.56999969482422,341397200
2020-03-03,70.04045104980469,72.33000183105469,76.0,71.44999694824219,75.9175033569336,319475600
2020-03-04,73.28926086425781,75.68499755859375,75.8499984741211,73.28250122070312,74.11000061035156,219178400
2020-03-05,70.9119644165039,73.2300033569336,74.88749694824219,72.85250091552734,73.87999725341797,187572800
2020-03-06,69.9702377319336,72.25749969482422,72.70500183105469,70.30750274658203,70.5,226176800
2020-03-09,64.43616485595703,66.5425033569336,69.52249908447266,65.75,65.9375,286744800
2020-03-10,69.07696533203125,71.33499908447266,71.61000061035156,67.34249877929688,69.28500366210938,285290000
2020-03-11,66.67786407470703,68.85749816894531,70.30500030517578,67.96499633789062,69.34750366210938,255598800
2020-03-12,60.09312057495117,62.057498931884766,67.5,62.0,63.98500061035156,418474000
2020-03-13,67.29276275634766,69.49250030517578,69.9800033569336,63.23749923706055,66.22250366210938,370732000
2020-03-16,58.635765075683594,60.5525016784668,64.7699966430664,60.0,60.48749923706055,322423600
2020-03-17,61.21398162841797,63.21500015258789,64.40249633789062,59.599998474121094,61.877498626708984,324056000
2020-03-18,59.71546173095703,61.66749954223633,62.5,59.279998779296875,59.942501068115234,300233600
2020-03-19,59.25791931152344,61.19499969482422,63.209999084472656,60.65250015258789,61.84749984741211,271857200
2020-03-20,55.49590301513672,57.310001373291016,62.95750045776367,57.0,61.79499816894531,401693200
2020-03-23,54.31694030761719,56.092498779296875,57.125,53.15250015258789,57.02000045776367,336752800
2020-03-24,59.76630783081055,61.720001220703125,61.92250061035156,58.57500076293945,59.09000015258789,287531200
2020-03-25,59.43707275390625,61.380001068115234,64.5625,61.07500076293945,62.6875,303602000
2020-03-26,62.56482696533203,64.61000061035156,64.66999816894531,61.59000015258789,61.630001068115234,252087200
2020-03-27,59.974491119384766,61.935001373291016,63.967498779296875,61.76250076293945,63.1875,204216800
2020-03-30,61.68605422973633,63.70249938964844,63.880001068115234,62.349998474121094,62.685001373291016,167976400
2020-03-31,61.5601806640625,63.5724983215332,65.62249755859375,63.0,63.900001525878906,197002000
2020-04-01,58.3210563659668,60.227500915527344,62.18000030517578,59.782501220703125,61.625,176218400
2020-04-02,59.29423141479492,61.23249816894531,61.287498474121094,59.224998474121094,60.084999084472656,165934000
2020-04-03,58.44209289550781,60.352500915527344,61.42499923706055,59.74250030517578,60.70000076293945,129880000
2020-04-06,63.540443420410156,65.61750030517578,65.77749633789062,62.345001220703125,62.724998474121094,201820400
2020-04-07,62.80448913574219,64.85749816894531,67.92500305175781,64.75,67.69999694824219,202887200
2020-04-08,64.41193389892578,66.51750183105469,66.84249877929688,65.30750274658203,65.68499755859375,168895200
2020-04-09,64.87674713134766,66.99749755859375,67.51750183105469,66.17500305175781,67.17500305175781,161834800
2020-04-13,66.15013122558594,68.3125,68.42500305175781,66.4574966430664,67.07749938964844,131022800
2020-04-14,69.49092102050781,71.76249694824219,72.0625,69.51249694824219,70.0,194994800
2020-04-15,68.8566665649414,71.10749816894531,71.5824966430664,70.15750122070312,70.5999984741211,131154400
2020-04-16,69.40377044677734,71.67250061035156,72.05000305175781,70.5875015258789,71.84500122070312,157125200
2020-04-17,68.4620361328125,70.69999694824219,71.73750305175781,69.21499633789062,71.17250061035156,215250000
2020-04-20,67.04100036621094,69.23249816894531,70.41999816894531,69.2125015258789,69.48750305175781,130015200
2020-04-21,64.96875,67.09249877929688,69.3125,66.35749816894531,69.06999969482422,180991600
2020-04-22,66.84007263183594,69.0250015258789,69.4749984741211,68.05000305175781,68.40249633789062,116862400
2020-04-23,66.58104705810547,68.75749969482422,70.4375,68.71749877929688,68.96749877929688,124814400
2020-04-24,68.50321197509766,70.74250030517578,70.75250244140625,69.25,69.30000305175781,126161200
2020-04-27,68.5516357421875,70.7925033569336,71.13500213623047,69.98750305175781,70.44999694824219,117087600
2020-04-28,67.44043731689453,69.6449966430664,71.4574966430664,69.55000305175781,71.2699966430664,112004800
2020-04-29,69.65553283691406,71.93250274658203,72.4175033569336,70.97250366210938,71.18250274658203,137280800
2020-04-30,71.12499237060547,73.44999694824219,73.63249969482422,72.0875015258789,72.48999786376953,183064000
2020-05-01,69.97993469238281,72.26750183105469,74.75,71.4625015258789,71.5625,240616800
2020-05-04,70.97006225585938,73.29000091552734,73.42250061035156,71.58000183105469,72.2925033569336,133568000
2020-05-05,72.0352554321289,74.38999938964844,75.25,73.61499786376953,73.76499938964844,147751200
2020-05-06,72.7784423828125,75.15750122070312,75.80999755859375,74.71749877929688,75.11499786376953,142333600
2020-05-07,73.53133392333984,75.93499755859375,76.2925033569336,75.49250030517578,75.80500030517578,115215200
2020-05-08,75.281494140625,77.53250122070312,77.5875015258789,76.07250213623047,76.41000366210938,133838400
2020-05-11,76.4660873413086,78.75250244140625,79.26249694824219,76.80999755859375,77.0250015258789,145946400
2020-05-12,75.59223175048828,77.85250091552734,79.92250061035156,77.72750091552734,79.4574966430664,162301200
2020-05-13,74.67950439453125,76.9124984741211,78.98750305175781,75.80249786376953,78.0374984741211,200622400
2020-05-14,75.13829803466797,77.38500213623047,77.44750213623047,75.38249969482422,76.12750244140625,158929200
2020-05-15,74.6940689086914,76.92749786376953,76.9749984741211,75.05249786376953,75.0875015258789,166348400
2020-05-18,76.45393371582031,78.73999786376953,79.125,77.58000183105469,78.2925033569336,135178400
2020-05-19,76.01215362548828,78.28500366210938,79.62999725341797,78.25250244140625,78.75749969482422,101729600
2020-05-20,77.49046325683594,79.80750274658203,79.87999725341797,79.12999725341797,79.16999816894531,111504800
2020-05-21,76.91272735595703,79.2125015258789,80.22250366210938,78.96749877929688,79.66500091552734,102688800
2020-05-22,77.4079360961914,79.72250366210938,79.80750274658203,78.8375015258789,78.94249725341797,81803200
2020-05-26,76.88360595703125,79.18250274658203,81.05999755859375,79.125,80.875,125522000
2020-05-27,77.21858978271484,79.52749633789062,79.67749786376953,78.27249908447266,79.03500366210938,112945200
2020-05-28,77.25257110595703,79.5625,80.86000061035156,78.90750122070312,79.19249725341797,133560800
2020-05-29,77.17732238769531,79.48500061035156,80.2874984741211,79.11750030517578,79.8125,153532400
2020-06-01,78.12643432617188,80.4625015258789,80.5875015258789,79.30249786376953,79.4375,80791200
2020-06-02,78.48814392089844,80.83499908447266,80.86000061035156,79.73249816894531,80.1875,87642800
2020-06-03,78.92018127441406,81.27999877929688,81.55000305175781,80.57499694824219,81.16500091552734,104491200
2020-06-04,78.24053955078125,80.58000183105469,81.40499877929688,80.19499969482422,81.09750366210938,87560400
2020-06-05,80.46891021728516,82.875,82.9375,80.80750274658203,80.8375015258789,137250400
2020-06-08,80.94467163085938,83.36499786376953,83.4000015258789,81.83000183105469,82.5625,95654400
2020-06-09,83.5007553100586,85.99749755859375,86.40249633789062,83.00250244140625,83.03500366210938,147712400
2020-06-10,85.64900970458984,88.20999908447266,88.69249725341797,86.52249908447266,86.9749984741211,166651600
2020-06-11,81.53695678710938,83.9749984741211,87.76499938964844,83.87000274658203,87.32749938964844,201662400
2020-06-12,82.24092102050781,84.69999694824219,86.94999694824219,83.55500030517578,86.18000030517578,200146000
2020-06-15,83.25800323486328,85.74749755859375,86.41999816894531,83.1449966430664,83.3125,138808800
2020-06-16,85.46451568603516,88.0199966430664,88.30000305175781,86.18000030517578,87.86499786376953,165428800
2020-06-17,85.3455581665039,87.89749908447266,88.8499984741211,87.77249908447266,88.7874984741211,114406400
2020-06-18,85.37959289550781,87.93250274658203,88.36250305175781,87.30500030517578,87.85250091552734,96820400
2020-06-19,84.89163970947266,87.43000030517578,89.13999938964844,86.2874984741211,88.66000366210938,264476000
2020-06-22,87.11274719238281,89.71749877929688,89.86499786376953,87.7874984741211,87.83499908447266,135445200
2020-06-23,88.97212219238281,91.63249969482422,93.09500122070312,90.56749725341797,91.0,212155600
2020-06-24,87.401611328125,90.01499938964844,92.19750213623047,89.62999725341797,91.25,192623200
2020-06-25,88.5619125366211,91.20999908447266,91.25,89.39250183105469,90.17500305175781,137522400
2020-06-26,85.84077453613281,88.40750122070312,91.33000183105469,88.25499725341797,91.10250091552734,205256800
2020-06-29,87.81912231445312,90.44499969482422,90.5425033569336,87.81999969482422,88.3125,130646000
2020-06-30,88.55220031738281,91.19999694824219,91.49500274658203,90.0,90.0199966430664,140223200
2020-07-01,88.38470458984375,91.02749633789062,91.83999633789062,90.97750091552734,91.27999877929688,110737200
2020-07-02,88.38470458984375,91.02749633789062,92.61750030517578,90.91000366210938,91.9625015258789,114041600
2020-07-06,90.7490234375,93.4625015258789,93.94499969482422,92.46749877929688,92.5,118655600
2020-07-07,90.46744537353516,93.17250061035156,94.65499877929688,93.05750274658203,93.85250091552734,112424400
2020-07-08,92.5744400024414,95.34249877929688,95.375,94.08999633789062,94.18000030517578,117092000
2020-07-09,92.97251892089844,95.75250244140625,96.31749725341797,94.67250061035156,96.26249694824219,125642800
2020-07-10,93.1351547241211,95.91999816894531,95.9800033569336,94.70500183105469,95.33499908447266,90257200
2020-07-13,92.70552062988281,95.47750091552734,99.95500183105469,95.25749969482422,97.26499938964844,191649200
2020-07-14,94.23963928222656,97.05750274658203,97.25499725341797,93.87750244140625,94.83999633789062,170989200
2020-07-15,94.88777160644531,97.7249984741211,99.24749755859375,96.48999786376953,98.98999786376953,153198000
2020-07-16,93.72016143798828,96.52249908447266,97.40499877929688,95.90499877929688,96.5625,110577600
2020-07-17,93.53083038330078,96.32749938964844,97.14749908447266,95.83999633789062,96.98750305175781,92186800
2020-07-20,95.50188446044922,98.35749816894531,98.5,96.0625,96.4175033569336,90318000
2020-07-21,94.18383026123047,97.0,99.25,96.74250030517578,99.17250061035156,103433200
2020-07-22,94.44839477539062,97.27249908447266,97.9749984741211,96.60250091552734,96.69249725341797,89001600
2020-07-23,90.14944458007812,92.84500122070312,97.07749938964844,92.01000213623047,96.99749755859375,197004400
2020-07-24,89.9261245727539,92.61499786376953,92.97000122070312,89.1449966430664,90.98750305175781,185438800
2020-07-27,92.05738830566406,94.80999755859375,94.90499877929688,93.4800033569336,93.70999908447266,121214000
2020-07-28,90.54511260986328,93.25250244140625,94.55000305175781,93.24749755859375,94.36750030517578,103625600
2020-07-29,92.28071594238281,95.04000091552734,95.2300033569336,93.7125015258789,93.75,90329200
2020-07-30,93.39732360839844,96.19000244140625,96.29750061035156,93.76750183105469,94.1875,158130000
2020-07-31,103.17498016357422,106.26000213623047,106.41500091552734,100.82499694824219,102.88500213623047,374336800
2020-08-03,105.77472686767578,108.9375,111.63749694824219,107.89250183105469,108.19999694824219,308151200
2020-08-04,106.48110961914062,109.66500091552734,110.79000091552734,108.38749694824219,109.13249969482422,173071600
2020-08-05,106.86707305908203,110.0625,110.39250183105469,108.89749908447266,109.37750244140625,121776800
2020-08-06,110.59557342529297,113.90249633789062,114.4124984741211,109.79750061035156,110.40499877929688,202428800
2020-08-07,108.08110809326172,111.11250305175781,113.67500305175781,110.2925033569336,113.20500183105469,198045600
2020-08-10,109.65205383300781,112.72750091552734,113.7750015258789,110.0,112.5999984741211,212403600
2020-08-11,106.39099884033203,109.375,112.48249816894531,109.10749816894531,111.97000122070312,187902400
2020-08-12,109.92682647705078,113.01000213623047,113.2750015258789,110.29750061035156,110.49749755859375,165598000
2020-08-13,111.87227630615234,115.01000213623047,116.0425033569336,113.92749786376953,114.43000030517578,210082000
2020-08-14,111.77259063720703,114.90750122070312,115.0,113.04499816894531,114.83000183105469,165565200
2020-08-17,111.4807357788086,114.60749816894531,116.0875015258789,113.9625015258789,116.0625,119561600
2020-08-18,112.40968322753906,115.5625,116.0,114.00749969482422,114.35250091552734,105633600
2020-08-19,112.55076599121094,115.7074966430664,117.1624984741211,115.61000061035156,115.98249816894531,145538000
2020-08-20,115.04821014404297,118.2750015258789,118.39250183105469,115.73249816894531,115.75,126907200
2020-08-21,120.9769287109375,124.37000274658203,124.86750030517578,119.25,119.26249694824219,338054800
2020-08-24,122.4238052368164,125.85749816894531,128.78500366210938,123.9375,128.69749450683594,345937600
2020-08-25,121.41949462890625,124.82499694824219,125.18000030517578,123.05249786376953,124.69750213623047,211495600
2020-08-26,123.07069396972656,126.52249908447266,126.99250030517578,125.0824966430664,126.18000030517578,163022400
2020-08-27,121.5994644165039,125.01000213623047,127.48500061035156,123.8324966430664,127.14250183105469,155552400
2020-08-28,121.40248107910156,124.80750274658203,126.44249725341797,124.57749938964844,126.01249694824219,187630000
2020-08-31,125.51948547363281,129.0399932861328,131.0,126.0,127.58000183105469,225702700
2020-09-01,130.51925659179688,134.17999267578125,134.8000030517578,130.52999877929688,132.75999450683594,151948100
2020-09-02,127.81507110595703,131.39999389648438,137.97999572753906,127.0,137.58999633789062,200119000
2020-09-03,117.58212280273438,120.87999725341797,128.83999633789062,120.5,126.91000366210938,257599600
2020-09-04,117.65995025634766,120.95999908447266,123.69999694824219,110.88999938964844,120.06999969482422,332607200
2020-09-08,109.74201965332031,112.81999969482422,118.98999786376953,112.68000030517578,113.94999694824219,231366600
2020-09-09,114.11924743652344,117.31999969482422,119.13999938964844,115.26000213623047,117.26000213623047,176940500
2020-09-10,110.39374542236328,113.48999786376953,120.5,112.5,120.36000061035156,182274400
2020-09-11,108.94436645507812,112.0,115.2300033569336,110.0,114.56999969482422,180860300
2020-09-14,112.21272277832031,115.36000061035156,115.93000030517578,112.80000305175781,114.72000122070312,140150100
2020-09-15,112.38782501220703,115.54000091552734,118.83000183105469,113.61000061035156,118.33000183105469,184642000
2020-09-16,109.07085418701172,112.12999725341797,116.0,112.04000091552734,115.2300033569336,154679000
2020-09-17,107.32968139648438,110.33999633789062,112.19999694824219,108.70999908447266,109.72000122070312,178011000
2020-09-18,103.9251480102539,106.83999633789062,110.87999725341797,106.08999633789062,110.4000015258789,287104900
2020-09-21,107.07679748535156,110.08000183105469,110.19000244140625,103.0999984741211,104.54000091552734,195713800
2020-09-22,108.75958251953125,111.80999755859375,112.86000061035156,109.16000366210938,112.68000030517578,183055400
2020-09-23,104.19754028320312,107.12000274658203,112.11000061035156,106.7699966430664,111.62000274658203,150718700
2020-09-24,105.26750946044922,108.22000122070312,110.25,105.0,105.16999816894531,167743300
2020-09-25,109.21676635742188,112.27999877929688,112.44000244140625,107.66999816894531,108.43000030517578,149981400
2020-09-28,111.82365417480469,114.95999908447266,115.31999969482422,112.77999877929688,115.01000213623047,137672400
2020-09-29,110.97735595703125,114.08999633789062,115.30999755859375,113.56999969482422,114.55000305175781,99382200
2020-09-30,112.65044403076172,115.80999755859375,117.26000213623047,113.62000274658203,113.79000091552734,142675200
2020-10-01,113.60371398925781,116.79000091552734,117.72000122070312,115.83000183105469,117.63999938964844,116120400
2020-10-02,109.93656158447266,113.0199966430664,115.37000274658203,112.22000122070312,112.88999938964844,144712000
2020-10-05,113.32161712646484,116.5,116.6500015258789,113.55000305175781,113.91000366210938,106243800
2020-10-06,110.07276153564453,113.16000366210938,116.12000274658203,112.25,115.69999694824219,161498200
2020-10-07,111.94036102294922,115.08000183105469,115.55000305175781,114.12999725341797,114.62000274658203,96849000
2020-10-08,111.83336639404297,114.97000122070312,116.4000015258789,114.58999633789062,116.25,83477200
2020-10-09,113.77880096435547,116.97000122070312,117.0,114.91999816894531,115.27999877929688,100506900
2020-10-12,121.00608825683594,124.4000015258789,125.18000030517578,119.27999877929688,120.05999755859375,240226800
2020-10-13,117.79611206054688,121.0999984741211,125.38999938964844,119.6500015258789,125.2699966430664,262330500
2020-10-14,117.8836669921875,121.19000244140625,123.02999877929688,119.62000274658203,121.0,150712000
2020-10-15,117.4167709350586,120.70999908447266,121.19999694824219,118.1500015258789,118.72000122070312,112559200
2020-10-16,115.77288055419922,119.0199966430664,121.55000305175781,118.80999755859375,121.27999877929688,115393800
2020-10-19,112.81580352783203,115.9800033569336,120.41999816894531,115.66000366210938,119.95999908447266,120639300
2020-10-20,114.3040771484375,117.51000213623047,118.9800033569336,115.62999725341797,116.19999694824219,124423700
2020-10-21,113.6815414428711,116.87000274658203,118.70999908447266,116.44999694824219,116.66999816894531,89946000
2020-10-22,112.59209442138672,115.75,118.04000091552734,114.58999633789062,117.44999694824219,101988000
2020-10-23,111.90145874023438,115.04000091552734,116.55000305175781,114.27999877929688,116.38999938964844,82572600
2020-10-26,111.91119384765625,115.05000305175781,116.55000305175781,112.87999725341797,114.01000213623047,111850700
2020-10-27,113.41888427734375,116.5999984741211,117.27999877929688,114.54000091552734,115.48999786376953,92276800
2020-10-28,108.16619873046875,111.19999694824219,115.43000030517578,111.0999984741211,115.05000305175781,143937800
2020-10-29,112.17382049560547,115.31999969482422,116.93000030517578,112.19999694824219,112.37000274658203,146129200
2020-10-30,105.89006042480469,108.86000061035156,111.98999786376953,107.72000122070312,111.05999755859375,190272600
2020-11-02,105.8025131225586,108.7699966430664,110.68000030517578,107.31999969482422,109.11000061035156,122866900
2020-11-03,107.42696380615234,110.44000244140625,111.48999786376953,108.7300033569336,109.66000366210938,107624400
2020-11-04,111.81391143798828,114.94999694824219,115.58999633789062,112.3499984741211,114.13999938964844,138235500
2020-11-05,115.78260040283203,119.02999877929688,119.62000274658203,116.87000274658203,117.94999694824219,126387100
2020-11-06,115.65104675292969,118.69000244140625,119.19999694824219,116.12999725341797,118.31999969482422,114457900
2020-11-09,113.34173583984375,116.31999969482422,121.98999786376953,116.05000305175781,120.5,154515300
2020-11-10,113.00068664550781,115.97000122070312,117.58999633789062,114.12999725341797,115.55000305175781,138023400
2020-11-11,116.43055725097656,119.48999786376953,119.62999725341797,116.44000244140625,117.19000244140625,112295000
2020-11-12,116.15772247314453,119.20999908447266,120.52999877929688,118.56999969482422,119.62000274658203,103162300
2020-11-13,116.20647430419922,119.26000213623047,119.66999816894531,117.87000274658203,119.44000244140625,81581900
2020-11-16,117.2198257446289,120.30000305175781,120.98999786376953,118.1500015258789,118.91999816894531,91183000
2020-11-17,116.33311462402344,119.38999938964844,120.66999816894531,118.95999908447266,119.55000305175781,74271000
2020-11-18,115.00794982910156,118.02999877929688,119.81999969482422,118.0,118.61000061035156,76322100
2020-11-19,115.60234832763672,118.63999938964844,119.05999755859375,116.80999755859375,117.58999633789062,74113000
2020-11-20,114.33561706542969,117.33999633789062,118.7699966430664,117.29000091552734,118.63999938964844,73604300
2020-11-23,110.93498229980469,113.8499984741211,117.62000274658203,113.75,117.18000030517578,127959300
2020-11-24,112.22117614746094,115.16999816894531,115.8499984741211,112.58999633789062,113.91000366210938,113874200
2020-11-25,113.05915069580078,116.02999877929688,116.75,115.16999816894531,115.55000305175781,76499200
2020-11-27,113.60482025146484,116.58999633789062,117.48999786376953,116.22000122070312,116.56999969482422,46691300
2020-11-30,116.00183868408203,119.05000305175781,120.97000122070312,116.80999755859375,116.97000122070312,169410200
2020-12-01,119.57786560058594,122.72000122070312,123.47000122070312,120.01000213623047,121.01000213623047,127728200
2020-12-02,119.92865753173828,123.08000183105469,123.37000274658203,120.88999938964844,122.0199966430664,89004200
2020-12-03,119.79224395751953,122.94000244140625,123.77999877929688,122.20999908447266,123.5199966430664,78967600
2020-12-04,119.11991119384766,122.25,122.86000061035156,121.5199966430664,122.5999984741211,78260400
2020-12-07,120.58148956298828,123.75,124.56999969482422,122.25,122.30999755859375,86712000
2020-12-08,121.19535827636719,124.37999725341797,124.9800033569336,123.08999633789062,124.37000274658203,82225500
2020-12-09,118.66194915771484,121.77999877929688,125.94999694824219,121.0,124.52999877929688,115089200
2020-12-10,120.08455657958984,123.23999786376953,123.87000274658203,120.1500015258789,120.5,81312200
2020-12-11,119.27581024169922,122.41000366210938,122.76000213623047,120.55000305175781,122.43000030517578,86939800
2020-12-14,118.66194915771484,121.77999877929688,123.3499984741211,121.54000091552734,122.5999984741211,79184500
2020-12-15,124.60574340820312,127.87999725341797,127.9000015258789,124.12999725341797,124.33999633789062,157243700
2020-12-16,124.53754425048828,127.80999755859375,128.3699951171875,126.55999755859375,127.41000366210938,98208600
2020-12-17,125.40476989746094,128.6999969482422,129.5800018310547,128.0399932861328,128.89999389648438,94359800
2020-12-18,123.41699981689453,126.66000366210938,129.10000610351562,126.12000274658203,128.9600067138672,192541500
2020-12-21,124.94678497314453,128.22999572753906,128.30999755859375,123.44999694824219,125.0199966430664,121251600
2020-12-22,128.5033416748047,131.8800048828125,134.41000366210938,129.64999389648438,131.61000061035156,168904800
2020-12-23,127.60688018798828,130.9600067138672,132.42999267578125,130.77999877929688,132.16000366210938,88223700
2020-12-24,128.59100341796875,131.97000122070312,133.4600067138672,131.10000610351562,131.32000732421875,54930100
2020-12-28,133.19020080566406,136.69000244140625,137.33999633789062,133.50999450683594,133.99000549316406,124486200
2020-12-29,131.41676330566406,134.8699951171875,138.7899932861328,134.33999633789062,138.0500030517578,121047300
2020-12-30,130.2962188720703,133.72000122070312,135.99000549316406,133.39999389648438,135.5800018310547,96452100
2020-12-31,129.29258728027344,132.69000244140625,134.74000549316406,131.72000122070312,134.0800018310547,99116600
2021-01-04,126.0965805053711,129.41000366210938,133.61000061035156,126.76000213623047,133.52000427246094,143301900
2021-01-05,127.65560913085938,131.00999450683594,131.74000549316406,128.42999267578125,128.88999938964844,97664900
2021-01-06,123.3585205078125,126.5999984741211,131.0500030517578,126.37999725341797,127.72000122070312,155088000
2021-01-07,127.56792449951172,130.9199981689453,131.6300048828125,127.86000061035156,128.36000061035156,109578200
2021-01-08,128.66896057128906,132.0500030517578,132.6300048828125,130.22999572753906,132.42999267578125,105158200
2021-01-11,125.67759704589844,128.97999572753906,130.1699981689453,128.5,129.19000244140625,100384500
2021-01-12,125.50218200683594,128.8000030517578,129.69000244140625,126.86000061035156,128.5,91951100
2021-01-13,127.53866577148438,130.88999938964844,131.4499969482422,128.49000549316406,128.75999450683594,88636800
2021-01-14,125.60939025878906,128.91000366210938,131.0,128.75999450683594,130.8000030517578,90221800
2021-01-15,123.88470458984375,127.13999938964844,130.22000122070312,127.0,128.77999877929688,111598500
2021-01-19,124.55702209472656,127.83000183105469,128.7100067138672,126.94000244140625,127.77999877929688,90757300
2021-01-20,128.64952087402344,132.02999877929688,132.49000549316406,128.5500030517578,128.66000366210938,104319500
2021-01-21,133.36553955078125,136.8699951171875,139.6699981689453,133.58999633789062,133.8000030517578,120150900
2021-01-22,135.50926208496094,139.07000732421875,139.85000610351562,135.02000427246094,136.27999877929688,114459400
2021-01-25,139.2606964111328,142.9199981689453,145.08999633789062,136.5399932861328,143.07000732421875,157611700
2021-01-26,139.49453735351562,143.16000366210938,144.3000030517578,141.3699951171875,143.60000610351562,98390600
2021-01-27,138.4227294921875,142.05999755859375,144.3000030517578,140.41000366210938,143.42999267578125,140843800
2021-01-28,133.57997131347656,137.08999633789062,141.99000549316406,136.6999969482422,139.52000427246094,142621100
2021-01-29,128.581298828125,131.9600067138672,136.74000549316406,130.2100067138672,135.8300018310547,177523800
2021-02-01,130.70545959472656,134.13999938964844,135.3800048828125,130.92999267578125,133.75,106239800
2021-02-02,131.53370666503906,134.99000549316406,136.30999755859375,134.61000061035156,135.72999572753906,83305400
2021-02-03,130.5106201171875,133.94000244140625,135.77000427246094,133.61000061035156,135.75999450683594,89880900
2021-02-04,133.87225341796875,137.38999938964844,137.39999389648438,134.58999633789062,136.3000030517578,84183100
2021-02-05,133.45751953125,136.75999450683594,137.4199981689453,135.86000061035156,137.35000610351562,75693800
2021-02-08,133.60391235351562,136.91000366210938,136.9600067138672,134.9199981689453,136.02999877929688,71297200
2021-02-09,132.72561645507812,136.00999450683594,137.8800048828125,135.85000610351562,136.6199951171875,76774200
2021-02-10,132.12063598632812,135.38999938964844,136.99000549316406,134.39999389648438,136.47999572753906,73046600
2021-02-11,131.8668670654297,135.1300048828125,136.38999938964844,133.77000427246094,135.89999389648438,64280000
2021-02-12,132.10107421875,135.3699951171875,135.52999877929688,133.69000244140625,134.35000610351562,60145100
2021-02-16,129.97372436523438,133.19000244140625,136.00999450683594,132.7899932861328,135.49000549316406,80576300
2021-02-17,127.68049621582031,130.83999633789062,132.22000122070312,129.47000122070312,131.25,97918500
2021-02-18,126.57777404785156,129.7100067138672,130.0,127.41000366210938,129.1999969482422,96856700
2021-02-19,126.73388671875,129.8699951171875,130.7100067138672,128.8000030517578,130.24000549316406,87668800
2021-02-22,122.95734405517578,126.0,129.72000122070312,125.5999984741211,128.00999450683594,103916400
2021-02-23,122.82073974609375,125.86000061035156,126.70999908447266,118.38999938964844,123.76000213623047,158273000
2021-02-24,122.32304382324219,125.3499984741211,125.55999755859375,122.2300033569336,124.94000244140625,111039900
2021-02-25,118.06832885742188,120.98999786376953,126.45999908447266,120.54000091552734,124.68000030517578,148199500
2021-02-26,118.33182525634766,121.26000213623047,124.8499984741211,121.19999694824219,122.58999633789062,164560400
2021-03-01,124.7041244506836,127.79000091552734,127.93000030517578,122.79000091552734,123.75,116307900
2021-03-02,122.09860229492188,125.12000274658203,128.72000122070312,125.01000213623047,128.41000366210938,102260900
2021-03-03,119.11249542236328,122.05999755859375,125.70999908447266,121.83999633789062,124.80999755859375,112966300
2021-03-04,117.2291030883789,120.12999725341797,123.5999984741211,118.62000274658203,121.75,178155000
2021-03-05,118.48795318603516,121.41999816894531,121.94000244140625,117.56999969482422,120.9800033569336,153766600
2021-03-08,113.5501480102539,116.36000061035156,121.0,116.20999908447266,120.93000030517578,154376600
2021-03-09,118.1659164428711,121.08999633789062,122.05999755859375,118.79000091552734,119.02999877929688,129525800
2021-03-10,117.0827407836914,119.9800033569336,122.16999816894531,119.44999694824219,121.69000244140625,111943300
2021-03-11,119.0149154663086,121.95999908447266,123.20999908447266,121.26000213623047,122.54000091552734,103026500
2021-03-12,118.10737609863281,121.02999877929688,121.16999816894531,119.16000366210938,120.4000015258789,88105100
2021-03-15,120.99588775634766,123.98999786376953,124.0,120.41999816894531,121.41000366210938,92403800
2021-03-16,122.53773498535156,125.56999969482422,127.22000122070312,124.72000122070312,125.69999694824219,115227900
2021-03-17,121.7472915649414,124.76000213623047,125.86000061035156,122.33999633789062,124.05000305175781,111932600
2021-03-18,117.61943817138672,120.52999877929688,123.18000030517578,120.31999969482422,122.87999725341797,121229700
2021-03-19,117.09247589111328,119.98999786376953,121.43000030517578,119.68000030517578,119.9000015258789,185549500
2021-03-22,120.41036987304688,123.38999938964844,123.87000274658203,120.26000213623047,120.33000183105469,111912300
2021-03-23,119.5809097290039,122.54000091552734,124.23999786376953,122.13999938964844,123.33000183105469,95467100
2021-03-24,117.19007110595703,120.08999633789062,122.9000015258789,120.06999969482422,122.81999969482422,88530500
2021-03-25,117.67798614501953,120.58999633789062,121.66000366210938,119.0,119.54000091552734,98844700
2021-03-26,118.28302001953125,121.20999908447266,121.4800033569336,118.91999816894531,120.3499984741211,94071200
2021-03-29,118.45867156982422,121.38999938964844,122.58000183105469,120.7300033569336,121.6500015258789,80819200
2021-03-30,117.0046615600586,119.9000015258789,120.4000015258789,118.86000061035156,120.11000061035156,85671900
2021-03-31,119.20030975341797,122.1500015258789,123.5199966430664,121.1500015258789,121.6500015258789,118323800
2021-04-01,120.02980041503906,123.0,124.18000030517578,122.48999786376953,123.66000366210938,75089100
2021-04-05,122.8597640991211,125.9000015258789,126.16000366210938,123.06999969482422,123.87000274658203,88651200
2021-04-06,123.16229248046875,126.20999908447266,127.12999725341797,125.6500015258789,126.5,80171300
2021-04-07,124.81147766113281,127.9000015258789,127.91999816894531,125.13999938964844,125.83000183105469,83466700
2021-04-08,127.21207427978516,130.36000061035156,130.38999938964844,128.52000427246094,128.9499969482422,88844600
2021-04-09,129.78829956054688,133.0,133.0399932861328,129.47000122070312,129.8000030517578,106686700
2021-04-12,128.07083129882812,131.24000549316406,132.85000610351562,130.6300048828125,132.52000427246094,91420000
2021-04-13,131.18374633789062,134.42999267578125,134.66000366210938,131.92999267578125,132.44000244140625,91266500
2021-04-14,128.8417510986328,132.02999877929688,135.0,131.66000366210938,134.94000244140625,87222800
2021-04-15,131.25205993652344,134.5,135.0,133.63999938964844,133.82000732421875,89347100
2021-04-16,130.9203338623047,134.16000366210938,134.6699981689453,133.27999877929688,134.3000030517578,84922400
2021-04-19,131.5838623046875,134.83999633789062,135.47000122070312,133.33999633789062,133.50999450683594,94264200
2021-04-20,129.89566040039062,133.11000061035156,135.52999877929688,131.80999755859375,135.02000427246094,94812300
2021-04-21,130.27622985839844,133.5,133.75,131.3000030517578,132.36000061035156,68847100
2021-04-22,128.75393676757812,131.94000244140625,134.14999389648438,131.41000366210938,133.0399932861328,84566500
2021-04-23,131.07644653320312,134.32000732421875,135.1199951171875,132.16000366210938,132.16000366210938,78657500
2021-04-26,131.466796875,134.72000122070312,135.05999755859375,133.55999755859375,134.8300018310547,66905100
2021-04-27,131.14476013183594,134.38999938964844,135.41000366210938,134.11000061035156,135.00999450683594,66015800
2021-04-28,130.35430908203125,133.5800018310547,135.02000427246094,133.0800018310547,134.30999755859375,107760100
2021-04-29,130.25672912597656,133.47999572753906,137.07000732421875,132.4499969482422,136.47000122070312,151101000
2021-04-30,128.28550720214844,131.4600067138672,133.55999755859375,131.07000732421875,131.77999877929688,109839500
2021-05-03,129.3394012451172,132.5399932861328,134.07000732421875,131.8300018310547,132.0399932861328,75135100
2021-05-04,124.76268005371094,127.8499984741211,131.49000549316406,126.69999694824219,131.19000244140625,137564700
2021-05-05,125.00664520263672,128.10000610351562,130.4499969482422,127.97000122070312,129.1999969482422,84000900
2021-05-06,126.60706329345703,129.74000549316406,129.75,127.12999725341797,127.88999938964844,78128300
2021-05-07,127.28154754638672,130.2100067138672,131.25999450683594,129.47999572753906,130.85000610351562,78973300
2021-05-10,123.99708557128906,126.8499984741211,129.5399932861328,126.80999755859375,129.41000366210938,88071200
2021-05-11,123.0782241821289,125.91000366210938,126.2699966430664,122.7699966430664,123.5,126142800
2021-05-12,120.00883483886719,122.7699966430664,124.63999938964844,122.25,123.4000015258789,112172300
2021-05-13,122.15936279296875,124.97000122070312,126.1500015258789,124.26000213623047,124.58000183105469,105861300
2021-05-14,124.58358001708984,127.44999694824219,127.88999938964844,125.8499984741211,126.25,81918000
2021-05-17,123.43013000488281,126.2699966430664,126.93000030517578,125.16999816894531,126.81999969482422,74244600
2021-05-18,122.04206848144531,124.8499984741211,126.98999786376953,124.77999877929688,126.55999755859375,63342900
2021-05-19,121.88566589355469,124.69000244140625,124.91999816894531,122.86000061035156,123.16000366210938,92612000
2021-05-20,124.44673919677734,127.30999755859375,127.72000122070312,125.0999984741211,125.2300033569336,76857100
2021-05-21,122.60903930664062,125.43000030517578,128.0,125.20999908447266,127.81999969482422,79295400
2021-05-24,124.2414779663086,127.0999984741211,127.94000244140625,125.94000244140625,126.01000213623047,63092900
2021-05-25,124.04596710205078,126.9000015258789,128.32000732421875,126.31999969482422,127.81999969482422,72009500
2021-05-26,123.99708557128906,126.8499984741211,127.38999938964844,126.41999816894531,126.95999908447266,56575900
2021-05-27,122.46240234375,125.27999877929688,127.63999938964844,125.08000183105469,126.44000244140625,94625600
2021-05-28,121.8074722290039,124.61000061035156,125.80000305175781,124.55000305175781,125.56999969482422,71311100
2021-06-01,121.48489379882812,124.27999877929688,125.3499984741211,123.94000244140625,125.08000183105469,67637100
2021-06-02,122.24732971191406,125.05999755859375,125.23999786376953,124.05000305175781,124.27999877929688,59278900
2021-06-03,120.76153564453125,123.54000091552734,124.8499984741211,123.12999725341797,124.68000030517578,76229200
2021-06-04,123.05870056152344,125.88999938964844,126.16000366210938,123.8499984741211,124.06999969482422,75169300
2021-06-07,123.0684585571289,125.9000015258789,126.31999969482422,124.83000183105469,126.16999816894531,71057600
2021-06-08,123.8895492553711,126.73999786376953,128.4600067138672,126.20999908447266,126.5999984741211,74403800
2021-06-09,124.27079010009766,127.12999725341797,127.75,126.5199966430664,127.20999908447266,56877900
2021-06-10,123.27372741699219,126.11000061035156,128.19000244140625,125.94000244140625,127.0199966430664,71186400
2021-06-11,124.48583221435547,127.3499984741211,127.44000244140625,126.0999984741211,126.52999877929688,53522400
2021-06-14,127.54544067382812,130.47999572753906,130.5399932861328,127.06999969482422,127.81999969482422,96906500
2021-06-15,126.72431182861328,129.63999938964844,130.60000610351562,129.38999938964844,129.94000244140625,62746300
2021-06-16,127.2228775024414,130.14999389648438,130.88999938964844,128.4600067138672,130.3699951171875,91815000
2021-06-17,128.82598876953125,131.7899932861328,132.5500030517578,129.64999389648438,129.8000030517578,96721700
2021-06-18,127.52589416503906,130.4600067138672,131.50999450683594,130.24000549316406,130.7100067138672,108953300
2021-06-21,129.3245391845703,132.3000030517578,132.41000366210938,129.2100067138672,130.3000030517578,79663300
2021-06-22,130.96673583984375,133.97999572753906,134.0800018310547,131.6199951171875,132.1300048828125,74783600
2021-06-23,130.69302368164062,133.6999969482422,134.32000732421875,133.22999572753906,133.77000427246094,60214200
2021-06-24,130.4095458984375,133.41000366210938,134.63999938964844,132.92999267578125,134.4499969482422,68711000
2021-06-25,130.11631774902344,133.11000061035156,133.88999938964844,132.80999755859375,133.4600067138672,70783700
2021-06-28,131.7487335205078,134.77999877929688,135.25,133.35000610351562,133.41000366210938,62111300
2021-06-29,133.2638702392578,136.3300018310547,136.49000549316406,134.35000610351562,134.8000030517578,64556100
2021-06-30,133.87969970703125,136.9600067138672,137.41000366210938,135.8699951171875,136.1699981689453,63261400
2021-07-01,134.18272399902344,137.27000427246094,137.3300018310547,135.75999450683594,136.60000610351562,52485800
2021-07-02,136.81224060058594,139.9600067138672,140.0,137.75,137.89999389648438,78852600
2021-07-06,138.82589721679688,142.02000427246094,143.14999389648438,140.07000732421875,140.07000732421875,108181800
2021-07-07,141.3185577392578,144.57000732421875,144.88999938964844,142.66000366210938,143.5399932861328,104911600
2021-07-08,140.01846313476562,143.24000549316406,144.05999755859375,140.6699981689453,141.5800018310547,105575500
2021-07-09,141.846435546875,145.11000061035156,145.64999389648438,142.64999389648438,142.75,99890800
2021-07-12,141.25015258789062,144.5,146.32000732421875,144.0,146.2100067138672,76299700
2021-07-13,142.364501953125,145.63999938964844,147.4600067138672,143.6300048828125,144.02999877929688,100827100
2021-07-14,145.7955322265625,149.14999389648438,149.57000732421875,147.67999267578125,148.10000610351562,127050800
2021-07-15,145.14060974121094,148.47999572753906,150.0,147.08999633789062,149.24000549316406,106820300
2021-07-16,143.0976104736328,146.38999938964844,149.75999450683594,145.8800048828125,148.4600067138672,93251400
2021-07-19,139.24624633789062,142.4499969482422,144.07000732421875,141.6699981689453,143.75,121434600
2021-07-20,142.863037109375,146.14999389648438,147.10000610351562,142.9600067138672,143.4600067138672,96350000
2021-07-21,142.12986755371094,145.39999389648438,146.1300048828125,144.6300048828125,145.52999877929688,74993500
2021-07-22,143.49839782714844,146.8000030517578,148.1999969482422,145.80999755859375,145.94000244140625,77338200
2021-07-23,145.21878051757812,148.55999755859375,148.72000122070312,146.9199981689453,147.5500030517578,71447400
2021-07-26,145.63914489746094,148.99000549316406,149.8300018310547,147.6999969482422,148.27000427246094,72434100
2021-07-27,143.46908569335938,146.77000427246094,149.2100067138672,145.5500030517578,149.1199951171875,104818600
2021-07-28,141.71934509277344,144.97999572753906,146.97000122070312,142.5399932861328,144.80999755859375,118931200
2021-07-29,142.364501953125,145.63999938964844,146.5500030517578,144.5800018310547,144.69000244140625,56699500
2021-07-30,142.57955932617188,145.86000061035156,146.3300018310547,144.11000061035156,144.3800048828125,70440600
2021-08-02,142.24720764160156,145.52000427246094,146.9499969482422,145.25,146.36000061035156,62880000
2021-08-03,144.04580688476562,147.36000061035156,148.0399932861328,145.17999267578125,145.80999755859375,64786600
2021-08-04,143.64503479003906,146.9499969482422,147.7899932861328,146.27999877929688,147.27000427246094,56368300
2021-08-05,143.75253295898438,147.05999755859375,147.83999633789062,146.1699981689453,146.97999572753906,46397700
2021-08-06,143.06729125976562,146.13999938964844,147.11000061035156,145.6300048828125,146.35000610351562,54126800
2021-08-09,143.018310546875,146.08999633789062,146.6999969482422,145.52000427246094,146.1999969482422,48908700
2021-08-10,142.53863525390625,145.60000610351562,147.7100067138672,145.3000030517578,146.44000244140625,69023100
2021-08-11,142.7931671142578,145.86000061035156,146.72000122070312,145.52999877929688,146.0500030517578,48493500
2021-08-12,145.7594757080078,148.88999938964844,149.0500030517578,145.83999633789062,146.19000244140625,72282600
2021-08-13,145.96507263183594,149.10000610351562,149.44000244140625,148.27000427246094,148.97000122070312,59375000
2021-08-16,147.94259643554688,151.1199951171875,151.19000244140625,146.47000122070312,148.5399932861328,103296000
2021-08-17,147.03211975097656,150.19000244140625,151.67999267578125,149.08999633789062,150.22999572753906,92229700
2021-08-18,143.28265380859375,146.36000061035156,150.72000122070312,146.14999389648438,149.8000030517578,86326000
2021-08-19,143.61549377441406,146.6999969482422,148.0,144.5,145.02999877929688,86960300
2021-08-20,145.07415771484375,148.19000244140625,148.5,146.77999877929688,147.44000244140625,60549600
2021-08-23,146.5622100830078,149.7100067138672,150.19000244140625,147.88999938964844,148.30999755859375,60131800
2021-08-24,146.47412109375,149.6199951171875,150.86000061035156,149.14999389648438,149.4499969482422,48606400
2021-08-25,145.24061584472656,148.36000061035156,150.32000732421875,147.8000030517578,149.80999755859375,58991300
2021-08-26,144.4378204345703,147.5399932861328,149.1199951171875,147.50999450683594,148.35000610351562,48597200
2021-08-27,145.4755401611328,148.60000610351562,148.75,146.8300018310547,147.47999572753906,55802400
2021-08-30,149.9005126953125,153.1199951171875,153.49000549316406,148.61000061035156,149.0,90956700
2021-08-31,148.6376495361328,151.8300018310547,152.8000030517578,151.2899932861328,152.66000366210938,86453100
2021-09-01,149.3033447265625,152.50999450683594,154.97999572753906,152.33999633789062,152.8300018310547,80313700
2021-09-02,150.41937255859375,153.64999389648438,154.72000122070312,152.39999389648438,153.8699951171875,71115500
2021-09-03,151.0557098388672,154.3000030517578,154.6300048828125,153.08999633789062,153.75999450683594,57808700
2021-09-07,153.39549255371094,156.69000244140625,157.25999450683594,154.38999938964844,154.97000122070312,82278300
2021-09-08,151.8487091064453,155.11000061035156,157.0399932861328,153.97999572753906,156.97999572753906,74420200
2021-09-09,150.83056640625,154.07000732421875,156.11000061035156,153.9499969482422,155.49000549316406,57305700
2021-09-10,145.83779907226562,148.97000122070312,155.47999572753906,148.6999969482422,155.0,140893200
2021-09-13,146.4055938720703,149.5500030517578,151.4199981689453,148.75,150.6300048828125,102404300
2021-09-14,145.005615234375,148.1199951171875,151.07000732421875,146.91000366210938,150.35000610351562,109296300
2021-09-15,145.89649963378906,149.02999877929688,149.44000244140625,146.3699951171875,148.55999755859375,83281300
2021-09-16,145.66156005859375,148.7899932861328,148.97000122070312,147.22000122070312,148.44000244140625,68034100
2021-09-17,142.98898315429688,146.05999755859375,148.82000732421875,145.75999450683594,148.82000732421875,129868800
2021-09-20,139.9345703125,142.94000244140625,144.83999633789062,141.27000427246094,143.8000030517578,123478900
2021-09-21,140.4142608642578,143.42999267578125,144.60000610351562,142.77999877929688,143.92999267578125,75834000
2021-09-22,142.7833709716797,145.85000610351562,146.42999267578125,143.6999969482422,144.4499969482422,76404300
2021-09-23,143.74278259277344,146.8300018310547,147.0800018310547,145.63999938964844,146.64999389648438,64838200
2021-09-24,143.83087158203125,146.9199981689453,147.47000122070312,145.55999755859375,145.66000366210938,53477900
2021-09-27,142.31346130371094,145.3699951171875,145.9600067138672,143.82000732421875,145.47000122070312,74150700
2021-09-28,138.9262237548828,141.91000366210938,144.75,141.69000244140625,143.25,108972300
2021-09-29,139.82688903808594,142.8300018310547,144.4499969482422,142.02999877929688,142.47000122070312,74602000
2021-09-30,138.5248565673828,141.5,144.3800048828125,141.27999877929688,143.66000366210938,89056700
2021-10-01,139.65065002441406,142.64999389648438,142.9199981689453,139.11000061035156,141.89999389648438,94639600
2021-10-04,136.21446228027344,139.13999938964844,142.2100067138672,138.27000427246094,141.75999450683594,98322000
2021-10-05,138.14305114746094,141.11000061035156,142.24000549316406,139.36000061035156,139.49000549316406,80861100
2021-10-06,139.01434326171875,142.0,142.14999389648438,138.3699951171875,139.47000122070312,83221100
2021-10-07,140.27719116210938,143.2899932861328,144.22000122070312,142.72000122070312,143.05999755859375,61732700
2021-10-08,139.89541625976562,142.89999389648438,144.17999267578125,142.55999755859375,144.02999877929688,58773200
2021-10-11,139.8072967529297,142.80999755859375,144.80999755859375,141.80999755859375,142.27000427246094,64452200
2021-10-12,138.53466796875,141.50999450683594,143.25,141.0399932861328,143.22999572753906,73035900
2021-10-13,137.94725036621094,140.91000366210938,141.39999389648438,139.1999969482422,141.24000549316406,78762700
2021-10-14,140.73733520507812,143.75999450683594,143.8800048828125,141.50999450683594,142.11000061035156,69907100
2021-10-15,141.7946014404297,144.83999633789062,144.89999389648438,143.50999450683594,143.77000427246094,67940300
2021-10-18,143.46865844726562,146.5500030517578,146.83999633789062,143.16000366210938,143.4499969482422,85589200
2021-10-19,145.6322021484375,148.75999450683594,149.1699981689453,146.5500030517578,147.00999450683594,76378900
2021-10-20,146.12164306640625,149.25999450683594,149.75,148.1199951171875,148.6999969482422,58418800
2021-10-21,146.33705139160156,149.47999572753906,149.63999938964844,147.8699951171875,148.80999755859375,61421000
2021-10-22,145.5636749267578,148.69000244140625,150.17999267578125,148.63999938964844,149.69000244140625,58883400
2021-10-25,145.51470947265625,148.63999938964844,149.3699951171875,147.6199951171875,148.67999267578125,50720600
2021-10-26,146.180419921875,149.32000732421875,150.83999633789062,149.00999450683594,149.3300018310547,60893400
2021-10-27,145.7202911376953,148.85000610351562,149.72999572753906,148.49000549316406,149.36000061035156,56094900
2021-10-28,149.36215209960938,152.57000732421875,153.1699981689453,149.72000122070312,149.82000732421875,100077900
2021-10-29,146.6503143310547,149.8000030517578,149.94000244140625,146.41000366210938,147.22000122070312,124953200
2021-11-01,145.8280029296875,148.9600067138672,149.6999969482422,147.8000030517578,148.99000549316406,74588300
2021-11-02,146.86569213867188,150.02000427246094,151.57000732421875,148.64999389648438,148.66000366210938,69122000
2021-11-03,148.30477905273438,151.49000549316406,151.97000122070312,149.82000732421875,150.38999938964844,54511500
2021-11-04,147.78594970703125,150.9600067138672,152.42999267578125,150.63999938964844,151.5800018310547,60394600
2021-11-05,148.3153533935547,151.27999877929688,152.1999969482422,150.05999755859375,151.88999938964844,65463900
2021-11-08,147.4918212890625,150.44000244140625,151.57000732421875,150.16000366210938,151.41000366210938,55020900
2021-11-09,147.85455322265625,150.80999755859375,151.42999267578125,150.05999755859375,150.1999969482422,56787900
2021-11-10,145.02117919921875,147.9199981689453,150.1300048828125,147.85000610351562,150.02000427246094,65187100
2021-11-11,144.97215270996094,147.8699951171875,149.42999267578125,147.67999267578125,148.9600067138672,41000000
2021-11-12,147.05064392089844,149.99000549316406,150.39999389648438,147.47999572753906,148.42999267578125,63804000
2021-11-15,147.06044006347656,150.0,151.8800048828125,149.42999267578125,150.3699951171875,59222800
2021-11-16,148.04086303710938,151.0,151.49000549316406,149.33999633789062,149.94000244140625,59256200
2021-11-17,150.48207092285156,153.49000549316406,155.0,150.99000549316406,151.0,88807000
2021-11-18,154.7761993408203,157.8699951171875,158.6699981689453,153.0500030517578,153.7100067138672,137827700
2021-11-19,157.4036865234375,160.5500030517578,161.02000427246094,156.52999877929688,157.64999389648438,117305600
2021-11-22,157.86447143554688,161.02000427246094,165.6999969482422,161.0,161.67999267578125,117467900
2021-11-23,158.246826171875,161.41000366210938,161.8000030517578,159.05999755859375,161.1199951171875,96041900
2021-11-24,158.76644897460938,161.94000244140625,162.13999938964844,159.63999938964844,160.75,69463600
2021-11-26,153.73695373535156,156.80999755859375,160.4499969482422,156.36000061035156,159.57000732421875,76959800
2021-11-29,157.0997772216797,160.24000549316406,161.19000244140625,158.7899932861328,159.3699951171875,88748200
2021-11-30,162.06057739257812,165.3000030517578,165.52000427246094,159.9199981689453,159.99000549316406,174048100
2021-12-01,161.54098510742188,164.77000427246094,170.3000030517578,164.52999877929688,167.47999572753906,152052500
2021-12-02,160.55078125,163.75999450683594,164.1999969482422,157.8000030517578,158.74000549316406,136739200
2021-12-03,158.66839599609375,161.83999633789062,164.9600067138672,159.72000122070312,164.02000427246094,118023100
2021-12-06,162.0802001953125,165.32000732421875,167.8800048828125,164.27999877929688,164.2899932861328,107497000
2021-12-07,167.8253631591797,171.17999267578125,171.5800018310547,168.33999633789062,169.0800018310547,120405400
2021-12-08,171.64892578125,175.0800018310547,175.9600067138672,170.6999969482422,172.1300048828125,116998900
2021-12-09,171.1391143798828,174.55999755859375,176.75,173.9199981689453,174.91000366210938,108923700
2021-12-10,175.9333038330078,179.4499969482422,179.6300048828125,174.69000244140625,175.2100067138672,115402700
2021-12-13,172.29600524902344,175.74000549316406,182.1300048828125,175.52999877929688,181.1199951171875,153237000
2021-12-14,170.91363525390625,174.3300018310547,177.74000549316406,172.2100067138672,175.25,139380400
2021-12-15,175.78623962402344,179.3000030517578,179.5,172.30999755859375,175.11000061035156,131063300
2021-12-16,168.88418579101562,172.25999450683594,181.13999938964844,170.75,179.27999877929688,150185800
2021-12-17,167.78614807128906,171.13999938964844,173.47000122070312,169.69000244140625,169.92999267578125,195432700
2021-12-20,166.42340087890625,169.75,170.5800018310547,167.4600067138672,168.27999877929688,107499100
2021-12-21,169.5998992919922,172.99000549316406,173.1999969482422,169.1199951171875,171.55999755859375,91185900
2021-12-22,172.1979522705078,175.63999938964844,175.86000061035156,172.14999389648438,173.0399932861328,92135300
2021-12-23,172.82542419433594,176.27999877929688,176.85000610351562,175.27000427246094,175.85000610351562,68356600
2021-12-27,176.79605102539062,180.3300018310547,180.4199981689453,177.07000732421875,177.08999633789062,74919600
2021-12-28,175.77642822265625,179.2899932861328,181.3300018310547,178.52999877929688,180.16000366210938,79144300
2021-12-29,175.8646697998047,179.3800048828125,180.6300048828125,178.13999938964844,179.3300018310547,62348900
2021-12-30,174.7078094482422,178.1999969482422,180.57000732421875,178.08999633789062,179.47000122070312,59773000
2021-12-31,174.09011840820312,177.57000732421875,179.22999572753906,177.25999450683594,178.08999633789062,64062300
2022-01-03,178.44314575195312,182.00999450683594,182.8800048828125,177.7100067138672,177.8300018310547,104487900
2022-01-04,176.17845153808594,179.6999969482422,182.94000244140625,179.1199951171875,182.6300048828125,99310400
2022-01-05,171.4920654296875,174.9199981689453,180.1699981689453,174.63999938964844,179.61000061035156,94537600
2022-01-06,168.62928771972656,172.0,175.3000030517578,171.63999938964844,172.6999969482422,96904000
2022-01-07,168.79595947265625,172.1699981689453,174.13999938964844,171.02999877929688,172.88999938964844,86709100
2022-01-10,168.81556701660156,172.19000244140625,172.5,168.1699981689453,169.0800018310547,106765600
2022-01-11,171.64892578125,175.0800018310547,175.17999267578125,170.82000732421875,172.32000732421875,76138300
2022-01-12,172.09010314941406,175.52999877929688,177.17999267578125,174.82000732421875,176.1199951171875,74805200
2022-01-13,168.81556701660156,172.19000244140625,176.6199951171875,171.7899932861328,175.77999877929688,84505800
2022-01-14,169.6783447265625,173.07000732421875,173.77999877929688,171.08999633789062,171.33999633789062,80440800
2022-01-18,166.472412109375,169.8000030517578,172.5399932861328,169.41000366210938,171.50999450683594,90956700
2022-01-19,162.9723663330078,166.22999572753906,171.0800018310547,165.94000244140625,170.0,94815000
2022-01-20,161.2860870361328,164.50999450683594,169.67999267578125,164.17999267578125,166.97999572753906,91420500
2022-01-21,159.22720336914062,162.41000366210938,166.3300018310547,162.3000030517578,164.4199981689453,122848900
2022-01-24,158.45269775390625,161.6199951171875,162.3000030517578,154.6999969482422,160.02000427246094,162294600
2022-01-25,156.64878845214844,159.77999877929688,162.75999450683594,157.02000427246094,158.97999572753906,115798400
2022-01-26,156.56056213378906,159.69000244140625,164.38999938964844,157.82000732421875,163.5,108275300
2022-01-27,156.09974670410156,159.22000122070312,163.83999633789062,158.27999877929688,162.4499969482422,121954600
2022-01-28,166.9920196533203,170.3300018310547,170.35000610351562,162.8000030517578,165.7100067138672,179935700
2022-01-31,171.35484313964844,174.77999877929688,175.0,169.50999450683594,170.16000366210938,115541600
2022-02-01,171.1881561279297,174.61000061035156,174.83999633789062,172.30999755859375,174.00999450683594,86213900
2022-02-02,172.39401245117188,175.83999633789062,175.8800048828125,173.3300018310547,174.75,84914300
2022-02-03,169.51165771484375,172.89999389648438,176.24000549316406,172.1199951171875,174.47999572753906,89418100
2022-02-04,169.22702026367188,172.38999938964844,174.10000610351562,170.67999267578125,171.67999267578125,82465400
2022-02-07,168.51040649414062,171.66000366210938,173.9499969482422,170.9499969482422,172.86000061035156,77251200
2022-02-08,171.62225341796875,174.8300018310547,175.35000610351562,171.42999267578125,171.72999572753906,74829200
2022-02-09,173.04563903808594,176.27999877929688,176.64999389648438,174.89999389648438,176.0500030517578,71285000
2022-02-10,168.9619598388672,172.1199951171875,175.47999572753906,171.5500030517578,174.13999938964844,90865900
2022-02-11,165.54580688476562,168.63999938964844,173.0800018310547,168.0399932861328,172.3300018310547,98670700
2022-02-14,165.78140258789062,168.8800048828125,169.5800018310547,166.55999755859375,167.3699951171875,86185500
2022-02-15,169.61962890625,172.7899932861328,172.9499969482422,170.25,170.97000122070312,62527400
2022-02-16,169.38404846191406,172.5500030517578,173.33999633789062,170.0500030517578,171.85000610351562,61177400
2022-02-17,165.78140258789062,168.8800048828125,171.91000366210938,168.47000122070312,171.02999877929688,69589300
2022-02-18,164.2303466796875,167.3000030517578,170.5399932861328,166.19000244140625,169.82000732421875,82772700
2022-02-22,161.30508422851562,164.32000732421875,166.69000244140625,162.14999389648438,164.97999572753906,91162800
2022-02-23,157.13304138183594,160.07000732421875,166.14999389648438,159.75,165.5399932861328,90009200
2022-02-24,159.75405883789062,162.74000549316406,162.85000610351562,152.0,152.5800018310547,141147500
2022-02-25,161.82533264160156,164.85000610351562,165.1199951171875,160.8699951171875,163.83999633789062,91974200
2022-02-28,162.0903778076172,165.1199951171875,165.4199981689453,162.42999267578125,163.05999755859375,95056600
2022-03-01,160.20559692382812,163.1999969482422,166.60000610351562,161.97000122070312,164.6999969482422,83474400
2022-03-02,163.5039520263672,166.55999755859375,167.36000061035156,162.9499969482422,164.38999938964844,79724800
2022-03-03,163.17999267578125,166.22999572753906,168.91000366210938,165.5500030517578,168.47000122070312,76678400
2022-03-04,160.17617797851562,163.1699981689453,165.5500030517578,162.10000610351562,164.49000549316406,83737200
2022-03-07,156.37716674804688,159.3000030517578,165.02000427246094,159.0399932861328,163.36000061035156,96418800
2022-03-08,154.55126953125,157.44000244140625,162.8800048828125,155.8000030517578,158.82000732421875,131148300
2022-03-09,159.96017456054688,162.9499969482422,163.41000366210938,159.41000366210938,161.47999572753906,91454900
2022-03-10,155.6114959716797,158.52000427246094,160.38999938964844,155.97999572753906,160.1999969482422,105342000
2022-03-11,151.8909912109375,154.72999572753906,159.27999877929688,154.5,158.92999267578125,96970100
2022-03-14,147.85643005371094,150.6199951171875,154.1199951171875,150.10000610351562,151.4499969482422,108732100
2022-03-15,152.2444305419922,155.08999633789062,155.57000732421875,150.3800048828125,150.89999389648438,92964300
2022-03-16,156.66184997558594,159.58999633789062,160.0,154.4600067138672,157.0500030517578,102300200
2022-03-17,157.67294311523438,160.6199951171875,161.0,157.6300048828125,158.61000061035156,75615400
2022-03-18,160.97129821777344,163.97999572753906,164.47999572753906,159.75999450683594,160.50999450683594,123511700
2022-03-21,162.34564208984375,165.3800048828125,166.35000610351562,163.00999450683594,163.50999450683594,95811400
2022-03-22,165.72251892089844,168.82000732421875,169.4199981689453,164.91000366210938,165.50999450683594,81532000
2022-03-23,167.0869903564453,170.2100067138672,172.63999938964844,167.64999389648438,167.99000549316406,98062700
2022-03-24,170.8761444091797,174.07000732421875,174.13999938964844,170.2100067138672,171.05999755859375,90131400
2022-03-25,171.5142059326172,174.72000122070312,175.27999877929688,172.75,173.8800048828125,80546200
2022-03-28,172.3780975341797,175.60000610351562,175.72999572753906,172.0,172.1699981689453,90371900
2022-03-29,175.67645263671875,178.9600067138672,179.00999450683594,176.33999633789062,176.69000244140625,100589400
2022-03-30,174.5082550048828,177.77000427246094,179.61000061035156,176.6999969482422,178.5500030517578,92633200
2022-03-31,171.40626525878906,174.61000061035156,178.02999877929688,174.39999389648438,177.83999633789062,103049300
2022-04-01,171.1117401123047,174.30999755859375,174.8800048828125,171.94000244140625,174.02999877929688,78751300
2022-04-04,175.16600036621094,178.44000244140625,178.49000549316406,174.44000244140625,174.57000732421875,76468400
2022-04-05,171.84800720214844,175.05999755859375,178.3000030517578,174.4199981689453,177.5,73401800
2022-04-06,168.67724609375,171.8300018310547,173.6300048828125,170.1300048828125,172.36000061035156,89058800
2022-04-07,168.98158264160156,172.13999938964844,173.36000061035156,169.85000610351562,171.16000366210938,77594700
2022-04-08,166.96920776367188,170.08999633789062,171.77999877929688,169.1999969482422,171.77999877929688,76575500
2022-04-11,162.70884704589844,165.75,169.02999877929688,165.5,168.7100067138672,72246700
2022-04-12,164.5837860107422,167.66000366210938,169.8699951171875,166.63999938964844,168.02000427246094,79265200
2022-04-13,167.2734832763672,170.39999389648438,171.0399932861328,166.77000427246094,167.38999938964844,70618900
2022-04-14,162.2572784423828,165.2899932861328,171.27000427246094,165.0399932861328,170.6199951171875,75329400
2022-04-18,162.0413055419922,165.07000732421875,166.60000610351562,163.57000732421875,163.9199981689453,69023900
2022-04-19,164.32852172851562,167.39999389648438,167.82000732421875,163.91000366210938,165.02000427246094,67723800
2022-04-20,164.16162109375,167.22999572753906,168.8800048828125,166.10000610351562,168.75999450683594,67929800
2022-04-21,163.36651611328125,166.4199981689453,171.52999877929688,165.91000366210938,168.91000366210938,87227800
2022-04-22,158.8214874267578,161.7899932861328,167.8699951171875,161.5,166.4600067138672,84882400
2022-04-25,159.89146423339844,162.8800048828125,163.1699981689453,158.4600067138672,161.1199951171875,96046400
2022-04-26,153.9230499267578,156.8000030517578,162.33999633789062,156.72000122070312,162.25,95623200
2022-04-27,153.697265625,156.57000732421875,159.7899932861328,155.3800048828125,155.91000366210938,88063200
2022-04-28,160.6375274658203,163.63999938964844,164.52000427246094,158.92999267578125,159.25,130216800
2022-04-29,154.75743103027344,157.64999389648438,166.1999969482422,157.25,161.83999633789062,131747600
2022-05-02,155.06178283691406,157.9600067138672,158.22999572753906,153.27000427246094,156.7100067138672,123055300
2022-05-03,156.55386352539062,159.47999572753906,160.7100067138672,156.32000732421875,158.14999389648438,88966500
2022-05-04,162.97386169433594,166.02000427246094,166.47999572753906,159.25999450683594,159.6699981689453,108256500
2022-05-05,153.89358520507812,156.77000427246094,164.0800018310547,154.9499969482422,163.85000610351562,130525300
2022-05-06,154.62109375,157.27999877929688,159.44000244140625,154.17999267578125,156.00999450683594,116124600
2022-05-09,149.48931884765625,152.05999755859375,155.8300018310547,151.49000549316406,154.92999267578125,131577900
2022-05-10,151.8979034423828,154.50999450683594,156.74000549316406,152.92999267578125,155.52000427246094,115366700
2022-05-11,144.02330017089844,146.5,155.4499969482422,145.80999755859375,153.5,142689800
2022-05-12,140.14993286132812,142.55999755859375,146.1999969482422,138.8000030517578,142.77000427246094,182602000
2022-05-13,144.6229705810547,147.11000061035156,148.10000610351562,143.11000061035156,144.58999633789062,113990900
2022-05-16,143.07952880859375,145.5399932861328,147.52000427246094,144.17999267578125,145.5500030517578,86643800
2022-05-17,146.7169952392578,149.24000549316406,149.77000427246094,146.67999267578125,148.86000061035156,78336300
2022-05-18,138.4393310546875,140.82000732421875,147.36000061035156,139.89999389648438,146.85000610351562,109742900
2022-05-19,135.02801513671875,137.35000610351562,141.66000366210938,136.60000610351562,139.8800048828125,136095600
2022-05-20,135.2639617919922,137.58999633789062,140.6999969482422,132.61000061035156,139.08999633789062,137426100
2022-05-23,140.6906280517578,143.11000061035156,143.25999450683594,137.64999389648438,137.7899932861328,117726300
2022-05-24,137.98712158203125,140.36000061035156,141.97000122070312,137.3300018310547,140.80999755859375,104132700
2022-05-25,138.1444091796875,140.52000427246094,141.7899932861328,138.33999633789062,138.42999267578125,92482700
2022-05-26,141.34930419921875,143.77999877929688,144.33999633789062,137.13999938964844,137.38999938964844,90601500
2022-05-27,147.11021423339844,149.63999938964844,149.67999267578125,145.25999450683594,145.38999938964844,90978500
2022-05-31,146.32376098632812,148.83999633789062,150.66000366210938,146.83999633789062,149.07000732421875,103718400
2022-06-01,146.1959686279297,148.7100067138672,151.74000549316406,147.67999267578125,149.89999389648438,74286600
2022-06-02,148.65367126464844,151.2100067138672,151.27000427246094,146.86000061035156,147.8300018310547,72348100
2022-06-03,142.92225646972656,145.3800048828125,147.97000122070312,144.4600067138672,146.89999389648438,88570300
2022-06-06,143.66940307617188,146.13999938964844,148.57000732421875,144.89999389648438,147.02999877929688,71598400
2022-06-07,146.1959686279297,148.7100067138672,149.0,144.10000610351562,144.35000610351562,67808200
2022-06-08,145.45863342285156,147.9600067138672,149.8699951171875,147.4600067138672,148.5800018310547,53950200
2022-06-09,140.2285614013672,142.63999938964844,147.9499969482422,142.52999877929688,147.0800018310547,69473000
2022-06-10,134.81175231933594,137.1300048828125,140.75999450683594,137.05999755859375,140.27999877929688,91437900
2022-06-13,129.65048217773438,131.8800048828125,135.1999969482422,131.44000244140625,132.8699951171875,122207100
2022-06-14,130.51559448242188,132.75999450683594,133.88999938964844,131.47999572753906,133.1300048828125,84784300
2022-06-15,133.14047241210938,135.42999267578125,137.33999633789062,132.16000366210938,134.2899932861328,91533000
2022-06-16,127.86124420166016,130.05999755859375,132.38999938964844,129.0399932861328,132.0800018310547,108123900
2022-06-17,129.3358917236328,131.55999755859375,133.0800018310547,129.80999755859375,130.07000732421875,134520300
2022-06-21,133.57301330566406,135.8699951171875,137.05999755859375,133.32000732421875,133.4199981689453,81000500
2022-06-22,133.0618133544922,135.35000610351562,137.75999450683594,133.91000366210938,134.7899932861328,73409200
2022-06-23,135.93246459960938,138.27000427246094,138.58999633789062,135.6300048828125,136.82000732421875,72433800
2022-06-24,139.26512145996094,141.66000366210938,141.91000366210938,139.77000427246094,139.89999389648438,89116800
2022-06-27,139.26512145996094,141.66000366210938,143.49000549316406,140.97000122070312,142.6999969482422,70207900
2022-06-28,135.11648559570312,137.44000244140625,143.4199981689453,137.32000732421875,142.1300048828125,67083400
2022-06-29,136.876220703125,139.22999572753906,140.6699981689453,136.6699981689453,137.4600067138672,66242400
2022-06-30,134.4086456298828,136.72000122070312,138.3699951171875,133.77000427246094,137.25,98964500
2022-07-01,136.58128356933594,138.92999267578125,139.0399932861328,135.66000366210938,136.0399932861328,71051600
2022-07-05,139.16683959960938,141.55999755859375,141.61000061035156,136.92999267578125,137.77000427246094,73353800
2022-07-06,140.50384521484375,142.9199981689453,144.1199951171875,141.0800018310547,141.35000610351562,74064300
2022-07-07,143.8758544921875,146.35000610351562,146.5500030517578,143.27999877929688,143.2899932861328,66253700
2022-07-08,144.5541534423828,147.0399932861328,147.5500030517578,145.0,145.25999450683594,64547800
2022-07-11,142.42086791992188,144.8699951171875,146.63999938964844,143.77999877929688,145.6699981689453,63141600
2022-07-12,143.39413452148438,145.86000061035156,148.4499969482422,145.0500030517578,145.75999450683594,77588800
2022-07-13,143.0303955078125,145.49000549316406,146.4499969482422,142.1199951171875,142.99000549316406,71185600
2022-07-14,145.9600372314453,148.47000122070312,148.9499969482422,143.25,144.0800018310547,78140700
2022-07-15,147.63128662109375,150.1699981689453,150.86000061035156,148.1999969482422,149.77999877929688,76259900
2022-07-18,144.58367919921875,147.07000732421875,151.57000732421875,146.6999969482422,150.74000549316406,81420900
2022-07-19,148.44725036621094,151.0,151.22999572753906,146.91000366210938,147.9199981689453,82982400
2022-07-20,150.45274353027344,153.0399932861328,153.72000122070312,150.3699951171875,151.1199951171875,64823400
2022-07-21,152.72369384765625,155.35000610351562,155.57000732421875,151.94000244140625,154.5,65086600
2022-07-22,151.4849853515625,154.08999633789062,156.27999877929688,153.41000366210938,155.38999938964844,66675400
2022-07-25,150.36427307128906,152.9499969482422,155.0399932861328,152.27999877929688,154.00999450683594,53623900
2022-07-26,149.03709411621094,151.60000610351562,153.08999633789062,150.8000030517578,152.25999450683594,55138700
2022-07-27,154.1393585205078,156.7899932861328,157.3300018310547,152.16000366210938,152.5800018310547,78620700
2022-07-28,154.68988037109375,157.35000610351562,157.63999938964844,154.41000366210938,156.97999572753906,81378700
2022-07-29,159.76266479492188,162.50999450683594,163.6300048828125,159.5,161.24000549316406,101786900
2022-08-01,158.77955627441406,161.50999450683594,163.58999633789062,160.88999938964844,161.00999450683594,67829400
2022-08-02,157.30490112304688,160.00999450683594,162.41000366210938,159.6300048828125,160.10000610351562,59907000
2022-08-03,163.32147216796875,166.1300048828125,166.58999633789062,160.75,160.83999633789062,82507500
2022-08-04,163.0068817138672,165.80999755859375,167.19000244140625,164.42999267578125,166.00999450683594,55474100
2022-08-05,162.7804412841797,165.35000610351562,165.85000610351562,163.0,163.2100067138672,56697000
2022-08-08,162.30789184570312,164.8699951171875,167.80999755859375,164.1999969482422,166.3699951171875,60276900
2022-08-09,162.3571319580078,164.9199981689453,165.82000732421875,163.25,164.02000427246094,63135500
2022-08-10,166.6099853515625,169.24000549316406,169.33999633789062,166.89999389648438,167.67999267578125,70170500
2022-08-11,165.8716583251953,168.49000549316406,170.99000549316406,168.19000244140625,170.05999755859375,57149200
2022-08-12,169.425537109375,172.10000610351562,172.1699981689453,169.39999389648438,169.82000732421875,68039400
2022-08-15,170.4986114501953,173.19000244140625,173.38999938964844,171.35000610351562,171.52000427246094,54091700
2022-08-16,170.34107971191406,173.02999877929688,173.7100067138672,171.66000366210938,172.77999877929688,56377100
2022-08-17,171.8374786376953,174.5500030517578,176.14999389648438,172.57000732421875,172.77000427246094,79542000
2022-08-18,171.4436798095703,174.14999389648438,174.89999389648438,173.1199951171875,173.75,62290100
2022-08-19,168.8545684814453,171.52000427246094,173.74000549316406,171.30999755859375,173.02999877929688,70346300
2022-08-22,164.9659423828125,167.57000732421875,169.86000061035156,167.13999938964844,169.69000244140625,69026800
2022-08-23,164.63121032714844,167.22999572753906,168.7100067138672,166.64999389648438,167.0800018310547,54147100
2022-08-24,164.92654418945312,167.52999877929688,168.11000061035156,166.25,167.32000732421875,53841500
2022-08-25,167.38768005371094,170.02999877929688,170.13999938964844,168.35000610351562,168.77999877929688,51218200
2022-08-26,161.0773162841797,163.6199951171875,171.0500030517578,163.55999755859375,170.57000732421875,78961000
2022-08-29,158.8721160888672,161.3800048828125,162.89999389648438,159.82000732421875,161.14999389648438,73314000
2022-08-30,156.44052124023438,158.91000366210938,162.55999755859375,157.72000122070312,162.1300048828125,77906200
2022-08-31,154.77676391601562,157.22000122070312,160.5800018310547,157.13999938964844,160.30999755859375,87991100
2022-09-01,155.50527954101562,157.9600067138672,158.4199981689453,154.6699981689453,156.63999938964844,74229900
2022-09-02,153.38870239257812,155.80999755859375,160.36000061035156,154.97000122070312,159.75,76957800
2022-09-06,152.12860107421875,154.52999877929688,157.08999633789062,153.69000244140625,156.47000122070312,73714800
2022-09-07,153.53636169433594,155.9600067138672,156.6699981689453,153.61000061035156,154.82000732421875,87449600
2022-09-08,152.05966186523438,154.4600067138672,156.36000061035156,152.67999267578125,154.63999938964844,84923800
2022-09-09,154.92440795898438,157.3699951171875,157.82000732421875,154.75,155.47000122070312,68028800
2022-09-12,160.89027404785156,163.42999267578125,164.25999450683594,159.3000030517578,159.58999633789062,104956000
2022-09-13,151.4492950439453,153.83999633789062,160.5399932861328,153.3699951171875,159.89999389648438,122656600
2022-09-14,152.8964385986328,155.30999755859375,157.10000610351562,153.61000061035156,154.7899932861328,87965400
2022-09-15,150.0021209716797,152.3699951171875,155.24000549316406,151.3800048828125,154.64999389648438,90481100
2022-09-16,148.35812377929688,150.6999969482422,151.35000610351562,148.3699951171875,151.2100067138672,162278800
2022-09-19,152.07936096191406,154.47999572753906,154.55999755859375,149.10000610351562,149.30999755859375,81474200
2022-09-20,154.4617462158203,156.89999389648438,158.0800018310547,153.0800018310547,153.39999389648438,107689800
2022-09-21,151.3311767578125,153.72000122070312,158.74000549316406,153.60000610351562,157.33999633789062,101696800
2022-09-22,150.3664093017578,152.74000549316406,154.47000122070312,150.91000366210938,152.3800048828125,86652500
2022-09-23,148.09230041503906,150.42999267578125,151.47000122070312,148.55999755859375,151.19000244140625,96029900
2022-09-26,148.42703247070312,150.77000427246094,153.77000427246094,149.63999938964844,149.66000366210938,93339400
2022-09-27,149.40162658691406,151.75999450683594,154.72000122070312,149.9499969482422,152.74000549316406,84442700
2022-09-28,147.51144409179688,149.83999633789062,150.63999938964844,144.83999633789062,147.63999938964844,146691400
2022-09-29,140.26583862304688,142.47999572753906,146.72000122070312,140.67999267578125,146.10000610351562,128138200
2022-09-30,136.0523681640625,138.1999969482422,143.10000610351562,138.0,141.27999877929688,124925300
2022-10-03,140.23631286621094,142.4499969482422,143.07000732421875,137.69000244140625,138.2100067138672,114311700
2022-10-04,143.82957458496094,146.10000610351562,146.22000122070312,144.25999450683594,145.02999877929688,87830100
2022-10-05,144.1249237060547,146.39999389648438,147.3800048828125,143.00999450683594,144.07000732421875,79471000
2022-10-06,143.1699981689453,145.42999267578125,147.5399932861328,145.22000122070312,145.80999755859375,68402200
2022-10-07,137.91299438476562,140.08999633789062,143.10000610351562,139.4499969482422,142.5399932861328,85925600
2022-10-10,138.23782348632812,140.4199981689453,141.88999938964844,138.57000732421875,140.4199981689453,74899000
2022-10-11,136.8202362060547,138.97999572753906,141.35000610351562,138.22000122070312,139.89999389648438,77033700
2022-10-12,136.190185546875,138.33999633789062,140.36000061035156,138.16000366210938,139.1300048828125,70433700
2022-10-13,140.7678985595703,142.99000549316406,143.58999633789062,134.3699951171875,134.99000549316406,113224000
2022-10-14,136.22955322265625,138.3800048828125,144.52000427246094,138.19000244140625,144.30999755859375,88598000
2022-10-17,140.1969451904297,142.41000366210938,142.89999389648438,140.27000427246094,141.07000732421875,85250900
2022-10-18,141.51611328125,143.75,146.6999969482422,140.61000061035156,145.49000549316406,99136600
2022-10-19,141.6243896484375,143.86000061035156,144.9499969482422,141.5,141.69000244140625,61758300
2022-10-20,141.1616973876953,143.38999938964844,145.88999938964844,142.64999389648438,143.02000427246094,64522000
2022-10-21,144.98138427734375,147.27000427246094,147.85000610351562,142.64999389648438,142.8699951171875,86548600
2022-10-24,147.12754821777344,149.4499969482422,150.22999572753906,146.0,147.19000244140625,75981900
2022-10-25,149.9726104736328,152.33999633789062,152.49000549316406,149.36000061035156,150.08999633789062,74732300
2022-10-26,147.02908325195312,149.35000610351562,151.99000549316406,148.0399932861328,150.9600067138672,88194300
2022-10-27,142.5498046875,144.8000030517578,149.0500030517578,144.1300048828125,148.07000732421875,109180200
2022-10-28,153.31979370117188,155.74000549316406,157.5,147.82000732421875,148.1999969482422,164762400
2022-10-31,150.95706176757812,153.33999633789062,154.24000549316406,151.9199981689453,153.16000366210938,97943200
2022-11-01,148.30886840820312,150.64999389648438,155.4499969482422,149.1300048828125,155.0800018310547,80379300
2022-11-02,142.7761993408203,145.02999877929688,152.1699981689453,145.0,148.9499969482422,93604600
2022-11-03,136.72177124023438,138.8800048828125,142.8000030517578,138.75,142.05999755859375,97918500
2022-11-04,136.45553588867188,138.3800048828125,142.6699981689453,134.3800048828125,142.08999633789062,140814800
2022-11-07,136.988037109375,138.9199981689453,139.14999389648438,135.6699981689453,137.11000061035156,83374600
2022-11-08,137.55995178222656,139.5,141.42999267578125,137.49000549316406,140.41000366210938,89908500
2022-11-09,132.9943389892578,134.8699951171875,138.5500030517578,134.58999633789062,138.5,74917800
2022-11-10,144.8274688720703,146.8699951171875,146.8699951171875,139.5,141.24000549316406,118854000
2022-11-11,147.6180877685547,149.6999969482422,150.00999450683594,144.3699951171875,145.82000732421875,93979700
2022-11-14,146.21783447265625,148.27999877929688,150.27999877929688,147.42999267578125,148.97000122070312,73374100
2022-11-15,147.95339965820312,150.0399932861328,153.58999633789062,148.55999755859375,152.22000122070312,89868300
2022-11-16,146.7207794189453,148.7899932861328,149.8699951171875,147.2899932861328,149.1300048828125,64218300
2022-11-17,148.6239471435547,150.72000122070312,151.47999572753906,146.14999389648438,146.42999267578125,80389400
2022-11-18,149.1859893798828,151.2899932861328,152.6999969482422,149.97000122070312,152.30999755859375,74829600
2022-11-21,145.95162963867188,148.00999450683594,150.3699951171875,147.72000122070312,150.16000366210938,58724100
2022-11-22,148.09146118164062,150.17999267578125,150.4199981689453,146.92999267578125,148.1300048828125,51804100
2022-11-23,148.9690704345703,151.07000732421875,151.8300018310547,149.33999633789062,149.4499969482422,58301400
2022-11-25,146.05023193359375,148.11000061035156,148.8800048828125,147.1199951171875,148.30999755859375,35195900
2022-11-28,142.2143096923828,144.22000122070312,146.63999938964844,143.3800048828125,145.13999938964844,69246000
2022-11-29,139.2067413330078,141.1699981689453,144.80999755859375,140.35000610351562,144.2899932861328,83763800
2022-11-30,145.97134399414062,148.02999877929688,148.72000122070312,140.5500030517578,141.39999389648438,111380900
2022-12-01,146.2474365234375,148.30999755859375,149.1300048828125,146.61000061035156,148.2100067138672,71250400
2022-12-02,145.75439453125,147.80999755859375,148.0,145.64999389648438,145.9600067138672,65447400
2022-12-05,144.59080505371094,146.6300048828125,150.9199981689453,145.77000427246094,147.77000427246094,68826400
2022-12-06,140.92257690429688,142.91000366210938,147.3000030517578,141.9199981689453,147.07000732421875,64727200
2022-12-07,138.97994995117188,140.94000244140625,143.3699951171875,140.0,142.19000244140625,69721100
2022-12-08,140.66616821289062,142.64999389648438,143.52000427246094,141.10000610351562,142.36000061035156,62128300
2022-12-09,140.1829833984375,142.16000366210938,145.57000732421875,140.89999389648438,142.33999633789062,76097000
2022-12-12,142.4805908203125,144.49000549316406,144.5,141.05999755859375,142.6999969482422,70462700
2022-12-13,143.44696044921875,145.47000122070312,149.97000122070312,144.24000549316406,149.5,93886200
2022-12-14,141.21836853027344,143.2100067138672,146.66000366210938,141.16000366210938,145.35000610351562,82291200
2022-12-15,134.6016845703125,136.5,141.8000030517578,136.02999877929688,141.11000061035156,98931900
2022-12-16,132.6393585205078,134.50999450683594,137.64999389648438,133.72999572753906,136.69000244140625,160156900
2022-12-19,130.5290985107422,132.3699951171875,135.1999969482422,131.32000732421875,135.11000061035156,79592600
2022-12-20,130.46009826660156,132.3000030517578,133.25,129.88999938964844,131.38999938964844,77432800
2022-12-21,133.56629943847656,135.4499969482422,136.80999755859375,132.75,132.97999572753906,85928000
2022-12-22,130.39109802246094,132.22999572753906,134.55999755859375,130.3000030517578,134.35000610351562,77852100
2022-12-23,130.02622985839844,131.86000061035156,132.4199981689453,129.63999938964844,130.9199981689453,63814900
2022-12-27,128.22164916992188,130.02999877929688,131.41000366210938,128.72000122070312,131.3800048828125,69007800
2022-12-28,124.28714752197266,126.04000091552734,131.02999877929688,125.87000274658203,129.6699981689453,85438400
2022-12-29,127.80748748779297,129.61000061035156,130.47999572753906,127.7300033569336,127.98999786376953,75703700
2022-12-30,128.123046875,129.92999267578125,129.9499969482422,127.43000030517578,128.41000366210938,77034200
2023-01-03,123.33065032958984,125.06999969482422,130.89999389648438,124.16999816894531,130.27999877929688,112117500
2023-01-04,124.60269927978516,126.36000061035156,128.66000366210938,125.08000183105469,126.88999938964844,89113600
2023-01-05,123.28135681152344,125.0199966430664,127.7699966430664,124.76000213623047,127.12999725341797,80962700
2023-01-06,127.8173599243164,129.6199951171875,130.2899932861328,124.88999938964844,126.01000213623047,87754700
2023-01-09,128.33998107910156,130.14999389648438,133.41000366210938,129.88999938964844,130.47000122070312,70790800
2023-01-10,128.91192626953125,130.72999572753906,131.25999450683594,128.1199951171875,130.25999450683594,63896200
2023-01-11,131.63356018066406,133.49000549316406,133.50999450683594,130.4600067138672,131.25,69458900
2023-01-12,131.55467224121094,133.41000366210938,134.25999450683594,131.44000244140625,133.8800048828125,71379600
2023-01-13,132.88587951660156,134.75999450683594,134.9199981689453,131.66000366210938,132.02999877929688,57809700
2023-01-17,134.04949951171875,135.94000244140625,137.2899932861328,134.1300048828125,134.8300018310547,63646600
2023-01-18,133.3296356201172,135.2100067138672,138.61000061035156,135.02999877929688,136.82000732421875,69672800
2023-01-19,133.38880920410156,135.27000427246094,136.25,133.77000427246094,134.0800018310547,58280400
2023-01-20,135.95263671875,137.8699951171875,138.02000427246094,134.22000122070312,135.27999877929688,80223600
2023-01-23,139.1475830078125,141.11000061035156,143.32000732421875,137.89999389648438,138.1199951171875,81760300
2023-01-24,140.54783630371094,142.52999877929688,143.16000366210938,140.3000030517578,140.30999755859375,66435100
2023-01-25,139.8871307373047,141.86000061035156,142.42999267578125,138.80999755859375,140.88999938964844,65799300
2023-01-26,141.95794677734375,143.9600067138672,144.25,141.89999389648438,143.1699981689453,54105100
2023-01-27,143.90052795410156,145.92999267578125,147.22999572753906,143.0800018310547,143.16000366210938,70555800
2023-01-30,141.0113067626953,143.0,145.5500030517578,142.85000610351562,144.9600067138672,64015300
2023-01-31,142.28335571289062,144.2899932861328,144.33999633789062,142.27999877929688,142.6999969482422,65874500
2023-02-01,143.40750122070312,145.42999267578125,146.61000061035156,141.32000732421875,143.97000122070312,77663600
2023-02-02,148.7225341796875,150.82000732421875,151.17999267578125,148.1699981689453,148.89999389648438,118339000
2023-02-03,152.3513641357422,154.5,157.3800048828125,147.8300018310547,148.02999877929688,154357300
2023-02-06,149.619873046875,151.72999572753906,153.10000610351562,150.77999877929688,152.57000732421875,69858300
2023-02-07,152.499267578125,154.64999389648438,155.22999572753906,150.63999938964844,150.63999938964844,83322600
2023-02-08,149.80723571777344,151.9199981689453,154.5800018310547,151.1699981689453,153.8800048828125,64120100
2023-02-09,148.77182006835938,150.8699951171875,154.3300018310547,150.4199981689453,153.77999877929688,56007100
2023-02-10,149.13726806640625,151.00999450683594,151.33999633789062,149.22000122070312,149.4600067138672,57450700
2023-02-13,151.94204711914062,153.85000610351562,154.25999450683594,150.9199981689453,150.9499969482422,62199000
2023-02-14,151.30010986328125,153.1999969482422,153.77000427246094,150.86000061035156,152.1199951171875,61707600
2023-02-15,153.40370178222656,155.3300018310547,155.5,152.8800048828125,153.11000061035156,65573800
2023-02-16,151.8037872314453,153.7100067138672,156.3300018310547,153.35000610351562,153.50999450683594,68167900
2023-02-17,150.65817260742188,152.5500030517578,153.0,150.85000610351562,152.35000610351562,59144100
2023-02-21,146.63864135742188,148.47999572753906,151.3000030517578,148.41000366210938,150.1999969482422,58867200
2023-02-22,147.0633087158203,148.91000366210938,149.9499969482422,147.16000366210938,148.8699951171875,51011300
2023-02-23,147.5471954345703,149.39999389648438,150.33999633789062,147.24000549316406,150.08999633789062,48394200
2023-02-24,144.89060974121094,146.7100067138672,147.19000244140625,145.72000122070312,147.11000061035156,55469600
2023-02-27,146.08555603027344,147.9199981689453,149.1699981689453,147.4499969482422,147.7100067138672,44998500
2023-02-28,145.58192443847656,147.41000366210938,149.0800018310547,146.8300018310547,147.0500030517578,50547000
2023-03-01,143.50796508789062,145.30999755859375,147.22999572753906,145.00999450683594,146.8300018310547,55479000
2023-03-02,144.10049438476562,145.91000366210938,146.7100067138672,143.89999389648438,144.3800048828125,52238100
2023-03-03,149.15701293945312,151.02999877929688,151.11000061035156,147.3300018310547,148.0399932861328,70732300
2023-03-06,151.9222869873047,153.8300018310547,156.3000030517578,153.4600067138672,153.7899932861328,87558000
2023-03-07,149.71994018554688,151.60000610351562,154.02999877929688,151.1300048828125,153.6999969482422,56182000
2023-03-08,150.97418212890625,152.8699951171875,153.47000122070312,151.8300018310547,152.80999755859375,47204800
2023-03-09,148.72247314453125,150.58999633789062,154.5399932861328,150.22999572753906,153.55999755859375,53833600
2023-03-10,146.6583709716797,148.5,150.94000244140625,147.61000061035156,150.2100067138672,68572400
2023-03-13,148.60394287109375,150.47000122070312,153.13999938964844,147.6999969482422,147.80999755859375,84457100
2023-03-14,150.69764709472656,152.58999633789062,153.39999389648438,150.10000610351562,151.27999877929688,73695900
2023-03-15,151.09271240234375,152.99000549316406,153.25,149.9199981689453,151.19000244140625,77167900
2023-03-16,153.917236328125,155.85000610351562,156.4600067138672,151.63999938964844,152.16000366210938,76161100
2023-03-17,153.07777404785156,155.0,156.74000549316406,154.27999877929688,156.0800018310547,98944600
2023-03-20,155.44798278808594,157.39999389648438,157.82000732421875,154.14999389648438,155.07000732421875,73641400
2023-03-21,157.30471801757812,159.27999877929688,159.39999389648438,156.5399932861328,157.32000732421875,73938300
2023-03-22,155.87271118164062,157.8300018310547,162.13999938964844,157.80999755859375,159.3000030517578,75701800
2023-03-23,156.9590301513672,158.92999267578125,161.5500030517578,157.67999267578125,158.8300018310547,67622100
2023-03-24,158.26266479492188,160.25,160.33999633789062,157.85000610351562,158.86000061035156,59196500
2023-03-27,156.3170928955078,158.27999877929688,160.77000427246094,157.8699951171875,159.94000244140625,52390300
2023-03-28,155.69488525390625,157.64999389648438,158.49000549316406,155.97999572753906,157.97000122070312,45992200
2023-03-29,158.77621459960938,160.77000427246094,161.0500030517578,159.35000610351562,159.3699951171875,51305700
2023-03-30,160.34649658203125,162.36000061035156,162.47000122070312,161.27000427246094,161.52999877929688,49501700
2023-03-31,162.85499572753906,164.89999389648438,165.0,161.91000366210938,162.44000244140625,68749800
2023-04-03,164.1092529296875,166.1699981689453,166.2899932861328,164.22000122070312,164.27000427246094,56976200
2023-04-04,163.57598876953125,165.6300048828125,166.83999633789062,165.11000061035156,166.60000610351562,46278300
2023-04-05,161.72914123535156,163.75999450683594,165.0500030517578,161.8000030517578,164.74000549316406,51511700
2023-04-06,162.6179962158203,164.66000366210938,164.9600067138672,162.0,162.42999267578125,45390100
2023-04-10,160.02059936523438,162.02999877929688,162.02999877929688,160.0800018310547,161.4199981689453,47716900
2023-04-11,158.8058624267578,160.8000030517578,162.36000061035156,160.50999450683594,162.35000610351562,47644200
2023-04-12,158.11453247070312,160.10000610351562,162.05999755859375,159.77999877929688,161.22000122070312,50133100
2023-04-13,163.5068359375,165.55999755859375,165.8000030517578,161.4199981689453,161.6300048828125,68445600
2023-04-14,163.16119384765625,165.2100067138672,166.32000732421875,163.82000732421875,164.58999633789062,49386500
2023-04-17,163.18089294433594,165.22999572753906,165.38999938964844,164.02999877929688,165.08999633789062,41516200
2023-04-18,164.405517578125,166.47000122070312,167.41000366210938,165.64999389648438,166.10000610351562,49923000
2023-04-19,165.55116271972656,167.6300048828125,168.16000366210938,165.5399932861328,165.8000030517578,47720200
2023-04-20,164.58326721191406,166.64999389648438,167.8699951171875,165.55999755859375,166.08999633789062,52456400
2023-04-21,162.97354125976562,165.02000427246094,166.4499969482422,164.49000549316406,165.0500030517578,58337300
2023-04-24,163.27967834472656,165.3300018310547,165.60000610351562,163.88999938964844,165.0,41949600
2023-04-25,161.73899841308594,163.77000427246094,166.30999755859375,163.72999572753906,165.19000244140625,48714100
2023-04-26,161.72914123535156,163.75999450683594,165.27999877929688,162.8000030517578,163.05999755859375,45498800
2023-04-27,166.32147216796875,168.41000366210938,168.55999755859375,165.19000244140625,165.19000244140625,64902300
2023-04-28,167.57569885253906,169.67999267578125,169.85000610351562,167.8800048828125,168.49000549316406,55275900
2023-05-01,167.48683166503906,169.58999633789062,170.4499969482422,168.63999938964844,169.27999877929688,52472900
2023-05-02,166.44985961914062,168.5399932861328,170.35000610351562,167.5399932861328,170.08999633789062,48425700
2023-05-03,165.37339782714844,167.4499969482422,170.9199981689453,167.16000366210938,169.5,65136000
2023-05-04,163.7339630126953,165.7899932861328,167.0399932861328,164.30999755859375,164.88999938964844,81235400
2023-05-05,171.41749572753906,173.57000732421875,174.3000030517578,170.75999450683594,170.97999572753906,113453200
2023-05-08,171.34835815429688,173.5,173.85000610351562,172.11000061035156,172.47999572753906,55962800
2023-05-09,169.6398162841797,171.77000427246094,173.5399932861328,171.60000610351562,173.0500030517578,45326900
2023-05-10,171.4075927734375,173.55999755859375,174.02999877929688,171.89999389648438,173.02000427246094,53724500
2023-05-11,171.5952606201172,173.75,174.58999633789062,172.1699981689453,173.85000610351562,49514700
2023-05-12,170.6656036376953,172.57000732421875,174.05999755859375,171.0,173.6199951171875,45533100
2023-05-15,170.171142578125,172.07000732421875,173.2100067138672,171.47000122070312,173.16000366210938,37266700
2023-05-16,170.171142578125,172.07000732421875,173.13999938964844,171.8000030517578,171.99000549316406,42110300
2023-05-17,170.7843017578125,172.69000244140625,172.92999267578125,170.4199981689453,171.7100067138672,57951600
2023-05-18,173.11825561523438,175.0500030517578,175.24000549316406,172.5800018310547,173.0,65496700
2023-05-19,173.22706604003906,175.16000366210938,176.38999938964844,174.94000244140625,176.38999938964844,55809500
2023-05-22,172.2776336669922,174.1999969482422,174.7100067138672,173.4499969482422,173.97999572753906,43570900
2023-05-23,169.66677856445312,171.55999755859375,173.3800048828125,171.27999877929688,173.1300048828125,50747300
2023-05-24,169.94366455078125,171.83999633789062,172.4199981689453,170.52000427246094,171.08999633789062,45143500
2023-05-25,171.08099365234375,172.99000549316406,173.89999389648438,171.69000244140625,172.41000366210938,56058300
2023-05-26,173.49403381347656,175.42999267578125,175.77000427246094,173.11000061035156,173.32000732421875,54835000
2023-05-30,175.34344482421875,177.3000030517578,178.99000549316406,176.57000732421875,176.9600067138672,55964400
2023-05-31,175.29397583007812,177.25,179.35000610351562,176.75999450683594,177.3300018310547,99625300
2023-06-01,178.10263061523438,180.08999633789062,180.1199951171875,176.92999267578125,177.6999969482422,68901800
2023-06-02,178.95314025878906,180.9499969482422,181.77999877929688,179.25999450683594,181.02999877929688,61996900
2023-06-05,177.59828186035156,179.5800018310547,184.9499969482422,178.0399932861328,182.6300048828125,121946500
2023-06-06,177.23231506347656,179.2100067138672,180.1199951171875,177.42999267578125,179.97000122070312,64848400
2023-06-07,175.85769653320312,177.82000732421875,181.2100067138672,177.32000732421875,178.44000244140625,61944600
2023-06-08,178.5773162841797,180.57000732421875,180.83999633789062,177.4600067138672,177.89999389648438,50214900
2023-06-09,178.96304321289062,180.9600067138672,182.22999572753906,180.6300048828125,181.5,48900000
2023-06-12,181.7617950439453,183.7899932861328,183.88999938964844,180.97000122070312,181.27000427246094,54274900
2023-06-13,181.28707885742188,183.30999755859375,184.14999389648438,182.44000244140625,182.8000030517578,54929100
2023-06-14,181.9200439453125,183.9499969482422,184.38999938964844,182.02000427246094,183.3699951171875,57462900
2023-06-15,183.9573211669922,186.00999450683594,186.52000427246094,183.77999877929688,183.9600067138672,65433200
2023-06-16,182.8793182373047,184.9199981689453,186.99000549316406,184.27000427246094,186.72999572753906,101256200
2023-06-20,182.96835327148438,185.00999450683594,186.10000610351562,184.41000366210938,184.41000366210938,49799100
2023-06-21,181.92994689941406,183.9600067138672,185.41000366210938,182.58999633789062,184.89999389648438,49515700
2023-06-22,184.93637084960938,187.0,187.0500030517578,183.6699981689453,183.74000549316406,51245300
2023-06-23,184.619873046875,186.67999267578125,187.55999755859375,185.00999450683594,185.5500030517578,53117000
2023-06-26,183.2254638671875,185.27000427246094,188.0500030517578,185.22999572753906,186.8300018310547,48088700
2023-06-27,185.98468017578125,188.05999755859375,188.38999938964844,185.6699981689453,185.88999938964844,50730800
2023-06-28,187.16156005859375,189.25,189.89999389648438,187.60000610351562,187.92999267578125,51216800
2023-06-29,187.49781799316406,189.58999633789062,190.07000732421875,188.94000244140625,189.0800018310547,46347300
2023-06-30,191.8294677734375,193.97000122070312,194.47999572753906,191.25999450683594,191.6300048828125,85213200
2023-07-03,190.3361358642578,192.4600067138672,193.8800048828125,191.75999450683594,193.77999877929688,31458200
2023-07-05,189.21859741210938,191.3300018310547,192.97999572753906,190.6199951171875,191.57000732421875,46920300
2023-07-06,189.6932830810547,191.80999755859375,192.02000427246094,189.1999969482422,189.83999633789062,45094300
2023-07-07,188.57574462890625,190.67999267578125,192.6699981689453,190.24000549316406,191.41000366210938,46815000
2023-07-10,186.52862548828125,188.61000061035156,189.99000549316406,187.0399932861328,189.25999450683594,59922200
2023-07-11,186.00448608398438,188.0800018310547,189.3000030517578,186.60000610351562,189.16000366210938,46638100
2023-07-12,187.67581176757812,189.77000427246094,191.6999969482422,188.47000122070312,189.67999267578125,60750200
2023-07-13,188.4373016357422,190.5399932861328,191.19000244140625,189.77999877929688,190.5,41342300
2023-07-14,188.5856475830078,190.69000244140625,191.17999267578125,189.6300048828125,190.22999572753906,41616200
2023-07-17,191.8492431640625,193.99000549316406,194.32000732421875,191.80999755859375,191.89999389648438,50520200
2023-07-18,191.5921173095703,193.72999572753906,194.3300018310547,192.4199981689453,193.35000610351562,48288200
2023-07-19,192.94699096679688,195.10000610351562,198.22999572753906,192.64999389648438,193.10000610351562,80507300
2023-07-20,190.99874877929688,193.1300048828125,196.47000122070312,192.5,195.08999633789062,59581200
2023-07-21,189.82188415527344,191.94000244140625,194.97000122070312,191.22999572753906,194.10000610351562,71951700
2023-07-24,190.6229248046875,192.75,194.91000366210938,192.25,193.41000366210938,45377800
2023-07-25,191.48330688476562,193.6199951171875,194.44000244140625,192.9199981689453,193.3300018310547,37283200
2023-07-26,192.35362243652344,194.5,195.63999938964844,193.32000732421875,193.6699981689453,47471900
2023-07-27,191.08775329589844,193.22000122070312,197.1999969482422,192.5500030517578,196.02000427246094,47460200
2023-07-28,193.66896057128906,195.8300018310547,196.6300048828125,194.13999938964844,194.6699981689453,48291400
2023-07-31,194.28207397460938,196.4499969482422,196.49000549316406,195.25999450683594,196.05999755859375,38824100
2023-08-01,193.45138549804688,195.61000061035156,196.72999572753906,195.27999877929688,196.24000549316406,35175100
2023-08-02,190.45480346679688,192.5800018310547,195.17999267578125,191.85000610351562,195.0399932861328,50389300
2023-08-03,189.06033325195312,191.1699981689453,192.3699951171875,190.69000244140625,191.57000732421875,61235200
2023-08-04,179.98167419433594,181.99000549316406,187.3800048828125,181.9199981689453,185.52000427246094,115956800
2023-08-07,176.87632751464844,178.85000610351562,183.1300048828125,177.35000610351562,182.1300048828125,97576100
2023-08-08,177.81582641601562,179.8000030517578,180.27000427246094,177.5800018310547,179.69000244140625,67823000
2023-08-09,176.2235870361328,178.19000244140625,180.92999267578125,177.00999450683594,180.8699951171875,60378500
2023-08-10,176.0060272216797,177.97000122070312,180.75,177.60000610351562,179.47999572753906,54686900
2023-08-11,176.0654296875,177.7899932861328,178.6199951171875,176.5500030517578,177.32000732421875,52036700
2023-08-14,177.71926879882812,179.4600067138672,179.69000244140625,177.30999755859375,177.97000122070312,43675600
2023-08-15,175.728759765625,177.4499969482422,179.47999572753906,177.0500030517578,178.8800048828125,43622600
2023-08-16,174.8572998046875,176.57000732421875,178.5399932861328,176.5,177.1300048828125,46964900
2023-08-17,172.3122100830078,174.0,177.50999450683594,173.47999572753906,177.13999938964844,66062900
2023-08-18,172.79747009277344,174.49000549316406,175.10000610351562,171.9600067138672,172.3000030517578,61172200
2023-08-21,174.13436889648438,175.83999633789062,176.1300048828125,173.74000549316406,175.07000732421875,46311900
2023-08-22,175.51089477539062,177.22999572753906,177.67999267578125,176.25,177.05999755859375,42038900
2023-08-23,179.3631591796875,181.1199951171875,181.5500030517578,178.3300018310547,178.52000427246094,52722800
2023-08-24,174.66912841796875,176.3800048828125,181.10000610351562,176.00999450683594,180.6699981689453,54945800
2023-08-25,176.87750244140625,178.61000061035156,179.14999389648438,175.82000732421875,177.3800048828125,51449600
2023-08-28,178.44216918945312,180.19000244140625,180.58999633789062,178.5500030517578,180.08999633789062,43820700
2023-08-29,182.33404541015625,184.1199951171875,184.89999389648438,179.5,179.6999969482422,53003900
2023-08-30,185.8297882080078,187.64999389648438,187.85000610351562,184.74000549316406,184.94000244140625,60813900
2023-08-31,186.04766845703125,187.8699951171875,189.1199951171875,187.47999572753906,187.83999633789062,60794500
2023-09-01,187.6222381591797,189.4600067138672,189.9199981689453,188.27999877929688,189.49000549316406,45766500
2023-09-05,187.8599090576172,189.6999969482422,189.97999572753906,187.61000061035156,188.27999877929688,45280000
2023-09-06,181.13580322265625,182.91000366210938,188.85000610351562,181.47000122070312,188.39999389648438,81755800
2023-09-07,175.83766174316406,177.55999755859375,178.2100067138672,173.5399932861328,175.17999267578125,112488800
2023-09-08,176.45164489746094,178.17999267578125,180.24000549316406,177.7899932861328,178.35000610351562,65551300
2023-09-11,177.62020874023438,179.36000061035156,180.3000030517578,177.33999633789062,180.07000732421875,58953100
2023-09-12,174.5899200439453,176.3000030517578,180.1300048828125,174.82000732421875,179.49000549316406,90370200
2023-09-13,172.52020263671875,174.2100067138672,177.3000030517578,173.97999572753906,176.50999450683594,84267900
2023-09-14,174.0353240966797,175.74000549316406,176.10000610351562,173.5800018310547,174.0,60895800
2023-09-15,173.3123779296875,175.00999450683594,176.5,173.82000732421875,176.47999572753906,109259500
2023-09-18,176.2436981201172,177.97000122070312,179.3800048828125,176.1699981689453,176.47999572753906,67257600
2023-09-19,177.33302307128906,179.07000732421875,179.6300048828125,177.1300048828125,177.52000427246094,51826900
2023-09-20,173.7877655029297,175.49000549316406,179.6999969482422,175.39999389648438,179.25999450683594,58436200
2023-09-21,172.24288940429688,173.92999267578125,176.3000030517578,173.86000061035156,174.5500030517578,63149100
2023-09-22,173.09454345703125,174.7899932861328,177.0800018310547,174.0500030517578,174.6699981689453,56725400
2023-09-25,174.37203979492188,176.0800018310547,176.97000122070312,174.14999389648438,174.1999969482422,46172700
2023-09-26,170.2919921875,171.9600067138672,175.1999969482422,171.66000366210938,174.82000732421875,64588900
2023-09-27,168.77684020996094,170.42999267578125,173.0399932861328,169.0500030517578,172.6199951171875,66921800
2023-09-28,169.03433227539062,170.69000244140625,172.02999877929688,167.6199951171875,169.33999633789062,56294400
2023-09-29,169.5492706298828,171.2100067138672,173.07000732421875,170.33999633789062,172.02000427246094,51861100
2023-10-02,172.0646514892578,173.75,174.3000030517578,170.92999267578125,171.22000122070312,52164500
2023-10-03,170.72772216796875,172.39999389648438,173.6300048828125,170.82000732421875,172.25999450683594,49594600
2023-10-04,171.97549438476562,173.66000366210938,174.2100067138672,170.97000122070312,171.08999633789062,53020300
2023-10-05,173.21339416503906,174.91000366210938,175.4499969482422,172.67999267578125,173.7899932861328,48527900
2023-10-06,175.76837158203125,177.49000549316406,177.99000549316406,173.17999267578125,173.8000030517578,57266700
2023-10-09,177.25381469726562,178.99000549316406,179.0500030517578,175.8000030517578,176.80999755859375,42390800
2023-10-10,176.6596221923828,178.38999938964844,179.72000122070312,177.9499969482422,178.10000610351562,43698000
2023-10-11,178.05593872070312,179.8000030517578,179.85000610351562,177.60000610351562,178.1999969482422,47551100
2023-10-12,178.95713806152344,180.7100067138672,182.33999633789062,179.0399932861328,180.07000732421875,56743100
2023-10-13,177.11517333984375,178.85000610351562,181.92999267578125,178.13999938964844,181.4199981689453,51427100
2023-10-16,176.9864044189453,178.72000122070312,179.0800018310547,176.50999450683594,176.75,52517000
2023-10-17,175.431640625,177.14999389648438,178.4199981689453,174.8000030517578,176.64999389648438,57549400
2023-10-18,174.13436889648438,175.83999633789062,177.5800018310547,175.11000061035156,175.5800018310547,54764400
2023-10-19,173.758056640625,175.4600067138672,177.83999633789062,175.19000244140625,176.0399932861328,59302900
2023-10-20,171.20309448242188,172.8800048828125,175.4199981689453,172.63999938964844,175.30999755859375,64244000
2023-10-23,171.3218994140625,173.0,174.00999450683594,169.92999267578125,170.91000366210938,55980100
2023-10-24,171.7576446533203,173.44000244140625,173.6699981689453,171.4499969482422,173.0500030517578,43816600
2023-10-25,169.44036865234375,171.10000610351562,173.05999755859375,170.64999389648438,171.8800048828125,57157000
2023-10-26,165.2711639404297,166.88999938964844,171.3800048828125,165.6699981689453,170.3699951171875,70625300
2023-10-27,166.58828735351562,168.22000122070312,168.9600067138672,166.8300018310547,166.91000366210938,58499100
2023-10-30,168.63819885253906,170.2899932861328,171.1699981689453,168.8699951171875,169.02000427246094,51131000
2023-10-31,169.11355590820312,170.77000427246094,170.89999389648438,167.89999389648438,169.35000610351562,44846000
2023-11-01,172.28248596191406,173.97000122070312,174.22999572753906,170.1199951171875,171.0,56934900
2023-11-02,175.84762573242188,177.57000732421875,177.77999877929688,175.4600067138672,175.52000427246094,77334800
2023-11-03,174.93650817871094,176.64999389648438,176.82000732421875,173.35000610351562,174.24000549316406,79829200
2023-11-06,177.49151611328125,179.22999572753906,179.42999267578125,176.2100067138672,176.3800048828125,63841300
2023-11-07,180.05636596679688,181.82000732421875,182.44000244140625,178.97000122070312,179.17999267578125,70530000
2023-11-08,181.115966796875,182.88999938964844,183.4499969482422,181.58999633789062,182.35000610351562,49340300
2023-11-09,180.64065551757812,182.41000366210938,184.1199951171875,181.80999755859375,182.9600067138672,53763500
2023-11-10,184.83511352539062,186.39999389648438,186.57000732421875,183.52999877929688,183.97000122070312,66133400
2023-11-13,183.24855041503906,184.8000030517578,186.02999877929688,184.2100067138672,185.82000732421875,43627500
2023-11-14,185.8664093017578,187.44000244140625,188.11000061035156,186.3000030517578,187.6999969482422,60108400
2023-11-15,186.43161010742188,188.00999450683594,189.5,187.77999877929688,187.85000610351562,53790500
2023-11-16,188.11734008789062,189.7100067138672,190.9600067138672,188.64999389648438,189.57000732421875,54412900
2023-11-17,188.09751892089844,189.69000244140625,190.3800048828125,188.57000732421875,190.25,50922700
2023-11-20,189.84271240234375,191.4499969482422,191.91000366210938,189.8800048828125,189.88999938964844,46505100
2023-11-21,189.03952026367188,190.63999938964844,191.52000427246094,189.74000549316406,191.41000366210938,38134500
2023-11-22,189.70391845703125,191.30999755859375,192.92999267578125,190.8300018310547,191.49000549316406,39617700
2023-11-24,188.37515258789062,189.97000122070312,190.89999389648438,189.25,190.8699951171875,24048300
2023-11-27,188.1966552734375,189.7899932861328,190.6699981689453,188.89999389648438,189.9199981689453,40552600
2023-11-28,188.80154418945312,190.39999389648438,191.0800018310547,189.39999389648438,189.77999877929688,38415400
2023-11-29,187.7801971435547,189.3699951171875,192.08999633789062,188.97000122070312,190.89999389648438,43014200
2023-11-30,188.35533142089844,189.9499969482422,190.32000732421875,188.19000244140625,189.83999633789062,48794400
2023-12-01,189.63450622558594,191.24000549316406,191.55999755859375,189.22999572753906,190.3300018310547,45704800
2023-12-04,187.8396759033203,189.42999267578125,190.0500030517578,187.4499969482422,189.97999572753906,43389500
2023-12-05,191.7961883544922,193.4199981689453,194.39999389648438,190.17999267578125,190.2100067138672,66628400
2023-12-06,190.70542907714844,192.32000732421875,194.75999450683594,192.11000061035156,194.4499969482422,41089700
2023-12-07,192.63906860351562,194.27000427246094,195.0,193.58999633789062,193.6300048828125,47477700
2023-12-08,194.06695556640625,195.7100067138672,195.99000549316406,193.6699981689453,194.1999969482422,53406400
2023-12-11,191.55821228027344,193.17999267578125,193.49000549316406,191.4199981689453,193.11000061035156,60943700
2023-12-12,193.0753631591797,194.7100067138672,194.72000122070312,191.72000122070312,193.0800018310547,52696900
2023-12-13,196.29808044433594,197.9600067138672,198.0,194.85000610351562,195.08999633789062,70404200
2023-12-14,196.44683837890625,198.11000061035156,199.6199951171875,196.16000366210938,198.02000427246094,66831600
2023-12-15,195.91136169433594,197.57000732421875,198.39999389648438,197.0,197.52999877929688,128538400
2023-12-18,194.24546813964844,195.88999938964844,196.6300048828125,194.38999938964844,196.08999633789062,55751900
2023-12-19,195.28665161132812,196.94000244140625,196.9499969482422,195.88999938964844,196.16000366210938,40714100
2023-12-20,193.1943359375,194.8300018310547,197.67999267578125,194.8300018310547,196.89999389648438,52242800
2023-12-21,193.0456085205078,194.67999267578125,197.0800018310547,193.5,196.10000610351562,46482500
2023-12-22,191.97470092773438,193.60000610351562,195.41000366210938,192.97000122070312,195.17999267578125,37149600
2023-12-26,191.42929077148438,193.0500030517578,193.88999938964844,192.8300018310547,193.61000061035156,28919300
2023-12-27,191.5284423828125,193.14999389648438,193.5,191.08999633789062,192.49000549316406,48087700
2023-12-28,191.954833984375,193.5800018310547,194.66000366210938,193.1699981689453,194.13999938964844,34049900
2023-12-29,190.91363525390625,192.52999877929688,194.39999389648438,191.72999572753906,193.89999389648438,42672100
