Price,Adj Close,Close,High,Low,Open,Volume
Ticker,AAPL,AAPL,AAPL,AAPL,AAPL,AAPL
Date,,,,,,
2014-01-02,17.192834854125977,19.754642486572266,19.89392852783203,19.71500015258789,19.845714569091797,234684800
2014-01-03,16.815168380737305,19.320714950561523,19.774999618530273,19.301071166992188,19.7450008392334,392467600
2014-01-06,16.906862258911133,19.426071166992188,19.5285701751709,19.05714225769043,19.194643020629883,412610800
2014-01-07,16.785951614379883,19.28714370727539,19.498571395874023,19.211429595947266,19.440000534057617,317209200
2014-01-08,16.892250061035156,19.409286499023438,19.484285354614258,19.238929748535156,19.243213653564453,258529600
2014-01-09,16.676536560058594,19.161428451538086,19.53071403503418,19.11964225769043,19.5285701751709,279148800
2014-01-10,16.565261840820312,19.033571243286133,19.314285278320312,18.96821403503418,19.27964210510254,304976000
2014-01-13,16.651987075805664,19.133214950561523,19.375,18.924285888671875,18.925357818603516,378492800
2014-01-14,16.983327865600586,19.51392936706543,19.526071548461914,19.2021427154541,19.222143173217773,332561600
2014-01-15,17.32430648803711,19.90571403503418,20.007143020629883,19.7021427154541,19.768571853637695,391638800
2014-01-16,17.227632522583008,19.79464340209961,19.887500762939453,19.702856063842773,19.81785774230957,229278000
2014-01-17,16.80552864074707,19.309642791748047,19.716785430908203,19.282142639160156,19.695714950561523,426739600
2014-01-21,17.066627502441406,19.609643936157227,19.645357131958008,19.30071449279785,19.32107162475586,328526800
2014-01-22,17.142467498779297,19.696786880493164,19.903213500976562,19.56464385986328,19.675357818603516,379985200
2014-01-23,17.28763198852539,19.863571166992188,19.875,19.457500457763672,19.640714645385742,403239200
2014-01-24,16.97338104248047,19.502500534057617,19.843570709228516,19.45535659790039,19.78571319580078,429354800
2014-01-27,17.1110782623291,19.66071319580078,19.814285278320312,19.491071701049805,19.645357131958008,554878800
2014-01-28,15.743435859680176,18.08928680419922,18.39285659790039,17.93107032775879,18.170000076293945,1065523200
2014-01-29,15.564713478088379,17.883928298950195,18.120357513427734,17.807857513427734,17.998214721679688,502810000
2014-01-30,15.53455924987793,17.849285125732422,18.08928680419922,17.739286422729492,17.947856903076172,678501600
2014-01-31,15.560040473937988,17.878570556640625,17.911785125732422,17.626785278320312,17.684999465942383,464797200
2014-02-03,15.588951110839844,17.911785125732422,18.133214950561523,17.832143783569336,17.95035743713379,401464000
2014-02-04,15.814620018005371,18.171070098876953,18.19499969482422,17.955713272094727,18.066070556640625,376681200
2014-02-05,15.932730674743652,18.306785583496094,18.402856826782227,18.08035659790039,18.091428756713867,328344800
2014-02-06,16.025592803955078,18.30392837524414,18.33928680419922,18.136070251464844,18.216428756713867,257765200
2014-02-07,16.249792098999023,18.559999465942383,18.676071166992188,18.47785758972168,18.62071418762207,370280400
2014-02-10,16.540904998779297,18.892499923706055,18.999643325805664,18.5,18.523571014404297,345559200
2014-02-11,16.758848190307617,19.141429901123047,19.20535659790039,18.91071319580078,18.95035743713379,282256800
2014-02-12,16.757593154907227,19.139999389648438,19.270000457763672,19.044286727905273,19.176786422729492,308100800
2014-02-13,17.023696899414062,19.44392967224121,19.45892906188965,19.078571319580078,19.094999313354492,307398000
2014-02-14,17.00994110107422,19.428213119506836,19.499286651611328,19.328929901123047,19.37392807006836,272924400
2014-02-18,17.07247543334961,19.499643325805664,19.68535614013672,19.48607063293457,19.5,260251600
2014-02-19,16.802934646606445,19.19178581237793,19.53178596496582,19.08392906188965,19.45535659790039,313768000
2014-02-20,16.60844612121582,18.969642639160156,19.178571701049805,18.89285659790039,19.035356521606445,305858000
2014-02-21,16.423959732055664,18.758928298950195,19.091785430908203,18.735713958740234,19.028213500976562,278784800
2014-02-24,16.49587631225586,18.8410701751709,18.92571449279785,18.65785789489746,18.683929443359375,288909600
2014-02-25,16.324214935302734,18.645000457763672,18.9132137298584,18.60714340209961,18.906429290771484,231952000
2014-02-26,16.176929473876953,18.47678565979004,18.75,18.41428565979004,18.70035743713379,276217200
2014-02-27,16.499637603759766,18.84535789489746,18.885000228881836,18.430356979370117,18.46928596496582,301882000
2014-02-28,16.454923629760742,18.794286727905273,19.02678680419922,18.64714241027832,18.895713806152344,371968800
2014-03-03,16.50244903564453,18.84857177734375,18.951786041259766,18.671785354614258,18.693571090698242,238781200
2014-03-04,16.611257553100586,18.972856521606445,19.022857666015625,18.848928451538086,18.96428680419922,259140000
2014-03-05,16.646284103393555,19.01285743713379,19.09821319580078,18.897499084472656,18.961429595947266,200062800
2014-03-06,16.595937728881836,18.95535659790039,19.087142944335938,18.860713958740234,19.028213500976562,185488800
2014-03-07,16.58624839782715,18.944286346435547,18.999286651611328,18.787500381469727,18.967500686645508,220729600
2014-03-10,16.601255416870117,18.961429595947266,19.047500610351562,18.869285583496094,18.8700008392334,178584000
2014-03-11,16.762916564941406,19.14607048034668,19.240713119506836,19.02107048034668,19.123214721679688,279224400
2014-03-12,16.779170989990234,19.164642333984375,19.191070556640625,19.0,19.089643478393555,199326400
2014-03-13,16.592815399169922,18.951786041259766,19.273571014404297,18.898571014404297,19.194286346435547,257742800
2014-03-14,16.406450271606445,18.738929748535156,18.960357666015625,18.678571701049805,18.885356903076172,237199200
2014-03-17,16.47055435180664,18.812143325805664,18.927499771118164,18.780357360839844,18.8464298248291,199544800
2014-03-18,16.61626434326172,18.97857093811035,18.99892807006836,18.757143020629883,18.782142639160156,209647200
2014-03-19,16.61189079284668,18.97357177734375,19.15142822265625,18.89285659790039,19.009286880493164,224756000
2014-03-20,16.531837463378906,18.882143020629883,19.023929595947266,18.83392906188965,18.92464256286621,208398400
2014-03-21,16.662229537963867,19.031070709228516,19.0625,18.797500610351562,18.997499465942383,374046400
2014-03-24,16.85984992980957,19.256786346435547,19.303571701049805,19.109285354614258,19.229286193847656,355700800
2014-03-25,17.041210174560547,19.46392822265625,19.491071701049805,19.27107048034668,19.33928680419922,282293200
2014-03-26,16.8782901763916,19.277856826782227,19.60714340209961,19.2450008392334,19.518571853637695,299768000
2014-03-27,16.80575180053711,19.19499969482422,19.33928680419922,19.11142921447754,19.286428451538086,222031600
2014-03-28,16.786996841430664,19.17357063293457,19.24785614013672,19.08035659790039,19.2257137298584,200564000
2014-03-31,16.783235549926758,19.169286727905273,19.31464385986328,19.140356063842773,19.258214950561523,168669200
2014-04-01,16.93677520751953,19.344642639160156,19.352500915527344,19.17035675048828,19.205713272094727,200760000
2014-04-02,16.964906692504883,19.376785278320312,19.40999984741211,19.295000076293945,19.37071418762207,180420800
2014-04-03,16.84733772277832,19.24250030517578,19.375,19.20142936706543,19.335357666015625,162344000
2014-04-04,16.6294002532959,18.99357032775879,19.28571319580078,18.94928550720215,19.278928756713867,275251200
2014-04-07,16.368303298950195,18.695356369018555,18.96071434020996,18.63892936706543,18.85785675048828,289850400
2014-04-08,16.36736488342285,18.694286346435547,18.790000915527344,18.524999618530273,18.756786346435547,243888400
2014-04-09,16.582496643066406,18.940000534057617,18.94607162475586,18.643571853637695,18.665714263916016,206169600
2014-04-10,16.36861801147461,18.695714950561523,19.00857162475586,18.684642791748047,18.952856063842773,239652000
2014-04-11,16.247600555419922,18.5575008392334,18.672500610351562,18.46928596496582,18.53571319580078,271717600
2014-04-14,16.312334060668945,18.63142967224121,18.648571014404297,18.471786499023438,18.639286041259766,205674000
2014-04-15,16.19601058959961,18.498571395874023,18.6299991607666,18.26178550720215,18.581071853637695,266490000
2014-04-16,16.22884178161621,18.53607177734375,18.6103572845459,18.36214256286621,18.501785278320312,214765600
2014-04-17,16.414268493652344,18.74785614013672,18.84857177734375,18.542856216430664,18.571428298950195,284334400
2014-04-21,16.60907745361328,18.97035789489746,19.0049991607666,18.71285629272461,18.762142181396484,182548800
2014-04-22,16.625646591186523,18.989286422729492,18.993928909301758,18.803571701049805,18.868213653564453,202563200
2014-04-23,16.408327102661133,18.741071701049805,18.968929290771484,18.730356216430664,18.895000457763672,394940000
2014-04-24,17.753507614135742,20.27750015258789,20.35714340209961,20.026071548461914,20.293214797973633,759911600
2014-04-25,17.883901596069336,20.426429748535156,20.428213119506836,20.141429901123047,20.161785125732422,390275200
2014-04-28,18.576509475708008,21.217500686645508,21.27678680419922,20.448213577270508,20.457143783569336,669485600
2014-04-29,18.52147674560547,21.15464210510254,21.28499984741211,21.05392837524414,21.204999923706055,337377600
2014-04-30,18.451440811157227,21.074642181396484,21.408214569091797,21.064285278320312,21.165714263916016,456640800
2014-05-01,18.494897842407227,21.124286651611328,21.242856979370117,20.941429138183594,21.14285659790039,244048000
2014-05-02,18.52928924560547,21.163570404052734,21.2214298248291,21.061071395874023,21.155000686645508,191514400
2014-05-05,18.791322708129883,21.46285629272461,21.46428680419922,21.071428298950195,21.07642936706543,287067200
2014-05-06,18.58652114868164,21.22892951965332,21.586071014404297,21.22892951965332,21.492856979370117,374564400
2014-05-07,18.52147674560547,21.15464210510254,21.331785202026367,20.9903564453125,21.258928298950195,282864400
2014-05-08,18.48845672607422,20.999643325805664,21.22892951965332,20.94285774230957,21.008928298950195,230297200
2014-05-09,18.411428451538086,20.91214370727539,20.9375,20.726070404052734,20.876428604125977,291597600
2014-05-12,18.640642166137695,21.172500610351562,21.2021427154541,20.97857093811035,20.981786727905273,213208800
2014-05-13,18.66988182067871,21.205713272094727,21.233570098876953,21.0964298248291,21.14285659790039,159737200
2014-05-14,18.67334747314453,21.20964241027832,21.33571434020996,21.13357162475586,21.158214569091797,166404000
2014-05-15,18.514556884765625,21.029285430908203,21.30714225769043,21.001428604125977,21.239286422729492,230846000
2014-05-16,18.787803649902344,21.339643478393555,21.340356826782227,20.907142639160156,21.022499084472656,276256400
2014-05-19,19.010419845581055,21.592500686645508,21.690357208251953,21.333213806152344,21.35178565979004,317755200
2014-05-20,19.014192581176758,21.596786499023438,21.657142639160156,21.45464324951172,21.589643478393555,234836000
2014-05-21,19.06450080871582,21.653928756713867,21.667856216430664,21.50214385986328,21.565357208251953,196859600
2014-05-22,19.094688415527344,21.688213348388672,21.780357360839844,21.575000762939453,21.66428565979004,200760000
2014-05-23,19.310392379760742,21.93321418762207,21.95464324951172,21.659643173217773,21.6875,232209600
2014-05-27,19.67198944091797,22.343929290771484,22.352142333984375,21.986785888671875,21.99571418762207,348866000
2014-05-28,19.621055603027344,22.28607177734375,22.493928909301758,22.277856826782227,22.35785675048828,315481600
2014-05-29,19.978567123413086,22.692142486572266,22.745357513427734,22.42035675048828,22.423213958740234,376474000
2014-05-30,19.90372657775879,22.60714340209961,23.006071090698242,22.46071434020996,22.78499984741211,564020800
2014-06-02,19.766948699951172,22.451786041259766,22.672500610351562,22.23214340209961,22.641429901123047,369350800
2014-06-03,20.046480178833008,22.769285202026367,22.812143325805664,22.4375,22.44499969482422,292709200
2014-06-04,20.275390625,23.029285430908203,23.13892936706543,22.71821403503418,22.765714645385742,335482000
2014-06-05,20.354944229125977,23.11964225769043,23.19178581237793,22.95035743713379,23.078571319580078,303805600
2014-06-06,20.298969268798828,23.05607032775879,23.259286880493164,23.016786575317383,23.21071434020996,349938400
2014-06-09,20.623790740966797,23.424999237060547,23.469999313354492,22.9375,23.174999237060547,301660000
2014-06-10,20.744844436645508,23.5625,23.762500762939453,23.392499923706055,23.6825008392334,251108000
2014-06-11,20.65900230407715,23.46500015258789,23.690000534057617,23.36750030517578,23.532499313354492,182724000
2014-06-12,20.31344223022461,23.072500228881836,23.530000686645508,22.975000381469727,23.510000228881836,218996000
2014-06-13,20.091135025024414,22.81999969482422,23.110000610351562,22.719999313354492,23.049999237060547,218100000
2014-06-16,20.293630599975586,23.049999237060547,23.1875,22.862499237060547,22.877500534057617,142244000
2014-06-17,20.267223358154297,23.020000457763672,23.174999237060547,22.950000762939453,23.077499389648438,118904000
2014-06-18,20.289230346679688,23.045000076293945,23.072500228881836,22.837499618530273,23.0674991607666,134056000
2014-06-19,20.218795776367188,22.96500015258789,23.075000762939453,22.834999084472656,23.072500228881836,142112000
2014-06-20,20.009695053100586,22.727500915527344,23.137500762939453,22.725000381469727,22.962499618530273,403592000
2014-06-23,19.99208641052246,22.707500457763672,22.905000686645508,22.649999618530273,22.829999923706055,174776000
2014-06-24,19.87102508544922,22.56999969482422,22.934999465942383,22.547500610351562,22.6875,156144000
2014-06-25,19.888635635375977,22.59000015258789,22.674999237060547,22.412500381469727,22.552499771118164,147476000
2014-06-26,20.00749397277832,22.725000381469727,22.762500762939453,22.450000762939453,22.592500686645508,130516000
2014-06-27,20.245206832885742,22.9950008392334,23.0,22.6924991607666,22.704999923706055,256116000
2014-06-30,20.454309463500977,23.232500076293945,23.4325008392334,23.022499084472656,23.024999618530273,197929200
2014-07-01,20.584169387817383,23.3799991607666,23.517499923706055,23.282499313354492,23.3799991607666,152892000
2014-07-02,20.575359344482422,23.3700008392334,23.514999389648438,23.272499084472656,23.467500686645508,113860000
2014-07-03,20.696420669555664,23.50749969482422,23.524999618530273,23.299999237060547,23.417499542236328,91567200
2014-07-07,21.12342643737793,23.99250030517578,23.997499465942383,23.524999618530273,23.53499984741211,225872000
2014-07-08,20.986961364746094,23.837499618530273,24.200000762939453,23.479999542236328,24.0674991607666,260888000
2014-07-09,20.995763778686523,23.84749984741211,23.987499237060547,23.690000534057617,23.860000610351562,145744000
2014-07-10,20.918729782104492,23.760000228881836,23.887500762939453,23.3799991607666,23.440000534057617,158744000
2014-07-11,20.958343505859375,23.80500030517578,23.97249984741211,23.71500015258789,23.84000015258789,136072000
2014-07-14,21.229068756103516,24.112499237060547,24.22249984741211,23.912500381469727,23.96500015258789,171240000
2014-07-15,20.98035430908203,23.829999923706055,24.212499618530273,23.75749969482422,24.200000762939453,181911600
2014-07-16,20.86149787902832,23.69499969482422,24.274999618530273,23.684999465942383,24.24250030517578,213585200
2014-07-17,20.489524841308594,23.272499084472656,23.81999969482422,23.142499923706055,23.75749969482422,229192000
2014-07-18,20.784465789794922,23.607500076293945,23.684999465942383,23.2549991607666,23.405000686645508,199952000
2014-07-21,20.676618576049805,23.485000610351562,23.75,23.43000030517578,23.747499465942383,156316000
2014-07-22,20.848285675048828,23.68000030517578,23.72249984741211,23.530000686645508,23.670000076293945,220788000
2014-07-23,21.391952514648438,24.297500610351562,24.469999313354492,23.792499542236328,23.854999542236328,371672000
2014-07-24,21.356733322143555,24.25749969482422,24.329999923706055,24.104999542236328,24.260000228881836,182916000
2014-07-25,21.497594833374023,24.417499542236328,24.459999084472656,24.15999984741211,24.212499618530273,173876000
2014-07-28,21.794740676879883,24.7549991607666,24.809999465942383,24.387500762939453,24.454999923706055,221272000
2014-07-29,21.653873443603516,24.594999313354492,24.860000610351562,24.5625,24.832500457763672,172572000
2014-07-30,21.603252410888672,24.537500381469727,24.674999237060547,24.417499542236328,24.610000610351562,132040000
2014-07-31,21.041976928710938,23.899999618530273,24.362499237060547,23.832500457763672,24.290000915527344,227372000
2014-08-01,21.158639907836914,24.032499313354492,24.155000686645508,23.702499389648438,23.725000381469727,194044000
2014-08-04,21.039783477783203,23.897499084472656,24.145000457763672,23.792499542236328,24.092500686645508,159832000
2014-08-05,20.93634033203125,23.780000686645508,23.920000076293945,23.59000015258789,23.84000015258789,223732000
2014-08-06,20.9011173248291,23.739999771118164,23.8700008392334,23.677499771118164,23.6875,154232000
2014-08-07,20.898910522460938,23.6200008392334,23.987499237060547,23.524999618530273,23.732500076293945,186844000
2014-08-08,20.956418991088867,23.684999465942383,23.704999923706055,23.31999969482422,23.565000534057617,167460000
2014-08-11,21.23291015625,23.997499465942383,24.020000457763672,23.709999084472656,23.8174991607666,146340000
2014-08-12,21.228490829467773,23.99250030517578,24.219999313354492,23.90250015258789,24.010000228881836,135180000
2014-08-13,21.509422302246094,24.309999465942383,24.309999465942383,24.010000228881836,24.037500381469727,127664000
2014-08-14,21.56693458557129,24.375,24.392499923706055,24.200000762939453,24.332500457763672,112464000
2014-08-15,21.6731014251709,24.4950008392334,24.547500610351562,24.21500015258789,24.475000381469727,195804000
2014-08-18,21.934120178222656,24.790000915527344,24.842500686645508,24.4950008392334,24.622499465942383,190288000
2014-08-19,22.23715591430664,25.13249969482422,25.170000076293945,24.829999923706055,24.852500915527344,277596000
2014-08-20,22.246007919311523,25.142499923706055,25.272499084472656,24.987499237060547,25.110000610351562,210796000
2014-08-21,22.248226165771484,25.145000457763672,25.235000610351562,25.02750015258789,25.142499923706055,133912000
2014-08-22,22.411909103393555,25.329999923706055,25.36750030517578,25.047500610351562,25.072500228881836,176736000
2014-08-25,22.460573196411133,25.385000228881836,25.542499542236328,25.31999969482422,25.447500228881836,161080000
2014-08-26,22.316795349121094,25.22249984741211,25.375,25.21500015258789,25.354999542236328,132608000
2014-08-27,22.591079711914062,25.532499313354492,25.642499923706055,25.174999237060547,25.2549991607666,209476000
2014-08-28,22.61761474609375,25.5625,25.69499969482422,25.389999389648438,25.397499084472656,273840000
2014-08-29,22.672924041748047,25.625,25.725000381469727,25.549999237060547,25.71500015258789,178380000
2014-09-02,22.84988021850586,25.825000762939453,25.934999465942383,25.68000030517578,25.764999389648438,214256000
2014-09-03,21.88545799255371,24.735000610351562,25.799999237060547,24.645000457763672,25.774999618530273,501684000
2014-09-04,21.70407485961914,24.530000686645508,25.022499084472656,24.447500228881836,24.712499618530273,342872000
2014-09-05,21.89208984375,24.74250030517578,24.84749984741211,24.577499389648438,24.700000762939453,233828000
2014-09-08,21.757156372070312,24.59000015258789,24.827499389648438,24.512500762939453,24.825000762939453,185426800
2014-09-09,21.675321578979492,24.497499465942383,25.770000457763672,24.03499984741211,24.770000457763672,759385200
2014-09-10,22.34112548828125,25.25,25.27750015258789,24.440000534057617,24.502500534057617,403478400
2014-09-11,22.436241149902344,25.357500076293945,25.360000610351562,24.905000686645508,25.102500915527344,249412400
2014-09-12,22.48711585998535,25.415000915527344,25.547500610351562,25.270000457763672,25.302499771118164,250504400
2014-09-15,22.480472564697266,25.407499313354492,25.762500762939453,25.360000610351562,25.702499389648438,245266000
2014-09-16,22.31015396118164,25.21500015258789,25.315000534057617,24.72249984741211,24.950000762939453,267632400
2014-09-17,22.469423294067383,25.395000457763672,25.450000762939453,25.147499084472656,25.3174991607666,243706000
2014-09-18,22.515871047973633,25.447500228881836,25.587499618530273,25.389999389648438,25.482500076293945,149197600
2014-09-19,22.332279205322266,25.239999771118164,25.587499618530273,25.125,25.572500228881836,283609600
2014-09-22,22.35439682006836,25.264999389648438,25.53499984741211,25.145000457763672,25.450000762939453,211153600
2014-09-23,22.703893661499023,25.65999984741211,25.735000610351562,25.135000228881836,25.149999618530273,253608800
2014-09-24,22.507020950317383,25.4375,25.712499618530273,25.299999237060547,25.540000915527344,240687200
2014-09-25,21.648775100708008,24.467500686645508,25.177499771118164,24.43000030517578,25.127500534057617,400368000
2014-09-26,22.285825729370117,25.1875,25.1875,24.600000381469727,24.63249969482422,249482000
2014-09-29,22.144262313842773,25.02750015258789,25.110000610351562,24.657499313354492,24.662500381469727,199065200
2014-09-30,22.285825729370117,25.1875,25.385000228881836,25.13249969482422,25.202499389648438,221056400
2014-10-01,21.93854331970215,24.795000076293945,25.172500610351562,24.674999237060547,25.147499084472656,205965200
2014-10-02,22.097806930541992,24.975000381469727,25.05500030517578,24.510000228881836,24.8174991607666,191031200
2014-10-03,22.035871505737305,24.905000686645508,25.052499771118164,24.760000228881836,24.860000610351562,173878400
2014-10-06,22.035871505737305,24.905000686645508,25.162500381469727,24.854999542236328,24.987499237060547,148204800
2014-10-07,21.843429565429688,24.6875,25.030000686645508,24.6825008392334,24.857500076293945,168376800
2014-10-08,22.296886444091797,25.200000762939453,25.27750015258789,24.577499389648438,24.690000534057617,229618800
2014-10-09,22.34555435180664,25.2549991607666,25.594999313354492,25.15250015258789,25.385000228881836,309506000
2014-10-10,22.281402587890625,25.1825008392334,25.50749969482422,25.075000762939453,25.172500610351562,265326400
2014-10-13,22.077898025512695,24.952499389648438,25.44499969482422,24.952499389648438,25.332500457763672,214333600
2014-10-14,21.843429565429688,24.6875,25.1299991607666,24.642499923706055,25.09749984741211,254754400
2014-10-15,21.575777053833008,24.385000228881836,24.787500381469727,23.795000076293945,24.49250030517578,403734400
2014-10-16,21.292638778686523,24.065000534057617,24.43000030517578,23.852500915527344,23.887500762939453,288618000
2014-10-17,21.604530334472656,24.417499542236328,24.75,24.202499389648438,24.375,272718800
2014-10-20,22.066843032836914,24.940000534057617,24.989999771118164,24.55500030517578,24.579999923706055,310069200
2014-10-21,22.666292190551758,25.61750030517578,25.7549991607666,25.3174991607666,25.7549991607666,378495600
2014-10-22,22.781312942504883,25.747499465942383,26.02750015258789,25.649999618530273,25.709999084472656,273052400
2014-10-23,23.18831443786621,26.207500457763672,26.262500762939453,25.907499313354492,26.020000457763672,284298800
2014-10-24,23.27458381652832,26.30500030517578,26.372499465942383,26.13249969482422,26.295000076293945,188215600
2014-10-27,23.250253677368164,26.27750015258789,26.3700008392334,26.174999237060547,26.212499618530273,136750800
2014-10-28,23.610801696777344,26.684999465942383,26.684999465942383,26.337499618530273,26.350000381469727,192243600
2014-10-29,23.7435245513916,26.834999084472656,26.842500686645508,26.59000015258789,26.662500381469727,210751600
2014-10-30,23.66390037536621,26.7450008392334,26.837499618530273,26.475000381469727,26.739999771118164,162619200
2014-10-31,23.88951873779297,27.0,27.010000228881836,26.802499771118164,27.002500534057617,178557200
2014-11-03,24.19920539855957,27.350000381469727,27.575000762939453,27.002500534057617,27.05500030517578,209130400
2014-11-04,24.022239685058594,27.149999618530273,27.372499465942383,26.93000030517578,27.34000015258789,166297600
2014-11-05,24.079750061035156,27.21500015258789,27.325000762939453,27.032499313354492,27.274999618530273,149743600
2014-11-06,24.148618698120117,27.174999237060547,27.197500228881836,26.950000762939453,27.149999618530273,139874000
2014-11-07,24.217493057250977,27.252500534057617,27.329999923706055,27.137500762939453,27.1875,134766000
2014-11-10,24.177501678466797,27.207500457763672,27.332500457763672,27.167499542236328,27.2549991607666,108782000
2014-11-11,24.37078094482422,27.424999237060547,27.4375,27.100000381469727,27.174999237060547,109769200
2014-11-12,24.71512794494629,27.8125,27.857500076293945,27.342500686645508,27.344999313354492,187769600
2014-11-13,25.063915252685547,28.204999923706055,28.362499237060547,27.899999618530273,27.950000762939453,238091600
2014-11-14,25.366046905517578,28.545000076293945,28.547500610351562,27.802499771118164,28.287500381469727,176254400
2014-11-17,25.323841094970703,28.497499465942383,29.31999969482422,28.325000762939453,28.5674991607666,186986800
2014-11-18,25.65263557434082,28.86750030517578,28.922500610351562,28.47249984741211,28.485000610351562,176896000
2014-11-19,25.474905014038086,28.667499542236328,28.934999465942383,28.450000762939453,28.860000610351562,167476800
2014-11-20,25.839248657226562,29.077499389648438,29.21500015258789,28.712499618530273,28.727500915527344,173582000
2014-11-21,25.87479591369629,29.11750030517578,29.392499923706055,29.00749969482422,29.377500534057617,228717200
2014-11-24,26.354650497436523,29.657499313354492,29.6924991607666,29.155000686645508,29.212499618530273,189803200
2014-11-25,26.12583351135254,29.399999618530273,29.9375,29.362499237060547,29.767499923706055,275361600
2014-11-26,26.436851501464844,29.75,29.774999618530273,29.457500457763672,29.485000610351562,163073200
2014-11-28,26.42129898071289,29.732500076293945,29.850000381469727,29.512500762939453,29.8174991607666,99257600
2014-12-01,25.56376838684082,28.767499923706055,29.8125,27.8174991607666,29.702499389648438,335256000
2014-12-02,25.466022491455078,28.657499313354492,28.9375,28.1875,28.375,237395600
2014-12-03,25.75481605529785,28.982500076293945,29.087499618530273,28.77750015258789,28.9375,172253600
2014-12-04,25.657073974609375,28.872499465942383,29.299999237060547,28.822500228881836,28.9424991607666,168178000
2014-12-05,25.548219680786133,28.75,29.020000457763672,28.65999984741211,28.997499465942383,153275600
2014-12-08,24.97060775756836,28.100000381469727,28.662500381469727,27.905000686645508,28.524999618530273,230659600
2014-12-09,25.352724075317383,28.530000686645508,28.575000762939453,27.337499618530273,27.547500610351562,240832000
2014-12-10,24.87063980102539,27.987499237060547,28.712499618530273,27.885000228881836,28.602500915527344,178261200
2014-12-11,24.79732322692871,27.905000686645508,28.450000762939453,27.834999084472656,28.065000534057617,165606800
2014-12-12,24.3774471282959,27.4325008392334,27.967500686645508,27.395000457763672,27.614999771118164,224112400
2014-12-15,24.044206619262695,27.0575008392334,27.899999618530273,26.587499618530273,27.674999237060547,268872400
2014-12-16,23.715410232543945,26.6875,27.540000915527344,26.565000534057617,26.592500686645508,243162800
2014-12-17,24.306354522705078,27.352500915527344,27.459999084472656,26.704999923706055,26.780000686645508,213647200
2014-12-18,25.026140213012695,28.162500381469727,28.162500381469727,27.665000915527344,27.967500686645508,236024800
2014-12-19,24.832868576049805,27.94499969482422,28.309999465942383,27.915000915527344,28.065000534057617,353719200
2014-12-22,25.0905704498291,28.235000610351562,28.372499465942383,27.99250030517578,28.040000915527344,180670000
2014-12-23,25.001705169677734,28.135000228881836,28.332500457763672,28.114999771118164,28.3075008392334,104113600
2014-12-24,24.88395881652832,28.002500534057617,28.177499771118164,28.002500534057617,28.145000457763672,57918400
2014-12-26,25.323841094970703,28.497499465942383,28.6299991607666,28.002500534057617,28.024999618530273,134884000
2014-12-29,25.306066513061523,28.477500915527344,28.6924991607666,28.424999237060547,28.447500228881836,110395600
2014-12-30,24.997264862060547,28.1299991607666,28.479999542236328,28.02750015258789,28.40999984741211,119526000
2014-12-31,24.52184295654297,27.594999313354492,28.282499313354492,27.552499771118164,28.204999923706055,165613600
2015-01-02,24.28858184814453,27.332500457763672,27.860000610351562,26.837499618530273,27.84749984741211,212818400
2015-01-05,23.60433006286621,26.5625,27.162500381469727,26.352500915527344,27.072500228881836,257142000
2015-01-06,23.60655403137207,26.565000534057617,26.857500076293945,26.157499313354492,26.635000228881836,263188400
2015-01-07,23.93756866455078,26.9375,27.049999237060547,26.674999237060547,26.799999237060547,160423600
2015-01-08,24.85730743408203,27.97249984741211,28.037500381469727,27.174999237060547,27.3075008392334,237458000
2015-01-09,24.88395881652832,28.002500534057617,28.3125,27.552499771118164,28.167499542236328,214798000
2015-01-12,24.27080535888672,27.3125,28.157499313354492,27.200000762939453,28.149999618530273,198603200
2015-01-13,24.48630142211914,27.55500030517578,28.200000762939453,27.227500915527344,27.857500076293945,268367600
2015-01-14,24.393001556396484,27.450000762939453,27.622499465942383,27.125,27.260000228881836,195826400
2015-01-15,23.7309627532959,26.704999923706055,27.514999389648438,26.665000915527344,27.5,240056000
2015-01-16,23.54657554626465,26.497499465942383,26.895000457763672,26.299999237060547,26.75749969482422,314053200
2015-01-20,24.153076171875,27.18000030517578,27.24250030517578,26.625,26.959999084472656,199599600
2015-01-21,24.337459564208984,27.387500762939453,27.764999389648438,27.0674991607666,27.237499237060547,194303600
2015-01-22,24.97060775756836,28.100000381469727,28.11750030517578,27.43000030517578,27.565000534057617,215185600
2015-01-23,25.099456787109375,28.2450008392334,28.4375,27.88249969482422,28.075000762939453,185859200
2015-01-26,25.12611961364746,28.274999618530273,28.59000015258789,28.200000762939453,28.434999465942383,222460000
2015-01-27,24.24637222290039,27.28499984741211,28.1200008392334,27.25749969482422,28.104999542236328,382274800
2015-01-28,25.617090225219727,28.827499389648438,29.530000686645508,28.827499389648438,29.407499313354492,585908400
2015-01-29,26.414634704589844,29.725000381469727,29.797500610351562,28.889999389648438,29.079999923706055,337745600
2015-01-30,26.02808380126953,29.290000915527344,30.0,29.212499618530273,29.600000381469727,334982000
2015-02-02,26.354650497436523,29.657499313354492,29.792499542236328,29.020000457763672,29.512500762939453,250956400
2015-02-03,26.35909652709961,29.662500381469727,29.772499084472656,29.40250015258789,29.625,207662800
2015-02-04,26.56125831604004,29.889999389648438,30.127500534057617,29.577499389648438,29.625,280598800
2015-02-05,26.750844955444336,29.985000610351562,30.0575008392334,29.8125,30.0049991607666,168984800
2015-02-06,26.52557945251465,29.732500076293945,30.0625,29.612499237060547,30.0049991607666,174826400
2015-02-09,26.701778411865234,29.93000030517578,29.959999084472656,29.607500076293945,29.637500762939453,155559200
2015-02-10,27.214754104614258,30.5049991607666,30.537500381469727,30.040000915527344,30.042499542236328,248034000
2015-02-11,27.85262680053711,31.219999313354492,31.229999542236328,30.625,30.6924991607666,294247200
2015-02-12,28.205034255981445,31.614999771118164,31.8700008392334,31.392499923706055,31.514999389648438,297898000
2015-02-13,28.343318939208984,31.770000457763672,31.81999969482422,31.412500381469727,31.81999969482422,217088800
2015-02-17,28.510587692260742,31.957500457763672,32.220001220703125,31.729999542236328,31.872499465942383,252609600
2015-02-18,28.709089279174805,32.18000030517578,32.19499969482422,31.862499237060547,31.907499313354492,179566800
2015-02-19,28.64887237548828,32.11249923706055,32.25749969482422,32.08250045776367,32.119998931884766,149449600
2015-02-20,28.883058547973633,32.375,32.375,32.01250076293945,32.154998779296875,195793600
2015-02-23,29.663679122924805,33.25,33.25,32.415000915527344,32.505001068115234,283896400
2015-02-24,29.478553771972656,33.04249954223633,33.400001525878906,32.79249954223633,33.23500061035156,276912400
2015-02-25,28.72470474243164,32.1974983215332,32.900001525878906,32.037498474121094,32.88999938964844,298846800
2015-02-26,29.0882511138916,32.60499954223633,32.717498779296875,31.65250015258789,32.1974983215332,365150000
2015-02-27,28.651100158691406,32.1150016784668,32.64250183105469,32.060001373291016,32.5,248059200
2015-03-02,28.791616439819336,32.272499084472656,32.56999969482422,32.07500076293945,32.3125,192386800
2015-03-03,28.851837158203125,32.34000015258789,32.380001068115234,32.022499084472656,32.2400016784668,151265200
2015-03-04,28.668941497802734,32.1349983215332,32.38999938964844,32.08000183105469,32.275001525878906,126665200
2015-03-05,28.19387435913086,31.602500915527344,32.1875,31.440000534057617,32.14500045776367,226068400
2015-03-06,28.23625946044922,31.649999618530273,32.342498779296875,31.565000534057617,32.099998474121094,291368400
2015-03-09,28.356693267822266,31.78499984741211,32.39250183105469,31.264999389648438,31.989999771118164,354114000
2015-03-10,27.77011489868164,31.127500534057617,31.80500030517578,30.950000762939453,31.602500915527344,275426400
2015-03-11,27.263818740844727,30.559999465942383,31.1924991607666,30.52750015258789,31.1875,275756000
2015-03-12,27.75672149658203,31.112499237060547,31.225000381469727,30.407499313354492,30.577499389648438,193450800
2015-03-13,27.564918518066406,30.897499084472656,31.350000381469727,30.645000457763672,31.100000381469727,207309200
2015-03-16,27.86825180053711,31.237499237060547,31.237499237060547,30.717500686645508,30.969999313354492,143497200
2015-03-17,28.334394454956055,31.760000228881836,31.829999923706055,31.412500381469727,31.475000381469727,204092400
2015-03-18,28.65333366394043,32.11750030517578,32.290000915527344,31.592500686645508,31.75,261083600
2015-03-19,28.43699073791504,31.875,32.3125,31.850000381469727,32.1875,183238000
2015-03-20,28.080135345458984,31.475000381469727,32.099998474121094,31.290000915527344,32.0625,274780400
2015-03-23,28.372303009033203,31.802499771118164,31.962499618530273,31.6299991607666,31.780000686645508,150838800
2015-03-24,28.256330490112305,31.672500610351562,32.0099983215332,31.639999389648438,31.8075008392334,131369200
2015-03-25,27.518085479736328,30.844999313354492,31.704999923706055,30.844999313354492,31.635000228881836,206620800
2015-03-26,27.70989227294922,31.059999465942383,31.219999313354492,30.649999618530273,30.690000534057617,190291600
2015-03-27,27.489091873168945,30.8125,31.174999237060547,30.727500915527344,31.142499923706055,158184800
2015-03-30,28.184955596923828,31.592500686645508,31.600000381469727,31.0,31.012500762939453,188398800
2015-03-31,27.75226402282715,31.107500076293945,31.622499465942383,31.09000015258789,31.522499084472656,168362400
2015-04-01,27.712120056152344,31.0625,31.280000686645508,30.774999618530273,31.204999923706055,162485600
2015-04-02,27.950769424438477,31.329999923706055,31.389999389648438,31.047500610351562,31.25749969482422,128880400
2015-04-06,28.403532028198242,31.837499618530273,31.877500534057617,31.082500457763672,31.11750030517578,148776000
2015-04-07,28.104665756225586,31.502500534057617,32.029998779296875,31.4950008392334,31.90999984741211,140049200
2015-04-08,28.01321792602539,31.399999618530273,31.600000381469727,31.24250030517578,31.462499618530273,149316800
2015-04-09,28.227333068847656,31.639999389648438,31.645000457763672,31.165000915527344,31.462499618530273,129936000
2015-04-10,28.347774505615234,31.774999618530273,31.802499771118164,31.315000534057617,31.487499237060547,160752000
2015-04-13,28.292022705078125,31.712499618530273,32.14250183105469,31.65250015258789,32.092498779296875,145460400
2015-04-14,28.169349670410156,31.575000762939453,31.822500228881836,31.477500915527344,31.75,102098400
2015-04-15,28.27640151977539,31.69499969482422,31.782499313354492,31.502500534057617,31.602500915527344,115881600
2015-04-16,28.14034652709961,31.542499542236328,31.774999618530273,31.52750015258789,31.56999969482422,113476000
2015-04-17,27.82364273071289,31.1875,31.53499984741211,31.114999771118164,31.387500762939453,207828000
2015-04-20,28.45928955078125,31.899999618530273,32.029998779296875,31.292499542236328,31.392499923706055,188217200
2015-04-21,28.305404663085938,31.727500915527344,32.04999923706055,31.667499542236328,32.025001525878906,129740400
2015-04-22,28.686782836914062,32.154998779296875,32.217498779296875,31.579999923706055,31.747499465942383,150618000
2015-04-23,28.920978546142578,32.41749954223633,32.60499954223633,32.03499984741211,32.07500076293945,183083600
2015-04-24,29.05703353881836,32.56999969482422,32.657501220703125,32.307498931884766,32.622501373291016,178103600
2015-04-27,29.585617065429688,33.162498474121094,33.282501220703125,32.787498474121094,33.07749938964844,387816800
2015-04-28,29.11948013305664,32.63999938964844,33.6349983215332,32.39250183105469,33.6150016784668,475696000
2015-04-29,28.691246032714844,32.15999984741211,32.897499084472656,32.07500076293945,32.540000915527344,253544400
2015-04-30,27.912858963012695,31.287500381469727,32.15999984741211,31.145000457763672,32.15999984741211,332781600
2015-05-01,28.760387420654297,32.23749923706055,32.532501220703125,31.325000762939453,31.524999618530273,234050400
2015-05-04,28.704626083374023,32.17499923706055,32.64250183105469,32.064998626708984,32.375,203953200
2015-05-05,28.057832717895508,31.450000762939453,32.11249923706055,31.44499969482422,32.037498474121094,197085600
2015-05-06,27.88163185119629,31.252500534057617,31.6875,30.84000015258789,31.639999389648438,288564000
2015-05-07,28.054086685180664,31.315000534057617,31.520000457763672,31.0049991607666,31.1924991607666,175763600
2015-05-08,28.5826473236084,31.905000686645508,31.905000686645508,31.52750015258789,31.670000076293945,222201600
2015-05-11,28.291486740112305,31.579999923706055,31.889999389648438,31.407499313354492,31.84749984741211,168143200
2015-05-12,28.190702438354492,31.467500686645508,31.719999313354492,31.204999923706055,31.399999618530273,192640000
2015-05-13,28.222055435180664,31.502500534057617,31.797500610351562,31.467500686645508,31.537500381469727,138776800
2015-05-14,28.88051986694336,32.23749923706055,32.23749923706055,31.790000915527344,31.852500915527344,180814000
2015-05-15,28.840213775634766,32.192501068115234,32.372501373291016,32.0525016784668,32.26750183105469,152832000
2015-05-18,29.158246994018555,32.54750061035156,32.68000030517578,32.09000015258789,32.095001220703125,203531600
2015-05-19,29.13136863708496,32.51750183105469,32.720001220703125,32.40999984741211,32.67250061035156,178532800
2015-05-20,29.12912940979004,32.51499938964844,32.744998931884766,32.334999084472656,32.5,145819600
2015-05-21,29.42700958251953,32.84749984741211,32.907501220703125,32.45750045776367,32.51750183105469,158921600
2015-05-22,29.6845645904541,33.1349983215332,33.24250030517578,32.849998474121094,32.900001525878906,182384000
2015-05-26,29.03057861328125,32.404998779296875,33.227500915527344,32.279998779296875,33.150001525878906,282790400
2015-05-27,29.572574615478516,33.0099983215332,33.064998626708984,32.51250076293945,32.584999084472656,183332800
2015-05-28,29.514345169067383,32.94499969482422,32.98749923706055,32.775001525878906,32.96500015258789,122933200
2015-05-29,29.17839813232422,32.56999969482422,32.86249923706055,32.474998474121094,32.807498931884766,203538000
2015-06-01,29.236631393432617,32.6349983215332,32.84749984741211,32.51250076293945,32.56999969482422,128451200
2015-06-02,29.106735229492188,32.4900016784668,32.665000915527344,32.33000183105469,32.46500015258789,134670400
2015-06-03,29.142559051513672,32.529998779296875,32.73500061035156,32.474998474121094,32.665000915527344,123934000
2015-06-04,28.97234535217285,32.34000015258789,32.64500045776367,32.227500915527344,32.39500045776367,153800400
2015-06-05,28.813329696655273,32.162498474121094,32.42250061035156,32.09000015258789,32.375,142507200
2015-06-08,28.622961044311523,31.950000762939453,32.3025016784668,31.707500457763672,32.224998474121094,210699200
2015-06-09,28.537853240966797,31.854999542236328,32.02000045776367,31.405000686645508,31.674999237060547,224301600
2015-06-10,28.864843368530273,32.220001220703125,32.334999084472656,31.962499618530273,31.979999542236328,156349200
2015-06-11,28.799888610839844,32.147499084472656,32.54499816894531,32.119998931884766,32.29499816894531,141563600
2015-06-12,28.481861114501953,31.792499542236328,32.08250045776367,31.77750015258789,32.04750061035156,147544800
2015-06-15,28.425872802734375,31.729999542236328,31.809999465942383,31.427499771118164,31.524999618530273,175955600
2015-06-16,28.578166961669922,31.899999618530273,31.962499618530273,31.592500686645508,31.75749969482422,125976400
2015-06-17,28.5109806060791,31.825000762939453,31.969999313354492,31.684999465942383,31.93000030517578,131672400
2015-06-18,28.64087677001953,31.969999313354492,32.07749938964844,31.80500030517578,31.8075008392334,141628800
2015-06-19,28.354202270507812,31.649999618530273,31.954999923706055,31.600000381469727,31.927499771118164,218867600
2015-06-22,28.580408096313477,31.90250015258789,32.01499938964844,31.770000457763672,31.872499465942383,136157200
2015-06-23,28.45050811767578,31.75749969482422,31.90250015258789,31.719999313354492,31.8700008392334,121075600
2015-06-24,28.69239044189453,32.02750015258789,32.45000076293945,31.780000686645508,31.802499771118164,221123600
2015-06-25,28.555770874023438,31.875,32.29999923706055,31.875,32.21500015258789,127752400
2015-06-26,28.387802124023438,31.6875,31.997499465942383,31.627500534057617,31.917499542236328,176267200
2015-06-29,27.89059066772461,31.13249969482422,31.61750030517578,31.1200008392334,31.364999771118164,196645600
2015-06-30,28.0921630859375,31.357500076293945,31.530000686645508,31.21500015258789,31.392499923706055,177482800
2015-07-01,28.354202270507812,31.649999618530273,31.735000610351562,31.497499465942383,31.725000381469727,120955200
2015-07-02,28.3183650970459,31.610000610351562,31.672500610351562,31.4424991607666,31.607500076293945,108844000
2015-07-06,28.219820022583008,31.5,31.5575008392334,31.212499618530273,31.235000610351562,112241600
2015-07-07,28.150390625,31.422500610351562,31.537500381469727,30.9424991607666,31.47249984741211,187787200
2015-07-08,27.45160675048828,30.642499923706055,31.15999984741211,30.635000228881836,31.1200008392334,243046400
2015-07-09,26.891698837280273,30.017499923706055,31.014999389648438,29.80500030517578,30.962499618530273,314380000
2015-07-10,27.610637664794922,30.81999969482422,30.962499618530273,30.302499771118164,30.485000610351562,245418000
2015-07-13,28.14366912841797,31.415000915527344,31.440000534057617,31.079999923706055,31.25749969482422,165762000
2015-07-14,28.132478713989258,31.40250015258789,31.592500686645508,31.260000228881836,31.510000228881836,127072400
2015-07-15,28.403470993041992,31.704999923706055,31.787500381469727,31.395000457763672,31.43000030517578,134596800
2015-07-16,28.781978607177734,32.127498626708984,32.14250183105469,31.837499618530273,31.934999465942383,144889600
2015-07-17,29.03057861328125,32.404998779296875,32.404998779296875,32.07749938964844,32.27000045776367,184658800
2015-07-20,29.579303741455078,33.01750183105469,33.24250030517578,32.67499923706055,32.74250030517578,235600800
2015-07-21,29.283668518066406,32.6875,33.22999954223633,32.58000183105469,33.212501525878906,307025600
2015-07-22,28.04513168334961,31.30500030517578,31.375,30.497499465942383,30.497499465942383,461802400
2015-07-23,28.031694412231445,31.290000915527344,31.772499084472656,31.264999389648438,31.549999237060547,203998000
2015-07-24,27.88387107849121,31.125,31.434999465942383,30.975000381469727,31.329999923706055,168649200
2015-07-27,27.496402740478516,30.6924991607666,30.90250015258789,30.530000686645508,30.772499084472656,177822000
2015-07-28,27.633026123046875,30.844999313354492,30.977500915527344,30.637500762939453,30.844999313354492,134472400
2015-07-29,27.545673370361328,30.747499465942383,30.875,30.5674991607666,30.787500381469727,148046800
2015-07-30,27.406822204589844,30.592500686645508,30.642499923706055,30.427499771118164,30.579999923706055,134513200
2015-07-31,27.167173385620117,30.325000762939453,30.65999984741211,30.227500915527344,30.649999618530273,171540000
2015-08-03,26.526636123657227,29.610000610351562,30.642499923706055,29.3799991607666,30.375,279904000
2015-08-04,25.67555809020996,28.65999984741211,29.424999237060547,28.3125,29.354999542236328,496554400
2015-08-05,25.84576988220215,28.850000381469727,29.360000610351562,28.024999618530273,28.237499237060547,397250400
2015-08-06,25.902013778686523,28.782499313354492,29.125,28.530000686645508,28.99250030517578,211612000
2015-08-07,25.989761352539062,28.8799991607666,29.0625,28.625,28.645000457763672,154681600
2015-08-10,26.934682846069336,29.93000030517578,29.997499465942383,29.13249969482422,29.13249969482422,219806400
2015-08-11,25.533042907714844,28.372499465942383,29.545000076293945,28.332500457763672,29.452499389648438,388331200
2015-08-12,25.926769256591797,28.809999465942383,28.854999542236328,27.407499313354492,28.13249969482422,404870000
2015-08-13,25.906518936157227,28.787500381469727,29.100000381469727,28.635000228881836,29.010000228881836,194143200
2015-08-14,26.0887508392334,28.989999771118164,29.077499389648438,28.502500534057617,28.579999923706055,171718000
2015-08-17,26.358736038208008,29.290000915527344,29.412500381469727,28.875,29.010000228881836,163538800
2015-08-18,26.210241317749023,29.125,29.360000610351562,29.002500534057617,29.107500076293945,138242800
2015-08-19,25.87502098083496,28.752500534057617,29.1299991607666,28.670000076293945,29.024999618530273,193146000
2015-08-20,25.344066619873047,28.162500381469727,28.587499618530273,27.907499313354492,28.520000457763672,274006400
2015-08-21,23.793949127197266,26.440000534057617,27.975000381469727,26.412500381469727,27.607500076293945,513102000
2015-08-24,23.200000762939453,25.780000686645508,27.200000762939453,23.0,23.717500686645508,648825200
2015-08-25,23.339488983154297,25.934999465942383,27.77750015258789,25.875,27.77750015258789,414406400
2015-08-26,24.678115844726562,27.422500610351562,27.47249984741211,26.262500762939453,26.772499084472656,387098400
2015-08-27,25.404809951782227,28.229999542236328,28.309999465942383,27.5049991607666,28.0575008392334,338464400
2015-08-28,25.488054275512695,28.322500228881836,28.327499389648438,27.885000228881836,28.042499542236328,212657600
2015-08-31,25.368816375732422,28.190000534057617,28.63249969482422,28.0,28.00749969482422,224917200
2015-09-01,24.234914779663086,26.93000030517578,27.969999313354492,26.84000015258789,27.537500381469727,307383600
2015-09-02,25.274320602416992,28.084999084472656,28.084999084472656,27.282499313354492,27.5575008392334,247555200
2015-09-03,24.83110809326172,27.592500686645508,28.19499969482422,27.510000228881836,28.122499465942383,212935600
2015-09-04,24.5836238861084,27.3174991607666,27.612499237060547,27.127500534057617,27.24250030517578,199985200
2015-09-08,25.26757049560547,28.077499389648438,28.139999389648438,27.579999923706055,27.9375,219374400
2015-09-09,24.781612396240234,27.537500381469727,28.5049991607666,27.4424991607666,28.440000534057617,340043200
2015-09-10,25.32606315612793,28.142499923706055,28.31999969482422,27.475000381469727,27.5674991607666,251571200
2015-09-11,25.695037841796875,28.552499771118164,28.552499771118164,27.940000534057617,27.947500228881836,199662000
2015-09-14,25.942508697509766,28.827499389648438,29.22249984741211,28.71500015258789,29.145000457763672,233453600
2015-09-15,26.160743713378906,29.06999969482422,29.13249969482422,28.604999542236328,28.982500076293945,173364800
2015-09-16,26.189990997314453,29.102500915527344,29.135000228881836,28.860000610351562,29.0625,148694000
2015-09-17,25.629789352416992,28.479999542236328,29.122499465942383,28.43000030517578,28.915000915527344,256450400
2015-09-18,25.52405548095703,28.362499237060547,28.575000762939453,27.967500686645508,28.052499771118164,297141200
2015-09-21,25.920021057128906,28.802499771118164,28.842500686645508,28.415000915527344,28.417499542236328,200888000
2015-09-22,25.51280403137207,28.350000381469727,28.545000076293945,28.1299991607666,28.344999313354492,201384800
2015-09-23,25.71978187561035,28.579999923706055,28.68000030517578,28.325000762939453,28.407499313354492,143026800
2015-09-24,25.872766494750977,28.75,28.875,28.092500686645508,28.3125,200878000
2015-09-25,25.807523727416992,28.677499771118164,29.172500610351562,28.5049991607666,29.110000610351562,224607600
2015-09-28,25.296817779541016,28.110000610351562,28.642499923706055,28.110000610351562,28.462499618530273,208436000
2015-09-29,24.5363826751709,27.264999389648438,28.377500534057617,26.96500015258789,28.207500457763672,293461600
2015-09-30,24.815359115600586,27.575000762939453,27.885000228881836,27.1825008392334,27.542499542236328,265892000
2015-10-01,24.65337562561035,27.395000457763672,27.405000686645508,26.827499389648438,27.267499923706055,255716400
2015-10-02,24.833364486694336,27.594999313354492,27.752500534057617,26.887500762939453,27.002500534057617,232079200
2015-10-05,24.923351287841797,27.69499969482422,27.842500686645508,27.267499923706055,27.469999313354492,208258800
2015-10-06,25.042591094970703,27.827499389648438,27.934999465942383,27.4424991607666,27.657499313354492,192787200
2015-10-07,24.923351287841797,27.69499969482422,27.9424991607666,27.352500915527344,27.934999465942383,187062400
2015-10-08,24.635372161865234,27.375,27.547500610351562,27.052499771118164,27.547500610351562,247918400
2015-10-09,25.22482681274414,28.030000686645508,28.06999969482422,27.372499465942383,27.5,211064400
2015-10-12,25.10783576965332,27.899999618530273,28.1875,27.860000610351562,28.1825008392334,121868800
2015-10-13,25.15058708190918,27.947500228881836,28.112499237060547,27.670000076293945,27.704999923706055,132197200
2015-10-14,24.79511260986328,27.552499771118164,27.8799991607666,27.389999389648438,27.822500228881836,177849600
2015-10-15,25.16632652282715,27.96500015258789,28.024999618530273,27.622499465942383,27.732500076293945,150694000
2015-10-16,24.98184585571289,27.760000228881836,28.0,27.63249969482422,27.94499969482422,156930400
2015-10-19,25.137083053588867,27.9325008392334,27.9375,27.52750015258789,27.700000762939453,119036800
2015-10-20,25.596040725708008,28.4424991607666,28.542499542236328,27.704999923706055,27.834999084472656,195871200
2015-10-21,25.593795776367188,28.440000534057617,28.895000457763672,28.424999237060547,28.5,167180800
2015-10-22,25.985261917114258,28.875,28.875,28.524999618530273,28.582500457763672,166616400
2015-10-23,26.790699005126953,29.770000457763672,29.8075008392334,29.082500457763672,29.174999237060547,237467600
2015-10-26,25.935766220092773,28.81999969482422,29.532499313354492,28.729999542236328,29.520000457763672,265335200
2015-10-27,25.771528244018555,28.637500762939453,29.135000228881836,28.497499465942383,28.850000381469727,279537600
2015-10-28,26.833436965942383,29.8174991607666,29.825000762939453,29.014999389648438,29.232500076293945,342205600
2015-10-29,27.116910934448242,30.13249969482422,30.172500610351562,29.5674991607666,29.674999237060547,204909200
2015-10-30,26.885183334350586,29.875,30.30500030517578,29.862499237060547,30.247499465942383,197461200
2015-11-02,27.263151168823242,30.295000076293945,30.34000015258789,29.90250015258789,30.200000762939453,128813200
2015-11-03,27.575864791870117,30.642499923706055,30.872499465942383,30.174999237060547,30.197500228881836,182076000
2015-11-04,27.447633743286133,30.5,30.954999923706055,30.405000686645508,30.782499313354492,179544400
2015-11-05,27.32110595703125,30.229999542236328,30.672500610351562,30.045000076293945,30.462499618530273,158210800
2015-11-06,27.352737426757812,30.264999389648438,30.452499389648438,30.155000686645508,30.27750015258789,132169200
2015-11-09,27.24203109741211,30.142499923706055,30.452499389648438,30.012500762939453,30.239999771118164,135485600
2015-11-10,26.383434295654297,29.1924991607666,29.517499923706055,29.014999389648438,29.225000381469727,236511600
2015-11-11,26.234312057495117,29.02750015258789,29.354999542236328,28.802499771118164,29.092500686645508,180872000
2015-11-12,26.146196365356445,28.93000030517578,29.204999923706055,28.912500381469727,29.065000534057617,130102400
2015-11-13,25.38251304626465,28.084999084472656,28.892499923706055,28.0674991607666,28.799999237060547,183249600
2015-11-16,25.798246383666992,28.545000076293945,28.559999465942383,27.75,27.844999313354492,152426800
2015-11-17,25.687524795532227,28.422500610351562,28.762500762939453,28.329999923706055,28.729999542236328,110467600
2015-11-18,26.50092887878418,29.322500228881836,29.372499465942383,28.875,28.940000534057617,186698800
2015-11-19,26.837589263916016,29.69499969482422,29.9375,29.190000534057617,29.40999984741211,173183200
2015-11-20,26.955080032348633,29.825000762939453,29.979999542236328,29.712499618530273,29.799999237060547,137148400
2015-11-23,26.604862213134766,29.4375,29.9325008392334,29.334999084472656,29.8174991607666,129930000
2015-11-24,26.86017417907715,29.719999313354492,29.837499618530273,29.280000686645508,29.332500457763672,171212800
2015-11-25,26.66812515258789,29.50749969482422,29.8075008392334,29.479999542236328,29.802499771118164,85553200
2015-11-27,26.618423461914062,29.452499389648438,29.602500915527344,29.399999618530273,29.572500228881836,52185600
2015-11-30,26.729129791259766,29.575000762939453,29.852500915527344,29.4375,29.497499465942383,156721200
2015-12-01,26.512226104736328,29.334999084472656,29.702499389648438,29.21500015258789,29.6875,139409600
2015-12-02,26.272720336914062,29.06999969482422,29.52750015258789,29.020000457763672,29.334999084472656,133546400
2015-12-03,26.028705596923828,28.799999237060547,29.197500228881836,28.55500030517578,29.137500762939453,166278000
2015-12-04,26.89406967163086,29.75749969482422,29.8125,28.77750015258789,28.822500228881836,231108000
2015-12-07,26.724618911743164,29.56999969482422,29.96500015258789,29.452499389648438,29.7450008392334,128336800
2015-12-08,26.71331787109375,29.5575008392334,29.649999618530273,29.21500015258789,29.3799991607666,137238000
2015-12-09,26.123598098754883,28.905000686645508,29.422500610351562,28.770000457763672,29.40999984741211,185445600
2015-12-10,26.24787712097168,29.042499542236328,29.235000610351562,28.877500534057617,29.010000228881836,116850800
2015-12-11,25.572301864624023,28.295000076293945,28.84749984741211,28.212499618530273,28.797500610351562,187544800
2015-12-14,25.414138793945312,28.1200008392334,28.170000076293945,27.447500228881836,28.045000076293945,257274800
2015-12-15,24.96451759338379,27.622499465942383,28.200000762939453,27.587499618530273,27.985000610351562,213292400
2015-12-16,25.156564712524414,27.834999084472656,27.997499465942383,27.200000762939453,27.767499923706055,224954000
2015-12-17,24.623334884643555,27.2450008392334,28.0625,27.2450008392334,28.0049991607666,179091200
2015-12-18,23.956802368164062,26.50749969482422,27.3799991607666,26.452499389648438,27.227500915527344,385813200
2015-12-21,24.25052833557129,26.832500457763672,26.842500686645508,26.392499923706055,26.81999969482422,190362400
2015-12-22,24.22793197631836,26.8075008392334,26.93000030517578,26.612499237060547,26.850000381469727,131157600
2015-12-23,24.539737701416016,27.15250015258789,27.212499618530273,26.799999237060547,26.8174991607666,130629600
2015-12-24,24.4086856842041,27.00749969482422,27.25,26.987499237060547,27.25,54281600
2015-12-28,24.13530158996582,26.704999923706055,26.922500610351562,26.545000076293945,26.897499084472656,106816800
2015-12-29,24.569114685058594,27.184999465942383,27.357500076293945,26.71500015258789,26.739999771118164,123724800
2015-12-30,24.24827003479004,26.829999923706055,27.174999237060547,26.795000076293945,27.145000457763672,100855200
2015-12-31,23.782827377319336,26.315000534057617,26.75749969482422,26.204999923706055,26.752500534057617,163649200
2016-01-04,23.80316162109375,26.337499618530273,26.342500686645508,25.5,25.65250015258789,270597600
2016-01-05,23.2066707611084,25.677499771118164,26.462499618530273,25.602500915527344,26.4375,223164000
2016-01-06,22.75252342224121,25.174999237060547,25.592500686645508,24.967500686645508,25.139999389648438,273829600
2016-01-07,21.792266845703125,24.112499237060547,25.032499313354492,24.107500076293945,24.670000076293945,324377600
2016-01-08,21.90749168395996,24.239999771118164,24.77750015258789,24.190000534057617,24.637500762939453,283192000
2016-01-11,22.262224197387695,24.63249969482422,24.764999389648438,24.334999084472656,24.74250030517578,198957600
2016-01-12,22.585323333740234,24.989999771118164,25.172500610351562,24.709999084472656,25.137500762939453,196616800
2016-01-13,22.00464630126953,24.34749984741211,25.297500610351562,24.325000762939453,25.079999923706055,249758400
2016-01-14,22.485912322998047,24.8799991607666,25.1200008392334,23.934999465942383,24.489999771118164,252680400
2016-01-15,21.945899963378906,24.282499313354492,24.427499771118164,23.84000015258789,24.049999237060547,319335600
2016-01-19,21.83970832824707,24.165000915527344,24.662500381469727,23.875,24.602500915527344,212350800
2016-01-20,21.869089126586914,24.197500228881836,24.547500610351562,23.354999542236328,23.774999618530273,289337600
2016-01-21,21.758373260498047,24.075000762939453,24.469999313354492,23.735000610351562,24.264999389648438,208646000
2016-01-22,22.91520118713379,25.354999542236328,25.364999771118164,24.592500686645508,24.657499313354492,263202000
2016-01-25,22.46784019470215,24.860000610351562,25.38249969482422,24.802499771118164,25.3799991607666,207178000
2016-01-26,22.592098236083984,24.997499465942383,25.219999313354492,24.517499923706055,24.982500076293945,300308000
2016-01-27,21.107656478881836,23.354999542236328,24.157499313354492,23.334999084472656,24.010000228881836,533478800
2016-01-28,21.259035110473633,23.522499084472656,23.6299991607666,23.09749984741211,23.447500228881836,222715200
2016-01-29,21.99335479736328,24.334999084472656,24.334999084472656,23.587499618530273,23.697500228881836,257666000
2016-02-01,21.787738800048828,24.107500076293945,24.177499771118164,23.850000381469727,24.11750030517578,163774000
2016-02-02,21.347152709960938,23.6200008392334,24.010000228881836,23.56999969482422,23.854999542236328,149428800
2016-02-03,21.76967430114746,24.087499618530273,24.209999084472656,23.520000457763672,23.75,183857200
2016-02-04,21.94458770751953,24.149999618530273,24.332500457763672,23.797500610351562,23.96500015258789,185886800
2016-02-05,21.35849380493164,23.5049991607666,24.229999542236328,23.422500610351562,24.1299991607666,185672400
2016-02-08,21.583389282226562,23.752500534057617,23.924999237060547,23.260000228881836,23.282499313354492,216085600
2016-02-09,21.57884407043457,23.747499465942383,23.985000610351562,23.482500076293945,23.572500228881836,177324800
2016-02-10,21.415279388427734,23.5674991607666,24.087499618530273,23.524999618530273,23.979999542236328,169374400
2016-02-11,21.285795211791992,23.424999237060547,23.68000030517578,23.147499084472656,23.447500228881836,200298800
2016-02-12,21.3516788482666,23.497499465942383,23.625,23.252500534057617,23.547500610351562,161405600
2016-02-16,21.953676223754883,24.15999984741211,24.212499618530273,23.65250015258789,23.7549991607666,196231600
2016-02-17,22.289886474609375,24.530000686645508,24.552499771118164,24.037500381469727,24.167499542236328,179452800
2016-02-18,21.867351531982422,24.065000534057617,24.72249984741211,24.022499084472656,24.709999084472656,156084000
2016-02-19,21.81737518310547,24.010000228881836,24.190000534057617,23.950000762939453,24.0,141496800
2016-02-22,22.00819969177246,24.219999313354492,24.225000381469727,23.979999542236328,24.077499389648438,137123200
2016-02-23,21.510700225830078,23.672500610351562,24.125,23.637500762939453,24.100000381469727,127770400
2016-02-24,21.831003189086914,24.024999618530273,24.094999313354492,23.329999923706055,23.4950008392334,145022800
2016-02-25,21.980939865112305,24.190000534057617,24.190000534057617,23.8125,24.012500762939453,110330800
2016-02-26,22.015012741088867,24.227500915527344,24.5049991607666,24.145000457763672,24.299999237060547,115964400
2016-02-29,21.96503257751465,24.172500610351562,24.5575008392334,24.162500381469727,24.21500015258789,140865200
2016-03-01,22.837364196777344,25.13249969482422,25.1924991607666,24.354999542236328,24.412500381469727,201628400
2016-03-02,22.887346267700195,25.1875,25.22249984741211,24.90999984741211,25.127500534057617,132678400
2016-03-03,23.057720184326172,25.375,25.427499771118164,25.112499237060547,25.145000457763672,147822800
2016-03-04,23.400747299194336,25.752500534057617,25.9375,25.342500686645508,25.592500686645508,184220400
2016-03-07,23.14177894592285,25.467500686645508,25.707500457763672,25.239999771118164,25.59749984741211,143315600
2016-03-08,22.950946807861328,25.25749969482422,25.440000534057617,25.100000381469727,25.19499969482422,126247600
2016-03-09,22.97139549255371,25.280000686645508,25.395000457763672,25.0674991607666,25.327499389648438,108806800
2016-03-10,22.982751846313477,25.292499542236328,25.559999465942383,25.037500381469727,25.352500915527344,134054400
2016-03-11,23.23037338256836,25.565000534057617,25.56999969482422,25.375,25.559999465942383,109632800
2016-03-14,23.28943634033203,25.6299991607666,25.727500915527344,25.44499969482422,25.477500915527344,100304400
2016-03-15,23.75739860534668,26.145000457763672,26.295000076293945,25.962499618530273,25.989999771118164,160270800
2016-03-16,24.073171615600586,26.49250030517578,26.577499389648438,26.147499084472656,26.15250015258789,153214000
2016-03-17,24.034547805786133,26.450000762939453,26.61750030517578,26.239999771118164,26.3799991607666,137682800
2016-03-18,24.061811447143555,26.479999542236328,26.625,26.297500610351562,26.584999084472656,176820800
2016-03-21,24.059534072875977,26.477500915527344,26.912500381469727,26.28499984741211,26.482500076293945,142010800
2016-03-22,24.24353790283203,26.68000030517578,26.822500228881836,26.302499771118164,26.3125,129777600
2016-03-23,24.109514236450195,26.532499313354492,26.767499923706055,26.475000381469727,26.6200008392334,102814000
2016-03-24,24.005008697509766,26.417499542236328,26.5625,26.22249984741211,26.36750030517578,104532000
2016-03-28,23.895978927612305,26.297500610351562,26.547500610351562,26.264999389648438,26.5,77645600
2016-03-29,24.46162986755371,26.920000076293945,26.947500228881836,26.219999313354492,26.22249984741211,124760400
2016-03-30,24.888715744018555,27.389999389648438,27.604999542236328,27.149999618530273,27.162500381469727,182404400
2016-03-31,24.75922203063965,27.247499465942383,27.475000381469727,27.219999313354492,27.43000030517578,103553600
2016-04-01,24.986392974853516,27.497499465942383,27.5,27.049999237060547,27.19499969482422,103496000
2016-04-04,25.243093490600586,27.780000686645508,28.047500610351562,27.5674991607666,27.604999542236328,149424800
2016-04-05,24.94550132751465,27.452499389648438,27.6825008392334,27.354999542236328,27.377500534057617,106314800
2016-04-06,25.206748962402344,27.739999771118164,27.7450008392334,27.299999237060547,27.5575008392334,105616400
2016-04-07,24.65699577331543,27.135000228881836,27.604999542236328,27.030000686645508,27.487499237060547,127207600
2016-04-08,24.68425750732422,27.165000915527344,27.4424991607666,27.042499542236328,27.227500915527344,94326800
2016-04-11,24.766033172607422,27.2549991607666,27.65250015258789,27.207500457763672,27.24250030517578,117630000
2016-04-12,25.088621139526367,27.610000610351562,27.625,27.165000915527344,27.334999084472656,108929200
2016-04-13,25.452091217041016,28.010000228881836,28.084999084472656,27.700000762939453,27.700000762939453,133029200
2016-04-14,25.465723037719727,28.024999618530273,28.09749984741211,27.832500457763672,27.905000686645508,101895600
2016-04-15,24.954586029052734,27.462499618530273,28.075000762939453,27.4325008392334,28.02750015258789,187756000
2016-04-18,24.416196823120117,26.8700008392334,27.237499237060547,26.735000610351562,27.22249984741211,243286000
2016-04-19,24.286714553833008,26.727500915527344,27.0,26.5575008392334,26.969999313354492,129539600
2016-04-20,24.336688995361328,26.782499313354492,27.022499084472656,26.514999389648438,26.65999984741211,122444000
2016-04-21,24.073171615600586,26.49250030517578,26.732500076293945,26.3799991607666,26.732500076293945,126210000
2016-04-22,24.00728988647461,26.420000076293945,26.6200008392334,26.155000686645508,26.252500534057617,134732400
2016-04-25,23.870988845825195,26.270000457763672,26.412500381469727,26.127500534057617,26.25,112126400
2016-04-26,23.705150604248047,26.087499618530273,26.325000762939453,25.977500915527344,25.977500915527344,224064800
2016-04-27,22.22173500061035,24.454999923706055,24.677499771118164,23.920000076293945,24.0,458408400
2016-04-28,21.542503356933594,23.707500457763672,24.469999313354492,23.5625,24.40250015258789,328970800
2016-04-29,21.294879913330078,23.434999465942383,23.68000030517578,23.127500534057617,23.497499465942383,274126000
2016-05-02,21.272167205810547,23.40999984741211,23.520000457763672,23.100000381469727,23.49250030517578,192640400
2016-05-03,21.62201499938965,23.795000076293945,23.934999465942383,23.420000076293945,23.549999237060547,227325200
2016-05-04,21.397111892700195,23.547500610351562,23.975000381469727,23.454999923706055,23.799999237060547,164102000
2016-05-05,21.310264587402344,23.309999465942383,23.517499923706055,23.170000076293945,23.5,143562000
2016-05-06,21.191415786743164,23.18000030517578,23.362499237060547,22.962499618530273,23.342500686645508,174799600
2016-05-09,21.20741081237793,23.197500228881836,23.4424991607666,23.147499084472656,23.25,131745600
2016-05-10,21.351404190063477,23.354999542236328,23.392499923706055,23.02750015258789,23.332500457763672,134747200
2016-05-11,21.14341926574707,23.127500534057617,23.392499923706055,23.114999771118164,23.3700008392334,114876400
2016-05-12,20.647459030151367,22.584999084472656,23.19499969482422,22.36750030517578,23.18000030517578,305258800
2016-05-13,20.6885929107666,22.6299991607666,22.917499542236328,22.5,22.5,177571200
2016-05-16,21.45653533935547,23.469999313354492,23.59749984741211,22.912500381469727,23.09749984741211,245039200
2016-05-17,21.36739730834961,23.372499465942383,23.674999237060547,23.252500534057617,23.637500762939453,187667600
2016-05-18,21.61195182800293,23.639999389648438,23.802499771118164,23.47249984741211,23.540000915527344,168249600
2016-05-19,21.529666900634766,23.549999237060547,23.65999984741211,23.392499923706055,23.65999984741211,121768400
2016-05-20,21.762794494628906,23.80500030517578,23.857500076293945,23.6299991607666,23.65999984741211,128104000
2016-05-23,22.03934669494629,24.107500076293945,24.297500610351562,23.917499542236328,23.967500686645508,152074400
2016-05-24,22.375316619873047,24.475000381469727,24.522499084472656,24.209999084472656,24.30500030517578,140560800
2016-05-25,22.768423080444336,24.905000686645508,24.934999465942383,24.52750015258789,24.667499542236328,152675200
2016-05-26,22.9489803314209,25.102500915527344,25.1825008392334,24.65999984741211,24.920000076293945,225324800
2016-05-27,22.935272216796875,25.087499618530273,25.11750030517578,24.8125,24.860000610351562,145364800
2016-05-31,22.823278427124023,24.96500015258789,25.100000381469727,24.704999923706055,24.899999618530273,169228800
2016-06-01,22.50330924987793,24.614999771118164,24.885000228881836,24.582500457763672,24.7549991607666,116693200
2016-06-02,22.334178924560547,24.43000030517578,24.459999084472656,24.157499313354492,24.399999618530273,160766400
2016-06-03,22.3798828125,24.479999542236328,24.5674991607666,24.362499237060547,24.447500228881836,114019600
2016-06-06,22.542158126831055,24.657499313354492,25.47249984741211,24.387500762939453,24.497499465942383,93170000
2016-06-07,22.633573532104492,24.75749969482422,24.967500686645508,24.739999771118164,24.8125,89638000
2016-06-08,22.61301040649414,24.735000610351562,24.889999389648438,24.670000076293945,24.7549991607666,83392400
2016-06-09,22.775287628173828,24.912500381469727,24.997499465942383,24.614999771118164,24.625,106405600
2016-06-10,22.587873458862305,24.707500457763672,24.837499618530273,24.6200008392334,24.63249969482422,126851600
2016-06-13,22.247329711914062,24.334999084472656,24.780000686645508,24.274999618530273,24.672500610351562,152082000
2016-06-14,22.274747848510742,24.364999771118164,24.6200008392334,24.1875,24.329999923706055,127727600
2016-06-15,22.201623916625977,24.28499984741211,24.602500915527344,24.25749969482422,24.454999923706055,117780800
2016-06-16,22.295324325561523,24.387500762939453,24.4375,24.017499923706055,24.112499237060547,125307200
2016-06-17,21.787939071655273,23.832500457763672,24.162500381469727,23.825000762939453,24.155000686645508,244032800
2016-06-20,21.73537826538086,23.774999618530273,24.142499923706055,23.75749969482422,24.0,137647600
2016-06-21,21.920499801635742,23.977500915527344,24.087499618530273,23.670000076293945,23.735000610351562,142185600
2016-06-22,21.838224411010742,23.887500762939453,24.22249984741211,23.837499618530273,24.0625,116876400
2016-06-23,21.963924407958984,24.024999618530273,24.072500228881836,23.8125,23.985000610351562,128960800
2016-06-24,21.34682846069336,23.350000381469727,23.665000915527344,23.162500381469727,23.227500915527344,301245600
2016-06-27,21.035999298095703,23.010000228881836,23.262500762939453,22.875,23.25,181958400
2016-06-28,21.3902587890625,23.397499084472656,23.415000915527344,23.03499984741211,23.225000381469727,161779600
2016-06-29,21.57538414001465,23.600000381469727,23.637500762939453,23.407499313354492,23.49250030517578,146124000
2016-06-30,21.849647521972656,23.899999618530273,23.9424991607666,23.575000762939453,23.610000610351562,143345600
2016-07-01,21.915925979614258,23.97249984741211,24.11750030517578,23.832500457763672,23.872499465942383,104106000
2016-07-05,21.71022605895996,23.747499465942383,23.850000381469727,23.614999771118164,23.84749984741211,110820800
2016-07-06,21.83364486694336,23.88249969482422,23.915000915527344,23.592500686645508,23.649999618530273,123796400
2016-07-07,21.92735481262207,23.985000610351562,24.125,23.905000686645508,23.924999237060547,100558400
2016-07-08,22.096481323242188,24.170000076293945,24.22249984741211,24.012500762939453,24.122499465942383,115648400
2016-07-11,22.165050506591797,24.2450008392334,24.412500381469727,24.1825008392334,24.1875,95179600
2016-07-12,22.26561164855957,24.354999542236328,24.424999237060547,24.280000686645508,24.292499542236328,96670000
2016-07-13,22.139911651611328,24.217500686645508,24.417499542236328,24.209999084472656,24.352500915527344,103568800
2016-07-14,22.57872200012207,24.697500228881836,24.747499465942383,24.329999923706055,24.34749984741211,155676000
2016-07-15,22.576448440551758,24.69499969482422,24.825000762939453,24.625,24.729999542236328,120548000
2016-07-18,22.816423416137695,24.957500457763672,25.032499313354492,24.649999618530273,24.674999237060547,145975600
2016-07-19,22.825571060180664,24.967500686645508,25.0,24.834999084472656,24.889999389648438,95119600
2016-07-20,22.846134185791016,24.989999771118164,25.114999771118164,24.934999465942383,25.0,105104000
2016-07-21,22.725004196166992,24.857500076293945,25.25,24.782499313354492,24.957500457763672,130808000
2016-07-22,22.54901695251465,24.665000915527344,24.825000762939453,24.577499389648438,24.815000534057617,113254800
2016-07-25,22.247329711914062,24.334999084472656,24.709999084472656,24.229999542236328,24.5625,161531600
2016-07-26,22.094194412231445,24.167499542236328,24.49250030517578,24.104999542236328,24.204999923706055,224959200
2016-07-27,23.529508590698242,25.737499237060547,26.087499618530273,25.6875,26.0674991607666,369379200
2016-07-28,23.847192764282227,26.084999084472656,26.112499237060547,25.704999923706055,25.707500457763672,159479200
2016-07-29,23.817485809326172,26.052499771118164,26.137500762939453,25.920000076293945,26.047500610351562,110934800
2016-08-01,24.238019943237305,26.512500762939453,26.537500381469727,26.102500915527344,26.102500915527344,152671600
2016-08-02,23.879194259643555,26.1200008392334,26.517499923706055,26.0,26.512500762939453,135266400
2016-08-03,24.178600311279297,26.447500228881836,26.459999084472656,26.1924991607666,26.202499389648438,120810400
2016-08-04,24.32796287536621,26.467500686645508,26.5,26.31999969482422,26.395000457763672,109634800
2016-08-05,24.697925567626953,26.8700008392334,26.912500381469727,26.545000076293945,26.5674991607666,162213600
2016-08-08,24.902441024780273,27.092500686645508,27.092500686645508,26.790000915527344,26.8799991607666,112148800
2016-08-09,25.00354766845703,27.202499389648438,27.235000610351562,27.002500534057617,27.0575008392334,105260800
2016-08-10,24.81741714477539,27.0,27.225000381469727,26.940000534057617,27.177499771118164,96034000
2016-08-11,24.801328659057617,26.982500076293945,27.232500076293945,26.962499618530273,27.1299991607666,109938000
2016-08-12,24.858781814575195,27.045000076293945,27.110000610351562,26.94499969482422,26.94499969482422,74641600
2016-08-15,25.157508850097656,27.3700008392334,27.385000228881836,27.020000457763672,27.03499984741211,103472800
2016-08-16,25.134525299072266,27.344999313354492,27.5575008392334,27.302499771118164,27.407499313354492,135177600
2016-08-17,25.097761154174805,27.30500030517578,27.342500686645508,27.084999084472656,27.274999618530273,101424000
2016-08-18,25.065587997436523,27.270000457763672,27.399999618530273,27.2549991607666,27.3075008392334,87938800
2016-08-19,25.129928588867188,27.34000015258789,27.422500610351562,27.09000015258789,27.1924991607666,101472400
2016-08-22,24.934606552124023,27.127500534057617,27.274999618530273,26.962499618530273,27.21500015258789,103280800
2016-08-23,25.012739181518555,27.212499618530273,27.329999923706055,27.13249969482422,27.147499084472656,85030800
2016-08-24,24.824312210083008,27.00749969482422,27.1875,26.920000076293945,27.142499923706055,94700400
2016-08-25,24.718608856201172,26.892499923706055,26.969999313354492,26.670000076293945,26.84749984741211,100344800
2016-08-26,24.573835372924805,26.735000610351562,26.987499237060547,26.577499389648438,26.852500915527344,111065200
2016-08-29,24.546260833740234,26.704999923706055,26.860000610351562,26.572500228881836,26.655000686645508,99881200
2016-08-30,24.357837677001953,26.5,26.625,26.375,26.450000762939453,99455600
2016-08-31,24.380815505981445,26.524999618530273,26.642499923706055,26.40999984741211,26.415000915527344,118649600
2016-09-01,24.52558708190918,26.6825008392334,26.700000762939453,26.405000686645508,26.53499984741211,106806000
2016-09-02,24.755380630493164,26.9325008392334,27.0,26.704999923706055,26.924999237060547,107210000
2016-09-06,24.74848175048828,26.924999237060547,27.075000762939453,26.877500534057617,26.975000381469727,107521600
2016-09-07,24.9001407623291,27.09000015258789,27.190000534057617,26.767499923706055,26.957500457763672,169457200
2016-09-08,24.247535705566406,26.3799991607666,26.8174991607666,26.309999465942383,26.8125,212008000
2016-09-09,23.698333740234375,25.782499313354492,26.43000030517578,25.782499313354492,26.15999984741211,186228000
2016-09-12,24.229150772094727,26.360000610351562,26.43000030517578,25.63249969482422,25.662500381469727,181171200
2016-09-13,24.805927276611328,26.987499237060547,27.197500228881836,26.809999465942383,26.877500534057617,248704800
2016-09-14,25.68372344970703,27.9424991607666,28.25749969482422,27.149999618530273,27.1825008392334,443554800
2016-09-15,26.556934356689453,28.892499923706055,28.9325008392334,28.372499465942383,28.46500015258789,359934400
2016-09-16,26.407573699951172,28.729999542236328,29.032499313354492,28.510000228881836,28.780000686645508,319547600
2016-09-19,26.099647521972656,28.395000457763672,29.045000076293945,28.3125,28.797500610351562,188092000
2016-09-20,26.097352981567383,28.392499923706055,28.530000686645508,28.127500534057617,28.262500762939453,138057200
2016-09-21,26.09276008605957,28.387500762939453,28.497499465942383,28.110000610351562,28.462499618530273,144012800
2016-09-22,26.338634490966797,28.655000686645508,28.735000610351562,28.5,28.587499618530273,124296000
2016-09-23,25.899728775024414,28.177499771118164,28.697500228881836,27.887500762939453,28.604999542236328,209924800
2016-09-26,25.938800811767578,28.219999313354492,28.34749984741211,27.887500762939453,27.90999984741211,119477600
2016-09-27,25.98704719543457,28.272499084472656,28.295000076293945,28.084999084472656,28.25,98429600
2016-09-28,26.184669494628906,28.487499237060547,28.65999984741211,28.357500076293945,28.422500610351562,118564400
2016-09-29,25.77794647216797,28.045000076293945,28.450000762939453,27.950000762939453,28.290000915527344,143548000
2016-09-30,25.97785758972168,28.262500762939453,28.342500686645508,27.950000762939453,28.114999771118164,145516400
2016-10-03,25.8560733795166,28.1299991607666,28.262500762939453,28.06999969482422,28.177499771118164,86807200
2016-10-04,25.96636962890625,28.25,28.577499389648438,28.157499313354492,28.264999389648438,118947200
2016-10-05,25.97785758972168,28.262500762939453,28.415000915527344,28.172500610351562,28.350000381469727,85812400
2016-10-06,26.170883178710938,28.47249984741211,28.584999084472656,28.282499313354492,28.424999237060547,115117200
2016-10-07,26.209951400756836,28.514999389648438,28.639999389648438,28.377500534057617,28.577499389648438,97433600
2016-10-10,26.667236328125,29.012500762939453,29.1875,28.68000030517578,28.7549991607666,144944000
2016-10-11,26.72468376159668,29.075000762939453,29.672500610351562,29.049999237060547,29.424999237060547,256164000
2016-10-12,26.96365737915039,29.334999084472656,29.4950008392334,29.1875,29.337499618530273,150347200
2016-10-13,26.880935668945312,29.2450008392334,29.360000610351562,28.93000030517578,29.197500228881836,140769600
2016-10-14,27.030296325683594,29.407499313354492,29.542499542236328,29.282499313354492,29.469999313354492,142608800
2016-10-17,27.01192283630371,29.387500762939453,29.459999084472656,29.19499969482422,29.332500457763672,94499600
2016-10-18,26.993539810180664,29.36750030517578,29.552499771118164,29.362499237060547,29.545000076293945,98214000
2016-10-19,26.91310691833496,29.280000686645508,29.440000534057617,28.450000762939453,29.3125,80138400
2016-10-20,26.89931869506836,29.264999389648438,29.344999313354492,29.082500457763672,29.21500015258789,96503200
2016-10-21,26.79362678527832,29.149999618530273,29.227500915527344,29.06999969482422,29.202499389648438,92770800
2016-10-24,27.03489875793457,29.412500381469727,29.434999465942383,29.25,29.274999618530273,94154800
2016-10-25,27.172771453857422,29.5625,29.59000015258789,29.327499389648438,29.487499237060547,192516000
2016-10-26,26.561527252197266,28.897499084472656,28.924999237060547,28.327499389648438,28.577499389648438,264536800
2016-10-27,26.306461334228516,28.6200008392334,28.96500015258789,28.524999618530273,28.84749984741211,138248000
2016-10-28,26.13182258605957,28.43000030517578,28.802499771118164,28.362499237060547,28.467500686645508,151446800
2016-10-31,26.0904598236084,28.385000228881836,28.5575008392334,28.299999237060547,28.412500381469727,105677600
2016-11-01,25.619384765625,27.872499465942383,28.4424991607666,27.63249969482422,28.364999771118164,175303200
2016-11-02,25.642356872558594,27.897499084472656,28.087499618530273,27.8075008392334,27.850000381469727,113326800
2016-11-03,25.367509841918945,27.457500457763672,27.864999771118164,27.387500762939453,27.7450008392334,107730400
2016-11-04,25.138853073120117,27.209999084472656,27.5625,27.02750015258789,27.13249969482422,123348000
2016-11-07,25.501480102539062,27.602500915527344,27.627500534057617,27.364999771118164,27.520000457763672,130240000
2016-11-08,25.651607513427734,27.764999389648438,27.93000030517578,27.424999237060547,27.577499389648438,97016800
2016-11-09,25.610031127929688,27.719999313354492,27.829999923706055,27.012500762939453,27.469999313354492,236705600
2016-11-10,24.896331787109375,26.947500228881836,27.772499084472656,26.457500457763672,27.772499084472656,228538000
2016-11-11,25.04415512084961,27.107500076293945,27.217500686645508,26.637500762939453,26.780000686645508,136575600
2016-11-14,24.415908813476562,26.427499771118164,26.952499389648438,26.020000457763672,26.927499771118164,204702000
2016-11-15,24.739274978637695,26.77750015258789,26.920000076293945,26.540000915527344,26.642499923706055,129058000
2016-11-16,25.404470443725586,27.497499465942383,27.5575008392334,26.649999618530273,26.674999237060547,235362000
2016-11-17,25.395225524902344,27.487499237060547,27.587499618530273,27.207500457763672,27.452499389648438,110528000
2016-11-18,25.420642852783203,27.514999389648438,27.635000228881836,27.415000915527344,27.43000030517578,113715600
2016-11-21,25.80636215209961,27.9325008392334,27.997499465942383,27.502500534057617,27.530000686645508,117058400
2016-11-22,25.82252311706543,27.950000762939453,28.104999542236328,27.850000381469727,27.987499237060547,103862000
2016-11-23,25.69087028503418,27.8075008392334,27.877500534057617,27.582500457763672,27.84000015258789,109705600
2016-11-25,25.820209503173828,27.947500228881836,27.967500686645508,27.737499237060547,27.782499313354492,45903600
2016-11-28,25.76940155029297,27.892499923706055,28.11750030517578,27.84749984741211,27.857500076293945,108776000
2016-11-29,25.74399185180664,27.864999771118164,28.00749969482422,27.517499923706055,27.69499969482422,114115200
2016-11-30,25.52688217163086,27.6299991607666,28.049999237060547,27.5674991607666,27.899999618530273,144649200
2016-12-01,25.288978576660156,27.372499465942383,27.735000610351562,27.25749969482422,27.592500686645508,148347600
2016-12-02,25.38368034362793,27.475000381469727,27.522499084472656,27.212499618530273,27.292499542236328,106112000
2016-12-05,25.201210021972656,27.27750015258789,27.50749969482422,27.0625,27.5,137298000
2016-12-06,25.395225524902344,27.487499237060547,27.59000015258789,27.297500610351562,27.375,104782000
2016-12-07,25.644678115844727,27.75749969482422,27.797500610351562,27.290000915527344,27.315000534057617,119994800
2016-12-08,25.896434783935547,28.030000686645508,28.107500076293945,27.649999618530273,27.71500015258789,108273200
2016-12-09,26.319107055664062,28.487499237060547,28.674999237060547,28.077499389648438,28.077499389648438,137610400
2016-12-12,26.168977737426758,28.325000762939453,28.75,28.122499465942383,28.322500228881836,105497600
2016-12-13,26.60552215576172,28.797500610351562,28.979999542236328,28.4375,28.459999084472656,174935200
2016-12-14,26.60552215576172,28.797500610351562,29.049999237060547,28.7450008392334,28.760000228881836,136127200
2016-12-15,26.751018524169922,28.954999923706055,29.1825008392334,28.8075008392334,28.844999313354492,186098000
2016-12-16,26.78567123413086,28.99250030517578,29.125,28.912500381469727,29.11750030517578,177404400
2016-12-19,26.940418243408203,29.15999984741211,29.344999313354492,28.9375,28.950000762939453,111117600
2016-12-20,27.012025833129883,29.237499237060547,29.375,29.170000076293945,29.184999465942383,85700000
2016-12-21,27.03742790222168,29.264999389648438,29.350000381469727,29.19499969482422,29.200000762939453,95132800
2016-12-22,26.859588623046875,29.072500228881836,29.127500534057617,28.90999984741211,29.087499618530273,104343600
2016-12-23,26.91271209716797,29.1299991607666,29.1299991607666,28.897499084472656,28.897499084472656,56998000
2016-12-27,27.08362579345703,29.315000534057617,29.450000762939453,29.122499465942383,29.1299991607666,73187600
2016-12-28,26.968137741088867,29.190000534057617,29.5049991607666,29.049999237060547,29.3799991607666,83623600
2016-12-29,26.961210250854492,29.1825008392334,29.27750015258789,29.100000381469727,29.112499237060547,60158000
2016-12-30,26.751018524169922,28.954999923706055,29.299999237060547,28.857500076293945,29.162500381469727,122345200
2017-01-03,26.82724380493164,29.037500381469727,29.082500457763672,28.690000534057617,28.950000762939453,115127600
2017-01-04,26.79722023010254,29.0049991607666,29.127500534057617,28.9375,28.962499618530273,84472400
2017-01-05,26.933488845825195,29.15250015258789,29.21500015258789,28.952499389648438,28.979999542236328,88774400
2017-01-06,27.233762741088867,29.477500915527344,29.540000915527344,29.11750030517578,29.19499969482422,127007600
2017-01-09,27.483200073242188,29.747499465942383,29.857500076293945,29.485000610351562,29.487499237060547,134247600
2017-01-10,27.51091766357422,29.77750015258789,29.844999313354492,29.575000762939453,29.6924991607666,97848400
2017-01-11,27.658742904663086,29.9375,29.982500076293945,29.649999618530273,29.684999465942383,110354400
2017-01-12,27.543258666992188,29.8125,29.825000762939453,29.552499771118164,29.725000381469727,108344800
2017-01-13,27.494747161865234,29.760000228881836,29.905000686645508,29.702499389648438,29.77750015258789,104447600
2017-01-17,27.71648597717285,30.0,30.059999465942383,29.55500030517578,29.584999084472656,137759200
2017-01-18,27.71417808532715,29.997499465942383,30.125,29.927499771118164,30.0,94852000
2017-01-19,27.665668487548828,29.94499969482422,30.022499084472656,29.842500686645508,29.850000381469727,102389200
2017-01-20,27.71648597717285,30.0,30.112499237060547,29.9325008392334,30.112499237060547,130391600
2017-01-23,27.73495864868164,30.020000457763672,30.202499389648438,29.9424991607666,30.0,88200800
2017-01-24,27.709556579589844,29.99250030517578,30.024999618530273,29.875,29.887500762939453,92844000
2017-01-25,28.15070915222168,30.469999313354492,30.524999618530273,30.06999969482422,30.104999542236328,129510400
2017-01-26,28.16456413269043,30.485000610351562,30.610000610351562,30.399999618530273,30.417499542236328,105350400
2017-01-27,28.166873931884766,30.487499237060547,30.587499618530273,30.399999618530273,30.53499984741211,82251600
2017-01-30,28.09296226501465,30.407499313354492,30.407499313354492,30.165000915527344,30.232500076293945,121510000
2017-01-31,28.028297424316406,30.337499618530273,30.34749984741211,30.155000686645508,30.287500381469727,196804000
2017-02-01,29.737476348876953,32.1875,32.622501373291016,31.752500534057617,31.75749969482422,447940000
2017-02-02,29.68665885925293,32.13249969482422,32.34749984741211,31.94499969482422,31.9950008392334,134841600
2017-02-03,29.813697814941406,32.27000045776367,32.29750061035156,32.040000915527344,32.07749938964844,98029200
2017-02-06,30.093175888061523,32.5724983215332,32.625,32.224998474121094,32.282501220703125,107383600
2017-02-07,30.37957191467285,32.88249969482422,33.022499084472656,32.61249923706055,32.6349983215332,152735200
2017-02-08,30.497365951538086,33.0099983215332,33.05500030517578,32.80500030517578,32.837501525878906,92016400
2017-02-09,30.717737197875977,33.10499954223633,33.11249923706055,32.779998779296875,32.912498474121094,113399600
2017-02-10,30.64815330505371,33.029998779296875,33.23500061035156,33.01250076293945,33.1150016784668,80262000
2017-02-13,30.9195556640625,33.3224983215332,33.45500183105469,33.1875,33.27000045776367,92141600
2017-02-14,31.320878982543945,33.755001068115234,33.772499084472656,33.3125,33.36750030517578,132904800
2017-02-15,31.434534072875977,33.877498626708984,34.067501068115234,33.654998779296875,33.880001068115234,142492400
2017-02-16,31.397428512573242,33.837501525878906,33.974998474121094,33.709999084472656,33.91749954223633,90338400
2017-02-17,31.483240127563477,33.93000030517578,33.95750045776367,33.775001525878906,33.775001525878906,88792800
2017-02-21,31.710599899291992,34.17499923706055,34.1875,33.994998931884766,34.057498931884766,98028800
2017-02-22,31.805688858032227,34.27750015258789,34.279998779296875,34.02750015258789,34.10749816894531,83347600
2017-02-23,31.671140670776367,34.13249969482422,34.369998931884766,34.07500076293945,34.345001220703125,83152800
2017-02-24,31.70131492614746,34.165000915527344,34.165000915527344,33.81999969482422,33.977500915527344,87106400
2017-02-27,31.763927459716797,34.23249816894531,34.36000061035156,34.06999969482422,34.28499984741211,81029600
2017-02-28,31.777851104736328,34.247501373291016,34.36000061035156,34.17499923706055,34.27000045776367,93931600
2017-03-01,32.4273796081543,34.9474983215332,35.037498474121094,34.400001525878906,34.47249984741211,145658400
2017-03-02,32.23484420776367,34.7400016784668,35.06999969482422,34.689998626708984,35.0,104844000
2017-03-03,32.42505645751953,34.94499969482422,34.95750045776367,34.647499084472656,34.69499969482422,84432400
2017-03-06,32.322994232177734,34.834999084472656,34.942501068115234,34.650001525878906,34.842498779296875,87000000
2017-03-07,32.36475372314453,34.880001068115234,34.994998931884766,34.6974983215332,34.76499938964844,69785200
2017-03-08,32.244117736816406,34.75,34.95000076293945,34.70500183105469,34.73749923706055,74828800
2017-03-09,32.16987991333008,34.66999816894531,34.6974983215332,34.26250076293945,34.685001373291016,88623600
2017-03-10,32.27658462524414,34.78499984741211,34.84000015258789,34.65999984741211,34.8125,78451200
2017-03-13,32.2905158996582,34.79999923706055,34.85749816894531,34.70500183105469,34.712501525878906,69686800
2017-03-14,32.241798400878906,34.747501373291016,34.912498474121094,34.709999084472656,34.82500076293945,61236400
2017-03-15,32.58279800415039,35.1150016784668,35.1875,34.75749969482422,34.852500915527344,102767200
2017-03-16,32.636146545410156,35.17250061035156,35.255001068115234,35.064998626708984,35.18000030517578,76928000
2017-03-17,32.47377014160156,34.997501373291016,35.25,34.97249984741211,35.25,175540000
2017-03-20,32.81476593017578,35.3650016784668,35.375,35.057498931884766,35.099998474121094,86168000
2017-03-21,32.43897247314453,34.959999084472656,35.70000076293945,34.932498931884766,35.52750015258789,158119600
2017-03-22,32.80548858642578,35.35499954223633,35.400001525878906,34.939998626708984,34.962501525878906,103440800
2017-03-23,32.68950271606445,35.22999954223633,35.39500045776367,35.15250015258789,35.314998626708984,81385200
2017-03-24,32.624549865722656,35.15999984741211,35.435001373291016,35.087501525878906,35.375,89582400
2017-03-27,32.68022918701172,35.220001220703125,35.30500030517578,34.654998779296875,34.84749984741211,94300400
2017-03-28,33.35760498046875,35.95000076293945,36.0099983215332,35.154998779296875,35.227500915527344,133499200
2017-03-29,33.43180847167969,36.029998779296875,36.122501373291016,35.79750061035156,35.91999816894531,116760000
2017-03-30,33.38773727416992,35.98249816894531,36.125,35.875,36.04750061035156,84829200
2017-03-31,33.325111389160156,35.915000915527344,36.067501068115234,35.752498626708984,35.93000030517578,78646800
2017-04-03,33.334388732910156,35.92499923706055,36.029998779296875,35.76250076293945,35.9275016784668,79942800
2017-04-04,33.58259963989258,36.192501068115234,36.22249984741211,35.79249954223633,35.8125,79565600
2017-04-05,33.40862274169922,36.005001068115234,36.3650016784668,35.95249938964844,36.05500030517578,110871600
2017-04-06,33.325111389160156,35.915000915527344,36.130001068115234,35.86249923706055,36.0724983215332,84596000
2017-04-07,33.250885009765625,35.834999084472656,36.04499816894531,35.817501068115234,35.932498931884766,66688800
2017-04-10,33.21142578125,35.79249954223633,35.970001220703125,35.724998474121094,35.900001525878906,75733600
2017-04-11,32.854209899902344,35.407501220703125,35.837501525878906,35.01499938964844,35.73500061035156,121517600
2017-04-12,32.89362716674805,35.45000076293945,35.537498474121094,35.252498626708984,35.400001525878906,81400000
2017-04-13,32.71965789794922,35.26250076293945,35.595001220703125,35.26250076293945,35.477500915527344,71291600
2017-04-17,32.90060043334961,35.45750045776367,35.470001220703125,35.217498779296875,35.369998931884766,66328400
2017-04-18,32.754451751708984,35.29999923706055,35.5099983215332,35.27750015258789,35.352500915527344,58790000
2017-04-19,32.63383483886719,35.16999816894531,35.5,35.11249923706055,35.470001220703125,69313600
2017-04-20,33.04210662841797,35.61000061035156,35.72999954223633,35.290000915527344,35.30500030517578,93278400
2017-04-21,33.0026741027832,35.567501068115234,35.66999816894531,35.462501525878906,35.61000061035156,69283600
2017-04-24,33.320465087890625,35.90999984741211,35.98749923706055,35.79499816894531,35.875,68537200
2017-04-25,33.526920318603516,36.13249969482422,36.224998474121094,35.967498779296875,35.977500915527344,75486000
2017-04-26,33.329750061035156,35.91999816894531,36.150001525878906,35.845001220703125,36.11750030517578,80164800
2017-04-27,33.35526657104492,35.9474983215332,36.040000915527344,35.82749938964844,35.97999954223633,56985200
2017-04-28,33.322792053222656,35.912498474121094,36.07500076293945,35.817501068115234,36.022499084472656,83441600
2017-05-01,34.002471923828125,36.64500045776367,36.79999923706055,36.2400016784668,36.275001525878906,134411600
2017-05-02,34.218196868896484,36.877498626708984,37.022499084472656,36.709999084472656,36.8849983215332,181408800
2017-05-03,34.113807678222656,36.76499938964844,36.872501373291016,36.067501068115234,36.397499084472656,182788000
2017-05-04,33.99086380004883,36.63249969482422,36.78499984741211,36.45249938964844,36.630001068115234,93487600
2017-05-05,34.5545654296875,37.2400016784668,37.244998931884766,36.689998626708984,36.689998626708984,109310800
2017-05-08,35.49405288696289,38.252498626708984,38.42499923706055,37.25749969482422,37.25749969482422,195009600
2017-05-09,35.72140121459961,38.497501373291016,38.720001220703125,38.36249923706055,38.467498779296875,156521600
2017-05-10,35.55203628540039,38.314998626708984,38.48500061035156,38.02750015258789,38.407501220703125,103222800
2017-05-11,35.8595085144043,38.48749923706055,38.51750183105469,38.07749938964844,38.11249923706055,109020400
2017-05-12,36.360313415527344,39.025001525878906,39.10499954223633,38.66749954223633,38.67499923706055,130108000
2017-05-15,36.26713180541992,38.92499923706055,39.162498474121094,38.76250076293945,39.002498626708984,104038800
2017-05-16,36.213558197021484,38.86750030517578,39.01499938964844,38.68000030517578,38.98500061035156,80194000
2017-05-17,34.997657775878906,37.5625,38.64250183105469,37.4275016784668,38.400001525878906,203070800
2017-05-18,35.53106689453125,38.1349983215332,38.334999084472656,37.782501220703125,37.817501068115234,134272800
2017-05-19,35.65220260620117,38.26499938964844,38.494998931884766,38.157501220703125,38.345001220703125,107843200
2017-05-22,35.86882781982422,38.497501373291016,38.64500045776367,38.227500915527344,38.5,91865600
2017-05-23,35.8245735168457,38.45000076293945,38.724998474121094,38.32749938964844,38.724998474121094,79675600
2017-05-24,35.7174186706543,38.334999084472656,38.54249954223633,38.16749954223633,38.459999084472656,76712000
2017-05-25,35.840877532958984,38.467498779296875,38.587501525878906,38.25749969482422,38.432498931884766,76942400
2017-05-26,35.78031921386719,38.40250015258789,38.560001373291016,38.32749938964844,38.5,87710400
2017-05-30,35.794281005859375,38.41749954223633,38.60749816894531,38.33250045776367,38.35499954223633,80507600
2017-05-31,35.582313537597656,38.189998626708984,38.54249954223633,38.095001220703125,38.49250030517578,97804800
2017-06-01,35.68014907836914,38.29499816894531,38.33250045776367,38.05500030517578,38.29249954223633,65616400
2017-06-02,36.20889663696289,38.86249923706055,38.86249923706055,38.22249984741211,38.39500045776367,111082800
2017-06-05,35.85484313964844,38.48249816894531,38.61249923706055,38.3650016784668,38.584999084472656,101326800
2017-06-06,35.97596740722656,38.61249923706055,38.95249938964844,38.44499969482422,38.474998474121094,106499600
2017-06-07,36.19026565551758,38.842498779296875,38.994998931884766,38.619998931884766,38.755001068115234,84278400
2017-06-08,36.101749420166016,38.747501373291016,38.8849983215332,38.599998474121094,38.8125,85003200
2017-06-09,34.701839447021484,37.244998931884766,38.79750061035156,36.505001068115234,38.79750061035156,259530800
2017-06-12,33.872623443603516,36.35499954223633,36.522499084472656,35.627498626708984,36.435001373291016,289229200
2017-06-13,34.145145416259766,36.647499084472656,36.86249923706055,36.287498474121094,36.790000915527344,136661600
2017-06-14,33.81205749511719,36.290000915527344,36.875,35.959999084472656,36.875,126124800
2017-06-15,33.60940170288086,36.0724983215332,36.119998931884766,35.5525016784668,35.83000183105469,128661600
2017-06-16,33.138893127441406,35.567501068115234,36.125,35.54999923706055,35.94499969482422,201444400
2017-06-19,34.086917877197266,36.584999084472656,36.685001373291016,35.915000915527344,35.915000915527344,130165600
2017-06-20,33.77711868286133,36.252498626708984,36.717498779296875,36.23500061035156,36.717498779296875,99600400
2017-06-21,33.97744369506836,36.467498779296875,36.51750183105469,36.15250015258789,36.380001068115234,85063200
2017-06-22,33.921531677246094,36.407501220703125,36.67499923706055,36.279998779296875,36.442501068115234,76425200
2017-06-23,34.072940826416016,36.56999969482422,36.790000915527344,36.27750015258789,36.282501220703125,141757600
2017-06-26,33.965789794921875,36.45500183105469,37.06999969482422,36.345001220703125,36.79249954223633,102769600
2017-06-27,33.478965759277344,35.932498931884766,36.540000915527344,35.904998779296875,36.252498626708984,99047600
2017-06-28,33.968116760253906,36.45750045776367,36.52750015258789,35.790000915527344,36.122501373291016,88329600
2017-06-29,33.46731948852539,35.91999816894531,36.282501220703125,35.56999969482422,36.1775016784668,125997600
2017-06-30,33.5465087890625,36.005001068115234,36.2400016784668,35.94499969482422,36.11249923706055,92096400
2017-07-03,33.42539978027344,35.875,36.32500076293945,35.775001525878906,36.220001220703125,57111200
2017-07-05,33.56281280517578,36.022499084472656,36.1974983215332,35.68000030517578,35.92250061035156,86278400
2017-07-06,33.24604415893555,35.682498931884766,35.875,35.602500915527344,35.755001068115234,96515200
2017-07-07,33.58378601074219,36.04499816894531,36.1875,35.724998474121094,35.724998474121094,76806800
2017-07-10,33.78876876831055,36.26499938964844,36.48749923706055,35.842498779296875,36.02750015258789,84362400
2017-07-11,33.898231506347656,36.38249969482422,36.462501525878906,36.095001220703125,36.182498931884766,79127200
2017-07-12,33.9471549987793,36.435001373291016,36.54499816894531,36.20500183105469,36.467498779296875,99538000
2017-07-13,34.42000961303711,36.942501068115234,37.122501373291016,36.36000061035156,36.375,100797600
2017-07-14,34.7158317565918,37.2599983215332,37.33250045776367,36.83250045776367,36.99250030517578,80528400
2017-07-17,34.836944580078125,37.38999938964844,37.724998474121094,37.14250183105469,37.20500183105469,95174000
2017-07-18,34.95806884765625,37.52000045776367,37.532501220703125,37.16749954223633,37.29999923706055,71475200
2017-07-19,35.17702865600586,37.755001068115234,37.85499954223633,37.48749923706055,37.619998931884766,83692000
2017-07-20,35.018638610839844,37.584999084472656,37.935001373291016,37.54750061035156,37.875,68974800
2017-07-21,35.0023193359375,37.567501068115234,37.61000061035156,37.220001220703125,37.497501373291016,105010400
2017-07-24,35.42625045776367,38.022499084472656,38.11000061035156,37.474998474121094,37.64500045776367,85972800
2017-07-25,35.577659606933594,38.185001373291016,38.459999084472656,37.95000076293945,37.95000076293945,75415600
2017-07-26,35.74537658691406,38.3650016784668,38.48249816894531,38.26499938964844,38.337501525878906,63124000
2017-07-27,35.06987380981445,37.63999938964844,38.497501373291016,36.82500076293945,38.4375,129905200
2017-07-28,34.82296371459961,37.375,37.557498931884766,37.29750061035156,37.47249984741211,68854800
2017-07-31,34.64360809326172,37.182498931884766,37.58250045776367,37.032501220703125,37.474998474121094,79383600
2017-08-01,34.95109176635742,37.51250076293945,37.55500030517578,37.102500915527344,37.275001525878906,141474400
2017-08-02,36.602561950683594,39.28499984741211,39.9375,39.040000915527344,39.81999969482422,279747200
2017-08-03,36.236846923828125,38.89250183105469,39.3025016784668,38.755001068115234,39.26250076293945,108389200
2017-08-04,36.427860260009766,39.09749984741211,39.349998474121094,38.92250061035156,39.01750183105469,82239600
2017-08-07,36.99153518676758,39.70249938964844,39.72999954223633,39.16749954223633,39.26499938964844,87481200
2017-08-08,37.28736877441406,40.02000045776367,40.45750045776367,39.567501068115234,39.650001525878906,144823600
2017-08-09,37.51563262939453,40.26499938964844,40.317501068115234,39.77750015258789,39.814998626708984,104526000
2017-08-10,36.32069778442383,38.83000183105469,40.0,38.657501220703125,39.974998474121094,163217200
2017-08-11,36.82578659057617,39.369998931884766,39.64250183105469,39.01750183105469,39.150001525878906,105028400
2017-08-14,37.3800163269043,39.962501525878906,40.0525016784668,39.6875,39.83000183105469,88490800
2017-08-15,37.78923034667969,40.400001525878906,40.54999923706055,40.03499984741211,40.165000915527344,117862000
2017-08-16,37.637237548828125,40.23749923706055,40.627498626708984,40.037498474121094,40.48500061035156,110686400
2017-08-17,36.9146614074707,39.46500015258789,40.1775016784668,39.459999084472656,40.130001068115234,111762400
2017-08-18,36.83047866821289,39.375,39.875,39.18000030517578,39.46500015258789,109712400
2017-08-21,36.762657165527344,39.3025016784668,39.47249984741211,38.77750015258789,39.375,105474000
2017-08-22,37.363651275634766,39.94499969482422,40.0,39.505001068115234,39.557498931884766,86418400
2017-08-23,37.410400390625,39.994998931884766,40.11750030517578,39.720001220703125,39.76750183105469,77596400
2017-08-24,37.2443733215332,39.817501068115234,40.185001373291016,39.63750076293945,40.10749816894531,79275600
2017-08-25,37.382347106933594,39.96500015258789,40.13999938964844,39.817501068115234,39.912498474121094,101920400
2017-08-28,37.75883865356445,40.36750030517578,40.5,39.98249816894531,40.03499984741211,103864000
2017-08-29,38.0955696105957,40.727500915527344,40.779998779296875,40.0,40.025001525878906,118067600
2017-08-30,38.19846725463867,40.837501525878906,40.97249984741211,40.65250015258789,40.95000076293945,109078400
2017-08-31,38.3504638671875,41.0,41.130001068115234,40.869998931884766,40.90999984741211,107140400
2017-09-01,38.36216354370117,41.01250076293945,41.23500061035156,40.907501220703125,41.20000076293945,66364400
2017-09-05,37.901485443115234,40.52000045776367,41.0625,40.13999938964844,40.9375,117874000
2017-09-06,37.86172103881836,40.477500915527344,40.747501373291016,40.130001068115234,40.6775016784668,86606800
2017-09-07,37.70972442626953,40.314998626708984,40.560001373291016,40.09000015258789,40.522499084472656,87714000
2017-09-08,37.0947151184082,39.657501220703125,40.287498474121094,39.63249969482422,40.21500015258789,114446000
2017-09-11,37.76585006713867,40.375,40.51250076293945,39.97249984741211,40.125,126323200
2017-09-12,37.616188049316406,40.21500015258789,40.9900016784668,39.692501068115234,40.65250015258789,286856000
2017-09-13,37.3332405090332,39.912498474121094,39.9900016784668,39.477500915527344,39.967498779296875,179629600
2017-09-14,37.01287078857422,39.56999969482422,39.849998474121094,39.522499084472656,39.747501373291016,95042800
2017-09-15,37.387027740478516,39.970001220703125,40.24250030517578,39.5,39.61750030517578,196458400
2017-09-18,37.10408020019531,39.66749954223633,40.125,39.5,40.02750015258789,113077600
2017-09-19,37.118106842041016,39.682498931884766,39.942501068115234,39.61000061035156,39.877498626708984,83242400
2017-09-20,36.49609375,39.01750183105469,39.564998626708984,38.45750045776367,39.474998474121094,211805600
2017-09-21,35.869380950927734,38.34749984741211,38.95000076293945,38.1875,38.95000076293945,150046800
2017-09-22,35.51861572265625,37.97249984741211,38.067501068115234,37.63999938964844,37.8849983215332,186581600
2017-09-25,35.20524978637695,37.63750076293945,37.95750045776367,37.290000915527344,37.497501373291016,177549200
2017-09-26,35.81092071533203,38.28499984741211,38.47999954223633,37.92250061035156,37.94499969482422,146640000
2017-09-27,36.0657958984375,38.557498931884766,38.68000030517578,38.3849983215332,38.45000076293945,102016800
2017-09-28,35.84365463256836,38.31999969482422,38.56999969482422,38.17499923706055,38.47249984741211,88022000
2017-09-29,36.04008102416992,38.529998779296875,38.532501220703125,38.0,38.3025016784668,105199200
2017-10-02,35.96758270263672,38.45249938964844,38.61249923706055,38.18000030517578,38.564998626708984,74795200
2017-10-03,36.124263763427734,38.619998931884766,38.772499084472656,38.477500915527344,38.502498626708984,64921200
2017-10-04,35.89042663574219,38.369998931884766,38.46500015258789,38.1150016784668,38.407501220703125,80655200
2017-10-05,36.337066650390625,38.84749984741211,38.86000061035156,38.51250076293945,38.54499816894531,85135200
2017-10-06,36.316017150878906,38.82500076293945,38.872501373291016,38.63999938964844,38.74250030517578,69630400
2017-10-09,36.442298889160156,38.959999084472656,39.182498931884766,38.872501373291016,38.95249938964844,65051600
2017-10-10,36.45631790161133,38.974998474121094,39.5,38.775001525878906,39.01499938964844,62468000
2017-10-11,36.60832214355469,39.13750076293945,39.244998931884766,38.9375,38.99250030517578,67622400
2017-10-12,36.479705810546875,39.0,39.342498779296875,38.932498931884766,39.087501525878906,64500400
2017-10-13,36.71121597290039,39.247501373291016,39.31999969482422,39.102500915527344,39.182498931884766,65576800
2017-10-16,37.387027740478516,39.970001220703125,40.0,39.412498474121094,39.474998474121094,96486000
2017-10-17,37.524993896484375,40.11750030517578,40.217498779296875,39.807498931884766,39.94499969482422,75989200
2017-10-18,37.35895919799805,39.939998626708984,40.1775016784668,39.900001525878906,40.10499954223633,65496800
2017-10-19,36.475040435791016,38.994998931884766,39.27000045776367,38.755001068115234,39.1875,170336800
2017-10-20,36.538177490234375,39.0625,39.4375,38.9900016784668,39.15250015258789,95896400
2017-10-23,36.51945114135742,39.04249954223633,39.42250061035156,38.875,39.22249984741211,87937200
2017-10-24,36.736934661865234,39.275001525878906,39.35499954223633,39.04999923706055,39.0724983215332,71028800
2017-10-25,36.575584411621094,39.102500915527344,39.38750076293945,38.817501068115234,39.227500915527344,84828400
2017-10-26,36.80942916870117,39.352500915527344,39.45750045776367,39.19499969482422,39.307498931884766,68002000
2017-10-27,38.12831115722656,40.76250076293945,40.900001525878906,39.67499923706055,39.8224983215332,177816800
2017-10-30,38.98651123046875,41.68000030517578,42.01750183105469,40.93000030517578,40.97249984741211,178803200
2017-10-31,39.52904510498047,42.2599983215332,42.412498474121094,41.73500061035156,41.974998474121094,144187200
2017-11-01,39.02627182006836,41.72249984741211,42.48500061035156,41.40250015258789,42.467498779296875,134551200
2017-11-02,39.31155014038086,42.02750015258789,42.125,41.31999969482422,41.650001525878906,165573600
2017-11-03,40.338134765625,43.125,43.564998626708984,42.779998779296875,43.5,237594400
2017-11-06,40.74736785888672,43.5625,43.747501373291016,42.93000030517578,43.092498779296875,140105200
2017-11-07,40.87832260131836,43.70249938964844,43.8125,43.400001525878906,43.477500915527344,97446000
2017-11-08,41.21272659301758,44.060001373291016,44.060001373291016,43.58250045776367,43.665000915527344,97638000
2017-11-09,41.128536224365234,43.970001220703125,44.025001525878906,43.28499984741211,43.77750015258789,117930400
2017-11-10,40.99240493774414,43.66749954223633,43.845001220703125,43.567501068115234,43.77750015258789,100582000
2017-11-13,40.82814025878906,43.49250030517578,43.625,43.349998474121094,43.375,67928400
2017-11-14,40.21092224121094,42.834999084472656,43.369998931884766,42.79499816894531,43.2599983215332,99130000
2017-11-15,39.68052291870117,42.27000045776367,42.58000183105469,42.095001220703125,42.49250030517578,116632400
2017-11-16,40.15459442138672,42.775001525878906,42.967498779296875,42.57500076293945,42.79499816894531,94550000
2017-11-17,39.93163299560547,42.537498474121094,42.84749984741211,42.40999984741211,42.7599983215332,87598000
2017-11-20,39.891746520996094,42.494998931884766,42.63999938964844,42.38999938964844,42.5724983215332,65049600
2017-11-21,40.633338928222656,43.28499984741211,43.42499923706055,42.69499969482422,42.69499969482422,100525200
2017-11-22,41.06047439575195,43.7400016784668,43.75,43.26250076293945,43.34000015258789,102355600
2017-11-24,41.06282424926758,43.74250030517578,43.875,43.662498474121094,43.775001525878906,56106800
2017-11-27,40.85629653930664,43.522499084472656,43.77000045776367,43.334999084472656,43.76250076293945,82867200
2017-11-28,40.61691665649414,43.26750183105469,43.717498779296875,42.96500015258789,43.57500076293945,105715200
2017-11-29,39.77439880371094,42.369998931884766,43.22999954223633,41.790000915527344,43.157501220703125,166665600
2017-11-30,40.330604553222656,42.962501525878906,43.03499984741211,42.11000061035156,42.60749816894531,166108800
2017-12-01,40.142852783203125,42.76250076293945,42.91749954223633,42.125,42.48749923706055,159037200
2017-12-04,39.8494987487793,42.45000076293945,43.154998779296875,42.407501220703125,43.119998931884766,130169600
2017-12-05,39.81195068359375,42.40999984741211,42.880001068115234,42.099998474121094,42.26499938964844,109400800
2017-12-06,39.66409683227539,42.252498626708984,42.54999923706055,41.6150016784668,41.875,114240000
2017-12-07,39.73685073852539,42.33000183105469,42.61000061035156,42.227500915527344,42.25749969482422,102693200
2017-12-08,39.74858474731445,42.342498779296875,42.75,42.20500183105469,42.622501373291016,93420800
2017-12-11,40.523048400878906,43.16749954223633,43.22249984741211,42.1974983215332,42.29999923706055,141095200
2017-12-12,40.29540252685547,42.92499923706055,43.09749984741211,42.8650016784668,43.037498474121094,77636800
2017-12-13,40.42918014526367,43.067501068115234,43.3849983215332,43.0,43.125,95273600
2017-12-14,40.41743469238281,43.05500030517578,43.282501220703125,42.912498474121094,43.099998474121094,81906000
2017-12-15,40.82814025878906,43.49250030517578,43.54249954223633,43.1150016784668,43.407501220703125,160677200
2017-12-18,41.40312194824219,44.10499954223633,44.29999923706055,43.71500015258789,43.720001220703125,117684400
2017-12-19,40.96190643310547,43.6349983215332,43.84749984741211,43.522499084472656,43.75749969482422,109745600
2017-12-20,40.917320251464844,43.587501525878906,43.85499954223633,43.3125,43.717498779296875,93902400
2017-12-21,41.07219696044922,43.752498626708984,44.005001068115234,43.525001525878906,43.54249954223633,83799600
2017-12-22,41.07219696044922,43.752498626708984,43.85499954223633,43.625,43.66999816894531,65397600
2017-12-26,40.03020477294922,42.64250183105469,42.86750030517578,42.41999816894531,42.70000076293945,132742000
2017-12-27,40.03724670410156,42.650001525878906,42.69499969482422,42.4275016784668,42.525001525878906,85992800
2017-12-28,40.1498908996582,42.77000045776367,42.962501525878906,42.619998931884766,42.75,65920800
2017-12-29,39.715736389160156,42.307498931884766,42.647499084472656,42.30500030517578,42.630001068115234,103999600
2018-01-02,40.42681121826172,43.064998626708984,43.07500076293945,42.314998626708984,42.540000915527344,102223600
2018-01-03,40.4197883605957,43.057498931884766,43.63750076293945,42.9900016784668,43.13249969482422,118071600
2018-01-04,40.60753631591797,43.25749969482422,43.36750030517578,43.02000045776367,43.1349983215332,89738400
2018-01-05,41.06986618041992,43.75,43.842498779296875,43.26250076293945,43.36000061035156,94640000
2018-01-08,40.917320251464844,43.587501525878906,43.90250015258789,43.48249816894531,43.587501525878906,82271200
2018-01-09,40.91262435913086,43.58250045776367,43.76499938964844,43.352500915527344,43.63750076293945,86336000
2018-01-10,40.90323257446289,43.5724983215332,43.57500076293945,43.25,43.290000915527344,95839600
2018-01-11,41.13557052612305,43.81999969482422,43.872501373291016,43.622501373291016,43.647499084472656,74670800
2018-01-12,41.56036376953125,44.272499084472656,44.34000015258789,43.912498474121094,44.04499816894531,101672400
2018-01-16,41.3491325378418,44.04750061035156,44.84749984741211,44.03499984741211,44.474998474121094,118263600
2018-01-17,42.032073974609375,44.775001525878906,44.8125,43.76750183105469,44.037498474121094,137547200
2018-01-18,42.06962203979492,44.814998626708984,45.025001525878906,44.5625,44.842498779296875,124773600
2018-01-19,41.881874084472656,44.6150016784668,44.89500045776367,44.352500915527344,44.65250015258789,129700400
2018-01-22,41.539241790771484,44.25,44.44499969482422,44.150001525878906,44.32500076293945,108434400
2018-01-23,41.548622131347656,44.2599983215332,44.86000061035156,44.20500183105469,44.32500076293945,130756400
2018-01-24,40.88681411743164,43.55500030517578,44.32500076293945,43.29999923706055,44.3125,204420400
2018-01-25,40.15693664550781,42.77750015258789,43.73749923706055,42.63249969482422,43.627498626708984,166116000
2018-01-26,40.250797271728516,42.877498626708984,43.0,42.51499938964844,43.0,156572000
2018-01-29,39.417686462402344,41.9900016784668,42.540000915527344,41.76750183105469,42.540000915527344,202561600
2018-01-30,39.18534469604492,41.74250030517578,41.842498779296875,41.17499923706055,41.38249969482422,184192800
2018-01-31,39.293296813964844,41.85749816894531,42.11000061035156,41.625,41.717498779296875,129915600
2018-02-01,39.37543869018555,41.94499969482422,42.154998779296875,41.689998626708984,41.79249954223633,188923200
2018-02-02,37.666927337646484,40.125,41.70000076293945,40.025001525878906,41.5,346375200
2018-02-05,36.72584915161133,39.122501373291016,40.970001220703125,39.0,39.775001525878906,290954000
2018-02-06,38.26068878173828,40.75749969482422,40.93000030517578,38.5,38.70750045776367,272975200
2018-02-07,37.441627502441406,39.8849983215332,40.849998474121094,39.76750183105469,40.772499084472656,206434400
2018-02-08,36.41135787963867,38.787498474121094,40.25,38.75749969482422,40.0724983215332,217562000
2018-02-09,36.85673141479492,39.102500915527344,39.47249984741211,37.560001373291016,39.26750183105469,282690400
2018-02-12,38.341270446777344,40.6775016784668,40.97249984741211,39.377498626708984,39.625,243278000
2018-02-13,38.725364685058594,41.084999084472656,41.1875,40.412498474121094,40.48749923706055,130196800
2018-02-14,39.43935775756836,41.842498779296875,41.8849983215332,40.720001220703125,40.7599983215332,162579600
2018-02-15,40.76366424560547,43.247501373291016,43.272499084472656,42.25,42.4474983215332,204588800
2018-02-16,40.63170623779297,43.10749816894531,43.70500183105469,42.942501068115234,43.09000015258789,160704400
2018-02-20,40.495033264160156,42.962501525878906,43.564998626708984,42.85499954223633,43.01250076293945,135722000
2018-02-21,40.31122970581055,42.76750183105469,43.529998779296875,42.752498626708984,43.20750045776367,149886400
2018-02-22,40.648197174072266,43.125,43.48749923706055,42.9275016784668,42.95000076293945,123967600
2018-02-23,41.35512924194336,43.875,43.912498474121094,43.3849983215332,43.41749954223633,135249600
2018-02-26,42.17279815673828,44.74250030517578,44.84749984741211,44.0525016784668,44.087501525878906,152648800
2018-02-27,42.036128997802734,44.59749984741211,45.119998931884766,44.540000915527344,44.775001525878906,155712400
2018-02-28,41.97249984741211,44.529998779296875,45.154998779296875,44.51250076293945,44.814998626708984,151128400
2018-03-01,41.2373161315918,43.75,44.94499969482422,43.165000915527344,44.6349983215332,195208000
2018-03-02,41.522430419921875,44.0525016784668,44.07500076293945,43.11249923706055,43.20000076293945,153816000
2018-03-05,41.666175842285156,44.20500183105469,44.435001373291016,43.630001068115234,43.8025016784668,113605600
2018-03-06,41.630821228027344,44.16749954223633,44.5625,44.032501220703125,44.477500915527344,95154000
2018-03-07,41.2443733215332,43.75749969482422,43.962501525878906,43.567501068115234,43.73500061035156,126814000
2018-03-08,41.6944580078125,44.23500061035156,44.279998779296875,43.76750183105469,43.869998931884766,95096400
2018-03-09,42.410804748535156,44.994998931884766,45.0,44.34749984741211,44.4900016784668,128740800
2018-03-12,42.82082748413086,45.43000030517578,45.59749984741211,45.0525016784668,45.0724983215332,128828400
2018-03-13,42.408447265625,44.99250030517578,45.875,44.810001373291016,45.647499084472656,126774000
2018-03-14,42.047916412353516,44.61000061035156,45.130001068115234,44.45249938964844,45.08000183105469,117473600
2018-03-15,42.09739685058594,44.662498474121094,45.060001373291016,44.51750183105469,44.625,90975200
2018-03-16,41.948944091796875,44.505001068115234,44.779998779296875,44.404998779296875,44.662498474121094,157618800
2018-03-19,41.30800247192383,43.82500076293945,44.36750030517578,43.415000915527344,44.33000183105469,133787200
2018-03-20,41.29386520385742,43.810001373291016,44.20000076293945,43.73500061035156,43.810001373291016,78597600
2018-03-21,40.35836410522461,42.817501068115234,43.772499084472656,42.814998626708984,43.7599983215332,148219600
2018-03-22,39.788116455078125,42.212501525878906,43.16999816894531,42.150001525878906,42.5,165963200
2018-03-23,38.866756439208984,41.23500061035156,42.47999954223633,41.23500061035156,42.09749984741211,164115200
2018-03-26,40.71182632446289,43.192501068115234,43.275001525878906,41.61000061035156,42.01750183105469,150164800
2018-03-27,39.66794204711914,42.084999084472656,43.787498474121094,41.72999954223633,43.41999816894531,163690400
2018-03-28,39.229637145996094,41.619998931884766,42.505001068115234,41.29750061035156,41.8125,166674000
2018-03-29,39.53597640991211,41.94499969482422,42.9375,41.724998474121094,41.95249938964844,153594000
2018-04-02,39.27677536010742,41.66999816894531,42.23500061035156,41.11750030517578,41.65999984741211,150347200
2018-04-03,39.67972946166992,42.09749984741211,42.1875,41.220001220703125,41.90999984741211,121112000
2018-04-04,40.4384880065918,42.90250015258789,43.002498626708984,41.192501068115234,41.220001220703125,138422000
2018-04-05,40.71889114379883,43.20000076293945,43.557498931884766,43.02000045776367,43.14500045776367,107732800
2018-04-06,39.6773681640625,42.095001220703125,43.119998931884766,42.04999923706055,42.74250030517578,140021200
2018-04-09,40.07088088989258,42.51250076293945,43.272499084472656,42.462501525878906,42.470001220703125,116070800
2018-04-10,40.82493209838867,43.3125,43.5,42.88249969482422,43.25,113634400
2018-04-11,40.634056091308594,43.11000061035156,43.47999954223633,42.92499923706055,43.057498931884766,89726400
2018-04-12,41.0346565246582,43.53499984741211,43.75,43.2599983215332,43.352500915527344,91557200
2018-04-13,41.17368698120117,43.682498931884766,43.959999084472656,43.462501525878906,43.69499969482422,100497200
2018-04-16,41.430538177490234,43.95500183105469,44.04750061035156,43.70750045776367,43.75749969482422,86313600
2018-04-17,42.000789642333984,44.560001373291016,44.73500061035156,44.102500915527344,44.122501373291016,106421600
2018-04-18,41.90652847290039,44.459999084472656,44.70500183105469,44.220001220703125,44.45249938964844,83018000
2018-04-19,40.71889114379883,43.20000076293945,43.84749984741211,43.165000915527344,43.439998626708984,139235200
2018-04-20,39.05055236816406,41.43000030517578,42.80500030517578,41.35749816894531,42.650001525878906,261964400
2018-04-23,38.93745422363281,41.310001373291016,41.72999954223633,41.022499084472656,41.70750045776367,146062000
2018-04-24,38.39547348022461,40.73500061035156,41.58250045776367,40.30500030517578,41.41749954223633,134768000
2018-04-25,38.56277847290039,40.912498474121094,41.35499954223633,40.602500915527344,40.654998779296875,113528400
2018-04-26,38.69709396362305,41.05500030517578,41.432498931884766,40.842498779296875,41.029998779296875,111852000
2018-04-27,38.24937438964844,40.58000183105469,41.08250045776367,40.157501220703125,41.0,142623200
2018-04-30,38.94216537475586,41.314998626708984,41.814998626708984,40.459999084472656,40.532501220703125,169709600
2018-05-01,39.84702682495117,42.275001525878906,42.29999923706055,41.317501068115234,41.602500915527344,214277600
2018-05-02,41.607269287109375,44.14250183105469,44.4375,43.45000076293945,43.807498931884766,266157600
2018-05-03,41.68266296386719,44.22249984741211,44.375,43.61000061035156,43.970001220703125,136272800
2018-05-04,43.318023681640625,45.95750045776367,46.0625,44.54249954223633,44.5625,224805200
2018-05-07,43.63142776489258,46.290000915527344,46.91749954223633,46.1875,46.29499816894531,169805600
2018-05-08,43.84115219116211,46.51250076293945,46.55500030517578,45.91749954223633,46.247501373291016,113611200
2018-05-09,44.14984130859375,46.84000015258789,46.849998474121094,46.30500030517578,46.63750076293945,92844800
2018-05-10,44.7813606262207,47.5099983215332,47.592498779296875,46.912498474121094,46.935001373291016,111957200
2018-05-11,44.61104965209961,47.147499084472656,47.51499938964844,46.86249923706055,47.372501373291016,104848800
2018-05-14,44.506954193115234,47.037498474121094,47.38249969482422,46.96500015258789,47.252498626708984,83115200
2018-05-15,44.10246658325195,46.61000061035156,46.76750183105469,46.275001525878906,46.69499969482422,94780800
2018-05-16,44.51406478881836,47.04499816894531,47.1150016784668,46.5,46.51750183105469,76732400
2018-05-17,44.232566833496094,46.747501373291016,47.227500915527344,46.59000015258789,47.0,69176000
2018-05-18,44.07170867919922,46.57749938964844,46.95249938964844,46.532501220703125,46.79750061035156,73190800
2018-05-21,44.38395309448242,46.907501220703125,47.317501068115234,46.727500915527344,47.0,73603200
2018-05-22,44.27278137207031,46.790000915527344,47.220001220703125,46.69499969482422,47.095001220703125,60962800
2018-05-23,44.5566291809082,47.09000015258789,47.125,46.439998626708984,46.587501525878906,80233600
2018-05-24,44.506954193115234,47.037498474121094,47.209999084472656,46.5525016784668,47.192501068115234,92936000
2018-05-25,44.60867691040039,47.14500045776367,47.412498474121094,46.912498474121094,47.057498931884766,69844000
2018-05-29,44.44782257080078,46.974998474121094,47.1875,46.717498779296875,46.900001525878906,90056400
2018-05-30,44.35319900512695,46.875,47.0,46.69499969482422,46.93000030517578,74762000
2018-05-31,44.20417404174805,46.717498779296875,47.057498931884766,46.53499984741211,46.80500030517578,109931200
2018-06-01,45.0013542175293,47.560001373291016,47.564998626708984,46.9375,46.997501373291016,93770000
2018-06-04,45.37746047973633,47.95750045776367,48.35499954223633,47.837501525878906,47.90999984741211,105064800
2018-06-05,45.72755432128906,48.32749938964844,48.48500061035156,48.09000015258789,48.26750183105469,86264000
2018-06-06,45.88605880737305,48.494998931884766,48.52000045776367,47.97999954223633,48.407501220703125,83734400
2018-06-07,45.76304244995117,48.3650016784668,48.54999923706055,48.084999084472656,48.53499984741211,85388800
2018-06-08,45.346717834472656,47.92499923706055,48.0,47.442501068115234,47.79249954223633,106627200
2018-06-11,45.23553466796875,47.807498931884766,47.99250030517578,47.5525016784668,47.837501525878906,73234000
2018-06-12,45.483909606933594,48.06999969482422,48.15250015258789,47.787498474121094,47.84749984741211,67644400
2018-06-13,45.110164642333984,47.67499923706055,48.220001220703125,47.61000061035156,48.10499954223633,86553600
2018-06-14,45.133819580078125,47.70000076293945,47.89250183105469,47.55500030517578,47.88750076293945,86440400
2018-06-15,44.670169830322266,47.209999084472656,47.540000915527344,47.064998626708984,47.50749969482422,246876800
2018-06-18,44.646507263183594,47.185001373291016,47.30500030517578,46.79999923706055,46.970001220703125,73939600
2018-06-19,43.925052642822266,46.42250061035156,46.58250045776367,45.86249923706055,46.28499984741211,134314000
2018-06-20,44.11665344238281,46.625,46.79999923706055,46.432498931884766,46.587501525878906,82514800
2018-06-21,43.87063980102539,46.3650016784668,47.087501525878906,46.23500061035156,46.8125,102847600
2018-06-22,43.74290466308594,46.22999954223633,46.537498474121094,46.17499923706055,46.529998779296875,108801600
2018-06-25,43.09238052368164,45.54249954223633,46.22999954223633,45.182498931884766,45.849998474121094,126652400
2018-06-26,43.62699508666992,46.10749816894531,46.63249969482422,45.6349983215332,45.747501373291016,98276800
2018-06-27,43.56312942504883,46.040000915527344,46.81999969482422,46.00749969482422,46.307498931884766,101141200
2018-06-28,43.880104064941406,46.375,46.5525016784668,45.95000076293945,46.025001525878906,69460800
2018-06-29,43.78784942626953,46.27750015258789,46.79750061035156,45.727500915527344,46.5724983215332,90950800
2018-07-02,44.27751159667969,46.79499816894531,46.82500076293945,45.85499954223633,45.95500183105469,70925200
2018-07-03,43.506351470947266,45.97999954223633,46.98749923706055,45.8849983215332,46.9474983215332,55819200
2018-07-05,43.856441497802734,46.349998474121094,46.602500915527344,46.06999969482422,46.314998626708984,66416800
2018-07-06,44.464378356933594,46.99250030517578,47.10749816894531,46.29999923706055,46.35499954223633,69940800
2018-07-09,45.0817756652832,47.64500045776367,47.66999816894531,47.32500076293945,47.375,79026400
2018-07-10,45.02737045288086,47.587501525878906,47.81999969482422,47.54499816894531,47.6775016784668,63756400
2018-07-11,44.44309616088867,46.970001220703125,47.44499969482422,46.90250015258789,47.125,75326000
2018-07-12,45.1882209777832,47.75749969482422,47.852500915527344,47.32749938964844,47.38249969482422,72164400
2018-07-13,45.259193420410156,47.83250045776367,47.959999084472656,47.724998474121094,47.77000045776367,50055600
2018-07-16,45.15983963012695,47.727500915527344,48.162498474121094,47.60499954223633,47.880001068115234,60172400
2018-07-17,45.2875862121582,47.86249923706055,47.967498779296875,47.29999923706055,47.4375,62138000
2018-07-18,45.0391960144043,47.599998474121094,47.95000076293945,47.48249816894531,47.94499969482422,65573600
2018-07-19,45.38930130004883,47.970001220703125,48.13750076293945,47.42250061035156,47.42250061035156,81147200
2018-07-20,45.28521728515625,47.86000061035156,48.10749816894531,47.54249954223633,47.94499969482422,82704800
2018-07-23,45.32542419433594,47.90250015258789,47.9900016784668,47.38999938964844,47.66999816894531,63957600
2018-07-24,45.65422821044922,48.25,48.415000915527344,48.01250076293945,48.11249923706055,74791600
2018-07-25,46.08476257324219,48.70500183105469,48.712501525878906,48.10749816894531,48.26499938964844,66839600
2018-07-26,45.940452575683594,48.5525016784668,48.9900016784668,48.40250015258789,48.65250015258789,76304000
2018-07-27,45.1764030456543,47.744998931884766,48.79750061035156,47.525001525878906,48.747501373291016,96096000
2018-07-30,44.92329025268555,47.477500915527344,48.04999923706055,47.26750183105469,47.974998474121094,84118000
2018-07-31,45.013179779052734,47.5724983215332,48.03499984741211,47.334999084472656,47.57500076293945,157492000
2018-08-01,47.664913177490234,50.375,50.439998626708984,49.32749938964844,49.782501220703125,271742800
2018-08-02,49.058197021484375,51.84749984741211,52.095001220703125,50.087501525878906,50.14500045776367,249616000
2018-08-03,49.200130462646484,51.997501373291016,52.185001373291016,51.369998931884766,51.75749969482422,133789600
2018-08-06,49.45558547973633,52.26750183105469,52.3125,51.76750183105469,52.0,101701600
2018-08-07,48.9919548034668,51.77750015258789,52.375,51.689998626708984,52.33000183105469,102349600
2018-08-08,49.02507400512695,51.8125,51.95249938964844,51.130001068115234,51.51250076293945,90102000
2018-08-09,49.4106559753418,52.220001220703125,52.44499969482422,51.79999923706055,52.38249969482422,93970400
2018-08-10,49.26346969604492,51.88249969482422,52.275001525878906,51.66749954223633,51.84000015258789,98444800
2018-08-13,49.58155822753906,52.217498779296875,52.73749923706055,51.92499923706055,52.32749938964844,103563600
2018-08-14,49.79045867919922,52.4375,52.63999938964844,52.064998626708984,52.540000915527344,82992000
2018-08-15,49.90678024291992,52.560001373291016,52.685001373291016,52.08250045776367,52.30500030517578,115230400
2018-08-16,50.63791275024414,53.33000183105469,53.45249938964844,52.86750030517578,52.9375,114001600
2018-08-17,51.64915084838867,54.39500045776367,54.48749923706055,53.290000915527344,53.36000061035156,141708000
2018-08-20,51.145912170410156,53.8650016784668,54.79499816894531,53.77750015258789,54.525001525878906,121150800
2018-08-21,51.046199798583984,53.7599983215332,54.29750061035156,53.50749969482422,54.20000076293945,104639200
2018-08-22,51.048583984375,53.76250076293945,54.09000015258789,53.459999084472656,53.525001525878906,76072400
2018-08-23,51.15302276611328,53.872501373291016,54.26250076293945,53.650001525878906,53.662498474121094,75532800
2018-08-24,51.312068939208984,54.040000915527344,54.224998474121094,53.77750015258789,54.150001525878906,73905600
2018-08-27,51.73460388183594,54.48500061035156,54.685001373291016,54.08250045776367,54.287498474121094,82100400
2018-08-28,52.15239334106445,54.92499923706055,55.1349983215332,54.72999954223633,54.752498626708984,91107200
2018-08-29,52.93099594116211,55.744998931884766,55.872501373291016,54.852500915527344,55.037498474121094,109019200
2018-08-30,53.417633056640625,56.25749969482422,57.064998626708984,55.599998474121094,55.8125,195175200
2018-08-31,54.03481674194336,56.907501220703125,57.217498779296875,56.5,56.627498626708984,173360400
2018-09-04,54.208099365234375,57.09000015258789,57.29499816894531,56.657501220703125,57.102500915527344,109560400
2018-09-05,53.85440444946289,56.717498779296875,57.41749954223633,56.275001525878906,57.247501373291016,133332000
2018-09-06,52.9594841003418,55.775001525878906,56.837501525878906,55.32500076293945,56.557498931884766,137160000
2018-09-07,52.532203674316406,55.32500076293945,56.342498779296875,55.1775016784668,55.462501525878906,150479200
2018-09-10,51.827178955078125,54.58250045776367,55.462501525878906,54.11750030517578,55.23749923706055,158066000
2018-09-11,53.13751220703125,55.962501525878906,56.07500076293945,54.13999938964844,54.502498626708984,142996000
2018-09-12,52.47760009765625,55.26750183105469,56.25,54.959999084472656,56.23500061035156,197114800
2018-09-13,53.745208740234375,56.602500915527344,57.087501525878906,55.64250183105469,55.880001068115234,166825600
2018-09-14,53.13514709472656,55.959999084472656,56.709999084472656,55.630001068115234,56.4375,127997200
2018-09-17,51.72035598754883,54.470001220703125,55.73749923706055,54.317501068115234,55.537498474121094,148780400
2018-09-18,51.805816650390625,54.560001373291016,55.462501525878906,54.279998779296875,54.4474983215332,126286800
2018-09-19,51.83667755126953,54.592498779296875,54.904998779296875,53.82500076293945,54.625,108495200
2018-09-20,52.2307243347168,55.00749969482422,55.56999969482422,54.787498474121094,55.060001373291016,106435200
2018-09-21,51.668128967285156,54.415000915527344,55.34000015258789,54.3224983215332,55.19499969482422,384986800
2018-09-24,52.41114044189453,55.1974983215332,55.314998626708984,54.157501220703125,54.20500183105469,110773600
2018-09-25,52.743473052978516,55.54750061035156,55.70500183105469,54.92499923706055,54.9375,98217600
2018-09-26,52.323307037353516,55.10499954223633,55.9375,54.939998626708984,55.25,95938800
2018-09-27,53.39864730834961,56.23749923706055,56.61000061035156,55.8849983215332,55.95500183105469,120724800
2018-09-28,53.586158752441406,56.435001373291016,56.459999084472656,56.005001068115234,56.1974983215332,91717600
2018-10-01,53.94697952270508,56.814998626708984,57.35499954223633,56.587501525878906,56.98749923706055,94403200
2018-10-02,54.42648696899414,57.31999969482422,57.5,56.657501220703125,56.8125,99152800
2018-10-03,55.08878707885742,58.01750183105469,58.36750030517578,57.44499969482422,57.51250076293945,114619200
2018-10-04,54.12027359008789,56.997501373291016,58.087501525878906,56.682498931884766,57.69499969482422,128168000
2018-10-05,53.24196243286133,56.0724983215332,57.102500915527344,55.14500045776367,56.9900016784668,134322000
2018-10-08,53.1185302734375,55.942501068115234,56.20000076293945,55.04999923706055,55.5525016784668,118655600
2018-10-09,53.85440444946289,56.717498779296875,56.817501068115234,55.5625,55.90999984741211,107564000
2018-10-10,51.35953903198242,54.09000015258789,56.587501525878906,54.01250076293945,56.3650016784668,167962400
2018-10-11,50.90614700317383,53.61249923706055,54.875,53.08000183105469,53.630001068115234,212497600
2018-10-12,52.72447204589844,55.52750015258789,55.720001220703125,54.209999084472656,55.10499954223633,161351600
2018-10-15,51.596923828125,54.34000015258789,55.45750045776367,54.317501068115234,55.290000915527344,123164000
2018-10-16,52.73397445678711,55.537498474121094,55.747501373291016,54.189998626708984,54.73249816894531,116736000
2018-10-17,52.50608825683594,55.29750061035156,55.65999984741211,54.834999084472656,55.57500076293945,91541600
2018-10-18,51.27883529663086,54.005001068115234,54.935001373291016,53.25,54.46500015258789,130325200
2018-10-19,52.059810638427734,54.82749938964844,55.314998626708984,54.35749816894531,54.51499938964844,132314800
2018-10-22,52.37790298461914,55.162498474121094,55.84000015258789,54.73500061035156,54.9474983215332,115168400
2018-10-23,52.87164306640625,55.682498931884766,55.8125,53.67499923706055,53.95750045776367,155071200
2018-10-24,51.058067321777344,53.772499084472656,56.057498931884766,53.6349983215332,55.650001525878906,163702000
2018-10-25,52.176124572753906,54.95000076293945,55.345001220703125,54.1875,54.4275016784668,119423200
2018-10-26,51.34529495239258,54.07500076293945,55.04750061035156,53.16749954223633,53.974998474121094,189033600
2018-10-29,50.38153839111328,53.060001373291016,54.92250061035156,51.522499084472656,54.79750061035156,183742000
2018-10-30,50.633148193359375,53.32500076293945,53.79499816894531,52.317501068115234,52.787498474121094,146640000
2018-10-31,51.95299530029297,54.71500015258789,55.11249923706055,54.154998779296875,54.220001220703125,153435600
2018-11-01,52.75058364868164,55.55500030517578,55.59000015258789,54.20249938964844,54.76250076293945,233292800
2018-11-02,49.251609802246094,51.869998931884766,53.412498474121094,51.35749816894531,52.38750076293945,365314800
2018-11-05,47.85344314575195,50.397499084472656,51.09749984741211,49.54249954223633,51.07500076293945,264654800
2018-11-06,48.37092590332031,50.942501068115234,51.18000030517578,50.42250061035156,50.47999954223633,127531600
2018-11-07,49.83793258666992,52.48749923706055,52.51499938964844,51.032501220703125,51.49250030517578,133697600
2018-11-08,49.66405487060547,52.122501373291016,52.529998779296875,51.6875,52.494998931884766,101450400
2018-11-09,48.706459045410156,51.11750030517578,51.502498626708984,50.5625,51.38750076293945,137463200
2018-11-12,46.252906799316406,48.54249954223633,49.962501525878906,48.4474983215332,49.75,204542000
2018-11-13,45.79077911376953,48.057498931884766,49.29499816894531,47.86249923706055,47.907501220703125,187531600
2018-11-14,44.497310638427734,46.70000076293945,48.619998931884766,46.48249816894531,48.474998474121094,243204000
2018-11-15,45.59545135498047,47.852500915527344,47.99250030517578,46.724998474121094,47.09749984741211,185915200
2018-11-16,46.10044860839844,48.38249969482422,48.74250030517578,47.3650016784668,47.625,147713200
2018-11-19,44.27339172363281,46.46500015258789,47.67499923706055,46.247501373291016,47.5,167701200
2018-11-20,42.158103942871094,44.244998931884766,45.36750030517578,43.877498626708984,44.592498779296875,271300800
2018-11-21,42.110469818115234,44.19499969482422,45.067501068115234,44.13750076293945,44.932498931884766,124496800
2018-11-23,41.040897369384766,43.0724983215332,44.150001525878906,43.025001525878906,43.73500061035156,94496000
2018-11-26,41.59593200683594,43.654998779296875,43.73749923706055,42.564998626708984,43.560001373291016,179994000
2018-11-27,41.50541687011719,43.560001373291016,43.692501068115234,42.720001220703125,42.877498626708984,165549600
2018-11-28,43.101402282714844,45.23500061035156,45.3224983215332,43.73249816894531,44.182498931884766,184250000
2018-11-29,42.770301818847656,44.88750076293945,45.70000076293945,44.42499923706055,45.665000915527344,167080000
2018-11-30,42.539241790771484,44.64500045776367,45.08250045776367,44.25749969482422,45.0724983215332,158126000
2018-12-03,44.025665283203125,46.20500183105469,46.23500061035156,45.3025016784668,46.1150016784668,163210000
2018-12-04,42.089019775390625,44.17250061035156,45.59749984741211,44.067501068115234,45.23749923706055,165377200
2018-12-06,41.619754791259766,43.68000030517578,43.69499969482422,42.60499954223633,42.939998626708984,172393600
2018-12-07,40.135711669921875,42.122501373291016,43.622501373291016,42.07500076293945,43.372501373291016,169126400
2018-12-10,40.400123596191406,42.400001525878906,42.522499084472656,40.83250045776367,41.25,248104000
2018-12-11,40.169063568115234,42.157501220703125,42.9474983215332,41.75,42.915000915527344,189126800
2018-12-12,40.28102111816406,42.275001525878906,42.97999954223633,42.255001068115234,42.599998474121094,142510800
2018-12-13,40.72170639038086,42.73749923706055,43.14250183105469,42.38750076293945,42.622501373291016,127594400
2018-12-14,39.418701171875,41.369998931884766,42.27000045776367,41.31999969482422,42.25,162814800
2018-12-17,39.051876068115234,40.98500061035156,42.087501525878906,40.682498931884766,41.36249923706055,177151600
2018-12-18,39.55925750732422,41.51750183105469,41.88249969482422,41.09749984741211,41.345001220703125,135366000
2018-12-19,38.32533264160156,40.22249984741211,41.86249923706055,39.772499084472656,41.5,196189200
2018-12-20,37.35821533203125,39.20750045776367,40.52750015258789,38.82500076293945,40.099998474121094,259092000
2018-12-21,35.90513229370117,37.682498931884766,39.540000915527344,37.407501220703125,39.21500015258789,382978400
2018-12-24,34.97612380981445,36.70750045776367,37.88750076293945,36.647499084472656,37.037498474121094,148676800
2018-12-26,37.4391975402832,39.29249954223633,39.307498931884766,36.68000030517578,37.07500076293945,234330000
2018-12-27,37.196224212646484,39.037498474121094,39.192501068115234,37.51750183105469,38.959999084472656,212468400
2018-12-28,37.21528244018555,39.057498931884766,39.630001068115234,38.63750076293945,39.375,169165600
2018-12-31,37.57498550415039,39.435001373291016,39.84000015258789,39.119998931884766,39.63249969482422,140014000
2019-01-02,37.61785125732422,39.47999954223633,39.712501525878906,38.557498931884766,38.72249984741211,148158800
2019-01-03,33.870845794677734,35.54750061035156,36.43000030517578,35.5,35.994998931884766,365248800
2019-01-04,35.316749572753906,37.064998626708984,37.13750076293945,35.95000076293945,36.13249969482422,234428400
2019-01-07,35.23815155029297,36.98249816894531,37.20750045776367,36.474998474121094,37.17499923706055,219111200
2019-01-08,35.90989685058594,37.6875,37.95500183105469,37.130001068115234,37.38999938964844,164101200
2019-01-09,36.51970672607422,38.32749938964844,38.63249969482422,37.407501220703125,37.8224983215332,180396400
2019-01-10,36.636436462402344,38.45000076293945,38.49250030517578,37.71500015258789,38.125,143122800
2019-01-11,36.276729583740234,38.0724983215332,38.42499923706055,37.877498626708984,38.220001220703125,108092800
2019-01-14,35.73124313354492,37.5,37.817501068115234,37.30500030517578,37.712501525878906,129756800
2019-01-15,36.46254348754883,38.26750183105469,38.34749984741211,37.51250076293945,37.567501068115234,114843600
2019-01-16,36.907997131347656,38.73500061035156,38.970001220703125,38.25,38.27000045776367,122278800
2019-01-17,37.12714767456055,38.96500015258789,39.415000915527344,38.314998626708984,38.54999923706055,119284800
2019-01-18,37.35582733154297,39.20500183105469,39.470001220703125,38.994998931884766,39.375,135004000
2019-01-22,36.517330169677734,38.32500076293945,39.182498931884766,38.154998779296875,39.102500915527344,121576000
2019-01-23,36.6650276184082,38.47999954223633,38.78499984741211,37.92499923706055,38.537498474121094,92522400
2019-01-24,36.37440490722656,38.17499923706055,38.619998931884766,37.935001373291016,38.52750015258789,101766000
2019-01-25,37.579734802246094,39.439998626708984,39.532501220703125,38.58000183105469,38.869998931884766,134142000
2019-01-28,37.23196029663086,39.07500076293945,39.08250045776367,38.415000915527344,38.9474983215332,104768400
2019-01-29,36.8460578918457,38.66999816894531,39.532501220703125,38.52750015258789,39.0625,166348800
2019-01-30,39.36391830444336,41.3125,41.537498474121094,40.057498931884766,40.8125,244439200
2019-01-31,39.64738082885742,41.61000061035156,42.25,41.13999938964844,41.52750015258789,162958400
2019-02-01,39.66644287109375,41.630001068115234,42.244998931884766,41.48249816894531,41.7400016784668,130672400
2019-02-04,40.793174743652344,42.8125,42.915000915527344,41.81999969482422,41.852500915527344,125982000
2019-02-05,41.49112319946289,43.54499816894531,43.77000045776367,43.087501525878906,43.21500015258789,144406400
2019-02-06,41.50541687011719,43.560001373291016,43.89250183105469,43.212501525878906,43.662498474121094,112958400
2019-02-07,40.71932601928711,42.73500061035156,43.48500061035156,42.584999084472656,43.099998474121094,126966800
2019-02-08,40.76717758178711,42.602500915527344,42.665000915527344,42.10499954223633,42.247501373291016,95280000
2019-02-11,40.53271484375,42.35749816894531,42.8025016784668,42.3125,42.76250076293945,83973600
2019-02-12,40.881996154785156,42.72249984741211,42.75,42.42499923706055,42.525001525878906,89134000
2019-02-13,40.71214294433594,42.54499816894531,43.119998931884766,42.47999954223633,42.84749984741211,89960800
2019-02-14,40.86046600341797,42.70000076293945,42.814998626708984,42.345001220703125,42.4275016784668,87342800
2019-02-15,40.76956558227539,42.60499954223633,42.92499923706055,42.4375,42.8125,98507200
2019-02-19,40.89155960083008,42.73249816894531,42.86000061035156,42.372501373291016,42.4275016784668,75891200
2019-02-20,41.15473175048828,43.00749969482422,43.33000183105469,42.747501373291016,42.79750061035156,104457600
2019-02-21,40.922672271728516,42.76499938964844,43.092498779296875,42.57500076293945,42.95000076293945,68998800
2019-02-22,41.37960433959961,43.24250030517578,43.25,42.845001220703125,42.89500045776367,75652800
2019-02-25,41.681026458740234,43.557498931884766,43.967498779296875,43.48749923706055,43.540000915527344,87493600
2019-02-26,41.7049560546875,43.58250045776367,43.82500076293945,43.29249954223633,43.4275016784668,68280800
2019-02-27,41.83413314819336,43.717498779296875,43.75,43.182498931884766,43.3025016784668,111341600
2019-02-28,41.42266082763672,43.287498474121094,43.727500915527344,43.22999954223633,43.58000183105469,112861600
2019-03-01,41.858055114746094,43.74250030517578,43.787498474121094,43.22249984741211,43.56999969482422,103544800
2019-03-04,42.068580627441406,43.962501525878906,44.4375,43.49250030517578,43.92250061035156,109744800
2019-03-05,41.99203109741211,43.88249969482422,44.0,43.6349983215332,43.98500061035156,78949600
2019-03-06,41.750404357910156,43.630001068115234,43.872501373291016,43.48500061035156,43.66749954223633,83241600
2019-03-07,41.26715850830078,43.125,43.61000061035156,43.005001068115234,43.467498779296875,99185600
2019-03-08,41.36524963378906,43.227500915527344,43.26750183105469,42.375,42.58000183105469,95997600
2019-03-11,42.7982292175293,44.724998474121094,44.779998779296875,43.837501525878906,43.872501373291016,128044000
2019-03-12,43.27907943725586,45.227500915527344,45.66749954223633,44.842498779296875,45.0,129870400
2019-03-13,43.47047805786133,45.4275016784668,45.82500076293945,45.22999954223633,45.5625,124130000
2019-03-14,43.953712463378906,45.932498931884766,46.025001525878906,45.63999938964844,45.974998474121094,94318000
2019-03-15,44.525474548339844,46.529998779296875,46.83250045776367,45.935001373291016,46.212501525878906,156171600
2019-03-18,44.98000717163086,47.005001068115234,47.09749984741211,46.4474983215332,46.45000076293945,104879200
2019-03-19,44.62355422973633,46.63249969482422,47.247501373291016,46.47999954223633,47.087501525878906,126585600
2019-03-20,45.01350021362305,47.040000915527344,47.372501373291016,46.182498931884766,46.557498931884766,124140800
2019-03-21,46.67136001586914,48.772499084472656,49.08250045776367,47.45249938964844,47.505001068115234,204136800
2019-03-22,45.70487594604492,47.76250076293945,49.42250061035156,47.69499969482422,48.834999084472656,169630800
2019-03-25,45.152252197265625,47.185001373291016,47.994998931884766,46.650001525878906,47.877498626708984,175381200
2019-03-26,44.68575668334961,46.6974983215332,48.220001220703125,46.14500045776367,47.915000915527344,199202000
2019-03-27,45.08766174316406,47.11750030517578,47.439998626708984,46.63750076293945,47.1875,119393600
2019-03-28,45.147464752197266,47.18000030517578,47.38999938964844,46.88249969482422,47.23749923706055,83121600
2019-03-29,45.44171905517578,47.48749923706055,47.52000045776367,47.1349983215332,47.45750045776367,94256000
2019-04-01,45.75032424926758,47.810001373291016,47.91999816894531,47.095001220703125,47.90999984741211,111448000
2019-04-02,46.41538619995117,48.505001068115234,48.6150016784668,47.76250076293945,47.772499084472656,91062800
2019-04-03,46.73356246948242,48.837501525878906,49.125,48.287498474121094,48.3125,93087200
2019-04-04,46.81489944458008,48.92250061035156,49.092498779296875,48.28499984741211,48.6974983215332,76457200
2019-04-05,47.128299713134766,49.25,49.275001525878906,48.98249816894531,49.11249923706055,74106400
2019-04-08,47.86989974975586,50.025001525878906,50.057498931884766,49.084999084472656,49.10499954223633,103526800
2019-04-09,47.72636413574219,49.875,50.712501525878906,49.807498931884766,50.08000183105469,143072800
2019-04-10,47.99430847167969,50.154998779296875,50.185001373291016,49.54499816894531,49.66999816894531,86781200
2019-04-11,47.594783782958984,49.73749923706055,50.25,49.61000061035156,50.212501525878906,83603200
2019-04-12,47.575653076171875,49.717498779296875,50.03499984741211,49.0525016784668,49.79999923706055,111042800
2019-04-15,47.661773681640625,49.807498931884766,49.962501525878906,49.502498626708984,49.64500045776367,70146400
2019-04-16,47.666568756103516,49.8125,50.342498779296875,49.63999938964844,49.8650016784668,102785600
2019-04-17,48.59477996826172,50.782501220703125,50.845001220703125,49.65250015258789,49.8849983215332,115627200
2019-04-18,48.769405364990234,50.96500015258789,51.037498474121094,50.630001068115234,50.779998779296875,96783200
2019-04-22,48.92970275878906,51.13249969482422,51.23500061035156,50.584999084472656,50.70750045776367,77758000
2019-04-23,49.63542938232422,51.869998931884766,51.9375,50.974998474121094,51.10749816894531,93292000
2019-04-24,49.55887222290039,51.790000915527344,52.119998931884766,51.76250076293945,51.84000015258789,70162400
2019-04-25,49.10911178588867,51.31999969482422,51.939998626708984,51.279998779296875,51.70750045776367,74172800
2019-04-26,48.87467956542969,51.07500076293945,51.25,50.529998779296875,51.224998474121094,74596400
2019-04-29,48.948829650878906,51.15250015258789,51.49250030517578,50.96500015258789,51.099998474121094,88818800
2019-04-30,48.006263732910156,50.16749954223633,50.849998474121094,49.77750015258789,50.76499938964844,186139600
2019-05-01,50.3626823425293,52.630001068115234,53.82749938964844,52.307498931884766,52.470001220703125,259309200
2019-05-02,50.03493118286133,52.287498474121094,53.162498474121094,52.032501220703125,52.459999084472656,127985200
2019-05-03,50.65693664550781,52.9375,52.959999084472656,52.557498931884766,52.72249984741211,83569600
2019-05-06,49.87464904785156,52.119998931884766,52.209999084472656,50.875,51.0724983215332,129772400
2019-05-07,48.530181884765625,50.71500015258789,51.85499954223633,50.20750045776367,51.470001220703125,155054800
2019-05-08,48.53974914550781,50.724998474121094,51.334999084472656,50.4375,50.474998474121094,105358000
2019-05-09,48.01822280883789,50.18000030517578,50.41999816894531,49.165000915527344,50.099998474121094,139634400
2019-05-10,47.35300064086914,49.29499816894531,49.712501525878906,48.192501068115234,49.35499954223633,164834800
2019-05-13,44.60088348388672,46.43000030517578,47.369998931884766,45.712501525878906,46.9275016784668,229722400
2019-05-14,45.30692672729492,47.165000915527344,47.42499923706055,46.352500915527344,46.602500915527344,146118800
2019-05-15,45.849674224853516,47.72999954223633,47.9375,46.505001068115234,46.567501068115234,106178800
2019-05-16,45.64794158935547,47.52000045776367,48.11750030517578,47.209999084472656,47.477500915527344,132125600
2019-05-17,45.38856887817383,47.25,47.724998474121094,46.689998626708984,46.73249816894531,131516400
2019-05-20,43.96927261352539,45.772499084472656,46.087501525878906,45.06999969482422,45.880001068115234,154449200
2019-05-21,44.812217712402344,46.650001525878906,47.0,46.17499923706055,46.30500030517578,113459200
2019-05-22,43.89483642578125,45.69499969482422,46.4275016784668,45.63750076293945,46.165000915527344,118994400
2019-05-23,43.145565032958984,44.915000915527344,45.1349983215332,44.45249938964844,44.95000076293945,146118800
2019-05-24,42.979854583740234,44.74250030517578,45.53499984741211,44.654998779296875,45.04999923706055,94858800
2019-05-28,42.80215072631836,44.557498931884766,45.147499084472656,44.477500915527344,44.72999954223633,111792800
2019-05-29,42.5980110168457,44.345001220703125,44.837501525878906,44.0,44.10499954223633,113924800
2019-05-30,42.81895065307617,44.57500076293945,44.807498931884766,44.16749954223633,44.48749923706055,84873600
2019-05-31,42.04327392578125,43.76750183105469,44.497501373291016,43.747501373291016,44.057498931884766,108174400
2019-06-03,41.61819839477539,43.32500076293945,44.47999954223633,42.567501068115234,43.900001525878906,161584400
2019-06-04,43.14076232910156,44.90999984741211,44.95750045776367,43.630001068115234,43.86000061035156,123872000
2019-06-05,43.837196350097656,45.6349983215332,46.247501373291016,45.28499984741211,46.06999969482422,119093600
2019-06-06,44.48080825805664,46.30500030517578,46.36750030517578,45.537498474121094,45.77000045776367,90105200
2019-06-07,45.66474914550781,47.537498474121094,47.97999954223633,46.442501068115234,46.627498626708984,122737600
2019-06-10,46.248313903808594,48.14500045776367,48.842498779296875,47.904998779296875,47.95249938964844,104883600
2019-06-11,46.783851623535156,48.70249938964844,49.0,48.400001525878906,48.71500015258789,107731600
2019-06-12,46.63495635986328,48.54750061035156,48.99250030517578,48.34749984741211,48.48749923706055,73012800
2019-06-13,46.6253547668457,48.537498474121094,49.1974983215332,48.400001525878906,48.67499923706055,86698400
2019-06-14,46.286739349365234,48.185001373291016,48.397499084472656,47.57500076293945,47.88750076293945,75046000
2019-06-17,46.56291198730469,48.47249984741211,48.7400016784668,48.04249954223633,48.224998474121094,58676400
2019-06-18,47.657997131347656,49.61249923706055,50.0724983215332,48.8025016784668,49.01250076293945,106204000
2019-06-19,47.51871109008789,49.467498779296875,49.970001220703125,49.32749938964844,49.91999816894531,84496800
2019-06-20,47.90055465698242,49.8650016784668,50.15250015258789,49.50749969482422,50.092498779296875,86056000
2019-06-21,47.737247467041016,49.69499969482422,50.212501525878906,49.537498474121094,49.70000076293945,191202400
2019-06-24,47.689231872558594,49.64500045776367,50.040000915527344,49.54249954223633,49.6349983215332,72881600
2019-06-25,46.96636199951172,48.89250183105469,49.814998626708984,48.8224983215332,49.60749816894531,84281200
2019-06-26,47.982208251953125,49.95000076293945,50.247501373291016,49.337501525878906,49.442501068115234,104270000
2019-06-27,47.96779251098633,49.935001373291016,50.39250183105469,49.89250183105469,50.0724983215332,83598800
2019-06-28,47.530723571777344,49.47999954223633,49.875,49.26250076293945,49.66999816894531,124442400
2019-07-01,48.402469635009766,50.38750076293945,51.122501373291016,50.162498474121094,50.79249954223633,109012000
2019-07-02,48.685848236083984,50.682498931884766,50.782501220703125,50.34000015258789,50.352500915527344,67740800
2019-07-03,49.08930587768555,51.102500915527344,51.11000061035156,50.67250061035156,50.81999969482422,45448000
2019-07-05,49.046085357666016,51.057498931884766,51.27000045776367,50.724998474121094,50.837501525878906,69062000
2019-07-08,48.035037994384766,50.005001068115234,50.349998474121094,49.602500915527344,50.20249938964844,101354400
2019-07-09,48.328025817871094,50.310001373291016,50.377498626708984,49.70249938964844,49.79999923706055,82312000
2019-07-10,48.80592727661133,50.807498931884766,50.932498931884766,50.38999938964844,50.462501525878906,71588400
2019-07-11,48.45050811767578,50.4375,51.09749984741211,50.4275016784668,50.82749938964844,80767200
2019-07-12,48.8227424621582,50.82500076293945,51.0,50.54999923706055,50.61249923706055,70380800
2019-07-15,49.28142547607422,51.3025016784668,51.467498779296875,51.0,51.022499084472656,67789600
2019-07-16,49.11091995239258,51.125,51.52750015258789,50.875,51.147499084472656,67467200
2019-07-17,48.834747314453125,50.837501525878906,51.272499084472656,50.817501068115234,51.01250076293945,56430000
2019-07-18,49.38948440551758,51.415000915527344,51.470001220703125,50.92499923706055,51.0,74162400
2019-07-19,48.652225494384766,50.647499084472656,51.625,50.59000015258789,51.4474983215332,83717200
2019-07-22,49.764129638671875,51.80500030517578,51.807498931884766,50.90250015258789,50.912498474121094,89111600
2019-07-23,50.15317916870117,52.209999084472656,52.227500915527344,51.8224983215332,52.1150016784668,73420800
2019-07-24,50.11235046386719,52.16749954223633,52.287498474121094,51.79249954223633,51.91749954223633,59966400
2019-07-25,49.716094970703125,51.755001068115234,52.310001373291016,51.682498931884766,52.22249984741211,55638400
2019-07-26,49.88900375366211,51.935001373291016,52.432498931884766,51.78499984741211,51.869998931884766,70475600
2019-07-29,50.354896545410156,52.41999816894531,52.65999984741211,52.11000061035156,52.1150016784668,86693600
2019-07-30,50.13875961303711,52.19499969482422,52.540000915527344,51.82749938964844,52.189998626708984,135742800
2019-07-31,51.161800384521484,53.2599983215332,55.342498779296875,52.82500076293945,54.10499954223633,277125600
2019-08-01,50.054718017578125,52.10749816894531,54.50749969482422,51.685001373291016,53.474998474121094,216071600
2019-08-02,48.995643615722656,51.005001068115234,51.60749816894531,50.407501220703125,51.38249969482422,163448400
2019-08-05,46.43083953857422,48.334999084472656,49.662498474121094,48.14500045776367,49.497501373291016,209572000
2019-08-06,47.309791564941406,49.25,49.51750183105469,48.5099983215332,49.07749938964844,143299200
2019-08-07,47.79969787597656,49.7599983215332,49.88999938964844,48.45500183105469,48.852500915527344,133457600
2019-08-08,48.85395431518555,50.85749816894531,50.88249969482422,49.84749984741211,50.04999923706055,108038000
2019-08-09,48.451385498046875,50.247501373291016,50.689998626708984,49.8224983215332,50.32500076293945,98478800
2019-08-12,48.32843017578125,50.119998931884766,50.51250076293945,49.787498474121094,49.904998779296875,89927600
2019-08-13,50.37508010864258,52.24250030517578,53.03499984741211,50.119998931884766,50.255001068115234,188874000
2019-08-14,48.875648498535156,50.6875,51.61000061035156,50.647499084472656,50.790000915527344,146189600
2019-08-15,48.63217544555664,50.435001373291016,51.28499984741211,49.91749954223633,50.8650016784668,108909600
2019-08-16,49.77964782714844,51.625,51.790000915527344,50.959999084472656,51.06999969482422,110481600
2019-08-19,50.70773696899414,52.587501525878906,53.182498931884766,52.50749969482422,52.654998779296875,97654400
2019-08-20,50.71015548706055,52.59000015258789,53.337501525878906,52.58000183105469,52.720001220703125,107537200
2019-08-21,51.2597770690918,53.15999984741211,53.412498474121094,52.900001525878906,53.247501373291016,86141600
2019-08-22,51.21637725830078,53.1150016784668,53.61000061035156,52.6875,53.29750061035156,89014800
2019-08-23,48.84914016723633,50.65999984741211,53.01250076293945,50.25,52.35749816894531,187272000
2019-08-26,49.77722930908203,51.622501373291016,51.79750061035156,51.26499938964844,51.46500015258789,104174400
2019-08-27,49.21554946899414,51.040000915527344,52.13750076293945,50.88249969482422,51.96500015258789,103493200
2019-08-28,49.54580307006836,51.38249969482422,51.43000030517578,50.83000183105469,51.025001525878906,63755200
2019-08-29,50.384708404541016,52.252498626708984,52.33000183105469,51.665000915527344,52.125,83962000
2019-08-30,50.31962585449219,52.185001373291016,52.61249923706055,51.79999923706055,52.540000915527344,84573600
2019-09-03,49.586795806884766,51.42499923706055,51.744998931884766,51.05500030517578,51.60749816894531,80092000
2019-09-04,50.428096771240234,52.29750061035156,52.369998931884766,51.83000183105469,52.09749984741211,76752400
2019-09-05,51.4140510559082,53.31999969482422,53.49250030517578,52.877498626708984,53.0,95654800
2019-09-06,51.40922927856445,53.314998626708984,53.60499954223633,53.127498626708984,53.51250076293945,77449200
2019-09-09,51.62859344482422,53.54249954223633,54.11000061035156,52.76750183105469,53.709999084472656,109237600
2019-09-10,52.23847961425781,54.17499923706055,54.19499969482422,52.9275016784668,53.46500015258789,127111600
2019-09-11,53.89942169189453,55.897499084472656,55.9275016784668,54.432498931884766,54.51750183105469,177158400
2019-09-12,53.77888488769531,55.772499084472656,56.60499954223633,55.71500015258789,56.20000076293945,128906800
2019-09-13,52.732666015625,54.6875,55.1974983215332,54.255001068115234,55.0,159053200
2019-09-16,53.009883880615234,54.974998474121094,55.032501220703125,54.38999938964844,54.432498931884766,84632400
2019-09-17,53.20275115966797,55.17499923706055,55.20500183105469,54.779998779296875,54.9900016784668,73274800
2019-09-18,53.701744079589844,55.692501068115234,55.712501525878906,54.86000061035156,55.26499938964844,101360000
2019-09-19,53.26542663574219,55.2400016784668,55.939998626708984,55.092498779296875,55.502498626708984,88242400
2019-09-20,52.486785888671875,54.432498931884766,55.63999938964844,54.36750030517578,55.345001220703125,221652400
2019-09-23,52.725433349609375,54.68000030517578,54.959999084472656,54.412498474121094,54.73749923706055,76662000
2019-09-24,52.474727630615234,54.41999816894531,55.622501373291016,54.29750061035156,55.25749969482422,124763200
2019-09-25,53.282291412353516,55.25749969482422,55.375,54.28499984741211,54.63750076293945,87613600
2019-09-26,53.007469177246094,54.97249984741211,55.23500061035156,54.70750045776367,55.0,75334000
2019-09-27,52.749542236328125,54.70500183105469,55.2400016784668,54.31999969482422,55.1349983215332,101408000
2019-09-30,53.99101257324219,55.99250030517578,56.14500045776367,55.1974983215332,55.224998474121094,103909600
2019-10-01,54.14048385620117,56.147499084472656,57.05500030517578,56.04999923706055,56.26750183105469,139223200
2019-10-02,52.78329086303711,54.7400016784668,55.89500045776367,54.48249816894531,55.76499938964844,138449200
2019-10-03,53.231666564941406,55.20500183105469,55.2400016784668,53.782501220703125,54.60749816894531,114426000
2019-10-04,54.723846435546875,56.752498626708984,56.872501373291016,55.97249984741211,56.40999984741211,138478800
2019-10-07,54.735904693603516,56.76499938964844,57.48249816894531,56.459999084472656,56.567501068115234,122306000
2019-10-08,54.09468460083008,56.099998474121094,57.01499938964844,56.08250045776367,56.45500183105469,111820000
2019-10-09,54.72868347167969,56.75749969482422,56.9474983215332,56.40999984741211,56.75749969482422,74770400
2019-10-10,55.46633529663086,57.522499084472656,57.61000061035156,56.82500076293945,56.98249816894531,113013600
2019-10-11,56.941646575927734,59.0525016784668,59.40999984741211,58.07749938964844,58.23749923706055,166795600
2019-10-14,56.859676361083984,58.967498779296875,59.532501220703125,58.66749954223633,58.724998474121094,96427600
2019-10-15,56.72709655761719,58.83000183105469,59.412498474121094,58.720001220703125,59.09749984741211,87360000
2019-10-16,56.498077392578125,58.592498779296875,58.810001373291016,58.29999923706055,58.342498779296875,73903200
2019-10-17,56.71745681762695,58.81999969482422,59.037498474121094,58.380001068115234,58.772499084472656,67585200
2019-10-18,56.98985290527344,59.102500915527344,59.39500045776367,58.5724983215332,58.647499084472656,97433600
2019-10-21,57.97821807861328,60.127498626708984,60.247501373291016,59.33000183105469,59.380001068115234,87247200
2019-10-22,57.84563064575195,59.9900016784668,60.54999923706055,59.904998779296875,60.290000915527344,82293600
2019-10-23,58.62184524536133,60.79499816894531,60.810001373291016,60.30500030517578,60.525001525878906,75828800
2019-10-24,58.71828079223633,60.89500045776367,61.20000076293945,60.45249938964844,61.127498626708984,69275200
2019-10-25,59.441471099853516,61.64500045776367,61.682498931884766,60.720001220703125,60.790000915527344,73477200
2019-10-28,60.03689956665039,62.26250076293945,62.3125,61.68000030517578,61.85499954223633,96572800
2019-10-29,58.64836883544922,60.8224983215332,62.4375,60.64250183105469,62.24250030517578,142839600
2019-10-30,58.641143798828125,60.814998626708984,61.32500076293945,60.3025016784668,61.189998626708984,124522000
2019-10-31,59.96699523925781,62.189998626708984,62.29249954223633,59.314998626708984,61.810001373291016,139162000
2019-11-01,61.66890335083008,63.95500183105469,63.98249816894531,62.290000915527344,62.3849983215332,151125200
2019-11-04,62.07388687133789,64.375,64.4625015258789,63.845001220703125,64.3324966430664,103272000
2019-11-05,61.98469924926758,64.28250122070312,64.54750061035156,64.08000183105469,64.26249694824219,79897600
2019-11-06,62.011207580566406,64.30999755859375,64.37249755859375,63.842498779296875,64.19249725341797,75864400
2019-11-07,62.72690200805664,64.85749816894531,65.0875015258789,64.52749633789062,64.68499755859375,94940400
2019-11-08,62.898582458496094,65.03500366210938,65.11000061035156,64.2125015258789,64.67250061035156,69986400
2019-11-11,63.39665222167969,65.55000305175781,65.61750030517578,64.56999969482422,64.57499694824219,81821200
2019-11-12,63.33860397338867,65.48999786376953,65.69750213623047,65.2300033569336,65.38749694824219,87388800
2019-11-13,63.945499420166016,66.11750030517578,66.19499969482422,65.26750183105469,65.28250122070312,102734400
2019-11-14,63.5030517578125,65.66000366210938,66.22000122070312,65.5250015258789,65.9375,89182800
2019-11-15,64.25741577148438,66.44000244140625,66.44499969482422,65.75250244140625,65.91999816894531,100206400
2019-11-18,64.58139038085938,66.7750015258789,66.85749816894531,66.05750274658203,66.44999694824219,86703200
2019-11-19,64.38555908203125,66.57250213623047,67.0,66.34750366210938,66.9749984741211,76167200
2019-11-20,63.63600158691406,65.79750061035156,66.5199966430664,65.0999984741211,66.38500213623047,106234400
2019-11-21,63.35072326660156,65.50250244140625,66.00250244140625,65.29499816894531,65.92250061035156,121395200
2019-11-22,63.295101165771484,65.44499969482422,65.79499816894531,65.20999908447266,65.64749908447266,65325200
2019-11-25,64.40489959716797,66.59249877929688,66.61000061035156,65.62999725341797,65.67749786376953,84020400
2019-11-26,63.90199279785156,66.07250213623047,66.79000091552734,65.625,66.73500061035156,105207600
2019-11-27,64.76031494140625,66.95999908447266,66.99500274658203,66.32749938964844,66.3949966430664,65235600
2019-11-29,64.61768341064453,66.8125,67.0,66.4749984741211,66.6500015258789,46617600
2019-12-02,63.870540618896484,66.04000091552734,67.0625,65.86250305175781,66.81749725341797,94487200
2019-12-03,62.731746673583984,64.86250305175781,64.88249969482422,64.07250213623047,64.57749938964844,114430400
2019-12-04,63.285423278808594,65.43499755859375,65.82749938964844,65.16999816894531,65.26750183105469,67181600
2019-12-05,64.21389770507812,66.3949966430664,66.47250366210938,65.68250274658203,65.94750213623047,74424400
2019-12-06,65.45426177978516,67.67749786376953,67.75,66.82499694824219,66.87000274658203,106075600
2019-12-09,64.53788757324219,66.7300033569336,67.69999694824219,66.22750091552734,67.5,128042400
2019-12-10,64.91506958007812,67.12000274658203,67.51750183105469,66.46499633789062,67.1500015258789,90420400
2019-12-11,65.46874237060547,67.69249725341797,67.7750015258789,67.125,67.20249938964844,78756800
2019-12-12,65.63561248779297,67.86499786376953,68.13999938964844,66.83000183105469,66.94499969482422,137310400
2019-12-13,66.52778625488281,68.7874984741211,68.82499694824219,67.73249816894531,67.86499786376953,133587600
2019-12-16,67.66661071777344,69.96499633789062,70.19750213623047,69.24500274658203,69.25,128186000
2019-12-17,67.79959869384766,70.10250091552734,70.44249725341797,69.69999694824219,69.89250183105469,114158400
2019-12-18,67.63758850097656,69.93499755859375,70.4749984741211,69.77999877929688,69.94999694824219,116028400
2019-12-19,67.70530700683594,70.00499725341797,70.29499816894531,69.73750305175781,69.875,98369200
2019-12-20,67.56507110595703,69.86000061035156,70.6624984741211,69.63999938964844,70.55750274658203,275978000
2019-12-23,68.66761779785156,71.0,71.0625,70.09249877929688,70.13249969482422,98572000
2019-12-24,68.7328872680664,71.06749725341797,71.22250366210938,70.7300033569336,71.17250061035156,48478800
2019-12-26,70.09658813476562,72.47750091552734,72.49500274658203,71.17500305175781,71.20500183105469,93121200
2019-12-27,70.06999969482422,72.44999694824219,73.49250030517578,72.02999877929688,72.77999877929688,146266000
2019-12-30,70.4858627319336,72.87999725341797,73.17250061035156,71.30500030517578,72.36499786376953,144114400
2019-12-31,71.0008773803711,73.4124984741211,73.41999816894531,72.37999725341797,72.48249816894531,100805600
2020-01-02,72.62083435058594,75.0875015258789,75.1500015258789,73.79750061035156,74.05999755859375,135480400
2020-01-03,71.9148178100586,74.35749816894531,75.1449966430664,74.125,74.2874984741211,146322800
2020-01-06,72.48787689208984,74.94999694824219,74.98999786376953,73.1875,73.44750213623047,118387200
2020-01-07,72.14691162109375,74.59750366210938,75.2249984741211,74.37000274658203,74.95999908447266,108872000
2020-01-08,73.30751037597656,75.79750061035156,76.11000061035156,74.29000091552734,74.29000091552734,132079200
2020-01-09,74.86461639404297,77.40750122070312,77.60749816894531,76.55000305175781,76.80999755859375,170108400
2020-01-10,75.03386688232422,77.5824966430664,78.1675033569336,77.0625,77.6500015258789,140644800
2020-01-13,76.6369400024414,79.23999786376953,79.26750183105469,77.7874984741211,77.91000366210938,121532000
2020-01-14,75.60208129882812,78.16999816894531,79.39250183105469,78.0425033569336,79.17500305175781,161954400
2020-01-15,75.27806091308594,77.83499908447266,78.875,77.38749694824219,77.9625015258789,121923600
2020-01-16,76.22103881835938,78.80999755859375,78.92500305175781,78.02249908447266,78.39749908447266,108829200
2020-01-17,77.06488800048828,79.68250274658203,79.68499755859375,78.75,79.06749725341797,137816400
2020-01-21,76.5426254272461,79.14250183105469,79.75499725341797,79.0,79.29750061035156,110843200
2020-01-22,76.81584930419922,79.42500305175781,79.99749755859375,79.32749938964844,79.6449966430664,101832400
2020-01-23,77.185791015625,79.80750274658203,79.88999938964844,78.9124984741211,79.4800033569336,104472000
2020-01-24,76.96333312988281,79.57749938964844,80.8324966430664,79.37999725341797,80.0625,146537600
2020-01-27,74.70020294189453,77.23750305175781,77.94249725341797,76.22000122070312,77.51499938964844,161940000
2020-01-28,76.81342315673828,79.42250061035156,79.5999984741211,78.04750061035156,78.1500015258789,162234000
2020-01-29,78.42131805419922,81.08499908447266,81.9625015258789,80.34500122070312,81.11250305175781,216229200
2020-01-30,78.30766296386719,80.96749877929688,81.02249908447266,79.6875,80.13500213623047,126743200
2020-01-31,74.83560180664062,77.37750244140625,80.66999816894531,77.07250213623047,80.23249816894531,199588400
2020-02-03,74.63009643554688,77.16500091552734,78.37249755859375,75.55500030517578,76.07499694824219,173788400
2020-02-04,77.09390258789062,79.7125015258789,79.91000366210938,78.40750122070312,78.82749938964844,136616400
2020-02-05,77.72254943847656,80.36250305175781,81.19000244140625,79.73750305175781,80.87999725341797,118826800
2020-02-06,78.63166046142578,81.30249786376953,81.30500030517578,80.06500244140625,80.64250183105469,105425600
2020-02-07,77.56287384033203,80.00749969482422,80.8499984741211,79.5,80.59249877929688,117684000
2020-02-10,77.93123626708984,80.38749694824219,80.38749694824219,78.4625015258789,78.54499816894531,109348800
2020-02-11,77.46105194091797,79.90249633789062,80.9749984741211,79.67749786376953,80.9000015258789,94323200
2020-02-12,79.30058288574219,81.80000305175781,81.80500030517578,80.36750030517578,80.36750030517578,113730400
2020-02-13,78.73588562011719,81.21749877929688,81.55500030517578,80.8375015258789,81.04750061035156,94747600
2020-02-14,78.75526428222656,81.23750305175781,81.49500274658203,80.7125015258789,81.18499755859375,80113600
2020-02-18,77.31322479248047,79.75,79.9375,78.65249633789062,78.83999633789062,152531200
2020-02-19,78.43292999267578,80.90499877929688,81.14250183105469,80.0,80.0,93984000
2020-02-20,77.62828826904297,80.07499694824219,81.1624984741211,79.55249786376953,80.65750122070312,100566000
2020-02-21,75.87117004394531,78.26249694824219,80.11250305175781,77.625,79.65499877929688,129554000
2020-02-24,72.26726531982422,74.54499816894531,76.04499816894531,72.30750274658203,74.31500244140625,222195200
2020-02-25,69.81941223144531,72.0199966430664,75.63249969482422,71.53250122070312,75.23750305175781,230673600
2020-02-26,70.92700958251953,73.1624984741211,74.47000122070312,71.625,71.63249969482422,198054800
2020-02-27,66.2906494140625,68.37999725341797,71.5,68.23999786376953,70.2750015258789,320605600
2020-02-28,66.25184631347656,68.33999633789062,69.60250091552734,64.09249877929688,64.31500244140625,426510000
2020-03-02,72.41996765136719,74.70249938964844,75.36000061035156,69.43000030517578,70.56999969482422,341397200
2020-03-03,70.11993408203125,72.33000183105469,76.0,71.44999694824219,75.9175033569336,319475600
2020-03-04,73.3724365234375,75.68499755859375,75.8499984741211,73.28250122070312,74.11000061035156,219178400
2020-03-05,70.9924545288086,73.2300033569336,74.88749694824219,72.85250091552734,73.87999725341797,187572800
2020-03-06,70.04965209960938,72.25749969482422,72.70500183105469,70.30750274658203,70.5,226176800
2020-03-09,64.50926971435547,66.5425033569336,69.52249908447266,65.75,65.9375,286744800
2020-03-10,69.15535736083984,71.33499908447266,71.61000061035156,67.34249877929688,69.28500366210938,285290000
2020-03-11,66.7535400390625,68.85749816894531,70.30500030517578,67.96499633789062,69.34750366210938,255598800
2020-03-12,60.16132354736328,62.057498931884766,67.5,62.0,63.98500061035156,418474000
2020-03-13,67.36912536621094,69.49250030517578,69.9800033569336,63.23749923706055,66.22250366210938,370732000
2020-03-16,58.70231246948242,60.5525016784668,64.7699966430664,60.0,60.48749923706055,322423600
2020-03-17,61.283451080322266,63.21500015258789,64.40249633789062,59.599998474121094,61.877498626708984,324056000
2020-03-18,59.783241271972656,61.66749954223633,62.5,59.279998779296875,59.942501068115234,300233600
2020-03-19,59.32518005371094,61.19499969482422,63.209999084472656,60.65250015258789,61.84749984741211,271857200
2020-03-20,55.55888366699219,57.310001373291016,62.95750045776367,57.0,61.79499816894531,401693200
2020-03-23,54.37858963012695,56.092498779296875,57.125,53.15250015258789,57.02000045776367,336752800
2020-03-24,59.834136962890625,61.720001220703125,61.92250061035156,58.57500076293945,59.09000015258789,287531200
2020-03-25,59.504520416259766,61.380001068115234,64.5625,61.07500076293945,62.6875,303602000
2020-03-26,62.635833740234375,64.61000061035156,64.66999816894531,61.59000015258789,61.630001068115234,252087200
2020-03-27,60.04256820678711,61.935001373291016,63.967498779296875,61.76250076293945,63.1875,204216800
2020-03-30,61.75605010986328,63.70249938964844,63.880001068115234,62.349998474121094,62.685001373291016,167976400
2020-03-31,61.6300163269043,63.5724983215332,65.62249755859375,63.0,63.900001525878906,197002000
2020-04-01,58.38724136352539,60.227500915527344,62.18000030517578,59.782501220703125,61.625,176218400
2020-04-02,59.36152648925781,61.23249816894531,61.287498474121094,59.224998474121094,60.084999084472656,165934000
2020-04-03,58.5084228515625,60.352500915527344,61.42499923706055,59.74250030517578,60.70000076293945,129880000
2020-04-06,63.612548828125,65.61750030517578,65.77749633789062,62.345001220703125,62.724998474121094,201820400
2020-04-07,62.875770568847656,64.85749816894531,67.92500305175781,64.75,67.69999694824219,202887200
2020-04-08,64.48504638671875,66.51750183105469,66.84249877929688,65.30750274658203,65.68499755859375,168895200
2020-04-09,64.95037078857422,66.99749755859375,67.51750183105469,66.17500305175781,67.17500305175781,161834800
2020-04-13,66.2251968383789,68.3125,68.42500305175781,66.4574966430664,67.07749938964844,131022800
2020-04-14,69.56977844238281,71.76249694824219,72.0625,69.51249694824219,70.0,194994800
2020-04-15,68.93480682373047,71.10749816894531,71.5824966430664,70.15750122070312,70.5999984741211,131154400
2020-04-16,69.48255920410156,71.67250061035156,72.05000305175781,70.5875015258789,71.84500122070312,157125200
2020-04-17,68.53974914550781,70.69999694824219,71.73750305175781,69.21499633789062,71.17250061035156,215250000
2020-04-20,67.11707305908203,69.23249816894531,70.41999816894531,69.2125015258789,69.48750305175781,130015200
2020-04-21,65.04247283935547,67.09249877929688,69.3125,66.35749816894531,69.06999969482422,180991600
2020-04-22,66.91593933105469,69.0250015258789,69.4749984741211,68.05000305175781,68.40249633789062,116862400
2020-04-23,66.65660095214844,68.75749969482422,70.4375,68.71749877929688,68.96749877929688,124814400
2020-04-24,68.5809326171875,70.74250030517578,70.75250244140625,69.25,69.30000305175781,126161200
2020-04-27,68.62942504882812,70.7925033569336,71.13500213623047,69.98750305175781,70.44999694824219,117087600
2020-04-28,67.51697540283203,69.6449966430664,71.4574966430664,69.55000305175781,71.2699966430664,112004800
2020-04-29,69.7345962524414,71.93250274658203,72.4175033569336,70.97250366210938,71.18250274658203,137280800
2020-04-30,71.2057113647461,73.44999694824219,73.63249969482422,72.0875015258789,72.48999786376953,183064000
2020-05-01,70.05935668945312,72.26750183105469,74.75,71.4625015258789,71.5625,240616800
2020-05-04,71.05062866210938,73.29000091552734,73.42250061035156,71.58000183105469,72.2925033569336,133568000
2020-05-05,72.11700439453125,74.38999938964844,75.25,73.61499786376953,73.76499938964844,147751200
2020-05-06,72.86103820800781,75.15750122070312,75.80999755859375,74.71749877929688,75.11499786376953,142333600
2020-05-07,73.61478424072266,75.93499755859375,76.2925033569336,75.49250030517578,75.80500030517578,115215200
2020-05-08,75.366943359375,77.53250122070312,77.5875015258789,76.07250213623047,76.41000366210938,133838400
2020-05-11,76.5528793334961,78.75250244140625,79.26249694824219,76.80999755859375,77.0250015258789,145946400
2020-05-12,75.67801666259766,77.85250091552734,79.92250061035156,77.72750091552734,79.4574966430664,162301200
2020-05-13,74.76426696777344,76.9124984741211,78.98750305175781,75.80249786376953,78.0374984741211,200622400
2020-05-14,75.22356414794922,77.38500213623047,77.44750213623047,75.38249969482422,76.12750244140625,158929200
2020-05-15,74.77884674072266,76.92749786376953,76.9749984741211,75.05249786376953,75.0875015258789,166348400
2020-05-18,76.54071807861328,78.73999786376953,79.125,77.58000183105469,78.2925033569336,135178400
2020-05-19,76.09844207763672,78.28500366210938,79.62999725341797,78.25250244140625,78.75749969482422,101729600
2020-05-20,77.57841491699219,79.80750274658203,79.87999725341797,79.12999725341797,79.16999816894531,111504800
2020-05-21,77.0000228881836,79.2125015258789,80.22250366210938,78.96749877929688,79.66500091552734,102688800
2020-05-22,77.49578094482422,79.72250366210938,79.80750274658203,78.8375015258789,78.94249725341797,81803200
2020-05-26,76.9708480834961,79.18250274658203,81.05999755859375,79.125,80.875,125522000
2020-05-27,77.30622100830078,79.52749633789062,79.67749786376953,78.27249908447266,79.03500366210938,112945200
2020-05-28,77.34025573730469,79.5625,80.86000061035156,78.90750122070312,79.19249725341797,133560800
2020-05-29,77.26490020751953,79.48500061035156,80.2874984741211,79.11750030517578,79.8125,153532400
2020-06-01,78.21511840820312,80.4625015258789,80.5875015258789,79.30249786376953,79.4375,80791200
2020-06-02,78.57720184326172,80.83499908447266,80.86000061035156,79.73249816894531,80.1875,87642800
2020-06-03,79.00975799560547,81.27999877929688,81.55000305175781,80.57499694824219,81.16500091552734,104491200
2020-06-04,78.3293228149414,80.58000183105469,81.40499877929688,80.19499969482422,81.09750366210938,87560400
2020-06-05,80.56023406982422,82.875,82.9375,80.80750274658203,80.8375015258789,137250400
2020-06-08,81.0365219116211,83.36499786376953,83.4000015258789,81.83000183105469,82.5625,95654400
2020-06-09,83.59551239013672,85.99749755859375,86.40249633789062,83.00250244140625,83.03500366210938,147712400
2020-06-10,85.74622344970703,88.20999908447266,88.69249725341797,86.52249908447266,86.9749984741211,166651600
2020-06-11,81.62950897216797,83.9749984741211,87.76499938964844,83.87000274658203,87.32749938964844,201662400
2020-06-12,82.33425903320312,84.69999694824219,86.94999694824219,83.55500030517578,86.18000030517578,200146000
2020-06-15,83.35249328613281,85.74749755859375,86.41999816894531,83.1449966430664,83.3125,138808800
2020-06-16,85.56153869628906,88.0199966430664,88.30000305175781,86.18000030517578,87.86499786376953,165428800
2020-06-17,85.44243621826172,87.89749908447266,88.8499984741211,87.77249908447266,88.7874984741211,114406400
2020-06-18,85.47647857666016,87.93250274658203,88.36250305175781,87.30500030517578,87.85250091552734,96820400
2020-06-19,84.98799896240234,87.43000030517578,89.13999938964844,86.2874984741211,88.66000366210938,264476000
2020-06-22,87.21162414550781,89.71749877929688,89.86499786376953,87.7874984741211,87.83499908447266,135445200
2020-06-23,89.0731201171875,91.63249969482422,93.09500122070312,90.56749725341797,91.0,212155600
2020-06-24,87.50080108642578,90.01499938964844,92.19750213623047,89.62999725341797,91.25,192623200
2020-06-25,88.66242980957031,91.20999908447266,91.25,89.39250183105469,90.17500305175781,137522400
2020-06-26,85.93820190429688,88.40750122070312,91.33000183105469,88.25499725341797,91.10250091552734,205256800
2020-06-29,87.91879272460938,90.44499969482422,90.5425033569336,87.81999969482422,88.3125,130646000
2020-06-30,88.65271759033203,91.19999694824219,91.49500274658203,90.0,90.0199966430664,140223200
2020-07-01,88.48503112792969,91.02749633789062,91.83999633789062,90.97750091552734,91.27999877929688,110737200
2020-07-02,88.48503112792969,91.02749633789062,92.61750030517578,90.91000366210938,91.9625015258789,114041600
2020-07-06,90.8520278930664,93.4625015258789,93.94499969482422,92.46749877929688,92.5,118655600
2020-07-07,90.57012176513672,93.17250061035156,94.65499877929688,93.05750274658203,93.85250091552734,112424400
2020-07-08,92.67948913574219,95.34249877929688,95.375,94.08999633789062,94.18000030517578,117092000
2020-07-09,93.07804107666016,95.75250244140625,96.31749725341797,94.67250061035156,96.26249694824219,125642800
2020-07-10,93.2408676147461,95.91999816894531,95.9800033569336,94.70500183105469,95.33499908447266,90257200
2020-07-13,92.81072235107422,95.47750091552734,99.95500183105469,95.25749969482422,97.26499938964844,191649200
2020-07-14,94.34661865234375,97.05750274658203,97.25499725341797,93.87750244140625,94.83999633789062,170989200
2020-07-15,94.9954605102539,97.7249984741211,99.24749755859375,96.48999786376953,98.98999786376953,153198000
2020-07-16,93.82654571533203,96.52249908447266,97.40499877929688,95.90499877929688,96.5625,110577600
2020-07-17,93.63699340820312,96.32749938964844,97.14749908447266,95.83999633789062,96.98750305175781,92186800
2020-07-20,95.61028289794922,98.35749816894531,98.5,96.0625,96.4175033569336,90318000
2020-07-21,94.29070281982422,97.0,99.25,96.74250030517578,99.17250061035156,103433200
2020-07-22,94.55557250976562,97.27249908447266,97.9749984741211,96.60250091552734,96.69249725341797,89001600
2020-07-23,90.25176239013672,92.84500122070312,97.07749938964844,92.01000213623047,96.99749755859375,197004400
2020-07-24,90.0281982421875,92.61499786376953,92.97000122070312,89.1449966430664,90.98750305175781,185438800
2020-07-27,92.161865234375,94.80999755859375,94.90499877929688,93.4800033569336,93.70999908447266,121214000
2020-07-28,90.64788818359375,93.25250244140625,94.55000305175781,93.24749755859375,94.36750030517578,103625600
2020-07-29,92.38544464111328,95.04000091552734,95.2300033569336,93.7125015258789,93.75,90329200
2020-07-30,93.50333404541016,96.19000244140625,96.29750061035156,93.76750183105469,94.1875,158130000
2020-07-31,103.29206848144531,106.26000213623047,106.41500091552734,100.82499694824219,102.88500213623047,374336800
2020-08-03,105.89476013183594,108.9375,111.63749694824219,107.89250183105469,108.19999694824219,308151200
2020-08-04,106.6019515991211,109.66500091552734,110.79000091552734,108.38749694824219,109.13249969482422,173071600
2020-08-05,106.98836517333984,110.0625,110.39250183105469,108.89749908447266,109.37750244140625,121776800
2020-08-06,110.72107696533203,113.90249633789062,114.4124984741211,109.79750061035156,110.40499877929688,202428800
2020-08-07,108.2037582397461,111.11250305175781,113.67500305175781,110.2925033569336,113.20500183105469,198045600
2020-08-10,109.77650451660156,112.72750091552734,113.7750015258789,110.0,112.5999984741211,212403600
2020-08-11,106.51174926757812,109.375,112.48249816894531,109.10749816894531,111.97000122070312,187902400
2020-08-12,110.05159759521484,113.01000213623047,113.2750015258789,110.29750061035156,110.49749755859375,165598000
2020-08-13,111.99925231933594,115.01000213623047,116.0425033569336,113.92749786376953,114.43000030517578,210082000
2020-08-14,111.89940643310547,114.90750122070312,115.0,113.04499816894531,114.83000183105469,165565200
2020-08-17,111.6072769165039,114.60749816894531,116.0875015258789,113.9625015258789,116.0625,119561600
2020-08-18,112.53729248046875,115.5625,116.0,114.00749969482422,114.35250091552734,105633600
2020-08-19,112.678466796875,115.7074966430664,117.1624984741211,115.61000061035156,115.98249816894531,145538000
2020-08-20,115.17876434326172,118.2750015258789,118.39250183105469,115.73249816894531,115.75,126907200
2020-08-21,121.11421966552734,124.37000274658203,124.86750030517578,119.25,119.26249694824219,338054800
2020-08-24,122.56275939941406,125.85749816894531,128.78500366210938,123.9375,128.69749450683594,345937600
2020-08-25,121.55730438232422,124.82499694824219,125.18000030517578,123.05249786376953,124.69750213623047,211495600
2020-08-26,123.21036529541016,126.52249908447266,126.99250030517578,125.0824966430664,126.18000030517578,163022400
2020-08-27,121.7374496459961,125.01000213623047,127.48500061035156,123.8324966430664,127.14250183105469,155552400
2020-08-28,121.5402603149414,124.80750274658203,126.44249725341797,124.57749938964844,126.01249694824219,187630000
2020-08-31,125.6619644165039,129.0399932861328,131.0,126.0,127.58000183105469,225702700
2020-09-01,130.66741943359375,134.17999267578125,134.8000030517578,130.52999877929688,132.75999450683594,151948100
2020-09-02,127.96015167236328,131.39999389648438,137.97999572753906,127.0,137.58999633789062,200119000
2020-09-03,117.71556091308594,120.87999725341797,128.83999633789062,120.5,126.91000366210938,257599600
2020-09-04,117.79347229003906,120.95999908447266,123.69999694824219,110.88999938964844,120.06999969482422,332607200
2020-09-08,109.86656951904297,112.81999969482422,118.98999786376953,112.68000030517578,113.94999694824219,231366600
2020-09-09,114.24874877929688,117.31999969482422,119.13999938964844,115.26000213623047,117.26000213623047,176940500
2020-09-10,110.51903533935547,113.48999786376953,120.5,112.5,120.36000061035156,182274400
2020-09-11,109.06802368164062,112.0,115.2300033569336,110.0,114.56999969482422,180860300
2020-09-14,112.3400650024414,115.36000061035156,115.93000030517578,112.80000305175781,114.72000122070312,140150100
2020-09-15,112.51536560058594,115.54000091552734,118.83000183105469,113.61000061035156,118.33000183105469,184642000
2020-09-16,109.19463348388672,112.12999725341797,116.0,112.04000091552734,115.2300033569336,154679000
2020-09-17,107.45148468017578,110.33999633789062,112.19999694824219,108.70999908447266,109.72000122070312,178011000
2020-09-18,104.0430908203125,106.83999633789062,110.87999725341797,106.08999633789062,110.4000015258789,287104900
2020-09-21,107.19828033447266,110.08000183105469,110.19000244140625,103.0999984741211,104.54000091552734,195713800
2020-09-22,108.88298797607422,111.80999755859375,112.86000061035156,109.16000366210938,112.68000030517578,183055400
2020-09-23,104.31578826904297,107.12000274658203,112.11000061035156,106.7699966430664,111.62000274658203,150718700
2020-09-24,105.3869857788086,108.22000122070312,110.25,105.0,105.16999816894531,167743300
2020-09-25,109.34069061279297,112.27999877929688,112.44000244140625,107.66999816894531,108.43000030517578,149981400
2020-09-28,111.9505386352539,114.95999908447266,115.31999969482422,112.77999877929688,115.01000213623047,137672400
2020-09-29,111.10331726074219,114.08999633789062,115.30999755859375,113.56999969482422,114.55000305175781,99382200
2020-09-30,112.77831268310547,115.80999755859375,117.26000213623047,113.62000274658203,113.79000091552734,142675200
2020-10-01,113.7326431274414,116.79000091552734,117.72000122070312,115.83000183105469,117.63999938964844,116120400
2020-10-02,110.06132507324219,113.0199966430664,115.37000274658203,112.22000122070312,112.88999938964844,144712000
2020-10-05,113.45023345947266,116.5,116.6500015258789,113.55000305175781,113.91000366210938,106243800
2020-10-06,110.19766998291016,113.16000366210938,116.12000274658203,112.25,115.69999694824219,161498200
2020-10-07,112.0674057006836,115.08000183105469,115.55000305175781,114.12999725341797,114.62000274658203,96849000
2020-10-08,111.96028900146484,114.97000122070312,116.4000015258789,114.58999633789062,116.25,83477200
2020-10-09,113.90792846679688,116.97000122070312,117.0,114.91999816894531,115.27999877929688,100506900
2020-10-12,121.1434097290039,124.4000015258789,125.18000030517578,119.27999877929688,120.05999755859375,240226800
2020-10-13,117.92979431152344,121.0999984741211,125.38999938964844,119.6500015258789,125.2699966430664,262330500
2020-10-14,118.01744842529297,121.19000244140625,123.02999877929688,119.62000274658203,121.0,150712000
2020-10-15,117.55003356933594,120.70999908447266,121.19999694824219,118.1500015258789,118.72000122070312,112559200
2020-10-16,115.90425872802734,119.0199966430664,121.55000305175781,118.80999755859375,121.27999877929688,115393800
2020-10-19,112.94386291503906,115.9800033569336,120.41999816894531,115.66000366210938,119.95999908447266,120639300
2020-10-20,114.43380737304688,117.51000213623047,118.9800033569336,115.62999725341797,116.19999694824219,124423700
2020-10-21,113.810546875,116.87000274658203,118.70999908447266,116.44999694824219,116.66999816894531,89946000
2020-10-22,112.7198715209961,115.75,118.04000091552734,114.58999633789062,117.44999694824219,101988000
2020-10-23,112.02845764160156,115.04000091552734,116.55000305175781,114.27999877929688,116.38999938964844,82572600
2020-10-26,112.03820037841797,115.05000305175781,116.55000305175781,112.87999725341797,114.01000213623047,111850700
2020-10-27,113.54761505126953,116.5999984741211,117.27999877929688,114.54000091552734,115.48999786376953,92276800
2020-10-28,108.28897094726562,111.19999694824219,115.43000030517578,111.0999984741211,115.05000305175781,143937800
2020-10-29,112.30113983154297,115.31999969482422,116.93000030517578,112.19999694824219,112.37000274658203,146129200
2020-10-30,106.0102310180664,108.86000061035156,111.98999786376953,107.72000122070312,111.05999755859375,190272600
2020-11-02,105.9225845336914,108.7699966430664,110.68000030517578,107.31999969482422,109.11000061035156,122866900
2020-11-03,107.54887390136719,110.44000244140625,111.48999786376953,108.7300033569336,109.66000366210938,107624400
2020-11-04,111.94081115722656,114.94999694824219,115.58999633789062,112.3499984741211,114.13999938964844,138235500
2020-11-05,115.91400146484375,119.02999877929688,119.62000274658203,116.87000274658203,117.94999694824219,126387100
2020-11-06,115.7823257446289,118.69000244140625,119.19999694824219,116.12999725341797,118.31999969482422,114457900
2020-11-09,113.47036743164062,116.31999969482422,121.98999786376953,116.05000305175781,120.5,154515300
2020-11-10,113.12893676757812,115.97000122070312,117.58999633789062,114.12999725341797,115.55000305175781,138023400
2020-11-11,116.56272888183594,119.48999786376953,119.62999725341797,116.44000244140625,117.19000244140625,112295000
2020-11-12,116.28955841064453,119.20999908447266,120.52999877929688,118.56999969482422,119.62000274658203,103162300
2020-11-13,116.33834075927734,119.26000213623047,119.66999816894531,117.87000274658203,119.44000244140625,81581900
2020-11-16,117.3528823852539,120.30000305175781,120.98999786376953,118.1500015258789,118.91999816894531,91183000
2020-11-17,116.46517181396484,119.38999938964844,120.66999816894531,118.95999908447266,119.55000305175781,74271000
2020-11-18,115.13845825195312,118.02999877929688,119.81999969482422,118.0,118.61000061035156,76322100
2020-11-19,115.73353576660156,118.63999938964844,119.05999755859375,116.80999755859375,117.58999633789062,74113000
2020-11-20,114.46537017822266,117.33999633789062,118.7699966430664,117.29000091552734,118.63999938964844,73604300
2020-11-23,111.06088256835938,113.8499984741211,117.62000274658203,113.75,117.18000030517578,127959300
2020-11-24,112.34855651855469,115.16999816894531,115.8499984741211,112.58999633789062,113.91000366210938,113874200
2020-11-25,113.18746948242188,116.02999877929688,116.75,115.16999816894531,115.55000305175781,76499200
2020-11-27,113.7337417602539,116.58999633789062,117.48999786376953,116.22000122070312,116.56999969482422,46691300
2020-11-30,116.13348388671875,119.05000305175781,120.97000122070312,116.80999755859375,116.97000122070312,169410200
2020-12-01,119.71357727050781,122.72000122070312,123.47000122070312,120.01000213623047,121.01000213623047,127728200
2020-12-02,120.06476593017578,123.08000183105469,123.37000274658203,120.88999938964844,122.0199966430664,89004200
2020-12-03,119.92820739746094,122.94000244140625,123.77999877929688,122.20999908447266,123.5199966430664,78967600
2020-12-04,119.25511169433594,122.25,122.86000061035156,121.5199966430664,122.5999984741211,78260400
2020-12-07,120.71833801269531,123.75,124.56999969482422,122.25,122.30999755859375,86712000
2020-12-08,121.3329086303711,124.37999725341797,124.9800033569336,123.08999633789062,124.37000274658203,82225500
2020-12-09,118.7966079711914,121.77999877929688,125.94999694824219,121.0,124.52999877929688,115089200
2020-12-10,120.2208480834961,123.23999786376953,123.87000274658203,120.1500015258789,120.5,81312200
2020-12-11,119.41117095947266,122.41000366210938,122.76000213623047,120.55000305175781,122.43000030517578,86939800
2020-12-14,118.7966079711914,121.77999877929688,123.3499984741211,121.54000091552734,122.5999984741211,79184500
2020-12-15,124.74717712402344,127.87999725341797,127.9000015258789,124.12999725341797,124.33999633789062,157243700
2020-12-16,124.67888641357422,127.80999755859375,128.3699951171875,126.55999755859375,127.41000366210938,98208600
2020-12-17,125.54708862304688,128.6999969482422,129.5800018310547,128.0399932861328,128.89999389648438,94359800
2020-12-18,123.55706024169922,126.66000366210938,129.10000610351562,126.12000274658203,128.9600067138672,192541500
2020-12-21,125.0886001586914,128.22999572753906,128.30999755859375,123.44999694824219,125.0199966430664,121251600
2020-12-22,128.64918518066406,131.8800048828125,134.41000366210938,129.64999389648438,131.61000061035156,168904800
2020-12-23,127.7517318725586,130.9600067138672,132.42999267578125,130.77999877929688,132.16000366210938,88223700
2020-12-24,128.73696899414062,131.97000122070312,133.4600067138672,131.10000610351562,131.32000732421875,54930100
2020-12-28,133.34136962890625,136.69000244140625,137.33999633789062,133.50999450683594,133.99000549316406,124486200
2020-12-29,131.56593322753906,134.8699951171875,138.7899932861328,134.33999633789062,138.0500030517578,121047300
2020-12-30,130.44412231445312,133.72000122070312,135.99000549316406,133.39999389648438,135.5800018310547,96452100
2020-12-31,129.4393310546875,132.69000244140625,134.74000549316406,131.72000122070312,134.0800018310547,99116600
2021-01-04,126.23968505859375,129.41000366210938,133.61000061035156,126.76000213623047,133.52000427246094,143301900
2021-01-05,127.80048370361328,131.00999450683594,131.74000549316406,128.42999267578125,128.88999938964844,97664900
2021-01-06,123.49853515625,126.5999984741211,131.0500030517578,126.37999725341797,127.72000122070312,155088000
2021-01-07,127.71268463134766,130.9199981689453,131.6300048828125,127.86000061035156,128.36000061035156,109578200
2021-01-08,128.8150177001953,132.0500030517578,132.6300048828125,130.22999572753906,132.42999267578125,105158200
2021-01-11,125.8201904296875,128.97999572753906,130.1699981689453,128.5,129.19000244140625,100384500
2021-01-12,125.64464569091797,128.8000030517578,129.69000244140625,126.86000061035156,128.5,91951100
2021-01-13,127.68340301513672,130.88999938964844,131.4499969482422,128.49000549316406,128.75999450683594,88636800
2021-01-14,125.75193786621094,128.91000366210938,131.0,128.75999450683594,130.8000030517578,90221800
2021-01-15,124.02530670166016,127.13999938964844,130.22000122070312,127.0,128.77999877929688,111598500
2021-01-19,124.69840240478516,127.83000183105469,128.7100067138672,126.94000244140625,127.77999877929688,90757300
2021-01-20,128.79550170898438,132.02999877929688,132.49000549316406,128.5500030517578,128.66000366210938,104319500
2021-01-21,133.5169219970703,136.8699951171875,139.6699981689453,133.58999633789062,133.8000030517578,120150900
2021-01-22,135.66307067871094,139.07000732421875,139.85000610351562,135.02000427246094,136.27999877929688,114459400
2021-01-25,139.41873168945312,142.9199981689453,145.08999633789062,136.5399932861328,143.07000732421875,157611700
2021-01-26,139.65286254882812,143.16000366210938,144.3000030517578,141.3699951171875,143.60000610351562,98390600
2021-01-27,138.57980346679688,142.05999755859375,144.3000030517578,140.41000366210938,143.42999267578125,140843800
2021-01-28,133.7315216064453,137.08999633789062,141.99000549316406,136.6999969482422,139.52000427246094,142621100
2021-01-29,128.7272186279297,131.9600067138672,136.74000549316406,130.2100067138672,135.8300018310547,177523800
2021-02-01,130.85382080078125,134.13999938964844,135.3800048828125,130.92999267578125,133.75,106239800
2021-02-02,131.6829833984375,134.99000549316406,136.30999755859375,134.61000061035156,135.72999572753906,83305400
2021-02-03,130.65870666503906,133.94000244140625,135.77000427246094,133.61000061035156,135.75999450683594,89880900
2021-02-04,134.024169921875,137.38999938964844,137.39999389648438,134.58999633789062,136.3000030517578,84183100
2021-02-05,133.60897827148438,136.75999450683594,137.4199981689453,135.86000061035156,137.35000610351562,75693800
2021-02-08,133.75550842285156,136.91000366210938,136.9600067138672,134.9199981689453,136.02999877929688,71297200
2021-02-09,132.87625122070312,136.00999450683594,137.8800048828125,135.85000610351562,136.6199951171875,76774200
2021-02-10,132.27056884765625,135.38999938964844,136.99000549316406,134.39999389648438,136.47999572753906,73046600
2021-02-11,132.01654052734375,135.1300048828125,136.38999938964844,133.77000427246094,135.89999389648438,64280000
2021-02-12,132.2509765625,135.3699951171875,135.52999877929688,133.69000244140625,134.35000610351562,60145100
2021-02-16,130.12124633789062,133.19000244140625,136.00999450683594,132.7899932861328,135.49000549316406,80576300
2021-02-17,127.82537078857422,130.83999633789062,132.22000122070312,129.47000122070312,131.25,97918500
2021-02-18,126.72139739990234,129.7100067138672,130.0,127.41000366210938,129.1999969482422,96856700
2021-02-19,126.87773132324219,129.8699951171875,130.7100067138672,128.8000030517578,130.24000549316406,87668800
2021-02-22,123.09689331054688,126.0,129.72000122070312,125.5999984741211,128.00999450683594,103916400
2021-02-23,122.96012878417969,125.86000061035156,126.70999908447266,118.38999938964844,123.76000213623047,158273000
2021-02-24,122.46187591552734,125.3499984741211,125.55999755859375,122.2300033569336,124.94000244140625,111039900
2021-02-25,118.20231628417969,120.98999786376953,126.45999908447266,120.54000091552734,124.68000030517578,148199500
2021-02-26,118.46612548828125,121.26000213623047,124.8499984741211,121.19999694824219,122.58999633789062,164560400
2021-03-01,124.84567260742188,127.79000091552734,127.93000030517578,122.79000091552734,123.75,116307900
2021-03-02,122.23719024658203,125.12000274658203,128.72000122070312,125.01000213623047,128.41000366210938,102260900
2021-03-03,119.24766540527344,122.05999755859375,125.70999908447266,121.83999633789062,124.80999755859375,112966300
2021-03-04,117.36213684082031,120.12999725341797,123.5999984741211,118.62000274658203,121.75,178155000
2021-03-05,118.62242126464844,121.41999816894531,121.94000244140625,117.56999969482422,120.9800033569336,153766600
2021-03-08,113.67901611328125,116.36000061035156,121.0,116.20999908447266,120.93000030517578,154376600
2021-03-09,118.30001831054688,121.08999633789062,122.05999755859375,118.79000091552734,119.02999877929688,129525800
2021-03-10,117.21561431884766,119.9800033569336,122.16999816894531,119.44999694824219,121.69000244140625,111943300
2021-03-11,119.14997100830078,121.95999908447266,123.20999908447266,121.26000213623047,122.54000091552734,103026500
2021-03-12,118.24141693115234,121.02999877929688,121.16999816894531,119.16000366210938,120.4000015258789,88105100
2021-03-15,121.13321685791016,123.98999786376953,124.0,120.41999816894531,121.41000366210938,92403800
2021-03-16,122.67678833007812,125.56999969482422,127.22000122070312,124.72000122070312,125.69999694824219,115227900
2021-03-17,121.88545227050781,124.76000213623047,125.86000061035156,122.33999633789062,124.05000305175781,111932600
2021-03-18,117.75292205810547,120.52999877929688,123.18000030517578,120.31999969482422,122.87999725341797,121229700
2021-03-19,117.22537231445312,119.98999786376953,121.43000030517578,119.68000030517578,119.9000015258789,185549500
2021-03-22,120.54703521728516,123.38999938964844,123.87000274658203,120.26000213623047,120.33000183105469,111912300
2021-03-23,119.71662139892578,122.54000091552734,124.23999786376953,122.13999938964844,123.33000183105469,95467100
2021-03-24,117.32305908203125,120.08999633789062,122.9000015258789,120.06999969482422,122.81999969482422,88530500
2021-03-25,117.81155395507812,120.58999633789062,121.66000366210938,119.0,119.54000091552734,98844700
2021-03-26,118.41726684570312,121.20999908447266,121.4800033569336,118.91999816894531,120.3499984741211,94071200
2021-03-29,118.5931167602539,121.38999938964844,122.58000183105469,120.7300033569336,121.6500015258789,80819200
2021-03-30,117.137451171875,119.9000015258789,120.4000015258789,118.86000061035156,120.11000061035156,85671900
2021-03-31,119.33560180664062,122.1500015258789,123.5199966430664,121.1500015258789,121.6500015258789,118323800
2021-04-01,120.166015625,123.0,124.18000030517578,122.48999786376953,123.66000366210938,75089100
2021-04-05,122.99921417236328,125.9000015258789,126.16000366210938,123.06999969482422,123.87000274658203,88651200
2021-04-06,123.30204772949219,126.20999908447266,127.12999725341797,125.6500015258789,126.5,80171300
2021-04-07,124.95311737060547,127.9000015258789,127.91999816894531,125.13999938964844,125.83000183105469,83466700
2021-04-08,127.35645294189453,130.36000061035156,130.38999938964844,128.52000427246094,128.9499969482422,88844600
2021-04-09,129.93560791015625,133.0,133.0399932861328,129.47000122070312,129.8000030517578,106686700
2021-04-12,128.2161407470703,131.24000549316406,132.85000610351562,130.6300048828125,132.52000427246094,91420000
2021-04-13,131.33265686035156,134.42999267578125,134.66000366210938,131.92999267578125,132.44000244140625,91266500
2021-04-14,128.9879913330078,132.02999877929688,135.0,131.66000366210938,134.94000244140625,87222800
2021-04-15,131.40106201171875,134.5,135.0,133.63999938964844,133.82000732421875,89347100
2021-04-16,131.06890869140625,134.16000366210938,134.6699981689453,133.27999877929688,134.3000030517578,84922400
2021-04-19,131.7332000732422,134.83999633789062,135.47000122070312,133.33999633789062,133.50999450683594,94264200
2021-04-20,130.04310607910156,133.11000061035156,135.52999877929688,131.80999755859375,135.02000427246094,94812300
2021-04-21,130.424072265625,133.5,133.75,131.3000030517578,132.36000061035156,68847100
2021-04-22,128.90003967285156,131.94000244140625,134.14999389648438,131.41000366210938,133.0399932861328,84566500
2021-04-23,131.22523498535156,134.32000732421875,135.1199951171875,132.16000366210938,132.16000366210938,78657500
2021-04-26,131.61595153808594,134.72000122070312,135.05999755859375,133.55999755859375,134.8300018310547,66905100
2021-04-27,131.29359436035156,134.38999938964844,135.41000366210938,134.11000061035156,135.00999450683594,66015800
2021-04-28,130.50225830078125,133.5800018310547,135.02000427246094,133.0800018310547,134.30999755859375,107760100
2021-04-29,130.40455627441406,133.47999572753906,137.07000732421875,132.4499969482422,136.47000122070312,151101000
2021-04-30,128.43109130859375,131.4600067138672,133.55999755859375,131.07000732421875,131.77999877929688,109839500
2021-05-03,129.4862060546875,132.5399932861328,134.07000732421875,131.8300018310547,132.0399932861328,75135100
2021-05-04,124.90425872802734,127.8499984741211,131.49000549316406,126.69999694824219,131.19000244140625,137564700
2021-05-05,125.14851379394531,128.10000610351562,130.4499969482422,127.97000122070312,129.1999969482422,84000900
2021-05-06,126.75071716308594,129.74000549316406,129.75,127.12999725341797,127.88999938964844,78128300
2021-05-07,127.42599487304688,130.2100067138672,131.25999450683594,129.47999572753906,130.85000610351562,78973300
2021-05-10,124.1378173828125,126.8499984741211,129.5399932861328,126.80999755859375,129.41000366210938,88071200
2021-05-11,123.21791076660156,125.91000366210938,126.2699966430664,122.7699966430664,123.5,126142800
2021-05-12,120.1450424194336,122.7699966430664,124.63999938964844,122.25,123.4000015258789,112172300
2021-05-13,122.29801177978516,124.97000122070312,126.1500015258789,124.26000213623047,124.58000183105469,105861300
2021-05-14,124.7249984741211,127.44999694824219,127.88999938964844,125.8499984741211,126.25,81918000
2021-05-17,123.57022857666016,126.2699966430664,126.93000030517578,125.16999816894531,126.81999969482422,74244600
2021-05-18,122.18058013916016,124.8499984741211,126.98999786376953,124.77999877929688,126.55999755859375,63342900
2021-05-19,122.02398681640625,124.69000244140625,124.91999816894531,122.86000061035156,123.16000366210938,92612000
2021-05-20,124.58796691894531,127.30999755859375,127.72000122070312,125.0999984741211,125.2300033569336,76857100
2021-05-21,122.74816131591797,125.43000030517578,128.0,125.20999908447266,127.81999969482422,79295400
2021-05-24,124.38246154785156,127.0999984741211,127.94000244140625,125.94000244140625,126.01000213623047,63092900
2021-05-25,124.18675994873047,126.9000015258789,128.32000732421875,126.31999969482422,127.81999969482422,72009500
2021-05-26,124.1378173828125,126.8499984741211,127.38999938964844,126.41999816894531,126.95999908447266,56575900
2021-05-27,122.60137939453125,125.27999877929688,127.63999938964844,125.08000183105469,126.44000244140625,94625600
2021-05-28,121.94570922851562,124.61000061035156,125.80000305175781,124.55000305175781,125.56999969482422,71311100
2021-06-01,121.62274932861328,124.27999877929688,125.3499984741211,123.94000244140625,125.08000183105469,67637100
2021-06-02,122.38607025146484,125.05999755859375,125.23999786376953,124.05000305175781,124.27999877929688,59278900
2021-06-03,120.8985824584961,123.54000091552734,124.8499984741211,123.12999725341797,124.68000030517578,76229200
2021-06-04,123.1983413696289,125.88999938964844,126.16000366210938,123.8499984741211,124.06999969482422,75169300
2021-06-07,123.20813751220703,125.9000015258789,126.31999969482422,124.83000183105469,126.16999816894531,71057600
2021-06-08,124.03016662597656,126.73999786376953,128.4600067138672,126.20999908447266,126.5999984741211,74403800
2021-06-09,124.41183471679688,127.12999725341797,127.75,126.5199966430664,127.20999908447266,56877900
2021-06-10,123.41363525390625,126.11000061035156,128.19000244140625,125.94000244140625,127.0199966430664,71186400
2021-06-11,124.62712097167969,127.3499984741211,127.44000244140625,126.0999984741211,126.52999877929688,53522400
2021-06-14,127.69017028808594,130.47999572753906,130.5399932861328,127.06999969482422,127.81999969482422,96906500
2021-06-15,126.86817932128906,129.63999938964844,130.60000610351562,129.38999938964844,129.94000244140625,62746300
2021-06-16,127.36725616455078,130.14999389648438,130.88999938964844,128.4600067138672,130.3699951171875,91815000
2021-06-17,128.97216796875,131.7899932861328,132.5500030517578,129.64999389648438,129.8000030517578,96721700
2021-06-18,127.670654296875,130.4600067138672,131.50999450683594,130.24000549316406,130.7100067138672,108953300
2021-06-21,129.4713134765625,132.3000030517578,132.41000366210938,129.2100067138672,130.3000030517578,79663300
2021-06-22,131.11537170410156,133.97999572753906,134.0800018310547,131.6199951171875,132.1300048828125,74783600
2021-06-23,130.84136962890625,133.6999969482422,134.32000732421875,133.22999572753906,133.77000427246094,60214200
2021-06-24,130.55755615234375,133.41000366210938,134.63999938964844,132.92999267578125,134.4499969482422,68711000
2021-06-25,130.2639617919922,133.11000061035156,133.88999938964844,132.80999755859375,133.4600067138672,70783700
2021-06-28,131.89825439453125,134.77999877929688,135.25,133.35000610351562,133.41000366210938,62111300
2021-06-29,133.41514587402344,136.3300018310547,136.49000549316406,134.35000610351562,134.8000030517578,64556100
2021-06-30,134.03164672851562,136.9600067138672,137.41000366210938,135.8699951171875,136.1699981689453,63261400
2021-07-01,134.33502197265625,137.27000427246094,137.3300018310547,135.75999450683594,136.60000610351562,52485800
2021-07-02,136.96754455566406,139.9600067138672,140.0,137.75,137.89999389648438,78852600
2021-07-06,138.98345947265625,142.02000427246094,143.14999389648438,140.07000732421875,140.07000732421875,108181800
2021-07-07,141.47891235351562,144.57000732421875,144.88999938964844,142.66000366210938,143.5399932861328,104911600
2021-07-08,140.17739868164062,143.24000549316406,144.05999755859375,140.6699981689453,141.5800018310547,105575500
2021-07-09,142.00741577148438,145.11000061035156,145.64999389648438,142.64999389648438,142.75,99890800
2021-07-12,141.41046142578125,144.5,146.32000732421875,144.0,146.2100067138672,76299700
2021-07-13,142.52603149414062,145.63999938964844,147.4600067138672,143.6300048828125,144.02999877929688,100827100
2021-07-14,145.9610137939453,149.14999389648438,149.57000732421875,147.67999267578125,148.10000610351562,127050800
2021-07-15,145.30535888671875,148.47999572753906,150.0,147.08999633789062,149.24000549316406,106820300
2021-07-16,143.26002502441406,146.38999938964844,149.75999450683594,145.8800048828125,148.4600067138672,93251400
2021-07-19,139.40431213378906,142.4499969482422,144.07000732421875,141.6699981689453,143.75,121434600
2021-07-20,143.02517700195312,146.14999389648438,147.10000610351562,142.9600067138672,143.4600067138672,96350000
2021-07-21,142.29116821289062,145.39999389648438,146.1300048828125,144.6300048828125,145.52999877929688,74993500
2021-07-22,143.66127014160156,146.8000030517578,148.1999969482422,145.80999755859375,145.94000244140625,77338200
2021-07-23,145.38363647460938,148.55999755859375,148.72000122070312,146.9199981689453,147.5500030517578,71447400
2021-07-26,145.804443359375,148.99000549316406,149.8300018310547,147.6999969482422,148.27000427246094,72434100
2021-07-27,143.6319122314453,146.77000427246094,149.2100067138672,145.5500030517578,149.1199951171875,104818600
2021-07-28,141.88015747070312,144.97999572753906,146.97000122070312,142.5399932861328,144.80999755859375,118931200
2021-07-29,142.52603149414062,145.63999938964844,146.5500030517578,144.5800018310547,144.69000244140625,56699500
2021-07-30,142.7413330078125,145.86000061035156,146.3300018310547,144.11000061035156,144.3800048828125,70440600
2021-08-02,142.40863037109375,145.52000427246094,146.9499969482422,145.25,146.36000061035156,62880000
2021-08-03,144.2092742919922,147.36000061035156,148.0399932861328,145.17999267578125,145.80999755859375,64786600
2021-08-04,143.80807495117188,146.9499969482422,147.7899932861328,146.27999877929688,147.27000427246094,56368300
2021-08-05,143.91567993164062,147.05999755859375,147.83999633789062,146.1699981689453,146.97999572753906,46397700
2021-08-06,143.22967529296875,146.13999938964844,147.11000061035156,145.6300048828125,146.35000610351562,54126800
2021-08-09,143.18064880371094,146.08999633789062,146.6999969482422,145.52000427246094,146.1999969482422,48908700
2021-08-10,142.7003936767578,145.60000610351562,147.7100067138672,145.3000030517578,146.44000244140625,69023100
2021-08-11,142.95521545410156,145.86000061035156,146.72000122070312,145.52999877929688,146.0500030517578,48493500
2021-08-12,145.92486572265625,148.88999938964844,149.0500030517578,145.83999633789062,146.19000244140625,72282600
2021-08-13,146.13075256347656,149.10000610351562,149.44000244140625,148.27000427246094,148.97000122070312,59375000
2021-08-16,148.11044311523438,151.1199951171875,151.19000244140625,146.47000122070312,148.5399932861328,103296000
2021-08-17,147.19898986816406,150.19000244140625,151.67999267578125,149.08999633789062,150.22999572753906,92229700
2021-08-18,143.44528198242188,146.36000061035156,150.72000122070312,146.14999389648438,149.8000030517578,86326000
2021-08-19,143.7784881591797,146.6999969482422,148.0,144.5,145.02999877929688,86960300
2021-08-20,145.2388153076172,148.19000244140625,148.5,146.77999877929688,147.44000244140625,60549600
2021-08-23,146.72854614257812,149.7100067138672,150.19000244140625,147.88999938964844,148.30999755859375,60131800
2021-08-24,146.64035034179688,149.6199951171875,150.86000061035156,149.14999389648438,149.4499969482422,48606400
2021-08-25,145.40542602539062,148.36000061035156,150.32000732421875,147.8000030517578,149.80999755859375,58991300
2021-08-26,144.60177612304688,147.5399932861328,149.1199951171875,147.50999450683594,148.35000610351562,48597200
2021-08-27,145.64065551757812,148.60000610351562,148.75,146.8300018310547,147.47999572753906,55802400
2021-08-30,150.07064819335938,153.1199951171875,153.49000549316406,148.61000061035156,149.0,90956700
2021-08-31,148.8063507080078,151.8300018310547,152.8000030517578,151.2899932861328,152.66000366210938,86453100
2021-09-01,149.47280883789062,152.50999450683594,154.97999572753906,152.33999633789062,152.8300018310547,80313700
2021-09-02,150.590087890625,153.64999389648438,154.72000122070312,152.39999389648438,153.8699951171875,71115500
2021-09-03,151.22715759277344,154.3000030517578,154.6300048828125,153.08999633789062,153.75999450683594,57808700
2021-09-07,153.569580078125,156.69000244140625,157.25999450683594,154.38999938964844,154.97000122070312,82278300
2021-09-08,152.02101135253906,155.11000061035156,157.0399932861328,153.97999572753906,156.97999572753906,74420200
2021-09-09,151.00173950195312,154.07000732421875,156.11000061035156,153.9499969482422,155.49000549316406,57305700
2021-09-10,146.0032958984375,148.97000122070312,155.47999572753906,148.6999969482422,155.0,140893200
2021-09-13,146.5717315673828,149.5500030517578,151.4199981689453,148.75,150.6300048828125,102404300
2021-09-14,145.1702117919922,148.1199951171875,151.07000732421875,146.91000366210938,150.35000610351562,109296300
2021-09-15,146.06210327148438,149.02999877929688,149.44000244140625,146.3699951171875,148.55999755859375,83281300
2021-09-16,145.82684326171875,148.7899932861328,148.97000122070312,147.22000122070312,148.44000244140625,68034100
2021-09-17,143.1511993408203,146.05999755859375,148.82000732421875,145.75999450683594,148.82000732421875,129868800
2021-09-20,140.0933837890625,142.94000244140625,144.83999633789062,141.27000427246094,143.8000030517578,123478900
2021-09-21,140.57359313964844,143.42999267578125,144.60000610351562,142.77999877929688,143.92999267578125,75834000
2021-09-22,142.94541931152344,145.85000610351562,146.42999267578125,143.6999969482422,144.4499969482422,76404300
2021-09-23,143.90591430664062,146.8300018310547,147.0800018310547,145.63999938964844,146.64999389648438,64838200
2021-09-24,143.9940948486328,146.9199981689453,147.47000122070312,145.55999755859375,145.66000366210938,53477900
2021-09-27,142.4749755859375,145.3699951171875,145.9600067138672,143.82000732421875,145.47000122070312,74150700
2021-09-28,139.0838623046875,141.91000366210938,144.75,141.69000244140625,143.25,108972300
2021-09-29,139.98556518554688,142.8300018310547,144.4499969482422,142.02999877929688,142.47000122070312,74602000
2021-09-30,138.68206787109375,141.5,144.3800048828125,141.27999877929688,143.66000366210938,89056700
2021-10-01,139.8091583251953,142.64999389648438,142.9199981689453,139.11000061035156,141.89999389648438,94639600
2021-10-04,136.36904907226562,139.13999938964844,142.2100067138672,138.27000427246094,141.75999450683594,98322000
2021-10-05,138.29983520507812,141.11000061035156,142.24000549316406,139.36000061035156,139.49000549316406,80861100
2021-10-06,139.17208862304688,142.0,142.14999389648438,138.3699951171875,139.47000122070312,83221100
2021-10-07,140.43638610839844,143.2899932861328,144.22000122070312,142.72000122070312,143.05999755859375,61732700
2021-10-08,140.0541534423828,142.89999389648438,144.17999267578125,142.55999755859375,144.02999877929688,58773200
2021-10-11,139.96597290039062,142.80999755859375,144.80999755859375,141.80999755859375,142.27000427246094,64452200
2021-10-12,138.69183349609375,141.50999450683594,143.25,141.0399932861328,143.22999572753906,73035900
2021-10-13,138.10377502441406,140.91000366210938,141.39999389648438,139.1999969482422,141.24000549316406,78762700
2021-10-14,140.8970489501953,143.75999450683594,143.8800048828125,141.50999450683594,142.11000061035156,69907100
2021-10-15,141.95556640625,144.83999633789062,144.89999389648438,143.50999450683594,143.77000427246094,67940300
2021-10-18,143.63150024414062,146.5500030517578,146.83999633789062,143.16000366210938,143.4499969482422,85589200
2021-10-19,145.7974853515625,148.75999450683594,149.1699981689453,146.5500030517578,147.00999450683594,76378900
2021-10-20,146.28750610351562,149.25999450683594,149.75,148.1199951171875,148.6999969482422,58418800
2021-10-21,146.50311279296875,149.47999572753906,149.63999938964844,147.8699951171875,148.80999755859375,61421000
2021-10-22,145.72886657714844,148.69000244140625,150.17999267578125,148.63999938964844,149.69000244140625,58883400
2021-10-25,145.67987060546875,148.63999938964844,149.3699951171875,147.6199951171875,148.67999267578125,50720600
2021-10-26,146.3463134765625,149.32000732421875,150.83999633789062,149.00999450683594,149.3300018310547,60893400
2021-10-27,145.88571166992188,148.85000610351562,149.72999572753906,148.49000549316406,149.36000061035156,56094900
2021-10-28,149.5316162109375,152.57000732421875,153.1699981689453,149.72000122070312,149.82000732421875,100077900
2021-10-29,146.81674194335938,149.8000030517578,149.94000244140625,146.41000366210938,147.22000122070312,124953200
2021-11-01,145.99346923828125,148.9600067138672,149.6999969482422,147.8000030517578,148.99000549316406,74588300
2021-11-02,147.03237915039062,150.02000427246094,151.57000732421875,148.64999389648438,148.66000366210938,69122000
2021-11-03,148.47312927246094,151.49000549316406,151.97000122070312,149.82000732421875,150.38999938964844,54511500
2021-11-04,147.9536590576172,150.9600067138672,152.42999267578125,150.63999938964844,151.5800018310547,60394600
2021-11-05,148.48370361328125,151.27999877929688,152.1999969482422,150.05999755859375,151.88999938964844,65463900
2021-11-08,147.65919494628906,150.44000244140625,151.57000732421875,150.16000366210938,151.41000366210938,55020900
2021-11-09,148.02235412597656,150.80999755859375,151.42999267578125,150.05999755859375,150.1999969482422,56787900
2021-11-10,145.185791015625,147.9199981689453,150.1300048828125,147.85000610351562,150.02000427246094,65187100
2021-11-11,145.13670349121094,147.8699951171875,149.42999267578125,147.67999267578125,148.9600067138672,41000000
2021-11-12,147.21751403808594,149.99000549316406,150.39999389648438,147.47999572753906,148.42999267578125,63804000
2021-11-15,147.2273406982422,150.0,151.8800048828125,149.42999267578125,150.3699951171875,59222800
2021-11-16,148.2088623046875,151.0,151.49000549316406,149.33999633789062,149.94000244140625,59256200
2021-11-17,150.65284729003906,153.49000549316406,155.0,150.99000549316406,151.0,88807000
2021-11-18,154.9518585205078,157.8699951171875,158.6699981689453,153.0500030517578,153.7100067138672,137827700
2021-11-19,157.5823211669922,160.5500030517578,161.02000427246094,156.52999877929688,157.64999389648438,117305600
2021-11-22,158.04364013671875,161.02000427246094,165.6999969482422,161.0,161.67999267578125,117467900
2021-11-23,158.4264373779297,161.41000366210938,161.8000030517578,159.05999755859375,161.1199951171875,96041900
2021-11-24,158.9466552734375,161.94000244140625,162.13999938964844,159.63999938964844,160.75,69463600
2021-11-26,153.91146850585938,156.80999755859375,160.4499969482422,156.36000061035156,159.57000732421875,76959800
2021-11-29,157.27804565429688,160.24000549316406,161.19000244140625,158.7899932861328,159.3699951171875,88748200
2021-11-30,162.2445526123047,165.3000030517578,165.52000427246094,159.9199981689453,159.99000549316406,174048100
2021-12-01,161.72430419921875,164.77000427246094,170.3000030517578,164.52999877929688,167.47999572753906,152052500
2021-12-02,160.7329864501953,163.75999450683594,164.1999969482422,157.8000030517578,158.74000549316406,136739200
2021-12-03,158.84848022460938,161.83999633789062,164.9600067138672,159.72000122070312,164.02000427246094,118023100
2021-12-06,162.26414489746094,165.32000732421875,167.8800048828125,164.27999877929688,164.2899932861328,107497000
2021-12-07,168.015869140625,171.17999267578125,171.5800018310547,168.33999633789062,169.0800018310547,120405400
2021-12-08,171.84375,175.0800018310547,175.9600067138672,170.6999969482422,172.1300048828125,116998900
2021-12-09,171.33334350585938,174.55999755859375,176.75,173.9199981689453,174.91000366210938,108923700
2021-12-10,176.13294982910156,179.4499969482422,179.6300048828125,174.69000244140625,175.2100067138672,115402700
2021-12-13,172.4915313720703,175.74000549316406,182.1300048828125,175.52999877929688,181.1199951171875,153237000
2021-12-14,171.1076202392578,174.3300018310547,177.74000549316406,172.2100067138672,175.25,139380400
2021-12-15,175.9857635498047,179.3000030517578,179.5,172.30999755859375,175.11000061035156,131063300
2021-12-16,169.07586669921875,172.25999450683594,181.13999938964844,170.75,179.27999877929688,150185800
2021-12-17,167.97654724121094,171.13999938964844,173.47000122070312,169.69000244140625,169.92999267578125,195432700
2021-12-20,166.61227416992188,169.75,170.5800018310547,167.4600067138672,168.27999877929688,107499100
2021-12-21,169.7924041748047,172.99000549316406,173.1999969482422,169.1199951171875,171.55999755859375,91185900
2021-12-22,172.39337158203125,175.63999938964844,175.86000061035156,172.14999389648438,173.0399932861328,92135300
2021-12-23,173.0215606689453,176.27999877929688,176.85000610351562,175.27000427246094,175.85000610351562,68356600
2021-12-27,176.9967041015625,180.3300018310547,180.4199981689453,177.07000732421875,177.08999633789062,74919600
2021-12-28,175.9759063720703,179.2899932861328,181.3300018310547,178.52999877929688,180.16000366210938,79144300
2021-12-29,176.0642547607422,179.3800048828125,180.6300048828125,178.13999938964844,179.3300018310547,62348900
2021-12-30,174.90609741210938,178.1999969482422,180.57000732421875,178.08999633789062,179.47000122070312,59773000
2021-12-31,174.28773498535156,177.57000732421875,179.22999572753906,177.25999450683594,178.08999633789062,64062300
2022-01-03,178.64564514160156,182.00999450683594,182.8800048828125,177.7100067138672,177.8300018310547,104487900
2022-01-04,176.3783416748047,179.6999969482422,182.94000244140625,179.1199951171875,182.6300048828125,99310400
2022-01-05,171.6866912841797,174.9199981689453,180.1699981689453,174.63999938964844,179.61000061035156,94537600
2022-01-06,168.82066345214844,172.0,175.3000030517578,171.63999938964844,172.6999969482422,96904000
2022-01-07,168.98751831054688,172.1699981689453,174.13999938964844,171.02999877929688,172.88999938964844,86709100
2022-01-10,169.00718688964844,172.19000244140625,172.5,168.1699981689453,169.0800018310547,106765600
2022-01-11,171.84375,175.0800018310547,175.17999267578125,170.82000732421875,172.32000732421875,76138300
2022-01-12,172.28541564941406,175.52999877929688,177.17999267578125,174.82000732421875,176.1199951171875,74805200
2022-01-13,169.00718688964844,172.19000244140625,176.6199951171875,171.7899932861328,175.77999877929688,84505800
2022-01-14,169.8709259033203,173.07000732421875,173.77999877929688,171.08999633789062,171.33999633789062,80440800
2022-01-18,166.66134643554688,169.8000030517578,172.5399932861328,169.41000366210938,171.50999450683594,90956700
2022-01-19,163.15733337402344,166.22999572753906,171.0800018310547,165.94000244140625,170.0,94815000
2022-01-20,161.4691162109375,164.50999450683594,169.67999267578125,164.17999267578125,166.97999572753906,91420500
2022-01-21,159.40794372558594,162.41000366210938,166.3300018310547,162.3000030517578,164.4199981689453,122848900
2022-01-24,158.63253784179688,161.6199951171875,162.3000030517578,154.6999969482422,160.02000427246094,162294600
2022-01-25,156.82655334472656,159.77999877929688,162.75999450683594,157.02000427246094,158.97999572753906,115798400
2022-01-26,156.73822021484375,159.69000244140625,164.38999938964844,157.82000732421875,163.5,108275300
2022-01-27,156.27691650390625,159.22000122070312,163.83999633789062,158.27999877929688,162.4499969482422,121954600
2022-01-28,167.1815643310547,170.3300018310547,170.35000610351562,162.8000030517578,165.7100067138672,179935700
2022-01-31,171.54930114746094,174.77999877929688,175.0,169.50999450683594,170.16000366210938,115541600
2022-02-01,171.3824462890625,174.61000061035156,174.83999633789062,172.30999755859375,174.00999450683594,86213900
2022-02-02,172.5897216796875,175.83999633789062,175.8800048828125,173.3300018310547,174.75,84914300
2022-02-03,169.7040252685547,172.89999389648438,176.24000549316406,172.1199951171875,174.47999572753906,89418100
2022-02-04,169.4190673828125,172.38999938964844,174.10000610351562,170.67999267578125,171.67999267578125,82465400
2022-02-07,168.70164489746094,171.66000366210938,173.9499969482422,170.9499969482422,172.86000061035156,77251200
2022-02-08,171.81700134277344,174.8300018310547,175.35000610351562,171.42999267578125,171.72999572753906,74829200
2022-02-09,173.24200439453125,176.27999877929688,176.64999389648438,174.89999389648438,176.0500030517578,71285000
2022-02-10,169.15371704101562,172.1199951171875,175.47999572753906,171.5500030517578,174.13999938964844,90865900
2022-02-11,165.73367309570312,168.63999938964844,173.0800018310547,168.0399932861328,172.3300018310547,98670700
2022-02-14,165.96954345703125,168.8800048828125,169.5800018310547,166.55999755859375,167.3699951171875,86185500
2022-02-15,169.81214904785156,172.7899932861328,172.9499969482422,170.25,170.97000122070312,62527400
2022-02-16,169.5762939453125,172.5500030517578,173.33999633789062,170.0500030517578,171.85000610351562,61177400
2022-02-17,165.96954345703125,168.8800048828125,171.91000366210938,168.47000122070312,171.02999877929688,69589300
2022-02-18,164.4167938232422,167.3000030517578,170.5399932861328,166.19000244140625,169.82000732421875,82772700
2022-02-22,161.4881134033203,164.32000732421875,166.69000244140625,162.14999389648438,164.97999572753906,91162800
2022-02-23,157.31138610839844,160.07000732421875,166.14999389648438,159.75,165.5399932861328,90009200
2022-02-24,159.9353485107422,162.74000549316406,162.85000610351562,152.0,152.5800018310547,141147500
2022-02-25,162.0089874267578,164.85000610351562,165.1199951171875,160.8699951171875,163.83999633789062,91974200
2022-02-28,162.27435302734375,165.1199951171875,165.4199981689453,162.42999267578125,163.05999755859375,95056600
2022-03-01,160.3874053955078,163.1999969482422,166.60000610351562,161.97000122070312,164.6999969482422,83474400
2022-03-02,163.68951416015625,166.55999755859375,167.36000061035156,162.9499969482422,164.38999938964844,79724800
2022-03-03,163.36521911621094,166.22999572753906,168.91000366210938,165.5500030517578,168.47000122070312,76678400
2022-03-04,160.3579559326172,163.1699981689453,165.5500030517578,162.10000610351562,164.49000549316406,83737200
2022-03-07,156.55465698242188,159.3000030517578,165.02000427246094,159.0399932861328,163.36000061035156,96418800
2022-03-08,154.72671508789062,157.44000244140625,162.8800048828125,155.8000030517578,158.82000732421875,131148300
2022-03-09,160.1417236328125,162.9499969482422,163.41000366210938,159.41000366210938,161.47999572753906,91454900
2022-03-10,155.7880859375,158.52000427246094,160.38999938964844,155.97999572753906,160.1999969482422,105342000
2022-03-11,152.0634002685547,154.72999572753906,159.27999877929688,154.5,158.92999267578125,96970100
2022-03-14,148.0242462158203,150.6199951171875,154.1199951171875,150.10000610351562,151.4499969482422,108732100
2022-03-15,152.4171905517578,155.08999633789062,155.57000732421875,150.3800048828125,150.89999389648438,92964300
2022-03-16,156.83963012695312,159.58999633789062,160.0,154.4600067138672,157.0500030517578,102300200
2022-03-17,157.85186767578125,160.6199951171875,161.0,157.6300048828125,158.61000061035156,75615400
2022-03-18,161.15399169921875,163.97999572753906,164.47999572753906,159.75999450683594,160.50999450683594,123511700
2022-03-21,162.5298614501953,165.3800048828125,166.35000610351562,163.00999450683594,163.50999450683594,95811400
2022-03-22,165.9105682373047,168.82000732421875,169.4199981689453,164.91000366210938,165.50999450683594,81532000
2022-03-23,167.27662658691406,170.2100067138672,172.63999938964844,167.64999389648438,167.99000549316406,98062700
2022-03-24,171.0701141357422,174.07000732421875,174.13999938964844,170.2100067138672,171.05999755859375,90131400
2022-03-25,171.70889282226562,174.72000122070312,175.27999877929688,172.75,173.8800048828125,80546200
2022-03-28,172.57373046875,175.60000610351562,175.72999572753906,172.0,172.1699981689453,90371900
2022-03-29,175.87582397460938,178.9600067138672,179.00999450683594,176.33999633789062,176.69000244140625,100589400
2022-03-30,174.70631408691406,177.77000427246094,179.61000061035156,176.6999969482422,178.5500030517578,92633200
2022-03-31,171.60079956054688,174.61000061035156,178.02999877929688,174.39999389648438,177.83999633789062,103049300
2022-04-01,171.30596923828125,174.30999755859375,174.8800048828125,171.94000244140625,174.02999877929688,78751300
2022-04-04,175.3647918701172,178.44000244140625,178.49000549316406,174.44000244140625,174.57000732421875,76468400
2022-04-05,172.0430145263672,175.05999755859375,178.3000030517578,174.4199981689453,177.5,73401800
2022-04-06,168.8687286376953,171.8300018310547,173.6300048828125,170.1300048828125,172.36000061035156,89058800
2022-04-07,169.17337036132812,172.13999938964844,173.36000061035156,169.85000610351562,171.16000366210938,77594700
2022-04-08,167.15866088867188,170.08999633789062,171.77999877929688,169.1999969482422,171.77999877929688,76575500
2022-04-11,162.89346313476562,165.75,169.02999877929688,165.5,168.7100067138672,72246700
2022-04-12,164.77056884765625,167.66000366210938,169.8699951171875,166.63999938964844,168.02000427246094,79265200
2022-04-13,167.4633331298828,170.39999389648438,171.0399932861328,166.77000427246094,167.38999938964844,70618900
2022-04-14,162.44142150878906,165.2899932861328,171.27000427246094,165.0399932861328,170.6199951171875,75329400
2022-04-18,162.22520446777344,165.07000732421875,166.60000610351562,163.57000732421875,163.9199981689453,69023900
2022-04-19,164.5150146484375,167.39999389648438,167.82000732421875,163.91000366210938,165.02000427246094,67723800
2022-04-20,164.3479766845703,167.22999572753906,168.8800048828125,166.10000610351562,168.75999450683594,67929800
2022-04-21,163.55194091796875,166.4199981689453,171.52999877929688,165.91000366210938,168.91000366210938,87227800
2022-04-22,159.00172424316406,161.7899932861328,167.8699951171875,161.5,166.4600067138672,84882400
2022-04-25,160.0729217529297,162.8800048828125,163.1699981689453,158.4600067138672,161.1199951171875,96046400
2022-04-26,154.0977020263672,156.8000030517578,162.33999633789062,156.72000122070312,162.25,95623200
2022-04-27,153.87168884277344,156.57000732421875,159.7899932861328,155.3800048828125,155.91000366210938,88063200
2022-04-28,160.81983947753906,163.63999938964844,164.52000427246094,158.92999267578125,159.25,130216800
2022-04-29,154.93310546875,157.64999389648438,166.1999969482422,157.25,161.83999633789062,131747600
2022-05-02,155.2377166748047,157.9600067138672,158.22999572753906,153.27000427246094,156.7100067138672,123055300
2022-05-03,156.73153686523438,159.47999572753906,160.7100067138672,156.32000732421875,158.14999389648438,88966500
2022-05-04,163.15884399414062,166.02000427246094,166.47999572753906,159.25999450683594,159.6699981689453,108256500
2022-05-05,154.06826782226562,156.77000427246094,164.0800018310547,154.9499969482422,163.85000610351562,130525300
2022-05-06,154.7965545654297,157.27999877929688,159.44000244140625,154.17999267578125,156.00999450683594,116124600
2022-05-09,149.65896606445312,152.05999755859375,155.8300018310547,151.49000549316406,154.92999267578125,131577900
2022-05-10,152.07029724121094,154.50999450683594,156.74000549316406,152.92999267578125,155.52000427246094,115366700
2022-05-11,144.18679809570312,146.5,155.4499969482422,145.80999755859375,153.5,142689800
2022-05-12,140.30897521972656,142.55999755859375,146.1999969482422,138.8000030517578,142.77000427246094,182602000
2022-05-13,144.78713989257812,147.11000061035156,148.10000610351562,143.11000061035156,144.58999633789062,113990900
2022-05-16,143.24191284179688,145.5399932861328,147.52000427246094,144.17999267578125,145.5500030517578,86643800
2022-05-17,146.8834991455078,149.24000549316406,149.77000427246094,146.67999267578125,148.86000061035156,78336300
2022-05-18,138.5964813232422,140.82000732421875,147.36000061035156,139.89999389648438,146.85000610351562,109742900
2022-05-19,135.18125915527344,137.35000610351562,141.66000366210938,136.60000610351562,139.8800048828125,136095600
2022-05-20,135.41741943359375,137.58999633789062,140.6999969482422,132.61000061035156,139.08999633789062,137426100
2022-05-23,140.85031127929688,143.11000061035156,143.25999450683594,137.64999389648438,137.7899932861328,117726300
2022-05-24,138.14370727539062,140.36000061035156,141.97000122070312,137.3300018310547,140.80999755859375,104132700
2022-05-25,138.3011932373047,140.52000427246094,141.7899932861328,138.33999633789062,138.42999267578125,92482700
2022-05-26,141.50970458984375,143.77999877929688,144.33999633789062,137.13999938964844,137.38999938964844,90601500
2022-05-27,147.27719116210938,149.63999938964844,149.67999267578125,145.25999450683594,145.38999938964844,90978500
2022-05-31,146.4898223876953,148.83999633789062,150.66000366210938,146.83999633789062,149.07000732421875,103718400
2022-06-01,146.36187744140625,148.7100067138672,151.74000549316406,147.67999267578125,149.89999389648438,74286600
2022-06-02,148.82241821289062,151.2100067138672,151.27000427246094,146.86000061035156,147.8300018310547,72348100
2022-06-03,143.08445739746094,145.3800048828125,147.97000122070312,144.4600067138672,146.89999389648438,88570300
2022-06-06,143.8324737548828,146.13999938964844,148.57000732421875,144.89999389648438,147.02999877929688,71598400
2022-06-07,146.36187744140625,148.7100067138672,149.0,144.10000610351562,144.35000610351562,67808200
2022-06-08,145.6237030029297,147.9600067138672,149.8699951171875,147.4600067138672,148.5800018310547,53950200
2022-06-09,140.38772583007812,142.63999938964844,147.9499969482422,142.52999877929688,147.0800018310547,69473000
2022-06-10,134.96475219726562,137.1300048828125,140.75999450683594,137.05999755859375,140.27999877929688,91437900
2022-06-13,129.797607421875,131.8800048828125,135.1999969482422,131.44000244140625,132.8699951171875,122207100
2022-06-14,130.66371154785156,132.75999450683594,133.88999938964844,131.47999572753906,133.1300048828125,84784300
2022-06-15,133.29156494140625,135.42999267578125,137.33999633789062,132.16000366210938,134.2899932861328,91533000
2022-06-16,128.00636291503906,130.05999755859375,132.38999938964844,129.0399932861328,132.0800018310547,108123900
2022-06-17,129.482666015625,131.55999755859375,133.0800018310547,129.80999755859375,130.07000732421875,134520300
2022-06-21,133.72459411621094,135.8699951171875,137.05999755859375,133.32000732421875,133.4199981689453,81000500
2022-06-22,133.2128448486328,135.35000610351562,137.75999450683594,133.91000366210938,134.7899932861328,73409200
2022-06-23,136.0867462158203,138.27000427246094,138.58999633789062,135.6300048828125,136.82000732421875,72433800
2022-06-24,139.4231719970703,141.66000366210938,141.91000366210938,139.77000427246094,139.89999389648438,89116800
2022-06-27,139.4231719970703,141.66000366210938,143.49000549316406,140.97000122070312,142.6999969482422,70207900
2022-06-28,135.26986694335938,137.44000244140625,143.4199981689453,137.32000732421875,142.1300048828125,67083400
2022-06-29,137.0315704345703,139.22999572753906,140.6699981689453,136.6699981689453,137.4600067138672,66242400
2022-06-30,134.56121826171875,136.72000122070312,138.3699951171875,133.77000427246094,137.25,98964500
2022-07-01,136.73631286621094,138.92999267578125,139.0399932861328,135.66000366210938,136.0399932861328,71051600
2022-07-05,139.3247528076172,141.55999755859375,141.61000061035156,136.92999267578125,137.77000427246094,73353800
2022-07-06,140.66331481933594,142.9199981689453,144.1199951171875,141.0800018310547,141.35000610351562,74064300
2022-07-07,144.03915405273438,146.35000610351562,146.5500030517578,143.27999877929688,143.2899932861328,66253700
2022-07-08,144.7182159423828,147.0399932861328,147.5500030517578,145.0,145.25999450683594,64547800
2022-07-11,142.5824737548828,144.8699951171875,146.63999938964844,143.77999877929688,145.6699981689453,63141600
2022-07-12,143.55686950683594,145.86000061035156,148.4499969482422,145.0500030517578,145.75999450683594,77588800
2022-07-13,143.19271850585938,145.49000549316406,146.4499969482422,142.1199951171875,142.99000549316406,71185600
2022-07-14,146.1256561279297,148.47000122070312,148.9499969482422,143.25,144.0800018310547,78140700
2022-07-15,147.79881286621094,150.1699981689453,150.86000061035156,148.1999969482422,149.77999877929688,76259900
2022-07-18,144.7477569580078,147.07000732421875,151.57000732421875,146.6999969482422,150.74000549316406,81420900
2022-07-19,148.61570739746094,151.0,151.22999572753906,146.91000366210938,147.9199981689453,82982400
2022-07-20,150.62353515625,153.0399932861328,153.72000122070312,150.3699951171875,151.1199951171875,64823400
2022-07-21,152.89703369140625,155.35000610351562,155.57000732421875,151.94000244140625,154.5,65086600
2022-07-22,151.65692138671875,154.08999633789062,156.27999877929688,153.41000366210938,155.38999938964844,66675400
2022-07-25,150.534912109375,152.9499969482422,155.0399932861328,152.27999877929688,154.00999450683594,53623900
2022-07-26,149.2062530517578,151.60000610351562,153.08999633789062,150.8000030517578,152.25999450683594,55138700
2022-07-27,154.31427001953125,156.7899932861328,157.3300018310547,152.16000366210938,152.5800018310547,78620700
2022-07-28,154.865478515625,157.35000610351562,157.63999938964844,154.41000366210938,156.97999572753906,81378700
2022-07-29,159.9439697265625,162.50999450683594,163.6300048828125,159.5,161.24000549316406,101786900
2022-08-01,158.9597625732422,161.50999450683594,163.58999633789062,160.88999938964844,161.00999450683594,67829400
2022-08-02,157.4834442138672,160.00999450683594,162.41000366210938,159.6300048828125,160.10000610351562,59907000
2022-08-03,163.5068359375,166.1300048828125,166.58999633789062,160.75,160.83999633789062,82507500
2022-08-04,163.1918487548828,165.80999755859375,167.19000244140625,164.42999267578125,166.00999450683594,55474100
2022-08-05,162.96517944335938,165.35000610351562,165.85000610351562,163.0,163.2100067138672,56697000
2022-08-08,162.49209594726562,164.8699951171875,167.80999755859375,164.1999969482422,166.3699951171875,60276900
2022-08-09,162.5413818359375,164.9199981689453,165.82000732421875,163.25,164.02000427246094,63135500
2022-08-10,166.79908752441406,169.24000549316406,169.33999633789062,166.89999389648438,167.67999267578125,70170500
2022-08-11,166.05990600585938,168.49000549316406,170.99000549316406,168.19000244140625,170.05999755859375,57149200
2022-08-12,169.61782836914062,172.10000610351562,172.1699981689453,169.39999389648438,169.82000732421875,68039400
2022-08-15,170.69210815429688,173.19000244140625,173.38999938964844,171.35000610351562,171.52000427246094,54091700
2022-08-16,170.534423828125,173.02999877929688,173.7100067138672,171.66000366210938,172.77999877929688,56377100
2022-08-17,172.03248596191406,174.5500030517578,176.14999389648438,172.57000732421875,172.77000427246094,79542000
2022-08-18,171.6382598876953,174.14999389648438,174.89999389648438,173.1199951171875,173.75,62290100
2022-08-19,169.0461883544922,171.52000427246094,173.74000549316406,171.30999755859375,173.02999877929688,70346300
2022-08-22,165.1531524658203,167.57000732421875,169.86000061035156,167.13999938964844,169.69000244140625,69026800
2022-08-23,164.8180694580078,167.22999572753906,168.7100067138672,166.64999389648438,167.0800018310547,54147100
2022-08-24,165.1137237548828,167.52999877929688,168.11000061035156,166.25,167.32000732421875,53841500
2022-08-25,167.5776824951172,170.02999877929688,170.13999938964844,168.35000610351562,168.77999877929688,51218200
2022-08-26,161.26011657714844,163.6199951171875,171.0500030517578,163.55999755859375,170.57000732421875,78961000
2022-08-29,159.0524444580078,161.3800048828125,162.89999389648438,159.82000732421875,161.14999389648438,73314000
2022-08-30,156.61807250976562,158.91000366210938,162.55999755859375,157.72000122070312,162.1300048828125,77906200
2022-08-31,154.95242309570312,157.22000122070312,160.5800018310547,157.13999938964844,160.30999755859375,87991100
2022-09-01,155.6817626953125,157.9600067138672,158.4199981689453,154.6699981689453,156.63999938964844,74229900
2022-09-02,153.5627899169922,155.80999755859375,160.36000061035156,154.97000122070312,159.75,76957800
2022-09-06,152.3012237548828,154.52999877929688,157.08999633789062,153.69000244140625,156.47000122070312,73714800
2022-09-07,153.7106170654297,155.9600067138672,156.6699981689453,153.61000061035156,154.82000732421875,87449600
2022-09-08,152.2322540283203,154.4600067138672,156.36000061035156,152.67999267578125,154.63999938964844,84923800
2022-09-09,155.1002655029297,157.3699951171875,157.82000732421875,154.75,155.47000122070312,68028800
2022-09-12,161.07286071777344,163.42999267578125,164.25999450683594,159.3000030517578,159.58999633789062,104956000
2022-09-13,151.6211700439453,153.83999633789062,160.5399932861328,153.3699951171875,159.89999389648438,122656600
2022-09-14,153.06997680664062,155.30999755859375,157.10000610351562,153.61000061035156,154.7899932861328,87965400
2022-09-15,150.17237854003906,152.3699951171875,155.24000549316406,151.3800048828125,154.64999389648438,90481100
2022-09-16,148.5264892578125,150.6999969482422,151.35000610351562,148.3699951171875,151.2100067138672,162278800
2022-09-19,152.25193786621094,154.47999572753906,154.55999755859375,149.10000610351562,149.30999755859375,81474200
2022-09-20,154.63702392578125,156.89999389648438,158.0800018310547,153.0800018310547,153.39999389648438,107689800
2022-09-21,151.50291442871094,153.72000122070312,158.74000549316406,153.60000610351562,157.33999633789062,101696800
2022-09-22,150.53704833984375,152.74000549316406,154.47000122070312,150.91000366210938,152.3800048828125,86652500
2022-09-23,148.26034545898438,150.42999267578125,151.47000122070312,148.55999755859375,151.19000244140625,96029900
2022-09-26,148.59547424316406,150.77000427246094,153.77000427246094,149.63999938964844,149.66000366210938,93339400
2022-09-27,149.57118225097656,151.75999450683594,154.72000122070312,149.9499969482422,152.74000549316406,84442700
2022-09-28,147.67886352539062,149.83999633789062,150.63999938964844,144.83999633789062,147.63999938964844,146691400
2022-09-29,140.42501831054688,142.47999572753906,146.72000122070312,140.67999267578125,146.10000610351562,128138200
2022-09-30,136.2067413330078,138.1999969482422,143.10000610351562,138.0,141.27999877929688,124925300
2022-10-03,140.3954315185547,142.4499969482422,143.07000732421875,137.69000244140625,138.2100067138672,114311700
2022-10-04,143.99282836914062,146.10000610351562,146.22000122070312,144.25999450683594,145.02999877929688,87830100
2022-10-05,144.28846740722656,146.39999389648438,147.3800048828125,143.00999450683594,144.07000732421875,79471000
2022-10-06,143.33248901367188,145.42999267578125,147.5399932861328,145.22000122070312,145.80999755859375,68402200
2022-10-07,138.0695037841797,140.08999633789062,143.10000610351562,139.4499969482422,142.5399932861328,85925600
2022-10-10,138.3947296142578,140.4199981689453,141.88999938964844,138.57000732421875,140.4199981689453,74899000
2022-10-11,136.9755096435547,138.97999572753906,141.35000610351562,138.22000122070312,139.89999389648438,77033700
2022-10-12,136.34471130371094,138.33999633789062,140.36000061035156,138.16000366210938,139.1300048828125,70433700
2022-10-13,140.92771911621094,142.99000549316406,143.58999633789062,134.3699951171875,134.99000549316406,113224000
2022-10-14,136.3841552734375,138.3800048828125,144.52000427246094,138.19000244140625,144.30999755859375,88598000
2022-10-17,140.35604858398438,142.41000366210938,142.89999389648438,140.27000427246094,141.07000732421875,85250900
2022-10-18,141.67672729492188,143.75,146.6999969482422,140.61000061035156,145.49000549316406,99136600
2022-10-19,141.78512573242188,143.86000061035156,144.9499969482422,141.5,141.69000244140625,61758300
2022-10-20,141.32191467285156,143.38999938964844,145.88999938964844,142.64999389648438,143.02000427246094,64522000
2022-10-21,145.14596557617188,147.27000427246094,147.85000610351562,142.64999389648438,142.8699951171875,86548600
2022-10-24,147.2945098876953,149.4499969482422,150.22999572753906,146.0,147.19000244140625,75981900
2022-10-25,150.14280700683594,152.33999633789062,152.49000549316406,149.36000061035156,150.08999633789062,74732300
2022-10-26,147.19595336914062,149.35000610351562,151.99000549316406,148.0399932861328,150.9600067138672,88194300
2022-10-27,142.71156311035156,144.8000030517578,149.0500030517578,144.1300048828125,148.07000732421875,109180200
2022-10-28,153.49380493164062,155.74000549316406,157.5,147.82000732421875,148.1999969482422,164762400
2022-10-31,151.12838745117188,153.33999633789062,154.24000549316406,151.9199981689453,153.16000366210938,97943200
2022-11-01,148.4771728515625,150.64999389648438,155.4499969482422,149.1300048828125,155.0800018310547,80379300
2022-11-02,142.93824768066406,145.02999877929688,152.1699981689453,145.0,148.9499969482422,93604600
2022-11-03,136.876953125,138.8800048828125,142.8000030517578,138.75,142.05999755859375,97918500
2022-11-04,136.6103973388672,138.3800048828125,142.6699981689453,134.3800048828125,142.08999633789062,140814800
2022-11-07,137.14349365234375,138.9199981689453,139.14999389648438,135.6699981689453,137.11000061035156,83374600
2022-11-08,137.71609497070312,139.5,141.42999267578125,137.49000549316406,140.41000366210938,89908500
2022-11-09,133.1453094482422,134.8699951171875,138.5500030517578,134.58999633789062,138.5,74917800
2022-11-10,144.99183654785156,146.8699951171875,146.8699951171875,139.5,141.24000549316406,118854000
2022-11-11,147.78562927246094,149.6999969482422,150.00999450683594,144.3699951171875,145.82000732421875,93979700
2022-11-14,146.3837890625,148.27999877929688,150.27999877929688,147.42999267578125,148.97000122070312,73374100
2022-11-15,148.1212921142578,150.0399932861328,153.58999633789062,148.55999755859375,152.22000122070312,89868300
2022-11-16,146.88726806640625,148.7899932861328,149.8699951171875,147.2899932861328,149.1300048828125,64218300
2022-11-17,148.7926025390625,150.72000122070312,151.47999572753906,146.14999389648438,146.42999267578125,80389400
2022-11-18,149.35533142089844,151.2899932861328,152.6999969482422,149.97000122070312,152.30999755859375,74829600
2022-11-21,146.1172332763672,148.00999450683594,150.3699951171875,147.72000122070312,150.16000366210938,58724100
2022-11-22,148.2594757080078,150.17999267578125,150.4199981689453,146.92999267578125,148.1300048828125,51804100
2022-11-23,149.13816833496094,151.07000732421875,151.8300018310547,149.33999633789062,149.4499969482422,58301400
2022-11-25,146.21597290039062,148.11000061035156,148.8800048828125,147.1199951171875,148.30999755859375,35195900
2022-11-28,142.37570190429688,144.22000122070312,146.63999938964844,143.3800048828125,145.13999938964844,69246000
2022-11-29,139.36473083496094,141.1699981689453,144.80999755859375,140.35000610351562,144.2899932861328,83763800
2022-11-30,146.1370086669922,148.02999877929688,148.72000122070312,140.5500030517578,141.39999389648438,111380900
2022-12-01,146.41343688964844,148.30999755859375,149.1300048828125,146.61000061035156,148.2100067138672,71250400
2022-12-02,145.91981506347656,147.80999755859375,148.0,145.64999389648438,145.9600067138672,65447400
2022-12-05,144.7549285888672,146.6300048828125,150.9199981689453,145.77000427246094,147.77000427246094,68826400
2022-12-06,141.08248901367188,142.91000366210938,147.3000030517578,141.9199981689453,147.07000732421875,64727200
2022-12-07,139.13768005371094,140.94000244140625,143.3699951171875,140.0,142.19000244140625,69721100
2022-12-08,140.82579040527344,142.64999389648438,143.52000427246094,141.10000610351562,142.36000061035156,62128300
2022-12-09,140.34207153320312,142.16000366210938,145.57000732421875,140.89999389648438,142.33999633789062,76097000
2022-12-12,142.64230346679688,144.49000549316406,144.5,141.05999755859375,142.6999969482422,70462700
2022-12-13,143.6097412109375,145.47000122070312,149.97000122070312,144.24000549316406,149.5,93886200
2022-12-14,141.378662109375,143.2100067138672,146.66000366210938,141.16000366210938,145.35000610351562,82291200
2022-12-15,134.7544708251953,136.5,141.8000030517578,136.02999877929688,141.11000061035156,98931900
2022-12-16,132.7898712158203,134.50999450683594,137.64999389648438,133.72999572753906,136.69000244140625,160156900
2022-12-19,130.67723083496094,132.3699951171875,135.1999969482422,131.32000732421875,135.11000061035156,79592600
2022-12-20,130.60812377929688,132.3000030517578,133.25,129.88999938964844,131.38999938964844,77432800
2022-12-21,133.71788024902344,135.4499969482422,136.80999755859375,132.75,132.97999572753906,85928000
2022-12-22,130.53904724121094,132.22999572753906,134.55999755859375,130.3000030517578,134.35000610351562,77852100
2022-12-23,130.17379760742188,131.86000061035156,132.4199981689453,129.63999938964844,130.9199981689453,63814900
2022-12-27,128.3671875,130.02999877929688,131.41000366210938,128.72000122070312,131.3800048828125,69007800
2022-12-28,124.42821502685547,126.04000091552734,131.02999877929688,125.87000274658203,129.6699981689453,85438400
2022-12-29,127.95256805419922,129.61000061035156,130.47999572753906,127.7300033569336,127.98999786376953,75703700
2022-12-30,128.26846313476562,129.92999267578125,129.9499969482422,127.43000030517578,128.41000366210938,77034200
2023-01-03,123.47061157226562,125.06999969482422,130.89999389648438,124.16999816894531,130.27999877929688,112117500
2023-01-04,124.74412536621094,126.36000061035156,128.66000366210938,125.08000183105469,126.88999938964844,89113600
2023-01-05,123.42124938964844,125.0199966430664,127.7699966430664,124.76000213623047,127.12999725341797,80962700
2023-01-06,127.96244049072266,129.6199951171875,130.2899932861328,124.88999938964844,126.01000213623047,87754700
2023-01-09,128.48562622070312,130.14999389648438,133.41000366210938,129.88999938964844,130.47000122070312,70790800
2023-01-10,129.05824279785156,130.72999572753906,131.25999450683594,128.1199951171875,130.25999450683594,63896200
2023-01-11,131.78294372558594,133.49000549316406,133.50999450683594,130.4600067138672,131.25,69458900
2023-01-12,131.7039794921875,133.41000366210938,134.25999450683594,131.44000244140625,133.8800048828125,71379600
2023-01-13,133.03668212890625,134.75999450683594,134.9199981689453,131.66000366210938,132.02999877929688,57809700
2023-01-17,134.2016143798828,135.94000244140625,137.2899932861328,134.1300048828125,134.8300018310547,63646600
2023-01-18,133.48095703125,135.2100067138672,138.61000061035156,135.02999877929688,136.82000732421875,69672800
2023-01-19,133.54017639160156,135.27000427246094,136.25,133.77000427246094,134.0800018310547,58280400
2023-01-20,136.10691833496094,137.8699951171875,138.02000427246094,134.22000122070312,135.27999877929688,80223600
2023-01-23,139.3054962158203,141.11000061035156,143.32000732421875,137.89999389648438,138.1199951171875,81760300
2023-01-24,140.7073516845703,142.52999877929688,143.16000366210938,140.3000030517578,140.30999755859375,66435100
2023-01-25,140.04592895507812,141.86000061035156,142.42999267578125,138.80999755859375,140.88999938964844,65799300
2023-01-26,142.11904907226562,143.9600067138672,144.25,141.89999389648438,143.1699981689453,54105100
2023-01-27,144.06385803222656,145.92999267578125,147.22999572753906,143.0800018310547,143.16000366210938,70555800
2023-01-30,141.17132568359375,143.0,145.5500030517578,142.85000610351562,144.9600067138672,64015300
2023-01-31,142.44482421875,144.2899932861328,144.33999633789062,142.27999877929688,142.6999969482422,65874500
2023-02-01,143.5702667236328,145.42999267578125,146.61000061035156,141.32000732421875,143.97000122070312,77663600
2023-02-02,148.89134216308594,150.82000732421875,151.17999267578125,148.1699981689453,148.89999389648438,118339000
2023-02-03,152.52426147460938,154.5,157.3800048828125,147.8300018310547,148.02999877929688,154357300
2023-02-06,149.78968811035156,151.72999572753906,153.10000610351562,150.77999877929688,152.57000732421875,69858300
2023-02-07,152.67233276367188,154.64999389648438,155.22999572753906,150.63999938964844,150.63999938964844,83322600
2023-02-08,149.97726440429688,151.9199981689453,154.5800018310547,151.1699981689453,153.8800048828125,64120100
2023-02-09,148.9407196044922,150.8699951171875,154.3300018310547,150.4199981689453,153.77999877929688,56007100
2023-02-10,149.3065185546875,151.00999450683594,151.33999633789062,149.22000122070312,149.4600067138672,57450700
2023-02-13,152.114501953125,153.85000610351562,154.25999450683594,150.9199981689453,150.9499969482422,62199000
2023-02-14,151.4718017578125,153.1999969482422,153.77000427246094,150.86000061035156,152.1199951171875,61707600
2023-02-15,153.57778930664062,155.3300018310547,155.5,152.8800048828125,153.11000061035156,65573800
2023-02-16,151.97607421875,153.7100067138672,156.3300018310547,153.35000610351562,153.50999450683594,68167900
2023-02-17,150.82916259765625,152.5500030517578,153.0,150.85000610351562,152.35000610351562,59144100
2023-02-21,146.80506896972656,148.47999572753906,151.3000030517578,148.41000366210938,150.1999969482422,58867200
2023-02-22,147.23019409179688,148.91000366210938,149.9499969482422,147.16000366210938,148.8699951171875,51011300
2023-02-23,147.71466064453125,149.39999389648438,150.33999633789062,147.24000549316406,150.08999633789062,48394200
2023-02-24,145.05503845214844,146.7100067138672,147.19000244140625,145.72000122070312,147.11000061035156,55469600
2023-02-27,146.25135803222656,147.9199981689453,149.1699981689453,147.4499969482422,147.7100067138672,44998500
2023-02-28,145.74713134765625,147.41000366210938,149.0800018310547,146.8300018310547,147.0500030517578,50547000
2023-03-01,143.67079162597656,145.30999755859375,147.22999572753906,145.00999450683594,146.8300018310547,55479000
2023-03-02,144.26405334472656,145.91000366210938,146.7100067138672,143.89999389648438,144.3800048828125,52238100
2023-03-03,149.3262939453125,151.02999877929688,151.11000061035156,147.3300018310547,148.0399932861328,70732300
2023-03-06,152.0947265625,153.8300018310547,156.3000030517578,153.4600067138672,153.7899932861328,87558000
2023-03-07,149.889892578125,151.60000610351562,154.02999877929688,151.1300048828125,153.6999969482422,56182000
2023-03-08,151.1455535888672,152.8699951171875,153.47000122070312,151.8300018310547,152.80999755859375,47204800
2023-03-09,148.89126586914062,150.58999633789062,154.5399932861328,150.22999572753906,153.55999755859375,53833600
2023-03-10,146.8248291015625,148.5,150.94000244140625,147.61000061035156,150.2100067138672,68572400
2023-03-13,148.77261352539062,150.47000122070312,153.13999938964844,147.6999969482422,147.80999755859375,84457100
2023-03-14,150.86868286132812,152.58999633789062,153.39999389648438,150.10000610351562,151.27999877929688,73695900
2023-03-15,151.26417541503906,152.99000549316406,153.25,149.9199981689453,151.19000244140625,77167900
2023-03-16,154.0919189453125,155.85000610351562,156.4600067138672,151.63999938964844,152.16000366210938,76161100
2023-03-17,153.25149536132812,155.0,156.74000549316406,154.27999877929688,156.0800018310547,98944600
2023-03-20,155.62442016601562,157.39999389648438,157.82000732421875,154.14999389648438,155.07000732421875,73641400
2023-03-21,157.4832305908203,159.27999877929688,159.39999389648438,156.5399932861328,157.32000732421875,73938300
2023-03-22,156.04959106445312,157.8300018310547,162.13999938964844,157.80999755859375,159.3000030517578,75701800
2023-03-23,157.13717651367188,158.92999267578125,161.5500030517578,157.67999267578125,158.8300018310547,67622100
2023-03-24,158.44227600097656,160.25,160.33999633789062,157.85000610351562,158.86000061035156,59196500
2023-03-27,156.49447631835938,158.27999877929688,160.77000427246094,157.8699951171875,159.94000244140625,52390300
2023-03-28,155.87161254882812,157.64999389648438,158.49000549316406,155.97999572753906,157.97000122070312,45992200
2023-03-29,158.9564208984375,160.77000427246094,161.0500030517578,159.35000610351562,159.3699951171875,51305700
2023-03-30,160.52847290039062,162.36000061035156,162.47000122070312,161.27000427246094,161.52999877929688,49501700
2023-03-31,163.039794921875,164.89999389648438,165.0,161.91000366210938,162.44000244140625,68749800
2023-04-03,164.2954864501953,166.1699981689453,166.2899932861328,164.22000122070312,164.27000427246094,56976200
2023-04-04,163.7615966796875,165.6300048828125,166.83999633789062,165.11000061035156,166.60000610351562,46278300
2023-04-05,161.91270446777344,163.75999450683594,165.0500030517578,161.8000030517578,164.74000549316406,51511700
2023-04-06,162.80255126953125,164.66000366210938,164.9600067138672,162.0,162.42999267578125,45390100
2023-04-10,160.2021942138672,162.02999877929688,162.02999877929688,160.0800018310547,161.4199981689453,47716900
2023-04-11,158.986083984375,160.8000030517578,162.36000061035156,160.50999450683594,162.35000610351562,47644200
2023-04-12,158.29400634765625,160.10000610351562,162.05999755859375,159.77999877929688,161.22000122070312,50133100
2023-04-13,163.69236755371094,165.55999755859375,165.8000030517578,161.4199981689453,161.6300048828125,68445600
2023-04-14,163.3463134765625,165.2100067138672,166.32000732421875,163.82000732421875,164.58999633789062,49386500
2023-04-17,163.36610412597656,165.22999572753906,165.38999938964844,164.02999877929688,165.08999633789062,41516200
2023-04-18,164.5920867919922,166.47000122070312,167.41000366210938,165.64999389648438,166.10000610351562,49923000
2023-04-19,165.7390594482422,167.6300048828125,168.16000366210938,165.5399932861328,165.8000030517578,47720200
2023-04-20,164.77008056640625,166.64999389648438,167.8699951171875,165.55999755859375,166.08999633789062,52456400
2023-04-21,163.1584930419922,165.02000427246094,166.4499969482422,164.49000549316406,165.0500030517578,58337300
2023-04-24,163.46499633789062,165.3300018310547,165.60000610351562,163.88999938964844,165.0,41949600
2023-04-25,161.92257690429688,163.77000427246094,166.30999755859375,163.72999572753906,165.19000244140625,48714100
2023-04-26,161.91270446777344,163.75999450683594,165.27999877929688,162.8000030517578,163.05999755859375,45498800
2023-04-27,166.51023864746094,168.41000366210938,168.55999755859375,165.19000244140625,165.19000244140625,64902300
2023-04-28,167.7659149169922,169.67999267578125,169.85000610351562,167.8800048828125,168.49000549316406,55209200
2023-05-01,167.6769256591797,169.58999633789062,170.4499969482422,168.63999938964844,169.27999877929688,52472900
2023-05-02,166.63876342773438,168.5399932861328,170.35000610351562,167.5399932861328,170.08999633789062,48425700
2023-05-03,165.56106567382812,167.4499969482422,170.9199981689453,167.16000366210938,169.5,65136000
2023-05-04,163.91978454589844,165.7899932861328,167.0399932861328,164.30999755859375,164.88999938964844,81235400
2023-05-05,171.61203002929688,173.57000732421875,174.3000030517578,170.75999450683594,170.97999572753906,113316400
2023-05-08,171.54283142089844,173.5,173.85000610351562,172.11000061035156,172.47999572753906,55962800
2023-05-09,169.8323211669922,171.77000427246094,173.5399932861328,171.60000610351562,173.0500030517578,45326900
2023-05-10,171.60214233398438,173.55999755859375,174.02999877929688,171.89999389648438,173.02000427246094,53724500
2023-05-11,171.78997802734375,173.75,174.58999633789062,172.1699981689453,173.85000610351562,49514700
2023-05-12,170.85931396484375,172.57000732421875,174.05999755859375,171.0,173.6199951171875,45497800
2023-05-15,170.36428833007812,172.07000732421875,173.2100067138672,171.47000122070312,173.16000366210938,37266700
2023-05-16,170.36428833007812,172.07000732421875,173.13999938964844,171.8000030517578,171.99000549316406,42110300
2023-05-17,170.97813415527344,172.69000244140625,172.92999267578125,170.4199981689453,171.7100067138672,57951600
2023-05-18,173.31475830078125,175.0500030517578,175.24000549316406,172.5800018310547,173.0,65496700
2023-05-19,173.4236297607422,175.16000366210938,176.38999938964844,174.94000244140625,176.38999938964844,55772400
2023-05-22,172.47314453125,174.1999969482422,174.7100067138672,173.4499969482422,173.97999572753906,43570900
2023-05-23,169.8593292236328,171.55999755859375,173.3800048828125,171.27999877929688,173.1300048828125,50747300
2023-05-24,170.13653564453125,171.83999633789062,172.4199981689453,170.52000427246094,171.08999633789062,45143500
2023-05-25,171.275146484375,172.99000549316406,173.89999389648438,171.69000244140625,172.41000366210938,56058300
2023-05-26,173.69094848632812,175.42999267578125,175.77000427246094,173.11000061035156,173.32000732421875,54835000
2023-05-30,175.54241943359375,177.3000030517578,178.99000549316406,176.57000732421875,176.9600067138672,55964400
2023-05-31,175.49290466308594,177.25,179.35000610351562,176.75999450683594,177.3300018310547,99625300
2023-06-01,178.3047637939453,180.08999633789062,180.1199951171875,176.92999267578125,177.6999969482422,68901800
2023-06-02,179.15621948242188,180.9499969482422,181.77999877929688,179.25999450683594,181.02999877929688,61945900
2023-06-05,177.79981994628906,179.5800018310547,184.9499969482422,178.0399932861328,182.6300048828125,121946500
2023-06-06,177.43353271484375,179.2100067138672,180.1199951171875,177.42999267578125,179.97000122070312,64848400
2023-06-07,176.05726623535156,177.82000732421875,181.2100067138672,177.32000732421875,178.44000244140625,61944600
2023-06-08,178.77999877929688,180.57000732421875,180.83999633789062,177.4600067138672,177.89999389648438,50214900
2023-06-09,179.1661376953125,180.9600067138672,182.22999572753906,180.6300048828125,181.5,48870700
2023-06-12,181.9680938720703,183.7899932861328,183.88999938964844,180.97000122070312,181.27000427246094,54274900
2023-06-13,181.49282836914062,183.30999755859375,184.14999389648438,182.44000244140625,182.8000030517578,54929100
2023-06-14,182.12648010253906,183.9499969482422,184.38999938964844,182.02000427246094,183.3699951171875,57462900
2023-06-15,184.16607666015625,186.00999450683594,186.52000427246094,183.77999877929688,183.9600067138672,65433200
2023-06-16,183.08689880371094,184.9199981689453,186.99000549316406,184.27000427246094,186.72999572753906,101235600
2023-06-20,183.17599487304688,185.00999450683594,186.10000610351562,184.41000366210938,184.41000366210938,49799100
2023-06-21,182.1363983154297,183.9600067138672,185.41000366210938,182.58999633789062,184.89999389648438,49515700
2023-06-22,185.14625549316406,187.0,187.0500030517578,183.6699981689453,183.74000549316406,51245300
2023-06-23,184.8294219970703,186.67999267578125,187.55999755859375,185.00999450683594,185.5500030517578,53079300
2023-06-26,183.4334259033203,185.27000427246094,188.0500030517578,185.22999572753906,186.8300018310547,48088700
2023-06-27,186.1957550048828,188.05999755859375,188.38999938964844,185.6699981689453,185.88999938964844,50730800
2023-06-28,187.3739471435547,189.25,189.89999389648438,187.60000610351562,187.92999267578125,51216800
2023-06-29,187.7105712890625,189.58999633789062,190.07000732421875,188.94000244140625,189.0800018310547,46347300
2023-06-30,192.04718017578125,193.97000122070312,194.47999572753906,191.25999450683594,191.6300048828125,85069600
2023-07-03,190.5521697998047,192.4600067138672,193.8800048828125,191.75999450683594,193.77999877929688,31458200
2023-07-05,189.433349609375,191.3300018310547,192.97999572753906,190.6199951171875,191.57000732421875,46920300
2023-07-06,189.9085693359375,191.80999755859375,192.02000427246094,189.1999969482422,189.83999633789062,45094300
2023-07-07,188.78976440429688,190.67999267578125,192.6699981689453,190.24000549316406,191.41000366210938,46778000
2023-07-10,186.7403106689453,188.61000061035156,189.99000549316406,187.0399932861328,189.25999450683594,59922200
2023-07-11,186.21554565429688,188.0800018310547,189.3000030517578,186.60000610351562,189.16000366210938,46638100
2023-07-12,187.88880920410156,189.77000427246094,191.6999969482422,188.47000122070312,189.67999267578125,60750200
2023-07-13,188.65115356445312,190.5399932861328,191.19000244140625,189.77999877929688,190.5,41342300
2023-07-14,188.79969787597656,190.69000244140625,191.17999267578125,189.6300048828125,190.22999572753906,41573900
2023-07-17,192.06695556640625,193.99000549316406,194.32000732421875,191.80999755859375,191.89999389648438,50520200
2023-07-18,191.80953979492188,193.72999572753906,194.3300018310547,192.4199981689453,193.35000610351562,48353800
2023-07-19,193.1659698486328,195.10000610351562,198.22999572753906,192.64999389648438,193.10000610351562,80507300
2023-07-20,191.2154998779297,193.1300048828125,196.47000122070312,192.5,195.08999633789062,59581200
2023-07-21,190.0373077392578,191.94000244140625,194.97000122070312,191.22999572753906,194.10000610351562,71917800
2023-07-24,190.83926391601562,192.75,194.91000366210938,192.25,193.41000366210938,45377800
2023-07-25,191.70065307617188,193.6199951171875,194.44000244140625,192.9199981689453,193.3300018310547,37283200
2023-07-26,192.57191467285156,194.5,195.63999938964844,193.32000732421875,193.6699981689453,47471900
2023-07-27,191.30458068847656,193.22000122070312,197.1999969482422,192.5500030517578,196.02000427246094,47460200
2023-07-28,193.88873291015625,195.8300018310547,196.6300048828125,194.13999938964844,194.6699981689453,48291400
2023-07-31,194.50259399414062,196.4499969482422,196.49000549316406,195.25999450683594,196.05999755859375,38824100
2023-08-01,193.67091369628906,195.61000061035156,196.72999572753906,195.27999877929688,196.24000549316406,35175100
2023-08-02,190.6709442138672,192.5800018310547,195.17999267578125,191.85000610351562,195.0399932861328,50389300
2023-08-03,189.27493286132812,191.1699981689453,192.3699951171875,190.69000244140625,191.57000732421875,61235200
2023-08-04,180.1859588623047,181.99000549316406,187.3800048828125,181.9199981689453,185.52000427246094,115799700
2023-08-07,177.07704162597656,178.85000610351562,183.1300048828125,177.35000610351562,182.1300048828125,97576100
2023-08-08,178.01760864257812,179.8000030517578,180.27000427246094,177.5800018310547,179.69000244140625,67823000
2023-08-09,176.42361450195312,178.19000244140625,180.92999267578125,177.00999450683594,180.8699951171875,60378500
2023-08-10,176.2057647705078,177.97000122070312,180.75,177.60000610351562,179.47999572753906,54686900
2023-08-11,176.2652587890625,177.7899932861328,178.6199951171875,176.5500030517578,177.32000732421875,51988100
2023-08-14,177.92095947265625,179.4600067138672,179.69000244140625,177.30999755859375,177.97000122070312,43675600
2023-08-15,175.9281768798828,177.4499969482422,179.47999572753906,177.0500030517578,178.8800048828125,43622600
2023-08-16,175.0557403564453,176.57000732421875,178.5399932861328,176.5,177.1300048828125,46964900
2023-08-17,172.50778198242188,174.0,177.50999450683594,173.47999572753906,177.13999938964844,66062900
2023-08-18,172.99359130859375,174.49000549316406,175.10000610351562,171.9600067138672,172.3000030517578,61114200
2023-08-21,174.3319854736328,175.83999633789062,176.1300048828125,173.74000549316406,175.07000732421875,46311900
2023-08-22,175.71006774902344,177.22999572753906,177.67999267578125,176.25,177.05999755859375,42084200
2023-08-23,179.56671142578125,181.1199951171875,181.5500030517578,178.3300018310547,178.52000427246094,52722800
2023-08-24,174.86737060546875,176.3800048828125,181.10000610351562,176.00999450683594,180.6699981689453,54945800
2023-08-25,177.07823181152344,178.61000061035156,179.14999389648438,175.82000732421875,177.3800048828125,51449600
2023-08-28,178.64468383789062,180.19000244140625,180.58999633789062,178.5500030517578,180.08999633789062,43820700
2023-08-29,182.54095458984375,184.1199951171875,184.89999389648438,179.5,179.6999969482422,53003900
2023-08-30,186.04071044921875,187.64999389648438,187.85000610351562,184.74000549316406,184.94000244140625,60813900
2023-08-31,186.2587890625,187.8699951171875,189.1199951171875,187.47999572753906,187.83999633789062,60794500
2023-09-01,187.83518981933594,189.4600067138672,189.9199981689453,188.27999877929688,189.49000549316406,45732600
2023-09-05,188.0731201171875,189.6999969482422,189.97999572753906,187.61000061035156,188.27999877929688,45280000
2023-09-06,181.3413543701172,182.91000366210938,188.85000610351562,181.47000122070312,188.39999389648438,81755800
2023-09-07,176.0372314453125,177.55999755859375,178.2100067138672,173.5399932861328,175.17999267578125,112488800
2023-09-08,176.6519012451172,178.17999267578125,180.24000549316406,177.7899932861328,178.35000610351562,65551300
2023-09-11,177.82180786132812,179.36000061035156,180.3000030517578,177.33999633789062,180.07000732421875,58953100
2023-09-12,174.78805541992188,176.3000030517578,180.1300048828125,174.82000732421875,179.49000549316406,90370200
2023-09-13,172.71597290039062,174.2100067138672,177.3000030517578,173.97999572753906,176.50999450683594,84267900
2023-09-14,174.23284912109375,175.74000549316406,176.10000610351562,173.5800018310547,174.0,60895800
2023-09-15,173.50912475585938,175.00999450683594,176.5,173.82000732421875,176.47999572753906,109205100
2023-09-18,176.4437255859375,177.97000122070312,179.3800048828125,176.1699981689453,176.47999572753906,67257600
2023-09-19,177.53428649902344,179.07000732421875,179.6300048828125,177.1300048828125,177.52000427246094,51826900
2023-09-20,173.9849853515625,175.49000549316406,179.6999969482422,175.39999389648438,179.25999450683594,58436200
2023-09-21,172.43836975097656,173.92999267578125,176.3000030517578,173.86000061035156,174.5500030517578,63047900
2023-09-22,173.29100036621094,174.7899932861328,177.0800018310547,174.0500030517578,174.6699981689453,56725400
2023-09-25,174.56993103027344,176.0800018310547,176.97000122070312,174.14999389648438,174.1999969482422,46172700
2023-09-26,170.48526000976562,171.9600067138672,175.1999969482422,171.66000366210938,174.82000732421875,64588900
2023-09-27,168.9683837890625,170.42999267578125,173.0399932861328,169.0500030517578,172.6199951171875,66921800
2023-09-28,169.2261505126953,170.69000244140625,172.02999877929688,167.6199951171875,169.33999633789062,56294400
2023-09-29,169.74169921875,171.2100067138672,173.07000732421875,170.33999633789062,172.02000427246094,51814200
2023-10-02,172.25990295410156,173.75,174.3000030517578,170.92999267578125,171.22000122070312,52164500
2023-10-03,170.92147827148438,172.39999389648438,173.6300048828125,170.82000732421875,172.25999450683594,49594600
2023-10-04,172.17068481445312,173.66000366210938,174.2100067138672,170.97000122070312,171.08999633789062,53020300
2023-10-05,173.40997314453125,174.91000366210938,175.4499969482422,172.67999267578125,173.7899932861328,48527900
2023-10-06,175.96783447265625,177.49000549316406,177.99000549316406,173.17999267578125,173.8000030517578,57224100
2023-10-09,177.45498657226562,178.99000549316406,179.0500030517578,175.8000030517578,176.80999755859375,42390800
2023-10-10,176.86012268066406,178.38999938964844,179.72000122070312,177.9499969482422,178.10000610351562,43698000
2023-10-11,178.25802612304688,179.8000030517578,179.85000610351562,177.60000610351562,178.1999969482422,47551100
2023-10-12,179.1602325439453,180.7100067138672,182.33999633789062,179.0399932861328,180.07000732421875,56743100
2023-10-13,177.31619262695312,178.85000610351562,181.92999267578125,178.13999938964844,181.4199981689453,51427100
2023-10-16,177.18728637695312,178.72000122070312,179.0800018310547,176.50999450683594,176.75,52517000
2023-10-17,175.63075256347656,177.14999389648438,178.4199981689453,174.8000030517578,176.64999389648438,57549400
2023-10-18,174.3319854736328,175.83999633789062,177.5800018310547,175.11000061035156,175.5800018310547,54764400
2023-10-19,173.9552459716797,175.4600067138672,177.83999633789062,175.19000244140625,176.0399932861328,59302900
2023-10-20,171.3973846435547,172.8800048828125,175.4199981689453,172.63999938964844,175.30999755859375,64189300
2023-10-23,171.516357421875,173.0,174.00999450683594,169.92999267578125,170.91000366210938,55980100
2023-10-24,171.95257568359375,173.44000244140625,173.6699981689453,171.4499969482422,173.0500030517578,43816600
2023-10-25,169.6326446533203,171.10000610351562,173.05999755859375,170.64999389648438,171.8800048828125,57157000
2023-10-26,165.458740234375,166.88999938964844,171.3800048828125,165.6699981689453,170.3699951171875,70625300
2023-10-27,166.77732849121094,168.22000122070312,168.9600067138672,166.8300018310547,166.91000366210938,58499100
2023-10-30,168.82957458496094,170.2899932861328,171.1699981689453,168.8699951171875,169.02000427246094,51131000
2023-10-31,169.30548095703125,170.77000427246094,170.89999389648438,167.89999389648438,169.35000610351562,44846000
2023-11-01,172.47802734375,173.97000122070312,174.22999572753906,170.1199951171875,171.0,56934900
2023-11-02,176.04714965820312,177.57000732421875,177.77999877929688,175.4600067138672,175.52000427246094,77334800
2023-11-03,175.13502502441406,176.64999389648438,176.82000732421875,173.35000610351562,174.24000549316406,79763700
2023-11-06,177.6929168701172,179.22999572753906,179.42999267578125,176.2100067138672,176.3800048828125,63841300
2023-11-07,180.2606964111328,181.82000732421875,182.44000244140625,178.97000122070312,179.17999267578125,70530000
2023-11-08,181.32151794433594,182.88999938964844,183.4499969482422,181.58999633789062,182.35000610351562,49340300
2023-11-09,180.8456573486328,182.41000366210938,184.1199951171875,181.80999755859375,182.9600067138672,53763500
2023-11-10,185.04489135742188,186.39999389648438,186.57000732421875,183.52999877929688,183.97000122070312,66133400
2023-11-13,183.45654296875,184.8000030517578,186.02999877929688,184.2100067138672,185.82000732421875,43627500
2023-11-14,186.0773162841797,187.44000244140625,188.11000061035156,186.3000030517578,187.6999969482422,60108400
2023-11-15,186.6431884765625,188.00999450683594,189.5,187.77999877929688,187.85000610351562,53790500
2023-11-16,188.33084106445312,189.7100067138672,190.9600067138672,188.64999389648438,189.57000732421875,54412900
2023-11-17,188.3109893798828,189.69000244140625,190.3800048828125,188.57000732421875,190.25,50922700
2023-11-20,190.05816650390625,191.4499969482422,191.91000366210938,189.8800048828125,189.88999938964844,46505100
2023-11-21,189.2540740966797,190.63999938964844,191.52000427246094,189.74000549316406,191.41000366210938,38134500
2023-11-22,189.91920471191406,191.30999755859375,192.92999267578125,190.8300018310547,191.49000549316406,39617700
2023-11-24,188.5889434814453,189.97000122070312,190.89999389648438,189.25,190.8699951171875,24048300
2023-11-27,188.41024780273438,189.7899932861328,190.6699981689453,188.89999389648438,189.9199981689453,40552600
2023-11-28,189.01580810546875,190.39999389648438,191.0800018310547,189.39999389648438,189.77999877929688,38415400
2023-11-29,187.99330139160156,189.3699951171875,192.08999633789062,188.97000122070312,190.89999389648438,43014200
2023-11-30,188.56907653808594,189.9499969482422,190.32000732421875,188.19000244140625,189.83999633789062,48794400
2023-12-01,189.84971618652344,191.24000549316406,191.55999755859375,189.22999572753906,190.3300018310547,45679300
2023-12-04,188.05287170410156,189.42999267578125,190.0500030517578,187.4499969482422,189.97999572753906,43389500
2023-12-05,192.01385498046875,193.4199981689453,194.39999389648438,190.17999267578125,190.2100067138672,66628400
2023-12-06,190.921875,192.32000732421875,194.75999450683594,192.11000061035156,194.4499969482422,41089700
2023-12-07,192.85768127441406,194.27000427246094,195.0,193.58999633789062,193.6300048828125,47477700
2023-12-08,194.28721618652344,195.7100067138672,195.99000549316406,193.6699981689453,194.1999969482422,53377300
2023-12-11,191.77557373046875,193.17999267578125,193.49000549316406,191.4199981689453,193.11000061035156,60943700
2023-12-12,193.2944793701172,194.7100067138672,194.72000122070312,191.72000122070312,193.0800018310547,52696900
2023-12-13,196.52084350585938,197.9600067138672,198.0,194.85000610351562,195.08999633789062,70404200
2023-12-14,196.66976928710938,198.11000061035156,199.6199951171875,196.16000366210938,198.02000427246094,66831600
2023-12-15,196.13369750976562,197.57000732421875,198.39999389648438,197.0,197.52999877929688,128256700
2023-12-18,194.46588134765625,195.88999938964844,196.6300048828125,194.38999938964844,196.08999633789062,55751900
2023-12-19,195.50827026367188,196.94000244140625,196.9499969482422,195.88999938964844,196.16000366210938,40714100
2023-12-20,193.4136199951172,194.8300018310547,197.67999267578125,194.8300018310547,196.89999389648438,52242800
2023-12-21,193.2646942138672,194.67999267578125,197.0800018310547,193.5,196.10000610351562,46482500
2023-12-22,192.1925506591797,193.60000610351562,195.41000366210938,192.97000122070312,195.17999267578125,37122800
2023-12-26,191.6465606689453,193.0500030517578,193.88999938964844,192.8300018310547,193.61000061035156,28919300
2023-12-27,191.74581909179688,193.14999389648438,193.5,191.08999633789062,192.49000549316406,48087700
2023-12-28,192.17269897460938,193.5800018310547,194.66000366210938,193.1699981689453,194.13999938964844,34049900
2023-12-29,191.13034057617188,192.52999877929688,194.39999389648438,191.72999572753906,193.89999389648438,42628800
