Price,Adj Close,Close,High,Low,Open,Volume
Ticker,AAPL,AAPL,AAPL,AAPL,AAPL,AAPL
Date,,,,,,
2020-01-02,72.53853607177734,75.0875015258789,75.1500015258789,73.79750061035156,74.05999755859375,135480400
2020-01-03,71.8332748413086,74.35749816894531,75.1449966430664,74.125,74.2874984741211,146322800
2020-01-06,72.40567779541016,74.94999694824219,74.98999786376953,73.1875,73.44750213623047,118387200
2020-01-07,72.0651626586914,74.59750366210938,75.2249984741211,74.37000274658203,74.95999908447266,108872000
2020-01-08,73.22441101074219,75.79750061035156,76.11000061035156,74.29000091552734,74.29000091552734,132079200
2020-01-09,74.77974700927734,77.40750122070312,77.60749816894531,76.55000305175781,76.80999755859375,170108400
2020-01-10,74.94881439208984,77.5824966430664,78.1675033569336,77.0625,77.6500015258789,140644800
2020-01-13,76.550048828125,79.23999786376953,79.26750183105469,77.7874984741211,77.91000366210938,121532000
2020-01-14,75.51637268066406,78.16999816894531,79.39250183105469,78.0425033569336,79.17500305175781,161954400
2020-01-15,75.19274139404297,77.83499908447266,78.875,77.38749694824219,77.9625015258789,121923600
2020-01-16,76.13465118408203,78.80999755859375,78.92500305175781,78.02249908447266,78.39749908447266,108829200
2020-01-17,76.97753143310547,79.68250274658203,79.68499755859375,78.75,79.06749725341797,137816400
2020-01-21,76.45584869384766,79.14250183105469,79.75499725341797,79.0,79.29750061035156,110843200
2020-01-22,76.7287826538086,79.42500305175781,79.99749755859375,79.32749938964844,79.6449966430664,101832400
2020-01-23,77.09829711914062,79.80750274658203,79.88999938964844,78.9124984741211,79.4800033569336,104472000
2020-01-24,76.87609100341797,79.57749938964844,80.8324966430664,79.37999725341797,80.0625,146537600
2020-01-27,74.61553192138672,77.23750305175781,77.94249725341797,76.22000122070312,77.51499938964844,161940000
2020-01-28,76.72636413574219,79.42250061035156,79.5999984741211,78.04750061035156,78.1500015258789,162234000
2020-01-29,78.3324203491211,81.08499908447266,81.9625015258789,80.34500122070312,81.11250305175781,216229200
2020-01-30,78.21890258789062,80.96749877929688,81.02249908447266,79.6875,80.13500213623047,126743200
2020-01-31,74.75080108642578,77.37750244140625,80.66999816894531,77.07250213623047,80.23249816894531,199588400
2020-02-03,74.54547882080078,77.16500091552734,78.37249755859375,75.55500030517578,76.07499694824219,173788400
2020-02-04,77.0064926147461,79.7125015258789,79.91000366210938,78.40750122070312,78.82749938964844,136616400
2020-02-05,77.63444519042969,80.36250305175781,81.19000244140625,79.73750305175781,80.87999725341797,118826800
2020-02-06,78.54252624511719,81.30249786376953,81.30500030517578,80.06500244140625,80.64250183105469,105425600
2020-02-07,77.47492218017578,80.00749969482422,80.8499984741211,79.5,80.59249877929688,117684000
2020-02-10,77.84290313720703,80.38749694824219,80.38749694824219,78.4625015258789,78.54499816894531,109348800
2020-02-11,77.37326049804688,79.90249633789062,80.9749984741211,79.67749786376953,80.9000015258789,94323200
2020-02-12,79.21068572998047,81.80000305175781,81.80500030517578,80.36750030517578,80.36750030517578,113730400
2020-02-13,78.64662170410156,81.21749877929688,81.55500030517578,80.8375015258789,81.04750061035156,94747600
2020-02-14,78.6659927368164,81.23750305175781,81.49500274658203,80.7125015258789,81.18499755859375,80113600
2020-02-18,77.22559356689453,79.75,79.9375,78.65249633789062,78.83999633789062,152531200
2020-02-19,78.3440170288086,80.90499877929688,81.14250183105469,80.0,80.0,93984000
2020-02-20,77.540283203125,80.07499694824219,81.1624984741211,79.55249786376953,80.65750122070312,100566000
2020-02-21,75.78516387939453,78.26249694824219,80.11250305175781,77.625,79.65499877929688,129554000
2020-02-24,72.18534088134766,74.54499816894531,76.04499816894531,72.30750274658203,74.31500244140625,222195200
2020-02-25,69.74027252197266,72.0199966430664,75.63249969482422,71.53250122070312,75.23750305175781,230673600
2020-02-26,70.84661102294922,73.1624984741211,74.47000122070312,71.625,71.63249969482422,198054800
2020-02-27,66.21549224853516,68.37999725341797,71.5,68.23999786376953,70.2750015258789,320605600
2020-02-28,66.17675018310547,68.33999633789062,69.60250091552734,64.09249877929688,64.31500244140625,426510000
2020-03-02,72.33784484863281,74.70249938964844,75.36000061035156,69.43000030517578,70.56999969482422,341397200
2020-03-03,70.04044342041016,72.33000183105469,76.0,71.44999694824219,75.9175033569336,319475600
2020-03-04,73.28925323486328,75.68499755859375,75.8499984741211,73.28250122070312,74.11000061035156,219178400
2020-03-05,70.91197204589844,73.2300033569336,74.88749694824219,72.85250091552734,73.87999725341797,187572800
2020-03-06,69.97024536132812,72.25749969482422,72.70500183105469,70.30750274658203,70.5,226176800
2020-03-09,64.43616485595703,66.5425033569336,69.52249908447266,65.75,65.9375,286744800
2020-03-10,69.07695770263672,71.33499908447266,71.61000061035156,67.34249877929688,69.28500366210938,285290000
2020-03-11,66.6778793334961,68.85749816894531,70.30500030517578,67.96499633789062,69.34750366210938,255598800
2020-03-12,60.09312438964844,62.057498931884766,67.5,62.0,63.98500061035156,418474000
2020-03-13,67.29277038574219,69.49250030517578,69.9800033569336,63.23749923706055,66.22250366210938,370732000
2020-03-16,58.635765075683594,60.5525016784668,64.7699966430664,60.0,60.48749923706055,322423600
2020-03-17,61.213985443115234,63.21500015258789,64.40249633789062,59.599998474121094,61.877498626708984,324056000
2020-03-18,59.71546173095703,61.66749954223633,62.5,59.279998779296875,59.942501068115234,300233600
2020-03-19,59.2579231262207,61.19499969482422,63.209999084472656,60.65250015258789,61.84749984741211,271857200
2020-03-20,55.49589920043945,57.310001373291016,62.95750045776367,57.0,61.79499816894531,401693200
2020-03-23,54.31694030761719,56.092498779296875,57.125,53.15250015258789,57.02000045776367,336752800
2020-03-24,59.76630401611328,61.720001220703125,61.92250061035156,58.57500076293945,59.09000015258789,287531200
2020-03-25,59.43707275390625,61.380001068115234,64.5625,61.07500076293945,62.6875,303602000
2020-03-26,62.56481170654297,64.61000061035156,64.66999816894531,61.59000015258789,61.630001068115234,252087200
2020-03-27,59.97450256347656,61.935001373291016,63.967498779296875,61.76250076293945,63.1875,204216800
2020-03-30,61.6860466003418,63.70249938964844,63.880001068115234,62.349998474121094,62.685001373291016,167976400
2020-03-31,61.56016159057617,63.5724983215332,65.62249755859375,63.0,63.900001525878906,197002000
2020-04-01,58.321044921875,60.227500915527344,62.18000030517578,59.782501220703125,61.625,176218400
2020-04-02,59.29423141479492,61.23249816894531,61.287498474121094,59.224998474121094,60.084999084472656,165934000
2020-04-03,58.442100524902344,60.352500915527344,61.42499923706055,59.74250030517578,60.70000076293945,129880000
2020-04-06,63.54042053222656,65.61750030517578,65.77749633789062,62.345001220703125,62.724998474121094,201820400
2020-04-07,62.80448913574219,64.85749816894531,67.92500305175781,64.75,67.69999694824219,202887200
2020-04-08,64.41193389892578,66.51750183105469,66.84249877929688,65.30750274658203,65.68499755859375,168895200
2020-04-09,64.87673950195312,66.99749755859375,67.51750183105469,66.17500305175781,67.17500305175781,161834800
2020-04-13,66.15010833740234,68.3125,68.42500305175781,66.4574966430664,67.07749938964844,131022800
2020-04-14,69.49090576171875,71.76249694824219,72.0625,69.51249694824219,70.0,194994800
2020-04-15,68.85664367675781,71.10749816894531,71.5824966430664,70.15750122070312,70.5999984741211,131154400
2020-04-16,69.40376281738281,71.67250061035156,72.05000305175781,70.5875015258789,71.84500122070312,157125200
2020-04-17,68.46204376220703,70.69999694824219,71.73750305175781,69.21499633789062,71.17250061035156,215250000
2020-04-20,67.04100799560547,69.23249816894531,70.41999816894531,69.2125015258789,69.48750305175781,130015200
2020-04-21,64.96875,67.09249877929688,69.3125,66.35749816894531,69.06999969482422,180991600
2020-04-22,66.84008026123047,69.0250015258789,69.4749984741211,68.05000305175781,68.40249633789062,116862400
2020-04-23,66.58104705810547,68.75749969482422,70.4375,68.71749877929688,68.96749877929688,124814400
2020-04-24,68.50320434570312,70.74250030517578,70.75250244140625,69.25,69.30000305175781,126161200
2020-04-27,68.5516128540039,70.7925033569336,71.13500213623047,69.98750305175781,70.44999694824219,117087600
2020-04-28,67.44044494628906,69.6449966430664,71.4574966430664,69.55000305175781,71.2699966430664,112004800
2020-04-29,69.6555404663086,71.93250274658203,72.4175033569336,70.97250366210938,71.18250274658203,137280800
2020-04-30,71.12500762939453,73.44999694824219,73.63249969482422,72.0875015258789,72.48999786376953,183064000
2020-05-01,69.97993469238281,72.26750183105469,74.75,71.4625015258789,71.5625,240616800
2020-05-04,70.9700698852539,73.29000091552734,73.42250061035156,71.58000183105469,72.2925033569336,133568000
2020-05-05,72.03524780273438,74.38999938964844,75.25,73.61499786376953,73.76499938964844,147751200
2020-05-06,72.77843475341797,75.15750122070312,75.80999755859375,74.71749877929688,75.11499786376953,142333600
2020-05-07,73.53133392333984,75.93499755859375,76.2925033569336,75.49250030517578,75.80500030517578,115215200
2020-05-08,75.28153228759766,77.53250122070312,77.5875015258789,76.07250213623047,76.41000366210938,133838400
2020-05-11,76.46607971191406,78.75250244140625,79.26249694824219,76.80999755859375,77.0250015258789,145946400
2020-05-12,75.59223175048828,77.85250091552734,79.92250061035156,77.72750091552734,79.4574966430664,162301200
2020-05-13,74.67950439453125,76.9124984741211,78.98750305175781,75.80249786376953,78.0374984741211,200622400
2020-05-14,75.13829803466797,77.38500213623047,77.44750213623047,75.38249969482422,76.12750244140625,158929200
2020-05-15,74.69406127929688,76.92749786376953,76.9749984741211,75.05249786376953,75.0875015258789,166348400
2020-05-18,76.4539566040039,78.73999786376953,79.125,77.58000183105469,78.2925033569336,135178400
2020-05-19,76.01216888427734,78.28500366210938,79.62999725341797,78.25250244140625,78.75749969482422,101729600
2020-05-20,77.490478515625,79.80750274658203,79.87999725341797,79.12999725341797,79.16999816894531,111504800
2020-05-21,76.91273498535156,79.2125015258789,80.22250366210938,78.96749877929688,79.66500091552734,102688800
2020-05-22,77.4079360961914,79.72250366210938,79.80750274658203,78.8375015258789,78.94249725341797,81803200
2020-05-26,76.88360595703125,79.18250274658203,81.05999755859375,79.125,80.875,125522000
2020-05-27,77.21858215332031,79.52749633789062,79.67749786376953,78.27249908447266,79.03500366210938,112945200
2020-05-28,77.2525634765625,79.5625,80.86000061035156,78.90750122070312,79.19249725341797,133560800
2020-05-29,77.17731475830078,79.48500061035156,80.2874984741211,79.11750030517578,79.8125,153532400
2020-06-01,78.12644958496094,80.4625015258789,80.5875015258789,79.30249786376953,79.4375,80791200
2020-06-02,78.48812103271484,80.83499908447266,80.86000061035156,79.73249816894531,80.1875,87642800
2020-06-03,78.92020416259766,81.27999877929688,81.55000305175781,80.57499694824219,81.16500091552734,104491200
2020-06-04,78.24052429199219,80.58000183105469,81.40499877929688,80.19499969482422,81.09750366210938,87560400
2020-06-05,80.4688949584961,82.875,82.9375,80.80750274658203,80.8375015258789,137250400
2020-06-08,80.94468688964844,83.36499786376953,83.4000015258789,81.83000183105469,82.5625,95654400
2020-06-09,83.500732421875,85.99749755859375,86.40249633789062,83.00250244140625,83.03500366210938,147712400
2020-06-10,85.64900207519531,88.20999908447266,88.69249725341797,86.52249908447266,86.9749984741211,166651600
2020-06-11,81.53695678710938,83.9749984741211,87.76499938964844,83.87000274658203,87.32749938964844,201662400
2020-06-12,82.24089813232422,84.69999694824219,86.94999694824219,83.55500030517578,86.18000030517578,200146000
2020-06-15,83.25800323486328,85.74749755859375,86.41999816894531,83.1449966430664,83.3125,138808800
2020-06-16,85.46452331542969,88.0199966430664,88.30000305175781,86.18000030517578,87.86499786376953,165428800
2020-06-17,85.3456039428711,87.89749908447266,88.8499984741211,87.77249908447266,88.7874984741211,114406400
2020-06-18,85.37957000732422,87.93250274658203,88.36250305175781,87.30500030517578,87.85250091552734,96820400
2020-06-19,84.89166259765625,87.43000030517578,89.13999938964844,86.2874984741211,88.66000366210938,264476000
2020-06-22,87.11275482177734,89.71749877929688,89.86499786376953,87.7874984741211,87.83499908447266,135445200
2020-06-23,88.97213745117188,91.63249969482422,93.09500122070312,90.56749725341797,91.0,212155600
2020-06-24,87.40160369873047,90.01499938964844,92.19750213623047,89.62999725341797,91.25,192623200
2020-06-25,88.56190490722656,91.20999908447266,91.25,89.39250183105469,90.17500305175781,137522400
2020-06-26,85.84077453613281,88.40750122070312,91.33000183105469,88.25499725341797,91.10250091552734,205256800
2020-06-29,87.81912231445312,90.44499969482422,90.5425033569336,87.81999969482422,88.3125,130646000
2020-06-30,88.55221557617188,91.19999694824219,91.49500274658203,90.0,90.0199966430664,140223200
2020-07-01,88.38471221923828,91.02749633789062,91.83999633789062,90.97750091552734,91.27999877929688,110737200
2020-07-02,88.38471221923828,91.02749633789062,92.61750030517578,90.91000366210938,91.9625015258789,114041600
2020-07-06,90.74900817871094,93.4625015258789,93.94499969482422,92.46749877929688,92.5,118655600
2020-07-07,90.46744537353516,93.17250061035156,94.65499877929688,93.05750274658203,93.85250091552734,112424400
2020-07-08,92.57444763183594,95.34249877929688,95.375,94.08999633789062,94.18000030517578,117092000
2020-07-09,92.97251892089844,95.75250244140625,96.31749725341797,94.67250061035156,96.26249694824219,125642800
2020-07-10,93.13517761230469,95.91999816894531,95.9800033569336,94.70500183105469,95.33499908447266,90257200
2020-07-13,92.70552062988281,95.47750091552734,99.95500183105469,95.25749969482422,97.26499938964844,191649200
2020-07-14,94.2396469116211,97.05750274658203,97.25499725341797,93.87750244140625,94.83999633789062,170989200
2020-07-15,94.88775634765625,97.7249984741211,99.24749755859375,96.48999786376953,98.98999786376953,153198000
2020-07-16,93.7201919555664,96.52249908447266,97.40499877929688,95.90499877929688,96.5625,110577600
2020-07-17,93.53084564208984,96.32749938964844,97.14749908447266,95.83999633789062,96.98750305175781,92186800
2020-07-20,95.50189208984375,98.35749816894531,98.5,96.0625,96.4175033569336,90318000
2020-07-21,94.18379974365234,97.0,99.25,96.74250030517578,99.17250061035156,103433200
2020-07-22,94.44841766357422,97.27249908447266,97.9749984741211,96.60250091552734,96.69249725341797,89001600
2020-07-23,90.14944458007812,92.84500122070312,97.07749938964844,92.01000213623047,96.99749755859375,197004400
2020-07-24,89.92610931396484,92.61499786376953,92.97000122070312,89.1449966430664,90.98750305175781,185438800
2020-07-27,92.05741882324219,94.80999755859375,94.90499877929688,93.4800033569336,93.70999908447266,121214000
2020-07-28,90.54512023925781,93.25250244140625,94.55000305175781,93.24749755859375,94.36750030517578,103625600
2020-07-29,92.28072357177734,95.04000091552734,95.2300033569336,93.7125015258789,93.75,90329200
2020-07-30,93.3973388671875,96.19000244140625,96.29750061035156,93.76750183105469,94.1875,158130000
2020-07-31,103.17496490478516,106.26000213623047,106.41500091552734,100.82499694824219,102.88500213623047,374336800
2020-08-03,105.77473449707031,108.9375,111.63749694824219,107.89250183105469,108.19999694824219,308151200
2020-08-04,106.4811019897461,109.66500091552734,110.79000091552734,108.38749694824219,109.13249969482422,173071600
2020-08-05,106.86705780029297,110.0625,110.39250183105469,108.89749908447266,109.37750244140625,121776800
2020-08-06,110.59556579589844,113.90249633789062,114.4124984741211,109.79750061035156,110.40499877929688,202428800
2020-08-07,108.08111572265625,111.11250305175781,113.67500305175781,110.2925033569336,113.20500183105469,198045600
2020-08-10,109.65203857421875,112.72750091552734,113.7750015258789,110.0,112.5999984741211,212403600
2020-08-11,106.3910140991211,109.375,112.48249816894531,109.10749816894531,111.97000122070312,187902400
2020-08-12,109.92684936523438,113.01000213623047,113.2750015258789,110.29750061035156,110.49749755859375,165598000
2020-08-13,111.8722915649414,115.01000213623047,116.0425033569336,113.92749786376953,114.43000030517578,210082000
2020-08-14,111.77256774902344,114.90750122070312,115.0,113.04499816894531,114.83000183105469,165565200
2020-08-17,111.48075103759766,114.60749816894531,116.0875015258789,113.9625015258789,116.0625,119561600
2020-08-18,112.4096908569336,115.5625,116.0,114.00749969482422,114.35250091552734,105633600
2020-08-19,112.5507583618164,115.7074966430664,117.1624984741211,115.61000061035156,115.98249816894531,145538000
2020-08-20,115.0481948852539,118.2750015258789,118.39250183105469,115.73249816894531,115.75,126907200
2020-08-21,120.97692108154297,124.37000274658203,124.86750030517578,119.25,119.26249694824219,338054800
2020-08-24,122.42382049560547,125.85749816894531,128.78500366210938,123.9375,128.69749450683594,345937600
2020-08-25,121.41948699951172,124.82499694824219,125.18000030517578,123.05249786376953,124.69750213623047,211495600
2020-08-26,123.0706787109375,126.52249908447266,126.99250030517578,125.0824966430664,126.18000030517578,163022400
2020-08-27,121.5994644165039,125.01000213623047,127.48500061035156,123.8324966430664,127.14250183105469,155552400
2020-08-28,121.40248107910156,124.80750274658203,126.44249725341797,124.57749938964844,126.01249694824219,187630000
2020-08-31,125.5195083618164,129.0399932861328,131.0,126.0,127.58000183105469,225702700
2020-09-01,130.5192413330078,134.17999267578125,134.8000030517578,130.52999877929688,132.75999450683594,151948100
2020-09-02,127.81510162353516,131.39999389648438,137.97999572753906,127.0,137.58999633789062,200119000
2020-09-03,117.58212280273438,120.87999725341797,128.83999633789062,120.5,126.91000366210938,257599600
2020-09-04,117.65995025634766,120.95999908447266,123.69999694824219,110.88999938964844,120.06999969482422,332607200
2020-09-08,109.74202728271484,112.81999969482422,118.98999786376953,112.68000030517578,113.94999694824219,231366600
2020-09-09,114.11924743652344,117.31999969482422,119.13999938964844,115.26000213623047,117.26000213623047,176940500
2020-09-10,110.39373779296875,113.48999786376953,120.5,112.5,120.36000061035156,182274400
2020-09-11,108.94438934326172,112.0,115.2300033569336,110.0,114.56999969482422,180860300
2020-09-14,112.21271514892578,115.36000061035156,115.93000030517578,112.80000305175781,114.72000122070312,140150100
2020-09-15,112.38782501220703,115.54000091552734,118.83000183105469,113.61000061035156,118.33000183105469,184642000
2020-09-16,109.07084655761719,112.12999725341797,116.0,112.04000091552734,115.2300033569336,154679000
2020-09-17,107.32966613769531,110.33999633789062,112.19999694824219,108.70999908447266,109.72000122070312,178011000
2020-09-18,103.9251480102539,106.83999633789062,110.87999725341797,106.08999633789062,110.4000015258789,287104900
2020-09-21,107.0767822265625,110.08000183105469,110.19000244140625,103.0999984741211,104.54000091552734,195713800
2020-09-22,108.75957489013672,111.80999755859375,112.86000061035156,109.16000366210938,112.68000030517578,183055400
2020-09-23,104.1975326538086,107.12000274658203,112.11000061035156,106.7699966430664,111.62000274658203,150718700
2020-09-24,105.26751708984375,108.22000122070312,110.25,105.0,105.16999816894531,167743300
2020-09-25,109.21673583984375,112.27999877929688,112.44000244140625,107.66999816894531,108.43000030517578,149981400
2020-09-28,111.82362365722656,114.95999908447266,115.31999969482422,112.77999877929688,115.01000213623047,137672400
2020-09-29,110.97736358642578,114.08999633789062,115.30999755859375,113.56999969482422,114.55000305175781,99382200
2020-09-30,112.65045166015625,115.80999755859375,117.26000213623047,113.62000274658203,113.79000091552734,142675200
2020-10-01,113.60371398925781,116.79000091552734,117.72000122070312,115.83000183105469,117.63999938964844,116120400
2020-10-02,109.93655395507812,113.0199966430664,115.37000274658203,112.22000122070312,112.88999938964844,144712000
2020-10-05,113.32162475585938,116.5,116.6500015258789,113.55000305175781,113.91000366210938,106243800
2020-10-06,110.07276153564453,113.16000366210938,116.12000274658203,112.25,115.69999694824219,161498200
2020-10-07,111.94037628173828,115.08000183105469,115.55000305175781,114.12999725341797,114.62000274658203,96849000
2020-10-08,111.83336639404297,114.97000122070312,116.4000015258789,114.58999633789062,116.25,83477200
2020-10-09,113.7787857055664,116.97000122070312,117.0,114.91999816894531,115.27999877929688,100506900
2020-10-12,121.006103515625,124.4000015258789,125.18000030517578,119.27999877929688,120.05999755859375,240226800
2020-10-13,117.7961196899414,121.0999984741211,125.38999938964844,119.6500015258789,125.2699966430664,262330500
2020-10-14,117.8836669921875,121.19000244140625,123.02999877929688,119.62000274658203,121.0,150712000
2020-10-15,117.41675567626953,120.70999908447266,121.19999694824219,118.1500015258789,118.72000122070312,112559200
2020-10-16,115.77286529541016,119.0199966430664,121.55000305175781,118.80999755859375,121.27999877929688,115393800
2020-10-19,112.8157958984375,115.9800033569336,120.41999816894531,115.66000366210938,119.95999908447266,120639300
2020-10-20,114.3040771484375,117.51000213623047,118.9800033569336,115.62999725341797,116.19999694824219,124423700
2020-10-21,113.6815185546875,116.87000274658203,118.70999908447266,116.44999694824219,116.66999816894531,89946000
2020-10-22,112.59207916259766,115.75,118.04000091552734,114.58999633789062,117.44999694824219,101988000
2020-10-23,111.90144348144531,115.04000091552734,116.55000305175781,114.27999877929688,116.38999938964844,82572600
2020-10-26,111.91120147705078,115.05000305175781,116.55000305175781,112.87999725341797,114.01000213623047,111850700
2020-10-27,113.41888427734375,116.5999984741211,117.27999877929688,114.54000091552734,115.48999786376953,92276800
2020-10-28,108.16621398925781,111.19999694824219,115.43000030517578,111.0999984741211,115.05000305175781,143937800
2020-10-29,112.1738052368164,115.31999969482422,116.93000030517578,112.19999694824219,112.37000274658203,146129200
2020-10-30,105.89004516601562,108.86000061035156,111.98999786376953,107.72000122070312,111.05999755859375,190272600
2020-11-02,105.80252075195312,108.7699966430664,110.68000030517578,107.31999969482422,109.11000061035156,122866900
2020-11-03,107.42693328857422,110.44000244140625,111.48999786376953,108.7300033569336,109.66000366210938,107624400
2020-11-04,111.81390380859375,114.94999694824219,115.58999633789062,112.3499984741211,114.13999938964844,138235500
2020-11-05,115.7825927734375,119.02999877929688,119.62000274658203,116.87000274658203,117.94999694824219,126387100
2020-11-06,115.65105438232422,118.69000244140625,119.19999694824219,116.12999725341797,118.31999969482422,114457900
2020-11-09,113.34173583984375,116.31999969482422,121.98999786376953,116.05000305175781,120.5,154515300
2020-11-10,113.00070190429688,115.97000122070312,117.58999633789062,114.12999725341797,115.55000305175781,138023400
2020-11-11,116.43059539794922,119.48999786376953,119.62999725341797,116.44000244140625,117.19000244140625,112295000
2020-11-12,116.1577377319336,119.20999908447266,120.52999877929688,118.56999969482422,119.62000274658203,103162300
2020-11-13,116.20646667480469,119.26000213623047,119.66999816894531,117.87000274658203,119.44000244140625,81581900
2020-11-16,117.21983337402344,120.30000305175781,120.98999786376953,118.1500015258789,118.91999816894531,91183000
2020-11-17,116.33313751220703,119.38999938964844,120.66999816894531,118.95999908447266,119.55000305175781,74271000
2020-11-18,115.00796508789062,118.02999877929688,119.81999969482422,118.0,118.61000061035156,76322100
2020-11-19,115.60234832763672,118.63999938964844,119.05999755859375,116.80999755859375,117.58999633789062,74113000
2020-11-20,114.33561706542969,117.33999633789062,118.7699966430664,117.29000091552734,118.63999938964844,73604300
2020-11-23,110.93497467041016,113.8499984741211,117.62000274658203,113.75,117.18000030517578,127959300
2020-11-24,112.22117614746094,115.16999816894531,115.8499984741211,112.58999633789062,113.91000366210938,113874200
2020-11-25,113.05917358398438,116.02999877929688,116.75,115.16999816894531,115.55000305175781,76499200
2020-11-27,113.60482025146484,116.58999633789062,117.48999786376953,116.22000122070312,116.56999969482422,46691300
2020-11-30,116.0018539428711,119.05000305175781,120.97000122070312,116.80999755859375,116.97000122070312,169410200
2020-12-01,119.57787322998047,122.72000122070312,123.47000122070312,120.01000213623047,121.01000213623047,127728200
2020-12-02,119.92866516113281,123.08000183105469,123.37000274658203,120.88999938964844,122.0199966430664,89004200
2020-12-03,119.79224395751953,122.94000244140625,123.77999877929688,122.20999908447266,123.5199966430664,78967600
2020-12-04,119.11991882324219,122.25,122.86000061035156,121.5199966430664,122.5999984741211,78260400
2020-12-07,120.5815200805664,123.75,124.56999969482422,122.25,122.30999755859375,86712000
2020-12-08,121.19538116455078,124.37999725341797,124.9800033569336,123.08999633789062,124.37000274658203,82225500
2020-12-09,118.66194915771484,121.77999877929688,125.94999694824219,121.0,124.52999877929688,115089200
2020-12-10,120.0845718383789,123.23999786376953,123.87000274658203,120.1500015258789,120.5,81312200
2020-12-11,119.27580261230469,122.41000366210938,122.76000213623047,120.55000305175781,122.43000030517578,86939800
2020-12-14,118.66194915771484,121.77999877929688,123.3499984741211,121.54000091552734,122.5999984741211,79184500
2020-12-15,124.60575866699219,127.87999725341797,127.9000015258789,124.12999725341797,124.33999633789062,157243700
2020-12-16,124.53754425048828,127.80999755859375,128.3699951171875,126.55999755859375,127.41000366210938,98208600
2020-12-17,125.40477752685547,128.6999969482422,129.5800018310547,128.0399932861328,128.89999389648438,94359800
2020-12-18,123.41700744628906,126.66000366210938,129.10000610351562,126.12000274658203,128.9600067138672,192541500
2020-12-21,124.94680786132812,128.22999572753906,128.30999755859375,123.44999694824219,125.0199966430664,121251600
2020-12-22,128.50331115722656,131.8800048828125,134.41000366210938,129.64999389648438,131.61000061035156,168904800
2020-12-23,127.60688018798828,130.9600067138672,132.42999267578125,130.77999877929688,132.16000366210938,88223700
2020-12-24,128.59103393554688,131.97000122070312,133.4600067138672,131.10000610351562,131.32000732421875,54930100
2020-12-28,133.190185546875,136.69000244140625,137.33999633789062,133.50999450683594,133.99000549316406,124486200
2020-12-29,131.41677856445312,134.8699951171875,138.7899932861328,134.33999633789062,138.0500030517578,121047300
2020-12-30,130.29623413085938,133.72000122070312,135.99000549316406,133.39999389648438,135.5800018310547,96452100
2020-12-31,129.29258728027344,132.69000244140625,134.74000549316406,131.72000122070312,134.0800018310547,99116600
2021-01-04,126.09659576416016,129.41000366210938,133.61000061035156,126.76000213623047,133.52000427246094,143301900
2021-01-05,127.65559387207031,131.00999450683594,131.74000549316406,128.42999267578125,128.88999938964844,97664900
2021-01-06,123.3585205078125,126.5999984741211,131.0500030517578,126.37999725341797,127.72000122070312,155088000
2021-01-07,127.56790924072266,130.9199981689453,131.6300048828125,127.86000061035156,128.36000061035156,109578200
2021-01-08,128.66900634765625,132.0500030517578,132.6300048828125,130.22999572753906,132.42999267578125,105158200
2021-01-11,125.67758178710938,128.97999572753906,130.1699981689453,128.5,129.19000244140625,100384500
2021-01-12,125.5022201538086,128.8000030517578,129.69000244140625,126.86000061035156,128.5,91951100
2021-01-13,127.53870391845703,130.88999938964844,131.4499969482422,128.49000549316406,128.75999450683594,88636800
2021-01-14,125.609375,128.91000366210938,131.0,128.75999450683594,130.8000030517578,90221800
2021-01-15,123.88471221923828,127.13999938964844,130.22000122070312,127.0,128.77999877929688,111598500
2021-01-19,124.55703735351562,127.83000183105469,128.7100067138672,126.94000244140625,127.77999877929688,90757300
2021-01-20,128.64950561523438,132.02999877929688,132.49000549316406,128.5500030517578,128.66000366210938,104319500
2021-01-21,133.36557006835938,136.8699951171875,139.6699981689453,133.58999633789062,133.8000030517578,120150900
2021-01-22,135.50926208496094,139.07000732421875,139.85000610351562,135.02000427246094,136.27999877929688,114459400
2021-01-25,139.26063537597656,142.9199981689453,145.08999633789062,136.5399932861328,143.07000732421875,157611700
2021-01-26,139.4945526123047,143.16000366210938,144.3000030517578,141.3699951171875,143.60000610351562,98390600
2021-01-27,138.4226837158203,142.05999755859375,144.3000030517578,140.41000366210938,143.42999267578125,140843800
2021-01-28,133.57992553710938,137.08999633789062,141.99000549316406,136.6999969482422,139.52000427246094,142621100
2021-01-29,128.5812530517578,131.9600067138672,136.74000549316406,130.2100067138672,135.8300018310547,177523800
2021-02-01,130.7054901123047,134.13999938964844,135.3800048828125,130.92999267578125,133.75,106239800
2021-02-02,131.53370666503906,134.99000549316406,136.30999755859375,134.61000061035156,135.72999572753906,83305400
2021-02-03,130.5106201171875,133.94000244140625,135.77000427246094,133.61000061035156,135.75999450683594,89880900
2021-02-04,133.8722686767578,137.38999938964844,137.39999389648438,134.58999633789062,136.3000030517578,84183100
2021-02-05,133.45753479003906,136.75999450683594,137.4199981689453,135.86000061035156,137.35000610351562,75693800
2021-02-08,133.60389709472656,136.91000366210938,136.9600067138672,134.9199981689453,136.02999877929688,71297200
2021-02-09,132.7256622314453,136.00999450683594,137.8800048828125,135.85000610351562,136.6199951171875,76774200
2021-02-10,132.12059020996094,135.38999938964844,136.99000549316406,134.39999389648438,136.47999572753906,73046600
2021-02-11,131.8668670654297,135.1300048828125,136.38999938964844,133.77000427246094,135.89999389648438,64280000
2021-02-12,132.10110473632812,135.3699951171875,135.52999877929688,133.69000244140625,134.35000610351562,60145100
2021-02-16,129.97373962402344,133.19000244140625,136.00999450683594,132.7899932861328,135.49000549316406,80576300
2021-02-17,127.68046569824219,130.83999633789062,132.22000122070312,129.47000122070312,131.25,97918500
2021-02-18,126.57776641845703,129.7100067138672,130.0,127.41000366210938,129.1999969482422,96856700
2021-02-19,126.7339096069336,129.8699951171875,130.7100067138672,128.8000030517578,130.24000549316406,87668800
2021-02-22,122.95735168457031,126.0,129.72000122070312,125.5999984741211,128.00999450683594,103916400
2021-02-23,122.82075500488281,125.86000061035156,126.70999908447266,118.38999938964844,123.76000213623047,158273000
2021-02-24,122.32303619384766,125.3499984741211,125.55999755859375,122.2300033569336,124.94000244140625,111039900
2021-02-25,118.06832885742188,120.98999786376953,126.45999908447266,120.54000091552734,124.68000030517578,148199500
2021-02-26,118.33181762695312,121.26000213623047,124.8499984741211,121.19999694824219,122.58999633789062,164560400
2021-03-01,124.7041244506836,127.79000091552734,127.93000030517578,122.79000091552734,123.75,116307900
2021-03-02,122.09860229492188,125.12000274658203,128.72000122070312,125.01000213623047,128.41000366210938,102260900
2021-03-03,119.11250305175781,122.05999755859375,125.70999908447266,121.83999633789062,124.80999755859375,112966300
2021-03-04,117.22911071777344,120.12999725341797,123.5999984741211,118.62000274658203,121.75,178155000
2021-03-05,118.48792266845703,121.41999816894531,121.94000244140625,117.56999969482422,120.9800033569336,153766600
2021-03-08,113.5501480102539,116.36000061035156,121.0,116.20999908447266,120.93000030517578,154376600
2021-03-09,118.16590881347656,121.08999633789062,122.05999755859375,118.79000091552734,119.02999877929688,129525800
2021-03-10,117.08273315429688,119.9800033569336,122.16999816894531,119.44999694824219,121.69000244140625,111943300
2021-03-11,119.01492309570312,121.95999908447266,123.20999908447266,121.26000213623047,122.54000091552734,103026500
2021-03-12,118.10736083984375,121.02999877929688,121.16999816894531,119.16000366210938,120.4000015258789,88105100
2021-03-15,120.99588012695312,123.98999786376953,124.0,120.41999816894531,121.41000366210938,92403800
2021-03-16,122.5377426147461,125.56999969482422,127.22000122070312,124.72000122070312,125.69999694824219,115227900
2021-03-17,121.74729919433594,124.76000213623047,125.86000061035156,122.33999633789062,124.05000305175781,111932600
2021-03-18,117.61945343017578,120.52999877929688,123.18000030517578,120.31999969482422,122.87999725341797,121229700
2021-03-19,117.09249114990234,119.98999786376953,121.43000030517578,119.68000030517578,119.9000015258789,185549500
2021-03-22,120.4103775024414,123.38999938964844,123.87000274658203,120.26000213623047,120.33000183105469,111912300
2021-03-23,119.58090209960938,122.54000091552734,124.23999786376953,122.13999938964844,123.33000183105469,95467100
2021-03-24,117.19007110595703,120.08999633789062,122.9000015258789,120.06999969482422,122.81999969482422,88530500
2021-03-25,117.67798614501953,120.58999633789062,121.66000366210938,119.0,119.54000091552734,98844700
2021-03-26,118.28302764892578,121.20999908447266,121.4800033569336,118.91999816894531,120.3499984741211,94071200
2021-03-29,118.45867156982422,121.38999938964844,122.58000183105469,120.7300033569336,121.6500015258789,80819200
2021-03-30,117.0046615600586,119.9000015258789,120.4000015258789,118.86000061035156,120.11000061035156,85671900
2021-03-31,119.2003402709961,122.1500015258789,123.5199966430664,121.1500015258789,121.6500015258789,118323800
2021-04-01,120.0298080444336,123.0,124.18000030517578,122.48999786376953,123.66000366210938,75089100
2021-04-05,122.85977172851562,125.9000015258789,126.16000366210938,123.06999969482422,123.87000274658203,88651200
2021-04-06,123.16227722167969,126.20999908447266,127.12999725341797,125.6500015258789,126.5,80171300
2021-04-07,124.81147003173828,127.9000015258789,127.91999816894531,125.13999938964844,125.83000183105469,83466700
2021-04-08,127.21206665039062,130.36000061035156,130.38999938964844,128.52000427246094,128.9499969482422,88844600
2021-04-09,129.78829956054688,133.0,133.0399932861328,129.47000122070312,129.8000030517578,106686700
2021-04-12,128.07078552246094,131.24000549316406,132.85000610351562,130.6300048828125,132.52000427246094,91420000
2021-04-13,131.1837921142578,134.42999267578125,134.66000366210938,131.92999267578125,132.44000244140625,91266500
2021-04-14,128.84176635742188,132.02999877929688,135.0,131.66000366210938,134.94000244140625,87222800
2021-04-15,131.25209045410156,134.5,135.0,133.63999938964844,133.82000732421875,89347100
2021-04-16,130.92031860351562,134.16000366210938,134.6699981689453,133.27999877929688,134.3000030517578,84922400
2021-04-19,131.5839080810547,134.83999633789062,135.47000122070312,133.33999633789062,133.50999450683594,94264200
2021-04-20,129.89566040039062,133.11000061035156,135.52999877929688,131.80999755859375,135.02000427246094,94812300
2021-04-21,130.27626037597656,133.5,133.75,131.3000030517578,132.36000061035156,68847100
2021-04-22,128.75390625,131.94000244140625,134.14999389648438,131.41000366210938,133.0399932861328,84566500
2021-04-23,131.0764923095703,134.32000732421875,135.1199951171875,132.16000366210938,132.16000366210938,78657500
2021-04-26,131.46676635742188,134.72000122070312,135.05999755859375,133.55999755859375,134.8300018310547,66905100
2021-04-27,131.1447296142578,134.38999938964844,135.41000366210938,134.11000061035156,135.00999450683594,66015800
2021-04-28,130.3543243408203,133.5800018310547,135.02000427246094,133.0800018310547,134.30999755859375,107760100
2021-04-29,130.25668334960938,133.47999572753906,137.07000732421875,132.4499969482422,136.47000122070312,151101000
2021-04-30,128.28550720214844,131.4600067138672,133.55999755859375,131.07000732421875,131.77999877929688,109839500
2021-05-03,129.33944702148438,132.5399932861328,134.07000732421875,131.8300018310547,132.0399932861328,75135100
2021-05-04,124.76268768310547,127.8499984741211,131.49000549316406,126.69999694824219,131.19000244140625,137564700
2021-05-05,125.00663757324219,128.10000610351562,130.4499969482422,127.97000122070312,129.1999969482422,84000900
2021-05-06,126.60704803466797,129.74000549316406,129.75,127.12999725341797,127.88999938964844,78128300
2021-05-07,127.28155517578125,130.2100067138672,131.25999450683594,129.47999572753906,130.85000610351562,78973300
2021-05-10,123.99710083007812,126.8499984741211,129.5399932861328,126.80999755859375,129.41000366210938,88071200
2021-05-11,123.07823944091797,125.91000366210938,126.2699966430664,122.7699966430664,123.5,126142800
2021-05-12,120.00884246826172,122.7699966430664,124.63999938964844,122.25,123.4000015258789,112172300
2021-05-13,122.15939331054688,124.97000122070312,126.1500015258789,124.26000213623047,124.58000183105469,105861300
2021-05-14,124.5835952758789,127.44999694824219,127.88999938964844,125.8499984741211,126.25,81918000
2021-05-17,123.43013000488281,126.2699966430664,126.93000030517578,125.16999816894531,126.81999969482422,74244600
2021-05-18,122.04206848144531,124.8499984741211,126.98999786376953,124.77999877929688,126.55999755859375,63342900
2021-05-19,121.88567352294922,124.69000244140625,124.91999816894531,122.86000061035156,123.16000366210938,92612000
2021-05-20,124.44673919677734,127.30999755859375,127.72000122070312,125.0999984741211,125.2300033569336,76857100
2021-05-21,122.6090316772461,125.43000030517578,128.0,125.20999908447266,127.81999969482422,79295400
2021-05-24,124.24146270751953,127.0999984741211,127.94000244140625,125.94000244140625,126.01000213623047,63092900
2021-05-25,124.04595947265625,126.9000015258789,128.32000732421875,126.31999969482422,127.81999969482422,72009500
2021-05-26,123.99710083007812,126.8499984741211,127.38999938964844,126.41999816894531,126.95999908447266,56575900
2021-05-27,122.46239471435547,125.27999877929688,127.63999938964844,125.08000183105469,126.44000244140625,94625600
2021-05-28,121.80747985839844,124.61000061035156,125.80000305175781,124.55000305175781,125.56999969482422,71311100
2021-06-01,121.48489379882812,124.27999877929688,125.3499984741211,123.94000244140625,125.08000183105469,67637100
2021-06-02,122.24734497070312,125.05999755859375,125.23999786376953,124.05000305175781,124.27999877929688,59278900
2021-06-03,120.76154327392578,123.54000091552734,124.8499984741211,123.12999725341797,124.68000030517578,76229200
2021-06-04,123.05867004394531,125.88999938964844,126.16000366210938,123.8499984741211,124.06999969482422,75169300
2021-06-07,123.06845092773438,125.9000015258789,126.31999969482422,124.83000183105469,126.16999816894531,71057600
2021-06-08,123.88957214355469,126.73999786376953,128.4600067138672,126.20999908447266,126.5999984741211,74403800
2021-06-09,124.27079010009766,127.12999725341797,127.75,126.5199966430664,127.20999908447266,56877900
2021-06-10,123.27374267578125,126.11000061035156,128.19000244140625,125.94000244140625,127.0199966430664,71186400
2021-06-11,124.48585510253906,127.3499984741211,127.44000244140625,126.0999984741211,126.52999877929688,53522400
2021-06-14,127.54545593261719,130.47999572753906,130.5399932861328,127.06999969482422,127.81999969482422,96906500
2021-06-15,126.72435760498047,129.63999938964844,130.60000610351562,129.38999938964844,129.94000244140625,62746300
2021-06-16,127.22283935546875,130.14999389648438,130.88999938964844,128.4600067138672,130.3699951171875,91815000
2021-06-17,128.8259735107422,131.7899932861328,132.5500030517578,129.64999389648438,129.8000030517578,96721700
2021-06-18,127.5259017944336,130.4600067138672,131.50999450683594,130.24000549316406,130.7100067138672,108953300
2021-06-21,129.3245391845703,132.3000030517578,132.41000366210938,129.2100067138672,130.3000030517578,79663300
2021-06-22,130.96673583984375,133.97999572753906,134.0800018310547,131.6199951171875,132.1300048828125,74783600
2021-06-23,130.69305419921875,133.6999969482422,134.32000732421875,133.22999572753906,133.77000427246094,60214200
2021-06-24,130.40953063964844,133.41000366210938,134.63999938964844,132.92999267578125,134.4499969482422,68711000
2021-06-25,130.11630249023438,133.11000061035156,133.88999938964844,132.80999755859375,133.4600067138672,70783700
2021-06-28,131.7487335205078,134.77999877929688,135.25,133.35000610351562,133.41000366210938,62111300
2021-06-29,133.26385498046875,136.3300018310547,136.49000549316406,134.35000610351562,134.8000030517578,64556100
2021-06-30,133.8797149658203,136.9600067138672,137.41000366210938,135.8699951171875,136.1699981689453,63261400
2021-07-01,134.18275451660156,137.27000427246094,137.3300018310547,135.75999450683594,136.60000610351562,52485800
2021-07-02,136.81222534179688,139.9600067138672,140.0,137.75,137.89999389648438,78852600
2021-07-06,138.825927734375,142.02000427246094,143.14999389648438,140.07000732421875,140.07000732421875,108181800
2021-07-07,141.31857299804688,144.57000732421875,144.88999938964844,142.66000366210938,143.5399932861328,104911600
2021-07-08,140.0184783935547,143.24000549316406,144.05999755859375,140.6699981689453,141.5800018310547,105575500
2021-07-09,141.84640502929688,145.11000061035156,145.64999389648438,142.64999389648438,142.75,99890800
2021-07-12,141.25015258789062,144.5,146.32000732421875,144.0,146.2100067138672,76299700
2021-07-13,142.36448669433594,145.63999938964844,147.4600067138672,143.6300048828125,144.02999877929688,100827100
2021-07-14,145.79554748535156,149.14999389648438,149.57000732421875,147.67999267578125,148.10000610351562,127050800
2021-07-15,145.14064025878906,148.47999572753906,150.0,147.08999633789062,149.24000549316406,106820300
2021-07-16,143.09762573242188,146.38999938964844,149.75999450683594,145.8800048828125,148.4600067138672,93251400
2021-07-19,139.24623107910156,142.4499969482422,144.07000732421875,141.6699981689453,143.75,121434600
2021-07-20,142.8630828857422,146.14999389648438,147.10000610351562,142.9600067138672,143.4600067138672,96350000
2021-07-21,142.12989807128906,145.39999389648438,146.1300048828125,144.6300048828125,145.52999877929688,74993500
2021-07-22,143.49839782714844,146.8000030517578,148.1999969482422,145.80999755859375,145.94000244140625,77338200
2021-07-23,145.2188262939453,148.55999755859375,148.72000122070312,146.9199981689453,147.5500030517578,71447400
2021-07-26,145.63914489746094,148.99000549316406,149.8300018310547,147.6999969482422,148.27000427246094,72434100
2021-07-27,143.46908569335938,146.77000427246094,149.2100067138672,145.5500030517578,149.1199951171875,104818600
2021-07-28,141.71932983398438,144.97999572753906,146.97000122070312,142.5399932861328,144.80999755859375,118931200
2021-07-29,142.36448669433594,145.63999938964844,146.5500030517578,144.5800018310547,144.69000244140625,56699500
2021-07-30,142.57952880859375,145.86000061035156,146.3300018310547,144.11000061035156,144.3800048828125,70440600
2021-08-02,142.24720764160156,145.52000427246094,146.9499969482422,145.25,146.36000061035156,62880000
2021-08-03,144.0458221435547,147.36000061035156,148.0399932861328,145.17999267578125,145.80999755859375,64786600
2021-08-04,143.64505004882812,146.9499969482422,147.7899932861328,146.27999877929688,147.27000427246094,56368300
2021-08-05,143.7525634765625,147.05999755859375,147.83999633789062,146.1699981689453,146.97999572753906,46397700
2021-08-06,143.06727600097656,146.13999938964844,147.11000061035156,145.6300048828125,146.35000610351562,54126800
2021-08-09,143.0183563232422,146.08999633789062,146.6999969482422,145.52000427246094,146.1999969482422,48908700
2021-08-10,142.53863525390625,145.60000610351562,147.7100067138672,145.3000030517578,146.44000244140625,69023100
2021-08-11,142.7931671142578,145.86000061035156,146.72000122070312,145.52999877929688,146.0500030517578,48493500
2021-08-12,145.75946044921875,148.88999938964844,149.0500030517578,145.83999633789062,146.19000244140625,72282600
2021-08-13,145.9650421142578,149.10000610351562,149.44000244140625,148.27000427246094,148.97000122070312,59375000
2021-08-16,147.94253540039062,151.1199951171875,151.19000244140625,146.47000122070312,148.5399932861328,103296000
2021-08-17,147.03211975097656,150.19000244140625,151.67999267578125,149.08999633789062,150.22999572753906,92229700
2021-08-18,143.2826690673828,146.36000061035156,150.72000122070312,146.14999389648438,149.8000030517578,86326000
2021-08-19,143.615478515625,146.6999969482422,148.0,144.5,145.02999877929688,86960300
2021-08-20,145.07418823242188,148.19000244140625,148.5,146.77999877929688,147.44000244140625,60549600
2021-08-23,146.56222534179688,149.7100067138672,150.19000244140625,147.88999938964844,148.30999755859375,60131800
2021-08-24,146.47412109375,149.6199951171875,150.86000061035156,149.14999389648438,149.4499969482422,48606400
2021-08-25,145.24061584472656,148.36000061035156,150.32000732421875,147.8000030517578,149.80999755859375,58991300
2021-08-26,144.43785095214844,147.5399932861328,149.1199951171875,147.50999450683594,148.35000610351562,48597200
2021-08-27,145.47557067871094,148.60000610351562,148.75,146.8300018310547,147.47999572753906,55802400
2021-08-30,149.90049743652344,153.1199951171875,153.49000549316406,148.61000061035156,149.0,90956700
2021-08-31,148.63763427734375,151.8300018310547,152.8000030517578,151.2899932861328,152.66000366210938,86453100
2021-09-01,149.30332946777344,152.50999450683594,154.97999572753906,152.33999633789062,152.8300018310547,80313700
2021-09-02,150.4193572998047,153.64999389648438,154.72000122070312,152.39999389648438,153.8699951171875,71115500
2021-09-03,151.05569458007812,154.3000030517578,154.6300048828125,153.08999633789062,153.75999450683594,57808700
2021-09-07,153.39544677734375,156.69000244140625,157.25999450683594,154.38999938964844,154.97000122070312,82278300
2021-09-08,151.84866333007812,155.11000061035156,157.0399932861328,153.97999572753906,156.97999572753906,74420200
2021-09-09,150.83056640625,154.07000732421875,156.11000061035156,153.9499969482422,155.49000549316406,57305700
2021-09-10,145.83778381347656,148.97000122070312,155.47999572753906,148.6999969482422,155.0,140893200
2021-09-13,146.40562438964844,149.5500030517578,151.4199981689453,148.75,150.6300048828125,102404300
2021-09-14,145.00564575195312,148.1199951171875,151.07000732421875,146.91000366210938,150.35000610351562,109296300
2021-09-15,145.89649963378906,149.02999877929688,149.44000244140625,146.3699951171875,148.55999755859375,83281300
2021-09-16,145.6615447998047,148.7899932861328,148.97000122070312,147.22000122070312,148.44000244140625,68034100
2021-09-17,142.9889373779297,146.05999755859375,148.82000732421875,145.75999450683594,148.82000732421875,129868800
2021-09-20,139.93458557128906,142.94000244140625,144.83999633789062,141.27000427246094,143.8000030517578,123478900
2021-09-21,140.41427612304688,143.42999267578125,144.60000610351562,142.77999877929688,143.92999267578125,75834000
2021-09-22,142.7833709716797,145.85000610351562,146.42999267578125,143.6999969482422,144.4499969482422,76404300
2021-09-23,143.74278259277344,146.8300018310547,147.0800018310547,145.63999938964844,146.64999389648438,64838200
2021-09-24,143.83090209960938,146.9199981689453,147.47000122070312,145.55999755859375,145.66000366210938,53477900
2021-09-27,142.31346130371094,145.3699951171875,145.9600067138672,143.82000732421875,145.47000122070312,74150700
2021-09-28,138.92620849609375,141.91000366210938,144.75,141.69000244140625,143.25,108972300
2021-09-29,139.82687377929688,142.8300018310547,144.4499969482422,142.02999877929688,142.47000122070312,74602000
2021-09-30,138.5248260498047,141.5,144.3800048828125,141.27999877929688,143.66000366210938,89056700
2021-10-01,139.65065002441406,142.64999389648438,142.9199981689453,139.11000061035156,141.89999389648438,94639600
2021-10-04,136.21446228027344,139.13999938964844,142.2100067138672,138.27000427246094,141.75999450683594,98322000
2021-10-05,138.14303588867188,141.11000061035156,142.24000549316406,139.36000061035156,139.49000549316406,80861100
2021-10-06,139.0143585205078,142.0,142.14999389648438,138.3699951171875,139.47000122070312,83221100
2021-10-07,140.2771759033203,143.2899932861328,144.22000122070312,142.72000122070312,143.05999755859375,61732700
2021-10-08,139.89537048339844,142.89999389648438,144.17999267578125,142.55999755859375,144.02999877929688,58773200
2021-10-11,139.80728149414062,142.80999755859375,144.80999755859375,141.80999755859375,142.27000427246094,64452200
2021-10-12,138.53460693359375,141.50999450683594,143.25,141.0399932861328,143.22999572753906,73035900
2021-10-13,137.94723510742188,140.91000366210938,141.39999389648438,139.1999969482422,141.24000549316406,78762700
2021-10-14,140.7373046875,143.75999450683594,143.8800048828125,141.50999450683594,142.11000061035156,69907100
2021-10-15,141.7946319580078,144.83999633789062,144.89999389648438,143.50999450683594,143.77000427246094,67940300
2021-10-18,143.46865844726562,146.5500030517578,146.83999633789062,143.16000366210938,143.4499969482422,85589200
2021-10-19,145.6322021484375,148.75999450683594,149.1699981689453,146.5500030517578,147.00999450683594,76378900
2021-10-20,146.12167358398438,149.25999450683594,149.75,148.1199951171875,148.6999969482422,58418800
2021-10-21,146.33706665039062,149.47999572753906,149.63999938964844,147.8699951171875,148.80999755859375,61421000
2021-10-22,145.5636749267578,148.69000244140625,150.17999267578125,148.63999938964844,149.69000244140625,58883400
2021-10-25,145.51470947265625,148.63999938964844,149.3699951171875,147.6199951171875,148.67999267578125,50720600
2021-10-26,146.180419921875,149.32000732421875,150.83999633789062,149.00999450683594,149.3300018310547,60893400
2021-10-27,145.72030639648438,148.85000610351562,149.72999572753906,148.49000549316406,149.36000061035156,56094900
2021-10-28,149.3621063232422,152.57000732421875,153.1699981689453,149.72000122070312,149.82000732421875,100077900
2021-10-29,146.65036010742188,149.8000030517578,149.94000244140625,146.41000366210938,147.22000122070312,124953200
2021-11-01,145.82797241210938,148.9600067138672,149.6999969482422,147.8000030517578,148.99000549316406,74588300
2021-11-02,146.86572265625,150.02000427246094,151.57000732421875,148.64999389648438,148.66000366210938,69122000
2021-11-03,148.3048095703125,151.49000549316406,151.97000122070312,149.82000732421875,150.38999938964844,54511500
2021-11-04,147.78590393066406,150.9600067138672,152.42999267578125,150.63999938964844,151.5800018310547,60394600
2021-11-05,148.31536865234375,151.27999877929688,152.1999969482422,150.05999755859375,151.88999938964844,65463900
2021-11-08,147.4918212890625,150.44000244140625,151.57000732421875,150.16000366210938,151.41000366210938,55020900
2021-11-09,147.8545684814453,150.80999755859375,151.42999267578125,150.05999755859375,150.1999969482422,56787900
2021-11-10,145.0211944580078,147.9199981689453,150.1300048828125,147.85000610351562,150.02000427246094,65187100
2021-11-11,144.97215270996094,147.8699951171875,149.42999267578125,147.67999267578125,148.9600067138672,41000000
2021-11-12,147.0506591796875,149.99000549316406,150.39999389648438,147.47999572753906,148.42999267578125,63804000
2021-11-15,147.06044006347656,150.0,151.8800048828125,149.42999267578125,150.3699951171875,59222800
2021-11-16,148.0408477783203,151.0,151.49000549316406,149.33999633789062,149.94000244140625,59256200
2021-11-17,150.48207092285156,153.49000549316406,155.0,150.99000549316406,151.0,88807000
2021-11-18,154.77621459960938,157.8699951171875,158.6699981689453,153.0500030517578,153.7100067138672,137827700
2021-11-19,157.40370178222656,160.5500030517578,161.02000427246094,156.52999877929688,157.64999389648438,117305600
2021-11-22,157.86451721191406,161.02000427246094,165.6999969482422,161.0,161.67999267578125,117467900
2021-11-23,158.246826171875,161.41000366210938,161.8000030517578,159.05999755859375,161.1199951171875,96041900
2021-11-24,158.76646423339844,161.94000244140625,162.13999938964844,159.63999938964844,160.75,69463600
2021-11-26,153.73695373535156,156.80999755859375,160.4499969482422,156.36000061035156,159.57000732421875,76959800
2021-11-29,157.0997772216797,160.24000549316406,161.19000244140625,158.7899932861328,159.3699951171875,88748200
2021-11-30,162.0606231689453,165.3000030517578,165.52000427246094,159.9199981689453,159.99000549316406,174048100
2021-12-01,161.541015625,164.77000427246094,170.3000030517578,164.52999877929688,167.47999572753906,152052500
2021-12-02,160.55078125,163.75999450683594,164.1999969482422,157.8000030517578,158.74000549316406,136739200
2021-12-03,158.6684112548828,161.83999633789062,164.9600067138672,159.72000122070312,164.02000427246094,118023100
2021-12-06,162.08023071289062,165.32000732421875,167.8800048828125,164.27999877929688,164.2899932861328,107497000
2021-12-07,167.8253631591797,171.17999267578125,171.5800018310547,168.33999633789062,169.0800018310547,120405400
2021-12-08,171.64892578125,175.0800018310547,175.9600067138672,170.6999969482422,172.1300048828125,116998900
2021-12-09,171.13912963867188,174.55999755859375,176.75,173.9199981689453,174.91000366210938,108923700
2021-12-10,175.9333038330078,179.4499969482422,179.6300048828125,174.69000244140625,175.2100067138672,115402700
2021-12-13,172.29600524902344,175.74000549316406,182.1300048828125,175.52999877929688,181.1199951171875,153237000
2021-12-14,170.91360473632812,174.3300018310547,177.74000549316406,172.2100067138672,175.25,139380400
2021-12-15,175.7862091064453,179.3000030517578,179.5,172.30999755859375,175.11000061035156,131063300
2021-12-16,168.8842010498047,172.25999450683594,181.13999938964844,170.75,179.27999877929688,150185800
2021-12-17,167.7861328125,171.13999938964844,173.47000122070312,169.69000244140625,169.92999267578125,195432700
2021-12-20,166.42340087890625,169.75,170.5800018310547,167.4600067138672,168.27999877929688,107499100
2021-12-21,169.59991455078125,172.99000549316406,173.1999969482422,169.1199951171875,171.55999755859375,91185900
2021-12-22,172.19793701171875,175.63999938964844,175.86000061035156,172.14999389648438,173.0399932861328,92135300
2021-12-23,172.82540893554688,176.27999877929688,176.85000610351562,175.27000427246094,175.85000610351562,68356600
2021-12-27,176.7960662841797,180.3300018310547,180.4199981689453,177.07000732421875,177.08999633789062,74919600
2021-12-28,175.77642822265625,179.2899932861328,181.3300018310547,178.52999877929688,180.16000366210938,79144300
2021-12-29,175.8646697998047,179.3800048828125,180.6300048828125,178.13999938964844,179.3300018310547,62348900
2021-12-30,174.707763671875,178.1999969482422,180.57000732421875,178.08999633789062,179.47000122070312,59773000
2021-12-31,174.0901336669922,177.57000732421875,179.22999572753906,177.25999450683594,178.08999633789062,64062300
2022-01-03,178.44314575195312,182.00999450683594,182.8800048828125,177.7100067138672,177.8300018310547,104487900
2022-01-04,176.1784210205078,179.6999969482422,182.94000244140625,179.1199951171875,182.6300048828125,99310400
2022-01-05,171.49209594726562,174.9199981689453,180.1699981689453,174.63999938964844,179.61000061035156,94537600
2022-01-06,168.62928771972656,172.0,175.3000030517578,171.63999938964844,172.6999969482422,96904000
2022-01-07,168.79595947265625,172.1699981689453,174.13999938964844,171.02999877929688,172.88999938964844,86709100
2022-01-10,168.81558227539062,172.19000244140625,172.5,168.1699981689453,169.0800018310547,106765600
2022-01-11,171.64892578125,175.0800018310547,175.17999267578125,170.82000732421875,172.32000732421875,76138300
2022-01-12,172.09010314941406,175.52999877929688,177.17999267578125,174.82000732421875,176.1199951171875,74805200
2022-01-13,168.81558227539062,172.19000244140625,176.6199951171875,171.7899932861328,175.77999877929688,84505800
2022-01-14,169.67832946777344,173.07000732421875,173.77999877929688,171.08999633789062,171.33999633789062,80440800
2022-01-18,166.47242736816406,169.8000030517578,172.5399932861328,169.41000366210938,171.50999450683594,90956700
2022-01-19,162.97238159179688,166.22999572753906,171.0800018310547,165.94000244140625,170.0,94815000
2022-01-20,161.2860565185547,164.50999450683594,169.67999267578125,164.17999267578125,166.97999572753906,91420500
2022-01-21,159.22723388671875,162.41000366210938,166.3300018310547,162.3000030517578,164.4199981689453,122848900
2022-01-24,158.45272827148438,161.6199951171875,162.3000030517578,154.6999969482422,160.02000427246094,162294600
2022-01-25,156.6487579345703,159.77999877929688,162.75999450683594,157.02000427246094,158.97999572753906,115798400
2022-01-26,156.560546875,159.69000244140625,164.38999938964844,157.82000732421875,163.5,108275300
2022-01-27,156.09976196289062,159.22000122070312,163.83999633789062,158.27999877929688,162.4499969482422,121954600
2022-01-28,166.9920196533203,170.3300018310547,170.35000610351562,162.8000030517578,165.7100067138672,179935700
2022-01-31,171.35479736328125,174.77999877929688,175.0,169.50999450683594,170.16000366210938,115541600
2022-02-01,171.18814086914062,174.61000061035156,174.83999633789062,172.30999755859375,174.00999450683594,86213900
2022-02-02,172.39402770996094,175.83999633789062,175.8800048828125,173.3300018310547,174.75,84914300
2022-02-03,169.51165771484375,172.89999389648438,176.24000549316406,172.1199951171875,174.47999572753906,89418100
2022-02-04,169.22698974609375,172.38999938964844,174.10000610351562,170.67999267578125,171.67999267578125,82465400
2022-02-07,168.51036071777344,171.66000366210938,173.9499969482422,170.9499969482422,172.86000061035156,77251200
2022-02-08,171.62222290039062,174.8300018310547,175.35000610351562,171.42999267578125,171.72999572753906,74829200
2022-02-09,173.04559326171875,176.27999877929688,176.64999389648438,174.89999389648438,176.0500030517578,71285000
2022-02-10,168.96192932128906,172.1199951171875,175.47999572753906,171.5500030517578,174.13999938964844,90865900
2022-02-11,165.54580688476562,168.63999938964844,173.0800018310547,168.0399932861328,172.3300018310547,98670700
2022-02-14,165.78140258789062,168.8800048828125,169.5800018310547,166.55999755859375,167.3699951171875,86185500
2022-02-15,169.61962890625,172.7899932861328,172.9499969482422,170.25,170.97000122070312,62527400
2022-02-16,169.38404846191406,172.5500030517578,173.33999633789062,170.0500030517578,171.85000610351562,61177400
2022-02-17,165.78140258789062,168.8800048828125,171.91000366210938,168.47000122070312,171.02999877929688,69589300
2022-02-18,164.23036193847656,167.3000030517578,170.5399932861328,166.19000244140625,169.82000732421875,82772700
2022-02-22,161.30506896972656,164.32000732421875,166.69000244140625,162.14999389648438,164.97999572753906,91162800
2022-02-23,157.133056640625,160.07000732421875,166.14999389648438,159.75,165.5399932861328,90009200
2022-02-24,159.7540283203125,162.74000549316406,162.85000610351562,152.0,152.5800018310547,141147500
2022-02-25,161.82534790039062,164.85000610351562,165.1199951171875,160.8699951171875,163.83999633789062,91974200
2022-02-28,162.09039306640625,165.1199951171875,165.4199981689453,162.42999267578125,163.05999755859375,95056600
2022-03-01,160.20559692382812,163.1999969482422,166.60000610351562,161.97000122070312,164.6999969482422,83474400
2022-03-02,163.5039520263672,166.55999755859375,167.36000061035156,162.9499969482422,164.38999938964844,79724800
2022-03-03,163.18002319335938,166.22999572753906,168.91000366210938,165.5500030517578,168.47000122070312,76678400
2022-03-04,160.1761474609375,163.1699981689453,165.5500030517578,162.10000610351562,164.49000549316406,83737200
2022-03-07,156.37716674804688,159.3000030517578,165.02000427246094,159.0399932861328,163.36000061035156,96418800
2022-03-08,154.55126953125,157.44000244140625,162.8800048828125,155.8000030517578,158.82000732421875,131148300
2022-03-09,159.96017456054688,162.9499969482422,163.41000366210938,159.41000366210938,161.47999572753906,91454900
2022-03-10,155.61146545410156,158.52000427246094,160.38999938964844,155.97999572753906,160.1999969482422,105342000
2022-03-11,151.89100646972656,154.72999572753906,159.27999877929688,154.5,158.92999267578125,96970100
2022-03-14,147.8563995361328,150.6199951171875,154.1199951171875,150.10000610351562,151.4499969482422,108732100
2022-03-15,152.24441528320312,155.08999633789062,155.57000732421875,150.3800048828125,150.89999389648438,92964300
2022-03-16,156.6618194580078,159.58999633789062,160.0,154.4600067138672,157.0500030517578,102300200
2022-03-17,157.67294311523438,160.6199951171875,161.0,157.6300048828125,158.61000061035156,75615400
2022-03-18,160.97128295898438,163.97999572753906,164.47999572753906,159.75999450683594,160.50999450683594,123511700
2022-03-21,162.34561157226562,165.3800048828125,166.35000610351562,163.00999450683594,163.50999450683594,95811400
2022-03-22,165.72250366210938,168.82000732421875,169.4199981689453,164.91000366210938,165.50999450683594,81532000
2022-03-23,167.08700561523438,170.2100067138672,172.63999938964844,167.64999389648438,167.99000549316406,98062700
2022-03-24,170.87619018554688,174.07000732421875,174.13999938964844,170.2100067138672,171.05999755859375,90131400
2022-03-25,171.5142364501953,174.72000122070312,175.27999877929688,172.75,173.8800048828125,80546200
2022-03-28,172.37808227539062,175.60000610351562,175.72999572753906,172.0,172.1699981689453,90371900
2022-03-29,175.67645263671875,178.9600067138672,179.00999450683594,176.33999633789062,176.69000244140625,100589400
2022-03-30,174.50830078125,177.77000427246094,179.61000061035156,176.6999969482422,178.5500030517578,92633200
2022-03-31,171.40625,174.61000061035156,178.02999877929688,174.39999389648438,177.83999633789062,103049300
2022-04-01,171.1117706298828,174.30999755859375,174.8800048828125,171.94000244140625,174.02999877929688,78751300
2022-04-04,175.16598510742188,178.44000244140625,178.49000549316406,174.44000244140625,174.57000732421875,76468400
2022-04-05,171.8480224609375,175.05999755859375,178.3000030517578,174.4199981689453,177.5,73401800
2022-04-06,168.67727661132812,171.8300018310547,173.6300048828125,170.1300048828125,172.36000061035156,89058800
2022-04-07,168.9815673828125,172.13999938964844,173.36000061035156,169.85000610351562,171.16000366210938,77594700
2022-04-08,166.9691925048828,170.08999633789062,171.77999877929688,169.1999969482422,171.77999877929688,76575500
2022-04-11,162.7088165283203,165.75,169.02999877929688,165.5,168.7100067138672,72246700
2022-04-12,164.58377075195312,167.66000366210938,169.8699951171875,166.63999938964844,168.02000427246094,79265200
2022-04-13,167.27349853515625,170.39999389648438,171.0399932861328,166.77000427246094,167.38999938964844,70618900
2022-04-14,162.2572479248047,165.2899932861328,171.27000427246094,165.0399932861328,170.6199951171875,75329400
2022-04-18,162.04129028320312,165.07000732421875,166.60000610351562,163.57000732421875,163.9199981689453,69023900
2022-04-19,164.32852172851562,167.39999389648438,167.82000732421875,163.91000366210938,165.02000427246094,67723800
2022-04-20,164.16165161132812,167.22999572753906,168.8800048828125,166.10000610351562,168.75999450683594,67929800
2022-04-21,163.36651611328125,166.4199981689453,171.52999877929688,165.91000366210938,168.91000366210938,87227800
2022-04-22,158.82142639160156,161.7899932861328,167.8699951171875,161.5,166.4600067138672,84882400
2022-04-25,159.8914794921875,162.8800048828125,163.1699981689453,158.4600067138672,161.1199951171875,96046400
2022-04-26,153.9230499267578,156.8000030517578,162.33999633789062,156.72000122070312,162.25,95623200
2022-04-27,153.697265625,156.57000732421875,159.7899932861328,155.3800048828125,155.91000366210938,88063200
2022-04-28,160.6375274658203,163.63999938964844,164.52000427246094,158.92999267578125,159.25,130216800
2022-04-29,154.7574005126953,157.64999389648438,166.1999969482422,157.25,161.83999633789062,131747600
2022-05-02,155.061767578125,157.9600067138672,158.22999572753906,153.27000427246094,156.7100067138672,123055300
2022-05-03,156.5538787841797,159.47999572753906,160.7100067138672,156.32000732421875,158.14999389648438,88966500
2022-05-04,162.973876953125,166.02000427246094,166.47999572753906,159.25999450683594,159.6699981689453,108256500
2022-05-05,153.89356994628906,156.77000427246094,164.0800018310547,154.9499969482422,163.85000610351562,130525300
2022-05-06,154.62109375,157.27999877929688,159.44000244140625,154.17999267578125,156.00999450683594,116124600
2022-05-09,149.4893341064453,152.05999755859375,155.8300018310547,151.49000549316406,154.92999267578125,131577900
2022-05-10,151.89788818359375,154.50999450683594,156.74000549316406,152.92999267578125,155.52000427246094,115366700
2022-05-11,144.02333068847656,146.5,155.4499969482422,145.80999755859375,153.5,142689800
2022-05-12,140.14990234375,142.55999755859375,146.1999969482422,138.8000030517578,142.77000427246094,182602000
2022-05-13,144.62301635742188,147.11000061035156,148.10000610351562,143.11000061035156,144.58999633789062,113990900
2022-05-16,143.07955932617188,145.5399932861328,147.52000427246094,144.17999267578125,145.5500030517578,86643800
2022-05-17,146.717041015625,149.24000549316406,149.77000427246094,146.67999267578125,148.86000061035156,78336300
2022-05-18,138.4393310546875,140.82000732421875,147.36000061035156,139.89999389648438,146.85000610351562,109742900
2022-05-19,135.02801513671875,137.35000610351562,141.66000366210938,136.60000610351562,139.8800048828125,136095600
2022-05-20,135.26394653320312,137.58999633789062,140.6999969482422,132.61000061035156,139.08999633789062,137426100
2022-05-23,140.69064331054688,143.11000061035156,143.25999450683594,137.64999389648438,137.7899932861328,117726300
2022-05-24,137.98715209960938,140.36000061035156,141.97000122070312,137.3300018310547,140.80999755859375,104132700
2022-05-25,138.14442443847656,140.52000427246094,141.7899932861328,138.33999633789062,138.42999267578125,92482700
2022-05-26,141.34930419921875,143.77999877929688,144.33999633789062,137.13999938964844,137.38999938964844,90601500
2022-05-27,147.11021423339844,149.63999938964844,149.67999267578125,145.25999450683594,145.38999938964844,90978500
2022-05-31,146.32376098632812,148.83999633789062,150.66000366210938,146.83999633789062,149.07000732421875,103718400
2022-06-01,146.19595336914062,148.7100067138672,151.74000549316406,147.67999267578125,149.89999389648438,74286600
2022-06-02,148.6536865234375,151.2100067138672,151.27000427246094,146.86000061035156,147.8300018310547,72348100
2022-06-03,142.9222412109375,145.3800048828125,147.97000122070312,144.4600067138672,146.89999389648438,88570300
2022-06-06,143.66941833496094,146.13999938964844,148.57000732421875,144.89999389648438,147.02999877929688,71598400
2022-06-07,146.19595336914062,148.7100067138672,149.0,144.10000610351562,144.35000610351562,67808200
2022-06-08,145.4586639404297,147.9600067138672,149.8699951171875,147.4600067138672,148.5800018310547,53950200
2022-06-09,140.22860717773438,142.63999938964844,147.9499969482422,142.52999877929688,147.0800018310547,69473000
2022-06-10,134.81173706054688,137.1300048828125,140.75999450683594,137.05999755859375,140.27999877929688,91437900
2022-06-13,129.6504669189453,131.8800048828125,135.1999969482422,131.44000244140625,132.8699951171875,122207100
2022-06-14,130.51560974121094,132.75999450683594,133.88999938964844,131.47999572753906,133.1300048828125,84784300
2022-06-15,133.1404571533203,135.42999267578125,137.33999633789062,132.16000366210938,134.2899932861328,91533000
2022-06-16,127.8612289428711,130.05999755859375,132.38999938964844,129.0399932861328,132.0800018310547,108123900
2022-06-17,129.3358612060547,131.55999755859375,133.0800018310547,129.80999755859375,130.07000732421875,134520300
2022-06-21,133.57302856445312,135.8699951171875,137.05999755859375,133.32000732421875,133.4199981689453,81000500
2022-06-22,133.0618438720703,135.35000610351562,137.75999450683594,133.91000366210938,134.7899932861328,73409200
2022-06-23,135.93247985839844,138.27000427246094,138.58999633789062,135.6300048828125,136.82000732421875,72433800
2022-06-24,139.26515197753906,141.66000366210938,141.91000366210938,139.77000427246094,139.89999389648438,89116800
2022-06-27,139.26515197753906,141.66000366210938,143.49000549316406,140.97000122070312,142.6999969482422,70207900
2022-06-28,135.11647033691406,137.44000244140625,143.4199981689453,137.32000732421875,142.1300048828125,67083400
2022-06-29,136.87623596191406,139.22999572753906,140.6699981689453,136.6699981689453,137.4600067138672,66242400
2022-06-30,134.40866088867188,136.72000122070312,138.3699951171875,133.77000427246094,137.25,98964500
2022-07-01,136.5812530517578,138.92999267578125,139.0399932861328,135.66000366210938,136.0399932861328,71051600
2022-07-05,139.1668243408203,141.55999755859375,141.61000061035156,136.92999267578125,137.77000427246094,73353800
2022-07-06,140.5038299560547,142.9199981689453,144.1199951171875,141.0800018310547,141.35000610351562,74064300
2022-07-07,143.8758544921875,146.35000610351562,146.5500030517578,143.27999877929688,143.2899932861328,66253700
2022-07-08,144.55416870117188,147.0399932861328,147.5500030517578,145.0,145.25999450683594,64547800
2022-07-11,142.42088317871094,144.8699951171875,146.63999938964844,143.77999877929688,145.6699981689453,63141600
2022-07-12,143.3941192626953,145.86000061035156,148.4499969482422,145.0500030517578,145.75999450683594,77588800
2022-07-13,143.0303955078125,145.49000549316406,146.4499969482422,142.1199951171875,142.99000549316406,71185600
2022-07-14,145.9600067138672,148.47000122070312,148.9499969482422,143.25,144.0800018310547,78140700
2022-07-15,147.6312713623047,150.1699981689453,150.86000061035156,148.1999969482422,149.77999877929688,76259900
2022-07-18,144.58367919921875,147.07000732421875,151.57000732421875,146.6999969482422,150.74000549316406,81420900
2022-07-19,148.44723510742188,151.0,151.22999572753906,146.91000366210938,147.9199981689453,82982400
2022-07-20,150.45274353027344,153.0399932861328,153.72000122070312,150.3699951171875,151.1199951171875,64823400
2022-07-21,152.72369384765625,155.35000610351562,155.57000732421875,151.94000244140625,154.5,65086600
2022-07-22,151.48501586914062,154.08999633789062,156.27999877929688,153.41000366210938,155.38999938964844,66675400
2022-07-25,150.36428833007812,152.9499969482422,155.0399932861328,152.27999877929688,154.00999450683594,53623900
2022-07-26,149.037109375,151.60000610351562,153.08999633789062,150.8000030517578,152.25999450683594,55138700
2022-07-27,154.13934326171875,156.7899932861328,157.3300018310547,152.16000366210938,152.5800018310547,78620700
2022-07-28,154.68988037109375,157.35000610351562,157.63999938964844,154.41000366210938,156.97999572753906,81378700
2022-07-29,159.76266479492188,162.50999450683594,163.6300048828125,159.5,161.24000549316406,101786900
2022-08-01,158.77952575683594,161.50999450683594,163.58999633789062,160.88999938964844,161.00999450683594,67829400
2022-08-02,157.30491638183594,160.00999450683594,162.41000366210938,159.6300048828125,160.10000610351562,59907000
2022-08-03,163.32147216796875,166.1300048828125,166.58999633789062,160.75,160.83999633789062,82507500
2022-08-04,163.00686645507812,165.80999755859375,167.19000244140625,164.42999267578125,166.00999450683594,55474100
2022-08-05,162.78045654296875,165.35000610351562,165.85000610351562,163.0,163.2100067138672,56697000
2022-08-08,162.3079071044922,164.8699951171875,167.80999755859375,164.1999969482422,166.3699951171875,60276900
2022-08-09,162.3571319580078,164.9199981689453,165.82000732421875,163.25,164.02000427246094,63135500
2022-08-10,166.61000061035156,169.24000549316406,169.33999633789062,166.89999389648438,167.67999267578125,70170500
2022-08-11,165.87167358398438,168.49000549316406,170.99000549316406,168.19000244140625,170.05999755859375,57149200
2022-08-12,169.42555236816406,172.10000610351562,172.1699981689453,169.39999389648438,169.82000732421875,68039400
2022-08-15,170.49862670898438,173.19000244140625,173.38999938964844,171.35000610351562,171.52000427246094,54091700
2022-08-16,170.34107971191406,173.02999877929688,173.7100067138672,171.66000366210938,172.77999877929688,56377100
2022-08-17,171.8374786376953,174.5500030517578,176.14999389648438,172.57000732421875,172.77000427246094,79542000
2022-08-18,171.44366455078125,174.14999389648438,174.89999389648438,173.1199951171875,173.75,62290100
2022-08-19,168.85455322265625,171.52000427246094,173.74000549316406,171.30999755859375,173.02999877929688,70346300
2022-08-22,164.9659423828125,167.57000732421875,169.86000061035156,167.13999938964844,169.69000244140625,69026800
2022-08-23,164.6312255859375,167.22999572753906,168.7100067138672,166.64999389648438,167.0800018310547,54147100
2022-08-24,164.92657470703125,167.52999877929688,168.11000061035156,166.25,167.32000732421875,53841500
2022-08-25,167.38771057128906,170.02999877929688,170.13999938964844,168.35000610351562,168.77999877929688,51218200
2022-08-26,161.0773162841797,163.6199951171875,171.0500030517578,163.55999755859375,170.57000732421875,78961000
2022-08-29,158.87216186523438,161.3800048828125,162.89999389648438,159.82000732421875,161.14999389648438,73314000
2022-08-30,156.44052124023438,158.91000366210938,162.55999755859375,157.72000122070312,162.1300048828125,77906200
2022-08-31,154.7767791748047,157.22000122070312,160.5800018310547,157.13999938964844,160.30999755859375,87991100
2022-09-01,155.50527954101562,157.9600067138672,158.4199981689453,154.6699981689453,156.63999938964844,74229900
2022-09-02,153.38868713378906,155.80999755859375,160.36000061035156,154.97000122070312,159.75,76957800
2022-09-06,152.1285858154297,154.52999877929688,157.08999633789062,153.69000244140625,156.47000122070312,73714800
2022-09-07,153.53636169433594,155.9600067138672,156.6699981689453,153.61000061035156,154.82000732421875,87449600
2022-09-08,152.0596923828125,154.4600067138672,156.36000061035156,152.67999267578125,154.63999938964844,84923800
2022-09-09,154.92445373535156,157.3699951171875,157.82000732421875,154.75,155.47000122070312,68028800
2022-09-12,160.8902587890625,163.42999267578125,164.25999450683594,159.3000030517578,159.58999633789062,104956000
2022-09-13,151.4492950439453,153.83999633789062,160.5399932861328,153.3699951171875,159.89999389648438,122656600
2022-09-14,152.89645385742188,155.30999755859375,157.10000610351562,153.61000061035156,154.7899932861328,87965400
2022-09-15,150.0021514892578,152.3699951171875,155.24000549316406,151.3800048828125,154.64999389648438,90481100
2022-09-16,148.35809326171875,150.6999969482422,151.35000610351562,148.3699951171875,151.2100067138672,162278800
2022-09-19,152.07933044433594,154.47999572753906,154.55999755859375,149.10000610351562,149.30999755859375,81474200
2022-09-20,154.46176147460938,156.89999389648438,158.0800018310547,153.0800018310547,153.39999389648438,107689800
2022-09-21,151.3311767578125,153.72000122070312,158.74000549316406,153.60000610351562,157.33999633789062,101696800
2022-09-22,150.3664093017578,152.74000549316406,154.47000122070312,150.91000366210938,152.3800048828125,86652500
2022-09-23,148.09231567382812,150.42999267578125,151.47000122070312,148.55999755859375,151.19000244140625,96029900
2022-09-26,148.42701721191406,150.77000427246094,153.77000427246094,149.63999938964844,149.66000366210938,93339400
2022-09-27,149.401611328125,151.75999450683594,154.72000122070312,149.9499969482422,152.74000549316406,84442700
2022-09-28,147.51144409179688,149.83999633789062,150.63999938964844,144.83999633789062,147.63999938964844,146691400
2022-09-29,140.26583862304688,142.47999572753906,146.72000122070312,140.67999267578125,146.10000610351562,128138200
2022-09-30,136.05233764648438,138.1999969482422,143.10000610351562,138.0,141.27999877929688,124925300
2022-10-03,140.23631286621094,142.4499969482422,143.07000732421875,137.69000244140625,138.2100067138672,114311700
2022-10-04,143.82958984375,146.10000610351562,146.22000122070312,144.25999450683594,145.02999877929688,87830100
2022-10-05,144.12490844726562,146.39999389648438,147.3800048828125,143.00999450683594,144.07000732421875,79471000
2022-10-06,143.1699981689453,145.42999267578125,147.5399932861328,145.22000122070312,145.80999755859375,68402200
2022-10-07,137.9129638671875,140.08999633789062,143.10000610351562,139.4499969482422,142.5399932861328,85925600
2022-10-10,138.2378387451172,140.4199981689453,141.88999938964844,138.57000732421875,140.4199981689453,74899000
2022-10-11,136.8202362060547,138.97999572753906,141.35000610351562,138.22000122070312,139.89999389648438,77033700
2022-10-12,136.19017028808594,138.33999633789062,140.36000061035156,138.16000366210938,139.1300048828125,70433700
2022-10-13,140.76792907714844,142.99000549316406,143.58999633789062,134.3699951171875,134.99000549316406,113224000
2022-10-14,136.22958374023438,138.3800048828125,144.52000427246094,138.19000244140625,144.30999755859375,88598000
2022-10-17,140.19692993164062,142.41000366210938,142.89999389648438,140.27000427246094,141.07000732421875,85250900
2022-10-18,141.51609802246094,143.75,146.6999969482422,140.61000061035156,145.49000549316406,99136600
2022-10-19,141.62442016601562,143.86000061035156,144.9499969482422,141.5,141.69000244140625,61758300
2022-10-20,141.16171264648438,143.38999938964844,145.88999938964844,142.64999389648438,143.02000427246094,64522000
2022-10-21,144.98143005371094,147.27000427246094,147.85000610351562,142.64999389648438,142.8699951171875,86548600
2022-10-24,147.1275177001953,149.4499969482422,150.22999572753906,146.0,147.19000244140625,75981900
2022-10-25,149.9726104736328,152.33999633789062,152.49000549316406,149.36000061035156,150.08999633789062,74732300
2022-10-26,147.02908325195312,149.35000610351562,151.99000549316406,148.0399932861328,150.9600067138672,88194300
2022-10-27,142.54977416992188,144.8000030517578,149.0500030517578,144.1300048828125,148.07000732421875,109180200
2022-10-28,153.3197784423828,155.74000549316406,157.5,147.82000732421875,148.1999969482422,164762400
2022-10-31,150.9570770263672,153.33999633789062,154.24000549316406,151.9199981689453,153.16000366210938,97943200
2022-11-01,148.30889892578125,150.64999389648438,155.4499969482422,149.1300048828125,155.0800018310547,80379300
2022-11-02,142.77621459960938,145.02999877929688,152.1699981689453,145.0,148.9499969482422,93604600
2022-11-03,136.7218017578125,138.8800048828125,142.8000030517578,138.75,142.05999755859375,97918500
2022-11-04,136.45553588867188,138.3800048828125,142.6699981689453,134.3800048828125,142.08999633789062,140814800
2022-11-07,136.98805236816406,138.9199981689453,139.14999389648438,135.6699981689453,137.11000061035156,83374600
2022-11-08,137.55996704101562,139.5,141.42999267578125,137.49000549316406,140.41000366210938,89908500
2022-11-09,132.99435424804688,134.8699951171875,138.5500030517578,134.58999633789062,138.5,74917800
2022-11-10,144.82749938964844,146.8699951171875,146.8699951171875,139.5,141.24000549316406,118854000
2022-11-11,147.61813354492188,149.6999969482422,150.00999450683594,144.3699951171875,145.82000732421875,93979700
2022-11-14,146.21783447265625,148.27999877929688,150.27999877929688,147.42999267578125,148.97000122070312,73374100
2022-11-15,147.95339965820312,150.0399932861328,153.58999633789062,148.55999755859375,152.22000122070312,89868300
2022-11-16,146.72073364257812,148.7899932861328,149.8699951171875,147.2899932861328,149.1300048828125,64218300
2022-11-17,148.62393188476562,150.72000122070312,151.47999572753906,146.14999389648438,146.42999267578125,80389400
2022-11-18,149.18600463867188,151.2899932861328,152.6999969482422,149.97000122070312,152.30999755859375,74829600
2022-11-21,145.95162963867188,148.00999450683594,150.3699951171875,147.72000122070312,150.16000366210938,58724100
2022-11-22,148.0914764404297,150.17999267578125,150.4199981689453,146.92999267578125,148.1300048828125,51804100
2022-11-23,148.96905517578125,151.07000732421875,151.8300018310547,149.33999633789062,149.4499969482422,58301400
2022-11-25,146.0502166748047,148.11000061035156,148.8800048828125,147.1199951171875,148.30999755859375,35195900
2022-11-28,142.21434020996094,144.22000122070312,146.63999938964844,143.3800048828125,145.13999938964844,69246000
2022-11-29,139.20675659179688,141.1699981689453,144.80999755859375,140.35000610351562,144.2899932861328,83763800
2022-11-30,145.97134399414062,148.02999877929688,148.72000122070312,140.5500030517578,141.39999389648438,111380900
2022-12-01,146.24745178222656,148.30999755859375,149.1300048828125,146.61000061035156,148.2100067138672,71250400
2022-12-02,145.75439453125,147.80999755859375,148.0,145.64999389648438,145.9600067138672,65447400
2022-12-05,144.5908203125,146.6300048828125,150.9199981689453,145.77000427246094,147.77000427246094,68826400
2022-12-06,140.92254638671875,142.91000366210938,147.3000030517578,141.9199981689453,147.07000732421875,64727200
2022-12-07,138.97996520996094,140.94000244140625,143.3699951171875,140.0,142.19000244140625,69721100
2022-12-08,140.66615295410156,142.64999389648438,143.52000427246094,141.10000610351562,142.36000061035156,62128300
2022-12-09,140.18296813964844,142.16000366210938,145.57000732421875,140.89999389648438,142.33999633789062,76097000
2022-12-12,142.48057556152344,144.49000549316406,144.5,141.05999755859375,142.6999969482422,70462700
2022-12-13,143.4469451904297,145.47000122070312,149.97000122070312,144.24000549316406,149.5,93886200
2022-12-14,141.21836853027344,143.2100067138672,146.66000366210938,141.16000366210938,145.35000610351562,82291200
2022-12-15,134.60169982910156,136.5,141.8000030517578,136.02999877929688,141.11000061035156,98931900
2022-12-16,132.6393585205078,134.50999450683594,137.64999389648438,133.72999572753906,136.69000244140625,160156900
2022-12-19,130.5291290283203,132.3699951171875,135.1999969482422,131.32000732421875,135.11000061035156,79592600
2022-12-20,130.46011352539062,132.3000030517578,133.25,129.88999938964844,131.38999938964844,77432800
2022-12-21,133.5662841796875,135.4499969482422,136.80999755859375,132.75,132.97999572753906,85928000
2022-12-22,130.3910675048828,132.22999572753906,134.55999755859375,130.3000030517578,134.35000610351562,77852100
2022-12-23,130.02622985839844,131.86000061035156,132.4199981689453,129.63999938964844,130.9199981689453,63814900
2022-12-27,128.22166442871094,130.02999877929688,131.41000366210938,128.72000122070312,131.3800048828125,69007800
2022-12-28,124.28715515136719,126.04000091552734,131.02999877929688,125.87000274658203,129.6699981689453,85438400
2022-12-29,127.8074951171875,129.61000061035156,130.47999572753906,127.7300033569336,127.98999786376953,75703700
2022-12-30,128.123046875,129.92999267578125,129.9499969482422,127.43000030517578,128.41000366210938,77034200
2023-01-03,123.33065032958984,125.06999969482422,130.89999389648438,124.16999816894531,130.27999877929688,112117500
2023-01-04,124.60270690917969,126.36000061035156,128.66000366210938,125.08000183105469,126.88999938964844,89113600
2023-01-05,123.28134155273438,125.0199966430664,127.7699966430664,124.76000213623047,127.12999725341797,80962700
2023-01-06,127.8173599243164,129.6199951171875,130.2899932861328,124.88999938964844,126.01000213623047,87754700
2023-01-09,128.33998107910156,130.14999389648438,133.41000366210938,129.88999938964844,130.47000122070312,70790800
2023-01-10,128.91192626953125,130.72999572753906,131.25999450683594,128.1199951171875,130.25999450683594,63896200
2023-01-11,131.63356018066406,133.49000549316406,133.50999450683594,130.4600067138672,131.25,69458900
2023-01-12,131.55467224121094,133.41000366210938,134.25999450683594,131.44000244140625,133.8800048828125,71379600
2023-01-13,132.88587951660156,134.75999450683594,134.9199981689453,131.66000366210938,132.02999877929688,57809700
2023-01-17,134.04946899414062,135.94000244140625,137.2899932861328,134.1300048828125,134.8300018310547,63646600
2023-01-18,133.32965087890625,135.2100067138672,138.61000061035156,135.02999877929688,136.82000732421875,69672800
2023-01-19,133.38877868652344,135.27000427246094,136.25,133.77000427246094,134.0800018310547,58280400
2023-01-20,135.95263671875,137.8699951171875,138.02000427246094,134.22000122070312,135.27999877929688,80223600
2023-01-23,139.1475830078125,141.11000061035156,143.32000732421875,137.89999389648438,138.1199951171875,81760300
2023-01-24,140.54783630371094,142.52999877929688,143.16000366210938,140.3000030517578,140.30999755859375,66435100
2023-01-25,139.88714599609375,141.86000061035156,142.42999267578125,138.80999755859375,140.88999938964844,65799300
2023-01-26,141.95797729492188,143.9600067138672,144.25,141.89999389648438,143.1699981689453,54105100
2023-01-27,143.90054321289062,145.92999267578125,147.22999572753906,143.0800018310547,143.16000366210938,70555800
2023-01-30,141.01129150390625,143.0,145.5500030517578,142.85000610351562,144.9600067138672,64015300
2023-01-31,142.28335571289062,144.2899932861328,144.33999633789062,142.27999877929688,142.6999969482422,65874500
2023-02-01,143.40748596191406,145.42999267578125,146.61000061035156,141.32000732421875,143.97000122070312,77663600
2023-02-02,148.7225341796875,150.82000732421875,151.17999267578125,148.1699981689453,148.89999389648438,118339000
2023-02-03,152.35134887695312,154.5,157.3800048828125,147.8300018310547,148.02999877929688,154357300
2023-02-06,149.619873046875,151.72999572753906,153.10000610351562,150.77999877929688,152.57000732421875,69858300
2023-02-07,152.49929809570312,154.64999389648438,155.22999572753906,150.63999938964844,150.63999938964844,83322600
2023-02-08,149.80723571777344,151.9199981689453,154.5800018310547,151.1699981689453,153.8800048828125,64120100
2023-02-09,148.7718505859375,150.8699951171875,154.3300018310547,150.4199981689453,153.77999877929688,56007100
2023-02-10,149.13723754882812,151.00999450683594,151.33999633789062,149.22000122070312,149.4600067138672,57450700
2023-02-13,151.94204711914062,153.85000610351562,154.25999450683594,150.9199981689453,150.9499969482422,62199000
2023-02-14,151.3000946044922,153.1999969482422,153.77000427246094,150.86000061035156,152.1199951171875,61707600
2023-02-15,153.4036865234375,155.3300018310547,155.5,152.8800048828125,153.11000061035156,65573800
2023-02-16,151.8037872314453,153.7100067138672,156.3300018310547,153.35000610351562,153.50999450683594,68167900
2023-02-17,150.65814208984375,152.5500030517578,153.0,150.85000610351562,152.35000610351562,59144100
2023-02-21,146.6386260986328,148.47999572753906,151.3000030517578,148.41000366210938,150.1999969482422,58867200
2023-02-22,147.06332397460938,148.91000366210938,149.9499969482422,147.16000366210938,148.8699951171875,51011300
2023-02-23,147.54721069335938,149.39999389648438,150.33999633789062,147.24000549316406,150.08999633789062,48394200
2023-02-24,144.89059448242188,146.7100067138672,147.19000244140625,145.72000122070312,147.11000061035156,55469600
2023-02-27,146.08555603027344,147.9199981689453,149.1699981689453,147.4499969482422,147.7100067138672,44998500
2023-02-28,145.58192443847656,147.41000366210938,149.0800018310547,146.8300018310547,147.0500030517578,50547000
2023-03-01,143.50794982910156,145.30999755859375,147.22999572753906,145.00999450683594,146.8300018310547,55479000
2023-03-02,144.10049438476562,145.91000366210938,146.7100067138672,143.89999389648438,144.3800048828125,52238100
2023-03-03,149.1570281982422,151.02999877929688,151.11000061035156,147.3300018310547,148.0399932861328,70732300
2023-03-06,151.9222869873047,153.8300018310547,156.3000030517578,153.4600067138672,153.7899932861328,87558000
2023-03-07,149.71994018554688,151.60000610351562,154.02999877929688,151.1300048828125,153.6999969482422,56182000
2023-03-08,150.97418212890625,152.8699951171875,153.47000122070312,151.8300018310547,152.80999755859375,47204800
2023-03-09,148.72244262695312,150.58999633789062,154.5399932861328,150.22999572753906,153.55999755859375,53833600
2023-03-10,146.6584014892578,148.5,150.94000244140625,147.61000061035156,150.2100067138672,68572400
2023-03-13,148.60397338867188,150.47000122070312,153.13999938964844,147.6999969482422,147.80999755859375,84457100
2023-03-14,150.6976776123047,152.58999633789062,153.39999389648438,150.10000610351562,151.27999877929688,73695900
2023-03-15,151.0927276611328,152.99000549316406,153.25,149.9199981689453,151.19000244140625,77167900
2023-03-16,153.917236328125,155.85000610351562,156.4600067138672,151.63999938964844,152.16000366210938,76161100
2023-03-17,153.07778930664062,155.0,156.74000549316406,154.27999877929688,156.0800018310547,98944600
2023-03-20,155.44802856445312,157.39999389648438,157.82000732421875,154.14999389648438,155.07000732421875,73641400
2023-03-21,157.30470275878906,159.27999877929688,159.39999389648438,156.5399932861328,157.32000732421875,73938300
2023-03-22,155.87271118164062,157.8300018310547,162.13999938964844,157.80999755859375,159.3000030517578,75701800
2023-03-23,156.9590301513672,158.92999267578125,161.5500030517578,157.67999267578125,158.8300018310547,67622100
2023-03-24,158.26266479492188,160.25,160.33999633789062,157.85000610351562,158.86000061035156,59196500
2023-03-27,156.31707763671875,158.27999877929688,160.77000427246094,157.8699951171875,159.94000244140625,52390300
2023-03-28,155.69491577148438,157.64999389648438,158.49000549316406,155.97999572753906,157.97000122070312,45992200
2023-03-29,158.77622985839844,160.77000427246094,161.0500030517578,159.35000610351562,159.3699951171875,51305700
2023-03-30,160.3465118408203,162.36000061035156,162.47000122070312,161.27000427246094,161.52999877929688,49501700
2023-03-31,162.85498046875,164.89999389648438,165.0,161.91000366210938,162.44000244140625,68749800
2023-04-03,164.10923767089844,166.1699981689453,166.2899932861328,164.22000122070312,164.27000427246094,56976200
2023-04-04,163.57595825195312,165.6300048828125,166.83999633789062,165.11000061035156,166.60000610351562,46278300
2023-04-05,161.7291259765625,163.75999450683594,165.0500030517578,161.8000030517578,164.74000549316406,51511700
2023-04-06,162.61798095703125,164.66000366210938,164.9600067138672,162.0,162.42999267578125,45390100
2023-04-10,160.02059936523438,162.02999877929688,162.02999877929688,160.0800018310547,161.4199981689453,47716900
2023-04-11,158.80587768554688,160.8000030517578,162.36000061035156,160.50999450683594,162.35000610351562,47644200
2023-04-12,158.11451721191406,160.10000610351562,162.05999755859375,159.77999877929688,161.22000122070312,50133100
2023-04-13,163.50682067871094,165.55999755859375,165.8000030517578,161.4199981689453,161.6300048828125,68445600
2023-04-14,163.16114807128906,165.2100067138672,166.32000732421875,163.82000732421875,164.58999633789062,49386500
2023-04-17,163.180908203125,165.22999572753906,165.38999938964844,164.02999877929688,165.08999633789062,41516200
2023-04-18,164.40553283691406,166.47000122070312,167.41000366210938,165.64999389648438,166.10000610351562,49923000
2023-04-19,165.55116271972656,167.6300048828125,168.16000366210938,165.5399932861328,165.8000030517578,47720200
2023-04-20,164.58328247070312,166.64999389648438,167.8699951171875,165.55999755859375,166.08999633789062,52456400
2023-04-21,162.97354125976562,165.02000427246094,166.4499969482422,164.49000549316406,165.0500030517578,58337300
2023-04-24,163.27969360351562,165.3300018310547,165.60000610351562,163.88999938964844,165.0,41949600
2023-04-25,161.73899841308594,163.77000427246094,166.30999755859375,163.72999572753906,165.19000244140625,48714100
2023-04-26,161.7291259765625,163.75999450683594,165.27999877929688,162.8000030517578,163.05999755859375,45498800
2023-04-27,166.32150268554688,168.41000366210938,168.55999755859375,165.19000244140625,165.19000244140625,64902300
2023-04-28,167.57571411132812,169.67999267578125,169.85000610351562,167.8800048828125,168.49000549316406,55275900
2023-05-01,167.48684692382812,169.58999633789062,170.4499969482422,168.63999938964844,169.27999877929688,52472900
2023-05-02,166.44984436035156,168.5399932861328,170.35000610351562,167.5399932861328,170.08999633789062,48425700
2023-05-03,165.37338256835938,167.4499969482422,170.9199981689453,167.16000366210938,169.5,65136000
2023-05-04,163.73394775390625,165.7899932861328,167.0399932861328,164.30999755859375,164.88999938964844,81235400
2023-05-05,171.41749572753906,173.57000732421875,174.3000030517578,170.75999450683594,170.97999572753906,113453200
2023-05-08,171.34837341308594,173.5,173.85000610351562,172.11000061035156,172.47999572753906,55962800
2023-05-09,169.6398162841797,171.77000427246094,173.5399932861328,171.60000610351562,173.0500030517578,45326900
2023-05-10,171.40760803222656,173.55999755859375,174.02999877929688,171.89999389648438,173.02000427246094,53724500
2023-05-11,171.5952606201172,173.75,174.58999633789062,172.1699981689453,173.85000610351562,49514700
2023-05-12,170.66561889648438,172.57000732421875,174.05999755859375,171.0,173.6199951171875,45533100
2023-05-15,170.171142578125,172.07000732421875,173.2100067138672,171.47000122070312,173.16000366210938,37266700
2023-05-16,170.171142578125,172.07000732421875,173.13999938964844,171.8000030517578,171.99000549316406,42110300
2023-05-17,170.78428649902344,172.69000244140625,172.92999267578125,170.4199981689453,171.7100067138672,57951600
2023-05-18,173.11825561523438,175.0500030517578,175.24000549316406,172.5800018310547,173.0,65496700
2023-05-19,173.22703552246094,175.16000366210938,176.38999938964844,174.94000244140625,176.38999938964844,55809500
2023-05-22,172.2776336669922,174.1999969482422,174.7100067138672,173.4499969482422,173.97999572753906,43570900
2023-05-23,169.66676330566406,171.55999755859375,173.3800048828125,171.27999877929688,173.1300048828125,50747300
2023-05-24,169.94366455078125,171.83999633789062,172.4199981689453,170.52000427246094,171.08999633789062,45143500
2023-05-25,171.08099365234375,172.99000549316406,173.89999389648438,171.69000244140625,172.41000366210938,56058300
2023-05-26,173.4940643310547,175.42999267578125,175.77000427246094,173.11000061035156,173.32000732421875,54835000
2023-05-30,175.34344482421875,177.3000030517578,178.99000549316406,176.57000732421875,176.9600067138672,55964400
2023-05-31,175.29397583007812,177.25,179.35000610351562,176.75999450683594,177.3300018310547,99625300
2023-06-01,178.10263061523438,180.08999633789062,180.1199951171875,176.92999267578125,177.6999969482422,68901800
2023-06-02,178.953125,180.9499969482422,181.77999877929688,179.25999450683594,181.02999877929688,61996900
2023-06-05,177.5982666015625,179.5800018310547,184.9499969482422,178.0399932861328,182.6300048828125,121946500
2023-06-06,177.2323455810547,179.2100067138672,180.1199951171875,177.42999267578125,179.97000122070312,64848400
2023-06-07,175.85769653320312,177.82000732421875,181.2100067138672,177.32000732421875,178.44000244140625,61944600
2023-06-08,178.5773468017578,180.57000732421875,180.83999633789062,177.4600067138672,177.89999389648438,50214900
2023-06-09,178.96304321289062,180.9600067138672,182.22999572753906,180.6300048828125,181.5,48900000
2023-06-12,181.76181030273438,183.7899932861328,183.88999938964844,180.97000122070312,181.27000427246094,54274900
2023-06-13,181.28709411621094,183.30999755859375,184.14999389648438,182.44000244140625,182.8000030517578,54929100
2023-06-14,181.9200439453125,183.9499969482422,184.38999938964844,182.02000427246094,183.3699951171875,57462900
2023-06-15,183.95729064941406,186.00999450683594,186.52000427246094,183.77999877929688,183.9600067138672,65433200
2023-06-16,182.8793487548828,184.9199981689453,186.99000549316406,184.27000427246094,186.72999572753906,101256200
2023-06-20,182.96832275390625,185.00999450683594,186.10000610351562,184.41000366210938,184.41000366210938,49799100
2023-06-21,181.929931640625,183.9600067138672,185.41000366210938,182.58999633789062,184.89999389648438,49515700
2023-06-22,184.93638610839844,187.0,187.0500030517578,183.6699981689453,183.74000549316406,51245300
2023-06-23,184.61990356445312,186.67999267578125,187.55999755859375,185.00999450683594,185.5500030517578,53117000
2023-06-26,183.2254638671875,185.27000427246094,188.0500030517578,185.22999572753906,186.8300018310547,48088700
2023-06-27,185.98468017578125,188.05999755859375,188.38999938964844,185.6699981689453,185.88999938964844,50730800
2023-06-28,187.16156005859375,189.25,189.89999389648438,187.60000610351562,187.92999267578125,51216800
2023-06-29,187.49778747558594,189.58999633789062,190.07000732421875,188.94000244140625,189.0800018310547,46347300
2023-06-30,191.8294677734375,193.97000122070312,194.47999572753906,191.25999450683594,191.6300048828125,85213200
2023-07-03,190.3361358642578,192.4600067138672,193.8800048828125,191.75999450683594,193.77999877929688,31458200
2023-07-05,189.21859741210938,191.3300018310547,192.97999572753906,190.6199951171875,191.57000732421875,46920300
2023-07-06,189.69329833984375,191.80999755859375,192.02000427246094,189.1999969482422,189.83999633789062,45094300
2023-07-07,188.5757598876953,190.67999267578125,192.6699981689453,190.24000549316406,191.41000366210938,46815000
2023-07-10,186.52859497070312,188.61000061035156,189.99000549316406,187.0399932861328,189.25999450683594,59922200
2023-07-11,186.00445556640625,188.0800018310547,189.3000030517578,186.60000610351562,189.16000366210938,46638100
2023-07-12,187.67581176757812,189.77000427246094,191.6999969482422,188.47000122070312,189.67999267578125,60750200
2023-07-13,188.4373016357422,190.5399932861328,191.19000244140625,189.77999877929688,190.5,41342300
2023-07-14,188.58566284179688,190.69000244140625,191.17999267578125,189.6300048828125,190.22999572753906,41616200
2023-07-17,191.8492431640625,193.99000549316406,194.32000732421875,191.80999755859375,191.89999389648438,50520200
2023-07-18,191.59210205078125,193.72999572753906,194.3300018310547,192.4199981689453,193.35000610351562,48288200
2023-07-19,192.94699096679688,195.10000610351562,198.22999572753906,192.64999389648438,193.10000610351562,80507300
2023-07-20,190.99874877929688,193.1300048828125,196.47000122070312,192.5,195.08999633789062,59581200
2023-07-21,189.82188415527344,191.94000244140625,194.97000122070312,191.22999572753906,194.10000610351562,71951700
2023-07-24,190.62290954589844,192.75,194.91000366210938,192.25,193.41000366210938,45377800
2023-07-25,191.48333740234375,193.6199951171875,194.44000244140625,192.9199981689453,193.3300018310547,37283200
2023-07-26,192.35360717773438,194.5,195.63999938964844,193.32000732421875,193.6699981689453,47471900
2023-07-27,191.08775329589844,193.22000122070312,197.1999969482422,192.5500030517578,196.02000427246094,47460200
2023-07-28,193.6689453125,195.8300018310547,196.6300048828125,194.13999938964844,194.6699981689453,48291400
2023-07-31,194.28208923339844,196.4499969482422,196.49000549316406,195.25999450683594,196.05999755859375,38824100
2023-08-01,193.4513702392578,195.61000061035156,196.72999572753906,195.27999877929688,196.24000549316406,35175100
2023-08-02,190.45480346679688,192.5800018310547,195.17999267578125,191.85000610351562,195.0399932861328,50389300
2023-08-03,189.06036376953125,191.1699981689453,192.3699951171875,190.69000244140625,191.57000732421875,61235200
2023-08-04,179.98167419433594,181.99000549316406,187.3800048828125,181.9199981689453,185.52000427246094,115956800
2023-08-07,176.8763427734375,178.85000610351562,183.1300048828125,177.35000610351562,182.1300048828125,97576100
2023-08-08,177.8158416748047,179.8000030517578,180.27000427246094,177.5800018310547,179.69000244140625,67823000
2023-08-09,176.2235870361328,178.19000244140625,180.92999267578125,177.00999450683594,180.8699951171875,60378500
2023-08-10,176.0060272216797,177.97000122070312,180.75,177.60000610351562,179.47999572753906,54686900
2023-08-11,176.0654296875,177.7899932861328,178.6199951171875,176.5500030517578,177.32000732421875,52036700
2023-08-14,177.71926879882812,179.4600067138672,179.69000244140625,177.30999755859375,177.97000122070312,43675600
2023-08-15,175.72874450683594,177.4499969482422,179.47999572753906,177.0500030517578,178.8800048828125,43622600
2023-08-16,174.85728454589844,176.57000732421875,178.5399932861328,176.5,177.1300048828125,46964900
2023-08-17,172.3122100830078,174.0,177.50999450683594,173.47999572753906,177.13999938964844,66062900
2023-08-18,172.7974853515625,174.49000549316406,175.10000610351562,171.9600067138672,172.3000030517578,61172200
2023-08-21,174.1343536376953,175.83999633789062,176.1300048828125,173.74000549316406,175.07000732421875,46311900
2023-08-22,175.51087951660156,177.22999572753906,177.67999267578125,176.25,177.05999755859375,42038900
2023-08-23,179.3631591796875,181.1199951171875,181.5500030517578,178.3300018310547,178.52000427246094,52722800
2023-08-24,174.6691436767578,176.3800048828125,181.10000610351562,176.00999450683594,180.6699981689453,54945800
2023-08-25,176.87750244140625,178.61000061035156,179.14999389648438,175.82000732421875,177.3800048828125,51449600
2023-08-28,178.44216918945312,180.19000244140625,180.58999633789062,178.5500030517578,180.08999633789062,43820700
2023-08-29,182.3340301513672,184.1199951171875,184.89999389648438,179.5,179.6999969482422,53003900
2023-08-30,185.82980346679688,187.64999389648438,187.85000610351562,184.74000549316406,184.94000244140625,60813900
2023-08-31,186.04766845703125,187.8699951171875,189.1199951171875,187.47999572753906,187.83999633789062,60794500
2023-09-01,187.6222381591797,189.4600067138672,189.9199981689453,188.27999877929688,189.49000549316406,45766500
2023-09-05,187.8599090576172,189.6999969482422,189.97999572753906,187.61000061035156,188.27999877929688,45280000
2023-09-06,181.1357879638672,182.91000366210938,188.85000610351562,181.47000122070312,188.39999389648438,81755800
2023-09-07,175.83767700195312,177.55999755859375,178.2100067138672,173.5399932861328,175.17999267578125,112488800
2023-09-08,176.45164489746094,178.17999267578125,180.24000549316406,177.7899932861328,178.35000610351562,65551300
2023-09-11,177.62020874023438,179.36000061035156,180.3000030517578,177.33999633789062,180.07000732421875,58953100
2023-09-12,174.5899200439453,176.3000030517578,180.1300048828125,174.82000732421875,179.49000549316406,90370200
2023-09-13,172.5201873779297,174.2100067138672,177.3000030517578,173.97999572753906,176.50999450683594,84267900
2023-09-14,174.03533935546875,175.74000549316406,176.10000610351562,173.5800018310547,174.0,60895800
2023-09-15,173.31240844726562,175.00999450683594,176.5,173.82000732421875,176.47999572753906,109259500
2023-09-18,176.24368286132812,177.97000122070312,179.3800048828125,176.1699981689453,176.47999572753906,67257600
2023-09-19,177.33302307128906,179.07000732421875,179.6300048828125,177.1300048828125,177.52000427246094,51826900
2023-09-20,173.78778076171875,175.49000549316406,179.6999969482422,175.39999389648438,179.25999450683594,58436200
2023-09-21,172.2428741455078,173.92999267578125,176.3000030517578,173.86000061035156,174.5500030517578,63149100
2023-09-22,173.09454345703125,174.7899932861328,177.0800018310547,174.0500030517578,174.6699981689453,56725400
2023-09-25,174.3720245361328,176.0800018310547,176.97000122070312,174.14999389648438,174.1999969482422,46172700
2023-09-26,170.29200744628906,171.9600067138672,175.1999969482422,171.66000366210938,174.82000732421875,64588900
2023-09-27,168.77684020996094,170.42999267578125,173.0399932861328,169.0500030517578,172.6199951171875,66921800
2023-09-28,169.03433227539062,170.69000244140625,172.02999877929688,167.6199951171875,169.33999633789062,56294400
2023-09-29,169.54925537109375,171.2100067138672,173.07000732421875,170.33999633789062,172.02000427246094,51861100
2023-10-02,172.0646514892578,173.75,174.3000030517578,170.92999267578125,171.22000122070312,52164500
2023-10-03,170.7277374267578,172.39999389648438,173.6300048828125,170.82000732421875,172.25999450683594,49594600
2023-10-04,171.97549438476562,173.66000366210938,174.2100067138672,170.97000122070312,171.08999633789062,53020300
2023-10-05,173.21337890625,174.91000366210938,175.4499969482422,172.67999267578125,173.7899932861328,48527900
2023-10-06,175.76837158203125,177.49000549316406,177.99000549316406,173.17999267578125,173.8000030517578,57266700
2023-10-09,177.25381469726562,178.99000549316406,179.0500030517578,175.8000030517578,176.80999755859375,42390800
2023-10-10,176.6596221923828,178.38999938964844,179.72000122070312,177.9499969482422,178.10000610351562,43698000
2023-10-11,178.05596923828125,179.8000030517578,179.85000610351562,177.60000610351562,178.1999969482422,47551100
2023-10-12,178.9571533203125,180.7100067138672,182.33999633789062,179.0399932861328,180.07000732421875,56743100
2023-10-13,177.1151885986328,178.85000610351562,181.92999267578125,178.13999938964844,181.4199981689453,51427100
2023-10-16,176.98641967773438,178.72000122070312,179.0800018310547,176.50999450683594,176.75,52517000
2023-10-17,175.43165588378906,177.14999389648438,178.4199981689453,174.8000030517578,176.64999389648438,57549400
2023-10-18,174.1343536376953,175.83999633789062,177.5800018310547,175.11000061035156,175.5800018310547,54764400
2023-10-19,173.758056640625,175.4600067138672,177.83999633789062,175.19000244140625,176.0399932861328,59302900
2023-10-20,171.20309448242188,172.8800048828125,175.4199981689453,172.63999938964844,175.30999755859375,64244000
2023-10-23,171.3218994140625,173.0,174.00999450683594,169.92999267578125,170.91000366210938,55980100
2023-10-24,171.7576446533203,173.44000244140625,173.6699981689453,171.4499969482422,173.0500030517578,43816600
2023-10-25,169.4403533935547,171.10000610351562,173.05999755859375,170.64999389648438,171.8800048828125,57157000
2023-10-26,165.2711639404297,166.88999938964844,171.3800048828125,165.6699981689453,170.3699951171875,70625300
2023-10-27,166.58828735351562,168.22000122070312,168.9600067138672,166.8300018310547,166.91000366210938,58499100
2023-10-30,168.63818359375,170.2899932861328,171.1699981689453,168.8699951171875,169.02000427246094,51131000
2023-10-31,169.1135711669922,170.77000427246094,170.89999389648438,167.89999389648438,169.35000610351562,44846000
2023-11-01,172.28248596191406,173.97000122070312,174.22999572753906,170.1199951171875,171.0,56934900
2023-11-02,175.84762573242188,177.57000732421875,177.77999877929688,175.4600067138672,175.52000427246094,77334800
2023-11-03,174.93650817871094,176.64999389648438,176.82000732421875,173.35000610351562,174.24000549316406,79829200
2023-11-06,177.49148559570312,179.22999572753906,179.42999267578125,176.2100067138672,176.3800048828125,63841300
2023-11-07,180.05638122558594,181.82000732421875,182.44000244140625,178.97000122070312,179.17999267578125,70530000
2023-11-08,181.11598205566406,182.88999938964844,183.4499969482422,181.58999633789062,182.35000610351562,49340300
2023-11-09,180.64065551757812,182.41000366210938,184.1199951171875,181.80999755859375,182.9600067138672,53763500
2023-11-10,184.8351287841797,186.39999389648438,186.57000732421875,183.52999877929688,183.97000122070312,66133400
2023-11-13,183.24855041503906,184.8000030517578,186.02999877929688,184.2100067138672,185.82000732421875,43627500
2023-11-14,185.86639404296875,187.44000244140625,188.11000061035156,186.3000030517578,187.6999969482422,60108400
2023-11-15,186.4315948486328,188.00999450683594,189.5,187.77999877929688,187.85000610351562,53790500
2023-11-16,188.11734008789062,189.7100067138672,190.9600067138672,188.64999389648438,189.57000732421875,54412900
2023-11-17,188.09750366210938,189.69000244140625,190.3800048828125,188.57000732421875,190.25,50922700
2023-11-20,189.84271240234375,191.4499969482422,191.91000366210938,189.8800048828125,189.88999938964844,46505100
2023-11-21,189.03948974609375,190.63999938964844,191.52000427246094,189.74000549316406,191.41000366210938,38134500
2023-11-22,189.7039031982422,191.30999755859375,192.92999267578125,190.8300018310547,191.49000549316406,39617700
2023-11-24,188.3751678466797,189.97000122070312,190.89999389648438,189.25,190.8699951171875,24048300
2023-11-27,188.1966552734375,189.7899932861328,190.6699981689453,188.89999389648438,189.9199981689453,40552600
2023-11-28,188.80154418945312,190.39999389648438,191.0800018310547,189.39999389648438,189.77999877929688,38415400
2023-11-29,187.7801971435547,189.3699951171875,192.08999633789062,188.97000122070312,190.89999389648438,43014200
2023-11-30,188.35531616210938,189.9499969482422,190.32000732421875,188.19000244140625,189.83999633789062,48794400
2023-12-01,189.63449096679688,191.24000549316406,191.55999755859375,189.22999572753906,190.3300018310547,45704800
2023-12-04,187.83969116210938,189.42999267578125,190.0500030517578,187.4499969482422,189.97999572753906,43389500
2023-12-05,191.7961883544922,193.4199981689453,194.39999389648438,190.17999267578125,190.2100067138672,66628400
2023-12-06,190.70542907714844,192.32000732421875,194.75999450683594,192.11000061035156,194.4499969482422,41089700
2023-12-07,192.63905334472656,194.27000427246094,195.0,193.58999633789062,193.6300048828125,47477700
2023-12-08,194.0669708251953,195.7100067138672,195.99000549316406,193.6699981689453,194.1999969482422,53406400
2023-12-11,191.5582275390625,193.17999267578125,193.49000549316406,191.4199981689453,193.11000061035156,60943700
2023-12-12,193.0753631591797,194.7100067138672,194.72000122070312,191.72000122070312,193.0800018310547,52696900
2023-12-13,196.29808044433594,197.9600067138672,198.0,194.85000610351562,195.08999633789062,70404200
2023-12-14,196.44680786132812,198.11000061035156,199.6199951171875,196.16000366210938,198.02000427246094,66831600
2023-12-15,195.91134643554688,197.57000732421875,198.39999389648438,197.0,197.52999877929688,128538400
2023-12-18,194.24545288085938,195.88999938964844,196.6300048828125,194.38999938964844,196.08999633789062,55751900
2023-12-19,195.2866668701172,196.94000244140625,196.9499969482422,195.88999938964844,196.16000366210938,40714100
2023-12-20,193.1943359375,194.8300018310547,197.67999267578125,194.8300018310547,196.89999389648438,52242800
2023-12-21,193.0455780029297,194.67999267578125,197.0800018310547,193.5,196.10000610351562,46482500
2023-12-22,191.9746856689453,193.60000610351562,195.41000366210938,192.97000122070312,195.17999267578125,37149600
2023-12-26,191.42930603027344,193.0500030517578,193.88999938964844,192.8300018310547,193.61000061035156,28919300
2023-12-27,191.52845764160156,193.14999389648438,193.5,191.08999633789062,192.49000549316406,48087700
2023-12-28,191.95484924316406,193.5800018310547,194.66000366210938,193.1699981689453,194.13999938964844,34049900
2023-12-29,190.9136505126953,192.52999877929688,194.39999389648438,191.72999572753906,193.89999389648438,42672100
