Price,Adj Close,Close,High,Low,Open,Volume
Ticker,AAPL,AAPL,AAPL,AAPL,AAPL,AAPL
Date,,,,,,
2018-01-02,40.42681884765625,43.064998626708984,43.07500076293945,42.314998626708984,42.540000915527344,102223600
2018-01-03,40.4197883605957,43.057498931884766,43.63750076293945,42.9900016784668,43.13249969482422,118071600
2018-01-04,40.6075325012207,43.25749969482422,43.36750030517578,43.02000045776367,43.1349983215332,89738400
2018-01-05,41.06986999511719,43.75,43.842498779296875,43.26250076293945,43.36000061035156,94640000
2018-01-08,40.917320251464844,43.587501525878906,43.90250015258789,43.48249816894531,43.587501525878906,82271200
2018-01-09,40.91263198852539,43.58250045776367,43.76499938964844,43.352500915527344,43.63750076293945,86336000
2018-01-10,40.90324020385742,43.5724983215332,43.57500076293945,43.25,43.290000915527344,95839600
2018-01-11,41.13557434082031,43.81999969482422,43.872501373291016,43.622501373291016,43.647499084472656,74670800
2018-01-12,41.56034851074219,44.272499084472656,44.34000015258789,43.912498474121094,44.04499816894531,101672400
2018-01-16,41.34913635253906,44.04750061035156,44.84749984741211,44.03499984741211,44.474998474121094,118263600
2018-01-17,42.03207778930664,44.775001525878906,44.8125,43.76750183105469,44.037498474121094,137547200
2018-01-18,42.069618225097656,44.814998626708984,45.025001525878906,44.5625,44.842498779296875,124773600
2018-01-19,41.881866455078125,44.6150016784668,44.89500045776367,44.352500915527344,44.65250015258789,129700400
2018-01-22,41.53923034667969,44.25,44.44499969482422,44.150001525878906,44.32500076293945,108434400
2018-01-23,41.548614501953125,44.2599983215332,44.86000061035156,44.20500183105469,44.32500076293945,130756400
2018-01-24,40.886802673339844,43.55500030517578,44.32500076293945,43.29999923706055,44.3125,204420400
2018-01-25,40.15693664550781,42.77750015258789,43.73749923706055,42.63249969482422,43.627498626708984,166116000
2018-01-26,40.25082015991211,42.877498626708984,43.0,42.51499938964844,43.0,156572000
2018-01-29,39.41769027709961,41.9900016784668,42.540000915527344,41.76750183105469,42.540000915527344,202561600
2018-01-30,39.18534851074219,41.74250030517578,41.842498779296875,41.17499923706055,41.38249969482422,184192800
2018-01-31,39.29329299926758,41.85749816894531,42.11000061035156,41.625,41.717498779296875,129915600
2018-02-01,39.375431060791016,41.94499969482422,42.154998779296875,41.689998626708984,41.79249954223633,188923200
2018-02-02,37.66693115234375,40.125,41.70000076293945,40.025001525878906,41.5,346375200
2018-02-05,36.7258415222168,39.122501373291016,40.970001220703125,39.0,39.775001525878906,290954000
2018-02-06,38.260684967041016,40.75749969482422,40.93000030517578,38.5,38.70750045776367,272975200
2018-02-07,37.44161605834961,39.8849983215332,40.849998474121094,39.76750183105469,40.772499084472656,206434400
2018-02-08,36.41135787963867,38.787498474121094,40.25,38.75749969482422,40.0724983215332,217562000
2018-02-09,36.85673141479492,39.102500915527344,39.47249984741211,37.560001373291016,39.26750183105469,282690400
2018-02-12,38.341270446777344,40.6775016784668,40.97249984741211,39.377498626708984,39.625,243278000
2018-02-13,38.72536849975586,41.084999084472656,41.1875,40.412498474121094,40.48749923706055,130196800
2018-02-14,39.439369201660156,41.842498779296875,41.8849983215332,40.720001220703125,40.7599983215332,162579600
2018-02-15,40.763671875,43.247501373291016,43.272499084472656,42.25,42.4474983215332,204588800
2018-02-16,40.63172149658203,43.10749816894531,43.70500183105469,42.942501068115234,43.09000015258789,160704400
2018-02-20,40.49504852294922,42.962501525878906,43.564998626708984,42.85499954223633,43.01250076293945,135722000
2018-02-21,40.31122970581055,42.76750183105469,43.529998779296875,42.752498626708984,43.20750045776367,149886400
2018-02-22,40.64822006225586,43.125,43.48749923706055,42.9275016784668,42.95000076293945,123967600
2018-02-23,41.35512924194336,43.875,43.912498474121094,43.3849983215332,43.41749954223633,135249600
2018-02-26,42.17280197143555,44.74250030517578,44.84749984741211,44.0525016784668,44.087501525878906,152648800
2018-02-27,42.036136627197266,44.59749984741211,45.119998931884766,44.540000915527344,44.775001525878906,155712400
2018-02-28,41.97250747680664,44.529998779296875,45.154998779296875,44.51250076293945,44.814998626708984,151128400
2018-03-01,41.23731994628906,43.75,44.94499969482422,43.165000915527344,44.6349983215332,195208000
2018-03-02,41.52243423461914,44.0525016784668,44.07500076293945,43.11249923706055,43.20000076293945,153816000
2018-03-05,41.66617965698242,44.20500183105469,44.435001373291016,43.630001068115234,43.8025016784668,113605600
2018-03-06,41.63082504272461,44.16749954223633,44.5625,44.032501220703125,44.477500915527344,95154000
2018-03-07,41.2443733215332,43.75749969482422,43.962501525878906,43.567501068115234,43.73500061035156,126814000
2018-03-08,41.6944580078125,44.23500061035156,44.279998779296875,43.76750183105469,43.869998931884766,95096400
2018-03-09,42.41080093383789,44.994998931884766,45.0,44.34749984741211,44.4900016784668,128740800
2018-03-12,42.82081985473633,45.43000030517578,45.59749984741211,45.0525016784668,45.0724983215332,128828400
2018-03-13,42.408447265625,44.99250030517578,45.875,44.810001373291016,45.647499084472656,126774000
2018-03-14,42.047916412353516,44.61000061035156,45.130001068115234,44.45249938964844,45.08000183105469,117473600
2018-03-15,42.09739685058594,44.662498474121094,45.060001373291016,44.51750183105469,44.625,90975200
2018-03-16,41.948936462402344,44.505001068115234,44.779998779296875,44.404998779296875,44.662498474121094,157618800
2018-03-19,41.30801010131836,43.82500076293945,44.36750030517578,43.415000915527344,44.33000183105469,133787200
2018-03-20,41.29385757446289,43.810001373291016,44.20000076293945,43.73500061035156,43.810001373291016,78597600
2018-03-21,40.358375549316406,42.817501068115234,43.772499084472656,42.814998626708984,43.7599983215332,148219600
2018-03-22,39.788108825683594,42.212501525878906,43.16999816894531,42.150001525878906,42.5,165963200
2018-03-23,38.86675262451172,41.23500061035156,42.47999954223633,41.23500061035156,42.09749984741211,164115200
2018-03-26,40.71183395385742,43.192501068115234,43.275001525878906,41.61000061035156,42.01750183105469,150164800
2018-03-27,39.66793441772461,42.084999084472656,43.787498474121094,41.72999954223633,43.41999816894531,163690400
2018-03-28,39.22963333129883,41.619998931884766,42.505001068115234,41.29750061035156,41.8125,166674000
2018-03-29,39.53596878051758,41.94499969482422,42.9375,41.724998474121094,41.95249938964844,153594000
2018-04-02,39.27676010131836,41.66999816894531,42.23500061035156,41.11750030517578,41.65999984741211,150347200
2018-04-03,39.679725646972656,42.09749984741211,42.1875,41.220001220703125,41.90999984741211,121112000
2018-04-04,40.438480377197266,42.90250015258789,43.002498626708984,41.192501068115234,41.220001220703125,138422000
2018-04-05,40.71889877319336,43.20000076293945,43.557498931884766,43.02000045776367,43.14500045776367,107732800
2018-04-06,39.677364349365234,42.095001220703125,43.119998931884766,42.04999923706055,42.74250030517578,140021200
2018-04-09,40.070884704589844,42.51250076293945,43.272499084472656,42.462501525878906,42.470001220703125,116070800
2018-04-10,40.82493591308594,43.3125,43.5,42.88249969482422,43.25,113634400
2018-04-11,40.634071350097656,43.11000061035156,43.47999954223633,42.92499923706055,43.057498931884766,89726400
2018-04-12,41.0346565246582,43.53499984741211,43.75,43.2599983215332,43.352500915527344,91557200
2018-04-13,41.17368698120117,43.682498931884766,43.959999084472656,43.462501525878906,43.69499969482422,100497200
2018-04-16,41.43052291870117,43.95500183105469,44.04750061035156,43.70750045776367,43.75749969482422,86313600
2018-04-17,42.00079345703125,44.560001373291016,44.73500061035156,44.102500915527344,44.122501373291016,106421600
2018-04-18,41.906524658203125,44.459999084472656,44.70500183105469,44.220001220703125,44.45249938964844,83018000
2018-04-19,40.71889877319336,43.20000076293945,43.84749984741211,43.165000915527344,43.439998626708984,139235200
2018-04-20,39.05054473876953,41.43000030517578,42.80500030517578,41.35749816894531,42.650001525878906,261964400
2018-04-23,38.937442779541016,41.310001373291016,41.72999954223633,41.022499084472656,41.70750045776367,146062000
2018-04-24,38.39546585083008,40.73500061035156,41.58250045776367,40.30500030517578,41.41749954223633,134768000
2018-04-25,38.562774658203125,40.912498474121094,41.35499954223633,40.602500915527344,40.654998779296875,113528400
2018-04-26,38.69709396362305,41.05500030517578,41.432498931884766,40.842498779296875,41.029998779296875,111852000
2018-04-27,38.2493782043457,40.58000183105469,41.08250045776367,40.157501220703125,41.0,142623200
2018-04-30,38.94216537475586,41.314998626708984,41.814998626708984,40.459999084472656,40.532501220703125,169709600
2018-05-01,39.84702682495117,42.275001525878906,42.29999923706055,41.317501068115234,41.602500915527344,214277600
2018-05-02,41.60728073120117,44.14250183105469,44.4375,43.45000076293945,43.807498931884766,266157600
2018-05-03,41.682674407958984,44.22249984741211,44.375,43.61000061035156,43.970001220703125,136272800
2018-05-04,43.318031311035156,45.95750045776367,46.0625,44.54249954223633,44.5625,224805200
2018-05-07,43.63142776489258,46.290000915527344,46.91749954223633,46.1875,46.29499816894531,169805600
2018-05-08,43.84115219116211,46.51250076293945,46.55500030517578,45.91749954223633,46.247501373291016,113611200
2018-05-09,44.14984893798828,46.84000015258789,46.849998474121094,46.30500030517578,46.63750076293945,92844800
2018-05-10,44.7813606262207,47.5099983215332,47.592498779296875,46.912498474121094,46.935001373291016,111957200
2018-05-11,44.61103820800781,47.147499084472656,47.51499938964844,46.86249923706055,47.372501373291016,104848800
2018-05-14,44.506961822509766,47.037498474121094,47.38249969482422,46.96500015258789,47.252498626708984,83115200
2018-05-15,44.10246276855469,46.61000061035156,46.76750183105469,46.275001525878906,46.69499969482422,94780800
2018-05-16,44.51405715942383,47.04499816894531,47.1150016784668,46.5,46.51750183105469,76732400
2018-05-17,44.23255920410156,46.747501373291016,47.227500915527344,46.59000015258789,47.0,69176000
2018-05-18,44.07170867919922,46.57749938964844,46.95249938964844,46.532501220703125,46.79750061035156,73190800
2018-05-21,44.38396072387695,46.907501220703125,47.317501068115234,46.727500915527344,47.0,73603200
2018-05-22,44.27277755737305,46.790000915527344,47.220001220703125,46.69499969482422,47.095001220703125,60962800
2018-05-23,44.556636810302734,47.09000015258789,47.125,46.439998626708984,46.587501525878906,80233600
2018-05-24,44.506961822509766,47.037498474121094,47.209999084472656,46.5525016784668,47.192501068115234,92936000
2018-05-25,44.60867691040039,47.14500045776367,47.412498474121094,46.912498474121094,47.057498931884766,69844000
2018-05-29,44.44782638549805,46.974998474121094,47.1875,46.717498779296875,46.900001525878906,90056400
2018-05-30,44.35320281982422,46.875,47.0,46.69499969482422,46.93000030517578,74762000
2018-05-31,44.204166412353516,46.717498779296875,47.057498931884766,46.53499984741211,46.80500030517578,109931200
2018-06-01,45.0013542175293,47.560001373291016,47.564998626708984,46.9375,46.997501373291016,93770000
2018-06-04,45.377464294433594,47.95750045776367,48.35499954223633,47.837501525878906,47.90999984741211,105064800
2018-06-05,45.727561950683594,48.32749938964844,48.48500061035156,48.09000015258789,48.26750183105469,86264000
2018-06-06,45.886051177978516,48.494998931884766,48.52000045776367,47.97999954223633,48.407501220703125,83734400
2018-06-07,45.76304244995117,48.3650016784668,48.54999923706055,48.084999084472656,48.53499984741211,85388800
2018-06-08,45.34671401977539,47.92499923706055,48.0,47.442501068115234,47.79249954223633,106627200
2018-06-11,45.235530853271484,47.807498931884766,47.99250030517578,47.5525016784668,47.837501525878906,73234000
2018-06-12,45.48390579223633,48.06999969482422,48.15250015258789,47.787498474121094,47.84749984741211,67644400
2018-06-13,45.11016082763672,47.67499923706055,48.220001220703125,47.61000061035156,48.10499954223633,86553600
2018-06-14,45.13382339477539,47.70000076293945,47.89250183105469,47.55500030517578,47.88750076293945,86440400
2018-06-15,44.67018127441406,47.209999084472656,47.540000915527344,47.064998626708984,47.50749969482422,246876800
2018-06-18,44.64653015136719,47.185001373291016,47.30500030517578,46.79999923706055,46.970001220703125,73939600
2018-06-19,43.925052642822266,46.42250061035156,46.58250045776367,45.86249923706055,46.28499984741211,134314000
2018-06-20,44.11664962768555,46.625,46.79999923706055,46.432498931884766,46.587501525878906,82514800
2018-06-21,43.870643615722656,46.3650016784668,47.087501525878906,46.23500061035156,46.8125,102847600
2018-06-22,43.74290084838867,46.22999954223633,46.537498474121094,46.17499923706055,46.529998779296875,108801600
2018-06-25,43.092384338378906,45.54249954223633,46.22999954223633,45.182498931884766,45.849998474121094,126652400
2018-06-26,43.62698745727539,46.10749816894531,46.63249969482422,45.6349983215332,45.747501373291016,98276800
2018-06-27,43.56312942504883,46.040000915527344,46.81999969482422,46.00749969482422,46.307498931884766,101141200
2018-06-28,43.880104064941406,46.375,46.5525016784668,45.95000076293945,46.025001525878906,69460800
2018-06-29,43.78784942626953,46.27750015258789,46.79750061035156,45.727500915527344,46.5724983215332,90950800
2018-07-02,44.277503967285156,46.79499816894531,46.82500076293945,45.85499954223633,45.95500183105469,70925200
2018-07-03,43.50634765625,45.97999954223633,46.98749923706055,45.8849983215332,46.9474983215332,55819200
2018-07-05,43.85645294189453,46.349998474121094,46.602500915527344,46.06999969482422,46.314998626708984,66416800
2018-07-06,44.46438217163086,46.99250030517578,47.10749816894531,46.29999923706055,46.35499954223633,69940800
2018-07-09,45.081787109375,47.64500045776367,47.66999816894531,47.32500076293945,47.375,79026400
2018-07-10,45.02737045288086,47.587501525878906,47.81999969482422,47.54499816894531,47.6775016784668,63756400
2018-07-11,44.44308853149414,46.970001220703125,47.44499969482422,46.90250015258789,47.125,75326000
2018-07-12,45.188232421875,47.75749969482422,47.852500915527344,47.32749938964844,47.38249969482422,72164400
2018-07-13,45.25919723510742,47.83250045776367,47.959999084472656,47.724998474121094,47.77000045776367,50055600
2018-07-16,45.15984344482422,47.727500915527344,48.162498474121094,47.60499954223633,47.880001068115234,60172400
2018-07-17,45.28757858276367,47.86249923706055,47.967498779296875,47.29999923706055,47.4375,62138000
2018-07-18,45.0391960144043,47.599998474121094,47.95000076293945,47.48249816894531,47.94499969482422,65573600
2018-07-19,45.3892936706543,47.970001220703125,48.13750076293945,47.42250061035156,47.42250061035156,81147200
2018-07-20,45.28521728515625,47.86000061035156,48.10749816894531,47.54249954223633,47.94499969482422,82704800
2018-07-23,45.32542419433594,47.90250015258789,47.9900016784668,47.38999938964844,47.66999816894531,63957600
2018-07-24,45.65422821044922,48.25,48.415000915527344,48.01250076293945,48.11249923706055,74791600
2018-07-25,46.08476257324219,48.70500183105469,48.712501525878906,48.10749816894531,48.26499938964844,66839600
2018-07-26,45.94045639038086,48.5525016784668,48.9900016784668,48.40250015258789,48.65250015258789,76304000
2018-07-27,45.1763916015625,47.744998931884766,48.79750061035156,47.525001525878906,48.747501373291016,96096000
2018-07-30,44.92329025268555,47.477500915527344,48.04999923706055,47.26750183105469,47.974998474121094,84118000
2018-07-31,45.01318359375,47.5724983215332,48.03499984741211,47.334999084472656,47.57500076293945,157492000
2018-08-01,47.6649055480957,50.375,50.439998626708984,49.32749938964844,49.782501220703125,271742800
2018-08-02,49.058197021484375,51.84749984741211,52.095001220703125,50.087501525878906,50.14500045776367,249616000
2018-08-03,49.20012283325195,51.997501373291016,52.185001373291016,51.369998931884766,51.75749969482422,133789600
2018-08-06,49.45559310913086,52.26750183105469,52.3125,51.76750183105469,52.0,101701600
2018-08-07,48.99195861816406,51.77750015258789,52.375,51.689998626708984,52.33000183105469,102349600
2018-08-08,49.025081634521484,51.8125,51.95249938964844,51.130001068115234,51.51250076293945,90102000
2018-08-09,49.41066360473633,52.220001220703125,52.44499969482422,51.79999923706055,52.38249969482422,93970400
2018-08-10,49.26346969604492,51.88249969482422,52.275001525878906,51.66749954223633,51.84000015258789,98444800
2018-08-13,49.581573486328125,52.217498779296875,52.73749923706055,51.92499923706055,52.32749938964844,103563600
2018-08-14,49.790470123291016,52.4375,52.63999938964844,52.064998626708984,52.540000915527344,82992000
2018-08-15,49.90677261352539,52.560001373291016,52.685001373291016,52.08250045776367,52.30500030517578,115230400
2018-08-16,50.637916564941406,53.33000183105469,53.45249938964844,52.86750030517578,52.9375,114001600
2018-08-17,51.64915084838867,54.39500045776367,54.48749923706055,53.290000915527344,53.36000061035156,141708000
2018-08-20,51.14590072631836,53.8650016784668,54.79499816894531,53.77750015258789,54.525001525878906,121150800
2018-08-21,51.04621124267578,53.7599983215332,54.29750061035156,53.50749969482422,54.20000076293945,104639200
2018-08-22,51.04857635498047,53.76250076293945,54.09000015258789,53.459999084472656,53.525001525878906,76072400
2018-08-23,51.15302658081055,53.872501373291016,54.26250076293945,53.650001525878906,53.662498474121094,75532800
2018-08-24,51.312068939208984,54.040000915527344,54.224998474121094,53.77750015258789,54.150001525878906,73905600
2018-08-27,51.734615325927734,54.48500061035156,54.685001373291016,54.08250045776367,54.287498474121094,82100400
2018-08-28,52.152381896972656,54.92499923706055,55.1349983215332,54.72999954223633,54.752498626708984,91107200
2018-08-29,52.930999755859375,55.744998931884766,55.872501373291016,54.852500915527344,55.037498474121094,109019200
2018-08-30,53.417633056640625,56.25749969482422,57.064998626708984,55.599998474121094,55.8125,195175200
2018-08-31,54.03481674194336,56.907501220703125,57.217498779296875,56.5,56.627498626708984,173360400
2018-09-04,54.20810317993164,57.09000015258789,57.29499816894531,56.657501220703125,57.102500915527344,109560400
2018-09-05,53.854408264160156,56.717498779296875,57.41749954223633,56.275001525878906,57.247501373291016,133332000
2018-09-06,52.9594841003418,55.775001525878906,56.837501525878906,55.32500076293945,56.557498931884766,137160000
2018-09-07,52.53219985961914,55.32500076293945,56.342498779296875,55.1775016784668,55.462501525878906,150479200
2018-09-10,51.827186584472656,54.58250045776367,55.462501525878906,54.11750030517578,55.23749923706055,158066000
2018-09-11,53.13752365112305,55.962501525878906,56.07500076293945,54.13999938964844,54.502498626708984,142996000
2018-09-12,52.47760772705078,55.26750183105469,56.25,54.959999084472656,56.23500061035156,197114800
2018-09-13,53.74521255493164,56.602500915527344,57.087501525878906,55.64250183105469,55.880001068115234,166825600
2018-09-14,53.13515090942383,55.959999084472656,56.709999084472656,55.630001068115234,56.4375,127997200
2018-09-17,51.720367431640625,54.470001220703125,55.73749923706055,54.317501068115234,55.537498474121094,148780400
2018-09-18,51.80582809448242,54.560001373291016,55.462501525878906,54.279998779296875,54.4474983215332,126286800
2018-09-19,51.8366813659668,54.592498779296875,54.904998779296875,53.82500076293945,54.625,108495200
2018-09-20,52.23072814941406,55.00749969482422,55.56999969482422,54.787498474121094,55.060001373291016,106435200
2018-09-21,51.66813659667969,54.415000915527344,55.34000015258789,54.3224983215332,55.19499969482422,384986800
2018-09-24,52.411136627197266,55.1974983215332,55.314998626708984,54.157501220703125,54.20500183105469,110773600
2018-09-25,52.74347686767578,55.54750061035156,55.70500183105469,54.92499923706055,54.9375,98217600
2018-09-26,52.32331466674805,55.10499954223633,55.9375,54.939998626708984,55.25,95938800
2018-09-27,53.398624420166016,56.23749923706055,56.61000061035156,55.8849983215332,55.95500183105469,120724800
2018-09-28,53.58616256713867,56.435001373291016,56.459999084472656,56.005001068115234,56.1974983215332,91717600
2018-10-01,53.946983337402344,56.814998626708984,57.35499954223633,56.587501525878906,56.98749923706055,94403200
2018-10-02,54.42649459838867,57.31999969482422,57.5,56.657501220703125,56.8125,99152800
2018-10-03,55.088783264160156,58.01750183105469,58.36750030517578,57.44499969482422,57.51250076293945,114619200
2018-10-04,54.120269775390625,56.997501373291016,58.087501525878906,56.682498931884766,57.69499969482422,128168000
2018-10-05,53.24197006225586,56.0724983215332,57.102500915527344,55.14500045776367,56.9900016784668,134322000
2018-10-08,53.11852264404297,55.942501068115234,56.20000076293945,55.04999923706055,55.5525016784668,118655600
2018-10-09,53.854408264160156,56.717498779296875,56.817501068115234,55.5625,55.90999984741211,107564000
2018-10-10,51.35954666137695,54.09000015258789,56.587501525878906,54.01250076293945,56.3650016784668,167962400
2018-10-11,50.90615463256836,53.61249923706055,54.875,53.08000183105469,53.630001068115234,212497600
2018-10-12,52.7244873046875,55.52750015258789,55.720001220703125,54.209999084472656,55.10499954223633,161351600
2018-10-15,51.59691619873047,54.34000015258789,55.45750045776367,54.317501068115234,55.290000915527344,123164000
2018-10-16,52.73397445678711,55.537498474121094,55.747501373291016,54.189998626708984,54.73249816894531,116736000
2018-10-17,52.50608825683594,55.29750061035156,55.65999984741211,54.834999084472656,55.57500076293945,91541600
2018-10-18,51.278839111328125,54.005001068115234,54.935001373291016,53.25,54.46500015258789,130325200
2018-10-19,52.059814453125,54.82749938964844,55.314998626708984,54.35749816894531,54.51499938964844,132314800
2018-10-22,52.37791442871094,55.162498474121094,55.84000015258789,54.73500061035156,54.9474983215332,115168400
2018-10-23,52.871646881103516,55.682498931884766,55.8125,53.67499923706055,53.95750045776367,155071200
2018-10-24,51.05806350708008,53.772499084472656,56.057498931884766,53.6349983215332,55.650001525878906,163702000
2018-10-25,52.17613983154297,54.95000076293945,55.345001220703125,54.1875,54.4275016784668,119423200
2018-10-26,51.34530258178711,54.07500076293945,55.04750061035156,53.16749954223633,53.974998474121094,189033600
2018-10-29,50.38153839111328,53.060001373291016,54.92250061035156,51.522499084472656,54.79750061035156,183742000
2018-10-30,50.633155822753906,53.32500076293945,53.79499816894531,52.317501068115234,52.787498474121094,146640000
2018-10-31,51.9529914855957,54.71500015258789,55.11249923706055,54.154998779296875,54.220001220703125,153435600
2018-11-01,52.75058364868164,55.55500030517578,55.59000015258789,54.20249938964844,54.76250076293945,233292800
2018-11-02,49.25160598754883,51.869998931884766,53.412498474121094,51.35749816894531,52.38750076293945,365314800
2018-11-05,47.85343551635742,50.397499084472656,51.09749984741211,49.54249954223633,51.07500076293945,264654800
2018-11-06,48.37092971801758,50.942501068115234,51.18000030517578,50.42250061035156,50.47999954223633,127531600
2018-11-07,49.83793640136719,52.48749923706055,52.51499938964844,51.032501220703125,51.49250030517578,133697600
2018-11-08,49.66404342651367,52.122501373291016,52.529998779296875,51.6875,52.494998931884766,101450400
2018-11-09,48.70644760131836,51.11750030517578,51.502498626708984,50.5625,51.38750076293945,137463200
2018-11-12,46.252891540527344,48.54249954223633,49.962501525878906,48.4474983215332,49.75,204542000
2018-11-13,45.790775299072266,48.057498931884766,49.29499816894531,47.86249923706055,47.907501220703125,187531600
2018-11-14,44.497314453125,46.70000076293945,48.619998931884766,46.48249816894531,48.474998474121094,243204000
2018-11-15,45.595455169677734,47.852500915527344,47.99250030517578,46.724998474121094,47.09749984741211,185915200
2018-11-16,46.10044860839844,48.38249969482422,48.74250030517578,47.3650016784668,47.625,147713200
2018-11-19,44.27339553833008,46.46500015258789,47.67499923706055,46.247501373291016,47.5,167701200
2018-11-20,42.158103942871094,44.244998931884766,45.36750030517578,43.877498626708984,44.592498779296875,271300800
2018-11-21,42.11045837402344,44.19499969482422,45.067501068115234,44.13750076293945,44.932498931884766,124496800
2018-11-23,41.0409049987793,43.0724983215332,44.150001525878906,43.025001525878906,43.73500061035156,94496000
2018-11-26,41.59593963623047,43.654998779296875,43.73749923706055,42.564998626708984,43.560001373291016,179994000
2018-11-27,41.505409240722656,43.560001373291016,43.692501068115234,42.720001220703125,42.877498626708984,165549600
2018-11-28,43.10140609741211,45.23500061035156,45.3224983215332,43.73249816894531,44.182498931884766,184250000
2018-11-29,42.770294189453125,44.88750076293945,45.70000076293945,44.42499923706055,45.665000915527344,167080000
2018-11-30,42.53924560546875,44.64500045776367,45.08250045776367,44.25749969482422,45.0724983215332,158126000
2018-12-03,44.025657653808594,46.20500183105469,46.23500061035156,45.3025016784668,46.1150016784668,163210000
2018-12-04,42.08903121948242,44.17250061035156,45.59749984741211,44.067501068115234,45.23749923706055,165377200
2018-12-06,41.619754791259766,43.68000030517578,43.69499969482422,42.60499954223633,42.939998626708984,172393600
2018-12-07,40.13571548461914,42.122501373291016,43.622501373291016,42.07500076293945,43.372501373291016,169126400
2018-12-10,40.40012741088867,42.400001525878906,42.522499084472656,40.83250045776367,41.25,248104000
2018-12-11,40.1690559387207,42.157501220703125,42.9474983215332,41.75,42.915000915527344,189126800
2018-12-12,40.28102493286133,42.275001525878906,42.97999954223633,42.255001068115234,42.599998474121094,142510800
2018-12-13,40.72170639038086,42.73749923706055,43.14250183105469,42.38750076293945,42.622501373291016,127594400
2018-12-14,39.41869354248047,41.369998931884766,42.27000045776367,41.31999969482422,42.25,162814800
2018-12-17,39.05186462402344,40.98500061035156,42.087501525878906,40.682498931884766,41.36249923706055,177151600
2018-12-18,39.55924987792969,41.51750183105469,41.88249969482422,41.09749984741211,41.345001220703125,135366000
2018-12-19,38.325340270996094,40.22249984741211,41.86249923706055,39.772499084472656,41.5,196189200
2018-12-20,37.35820388793945,39.20750045776367,40.52750015258789,38.82500076293945,40.099998474121094,259092000
2018-12-21,35.90513610839844,37.682498931884766,39.540000915527344,37.407501220703125,39.21500015258789,382978400
2018-12-24,34.97611999511719,36.70750045776367,37.88750076293945,36.647499084472656,37.037498474121094,148676800
2018-12-26,37.43919372558594,39.29249954223633,39.307498931884766,36.68000030517578,37.07500076293945,234330000
2018-12-27,37.19621658325195,39.037498474121094,39.192501068115234,37.51750183105469,38.959999084472656,212468400
2018-12-28,37.21528625488281,39.057498931884766,39.630001068115234,38.63750076293945,39.375,169165600
2018-12-31,37.574954986572266,39.435001373291016,39.84000015258789,39.119998931884766,39.63249969482422,140014000
2019-01-02,37.61785125732422,39.47999954223633,39.712501525878906,38.557498931884766,38.72249984741211,148158800
2019-01-03,33.87083435058594,35.54750061035156,36.43000030517578,35.5,35.994998931884766,365248800
2019-01-04,35.3167610168457,37.064998626708984,37.13750076293945,35.95000076293945,36.13249969482422,234428400
2019-01-07,35.2381591796875,36.98249816894531,37.20750045776367,36.474998474121094,37.17499923706055,219111200
2019-01-08,35.90989685058594,37.6875,37.95500183105469,37.130001068115234,37.38999938964844,164101200
2019-01-09,36.519718170166016,38.32749938964844,38.63249969482422,37.407501220703125,37.8224983215332,180396400
2019-01-10,36.63642883300781,38.45000076293945,38.49250030517578,37.71500015258789,38.125,143122800
2019-01-11,36.2767448425293,38.0724983215332,38.42499923706055,37.877498626708984,38.220001220703125,108092800
2019-01-14,35.73124694824219,37.5,37.817501068115234,37.30500030517578,37.712501525878906,129756800
2019-01-15,36.462547302246094,38.26750183105469,38.34749984741211,37.51250076293945,37.567501068115234,114843600
2019-01-16,36.90799331665039,38.73500061035156,38.970001220703125,38.25,38.27000045776367,122278800
2019-01-17,37.12712860107422,38.96500015258789,39.415000915527344,38.314998626708984,38.54999923706055,119284800
2019-01-18,37.355831146240234,39.20500183105469,39.470001220703125,38.994998931884766,39.375,135004000
2019-01-22,36.517333984375,38.32500076293945,39.182498931884766,38.154998779296875,39.102500915527344,121576000
2019-01-23,36.665016174316406,38.47999954223633,38.78499984741211,37.92499923706055,38.537498474121094,92522400
2019-01-24,36.374412536621094,38.17499923706055,38.619998931884766,37.935001373291016,38.52750015258789,101766000
2019-01-25,37.57973861694336,39.439998626708984,39.532501220703125,38.58000183105469,38.869998931884766,134142000
2019-01-28,37.23195266723633,39.07500076293945,39.08250045776367,38.415000915527344,38.9474983215332,104768400
2019-01-29,36.84605407714844,38.66999816894531,39.532501220703125,38.52750015258789,39.0625,166348800
2019-01-30,39.36391067504883,41.3125,41.537498474121094,40.057498931884766,40.8125,244439200
2019-01-31,39.64739227294922,41.61000061035156,42.25,41.13999938964844,41.52750015258789,162958400
2019-02-01,39.666439056396484,41.630001068115234,42.244998931884766,41.48249816894531,41.7400016784668,130672400
2019-02-04,40.79317092895508,42.8125,42.915000915527344,41.81999969482422,41.852500915527344,125982000
2019-02-05,41.491127014160156,43.54499816894531,43.77000045776367,43.087501525878906,43.21500015258789,144406400
2019-02-06,41.505409240722656,43.560001373291016,43.89250183105469,43.212501525878906,43.662498474121094,112958400
2019-02-07,40.71931838989258,42.73500061035156,43.48500061035156,42.584999084472656,43.099998474121094,126966800
2019-02-08,40.767173767089844,42.602500915527344,42.665000915527344,42.10499954223633,42.247501373291016,95280000
2019-02-11,40.532737731933594,42.35749816894531,42.8025016784668,42.3125,42.76250076293945,83973600
2019-02-12,40.88199234008789,42.72249984741211,42.75,42.42499923706055,42.525001525878906,89134000
2019-02-13,40.7121467590332,42.54499816894531,43.119998931884766,42.47999954223633,42.84749984741211,89960800
2019-02-14,40.860469818115234,42.70000076293945,42.814998626708984,42.345001220703125,42.4275016784668,87342800
2019-02-15,40.769561767578125,42.60499954223633,42.92499923706055,42.4375,42.8125,98507200
2019-02-19,40.891563415527344,42.73249816894531,42.86000061035156,42.372501373291016,42.4275016784668,75891200
2019-02-20,41.154720306396484,43.00749969482422,43.33000183105469,42.747501373291016,42.79750061035156,104457600
2019-02-21,40.92266845703125,42.76499938964844,43.092498779296875,42.57500076293945,42.95000076293945,68998800
2019-02-22,41.379600524902344,43.24250030517578,43.25,42.845001220703125,42.89500045776367,75652800
2019-02-25,41.681026458740234,43.557498931884766,43.967498779296875,43.48749923706055,43.540000915527344,87493600
2019-02-26,41.70494842529297,43.58250045776367,43.82500076293945,43.29249954223633,43.4275016784668,68280800
2019-02-27,41.83413314819336,43.717498779296875,43.75,43.182498931884766,43.3025016784668,111341600
2019-02-28,41.42266082763672,43.287498474121094,43.727500915527344,43.22999954223633,43.58000183105469,112861600
2019-03-01,41.858055114746094,43.74250030517578,43.787498474121094,43.22249984741211,43.56999969482422,103544800
2019-03-04,42.06858444213867,43.962501525878906,44.4375,43.49250030517578,43.92250061035156,109744800
2019-03-05,41.99201965332031,43.88249969482422,44.0,43.6349983215332,43.98500061035156,78949600
2019-03-06,41.75041198730469,43.630001068115234,43.872501373291016,43.48500061035156,43.66749954223633,83241600
2019-03-07,41.26716613769531,43.125,43.61000061035156,43.005001068115234,43.467498779296875,99185600
2019-03-08,41.3652458190918,43.227500915527344,43.26750183105469,42.375,42.58000183105469,95997600
2019-03-11,42.79823303222656,44.724998474121094,44.779998779296875,43.837501525878906,43.872501373291016,128044000
2019-03-12,43.279083251953125,45.227500915527344,45.66749954223633,44.842498779296875,45.0,129870400
2019-03-13,43.47047424316406,45.4275016784668,45.82500076293945,45.22999954223633,45.5625,124130000
2019-03-14,43.953712463378906,45.932498931884766,46.025001525878906,45.63999938964844,45.974998474121094,94318000
2019-03-15,44.52546310424805,46.529998779296875,46.83250045776367,45.935001373291016,46.212501525878906,156171600
2019-03-18,44.98000717163086,47.005001068115234,47.09749984741211,46.4474983215332,46.45000076293945,104879200
2019-03-19,44.623558044433594,46.63249969482422,47.247501373291016,46.47999954223633,47.087501525878906,126585600
2019-03-20,45.01350402832031,47.040000915527344,47.372501373291016,46.182498931884766,46.557498931884766,124140800
2019-03-21,46.67136001586914,48.772499084472656,49.08250045776367,47.45249938964844,47.505001068115234,204136800
2019-03-22,45.70486831665039,47.76250076293945,49.42250061035156,47.69499969482422,48.834999084472656,169630800
2019-03-25,45.15225601196289,47.185001373291016,47.994998931884766,46.650001525878906,47.877498626708984,175381200
2019-03-26,44.685760498046875,46.6974983215332,48.220001220703125,46.14500045776367,47.915000915527344,199202000
2019-03-27,45.08765411376953,47.11750030517578,47.439998626708984,46.63750076293945,47.1875,119393600
2019-03-28,45.14747619628906,47.18000030517578,47.38999938964844,46.88249969482422,47.23749923706055,83121600
2019-03-29,45.44172286987305,47.48749923706055,47.52000045776367,47.1349983215332,47.45750045776367,94256000
2019-04-01,45.75033187866211,47.810001373291016,47.91999816894531,47.095001220703125,47.90999984741211,111448000
2019-04-02,46.41539001464844,48.505001068115234,48.6150016784668,47.76250076293945,47.772499084472656,91062800
2019-04-03,46.73356628417969,48.837501525878906,49.125,48.287498474121094,48.3125,93087200
2019-04-04,46.81489944458008,48.92250061035156,49.092498779296875,48.28499984741211,48.6974983215332,76457200
2019-04-05,47.1282958984375,49.25,49.275001525878906,48.98249816894531,49.11249923706055,74106400
2019-04-08,47.86991500854492,50.025001525878906,50.057498931884766,49.084999084472656,49.10499954223633,103526800
2019-04-09,47.72637939453125,49.875,50.712501525878906,49.807498931884766,50.08000183105469,143072800
2019-04-10,47.99430847167969,50.154998779296875,50.185001373291016,49.54499816894531,49.66999816894531,86781200
2019-04-11,47.59479522705078,49.73749923706055,50.25,49.61000061035156,50.212501525878906,83603200
2019-04-12,47.57564926147461,49.717498779296875,50.03499984741211,49.0525016784668,49.79999923706055,111042800
2019-04-15,47.661781311035156,49.807498931884766,49.962501525878906,49.502498626708984,49.64500045776367,70146400
2019-04-16,47.66656494140625,49.8125,50.342498779296875,49.63999938964844,49.8650016784668,102785600
2019-04-17,48.59477615356445,50.782501220703125,50.845001220703125,49.65250015258789,49.8849983215332,115627200
2019-04-18,48.769412994384766,50.96500015258789,51.037498474121094,50.630001068115234,50.779998779296875,96783200
2019-04-22,48.9296989440918,51.13249969482422,51.23500061035156,50.584999084472656,50.70750045776367,77758000
2019-04-23,49.63542556762695,51.869998931884766,51.9375,50.974998474121094,51.10749816894531,93292000
2019-04-24,49.55887222290039,51.790000915527344,52.119998931884766,51.76250076293945,51.84000015258789,70162400
2019-04-25,49.1091194152832,51.31999969482422,51.939998626708984,51.279998779296875,51.70750045776367,74172800
2019-04-26,48.874671936035156,51.07500076293945,51.25,50.529998779296875,51.224998474121094,74596400
2019-04-29,48.94883728027344,51.15250015258789,51.49250030517578,50.96500015258789,51.099998474121094,88818800
2019-04-30,48.00627136230469,50.16749954223633,50.849998474121094,49.77750015258789,50.76499938964844,186139600
2019-05-01,50.36267852783203,52.630001068115234,53.82749938964844,52.307498931884766,52.470001220703125,259309200
2019-05-02,50.034934997558594,52.287498474121094,53.162498474121094,52.032501220703125,52.459999084472656,127985200
2019-05-03,50.65692901611328,52.9375,52.959999084472656,52.557498931884766,52.72249984741211,83569600
2019-05-06,49.874656677246094,52.119998931884766,52.209999084472656,50.875,51.0724983215332,129772400
2019-05-07,48.530174255371094,50.71500015258789,51.85499954223633,50.20750045776367,51.470001220703125,155054800
2019-05-08,48.53975296020508,50.724998474121094,51.334999084472656,50.4375,50.474998474121094,105358000
2019-05-09,48.018226623535156,50.18000030517578,50.41999816894531,49.165000915527344,50.099998474121094,139634400
2019-05-10,47.35300827026367,49.29499816894531,49.712501525878906,48.192501068115234,49.35499954223633,164834800
2019-05-13,44.600887298583984,46.43000030517578,47.369998931884766,45.712501525878906,46.9275016784668,229722400
2019-05-14,45.306922912597656,47.165000915527344,47.42499923706055,46.352500915527344,46.602500915527344,146118800
2019-05-15,45.84965896606445,47.72999954223633,47.9375,46.505001068115234,46.567501068115234,106178800
2019-05-16,45.6479377746582,47.52000045776367,48.11750030517578,47.209999084472656,47.477500915527344,132125600
2019-05-17,45.38857650756836,47.25,47.724998474121094,46.689998626708984,46.73249816894531,131516400
2019-05-20,43.96929168701172,45.772499084472656,46.087501525878906,45.06999969482422,45.880001068115234,154449200
2019-05-21,44.812217712402344,46.650001525878906,47.0,46.17499923706055,46.30500030517578,113459200
2019-05-22,43.89483642578125,45.69499969482422,46.4275016784668,45.63750076293945,46.165000915527344,118994400
2019-05-23,43.145565032958984,44.915000915527344,45.1349983215332,44.45249938964844,44.95000076293945,146118800
2019-05-24,42.9798698425293,44.74250030517578,45.53499984741211,44.654998779296875,45.04999923706055,94858800
2019-05-28,42.802154541015625,44.557498931884766,45.147499084472656,44.477500915527344,44.72999954223633,111792800
2019-05-29,42.59801483154297,44.345001220703125,44.837501525878906,44.0,44.10499954223633,113924800
2019-05-30,42.81895446777344,44.57500076293945,44.807498931884766,44.16749954223633,44.48749923706055,84873600
2019-05-31,42.043277740478516,43.76750183105469,44.497501373291016,43.747501373291016,44.057498931884766,108174400
2019-06-03,41.618194580078125,43.32500076293945,44.47999954223633,42.567501068115234,43.900001525878906,161584400
2019-06-04,43.14076614379883,44.90999984741211,44.95750045776367,43.630001068115234,43.86000061035156,123872000
2019-06-05,43.837196350097656,45.6349983215332,46.247501373291016,45.28499984741211,46.06999969482422,119093600
2019-06-06,44.480796813964844,46.30500030517578,46.36750030517578,45.537498474121094,45.77000045776367,90105200
2019-06-07,45.66474914550781,47.537498474121094,47.97999954223633,46.442501068115234,46.627498626708984,122737600
2019-06-10,46.248313903808594,48.14500045776367,48.842498779296875,47.904998779296875,47.95249938964844,104883600
2019-06-11,46.78385925292969,48.70249938964844,49.0,48.400001525878906,48.71500015258789,107731600
2019-06-12,46.63495635986328,48.54750061035156,48.99250030517578,48.34749984741211,48.48749923706055,73012800
2019-06-13,46.62534713745117,48.537498474121094,49.1974983215332,48.400001525878906,48.67499923706055,86698400
2019-06-14,46.286739349365234,48.185001373291016,48.397499084472656,47.57500076293945,47.88750076293945,75046000
2019-06-17,46.56292724609375,48.47249984741211,48.7400016784668,48.04249954223633,48.224998474121094,58676400
2019-06-18,47.65800476074219,49.61249923706055,50.0724983215332,48.8025016784668,49.01250076293945,106204000
2019-06-19,47.518714904785156,49.467498779296875,49.970001220703125,49.32749938964844,49.91999816894531,84496800
2019-06-20,47.90055465698242,49.8650016784668,50.15250015258789,49.50749969482422,50.092498779296875,86056000
2019-06-21,47.73725509643555,49.69499969482422,50.212501525878906,49.537498474121094,49.70000076293945,191202400
2019-06-24,47.6892204284668,49.64500045776367,50.040000915527344,49.54249954223633,49.6349983215332,72881600
2019-06-25,46.96636199951172,48.89250183105469,49.814998626708984,48.8224983215332,49.60749816894531,84281200
2019-06-26,47.982200622558594,49.95000076293945,50.247501373291016,49.337501525878906,49.442501068115234,104270000
2019-06-27,47.967796325683594,49.935001373291016,50.39250183105469,49.89250183105469,50.0724983215332,83598800
2019-06-28,47.53072738647461,49.47999954223633,49.875,49.26250076293945,49.66999816894531,124442400
2019-07-01,48.40248489379883,50.38750076293945,51.122501373291016,50.162498474121094,50.79249954223633,109012000
2019-07-02,48.68584442138672,50.682498931884766,50.782501220703125,50.34000015258789,50.352500915527344,67740800
2019-07-03,49.08930969238281,51.102500915527344,51.11000061035156,50.67250061035156,50.81999969482422,45448000
2019-07-05,49.046077728271484,51.057498931884766,51.27000045776367,50.724998474121094,50.837501525878906,69062000
2019-07-08,48.035037994384766,50.005001068115234,50.349998474121094,49.602500915527344,50.20249938964844,101354400
2019-07-09,48.328025817871094,50.310001373291016,50.377498626708984,49.70249938964844,49.79999923706055,82312000
2019-07-10,48.80592727661133,50.807498931884766,50.932498931884766,50.38999938964844,50.462501525878906,71588400
2019-07-11,48.45049285888672,50.4375,51.09749984741211,50.4275016784668,50.82749938964844,80767200
2019-07-12,48.82273483276367,50.82500076293945,51.0,50.54999923706055,50.61249923706055,70380800
2019-07-15,49.28142166137695,51.3025016784668,51.467498779296875,51.0,51.022499084472656,67789600
2019-07-16,49.11091613769531,51.125,51.52750015258789,50.875,51.147499084472656,67467200
2019-07-17,48.834747314453125,50.837501525878906,51.272499084472656,50.817501068115234,51.01250076293945,56430000
2019-07-18,49.38948440551758,51.415000915527344,51.470001220703125,50.92499923706055,51.0,74162400
2019-07-19,48.65222930908203,50.647499084472656,51.625,50.59000015258789,51.4474983215332,83717200
2019-07-22,49.764137268066406,51.80500030517578,51.807498931884766,50.90250015258789,50.912498474121094,89111600
2019-07-23,50.153167724609375,52.209999084472656,52.227500915527344,51.8224983215332,52.1150016784668,73420800
2019-07-24,50.11235046386719,52.16749954223633,52.287498474121094,51.79249954223633,51.91749954223633,59966400
2019-07-25,49.71609878540039,51.755001068115234,52.310001373291016,51.682498931884766,52.22249984741211,55638400
2019-07-26,49.889007568359375,51.935001373291016,52.432498931884766,51.78499984741211,51.869998931884766,70475600
2019-07-29,50.35490417480469,52.41999816894531,52.65999984741211,52.11000061035156,52.1150016784668,86693600
2019-07-30,50.13877487182617,52.19499969482422,52.540000915527344,51.82749938964844,52.189998626708984,135742800
2019-07-31,51.161800384521484,53.2599983215332,55.342498779296875,52.82500076293945,54.10499954223633,277125600
2019-08-01,50.054718017578125,52.10749816894531,54.50749969482422,51.685001373291016,53.474998474121094,216071600
2019-08-02,48.99564743041992,51.005001068115234,51.60749816894531,50.407501220703125,51.38249969482422,163448400
2019-08-05,46.430824279785156,48.334999084472656,49.662498474121094,48.14500045776367,49.497501373291016,209572000
2019-08-06,47.30978775024414,49.25,49.51750183105469,48.5099983215332,49.07749938964844,143299200
2019-08-07,47.79969024658203,49.7599983215332,49.88999938964844,48.45500183105469,48.852500915527344,133457600
2019-08-08,48.85395431518555,50.85749816894531,50.88249969482422,49.84749984741211,50.04999923706055,108038000
2019-08-09,48.451385498046875,50.247501373291016,50.689998626708984,49.8224983215332,50.32500076293945,98478800
2019-08-12,48.32843017578125,50.119998931884766,50.51250076293945,49.787498474121094,49.904998779296875,89927600
2019-08-13,50.37507247924805,52.24250030517578,53.03499984741211,50.119998931884766,50.255001068115234,188874000
2019-08-14,48.87566375732422,50.6875,51.61000061035156,50.647499084472656,50.790000915527344,146189600
2019-08-15,48.63218307495117,50.435001373291016,51.28499984741211,49.91749954223633,50.8650016784668,108909600
2019-08-16,49.77962875366211,51.625,51.790000915527344,50.959999084472656,51.06999969482422,110481600
2019-08-19,50.70774459838867,52.587501525878906,53.182498931884766,52.50749969482422,52.654998779296875,97654400
2019-08-20,50.71015167236328,52.59000015258789,53.337501525878906,52.58000183105469,52.720001220703125,107537200
2019-08-21,51.259765625,53.15999984741211,53.412498474121094,52.900001525878906,53.247501373291016,86141600
2019-08-22,51.21638107299805,53.1150016784668,53.61000061035156,52.6875,53.29750061035156,89014800
2019-08-23,48.84913635253906,50.65999984741211,53.01250076293945,50.25,52.35749816894531,187272000
2019-08-26,49.7772216796875,51.622501373291016,51.79750061035156,51.26499938964844,51.46500015258789,104174400
2019-08-27,49.21556091308594,51.040000915527344,52.13750076293945,50.88249969482422,51.96500015258789,103493200
2019-08-28,49.545806884765625,51.38249969482422,51.43000030517578,50.83000183105469,51.025001525878906,63755200
2019-08-29,50.38471603393555,52.252498626708984,52.33000183105469,51.665000915527344,52.125,83962000
2019-08-30,50.319618225097656,52.185001373291016,52.61249923706055,51.79999923706055,52.540000915527344,84573600
2019-09-03,49.586788177490234,51.42499923706055,51.744998931884766,51.05500030517578,51.60749816894531,80092000
2019-09-04,50.42810821533203,52.29750061035156,52.369998931884766,51.83000183105469,52.09749984741211,76752400
2019-09-05,51.41404724121094,53.31999969482422,53.49250030517578,52.877498626708984,53.0,95654800
2019-09-06,51.40923309326172,53.314998626708984,53.60499954223633,53.127498626708984,53.51250076293945,77449200
2019-09-09,51.62860107421875,53.54249954223633,54.11000061035156,52.76750183105469,53.709999084472656,109237600
2019-09-10,52.23849105834961,54.17499923706055,54.19499969482422,52.9275016784668,53.46500015258789,127111600
2019-09-11,53.899417877197266,55.897499084472656,55.9275016784668,54.432498931884766,54.51750183105469,177158400
2019-09-12,53.77888488769531,55.772499084472656,56.60499954223633,55.71500015258789,56.20000076293945,128906800
2019-09-13,52.732669830322266,54.6875,55.1974983215332,54.255001068115234,55.0,159053200
2019-09-16,53.009883880615234,54.974998474121094,55.032501220703125,54.38999938964844,54.432498931884766,84632400
2019-09-17,53.2027473449707,55.17499923706055,55.20500183105469,54.779998779296875,54.9900016784668,73274800
2019-09-18,53.701744079589844,55.692501068115234,55.712501525878906,54.86000061035156,55.26499938964844,101360000
2019-09-19,53.26542282104492,55.2400016784668,55.939998626708984,55.092498779296875,55.502498626708984,88242400
2019-09-20,52.486785888671875,54.432498931884766,55.63999938964844,54.36750030517578,55.345001220703125,221652400
2019-09-23,52.725433349609375,54.68000030517578,54.959999084472656,54.412498474121094,54.73749923706055,76662000
2019-09-24,52.474727630615234,54.41999816894531,55.622501373291016,54.29750061035156,55.25749969482422,124763200
2019-09-25,53.28228759765625,55.25749969482422,55.375,54.28499984741211,54.63750076293945,87613600
2019-09-26,53.00748062133789,54.97249984741211,55.23500061035156,54.70750045776367,55.0,75334000
2019-09-27,52.749542236328125,54.70500183105469,55.2400016784668,54.31999969482422,55.1349983215332,101408000
2019-09-30,53.99101257324219,55.99250030517578,56.14500045776367,55.1974983215332,55.224998474121094,103909600
2019-10-01,54.140472412109375,56.147499084472656,57.05500030517578,56.04999923706055,56.26750183105469,139223200
2019-10-02,52.78329086303711,54.7400016784668,55.89500045776367,54.48249816894531,55.76499938964844,138449200
2019-10-03,53.2316780090332,55.20500183105469,55.2400016784668,53.782501220703125,54.60749816894531,114426000
2019-10-04,54.72385025024414,56.752498626708984,56.872501373291016,55.97249984741211,56.40999984741211,138478800
2019-10-07,54.73590087890625,56.76499938964844,57.48249816894531,56.459999084472656,56.567501068115234,122306000
2019-10-08,54.09467315673828,56.099998474121094,57.01499938964844,56.08250045776367,56.45500183105469,111820000
2019-10-09,54.728675842285156,56.75749969482422,56.9474983215332,56.40999984741211,56.75749969482422,74770400
2019-10-10,55.466331481933594,57.522499084472656,57.61000061035156,56.82500076293945,56.98249816894531,113013600
2019-10-11,56.94164276123047,59.0525016784668,59.40999984741211,58.07749938964844,58.23749923706055,166795600
2019-10-14,56.859676361083984,58.967498779296875,59.532501220703125,58.66749954223633,58.724998474121094,96427600
2019-10-15,56.72709655761719,58.83000183105469,59.412498474121094,58.720001220703125,59.09749984741211,87360000
2019-10-16,56.498085021972656,58.592498779296875,58.810001373291016,58.29999923706055,58.342498779296875,73903200
2019-10-17,56.71746063232422,58.81999969482422,59.037498474121094,58.380001068115234,58.772499084472656,67585200
2019-10-18,56.98984909057617,59.102500915527344,59.39500045776367,58.5724983215332,58.647499084472656,97433600
2019-10-21,57.978214263916016,60.127498626708984,60.247501373291016,59.33000183105469,59.380001068115234,87247200
2019-10-22,57.845619201660156,59.9900016784668,60.54999923706055,59.904998779296875,60.290000915527344,82293600
2019-10-23,58.62184524536133,60.79499816894531,60.810001373291016,60.30500030517578,60.525001525878906,75828800
2019-10-24,58.71827697753906,60.89500045776367,61.20000076293945,60.45249938964844,61.127498626708984,69275200
2019-10-25,59.441463470458984,61.64500045776367,61.682498931884766,60.720001220703125,60.790000915527344,73477200
2019-10-28,60.03689956665039,62.26250076293945,62.3125,61.68000030517578,61.85499954223633,96572800
2019-10-29,58.64837646484375,60.8224983215332,62.4375,60.64250183105469,62.24250030517578,142839600
2019-10-30,58.641136169433594,60.814998626708984,61.32500076293945,60.3025016784668,61.189998626708984,124522000
2019-10-31,59.96699523925781,62.189998626708984,62.29249954223633,59.314998626708984,61.810001373291016,139162000
2019-11-01,61.66889953613281,63.95500183105469,63.98249816894531,62.290000915527344,62.3849983215332,151125200
2019-11-04,62.07387924194336,64.375,64.4625015258789,63.845001220703125,64.3324966430664,103272000
2019-11-05,61.98468780517578,64.28250122070312,64.54750061035156,64.08000183105469,64.26249694824219,79897600
2019-11-06,62.01120376586914,64.30999755859375,64.37249755859375,63.842498779296875,64.19249725341797,75864400
2019-11-07,62.72688293457031,64.85749816894531,65.0875015258789,64.52749633789062,64.68499755859375,94940400
2019-11-08,62.898563385009766,65.03500366210938,65.11000061035156,64.2125015258789,64.67250061035156,69986400
2019-11-11,63.39664840698242,65.55000305175781,65.61750030517578,64.56999969482422,64.57499694824219,81821200
2019-11-12,63.33861541748047,65.48999786376953,65.69750213623047,65.2300033569336,65.38749694824219,87388800
2019-11-13,63.94553756713867,66.11750030517578,66.19499969482422,65.26750183105469,65.28250122070312,102734400
2019-11-14,63.50304412841797,65.66000366210938,66.22000122070312,65.5250015258789,65.9375,89182800
2019-11-15,64.25741577148438,66.44000244140625,66.44499969482422,65.75250244140625,65.91999816894531,100206400
2019-11-18,64.58140563964844,66.7750015258789,66.85749816894531,66.05750274658203,66.44999694824219,86703200
2019-11-19,64.38555908203125,66.57250213623047,67.0,66.34750366210938,66.9749984741211,76167200
2019-11-20,63.63601303100586,65.79750061035156,66.5199966430664,65.0999984741211,66.38500213623047,106234400
2019-11-21,63.35070037841797,65.50250244140625,66.00250244140625,65.29499816894531,65.92250061035156,121395200
2019-11-22,63.295108795166016,65.44499969482422,65.79499816894531,65.20999908447266,65.64749908447266,65325200
2019-11-25,64.40489196777344,66.59249877929688,66.61000061035156,65.62999725341797,65.67749786376953,84020400
2019-11-26,63.9019775390625,66.07250213623047,66.79000091552734,65.625,66.73500061035156,105207600
2019-11-27,64.76032257080078,66.95999908447266,66.99500274658203,66.32749938964844,66.3949966430664,65235600
2019-11-29,64.61766815185547,66.8125,67.0,66.4749984741211,66.6500015258789,46617600
2019-12-02,63.87055969238281,66.04000091552734,67.0625,65.86250305175781,66.81749725341797,94487200
2019-12-03,62.73173141479492,64.86250305175781,64.88249969482422,64.07250213623047,64.57749938964844,114430400
2019-12-04,63.28541946411133,65.43499755859375,65.82749938964844,65.16999816894531,65.26750183105469,67181600
2019-12-05,64.21389770507812,66.3949966430664,66.47250366210938,65.68250274658203,65.94750213623047,74424400
2019-12-06,65.45426177978516,67.67749786376953,67.75,66.82499694824219,66.87000274658203,106075600
2019-12-09,64.53789520263672,66.7300033569336,67.69999694824219,66.22750091552734,67.5,128042400
2019-12-10,64.91507720947266,67.12000274658203,67.51750183105469,66.46499633789062,67.1500015258789,90420400
2019-12-11,65.4687728881836,67.69249725341797,67.7750015258789,67.125,67.20249938964844,78756800
2019-12-12,65.6355972290039,67.86499786376953,68.13999938964844,66.83000183105469,66.94499969482422,137310400
2019-12-13,66.52778625488281,68.7874984741211,68.82499694824219,67.73249816894531,67.86499786376953,133587600
2019-12-16,67.6666259765625,69.96499633789062,70.19750213623047,69.24500274658203,69.25,128186000
2019-12-17,67.79960632324219,70.10250091552734,70.44249725341797,69.69999694824219,69.89250183105469,114158400
2019-12-18,67.63760375976562,69.93499755859375,70.4749984741211,69.77999877929688,69.94999694824219,116028400
2019-12-19,67.70530700683594,70.00499725341797,70.29499816894531,69.73750305175781,69.875,98369200
2019-12-20,67.56505584716797,69.86000061035156,70.6624984741211,69.63999938964844,70.55750274658203,275978000
2019-12-23,68.6676254272461,71.0,71.0625,70.09249877929688,70.13249969482422,98572000
2019-12-24,68.73287200927734,71.06749725341797,71.22250366210938,70.7300033569336,71.17250061035156,48478800
2019-12-26,70.0965805053711,72.47750091552734,72.49500274658203,71.17500305175781,71.20500183105469,93121200
2019-12-27,70.06997680664062,72.44999694824219,73.49250030517578,72.02999877929688,72.77999877929688,146266000
2019-12-30,70.48584747314453,72.87999725341797,73.17250061035156,71.30500030517578,72.36499786376953,144114400
2019-12-31,71.00086212158203,73.4124984741211,73.41999816894531,72.37999725341797,72.48249816894531,100805600
2020-01-02,72.62084197998047,75.0875015258789,75.1500015258789,73.79750061035156,74.05999755859375,135480400
2020-01-03,71.91481018066406,74.35749816894531,75.1449966430664,74.125,74.2874984741211,146322800
2020-01-06,72.48786163330078,74.94999694824219,74.98999786376953,73.1875,73.44750213623047,118387200
2020-01-07,72.14693450927734,74.59750366210938,75.2249984741211,74.37000274658203,74.95999908447266,108872000
2020-01-08,73.30751037597656,75.79750061035156,76.11000061035156,74.29000091552734,74.29000091552734,132079200
2020-01-09,74.86461639404297,77.40750122070312,77.60749816894531,76.55000305175781,76.80999755859375,170108400
2020-01-10,75.03388214111328,77.5824966430664,78.1675033569336,77.0625,77.6500015258789,140644800
2020-01-13,76.63691711425781,79.23999786376953,79.26750183105469,77.7874984741211,77.91000366210938,121532000
2020-01-14,75.6020736694336,78.16999816894531,79.39250183105469,78.0425033569336,79.17500305175781,161954400
2020-01-15,75.27809143066406,77.83499908447266,78.875,77.38749694824219,77.9625015258789,121923600
2020-01-16,76.2210464477539,78.80999755859375,78.92500305175781,78.02249908447266,78.39749908447266,108829200
2020-01-17,77.06488800048828,79.68250274658203,79.68499755859375,78.75,79.06749725341797,137816400
2020-01-21,76.5426254272461,79.14250183105469,79.75499725341797,79.0,79.29750061035156,110843200
2020-01-22,76.81583404541016,79.42500305175781,79.99749755859375,79.32749938964844,79.6449966430664,101832400
2020-01-23,77.18577575683594,79.80750274658203,79.88999938964844,78.9124984741211,79.4800033569336,104472000
2020-01-24,76.96334075927734,79.57749938964844,80.8324966430664,79.37999725341797,80.0625,146537600
2020-01-27,74.70020294189453,77.23750305175781,77.94249725341797,76.22000122070312,77.51499938964844,161940000
2020-01-28,76.81343078613281,79.42250061035156,79.5999984741211,78.04750061035156,78.1500015258789,162234000
2020-01-29,78.42133331298828,81.08499908447266,81.9625015258789,80.34500122070312,81.11250305175781,216229200
2020-01-30,78.30767822265625,80.96749877929688,81.02249908447266,79.6875,80.13500213623047,126743200
2020-01-31,74.8355941772461,77.37750244140625,80.66999816894531,77.07250213623047,80.23249816894531,199588400
2020-02-03,74.63008880615234,77.16500091552734,78.37249755859375,75.55500030517578,76.07499694824219,173788400
2020-02-04,77.0938949584961,79.7125015258789,79.91000366210938,78.40750122070312,78.82749938964844,136616400
2020-02-05,77.72257232666016,80.36250305175781,81.19000244140625,79.73750305175781,80.87999725341797,118826800
2020-02-06,78.63167572021484,81.30249786376953,81.30500030517578,80.06500244140625,80.64250183105469,105425600
2020-02-07,77.56285095214844,80.00749969482422,80.8499984741211,79.5,80.59249877929688,117684000
2020-02-10,77.93123626708984,80.38749694824219,80.38749694824219,78.4625015258789,78.54499816894531,109348800
2020-02-11,77.46107482910156,79.90249633789062,80.9749984741211,79.67749786376953,80.9000015258789,94323200
2020-02-12,79.30060577392578,81.80000305175781,81.80500030517578,80.36750030517578,80.36750030517578,113730400
2020-02-13,78.73589324951172,81.21749877929688,81.55500030517578,80.8375015258789,81.04750061035156,94747600
2020-02-14,78.7552719116211,81.23750305175781,81.49500274658203,80.7125015258789,81.18499755859375,80113600
2020-02-18,77.31322479248047,79.75,79.9375,78.65249633789062,78.83999633789062,152531200
2020-02-19,78.43292999267578,80.90499877929688,81.14250183105469,80.0,80.0,93984000
2020-02-20,77.6282730102539,80.07499694824219,81.1624984741211,79.55249786376953,80.65750122070312,100566000
2020-02-21,75.87117767333984,78.26249694824219,80.11250305175781,77.625,79.65499877929688,129554000
2020-02-24,72.26725769042969,74.54499816894531,76.04499816894531,72.30750274658203,74.31500244140625,222195200
2020-02-25,69.81940460205078,72.0199966430664,75.63249969482422,71.53250122070312,75.23750305175781,230673600
2020-02-26,70.92699432373047,73.1624984741211,74.47000122070312,71.625,71.63249969482422,198054800
2020-02-27,66.29061889648438,68.37999725341797,71.5,68.23999786376953,70.2750015258789,320605600
2020-02-28,66.2518539428711,68.33999633789062,69.60250091552734,64.09249877929688,64.31500244140625,426510000
2020-03-02,72.41996002197266,74.70249938964844,75.36000061035156,69.43000030517578,70.56999969482422,341397200
2020-03-03,70.11994171142578,72.33000183105469,76.0,71.44999694824219,75.9175033569336,319475600
2020-03-04,73.3724136352539,75.68499755859375,75.8499984741211,73.28250122070312,74.11000061035156,219178400
2020-03-05,70.99244689941406,73.2300033569336,74.88749694824219,72.85250091552734,73.87999725341797,187572800
2020-03-06,70.04965209960938,72.25749969482422,72.70500183105469,70.30750274658203,70.5,226176800
2020-03-09,64.50929260253906,66.5425033569336,69.52249908447266,65.75,65.9375,286744800
2020-03-10,69.15535736083984,71.33499908447266,71.61000061035156,67.34249877929688,69.28500366210938,285290000
2020-03-11,66.75355529785156,68.85749816894531,70.30500030517578,67.96499633789062,69.34750366210938,255598800
2020-03-12,60.16132354736328,62.057498931884766,67.5,62.0,63.98500061035156,418474000
2020-03-13,67.369140625,69.49250030517578,69.9800033569336,63.23749923706055,66.22250366210938,370732000
2020-03-16,58.70231246948242,60.5525016784668,64.7699966430664,60.0,60.48749923706055,322423600
2020-03-17,61.28345489501953,63.21500015258789,64.40249633789062,59.599998474121094,61.877498626708984,324056000
2020-03-18,59.78324508666992,61.66749954223633,62.5,59.279998779296875,59.942501068115234,300233600
2020-03-19,59.32517623901367,61.19499969482422,63.209999084472656,60.65250015258789,61.84749984741211,271857200
2020-03-20,55.558895111083984,57.310001373291016,62.95750045776367,57.0,61.79499816894531,401693200
2020-03-23,54.37858200073242,56.092498779296875,57.125,53.15250015258789,57.02000045776367,336752800
2020-03-24,59.834136962890625,61.720001220703125,61.92250061035156,58.57500076293945,59.09000015258789,287531200
2020-03-25,59.5045166015625,61.380001068115234,64.5625,61.07500076293945,62.6875,303602000
2020-03-26,62.635826110839844,64.61000061035156,64.66999816894531,61.59000015258789,61.630001068115234,252087200
2020-03-27,60.042572021484375,61.935001373291016,63.967498779296875,61.76250076293945,63.1875,204216800
2020-03-30,61.75606155395508,63.70249938964844,63.880001068115234,62.349998474121094,62.685001373291016,167976400
2020-03-31,61.630035400390625,63.5724983215332,65.62249755859375,63.0,63.900001525878906,197002000
2020-04-01,58.387237548828125,60.227500915527344,62.18000030517578,59.782501220703125,61.625,176218400
2020-04-02,59.36152648925781,61.23249816894531,61.287498474121094,59.224998474121094,60.084999084472656,165934000
2020-04-03,58.508419036865234,60.352500915527344,61.42499923706055,59.74250030517578,60.70000076293945,129880000
2020-04-06,63.612552642822266,65.61750030517578,65.77749633789062,62.345001220703125,62.724998474121094,201820400
2020-04-07,62.875755310058594,64.85749816894531,67.92500305175781,64.75,67.69999694824219,202887200
2020-04-08,64.48503875732422,66.51750183105469,66.84249877929688,65.30750274658203,65.68499755859375,168895200
2020-04-09,64.95036315917969,66.99749755859375,67.51750183105469,66.17500305175781,67.17500305175781,161834800
2020-04-13,66.22521209716797,68.3125,68.42500305175781,66.4574966430664,67.07749938964844,131022800
2020-04-14,69.56978607177734,71.76249694824219,72.0625,69.51249694824219,70.0,194994800
2020-04-15,68.9347915649414,71.10749816894531,71.5824966430664,70.15750122070312,70.5999984741211,131154400
2020-04-16,69.4825210571289,71.67250061035156,72.05000305175781,70.5875015258789,71.84500122070312,157125200
2020-04-17,68.53974151611328,70.69999694824219,71.73750305175781,69.21499633789062,71.17250061035156,215250000
2020-04-20,67.11709594726562,69.23249816894531,70.41999816894531,69.2125015258789,69.48750305175781,130015200
2020-04-21,65.04248046875,67.09249877929688,69.3125,66.35749816894531,69.06999969482422,180991600
2020-04-22,66.91592407226562,69.0250015258789,69.4749984741211,68.05000305175781,68.40249633789062,116862400
2020-04-23,66.6566162109375,68.75749969482422,70.4375,68.71749877929688,68.96749877929688,124814400
2020-04-24,68.58094024658203,70.74250030517578,70.75250244140625,69.25,69.30000305175781,126161200
2020-04-27,68.62943267822266,70.7925033569336,71.13500213623047,69.98750305175781,70.44999694824219,117087600
2020-04-28,67.51698303222656,69.6449966430664,71.4574966430664,69.55000305175781,71.2699966430664,112004800
2020-04-29,69.73461151123047,71.93250274658203,72.4175033569336,70.97250366210938,71.18250274658203,137280800
2020-04-30,71.20572662353516,73.44999694824219,73.63249969482422,72.0875015258789,72.48999786376953,183064000
2020-05-01,70.0593490600586,72.26750183105469,74.75,71.4625015258789,71.5625,240616800
2020-05-04,71.05059051513672,73.29000091552734,73.42250061035156,71.58000183105469,72.2925033569336,133568000
2020-05-05,72.11698913574219,74.38999938964844,75.25,73.61499786376953,73.76499938964844,147751200
2020-05-06,72.86103820800781,75.15750122070312,75.80999755859375,74.71749877929688,75.11499786376953,142333600
2020-05-07,73.61478424072266,75.93499755859375,76.2925033569336,75.49250030517578,75.80500030517578,115215200
2020-05-08,75.366943359375,77.53250122070312,77.5875015258789,76.07250213623047,76.41000366210938,133838400
2020-05-11,76.55288696289062,78.75250244140625,79.26249694824219,76.80999755859375,77.0250015258789,145946400
2020-05-12,75.67800903320312,77.85250091552734,79.92250061035156,77.72750091552734,79.4574966430664,162301200
2020-05-13,74.7642593383789,76.9124984741211,78.98750305175781,75.80249786376953,78.0374984741211,200622400
2020-05-14,75.22356414794922,77.38500213623047,77.44750213623047,75.38249969482422,76.12750244140625,158929200
2020-05-15,74.7788314819336,76.92749786376953,76.9749984741211,75.05249786376953,75.0875015258789,166348400
2020-05-18,76.54072570800781,78.73999786376953,79.125,77.58000183105469,78.2925033569336,135178400
2020-05-19,76.09842681884766,78.28500366210938,79.62999725341797,78.25250244140625,78.75749969482422,101729600
2020-05-20,77.57840728759766,79.80750274658203,79.87999725341797,79.12999725341797,79.16999816894531,111504800
2020-05-21,77.00004577636719,79.2125015258789,80.22250366210938,78.96749877929688,79.66500091552734,102688800
2020-05-22,77.49578857421875,79.72250366210938,79.80750274658203,78.8375015258789,78.94249725341797,81803200
2020-05-26,76.97085571289062,79.18250274658203,81.05999755859375,79.125,80.875,125522000
2020-05-27,77.30622863769531,79.52749633789062,79.67749786376953,78.27249908447266,79.03500366210938,112945200
2020-05-28,77.34024810791016,79.5625,80.86000061035156,78.90750122070312,79.19249725341797,133560800
2020-05-29,77.26490020751953,79.48500061035156,80.2874984741211,79.11750030517578,79.8125,153532400
2020-06-01,78.2151107788086,80.4625015258789,80.5875015258789,79.30249786376953,79.4375,80791200
2020-06-02,78.57720184326172,80.83499908447266,80.86000061035156,79.73249816894531,80.1875,87642800
2020-06-03,79.009765625,81.27999877929688,81.55000305175781,80.57499694824219,81.16500091552734,104491200
2020-06-04,78.3293228149414,80.58000183105469,81.40499877929688,80.19499969482422,81.09750366210938,87560400
2020-06-05,80.56024169921875,82.875,82.9375,80.80750274658203,80.8375015258789,137250400
2020-06-08,81.03654479980469,83.36499786376953,83.4000015258789,81.83000183105469,82.5625,95654400
2020-06-09,83.59550476074219,85.99749755859375,86.40249633789062,83.00250244140625,83.03500366210938,147712400
2020-06-10,85.7462158203125,88.20999908447266,88.69249725341797,86.52249908447266,86.9749984741211,166651600
2020-06-11,81.62950897216797,83.9749984741211,87.76499938964844,83.87000274658203,87.32749938964844,201662400
2020-06-12,82.3342514038086,84.69999694824219,86.94999694824219,83.55500030517578,86.18000030517578,200146000
2020-06-15,83.35249328613281,85.74749755859375,86.41999816894531,83.1449966430664,83.3125,138808800
2020-06-16,85.5615234375,88.0199966430664,88.30000305175781,86.18000030517578,87.86499786376953,165428800
2020-06-17,85.44243621826172,87.89749908447266,88.8499984741211,87.77249908447266,88.7874984741211,114406400
2020-06-18,85.47648620605469,87.93250274658203,88.36250305175781,87.30500030517578,87.85250091552734,96820400
2020-06-19,84.98799133300781,87.43000030517578,89.13999938964844,86.2874984741211,88.66000366210938,264476000
2020-06-22,87.21161651611328,89.71749877929688,89.86499786376953,87.7874984741211,87.83499908447266,135445200
2020-06-23,89.07310485839844,91.63249969482422,93.09500122070312,90.56749725341797,91.0,212155600
2020-06-24,87.50080871582031,90.01499938964844,92.19750213623047,89.62999725341797,91.25,192623200
2020-06-25,88.66242980957031,91.20999908447266,91.25,89.39250183105469,90.17500305175781,137522400
2020-06-26,85.93819427490234,88.40750122070312,91.33000183105469,88.25499725341797,91.10250091552734,205256800
2020-06-29,87.91879272460938,90.44499969482422,90.5425033569336,87.81999969482422,88.3125,130646000
2020-06-30,88.6526870727539,91.19999694824219,91.49500274658203,90.0,90.0199966430664,140223200
2020-07-01,88.48500061035156,91.02749633789062,91.83999633789062,90.97750091552734,91.27999877929688,110737200
2020-07-02,88.48500061035156,91.02749633789062,92.61750030517578,90.91000366210938,91.9625015258789,114041600
2020-07-06,90.85201263427734,93.4625015258789,93.94499969482422,92.46749877929688,92.5,118655600
2020-07-07,90.57009887695312,93.17250061035156,94.65499877929688,93.05750274658203,93.85250091552734,112424400
2020-07-08,92.67949676513672,95.34249877929688,95.375,94.08999633789062,94.18000030517578,117092000
2020-07-09,93.07805633544922,95.75250244140625,96.31749725341797,94.67250061035156,96.26249694824219,125642800
2020-07-10,93.24085235595703,95.91999816894531,95.9800033569336,94.70500183105469,95.33499908447266,90257200
2020-07-13,92.81072998046875,95.47750091552734,99.95500183105469,95.25749969482422,97.26499938964844,191649200
2020-07-14,94.34659576416016,97.05750274658203,97.25499725341797,93.87750244140625,94.83999633789062,170989200
2020-07-15,94.99543762207031,97.7249984741211,99.24749755859375,96.48999786376953,98.98999786376953,153198000
2020-07-16,93.8265151977539,96.52249908447266,97.40499877929688,95.90499877929688,96.5625,110577600
2020-07-17,93.6369857788086,96.32749938964844,97.14749908447266,95.83999633789062,96.98750305175781,92186800
2020-07-20,95.61028289794922,98.35749816894531,98.5,96.0625,96.4175033569336,90318000
2020-07-21,94.2906723022461,97.0,99.25,96.74250030517578,99.17250061035156,103433200
2020-07-22,94.55560302734375,97.27249908447266,97.9749984741211,96.60250091552734,96.69249725341797,89001600
2020-07-23,90.25174713134766,92.84500122070312,97.07749938964844,92.01000213623047,96.99749755859375,197004400
2020-07-24,90.02818298339844,92.61499786376953,92.97000122070312,89.1449966430664,90.98750305175781,185438800
2020-07-27,92.161865234375,94.80999755859375,94.90499877929688,93.4800033569336,93.70999908447266,121214000
2020-07-28,90.64786529541016,93.25250244140625,94.55000305175781,93.24749755859375,94.36750030517578,103625600
2020-07-29,92.38544464111328,95.04000091552734,95.2300033569336,93.7125015258789,93.75,90329200
2020-07-30,93.5033187866211,96.19000244140625,96.29750061035156,93.76750183105469,94.1875,158130000
2020-07-31,103.29206085205078,106.26000213623047,106.41500091552734,100.82499694824219,102.88500213623047,374336800
2020-08-03,105.89476776123047,108.9375,111.63749694824219,107.89250183105469,108.19999694824219,308151200
2020-08-04,106.6019515991211,109.66500091552734,110.79000091552734,108.38749694824219,109.13249969482422,173071600
2020-08-05,106.98834228515625,110.0625,110.39250183105469,108.89749908447266,109.37750244140625,121776800
2020-08-06,110.72108459472656,113.90249633789062,114.4124984741211,109.79750061035156,110.40499877929688,202428800
2020-08-07,108.20378112792969,111.11250305175781,113.67500305175781,110.2925033569336,113.20500183105469,198045600
2020-08-10,109.7764663696289,112.72750091552734,113.7750015258789,110.0,112.5999984741211,212403600
2020-08-11,106.51174926757812,109.375,112.48249816894531,109.10749816894531,111.97000122070312,187902400
2020-08-12,110.05158233642578,113.01000213623047,113.2750015258789,110.29750061035156,110.49749755859375,165598000
2020-08-13,111.99923706054688,115.01000213623047,116.0425033569336,113.92749786376953,114.43000030517578,210082000
2020-08-14,111.89942169189453,114.90750122070312,115.0,113.04499816894531,114.83000183105469,165565200
2020-08-17,111.6072769165039,114.60749816894531,116.0875015258789,113.9625015258789,116.0625,119561600
2020-08-18,112.53726959228516,115.5625,116.0,114.00749969482422,114.35250091552734,105633600
2020-08-19,112.67848205566406,115.7074966430664,117.1624984741211,115.61000061035156,115.98249816894531,145538000
2020-08-20,115.17877960205078,118.2750015258789,118.39250183105469,115.73249816894531,115.75,126907200
2020-08-21,121.11421203613281,124.37000274658203,124.86750030517578,119.25,119.26249694824219,338054800
2020-08-24,122.56275939941406,125.85749816894531,128.78500366210938,123.9375,128.69749450683594,345937600
2020-08-25,121.55729675292969,124.82499694824219,125.18000030517578,123.05249786376953,124.69750213623047,211495600
2020-08-26,123.21035766601562,126.52249908447266,126.99250030517578,125.0824966430664,126.18000030517578,163022400
2020-08-27,121.73747253417969,125.01000213623047,127.48500061035156,123.8324966430664,127.14250183105469,155552400
2020-08-28,121.54025268554688,124.80750274658203,126.44249725341797,124.57749938964844,126.01249694824219,187630000
2020-08-31,125.66194152832031,129.0399932861328,131.0,126.0,127.58000183105469,225702700
2020-09-01,130.66738891601562,134.17999267578125,134.8000030517578,130.52999877929688,132.75999450683594,151948100
2020-09-02,127.96015930175781,131.39999389648438,137.97999572753906,127.0,137.58999633789062,200119000
2020-09-03,117.71556854248047,120.87999725341797,128.83999633789062,120.5,126.91000366210938,257599600
2020-09-04,117.7934799194336,120.95999908447266,123.69999694824219,110.88999938964844,120.06999969482422,332607200
2020-09-08,109.8665771484375,112.81999969482422,118.98999786376953,112.68000030517578,113.94999694824219,231366600
2020-09-09,114.24876403808594,117.31999969482422,119.13999938964844,115.26000213623047,117.26000213623047,176940500
2020-09-10,110.51903533935547,113.48999786376953,120.5,112.5,120.36000061035156,182274400
2020-09-11,109.06803894042969,112.0,115.2300033569336,110.0,114.56999969482422,180860300
2020-09-14,112.34008026123047,115.36000061035156,115.93000030517578,112.80000305175781,114.72000122070312,140150100
2020-09-15,112.51537322998047,115.54000091552734,118.83000183105469,113.61000061035156,118.33000183105469,184642000
2020-09-16,109.19462585449219,112.12999725341797,116.0,112.04000091552734,115.2300033569336,154679000
2020-09-17,107.45148468017578,110.33999633789062,112.19999694824219,108.70999908447266,109.72000122070312,178011000
2020-09-18,104.0431137084961,106.83999633789062,110.87999725341797,106.08999633789062,110.4000015258789,287104900
2020-09-21,107.19831085205078,110.08000183105469,110.19000244140625,103.0999984741211,104.54000091552734,195713800
2020-09-22,108.88301086425781,111.80999755859375,112.86000061035156,109.16000366210938,112.68000030517578,183055400
2020-09-23,104.31580352783203,107.12000274658203,112.11000061035156,106.7699966430664,111.62000274658203,150718700
2020-09-24,105.38697814941406,108.22000122070312,110.25,105.0,105.16999816894531,167743300
2020-09-25,109.34070587158203,112.27999877929688,112.44000244140625,107.66999816894531,108.43000030517578,149981400
2020-09-28,111.95054626464844,114.95999908447266,115.31999969482422,112.77999877929688,115.01000213623047,137672400
2020-09-29,111.10331726074219,114.08999633789062,115.30999755859375,113.56999969482422,114.55000305175781,99382200
2020-09-30,112.7782974243164,115.80999755859375,117.26000213623047,113.62000274658203,113.79000091552734,142675200
2020-10-01,113.7326431274414,116.79000091552734,117.72000122070312,115.83000183105469,117.63999938964844,116120400
2020-10-02,110.06131744384766,113.0199966430664,115.37000274658203,112.22000122070312,112.88999938964844,144712000
2020-10-05,113.4502182006836,116.5,116.6500015258789,113.55000305175781,113.91000366210938,106243800
2020-10-06,110.19768524169922,113.16000366210938,116.12000274658203,112.25,115.69999694824219,161498200
2020-10-07,112.0674057006836,115.08000183105469,115.55000305175781,114.12999725341797,114.62000274658203,96849000
2020-10-08,111.96028900146484,114.97000122070312,116.4000015258789,114.58999633789062,116.25,83477200
2020-10-09,113.9079360961914,116.97000122070312,117.0,114.91999816894531,115.27999877929688,100506900
2020-10-12,121.14341735839844,124.4000015258789,125.18000030517578,119.27999877929688,120.05999755859375,240226800
2020-10-13,117.92980194091797,121.0999984741211,125.38999938964844,119.6500015258789,125.2699966430664,262330500
2020-10-14,118.0174560546875,121.19000244140625,123.02999877929688,119.62000274658203,121.0,150712000
2020-10-15,117.55001831054688,120.70999908447266,121.19999694824219,118.1500015258789,118.72000122070312,112559200
2020-10-16,115.90425109863281,119.0199966430664,121.55000305175781,118.80999755859375,121.27999877929688,115393800
2020-10-19,112.94386291503906,115.9800033569336,120.41999816894531,115.66000366210938,119.95999908447266,120639300
2020-10-20,114.43379211425781,117.51000213623047,118.9800033569336,115.62999725341797,116.19999694824219,124423700
2020-10-21,113.810546875,116.87000274658203,118.70999908447266,116.44999694824219,116.66999816894531,89946000
2020-10-22,112.7198715209961,115.75,118.04000091552734,114.58999633789062,117.44999694824219,101988000
2020-10-23,112.02843475341797,115.04000091552734,116.55000305175781,114.27999877929688,116.38999938964844,82572600
2020-10-26,112.0382080078125,115.05000305175781,116.55000305175781,112.87999725341797,114.01000213623047,111850700
2020-10-27,113.54759979248047,116.5999984741211,117.27999877929688,114.54000091552734,115.48999786376953,92276800
2020-10-28,108.28897094726562,111.19999694824219,115.43000030517578,111.0999984741211,115.05000305175781,143937800
2020-10-29,112.30110931396484,115.31999969482422,116.93000030517578,112.19999694824219,112.37000274658203,146129200
2020-10-30,106.01021575927734,108.86000061035156,111.98999786376953,107.72000122070312,111.05999755859375,190272600
2020-11-02,105.92259216308594,108.7699966430664,110.68000030517578,107.31999969482422,109.11000061035156,122866900
2020-11-03,107.54888916015625,110.44000244140625,111.48999786376953,108.7300033569336,109.66000366210938,107624400
2020-11-04,111.94081115722656,114.94999694824219,115.58999633789062,112.3499984741211,114.13999938964844,138235500
2020-11-05,115.91401672363281,119.02999877929688,119.62000274658203,116.87000274658203,117.94999694824219,126387100
2020-11-06,115.78231811523438,118.69000244140625,119.19999694824219,116.12999725341797,118.31999969482422,114457900
2020-11-09,113.47037506103516,116.31999969482422,121.98999786376953,116.05000305175781,120.5,154515300
2020-11-10,113.1289291381836,115.97000122070312,117.58999633789062,114.12999725341797,115.55000305175781,138023400
2020-11-11,116.56270599365234,119.48999786376953,119.62999725341797,116.44000244140625,117.19000244140625,112295000
2020-11-12,116.28956604003906,119.20999908447266,120.52999877929688,118.56999969482422,119.62000274658203,103162300
2020-11-13,116.33834838867188,119.26000213623047,119.66999816894531,117.87000274658203,119.44000244140625,81581900
2020-11-16,117.35285949707031,120.30000305175781,120.98999786376953,118.1500015258789,118.91999816894531,91183000
2020-11-17,116.46515655517578,119.38999938964844,120.66999816894531,118.95999908447266,119.55000305175781,74271000
2020-11-18,115.13847351074219,118.02999877929688,119.81999969482422,118.0,118.61000061035156,76322100
2020-11-19,115.73353576660156,118.63999938964844,119.05999755859375,116.80999755859375,117.58999633789062,74113000
2020-11-20,114.46539306640625,117.33999633789062,118.7699966430664,117.29000091552734,118.63999938964844,73604300
2020-11-23,111.0608901977539,113.8499984741211,117.62000274658203,113.75,117.18000030517578,127959300
2020-11-24,112.34854888916016,115.16999816894531,115.8499984741211,112.58999633789062,113.91000366210938,113874200
2020-11-25,113.18748474121094,116.02999877929688,116.75,115.16999816894531,115.55000305175781,76499200
2020-11-27,113.73375701904297,116.58999633789062,117.48999786376953,116.22000122070312,116.56999969482422,46691300
2020-11-30,116.13348388671875,119.05000305175781,120.97000122070312,116.80999755859375,116.97000122070312,169410200
2020-12-01,119.71358489990234,122.72000122070312,123.47000122070312,120.01000213623047,121.01000213623047,127728200
2020-12-02,120.06478118896484,123.08000183105469,123.37000274658203,120.88999938964844,122.0199966430664,89004200
2020-12-03,119.9281997680664,122.94000244140625,123.77999877929688,122.20999908447266,123.5199966430664,78967600
2020-12-04,119.25509643554688,122.25,122.86000061035156,121.5199966430664,122.5999984741211,78260400
2020-12-07,120.71835327148438,123.75,124.56999969482422,122.25,122.30999755859375,86712000
2020-12-08,121.33291625976562,124.37999725341797,124.9800033569336,123.08999633789062,124.37000274658203,82225500
2020-12-09,118.79660034179688,121.77999877929688,125.94999694824219,121.0,124.52999877929688,115089200
2020-12-10,120.22084045410156,123.23999786376953,123.87000274658203,120.1500015258789,120.5,81312200
2020-12-11,119.41119384765625,122.41000366210938,122.76000213623047,120.55000305175781,122.43000030517578,86939800
2020-12-14,118.79660034179688,121.77999877929688,123.3499984741211,121.54000091552734,122.5999984741211,79184500
2020-12-15,124.74717712402344,127.87999725341797,127.9000015258789,124.12999725341797,124.33999633789062,157243700
2020-12-16,124.67889404296875,127.80999755859375,128.3699951171875,126.55999755859375,127.41000366210938,98208600
2020-12-17,125.54708099365234,128.6999969482422,129.5800018310547,128.0399932861328,128.89999389648438,94359800
2020-12-18,123.55705261230469,126.66000366210938,129.10000610351562,126.12000274658203,128.9600067138672,192541500
2020-12-21,125.08859252929688,128.22999572753906,128.30999755859375,123.44999694824219,125.0199966430664,121251600
2020-12-22,128.64918518066406,131.8800048828125,134.41000366210938,129.64999389648438,131.61000061035156,168904800
2020-12-23,127.751708984375,130.9600067138672,132.42999267578125,130.77999877929688,132.16000366210938,88223700
2020-12-24,128.73696899414062,131.97000122070312,133.4600067138672,131.10000610351562,131.32000732421875,54930100
2020-12-28,133.34136962890625,136.69000244140625,137.33999633789062,133.50999450683594,133.99000549316406,124486200
2020-12-29,131.56591796875,134.8699951171875,138.7899932861328,134.33999633789062,138.0500030517578,121047300
2020-12-30,130.4441375732422,133.72000122070312,135.99000549316406,133.39999389648438,135.5800018310547,96452100
2020-12-31,129.4393310546875,132.69000244140625,134.74000549316406,131.72000122070312,134.0800018310547,99116600
2021-01-04,126.23967742919922,129.41000366210938,133.61000061035156,126.76000213623047,133.52000427246094,143301900
2021-01-05,127.80052185058594,131.00999450683594,131.74000549316406,128.42999267578125,128.88999938964844,97664900
2021-01-06,123.49852752685547,126.5999984741211,131.0500030517578,126.37999725341797,127.72000122070312,155088000
2021-01-07,127.71268463134766,130.9199981689453,131.6300048828125,127.86000061035156,128.36000061035156,109578200
2021-01-08,128.81503295898438,132.0500030517578,132.6300048828125,130.22999572753906,132.42999267578125,105158200
2021-01-11,125.82022857666016,128.97999572753906,130.1699981689453,128.5,129.19000244140625,100384500
2021-01-12,125.6446533203125,128.8000030517578,129.69000244140625,126.86000061035156,128.5,91951100
2021-01-13,127.68341827392578,130.88999938964844,131.4499969482422,128.49000549316406,128.75999450683594,88636800
2021-01-14,125.75194549560547,128.91000366210938,131.0,128.75999450683594,130.8000030517578,90221800
2021-01-15,124.02530670166016,127.13999938964844,130.22000122070312,127.0,128.77999877929688,111598500
2021-01-19,124.69839477539062,127.83000183105469,128.7100067138672,126.94000244140625,127.77999877929688,90757300
2021-01-20,128.7954864501953,132.02999877929688,132.49000549316406,128.5500030517578,128.66000366210938,104319500
2021-01-21,133.51690673828125,136.8699951171875,139.6699981689453,133.58999633789062,133.8000030517578,120150900
2021-01-22,135.66302490234375,139.07000732421875,139.85000610351562,135.02000427246094,136.27999877929688,114459400
2021-01-25,139.418701171875,142.9199981689453,145.08999633789062,136.5399932861328,143.07000732421875,157611700
2021-01-26,139.65283203125,143.16000366210938,144.3000030517578,141.3699951171875,143.60000610351562,98390600
2021-01-27,138.5797882080078,142.05999755859375,144.3000030517578,140.41000366210938,143.42999267578125,140843800
2021-01-28,133.73153686523438,137.08999633789062,141.99000549316406,136.6999969482422,139.52000427246094,142621100
2021-01-29,128.7272186279297,131.9600067138672,136.74000549316406,130.2100067138672,135.8300018310547,177523800
2021-02-01,130.8538055419922,134.13999938964844,135.3800048828125,130.92999267578125,133.75,106239800
2021-02-02,131.68296813964844,134.99000549316406,136.30999755859375,134.61000061035156,135.72999572753906,83305400
2021-02-03,130.65870666503906,133.94000244140625,135.77000427246094,133.61000061035156,135.75999450683594,89880900
2021-02-04,134.024169921875,137.38999938964844,137.39999389648438,134.58999633789062,136.3000030517578,84183100
2021-02-05,133.6089630126953,136.75999450683594,137.4199981689453,135.86000061035156,137.35000610351562,75693800
2021-02-08,133.75555419921875,136.91000366210938,136.9600067138672,134.9199981689453,136.02999877929688,71297200
2021-02-09,132.87625122070312,136.00999450683594,137.8800048828125,135.85000610351562,136.6199951171875,76774200
2021-02-10,132.2705535888672,135.38999938964844,136.99000549316406,134.39999389648438,136.47999572753906,73046600
2021-02-11,132.0165557861328,135.1300048828125,136.38999938964844,133.77000427246094,135.89999389648438,64280000
2021-02-12,132.2510223388672,135.3699951171875,135.52999877929688,133.69000244140625,134.35000610351562,60145100
2021-02-16,130.12124633789062,133.19000244140625,136.00999450683594,132.7899932861328,135.49000549316406,80576300
2021-02-17,127.82537078857422,130.83999633789062,132.22000122070312,129.47000122070312,131.25,97918500
2021-02-18,126.72145080566406,129.7100067138672,130.0,127.41000366210938,129.1999969482422,96856700
2021-02-19,126.87772369384766,129.8699951171875,130.7100067138672,128.8000030517578,130.24000549316406,87668800
2021-02-22,123.0969009399414,126.0,129.72000122070312,125.5999984741211,128.00999450683594,103916400
2021-02-23,122.96012878417969,125.86000061035156,126.70999908447266,118.38999938964844,123.76000213623047,158273000
2021-02-24,122.46186828613281,125.3499984741211,125.55999755859375,122.2300033569336,124.94000244140625,111039900
2021-02-25,118.20233154296875,120.98999786376953,126.45999908447266,120.54000091552734,124.68000030517578,148199500
2021-02-26,118.46612548828125,121.26000213623047,124.8499984741211,121.19999694824219,122.58999633789062,164560400
2021-03-01,124.84566497802734,127.79000091552734,127.93000030517578,122.79000091552734,123.75,116307900
2021-03-02,122.23717498779297,125.12000274658203,128.72000122070312,125.01000213623047,128.41000366210938,102260900
2021-03-03,119.2476806640625,122.05999755859375,125.70999908447266,121.83999633789062,124.80999755859375,112966300
2021-03-04,117.36215209960938,120.12999725341797,123.5999984741211,118.62000274658203,121.75,178155000
2021-03-05,118.62242889404297,121.41999816894531,121.94000244140625,117.56999969482422,120.9800033569336,153766600
2021-03-08,113.67900848388672,116.36000061035156,121.0,116.20999908447266,120.93000030517578,154376600
2021-03-09,118.3000259399414,121.08999633789062,122.05999755859375,118.79000091552734,119.02999877929688,129525800
2021-03-10,117.2155990600586,119.9800033569336,122.16999816894531,119.44999694824219,121.69000244140625,111943300
2021-03-11,119.14998626708984,121.95999908447266,123.20999908447266,121.26000213623047,122.54000091552734,103026500
2021-03-12,118.24141693115234,121.02999877929688,121.16999816894531,119.16000366210938,120.4000015258789,88105100
2021-03-15,121.1332015991211,123.98999786376953,124.0,120.41999816894531,121.41000366210938,92403800
2021-03-16,122.67681121826172,125.56999969482422,127.22000122070312,124.72000122070312,125.69999694824219,115227900
2021-03-17,121.88545227050781,124.76000213623047,125.86000061035156,122.33999633789062,124.05000305175781,111932600
2021-03-18,117.75294494628906,120.52999877929688,123.18000030517578,120.31999969482422,122.87999725341797,121229700
2021-03-19,117.2253646850586,119.98999786376953,121.43000030517578,119.68000030517578,119.9000015258789,185549500
2021-03-22,120.54703521728516,123.38999938964844,123.87000274658203,120.26000213623047,120.33000183105469,111912300
2021-03-23,119.71661376953125,122.54000091552734,124.23999786376953,122.13999938964844,123.33000183105469,95467100
2021-03-24,117.32307434082031,120.08999633789062,122.9000015258789,120.06999969482422,122.81999969482422,88530500
2021-03-25,117.8115463256836,120.58999633789062,121.66000366210938,119.0,119.54000091552734,98844700
2021-03-26,118.41724395751953,121.20999908447266,121.4800033569336,118.91999816894531,120.3499984741211,94071200
2021-03-29,118.59310150146484,121.38999938964844,122.58000183105469,120.7300033569336,121.6500015258789,80819200
2021-03-30,117.137451171875,119.9000015258789,120.4000015258789,118.86000061035156,120.11000061035156,85671900
2021-03-31,119.33563232421875,122.1500015258789,123.5199966430664,121.1500015258789,121.6500015258789,118323800
2021-04-01,120.16602325439453,123.0,124.18000030517578,122.48999786376953,123.66000366210938,75089100
2021-04-05,122.99919891357422,125.9000015258789,126.16000366210938,123.06999969482422,123.87000274658203,88651200
2021-04-06,123.30207824707031,126.20999908447266,127.12999725341797,125.6500015258789,126.5,80171300
2021-04-07,124.95310974121094,127.9000015258789,127.91999816894531,125.13999938964844,125.83000183105469,83466700
2021-04-08,127.35645294189453,130.36000061035156,130.38999938964844,128.52000427246094,128.9499969482422,88844600
2021-04-09,129.93563842773438,133.0,133.0399932861328,129.47000122070312,129.8000030517578,106686700
2021-04-12,128.2161865234375,131.24000549316406,132.85000610351562,130.6300048828125,132.52000427246094,91420000
2021-04-13,131.3326416015625,134.42999267578125,134.66000366210938,131.92999267578125,132.44000244140625,91266500
2021-04-14,128.98793029785156,132.02999877929688,135.0,131.66000366210938,134.94000244140625,87222800
2021-04-15,131.4010467529297,134.5,135.0,133.63999938964844,133.82000732421875,89347100
2021-04-16,131.0688934326172,134.16000366210938,134.6699981689453,133.27999877929688,134.3000030517578,84922400
2021-04-19,131.73324584960938,134.83999633789062,135.47000122070312,133.33999633789062,133.50999450683594,94264200
2021-04-20,130.0430908203125,133.11000061035156,135.52999877929688,131.80999755859375,135.02000427246094,94812300
2021-04-21,130.424072265625,133.5,133.75,131.3000030517578,132.36000061035156,68847100
2021-04-22,128.90005493164062,131.94000244140625,134.14999389648438,131.41000366210938,133.0399932861328,84566500
2021-04-23,131.22520446777344,134.32000732421875,135.1199951171875,132.16000366210938,132.16000366210938,78657500
2021-04-26,131.6160125732422,134.72000122070312,135.05999755859375,133.55999755859375,134.8300018310547,66905100
2021-04-27,131.2935791015625,134.38999938964844,135.41000366210938,134.11000061035156,135.00999450683594,66015800
2021-04-28,130.5022735595703,133.5800018310547,135.02000427246094,133.0800018310547,134.30999755859375,107760100
2021-04-29,130.40452575683594,133.47999572753906,137.07000732421875,132.4499969482422,136.47000122070312,151101000
2021-04-30,128.4310760498047,131.4600067138672,133.55999755859375,131.07000732421875,131.77999877929688,109839500
2021-05-03,129.48623657226562,132.5399932861328,134.07000732421875,131.8300018310547,132.0399932861328,75135100
2021-05-04,124.90428161621094,127.8499984741211,131.49000549316406,126.69999694824219,131.19000244140625,137564700
2021-05-05,125.14851379394531,128.10000610351562,130.4499969482422,127.97000122070312,129.1999969482422,84000900
2021-05-06,126.75074768066406,129.74000549316406,129.75,127.12999725341797,127.88999938964844,78128300
2021-05-07,127.4260025024414,130.2100067138672,131.25999450683594,129.47999572753906,130.85000610351562,78973300
2021-05-10,124.13782501220703,126.8499984741211,129.5399932861328,126.80999755859375,129.41000366210938,88071200
2021-05-11,123.2179183959961,125.91000366210938,126.2699966430664,122.7699966430664,123.5,126142800
2021-05-12,120.14505767822266,122.7699966430664,124.63999938964844,122.25,123.4000015258789,112172300
2021-05-13,122.29800415039062,124.97000122070312,126.1500015258789,124.26000213623047,124.58000183105469,105861300
2021-05-14,124.72498321533203,127.44999694824219,127.88999938964844,125.8499984741211,126.25,81918000
2021-05-17,123.57020568847656,126.2699966430664,126.93000030517578,125.16999816894531,126.81999969482422,74244600
2021-05-18,122.18058013916016,124.8499984741211,126.98999786376953,124.77999877929688,126.55999755859375,63342900
2021-05-19,122.02398681640625,124.69000244140625,124.91999816894531,122.86000061035156,123.16000366210938,92612000
2021-05-20,124.58798217773438,127.30999755859375,127.72000122070312,125.0999984741211,125.2300033569336,76857100
2021-05-21,122.74818420410156,125.43000030517578,128.0,125.20999908447266,127.81999969482422,79295400
2021-05-24,124.38246154785156,127.0999984741211,127.94000244140625,125.94000244140625,126.01000213623047,63092900
2021-05-25,124.1867446899414,126.9000015258789,128.32000732421875,126.31999969482422,127.81999969482422,72009500
2021-05-26,124.13782501220703,126.8499984741211,127.38999938964844,126.41999816894531,126.95999908447266,56575900
2021-05-27,122.60138702392578,125.27999877929688,127.63999938964844,125.08000183105469,126.44000244140625,94625600
2021-05-28,121.94570922851562,124.61000061035156,125.80000305175781,124.55000305175781,125.56999969482422,71311100
2021-06-01,121.62276458740234,124.27999877929688,125.3499984741211,123.94000244140625,125.08000183105469,67637100
2021-06-02,122.38609313964844,125.05999755859375,125.23999786376953,124.05000305175781,124.27999877929688,59278900
2021-06-03,120.89859008789062,123.54000091552734,124.8499984741211,123.12999725341797,124.68000030517578,76229200
2021-06-04,123.1983413696289,125.88999938964844,126.16000366210938,123.8499984741211,124.06999969482422,75169300
2021-06-07,123.20811462402344,125.9000015258789,126.31999969482422,124.83000183105469,126.16999816894531,71057600
2021-06-08,124.03016662597656,126.73999786376953,128.4600067138672,126.20999908447266,126.5999984741211,74403800
2021-06-09,124.41182708740234,127.12999725341797,127.75,126.5199966430664,127.20999908447266,56877900
2021-06-10,123.41364288330078,126.11000061035156,128.19000244140625,125.94000244140625,127.0199966430664,71186400
2021-06-11,124.62711334228516,127.3499984741211,127.44000244140625,126.0999984741211,126.52999877929688,53522400
2021-06-14,127.690185546875,130.47999572753906,130.5399932861328,127.06999969482422,127.81999969482422,96906500
2021-06-15,126.8681640625,129.63999938964844,130.60000610351562,129.38999938964844,129.94000244140625,62746300
2021-06-16,127.36726379394531,130.14999389648438,130.88999938964844,128.4600067138672,130.3699951171875,91815000
2021-06-17,128.97218322753906,131.7899932861328,132.5500030517578,129.64999389648438,129.8000030517578,96721700
2021-06-18,127.670654296875,130.4600067138672,131.50999450683594,130.24000549316406,130.7100067138672,108953300
2021-06-21,129.4712677001953,132.3000030517578,132.41000366210938,129.2100067138672,130.3000030517578,79663300
2021-06-22,131.1153564453125,133.97999572753906,134.0800018310547,131.6199951171875,132.1300048828125,74783600
2021-06-23,130.8413848876953,133.6999969482422,134.32000732421875,133.22999572753906,133.77000427246094,60214200
2021-06-24,130.55758666992188,133.41000366210938,134.63999938964844,132.92999267578125,134.4499969482422,68711000
2021-06-25,130.26397705078125,133.11000061035156,133.88999938964844,132.80999755859375,133.4600067138672,70783700
2021-06-28,131.89828491210938,134.77999877929688,135.25,133.35000610351562,133.41000366210938,62111300
2021-06-29,133.4151153564453,136.3300018310547,136.49000549316406,134.35000610351562,134.8000030517578,64556100
2021-06-30,134.0316619873047,136.9600067138672,137.41000366210938,135.8699951171875,136.1699981689453,63261400
2021-07-01,134.3350372314453,137.27000427246094,137.3300018310547,135.75999450683594,136.60000610351562,52485800
2021-07-02,136.967529296875,139.9600067138672,140.0,137.75,137.89999389648438,78852600
2021-07-06,138.9834747314453,142.02000427246094,143.14999389648438,140.07000732421875,140.07000732421875,108181800
2021-07-07,141.47894287109375,144.57000732421875,144.88999938964844,142.66000366210938,143.5399932861328,104911600
2021-07-08,140.17738342285156,143.24000549316406,144.05999755859375,140.6699981689453,141.5800018310547,105575500
2021-07-09,142.0074005126953,145.11000061035156,145.64999389648438,142.64999389648438,142.75,99890800
2021-07-12,141.4104461669922,144.5,146.32000732421875,144.0,146.2100067138672,76299700
2021-07-13,142.52606201171875,145.63999938964844,147.4600067138672,143.6300048828125,144.02999877929688,100827100
2021-07-14,145.96099853515625,149.14999389648438,149.57000732421875,147.67999267578125,148.10000610351562,127050800
2021-07-15,145.30532836914062,148.47999572753906,150.0,147.08999633789062,149.24000549316406,106820300
2021-07-16,143.260009765625,146.38999938964844,149.75999450683594,145.8800048828125,148.4600067138672,93251400
2021-07-19,139.40426635742188,142.4499969482422,144.07000732421875,141.6699981689453,143.75,121434600
2021-07-20,143.02513122558594,146.14999389648438,147.10000610351562,142.9600067138672,143.4600067138672,96350000
2021-07-21,142.2912139892578,145.39999389648438,146.1300048828125,144.6300048828125,145.52999877929688,74993500
2021-07-22,143.6612548828125,146.8000030517578,148.1999969482422,145.80999755859375,145.94000244140625,77338200
2021-07-23,145.38360595703125,148.55999755859375,148.72000122070312,146.9199981689453,147.5500030517578,71447400
2021-07-26,145.804443359375,148.99000549316406,149.8300018310547,147.6999969482422,148.27000427246094,72434100
2021-07-27,143.63189697265625,146.77000427246094,149.2100067138672,145.5500030517578,149.1199951171875,104818600
2021-07-28,141.8801727294922,144.97999572753906,146.97000122070312,142.5399932861328,144.80999755859375,118931200
2021-07-29,142.52606201171875,145.63999938964844,146.5500030517578,144.5800018310547,144.69000244140625,56699500
2021-07-30,142.74139404296875,145.86000061035156,146.3300018310547,144.11000061035156,144.3800048828125,70440600
2021-08-02,142.40863037109375,145.52000427246094,146.9499969482422,145.25,146.36000061035156,62880000
2021-08-03,144.2093048095703,147.36000061035156,148.0399932861328,145.17999267578125,145.80999755859375,64786600
2021-08-04,143.8080291748047,146.9499969482422,147.7899932861328,146.27999877929688,147.27000427246094,56368300
2021-08-05,143.9156951904297,147.05999755859375,147.83999633789062,146.1699981689453,146.97999572753906,46397700
2021-08-06,143.22964477539062,146.13999938964844,147.11000061035156,145.6300048828125,146.35000610351562,54126800
2021-08-09,143.18063354492188,146.08999633789062,146.6999969482422,145.52000427246094,146.1999969482422,48908700
2021-08-10,142.70040893554688,145.60000610351562,147.7100067138672,145.3000030517578,146.44000244140625,69023100
2021-08-11,142.95523071289062,145.86000061035156,146.72000122070312,145.52999877929688,146.0500030517578,48493500
2021-08-12,145.9248809814453,148.88999938964844,149.0500030517578,145.83999633789062,146.19000244140625,72282600
2021-08-13,146.1306915283203,149.10000610351562,149.44000244140625,148.27000427246094,148.97000122070312,59375000
2021-08-16,148.1104736328125,151.1199951171875,151.19000244140625,146.47000122070312,148.5399932861328,103296000
2021-08-17,147.1990203857422,150.19000244140625,151.67999267578125,149.08999633789062,150.22999572753906,92229700
2021-08-18,143.44525146484375,146.36000061035156,150.72000122070312,146.14999389648438,149.8000030517578,86326000
2021-08-19,143.77850341796875,146.6999969482422,148.0,144.5,145.02999877929688,86960300
2021-08-20,145.2388153076172,148.19000244140625,148.5,146.77999877929688,147.44000244140625,60549600
2021-08-23,146.72853088378906,149.7100067138672,150.19000244140625,147.88999938964844,148.30999755859375,60131800
2021-08-24,146.64035034179688,149.6199951171875,150.86000061035156,149.14999389648438,149.4499969482422,48606400
2021-08-25,145.40545654296875,148.36000061035156,150.32000732421875,147.8000030517578,149.80999755859375,58991300
2021-08-26,144.60177612304688,147.5399932861328,149.1199951171875,147.50999450683594,148.35000610351562,48597200
2021-08-27,145.64065551757812,148.60000610351562,148.75,146.8300018310547,147.47999572753906,55802400
2021-08-30,150.07061767578125,153.1199951171875,153.49000549316406,148.61000061035156,149.0,90956700
2021-08-31,148.80633544921875,151.8300018310547,152.8000030517578,151.2899932861328,152.66000366210938,86453100
2021-09-01,149.47279357910156,152.50999450683594,154.97999572753906,152.33999633789062,152.8300018310547,80313700
2021-09-02,150.590087890625,153.64999389648438,154.72000122070312,152.39999389648438,153.8699951171875,71115500
2021-09-03,151.2271270751953,154.3000030517578,154.6300048828125,153.08999633789062,153.75999450683594,57808700
2021-09-07,153.56956481933594,156.69000244140625,157.25999450683594,154.38999938964844,154.97000122070312,82278300
2021-09-08,152.02099609375,155.11000061035156,157.0399932861328,153.97999572753906,156.97999572753906,74420200
2021-09-09,151.0017547607422,154.07000732421875,156.11000061035156,153.9499969482422,155.49000549316406,57305700
2021-09-10,146.00331115722656,148.97000122070312,155.47999572753906,148.6999969482422,155.0,140893200
2021-09-13,146.5717315673828,149.5500030517578,151.4199981689453,148.75,150.6300048828125,102404300
2021-09-14,145.17019653320312,148.1199951171875,151.07000732421875,146.91000366210938,150.35000610351562,109296300
2021-09-15,146.0620880126953,149.02999877929688,149.44000244140625,146.3699951171875,148.55999755859375,83281300
2021-09-16,145.8268585205078,148.7899932861328,148.97000122070312,147.22000122070312,148.44000244140625,68034100
2021-09-17,143.15121459960938,146.05999755859375,148.82000732421875,145.75999450683594,148.82000732421875,129868800
2021-09-20,140.0933837890625,142.94000244140625,144.83999633789062,141.27000427246094,143.8000030517578,123478900
2021-09-21,140.57363891601562,143.42999267578125,144.60000610351562,142.77999877929688,143.92999267578125,75834000
2021-09-22,142.94540405273438,145.85000610351562,146.42999267578125,143.6999969482422,144.4499969482422,76404300
2021-09-23,143.9058837890625,146.8300018310547,147.0800018310547,145.63999938964844,146.64999389648438,64838200
2021-09-24,143.99412536621094,146.9199981689453,147.47000122070312,145.55999755859375,145.66000366210938,53477900
2021-09-27,142.4749755859375,145.3699951171875,145.9600067138672,143.82000732421875,145.47000122070312,74150700
2021-09-28,139.08389282226562,141.91000366210938,144.75,141.69000244140625,143.25,108972300
2021-09-29,139.9855499267578,142.8300018310547,144.4499969482422,142.02999877929688,142.47000122070312,74602000
2021-09-30,138.68203735351562,141.5,144.3800048828125,141.27999877929688,143.66000366210938,89056700
2021-10-01,139.8091278076172,142.64999389648438,142.9199981689453,139.11000061035156,141.89999389648438,94639600
2021-10-04,136.36907958984375,139.13999938964844,142.2100067138672,138.27000427246094,141.75999450683594,98322000
2021-10-05,138.29983520507812,141.11000061035156,142.24000549316406,139.36000061035156,139.49000549316406,80861100
2021-10-06,139.17210388183594,142.0,142.14999389648438,138.3699951171875,139.47000122070312,83221100
2021-10-07,140.43638610839844,143.2899932861328,144.22000122070312,142.72000122070312,143.05999755859375,61732700
2021-10-08,140.0541534423828,142.89999389648438,144.17999267578125,142.55999755859375,144.02999877929688,58773200
2021-10-11,139.96597290039062,142.80999755859375,144.80999755859375,141.80999755859375,142.27000427246094,64452200
2021-10-12,138.6918487548828,141.50999450683594,143.25,141.0399932861328,143.22999572753906,73035900
2021-10-13,138.10382080078125,140.91000366210938,141.39999389648438,139.1999969482422,141.24000549316406,78762700
2021-10-14,140.89703369140625,143.75999450683594,143.8800048828125,141.50999450683594,142.11000061035156,69907100
2021-10-15,141.95553588867188,144.83999633789062,144.89999389648438,143.50999450683594,143.77000427246094,67940300
2021-10-18,143.6314697265625,146.5500030517578,146.83999633789062,143.16000366210938,143.4499969482422,85589200
2021-10-19,145.7974853515625,148.75999450683594,149.1699981689453,146.5500030517578,147.00999450683594,76378900
2021-10-20,146.28750610351562,149.25999450683594,149.75,148.1199951171875,148.6999969482422,58418800
2021-10-21,146.50311279296875,149.47999572753906,149.63999938964844,147.8699951171875,148.80999755859375,61421000
2021-10-22,145.7288818359375,148.69000244140625,150.17999267578125,148.63999938964844,149.69000244140625,58883400
2021-10-25,145.67984008789062,148.63999938964844,149.3699951171875,147.6199951171875,148.67999267578125,50720600
2021-10-26,146.34632873535156,149.32000732421875,150.83999633789062,149.00999450683594,149.3300018310547,60893400
2021-10-27,145.88571166992188,148.85000610351562,149.72999572753906,148.49000549316406,149.36000061035156,56094900
2021-10-28,149.53163146972656,152.57000732421875,153.1699981689453,149.72000122070312,149.82000732421875,100077900
2021-10-29,146.8167724609375,149.8000030517578,149.94000244140625,146.41000366210938,147.22000122070312,124953200
2021-11-01,145.9934844970703,148.9600067138672,149.6999969482422,147.8000030517578,148.99000549316406,74588300
2021-11-02,147.03237915039062,150.02000427246094,151.57000732421875,148.64999389648438,148.66000366210938,69122000
2021-11-03,148.47312927246094,151.49000549316406,151.97000122070312,149.82000732421875,150.38999938964844,54511500
2021-11-04,147.95364379882812,150.9600067138672,152.42999267578125,150.63999938964844,151.5800018310547,60394600
2021-11-05,148.4836883544922,151.27999877929688,152.1999969482422,150.05999755859375,151.88999938964844,65463900
2021-11-08,147.65924072265625,150.44000244140625,151.57000732421875,150.16000366210938,151.41000366210938,55020900
2021-11-09,148.0223846435547,150.80999755859375,151.42999267578125,150.05999755859375,150.1999969482422,56787900
2021-11-10,145.18582153320312,147.9199981689453,150.1300048828125,147.85000610351562,150.02000427246094,65187100
2021-11-11,145.1366729736328,147.8699951171875,149.42999267578125,147.67999267578125,148.9600067138672,41000000
2021-11-12,147.217529296875,149.99000549316406,150.39999389648438,147.47999572753906,148.42999267578125,63804000
2021-11-15,147.22732543945312,150.0,151.8800048828125,149.42999267578125,150.3699951171875,59222800
2021-11-16,148.20884704589844,151.0,151.49000549316406,149.33999633789062,149.94000244140625,59256200
2021-11-17,150.65283203125,153.49000549316406,155.0,150.99000549316406,151.0,88807000
2021-11-18,154.9518585205078,157.8699951171875,158.6699981689453,153.0500030517578,153.7100067138672,137827700
2021-11-19,157.58236694335938,160.5500030517578,161.02000427246094,156.52999877929688,157.64999389648438,117305600
2021-11-22,158.04364013671875,161.02000427246094,165.6999969482422,161.0,161.67999267578125,117467900
2021-11-23,158.4264373779297,161.41000366210938,161.8000030517578,159.05999755859375,161.1199951171875,96041900
2021-11-24,158.9466094970703,161.94000244140625,162.13999938964844,159.63999938964844,160.75,69463600
2021-11-26,153.9114532470703,156.80999755859375,160.4499969482422,156.36000061035156,159.57000732421875,76959800
2021-11-29,157.2780303955078,160.24000549316406,161.19000244140625,158.7899932861328,159.3699951171875,88748200
2021-11-30,162.24453735351562,165.3000030517578,165.52000427246094,159.9199981689453,159.99000549316406,174048100
2021-12-01,161.7243194580078,164.77000427246094,170.3000030517578,164.52999877929688,167.47999572753906,152052500
2021-12-02,160.73300170898438,163.75999450683594,164.1999969482422,157.8000030517578,158.74000549316406,136739200
2021-12-03,158.84844970703125,161.83999633789062,164.9600067138672,159.72000122070312,164.02000427246094,118023100
2021-12-06,162.26414489746094,165.32000732421875,167.8800048828125,164.27999877929688,164.2899932861328,107497000
2021-12-07,168.01580810546875,171.17999267578125,171.5800018310547,168.33999633789062,169.0800018310547,120405400
2021-12-08,171.84375,175.0800018310547,175.9600067138672,170.6999969482422,172.1300048828125,116998900
2021-12-09,171.33334350585938,174.55999755859375,176.75,173.9199981689453,174.91000366210938,108923700
2021-12-10,176.13296508789062,179.4499969482422,179.6300048828125,174.69000244140625,175.2100067138672,115402700
2021-12-13,172.49154663085938,175.74000549316406,182.1300048828125,175.52999877929688,181.1199951171875,153237000
2021-12-14,171.1076202392578,174.3300018310547,177.74000549316406,172.2100067138672,175.25,139380400
2021-12-15,175.98574829101562,179.3000030517578,179.5,172.30999755859375,175.11000061035156,131063300
2021-12-16,169.0758514404297,172.25999450683594,181.13999938964844,170.75,179.27999877929688,150185800
2021-12-17,167.97659301757812,171.13999938964844,173.47000122070312,169.69000244140625,169.92999267578125,195432700
2021-12-20,166.6122589111328,169.75,170.5800018310547,167.4600067138672,168.27999877929688,107499100
2021-12-21,169.79237365722656,172.99000549316406,173.1999969482422,169.1199951171875,171.55999755859375,91185900
2021-12-22,172.39337158203125,175.63999938964844,175.86000061035156,172.14999389648438,173.0399932861328,92135300
2021-12-23,173.02154541015625,176.27999877929688,176.85000610351562,175.27000427246094,175.85000610351562,68356600
2021-12-27,176.99668884277344,180.3300018310547,180.4199981689453,177.07000732421875,177.08999633789062,74919600
2021-12-28,175.97593688964844,179.2899932861328,181.3300018310547,178.52999877929688,180.16000366210938,79144300
2021-12-29,176.06427001953125,179.3800048828125,180.6300048828125,178.13999938964844,179.3300018310547,62348900
2021-12-30,174.90606689453125,178.1999969482422,180.57000732421875,178.08999633789062,179.47000122070312,59773000
2021-12-31,174.28770446777344,177.57000732421875,179.22999572753906,177.25999450683594,178.08999633789062,64062300
2022-01-03,178.64564514160156,182.00999450683594,182.8800048828125,177.7100067138672,177.8300018310547,104487900
2022-01-04,176.3783416748047,179.6999969482422,182.94000244140625,179.1199951171875,182.6300048828125,99310400
2022-01-05,171.6867218017578,174.9199981689453,180.1699981689453,174.63999938964844,179.61000061035156,94537600
2022-01-06,168.82069396972656,172.0,175.3000030517578,171.63999938964844,172.6999969482422,96904000
2022-01-07,168.98753356933594,172.1699981689453,174.13999938964844,171.02999877929688,172.88999938964844,86709100
2022-01-10,169.0071563720703,172.19000244140625,172.5,168.1699981689453,169.0800018310547,106765600
2022-01-11,171.84375,175.0800018310547,175.17999267578125,170.82000732421875,172.32000732421875,76138300
2022-01-12,172.2854461669922,175.52999877929688,177.17999267578125,174.82000732421875,176.1199951171875,74805200
2022-01-13,169.0071563720703,172.19000244140625,176.6199951171875,171.7899932861328,175.77999877929688,84505800
2022-01-14,169.87091064453125,173.07000732421875,173.77999877929688,171.08999633789062,171.33999633789062,80440800
2022-01-18,166.6613311767578,169.8000030517578,172.5399932861328,169.41000366210938,171.50999450683594,90956700
2022-01-19,163.1573486328125,166.22999572753906,171.0800018310547,165.94000244140625,170.0,94815000
2022-01-20,161.46913146972656,164.50999450683594,169.67999267578125,164.17999267578125,166.97999572753906,91420500
2022-01-21,159.40794372558594,162.41000366210938,166.3300018310547,162.3000030517578,164.4199981689453,122848900
2022-01-24,158.63253784179688,161.6199951171875,162.3000030517578,154.6999969482422,160.02000427246094,162294600
2022-01-25,156.82655334472656,159.77999877929688,162.75999450683594,157.02000427246094,158.97999572753906,115798400
2022-01-26,156.73822021484375,159.69000244140625,164.38999938964844,157.82000732421875,163.5,108275300
2022-01-27,156.27691650390625,159.22000122070312,163.83999633789062,158.27999877929688,162.4499969482422,121954600
2022-01-28,167.1815643310547,170.3300018310547,170.35000610351562,162.8000030517578,165.7100067138672,179935700
2022-01-31,171.5492706298828,174.77999877929688,175.0,169.50999450683594,170.16000366210938,115541600
2022-02-01,171.38243103027344,174.61000061035156,174.83999633789062,172.30999755859375,174.00999450683594,86213900
2022-02-02,172.58969116210938,175.83999633789062,175.8800048828125,173.3300018310547,174.75,84914300
2022-02-03,169.70404052734375,172.89999389648438,176.24000549316406,172.1199951171875,174.47999572753906,89418100
2022-02-04,169.41905212402344,172.38999938964844,174.10000610351562,170.67999267578125,171.67999267578125,82465400
2022-02-07,168.70164489746094,171.66000366210938,173.9499969482422,170.9499969482422,172.86000061035156,77251200
2022-02-08,171.81698608398438,174.8300018310547,175.35000610351562,171.42999267578125,171.72999572753906,74829200
2022-02-09,173.24200439453125,176.27999877929688,176.64999389648438,174.89999389648438,176.0500030517578,71285000
2022-02-10,169.1536407470703,172.1199951171875,175.47999572753906,171.5500030517578,174.13999938964844,90865900
2022-02-11,165.73367309570312,168.63999938964844,173.0800018310547,168.0399932861328,172.3300018310547,98670700
2022-02-14,165.9695587158203,168.8800048828125,169.5800018310547,166.55999755859375,167.3699951171875,86185500
2022-02-15,169.81216430664062,172.7899932861328,172.9499969482422,170.25,170.97000122070312,62527400
2022-02-16,169.57627868652344,172.5500030517578,173.33999633789062,170.0500030517578,171.85000610351562,61177400
2022-02-17,165.9695587158203,168.8800048828125,171.91000366210938,168.47000122070312,171.02999877929688,69589300
2022-02-18,164.41677856445312,167.3000030517578,170.5399932861328,166.19000244140625,169.82000732421875,82772700
2022-02-22,161.48812866210938,164.32000732421875,166.69000244140625,162.14999389648438,164.97999572753906,91162800
2022-02-23,157.3113555908203,160.07000732421875,166.14999389648438,159.75,165.5399932861328,90009200
2022-02-24,159.93539428710938,162.74000549316406,162.85000610351562,152.0,152.5800018310547,141147500
2022-02-25,162.00901794433594,164.85000610351562,165.1199951171875,160.8699951171875,163.83999633789062,91974200
2022-02-28,162.27432250976562,165.1199951171875,165.4199981689453,162.42999267578125,163.05999755859375,95056600
2022-03-01,160.38742065429688,163.1999969482422,166.60000610351562,161.97000122070312,164.6999969482422,83474400
2022-03-02,163.68951416015625,166.55999755859375,167.36000061035156,162.9499969482422,164.38999938964844,79724800
2022-03-03,163.3651885986328,166.22999572753906,168.91000366210938,165.5500030517578,168.47000122070312,76678400
2022-03-04,160.35794067382812,163.1699981689453,165.5500030517578,162.10000610351562,164.49000549316406,83737200
2022-03-07,156.55465698242188,159.3000030517578,165.02000427246094,159.0399932861328,163.36000061035156,96418800
2022-03-08,154.72666931152344,157.44000244140625,162.8800048828125,155.8000030517578,158.82000732421875,131148300
2022-03-09,160.1417236328125,162.9499969482422,163.41000366210938,159.41000366210938,161.47999572753906,91454900
2022-03-10,155.78810119628906,158.52000427246094,160.38999938964844,155.97999572753906,160.1999969482422,105342000
2022-03-11,152.06338500976562,154.72999572753906,159.27999877929688,154.5,158.92999267578125,96970100
2022-03-14,148.0242156982422,150.6199951171875,154.1199951171875,150.10000610351562,151.4499969482422,108732100
2022-03-15,152.41720581054688,155.08999633789062,155.57000732421875,150.3800048828125,150.89999389648438,92964300
2022-03-16,156.83963012695312,159.58999633789062,160.0,154.4600067138672,157.0500030517578,102300200
2022-03-17,157.8518829345703,160.6199951171875,161.0,157.6300048828125,158.61000061035156,75615400
2022-03-18,161.15396118164062,163.97999572753906,164.47999572753906,159.75999450683594,160.50999450683594,123511700
2022-03-21,162.52987670898438,165.3800048828125,166.35000610351562,163.00999450683594,163.50999450683594,95811400
2022-03-22,165.9105682373047,168.82000732421875,169.4199981689453,164.91000366210938,165.50999450683594,81532000
2022-03-23,167.27662658691406,170.2100067138672,172.63999938964844,167.64999389648438,167.99000549316406,98062700
2022-03-24,171.07009887695312,174.07000732421875,174.13999938964844,170.2100067138672,171.05999755859375,90131400
2022-03-25,171.7089080810547,174.72000122070312,175.27999877929688,172.75,173.8800048828125,80546200
2022-03-28,172.57373046875,175.60000610351562,175.72999572753906,172.0,172.1699981689453,90371900
2022-03-29,175.87582397460938,178.9600067138672,179.00999450683594,176.33999633789062,176.69000244140625,100589400
2022-03-30,174.706298828125,177.77000427246094,179.61000061035156,176.6999969482422,178.5500030517578,92633200
2022-03-31,171.6007843017578,174.61000061035156,178.02999877929688,174.39999389648438,177.83999633789062,103049300
2022-04-01,171.30596923828125,174.30999755859375,174.8800048828125,171.94000244140625,174.02999877929688,78751300
2022-04-04,175.3647918701172,178.44000244140625,178.49000549316406,174.44000244140625,174.57000732421875,76468400
2022-04-05,172.0430145263672,175.05999755859375,178.3000030517578,174.4199981689453,177.5,73401800
2022-04-06,168.8686981201172,171.8300018310547,173.6300048828125,170.1300048828125,172.36000061035156,89058800
2022-04-07,169.17335510253906,172.13999938964844,173.36000061035156,169.85000610351562,171.16000366210938,77594700
2022-04-08,167.15869140625,170.08999633789062,171.77999877929688,169.1999969482422,171.77999877929688,76575500
2022-04-11,162.89349365234375,165.75,169.02999877929688,165.5,168.7100067138672,72246700
2022-04-12,164.7705535888672,167.66000366210938,169.8699951171875,166.63999938964844,168.02000427246094,79265200
2022-04-13,167.46331787109375,170.39999389648438,171.0399932861328,166.77000427246094,167.38999938964844,70618900
2022-04-14,162.44139099121094,165.2899932861328,171.27000427246094,165.0399932861328,170.6199951171875,75329400
2022-04-18,162.2252197265625,165.07000732421875,166.60000610351562,163.57000732421875,163.9199981689453,69023900
2022-04-19,164.51507568359375,167.39999389648438,167.82000732421875,163.91000366210938,165.02000427246094,67723800
2022-04-20,164.3479461669922,167.22999572753906,168.8800048828125,166.10000610351562,168.75999450683594,67929800
2022-04-21,163.5519256591797,166.4199981689453,171.52999877929688,165.91000366210938,168.91000366210938,87227800
2022-04-22,159.001708984375,161.7899932861328,167.8699951171875,161.5,166.4600067138672,84882400
2022-04-25,160.0729217529297,162.8800048828125,163.1699981689453,158.4600067138672,161.1199951171875,96046400
2022-04-26,154.09774780273438,156.8000030517578,162.33999633789062,156.72000122070312,162.25,95623200
2022-04-27,153.87171936035156,156.57000732421875,159.7899932861328,155.3800048828125,155.91000366210938,88063200
2022-04-28,160.81983947753906,163.63999938964844,164.52000427246094,158.92999267578125,159.25,130216800
2022-04-29,154.93307495117188,157.64999389648438,166.1999969482422,157.25,161.83999633789062,131747600
2022-05-02,155.23773193359375,157.9600067138672,158.22999572753906,153.27000427246094,156.7100067138672,123055300
2022-05-03,156.73153686523438,159.47999572753906,160.7100067138672,156.32000732421875,158.14999389648438,88966500
2022-05-04,163.15882873535156,166.02000427246094,166.47999572753906,159.25999450683594,159.6699981689453,108256500
2022-05-05,154.06825256347656,156.77000427246094,164.0800018310547,154.9499969482422,163.85000610351562,130525300
2022-05-06,154.7965545654297,157.27999877929688,159.44000244140625,154.17999267578125,156.00999450683594,116124600
2022-05-09,149.6589813232422,152.05999755859375,155.8300018310547,151.49000549316406,154.92999267578125,131577900
2022-05-10,152.07029724121094,154.50999450683594,156.74000549316406,152.92999267578125,155.52000427246094,115366700
2022-05-11,144.18678283691406,146.5,155.4499969482422,145.80999755859375,153.5,142689800
2022-05-12,140.30897521972656,142.55999755859375,146.1999969482422,138.8000030517578,142.77000427246094,182602000
2022-05-13,144.78712463378906,147.11000061035156,148.10000610351562,143.11000061035156,144.58999633789062,113990900
2022-05-16,143.241943359375,145.5399932861328,147.52000427246094,144.17999267578125,145.5500030517578,86643800
2022-05-17,146.88352966308594,149.24000549316406,149.77000427246094,146.67999267578125,148.86000061035156,78336300
2022-05-18,138.59646606445312,140.82000732421875,147.36000061035156,139.89999389648438,146.85000610351562,109742900
2022-05-19,135.18125915527344,137.35000610351562,141.66000366210938,136.60000610351562,139.8800048828125,136095600
2022-05-20,135.4174346923828,137.58999633789062,140.6999969482422,132.61000061035156,139.08999633789062,137426100
2022-05-23,140.85028076171875,143.11000061035156,143.25999450683594,137.64999389648438,137.7899932861328,117726300
2022-05-24,138.1437225341797,140.36000061035156,141.97000122070312,137.3300018310547,140.80999755859375,104132700
2022-05-25,138.30120849609375,140.52000427246094,141.7899932861328,138.33999633789062,138.42999267578125,92482700
2022-05-26,141.5097198486328,143.77999877929688,144.33999633789062,137.13999938964844,137.38999938964844,90601500
2022-05-27,147.27720642089844,149.63999938964844,149.67999267578125,145.25999450683594,145.38999938964844,90978500
2022-05-31,146.48980712890625,148.83999633789062,150.66000366210938,146.83999633789062,149.07000732421875,103718400
2022-06-01,146.3618621826172,148.7100067138672,151.74000549316406,147.67999267578125,149.89999389648438,74286600
2022-06-02,148.82240295410156,151.2100067138672,151.27000427246094,146.86000061035156,147.8300018310547,72348100
2022-06-03,143.08444213867188,145.3800048828125,147.97000122070312,144.4600067138672,146.89999389648438,88570300
2022-06-06,143.8324432373047,146.13999938964844,148.57000732421875,144.89999389648438,147.02999877929688,71598400
2022-06-07,146.3618621826172,148.7100067138672,149.0,144.10000610351562,144.35000610351562,67808200
2022-06-08,145.6237335205078,147.9600067138672,149.8699951171875,147.4600067138672,148.5800018310547,53950200
2022-06-09,140.38772583007812,142.63999938964844,147.9499969482422,142.52999877929688,147.0800018310547,69473000
2022-06-10,134.96475219726562,137.1300048828125,140.75999450683594,137.05999755859375,140.27999877929688,91437900
2022-06-13,129.79763793945312,131.8800048828125,135.1999969482422,131.44000244140625,132.8699951171875,122207100
2022-06-14,130.66372680664062,132.75999450683594,133.88999938964844,131.47999572753906,133.1300048828125,84784300
2022-06-15,133.2915496826172,135.42999267578125,137.33999633789062,132.16000366210938,134.2899932861328,91533000
2022-06-16,128.00636291503906,130.05999755859375,132.38999938964844,129.0399932861328,132.0800018310547,108123900
2022-06-17,129.48265075683594,131.55999755859375,133.0800018310547,129.80999755859375,130.07000732421875,134520300
2022-06-21,133.72459411621094,135.8699951171875,137.05999755859375,133.32000732421875,133.4199981689453,81000500
2022-06-22,133.2128448486328,135.35000610351562,137.75999450683594,133.91000366210938,134.7899932861328,73409200
2022-06-23,136.0867156982422,138.27000427246094,138.58999633789062,135.6300048828125,136.82000732421875,72433800
2022-06-24,139.4232177734375,141.66000366210938,141.91000366210938,139.77000427246094,139.89999389648438,89116800
2022-06-27,139.4232177734375,141.66000366210938,143.49000549316406,140.97000122070312,142.6999969482422,70207900
2022-06-28,135.26986694335938,137.44000244140625,143.4199981689453,137.32000732421875,142.1300048828125,67083400
2022-06-29,137.03155517578125,139.22999572753906,140.6699981689453,136.6699981689453,137.4600067138672,66242400
2022-06-30,134.5612030029297,136.72000122070312,138.3699951171875,133.77000427246094,137.25,98964500
2022-07-01,136.73629760742188,138.92999267578125,139.0399932861328,135.66000366210938,136.0399932861328,71051600
2022-07-05,139.32476806640625,141.55999755859375,141.61000061035156,136.92999267578125,137.77000427246094,73353800
2022-07-06,140.66331481933594,142.9199981689453,144.1199951171875,141.0800018310547,141.35000610351562,74064300
2022-07-07,144.03915405273438,146.35000610351562,146.5500030517578,143.27999877929688,143.2899932861328,66253700
2022-07-08,144.71824645996094,147.0399932861328,147.5500030517578,145.0,145.25999450683594,64547800
2022-07-11,142.58250427246094,144.8699951171875,146.63999938964844,143.77999877929688,145.6699981689453,63141600
2022-07-12,143.55685424804688,145.86000061035156,148.4499969482422,145.0500030517578,145.75999450683594,77588800
2022-07-13,143.19273376464844,145.49000549316406,146.4499969482422,142.1199951171875,142.99000549316406,71185600
2022-07-14,146.12567138671875,148.47000122070312,148.9499969482422,143.25,144.0800018310547,78140700
2022-07-15,147.79881286621094,150.1699981689453,150.86000061035156,148.1999969482422,149.77999877929688,76259900
2022-07-18,144.74778747558594,147.07000732421875,151.57000732421875,146.6999969482422,150.74000549316406,81420900
2022-07-19,148.61570739746094,151.0,151.22999572753906,146.91000366210938,147.9199981689453,82982400
2022-07-20,150.62350463867188,153.0399932861328,153.72000122070312,150.3699951171875,151.1199951171875,64823400
2022-07-21,152.89700317382812,155.35000610351562,155.57000732421875,151.94000244140625,154.5,65086600
2022-07-22,151.6569366455078,154.08999633789062,156.27999877929688,153.41000366210938,155.38999938964844,66675400
2022-07-25,150.534912109375,152.9499969482422,155.0399932861328,152.27999877929688,154.00999450683594,53623900
2022-07-26,149.2062225341797,151.60000610351562,153.08999633789062,150.8000030517578,152.25999450683594,55138700
2022-07-27,154.3142852783203,156.7899932861328,157.3300018310547,152.16000366210938,152.5800018310547,78620700
2022-07-28,154.86546325683594,157.35000610351562,157.63999938964844,154.41000366210938,156.97999572753906,81378700
2022-07-29,159.9439697265625,162.50999450683594,163.6300048828125,159.5,161.24000549316406,101786900
2022-08-01,158.9597625732422,161.50999450683594,163.58999633789062,160.88999938964844,161.00999450683594,67829400
2022-08-02,157.4834442138672,160.00999450683594,162.41000366210938,159.6300048828125,160.10000610351562,59907000
2022-08-03,163.50680541992188,166.1300048828125,166.58999633789062,160.75,160.83999633789062,82507500
2022-08-04,163.19186401367188,165.80999755859375,167.19000244140625,164.42999267578125,166.00999450683594,55474100
2022-08-05,162.96517944335938,165.35000610351562,165.85000610351562,163.0,163.2100067138672,56697000
2022-08-08,162.49209594726562,164.8699951171875,167.80999755859375,164.1999969482422,166.3699951171875,60276900
2022-08-09,162.54139709472656,164.9199981689453,165.82000732421875,163.25,164.02000427246094,63135500
2022-08-10,166.799072265625,169.24000549316406,169.33999633789062,166.89999389648438,167.67999267578125,70170500
2022-08-11,166.0599365234375,168.49000549316406,170.99000549316406,168.19000244140625,170.05999755859375,57149200
2022-08-12,169.61782836914062,172.10000610351562,172.1699981689453,169.39999389648438,169.82000732421875,68039400
2022-08-15,170.69210815429688,173.19000244140625,173.38999938964844,171.35000610351562,171.52000427246094,54091700
2022-08-16,170.53440856933594,173.02999877929688,173.7100067138672,171.66000366210938,172.77999877929688,56377100
2022-08-17,172.032470703125,174.5500030517578,176.14999389648438,172.57000732421875,172.77000427246094,79542000
2022-08-18,171.63824462890625,174.14999389648438,174.89999389648438,173.1199951171875,173.75,62290100
2022-08-19,169.0461883544922,171.52000427246094,173.74000549316406,171.30999755859375,173.02999877929688,70346300
2022-08-22,165.15318298339844,167.57000732421875,169.86000061035156,167.13999938964844,169.69000244140625,69026800
2022-08-23,164.81805419921875,167.22999572753906,168.7100067138672,166.64999389648438,167.0800018310547,54147100
2022-08-24,165.11375427246094,167.52999877929688,168.11000061035156,166.25,167.32000732421875,53841500
2022-08-25,167.5777130126953,170.02999877929688,170.13999938964844,168.35000610351562,168.77999877929688,51218200
2022-08-26,161.26011657714844,163.6199951171875,171.0500030517578,163.55999755859375,170.57000732421875,78961000
2022-08-29,159.0524444580078,161.3800048828125,162.89999389648438,159.82000732421875,161.14999389648438,73314000
2022-08-30,156.61805725097656,158.91000366210938,162.55999755859375,157.72000122070312,162.1300048828125,77906200
2022-08-31,154.95240783691406,157.22000122070312,160.5800018310547,157.13999938964844,160.30999755859375,87991100
2022-09-01,155.6818084716797,157.9600067138672,158.4199981689453,154.6699981689453,156.63999938964844,74229900
2022-09-02,153.56275939941406,155.80999755859375,160.36000061035156,154.97000122070312,159.75,76957800
2022-09-06,152.30123901367188,154.52999877929688,157.08999633789062,153.69000244140625,156.47000122070312,73714800
2022-09-07,153.71063232421875,155.9600067138672,156.6699981689453,153.61000061035156,154.82000732421875,87449600
2022-09-08,152.23223876953125,154.4600067138672,156.36000061035156,152.67999267578125,154.63999938964844,84923800
2022-09-09,155.10028076171875,157.3699951171875,157.82000732421875,154.75,155.47000122070312,68028800
2022-09-12,161.07286071777344,163.42999267578125,164.25999450683594,159.3000030517578,159.58999633789062,104956000
2022-09-13,151.6211700439453,153.83999633789062,160.5399932861328,153.3699951171875,159.89999389648438,122656600
2022-09-14,153.06997680664062,155.30999755859375,157.10000610351562,153.61000061035156,154.7899932861328,87965400
2022-09-15,150.17237854003906,152.3699951171875,155.24000549316406,151.3800048828125,154.64999389648438,90481100
2022-09-16,148.52645874023438,150.6999969482422,151.35000610351562,148.3699951171875,151.2100067138672,162278800
2022-09-19,152.251953125,154.47999572753906,154.55999755859375,149.10000610351562,149.30999755859375,81474200
2022-09-20,154.6370391845703,156.89999389648438,158.0800018310547,153.0800018310547,153.39999389648438,107689800
2022-09-21,151.5029296875,153.72000122070312,158.74000549316406,153.60000610351562,157.33999633789062,101696800
2022-09-22,150.5370330810547,152.74000549316406,154.47000122070312,150.91000366210938,152.3800048828125,86652500
2022-09-23,148.2603759765625,150.42999267578125,151.47000122070312,148.55999755859375,151.19000244140625,96029900
2022-09-26,148.59547424316406,150.77000427246094,153.77000427246094,149.63999938964844,149.66000366210938,93339400
2022-09-27,149.5711669921875,151.75999450683594,154.72000122070312,149.9499969482422,152.74000549316406,84442700
2022-09-28,147.6788787841797,149.83999633789062,150.63999938964844,144.83999633789062,147.63999938964844,146691400
2022-09-29,140.42501831054688,142.47999572753906,146.72000122070312,140.67999267578125,146.10000610351562,128138200
2022-09-30,136.2067413330078,138.1999969482422,143.10000610351562,138.0,141.27999877929688,124925300
2022-10-03,140.39547729492188,142.4499969482422,143.07000732421875,137.69000244140625,138.2100067138672,114311700
2022-10-04,143.99282836914062,146.10000610351562,146.22000122070312,144.25999450683594,145.02999877929688,87830100
2022-10-05,144.2884979248047,146.39999389648438,147.3800048828125,143.00999450683594,144.07000732421875,79471000
2022-10-06,143.3324737548828,145.42999267578125,147.5399932861328,145.22000122070312,145.80999755859375,68402200
2022-10-07,138.06951904296875,140.08999633789062,143.10000610351562,139.4499969482422,142.5399932861328,85925600
2022-10-10,138.39471435546875,140.4199981689453,141.88999938964844,138.57000732421875,140.4199981689453,74899000
2022-10-11,136.9755401611328,138.97999572753906,141.35000610351562,138.22000122070312,139.89999389648438,77033700
2022-10-12,136.34474182128906,138.33999633789062,140.36000061035156,138.16000366210938,139.1300048828125,70433700
2022-10-13,140.9276885986328,142.99000549316406,143.58999633789062,134.3699951171875,134.99000549316406,113224000
2022-10-14,136.38418579101562,138.3800048828125,144.52000427246094,138.19000244140625,144.30999755859375,88598000
2022-10-17,140.3560333251953,142.41000366210938,142.89999389648438,140.27000427246094,141.07000732421875,85250900
2022-10-18,141.6767120361328,143.75,146.6999969482422,140.61000061035156,145.49000549316406,99136600
2022-10-19,141.7851104736328,143.86000061035156,144.9499969482422,141.5,141.69000244140625,61758300
2022-10-20,141.32191467285156,143.38999938964844,145.88999938964844,142.64999389648438,143.02000427246094,64522000
2022-10-21,145.14596557617188,147.27000427246094,147.85000610351562,142.64999389648438,142.8699951171875,86548600
2022-10-24,147.2945098876953,149.4499969482422,150.22999572753906,146.0,147.19000244140625,75981900
2022-10-25,150.142822265625,152.33999633789062,152.49000549316406,149.36000061035156,150.08999633789062,74732300
2022-10-26,147.19595336914062,149.35000610351562,151.99000549316406,148.0399932861328,150.9600067138672,88194300
2022-10-27,142.7115936279297,144.8000030517578,149.0500030517578,144.1300048828125,148.07000732421875,109180200
2022-10-28,153.4938201904297,155.74000549316406,157.5,147.82000732421875,148.1999969482422,164762400
2022-10-31,151.1283721923828,153.33999633789062,154.24000549316406,151.9199981689453,153.16000366210938,97943200
2022-11-01,148.47718811035156,150.64999389648438,155.4499969482422,149.1300048828125,155.0800018310547,80379300
2022-11-02,142.93821716308594,145.02999877929688,152.1699981689453,145.0,148.9499969482422,93604600
2022-11-03,136.876953125,138.8800048828125,142.8000030517578,138.75,142.05999755859375,97918500
2022-11-04,136.6104278564453,138.3800048828125,142.6699981689453,134.3800048828125,142.08999633789062,140814800
2022-11-07,137.14349365234375,138.9199981689453,139.14999389648438,135.6699981689453,137.11000061035156,83374600
2022-11-08,137.7161102294922,139.5,141.42999267578125,137.49000549316406,140.41000366210938,89908500
2022-11-09,133.14527893066406,134.8699951171875,138.5500030517578,134.58999633789062,138.5,74917800
2022-11-10,144.99183654785156,146.8699951171875,146.8699951171875,139.5,141.24000549316406,118854000
2022-11-11,147.78567504882812,149.6999969482422,150.00999450683594,144.3699951171875,145.82000732421875,93979700
2022-11-14,146.3837890625,148.27999877929688,150.27999877929688,147.42999267578125,148.97000122070312,73374100
2022-11-15,148.12132263183594,150.0399932861328,153.58999633789062,148.55999755859375,152.22000122070312,89868300
2022-11-16,146.88729858398438,148.7899932861328,149.8699951171875,147.2899932861328,149.1300048828125,64218300
2022-11-17,148.7926025390625,150.72000122070312,151.47999572753906,146.14999389648438,146.42999267578125,80389400
2022-11-18,149.3553009033203,151.2899932861328,152.6999969482422,149.97000122070312,152.30999755859375,74829600
2022-11-21,146.11724853515625,148.00999450683594,150.3699951171875,147.72000122070312,150.16000366210938,58724100
2022-11-22,148.25950622558594,150.17999267578125,150.4199981689453,146.92999267578125,148.1300048828125,51804100
2022-11-23,149.13815307617188,151.07000732421875,151.8300018310547,149.33999633789062,149.4499969482422,58301400
2022-11-25,146.2159881591797,148.11000061035156,148.8800048828125,147.1199951171875,148.30999755859375,35195900
2022-11-28,142.375732421875,144.22000122070312,146.63999938964844,143.3800048828125,145.13999938964844,69246000
2022-11-29,139.36471557617188,141.1699981689453,144.80999755859375,140.35000610351562,144.2899932861328,83763800
2022-11-30,146.13699340820312,148.02999877929688,148.72000122070312,140.5500030517578,141.39999389648438,111380900
2022-12-01,146.41343688964844,148.30999755859375,149.1300048828125,146.61000061035156,148.2100067138672,71250400
2022-12-02,145.9197998046875,147.80999755859375,148.0,145.64999389648438,145.9600067138672,65447400
2022-12-05,144.75491333007812,146.6300048828125,150.9199981689453,145.77000427246094,147.77000427246094,68826400
2022-12-06,141.0824737548828,142.91000366210938,147.3000030517578,141.9199981689453,147.07000732421875,64727200
2022-12-07,139.13768005371094,140.94000244140625,143.3699951171875,140.0,142.19000244140625,69721100
2022-12-08,140.82579040527344,142.64999389648438,143.52000427246094,141.10000610351562,142.36000061035156,62128300
2022-12-09,140.34207153320312,142.16000366210938,145.57000732421875,140.89999389648438,142.33999633789062,76097000
2022-12-12,142.64230346679688,144.49000549316406,144.5,141.05999755859375,142.6999969482422,70462700
2022-12-13,143.60977172851562,145.47000122070312,149.97000122070312,144.24000549316406,149.5,93886200
2022-12-14,141.37863159179688,143.2100067138672,146.66000366210938,141.16000366210938,145.35000610351562,82291200
2022-12-15,134.7544403076172,136.5,141.8000030517578,136.02999877929688,141.11000061035156,98931900
2022-12-16,132.7898712158203,134.50999450683594,137.64999389648438,133.72999572753906,136.69000244140625,160156900
2022-12-19,130.67723083496094,132.3699951171875,135.1999969482422,131.32000732421875,135.11000061035156,79592600
2022-12-20,130.60816955566406,132.3000030517578,133.25,129.88999938964844,131.38999938964844,77432800
2022-12-21,133.71788024902344,135.4499969482422,136.80999755859375,132.75,132.97999572753906,85928000
2022-12-22,130.5390625,132.22999572753906,134.55999755859375,130.3000030517578,134.35000610351562,77852100
2022-12-23,130.17381286621094,131.86000061035156,132.4199981689453,129.63999938964844,130.9199981689453,63814900
2022-12-27,128.3671875,130.02999877929688,131.41000366210938,128.72000122070312,131.3800048828125,69007800
2022-12-28,124.42821502685547,126.04000091552734,131.02999877929688,125.87000274658203,129.6699981689453,85438400
2022-12-29,127.9525375366211,129.61000061035156,130.47999572753906,127.7300033569336,127.98999786376953,75703700
2022-12-30,128.26844787597656,129.92999267578125,129.9499969482422,127.43000030517578,128.41000366210938,77034200
