Price,Adj Close,Close,High,Low,Open,Volume
Ticker,GOOGL,GOOGL,GOOGL,GOOGL,GOOGL,GOOGL
Date,,,,,,
2014-01-02,27.689790725708008,27.85585594177246,27.971721649169922,27.734233856201172,27.914413452148438,72783144
2014-01-03,27.4877986907959,27.652652740478516,27.951200485229492,27.650901794433594,27.902902603149414,66601332
2014-01-06,27.794267654418945,27.960960388183594,27.99949836730957,27.688688278198242,27.853103637695312,70701228
2014-01-07,28.330095291137695,28.5,28.520771026611328,28.057056427001953,28.153152465820312,102001896
2014-01-08,28.38905143737793,28.559309005737305,28.711711883544922,28.360610961914062,28.678678512573242,89610300
2014-01-09,28.115665435791016,28.284284591674805,28.63413429260254,28.16716766357422,28.614614486694336,83296620
2014-01-10,28.114173889160156,28.28278350830078,28.50550651550293,28.084333419799805,28.50550651550293,85654260
2014-01-13,27.93506622314453,28.102603912353516,28.70145034790039,27.95720672607422,28.189939498901367,96659244
2014-01-14,28.59228515625,28.763763427734375,28.803804397583008,28.230480194091797,28.47722625732422,99204696
2014-01-15,28.57288360595703,28.744243621826172,28.90390396118164,28.62337303161621,28.85360336303711,77929992
2014-01-16,28.761938095092773,28.93443489074707,28.97722625732422,28.728729248046875,28.756256103515625,67288644
2014-01-17,28.62039566040039,28.792041778564453,29.0447940826416,28.633634567260742,28.950199127197266,107943948
2014-01-21,28.94801139831543,29.12162208557129,29.12912940979004,28.811311721801758,29.05230140686035,79116804
2014-01-22,28.980846405029297,29.15465545654297,29.226476669311523,29.00050163269043,29.19444465637207,62793144
2014-01-23,28.858457565307617,29.031532287597656,29.091341018676758,28.888137817382812,29.029029846191406,77886036
2014-01-24,27.956212997436523,28.12387466430664,28.867618560791016,28.103103637695312,28.804054260253906,155544300
2014-01-27,27.394018173217773,27.558307647705078,28.190690994262695,27.083833694458008,28.180681228637695,173969856
2014-01-28,27.93581199645996,28.10335350036621,28.17192268371582,27.776275634765625,27.785785675048828,88319592
2014-01-29,27.535558700561523,27.700700759887695,28.071821212768555,27.51301383972168,28.006006240844727,95100804
2014-01-30,28.243776321411133,28.413162231445312,28.84109115600586,28.20945930480957,28.653654098510742,203452344
2014-01-31,29.37761688232422,29.553804397583008,29.693193435668945,28.807056427001953,29.31306266784668,222429348
2014-02-03,28.19502067565918,28.36411476135254,29.572572708129883,28.32857894897461,29.509510040283203,182581236
2014-02-04,28.31268310546875,28.48248291015625,28.90390396118164,28.453704833984375,28.478227615356445,112363524
2014-02-05,28.43805503845215,28.60860824584961,28.79804801940918,28.228729248046875,28.613113403320312,95684220
2014-02-06,28.854976654052734,29.02802848815918,29.03303337097168,28.717466354370117,28.807056427001953,77786136
2014-02-07,29.289804458618164,29.465465545654297,29.47697639465332,29.04304313659668,29.219970703125,105342552
2014-02-10,29.177614212036133,29.352603912353516,29.589590072631836,29.2547550201416,29.324323654174805,77730192
2014-02-11,29.60672378540039,29.784284591674805,29.826576232910156,29.334585189819336,29.533784866333008,81949968
2014-02-12,29.519906997680664,29.69694709777832,29.7797794342041,29.564064025878906,29.7547550201416,68911020
2014-02-13,29.8485164642334,30.027528762817383,30.027528762817383,29.521020889282227,29.548297882080078,73382544
2014-02-14,29.920654296875,30.100099563598633,30.139890670776367,29.849849700927734,29.920169830322266,87380532
2014-02-18,30.12165069580078,30.30230140686035,30.352102279663086,30.030029296875,30.06531524658203,84271644
2014-02-19,29.909212112426758,30.08858871459961,30.260761260986328,29.967466354370117,30.162662506103516,84059856
2014-02-20,29.953243255615234,30.132883071899414,30.202451705932617,30.03553581237793,30.10860824584961,67963968
2014-02-21,29.945281982421875,30.124874114990234,30.277027130126953,30.10110092163086,30.225475311279297,74417508
2014-02-24,30.162199020385742,30.343093872070312,30.534534454345703,30.157657623291016,30.16416358947754,66905028
2014-02-25,30.34851837158203,30.53053092956543,30.643142700195312,30.290790557861328,30.42892837524414,57490452
2014-02-26,30.352746963500977,30.5347843170166,30.75275230407715,30.374374389648438,30.630630493164062,79208712
2014-02-27,30.328868865966797,30.510761260986328,30.63638687133789,30.455705642700195,30.4902400970459,50349600
2014-02-28,30.240312576293945,30.421672821044922,30.635385513305664,30.185686111450195,30.539039611816406,92451456
2014-03-03,29.917919158935547,30.097347259521484,30.226226806640625,29.833332061767578,30.198949813842773,84107808
2014-03-04,30.22190284729004,30.403152465820312,30.430429458618164,30.26776885986328,30.405405044555664,58649292
2014-03-05,30.30523681640625,30.48698616027832,30.607608795166016,30.31556510925293,30.40665626525879,49362588
2014-03-06,30.338817596435547,30.520771026611328,30.68443489074707,30.495494842529297,30.587587356567383,50673276
2014-03-07,30.218915939331055,30.400150299072266,30.705455780029297,30.316316604614258,30.700700759887695,60543396
2014-03-10,30.138816833496094,30.319570541381836,30.471471786499023,30.132381439208984,30.422672271728516,48535416
2014-03-11,29.85075569152832,30.0297794342041,30.38838768005371,29.945945739746094,30.374624252319336,68451480
2014-03-12,30.0325984954834,30.21271324157715,30.226476669311523,29.634384155273438,29.939939498901367,78493428
2014-03-13,29.578861236572266,29.756256103515625,30.29279327392578,29.648649215698242,30.228979110717773,93730176
2014-03-14,29.17437744140625,29.349348068237305,29.801551818847656,29.342592239379883,29.579328536987305,91664244
2014-03-17,29.654483795166016,29.832332611083984,29.956707000732422,29.48223114013672,29.510761260986328,86397516
2014-03-18,30.131105422973633,30.311811447143555,30.31856918334961,29.856355667114258,29.89664649963379,72527400
2014-03-19,29.832347869873047,30.011260986328125,30.330080032348633,29.890140533447266,30.32532501220703,64451484
2014-03-20,29.78035545349121,29.958959579467773,30.27052116394043,29.91391372680664,30.028778076171875,67320612
2014-03-21,29.429107666015625,29.605606079101562,30.271020889282227,29.59084129333496,30.187938690185547,128211660
2014-03-24,28.804475784301758,28.97722625732422,29.652151107788086,28.677427291870117,29.634384155273438,121362516
2014-03-25,28.824129104614258,28.996997833251953,29.2752742767334,28.703704833984375,29.17917823791504,96311592
2014-03-26,28.158700942993164,28.327577590942383,29.31856918334961,28.31581687927246,29.079328536987305,103096800
2014-03-27,27.718645095825195,27.884885787963867,28.326826095581055,27.580080032348633,28.299549102783203,152735112
2014-03-28,27.864667892456055,28.031782150268555,28.358108520507812,27.97222137451172,28.003002166748047,90265644
2014-03-31,27.724367141723633,27.890640258789062,28.40340232849121,27.849098205566406,28.288288116455078,77614308
2014-04-01,28.231338500976562,28.400651931762695,28.465965270996094,27.977977752685547,28.0347843170166,87152760
2014-04-02,28.236562728881836,28.405906677246094,28.648649215698242,28.128128051757812,28.57607650756836,83360556
2014-04-03,28.40464973449707,28.575000762939453,29.415000915527344,28.300500869750977,28.66950035095215,80366000
2014-04-04,27.099971771240234,27.262500762939453,28.986000061035156,27.22450065612793,28.927499771118164,107274000
2014-04-07,26.870349884033203,27.0314998626709,27.49250030517578,26.526500701904297,27.239500045776367,79232000
2014-04-08,27.70931625366211,27.875499725341797,27.993999481201172,27.235000610351562,27.252500534057617,69650000
2014-04-09,28.182973861694336,28.351999282836914,28.389999389648438,27.768999099731445,28.29199981689453,60632000
2014-04-10,27.17154312133789,27.33449935913086,28.410499572753906,27.274999618530273,28.399999618530273,65890000
2014-04-11,26.727703094482422,26.88800048828125,27.379499435424805,26.670000076293945,26.89699935913086,63494000
2014-04-14,27.09748649597168,27.260000228881836,27.650999069213867,27.025999069213867,27.183000564575195,50824000
2014-04-15,27.27144432067871,27.434999465942383,27.644500732421875,26.531999588012695,27.549999237060547,79956000
2014-04-16,28.026914596557617,28.19499969482422,28.200000762939453,27.655000686645508,27.885000228881836,91644000
2014-04-17,27.005041122436523,27.16699981689453,27.850000381469727,26.969999313354492,27.81599998474121,112294000
2014-04-21,26.80772590637207,26.9685001373291,27.200000762939453,26.700000762939453,27.200000762939453,48502000
2014-04-22,27.112398147583008,27.274999618530273,27.399999618530273,26.799999237060547,26.799999237060547,46622000
2014-04-23,26.71527862548828,26.875499725341797,27.239999771118164,26.4064998626709,27.183500289916992,39114000
2014-04-24,26.562694549560547,26.722000122070312,27.125,26.549999237060547,27.08449935913086,41348000
2014-04-25,25.999073028564453,26.155000686645508,26.69300079345703,26.125,26.613000869750977,47400000
2014-04-28,25.993112564086914,26.14900016784668,26.295000076293945,25.549999237060547,26.290000915527344,75056000
2014-04-29,26.65662956237793,26.816499710083008,26.88800048828125,26.149999618530273,26.194499969482422,50704000
2014-04-30,26.584562301635742,26.743999481201172,26.816999435424805,26.454500198364258,26.756000518798828,40770000
2014-05-01,26.765975952148438,26.92650032043457,26.995500564575195,26.64299964904785,26.712499618530273,40086000
2014-05-02,26.534364700317383,26.693500518798828,27.1200008392334,26.66349983215332,27.07200050354004,35616000
2014-05-05,26.6069278717041,26.76650047302246,26.785999298095703,26.378999710083008,26.511999130249023,24568000
2014-05-06,25.972732543945312,26.12849998474121,26.727500915527344,26.113000869750977,26.670499801635742,36700000
2014-05-07,25.745594024658203,25.899999618530273,26.221500396728516,25.554500579833984,26.162500381469727,61486000
2014-05-08,25.85344886779785,26.008499145507812,26.36750030517578,25.722999572753906,25.785999298095703,49040000
2014-05-09,26.174022674560547,26.33099937438965,26.36750030517578,25.714000701904297,25.9325008392334,45224000
2014-05-12,26.761003494262695,26.921499252319336,26.9375,26.375499725341797,26.591999053955078,38968000
2014-05-13,26.91558074951172,27.07699966430664,27.199499130249023,26.895000457763672,26.979000091552734,40240000
2014-05-14,26.56120491027832,26.720500946044922,27.090999603271484,26.655500411987305,27.090999603271484,25618000
2014-05-15,26.298276901245117,26.45599937438965,26.700000762939453,26.265499114990234,26.656999588012695,36658000
2014-05-16,26.257526397705078,26.415000915527344,26.54199981689453,26.178499221801758,26.479999542236328,38154000
2014-05-19,26.7808837890625,26.941499710083008,26.967500686645508,26.283000946044922,26.444000244140625,39530000
2014-05-20,26.858421325683594,27.019500732421875,27.3174991607666,26.828500747680664,27.0,48506000
2014-05-21,27.321147918701172,27.485000610351562,27.487499237060547,27.105499267578125,27.145000457763672,31294000
2014-05-22,27.606929779052734,27.772499084472656,27.898000717163086,27.549999237060547,27.610000610351562,42994000
2014-05-23,28.021944046020508,28.190000534057617,28.25,27.708499908447266,27.9064998626709,53450000
2014-05-27,28.5721435546875,28.743499755859375,28.743499755859375,28.207500457763672,28.388999938964844,43716000
2014-05-28,28.352460861206055,28.522499084472656,28.882999420166016,28.497499465942383,28.728500366210938,31632000
2014-05-29,28.357925415039062,28.527999877929688,28.673999786376953,28.422500610351562,28.66950035095215,28222000
2014-05-30,28.412105560302734,28.582500457763672,28.628999710083008,28.289499282836914,28.582000732421875,37434000
2014-06-02,28.048782348632812,28.216999053955078,28.52050018310547,27.834999084472656,28.487499237060547,33210000
2014-06-03,27.560211181640625,27.725500106811523,28.1200008392334,27.62649917602539,28.045000076293945,40626000
2014-06-04,27.52293586730957,27.687999725341797,27.929000854492188,27.42799949645996,27.576000213623047,34582000
2014-06-05,28.078105926513672,28.24650001525879,28.25,27.752500534057617,27.855499267578125,35868000
2014-06-06,28.13277816772461,28.30150032043457,28.440000534057617,27.979000091552734,28.408000946044922,34804000
2014-06-09,28.366376876831055,28.536500930786133,28.600000381469727,28.26099967956543,28.337499618530273,30594000
2014-06-10,28.245601654052734,28.415000915527344,28.600000381469727,28.306499481201172,28.43899917602539,29676000
2014-06-11,28.205841064453125,28.375,28.44849967956543,28.18400001525879,28.29599952697754,22580000
2014-06-12,27.808225631713867,27.975000381469727,28.350000381469727,27.857500076293945,28.350000381469727,30930000
2014-06-13,27.85047149658203,28.017499923706055,28.032499313354492,27.68600082397461,28.003999710083008,27066000
2014-06-16,27.45037269592285,27.614999771118164,27.899499893188477,27.5,27.862499237060547,39436000
2014-06-17,27.366870880126953,27.5310001373291,27.687000274658203,27.37350082397461,27.618000030517578,29552000
2014-06-18,27.865880966186523,28.033000946044922,28.06999969482422,27.57900047302246,27.639999389648438,41212000
2014-06-19,28.08108901977539,28.249500274658203,28.25,27.833499908447266,28.0575008392334,52548000
2014-06-20,28.157133102416992,28.326000213623047,28.338499069213867,27.9685001373291,28.322500228881836,63212000
2014-06-23,28.54331398010254,28.714500427246094,28.722000122070312,28.174999237060547,28.217500686645508,34456000
2014-06-24,28.45633888244629,28.62700080871582,29.112499237060547,28.45800018310547,28.711000442504883,56886000
2014-06-25,29.12184715270996,29.296499252319336,29.364999771118164,28.663000106811523,28.677499771118164,42294000
2014-06-26,29.064191818237305,29.238500595092773,29.479999542236328,28.979999542236328,29.46500015258789,40248000
2014-06-27,29.10991668701172,29.284500122070312,29.393999099731445,29.131000518798828,29.272499084472656,40426000
2014-06-30,29.059219360351562,29.23349952697754,29.385499954223633,29.164499282836914,29.33799934387207,29578000
2014-07-01,29.398189544677734,29.574499130249023,29.683000564575195,29.31450080871582,29.38249969482422,32864000
2014-07-02,29.362897872924805,29.538999557495117,29.707500457763672,29.45549964904785,29.613000869750977,23916000
2014-07-03,29.477214813232422,29.65399932861328,29.712499618530273,29.450000762939453,29.584999084472656,17978000
2014-07-07,29.361907958984375,29.538000106811523,29.782499313354492,29.39699935913086,29.675500869750977,26734000
2014-07-08,28.74759292602539,28.920000076293945,29.398500442504883,28.700000762939453,29.318500518798828,42504000
2014-07-09,28.994112014770508,29.167999267578125,29.204999923706055,28.850000381469727,28.947500228881836,27456000
2014-07-10,28.829103469848633,29.00200080871582,29.262500762939453,28.604999542236328,28.649999618530273,28724000
2014-07-11,29.157630920410156,29.332500457763672,29.411500930786133,29.02899932861328,29.049999237060547,30232000
2014-07-14,29.535863876342773,29.71299934387207,29.743000030517578,29.33449935913086,29.530000686645508,39032000
2014-07-15,29.476219177246094,29.652999877929688,29.764999389648438,29.265499114990234,29.75749969482422,33476000
2014-07-16,29.354949951171875,29.5310001373291,29.850000381469727,29.512500762939453,29.844499588012695,28816000
2014-07-17,28.867870330810547,29.041000366210938,29.475000381469727,28.842500686645508,29.44849967956543,58706000
2014-07-18,30.075130462646484,30.25550079345703,30.334999084472656,29.54599952697754,30.15049934387207,97432000
2014-07-21,29.743619918823242,29.922000885009766,30.20800018310547,29.72249984741211,30.0674991607666,44758000
2014-07-22,29.998586654663086,30.178499221801758,30.444499969482422,29.96299934387207,29.985000610351562,37632000
2014-07-23,30.0791072845459,30.25950050354004,30.352500915527344,30.0674991607666,30.102500915527344,22120000
2014-07-24,29.970752716064453,30.15049934387207,30.445499420166016,30.049999237060547,30.276500701904297,27100000
2014-07-25,29.725723266601562,29.90399932861328,30.049999237060547,29.787500381469727,29.962499618530273,27200000
2014-07-28,29.772443771362305,29.951000213623047,30.05500030517578,29.629499435424805,29.887500762939453,27162000
2014-07-29,29.520456314086914,29.697500228881836,29.92449951171875,29.60849952697754,29.885000228881836,27332000
2014-07-30,29.594511032104492,29.77199935913086,29.922500610351562,29.635000228881836,29.79050064086914,24302000
2014-07-31,28.80474853515625,28.977500915527344,29.59950065612793,28.884000778198242,29.447999954223633,46190000
2014-08-01,28.509021759033203,28.68000030517578,29.171499252319336,28.514999389648438,28.927499771118164,44266000
2014-08-04,28.9399356842041,29.113500595092773,29.19099998474121,28.613000869750977,28.82550048828125,30388000
2014-08-05,28.48615837097168,28.656999588012695,29.010000228881836,28.515499114990234,28.9689998626709,32876000
2014-08-06,28.553255081176758,28.72450065612793,28.93199920654297,28.372499465942383,28.475000381469727,26456000
2014-08-07,28.420055389404297,28.590499877929688,28.91550064086914,28.471500396728516,28.802499771118164,23260000
2014-08-08,28.7247257232666,28.89699935913086,28.97800064086914,28.451000213623047,28.60099983215332,29866000
2014-08-11,28.690433502197266,28.862499237060547,28.984500885009766,28.764999389648438,28.950000762939453,24068000
2014-08-12,28.43546485900879,28.606000900268555,28.795000076293945,28.495500564575195,28.75,27890000
2014-08-13,29.053754806518555,29.22800064086914,29.306499481201172,28.760000228881836,28.822500228881836,37988000
2014-08-14,29.0582275390625,29.232500076293945,29.389999389648438,29.04599952697754,29.33449935913086,25458000
2014-08-15,29.01150894165039,29.18549919128418,29.473499298095703,29.038000106811523,29.375,34468000
2014-08-18,29.458328247070312,29.635000228881836,29.752500534057617,29.327499389648438,29.354999542236328,29320000
2014-08-19,29.677513122558594,29.855499267578125,29.890499114990234,29.722000122070312,29.779499053955078,20864000
2014-08-20,29.593019485473633,29.77050018310547,29.84950065612793,29.649999618530273,29.84749984741211,19346000
2014-08-21,29.444412231445312,29.621000289916992,29.762500762939453,29.55500030517578,29.7450008392334,22640000
2014-08-22,29.450376510620117,29.62700080871582,29.749500274658203,29.489999771118164,29.66349983215332,17544000
2014-08-25,29.352460861206055,29.528499603271484,29.77899932861328,29.46299934387207,29.738500595092773,25912000
2014-08-26,29.230693817138672,29.4060001373291,29.602500915527344,29.372499465942383,29.600000381469727,29434000
2014-08-27,28.976219177246094,29.149999618530273,29.4685001373291,29.045000076293945,29.390499114990234,27292000
2014-08-28,28.843019485473633,29.016000747680664,29.23550033569336,28.893999099731445,29.000999450683594,28116000
2014-08-29,28.944408416748047,29.118000030517578,29.145000457763672,28.91200065612793,29.11750030517578,24122000
2014-09-02,29.256040573120117,29.431499481201172,29.46500015258789,29.1200008392334,29.147499084472656,31660000
2014-09-03,29.300275802612305,29.47599983215332,29.72450065612793,29.325000762939453,29.58650016784668,31580000
2014-09-04,29.48019790649414,29.656999588012695,29.899999618530273,29.530000686645508,29.60650062561035,32616000
2014-09-05,29.710811614990234,29.888999938964844,29.924999237060547,29.677499771118164,29.756500244140625,35982000
2014-09-08,29.90216636657715,30.081499099731445,30.176000595092773,29.900999069213867,29.957000732421875,31984000
2014-09-09,29.42204475402832,29.598499298095703,30.030000686645508,29.52400016784668,30.013500213623047,31424000
2014-09-10,29.49411392211914,29.67099952697754,29.68600082397461,29.35700035095215,29.586999893188477,23202000
2014-09-11,29.379302978515625,29.555500030517578,29.59749984741211,29.302000045776367,29.5,30028000
2014-09-12,29.070653915405273,29.2450008392334,29.573999404907227,29.163999557495117,29.519500732421875,37030000
2014-09-15,28.90862464904785,29.082000732421875,29.195999145507812,28.850500106811523,29.11199951171875,30908000
2014-09-16,29.26349449157715,29.43899917602539,29.50749969482422,29.047500610351562,29.047500610351562,31592000
2014-09-17,29.487651824951172,29.664499282836914,29.803499221801758,29.356000900268555,29.475500106811523,34390000
2014-09-18,29.685466766357422,29.863500595092773,29.878000259399414,29.650999069213867,29.752500534057617,29890000
2014-09-19,30.08954429626465,30.270000457763672,30.270000457763672,29.88800048828125,29.97450065612793,83832000
2014-09-22,29.685466766357422,29.863500595092773,30.190000534057617,29.6560001373291,30.125,35644000
2014-09-23,29.382780075073242,29.55900001525879,29.832500457763672,29.511999130249023,29.75,28074000
2014-09-24,29.74262237548828,29.92099952697754,30.00550079345703,29.514999389648438,29.578500747680664,35160000
2014-09-25,29.08804702758789,29.262500762939453,29.903499603271484,29.23699951171875,29.84950065612793,33420000
2014-09-26,29.219758987426758,29.395000457763672,29.478500366210938,29.25,29.296499252319336,25782000
2014-09-29,29.21528434753418,29.390499114990234,29.465499877929688,29.078500747680664,29.09149932861328,22874000
2014-09-30,29.245105743408203,29.420499801635742,29.549999237060547,29.225000381469727,29.374500274658203,31430000
2014-10-01,28.808727264404297,28.98150062561035,29.43600082397461,28.900999069213867,29.34000015258789,28954000
2014-10-02,28.870851516723633,29.04400062561035,29.16200065612793,28.702499389648438,28.899999618530273,30726000
2014-10-03,29.13775062561035,29.3125,29.414499282836914,29.174999237060547,29.204999923706055,24290000
2014-10-06,29.213794708251953,29.388999938964844,29.6200008392334,29.270000457763672,29.497499465942383,25722000
2014-10-07,28.533872604370117,28.704999923706055,29.292499542236328,28.704999923706055,29.2450008392334,30914000
2014-10-08,29.01300048828125,29.187000274658203,29.234500885009766,28.381999969482422,28.739500045776367,44158000
2014-10-09,28.37035369873047,28.54050064086914,29.12649917602539,28.451499938964844,29.08049964904785,48234000
2014-10-10,27.594011306762695,27.75950050354004,28.761499404907227,27.750499725341797,28.37350082397461,59574000
2014-10-13,27.075119018554688,27.237499237060547,28.04400062561035,27.221500396728516,27.756500244140625,55116000
2014-10-14,27.270946502685547,27.434499740600586,27.931499481201172,27.225000381469727,27.506999969482422,52198000
2014-10-15,26.875320434570312,27.036500930786133,27.195999145507812,26.42099952697754,27.104000091552734,76720000
2014-10-16,26.685955047607422,26.84600067138672,27.04949951171875,26.247499465942383,26.350000381469727,76100000
2014-10-17,25.992612838745117,26.148500442504883,27.172500610351562,25.920499801635742,27.022499084472656,119930000
2014-10-20,26.46030616760254,26.618999481201172,26.658000946044922,25.957000732421875,26.022499084472656,54964000
2014-10-21,26.741125106811523,26.901500701904297,26.938499450683594,26.510000228881836,26.863500595092773,49190000
2014-10-22,26.972736358642578,27.13450050354004,27.538000106811523,27.011499404907227,27.052499771118164,59474000
2014-10-23,27.517467498779297,27.6825008392334,27.8700008392334,27.274999618530273,27.413999557495117,43026000
2014-10-24,27.281383514404297,27.44499969482422,27.75,27.257999420166016,27.749000549316406,43508000
2014-10-27,27.330089569091797,27.493999481201172,27.700000762939453,27.360000610351562,27.38800048828125,31934000
2014-10-28,27.780391693115234,27.94700050354004,27.959999084472656,27.521499633789062,27.585500717163086,34774000
2014-10-29,27.756038665771484,27.922500610351562,28.24850082397461,27.798999786376953,28.042499542236328,41066000
2014-10-30,27.846494674682617,28.013500213623047,28.125,27.60650062561035,27.912500381469727,32250000
2014-10-31,28.224227905273438,28.39349937438965,28.436500549316406,28.24049949645996,28.415000915527344,46810000
2014-11-03,28.02045249938965,28.188499450683594,28.357500076293945,28.081499099731445,28.17650032043457,30834000
2014-11-04,28.04132652282715,28.20949935913086,28.239500045776367,27.915000915527344,28.058000564575195,27726000
2014-11-05,27.63178253173828,27.797500610351562,28.344999313354492,27.707500457763672,28.339500427246094,32906000
2014-11-06,27.42005157470703,27.58449935913086,27.84000015258789,27.52899932861328,27.774999618530273,33014000
2014-11-07,27.426511764526367,27.590999603271484,27.780000686645508,27.467500686645508,27.780000686645508,31782000
2014-11-10,27.745105743408203,27.911500930786133,28.0314998626709,27.58099937438965,27.6200008392334,26090000
2014-11-11,27.897192001342773,28.06450080871582,28.125,27.812000274658203,27.926000595092773,21966000
2014-11-12,27.746097564697266,27.912500381469727,28.0625,27.774999618530273,28.0575008392334,21882000
2014-11-13,27.656137466430664,27.82200050354004,28.041000366210938,27.704500198364258,28.04050064086914,30220000
2014-11-14,27.594011306762695,27.75950050354004,27.899999618530273,27.625499725341797,27.899999618530273,28502000
2014-11-17,27.169057846069336,27.332000732421875,27.75950050354004,27.222000122070312,27.75950050354004,33612000
2014-11-18,27.06319236755371,27.225500106811523,27.63949966430664,27.190000534057617,27.396499633789062,36440000
2014-11-19,27.19689178466797,27.360000610351562,27.410999298095703,26.95949935913086,27.237499237060547,30346000
2014-11-20,27.025917053222656,27.187999725341797,27.268999099731445,27.075000762939453,27.10449981689453,35016000
2014-11-21,27.13178062438965,27.29450035095215,27.552000045776367,27.25,27.552000045776367,50120000
2014-11-24,27.210805892944336,27.374000549316406,27.559499740600586,27.207500457763672,27.328500747680664,33076000
2014-11-25,27.297786712646484,27.46150016784668,27.625,27.345500946044922,27.36050033569336,38072000
2014-11-26,27.22323226928711,27.386499404907227,27.493999481201172,27.261499404907227,27.46150016784668,29604000
2014-11-28,27.29033088684082,27.45400047302246,27.479999542236328,27.224000930786133,27.350000381469727,24202000
2014-12-01,26.821640014648438,26.982500076293945,27.43950080871582,26.930999755859375,27.254499435424805,39888000
2014-12-02,26.768957138061523,26.929500579833984,27.092500686645508,26.732999801635742,26.97249984741211,41480000
2014-12-03,26.688440322875977,26.848499298095703,27.070499420166016,26.760499954223633,26.875,32476000
2014-12-04,26.967267990112305,27.128999710083008,27.13450050354004,26.74449920654297,26.881999969482422,32598000
2014-12-05,26.246591567993164,26.40399932861328,26.90999984741211,26.363000869750977,26.834999084472656,61402000
2014-12-08,26.3783016204834,26.536500930786133,26.69099998474121,26.350000381469727,26.461000442504883,64566000
2014-12-09,26.64569664001465,26.805500030517578,26.832500457763672,26.170499801635742,26.29400062561035,43322000
2014-12-10,26.244604110717773,26.402000427246094,26.968000411987305,26.374500274658203,26.795000076293945,46222000
2014-12-11,26.446889877319336,26.605499267578125,26.851999282836914,26.45800018310547,26.500499725341797,41426000
2014-12-12,25.9200496673584,26.07550048828125,26.61199951171875,26.072999954223633,26.371999740600586,47314000
2014-12-15,25.63823890686035,25.79199981689453,26.26849937438965,25.770000457763672,26.187999725341797,52352000
2014-12-16,24.759511947631836,24.908000946044922,25.77899932861328,24.859500885009766,25.68000030517578,86998000
2014-12-17,25.171537399291992,25.322500228881836,25.453500747680664,24.95549964904785,24.993000030517578,72788000
2014-12-18,25.577606201171875,25.731000900268555,25.8125,25.327999114990234,25.79949951171875,77534000
2014-12-19,25.846986770629883,26.00200080871582,26.04050064086914,25.44300079345703,25.84950065612793,97442000
2014-12-22,26.45633316040039,26.614999771118164,26.648500442504883,26.029499053955078,26.030500411987305,66390000
2014-12-23,26.777904510498047,26.938499450683594,27.114999771118164,26.68600082397461,26.725500106811523,57544000
2014-12-24,26.686452865600586,26.846500396728516,27.01449966430664,26.7549991607666,26.94099998474121,14754000
2014-12-26,26.914583206176758,27.076000213623047,27.162500381469727,26.774499893188477,26.846500396728516,22270000
2014-12-29,26.705337524414062,26.86549949645996,27.196500778198242,26.857999801635742,27.024999618530273,44300000
2014-12-30,26.60444450378418,26.763999938964844,26.892000198364258,26.680500030517578,26.74799919128418,20972000
2014-12-31,26.37482261657715,26.533000946044922,26.920000076293945,26.510000228881836,26.886999130249023,24648000
2015-01-02,26.319652557373047,26.477500915527344,26.790000915527344,26.393999099731445,26.6299991607666,26480000
2015-01-05,25.818157196044922,25.972999572753906,26.399499893188477,25.887500762939453,26.357500076293945,41182000
2015-01-06,25.18098258972168,25.332000732421875,26.06049919128418,25.27750015258789,26.024999618530273,54456000
2015-01-07,25.106924057006836,25.25749969482422,25.574499130249023,25.1825008392334,25.547500610351562,46918000
2015-01-08,25.194400787353516,25.345500946044922,25.375,24.750999450683594,25.07550048828125,73054000
2015-01-09,24.88674545288086,25.035999298095703,25.43000030517578,24.9325008392334,25.409000396728516,42000000
2015-01-12,24.7048397064209,24.85300064086914,25.013999938964844,24.545499801635742,24.961999893188477,57138000
2015-01-13,24.94042205810547,25.09000015258789,25.43000030517578,24.863000869750977,25.12849998474121,60958000
2015-01-14,25.14569091796875,25.296499252319336,25.413000106811523,24.908000946044922,25.020999908447266,52800000
2015-01-15,25.050264358520508,25.20050048828125,25.487499237060547,25.100500106811523,25.444499969482422,51068000
2015-01-16,25.37084197998047,25.523000717163086,25.542499542236328,25.154499053955078,25.157499313354492,49658000
2015-01-20,25.344995498657227,25.496999740600586,25.780500411987305,25.4685001373291,25.638500213623047,46796000
2015-01-21,25.864381790161133,26.019500732421875,26.092500686645508,25.47949981689453,25.54199981689453,46356000
2015-01-22,26.70484161376953,26.864999771118164,26.941999435424805,26.095500946044922,26.149999618530273,56068000
2015-01-23,26.935955047607422,27.09749984741211,27.27050018310547,26.787500381469727,26.901500701904297,45966000
2015-01-26,26.676013946533203,26.836000442504883,27.075000762939453,26.603500366210938,27.075000762939453,30932000
2015-01-27,25.904142379760742,26.059499740600586,26.638999938964844,26.042999267578125,26.56999969482422,39148000
2015-01-28,25.468751907348633,25.62150001525879,26.284500122070312,25.61750030517578,26.25,35822000
2015-01-29,25.508516311645508,25.661500930786133,25.75950050354004,25.173999786376953,25.645000457763672,79018000
2015-01-30,26.717267990112305,26.877500534057617,27.155000686645508,25.909000396728516,25.950000762939453,121108000
2015-02-02,26.451364517211914,26.610000610351562,26.825000762939453,26.086000442504883,26.715999603271484,75378000
2015-02-03,26.50603485107422,26.665000915527344,26.872499465942383,26.340499877929688,26.496999740600586,47062000
2015-02-04,26.148181915283203,26.30500030517578,26.837499618530273,26.25149917602539,26.656999588012695,33896000
2015-02-05,26.33357048034668,26.491500854492188,26.534500122070312,26.281999588012695,26.396499633789062,33176000
2015-02-06,26.534862518310547,26.694000244140625,27.01099967956543,26.4325008392334,26.550500869750977,42938000
2015-02-09,26.30623435974121,26.464000701904297,26.694000244140625,26.377500534057617,26.55299949645996,30314000
2015-02-10,26.846986770629883,27.007999420166016,27.049999237060547,26.458499908447266,26.607500076293945,47430000
2015-02-11,26.739633560180664,26.899999618530273,27.09749984741211,26.799999237060547,26.986499786376953,38306000
2015-02-12,27.137746810913086,27.300500869750977,27.41699981689453,26.850000381469727,26.982999801635742,48590000
2015-02-13,27.39371109008789,27.558000564575195,27.62700080871582,27.329999923706055,27.375499725341797,47382000
2015-02-17,27.088043212890625,27.250499725341797,27.649999618530273,27.163000106811523,27.558000564575195,39174000
2015-02-18,26.970745086669922,27.13249969482422,27.377500534057617,26.977500915527344,27.19099998474121,31164000
2015-02-19,27.15961456298828,27.322500228881836,27.343000411987305,27.037500381469727,27.12350082397461,30834000
2015-02-20,26.928503036499023,27.09000015258789,27.378999710083008,26.905000686645508,27.378999710083008,38234000
2015-02-23,26.590526580810547,26.75,26.96500015258789,26.600000381469727,26.950000762939453,32906000
2015-02-24,26.771940231323242,26.9325008392334,26.969999313354492,26.549999237060547,26.577499389648438,28406000
2015-02-25,27.203353881835938,27.366500854492188,27.478500366210938,26.90049934387207,26.922000885009766,40836000
2015-02-26,27.797788619995117,27.964500427246094,28.006500244140625,27.254499435424805,27.28700065612793,54032000
2015-02-27,27.96379280090332,28.131500244140625,28.47100067138672,27.851499557495117,27.907499313354492,68328000
2015-03-02,28.57959747314453,28.750999450683594,28.79949951171875,28.157499313354492,28.350000381469727,50406000
2015-03-03,28.76697540283203,28.93950080871582,29.042499542236328,28.524999618530273,28.8174991607666,50526000
2015-03-04,28.74411392211914,28.916500091552734,29.081499099731445,28.625999450683594,28.848499298095703,37964000
2015-03-05,28.8981876373291,29.071500778198242,29.15999984741211,28.911500930786133,28.981000900268555,35918000
2015-03-06,28.47422981262207,28.645000457763672,29.138999938964844,28.60300064086914,29.100000381469727,37592000
2015-03-09,28.533872604370117,28.704999923706055,28.772499084472656,28.452499389648438,28.54599952697754,23478000
2015-03-10,27.82562255859375,27.99250030517578,28.488000869750977,27.990999221801758,28.423999786376953,40080000
2015-03-11,27.618860244750977,27.784500122070312,28.208999633789062,27.77050018310547,27.989999771118164,40524000
2015-03-12,27.89122772216797,28.058500289916992,28.091999053955078,27.776500701904297,27.923999786376953,35602000
2015-03-13,27.48516273498535,27.649999618530273,28.218000411987305,27.51650047302246,27.96150016784668,35428000
2015-03-16,27.914588928222656,28.082000732421875,28.1875,27.56599998474121,27.846500396728516,36856000
2015-03-17,27.71428680419922,27.88050079345703,28.031999588012695,27.720500946044922,27.914499282836914,28892000
2015-03-18,28.139238357543945,28.308000564575195,28.32550048828125,27.674999237060547,27.886499404907227,35324000
2015-03-19,28.015483856201172,28.183500289916992,28.347999572753906,28.106000900268555,28.22599983215332,24660000
2015-03-20,28.079097747802734,28.247499465942383,28.354999542236328,28.224000930786133,28.335500717163086,44320000
2015-03-23,28.0999755859375,28.26849937438965,28.48200035095215,28.152999877929688,28.299999237060547,30234000
2015-03-24,28.70484733581543,28.87700080871582,29.0939998626709,28.404499053955078,28.427000045776367,79156000
2015-03-25,28.18099021911621,28.350000381469727,29.00349998474121,28.350000381469727,28.87849998474121,53070000
2015-03-26,28.013992309570312,28.18199920654297,28.359500885009766,27.91550064086914,28.232500076293945,49842000
2015-03-27,27.711305618286133,27.877500534057617,28.203500747680664,27.846500396728516,28.09149932861328,34552000
2015-03-30,27.88973617553711,28.05699920654297,28.107999801635742,27.839500427246094,28.012500762939453,24788000
2015-03-31,27.569656372070312,27.735000610351562,28.122499465942383,27.73349952697754,27.89699935913086,34932000
2015-04-01,27.31070899963379,27.47450065612793,27.924999237060547,27.30150032043457,27.741500854492188,38902000
2015-04-02,26.904146194458008,27.065500259399414,27.399999618530273,27.02199935913086,27.370500564575195,47760000
2015-04-06,27.035358428955078,27.197500228881836,27.277000427246094,26.78499984741211,26.941999435424805,33718000
2015-04-07,27.080589294433594,27.243000030517578,27.507999420166016,27.179500579833984,27.249500274658203,27318000
2015-04-08,27.278400421142578,27.441999435424805,27.575000762939453,27.299999237060547,27.299999237060547,28386000
2015-04-09,27.237646102905273,27.400999069213867,27.4685001373291,27.09749984741211,27.460500717163086,32366000
2015-04-10,27.263492584228516,27.427000045776367,27.49250030517578,27.249000549316406,27.478500366210938,26104000
2015-04-13,27.268461227416992,27.43199920654297,27.66349983215332,27.315000534057617,27.352500915527344,29326000
2015-04-14,26.82810401916504,26.98900032043457,27.328500747680664,26.78700065612793,27.328500747680664,47206000
2015-04-15,26.890729904174805,27.052000045776367,27.159500122070312,26.618499755859375,26.898000717163086,46962000
2015-04-16,27.013986587524414,27.176000595092773,27.261499404907227,26.905000686645508,26.917499542236328,31722000
2015-04-17,26.478200912475586,26.636999130249023,26.989999771118164,26.450000762939453,26.86549949645996,49234000
2015-04-20,27.064186096191406,27.226499557495117,27.290000915527344,26.667499542236328,26.6875,38508000
2015-04-21,26.98416519165039,27.145999908447266,27.388500213623047,27.11050033569336,27.315500259399414,29128000
2015-04-22,27.29530143737793,27.458999633789062,27.549999237060547,27.06599998474121,27.152999877929688,31806000
2015-04-23,27.706832885742188,27.87299919128418,28.058500289916992,27.503999710083008,27.52050018310547,78184000
2015-04-24,28.51200294494629,28.683000564575195,29.235000610351562,28.417499542236328,29.002500534057617,92168000
2015-04-27,28.137250900268555,28.305999755859375,28.775999069213867,28.114999771118164,28.638500213623047,48062000
2015-04-28,28.050273895263672,28.2185001373291,28.39150047302246,28.04800033569336,28.215999603271484,37178000
2015-04-29,27.90216064453125,28.069499969482422,28.29199981689453,27.950000762939453,28.02549934387207,33622000
2015-04-30,27.27492332458496,27.438499450683594,28.055500030517578,27.336000442504883,27.92799949645996,47240000
2015-05-01,27.39371109008789,27.558000564575195,27.56100082397461,27.1924991607666,27.52549934387207,36572000
2015-05-04,27.477210998535156,27.642000198364258,27.83449935913086,27.36949920654297,27.54949951171875,35260000
2015-05-05,26.990129470825195,27.152000427246094,27.63050079345703,27.118499755859375,27.507999420166016,28528000
2015-05-06,26.59450340270996,26.753999710083008,27.196500778198242,26.61199951171875,27.131999969482422,39034000
2015-05-07,26.940427780151367,27.101999282836914,27.260000228881836,26.672500610351562,26.795000076293945,31844000
2015-05-08,27.283870697021484,27.447500228881836,27.639999389648438,27.401500701904297,27.443500518798828,28226000
2015-05-11,27.126312255859375,27.288999557495117,27.668500900268555,27.280000686645508,27.42449951171875,21858000
2015-05-12,26.775917053222656,26.936500549316406,27.148000717163086,26.75,27.140499114990234,35282000
2015-05-13,26.813690185546875,26.97450065612793,27.191999435424805,26.948999404907227,27.023500442504883,24238000
2015-05-14,27.296295166015625,27.459999084472656,27.484500885009766,27.125,27.19849967956543,31736000
2015-05-15,27.161603927612305,27.324499130249023,27.530000686645508,27.125,27.519500732421875,33440000
2015-05-18,27.170549392700195,27.333499908447266,27.41699981689453,27.112499237060547,27.19099998474121,26706000
2015-05-19,27.300270080566406,27.464000701904297,27.670000076293945,27.356000900268555,27.399999618530273,47126000
2015-05-20,27.46080780029297,27.625499725341797,27.803499221801758,27.2549991607666,27.54599952697754,30840000
2015-05-21,27.67452621459961,27.840499877929688,27.88050079345703,27.46500015258789,27.510000228881836,34170000
2015-05-22,27.56070899963379,27.72599983215332,27.91200065612793,27.680999755859375,27.722999572753906,24266000
2015-05-26,27.196393966674805,27.359500885009766,27.666500091552734,27.148500442504883,27.628999710083008,37474000
2015-05-27,27.547286987304688,27.712499618530273,27.76449966430664,27.32900047302246,27.43400001525879,34844000
2015-05-28,27.54380989074707,27.708999633789062,27.788000106811523,27.540000915527344,27.68950080871582,23544000
2015-05-29,27.103450775146484,27.266000747680664,27.69700050354004,27.25200080871582,27.65999984741211,43446000
2015-06-01,27.296794891357422,27.460500717163086,27.528499603271484,27.179000854492188,27.436500549316406,33210000
2015-06-02,27.532379150390625,27.697500228881836,27.93950080871582,27.327499389648438,27.37150001525879,31842000
2015-06-03,27.598979949951172,27.76449966430664,27.899499893188477,27.607500076293945,27.7549991607666,26710000
2015-06-04,27.42005157470703,27.58449935913086,27.79800033569336,27.45599937438965,27.608999252319336,26866000
2015-06-05,27.312694549560547,27.476499557495117,27.666500091552734,27.368999481201172,27.600000381469727,24396000
2015-06-08,27.012001037597656,27.173999786376953,27.493499755859375,27.147499084472656,27.480499267578125,27336000
2015-06-09,26.946392059326172,27.107999801635742,27.242000579833984,26.9424991607666,27.17099952697754,30016000
2015-06-10,27.465282440185547,27.6299991607666,27.73900032043457,27.25550079345703,27.28499984741211,30316000
2015-06-11,27.338045120239258,27.50200080871582,27.741500854492188,27.458499908447266,27.72450065612793,25872000
2015-06-12,27.21031379699707,27.37350082397461,27.4424991607666,27.2814998626709,27.357500076293945,25468000
2015-06-15,26.988143920898438,27.149999618530273,27.202499389648438,26.960500717163086,27.136499404907227,27150000
2015-06-16,27.081087112426758,27.243499755859375,27.33449935913086,27.078500747680664,27.224000930786133,32526000
2015-06-17,27.167070388793945,27.329999923706055,27.417999267578125,27.090499877929688,27.270999908447266,24440000
2015-06-18,27.643213272094727,27.80900001525879,27.862499237060547,27.399999618530273,27.399999618530273,41192000
2015-06-19,27.709814071655273,27.875999450683594,27.89550018310547,27.613000869750977,27.826000213623047,59290000
2015-06-22,27.817171096801758,27.983999252319336,28.280500411987305,27.945499420166016,27.970500946044922,34752000
2015-06-23,28.00156593322754,28.16950035095215,28.2450008392334,27.857500076293945,27.989500045776367,31396000
2015-06-24,27.762001037597656,27.928499221801758,28.131999969482422,27.840499877929688,28.124000549316406,28924000
2015-06-25,27.731185913085938,27.897499084472656,28.156999588012695,27.87299919128418,28.014999389648438,26684000
2015-06-26,27.488143920898438,27.652999877929688,28.0,27.592500686645508,27.98550033569336,43676000
2015-06-29,26.90116310119629,27.0625,27.545000076293945,27.011999130249023,27.337499618530273,37756000
2015-06-30,26.841028213500977,27.00200080871582,27.295000076293945,26.976999282836914,27.254499435424805,34510000
2015-07-01,27.003055572509766,27.165000915527344,27.29050064086914,26.988000869750977,27.183000564575195,30760000
2015-07-02,27.20384979248047,27.367000579833984,27.399999618530273,27.178499221801758,27.23699951171875,28124000
2015-07-06,27.118362426757812,27.2810001373291,27.429000854492188,27.104999542236328,27.112499237060547,25614000
2015-07-07,27.337547302246094,27.50149917602539,27.549999237060547,26.99250030517578,27.37150001525879,33578000
2015-07-08,26.92353057861328,27.084999084472656,27.413999557495117,27.059999465942383,27.280000686645508,27662000
2015-07-09,27.07015037536621,27.232500076293945,27.444000244140625,27.231000900268555,27.4325008392334,29766000
2015-07-10,27.639734268188477,27.805500030517578,27.964500427246094,27.600000381469727,27.68549919128418,43436000
2015-07-13,28.416078567504883,28.58650016784668,28.642499923706055,27.934999465942383,27.975500106811523,41792000
2015-07-14,29.034868240356445,29.208999633789062,29.48550033569336,28.708499908447266,28.725000381469727,74832000
2015-07-15,29.02393341064453,29.197999954223633,29.434499740600586,29.010499954223633,29.187000274658203,41466000
2015-07-16,29.909622192382812,30.089000701904297,30.225000381469727,29.395999908447266,29.475000381469727,112642000
2015-07-17,34.77245330810547,34.98099899291992,35.150001525878906,33.900001525878906,34.0,257162000
2015-07-20,34.43547439575195,34.641998291015625,34.88999938964844,34.0885009765625,34.44900131225586,102436000
2015-07-21,34.56023025512695,34.76750183105469,35.279998779296875,34.20750045776367,34.24399948120117,75604000
2015-07-22,34.54780578613281,34.755001068115234,35.666500091552734,34.58100128173828,34.70100021362305,83100000
2015-07-23,33.535377502441406,33.73649978637695,34.80350112915039,33.579498291015625,34.592498779296875,76232000
2015-07-24,32.54332733154297,32.73849868774414,33.88949966430664,32.659000396728516,33.8385009765625,82622000
2015-07-27,32.717281341552734,32.91350173950195,33.35350036621094,32.57749938964844,32.57849884033203,58382000
2015-07-28,32.7863655090332,32.983001708984375,33.20500183105469,32.670501708984375,33.0880012512207,34364000
2015-07-29,32.87434005737305,33.07149887084961,33.166500091552734,32.641998291015625,33.112998962402344,36756000
2015-07-30,33.0299072265625,33.22800064086914,33.40250015258789,32.58449935913086,32.87200164794922,39606000
2015-07-31,32.679012298583984,32.875,33.25,32.86000061035156,33.23500061035156,34922000
2015-08-03,33.03785705566406,33.236000061035156,33.333499908447266,32.882999420166016,32.882999420166016,31348000
2015-08-04,32.866886138916016,33.06399917602539,33.400001525878906,33.0255012512207,33.21699905395508,26188000
2015-08-05,33.46380615234375,33.66450119018555,33.99549865722656,33.27899932861328,33.287498474121094,36448000
2015-08-06,33.30774688720703,33.50749969482422,33.73749923706055,33.0364990234375,33.699501037597656,40660000
2015-08-07,33.02145767211914,33.21950149536133,33.439998626708984,32.94350051879883,33.388999938964844,27544000
2015-08-10,32.95933151245117,33.15700149536133,33.58100128173828,33.01150131225586,33.35449981689453,34458000
2015-08-11,34.30923080444336,34.51499938964844,35.20000076293945,34.215999603271484,34.979000091552734,109880000
2015-08-12,34.36738967895508,34.57350158691406,34.79999923706055,34.0255012512207,34.7244987487793,58498000
2015-08-13,34.1208610534668,34.32550048828125,34.701499938964844,34.10900115966797,34.459999084472656,36354000
2015-08-14,34.26301193237305,34.46849822998047,34.612998962402344,34.14500045776367,34.20199966430664,27598000
2015-08-17,34.498600006103516,34.705501556396484,34.73699951171875,34.15299987792969,34.402000427246094,24680000
2015-08-18,34.231204986572266,34.436500549316406,34.78799819946289,34.26599884033203,34.55350112915039,27710000
2015-08-19,34.4951171875,34.70199966430664,35.0099983215332,34.34000015258789,34.50550079345703,50194000
2015-08-20,33.771461486816406,33.9739990234375,34.80799865722656,33.763999938964844,34.45500183105469,57798000
2015-08-21,32.009525299072266,32.201499938964844,33.644500732421875,32.154998779296875,33.551998138427734,91880000
2015-08-24,30.721254348754883,30.905500411987305,31.384000778198242,29.654499053955078,30.030000686645508,129788000
2015-08-25,30.440933227539062,30.62350082397461,32.349998474121094,30.583499908447266,32.32350158691406,71430000
2015-08-26,32.79034423828125,32.98699951171875,33.124000549316406,31.51849937438965,32.154998779296875,87740000
2015-08-27,33.198890686035156,33.39799880981445,33.69900131225586,32.55500030517578,33.5994987487793,58974000
2015-08-28,32.787864685058594,32.984500885009766,33.349998474121094,32.6875,33.28799819946289,38836000
2015-08-31,32.19789505004883,32.39099884033203,33.22050094604492,32.317501068115234,32.71699905395508,38936000
2015-09-01,31.290340423583984,31.47800064086914,32.22200012207031,31.253000259399414,31.690500259399414,51458000
2015-09-02,32.053260803222656,32.24549865722656,32.25299835205078,31.531999588012695,31.899999618530273,37630000
2015-09-03,31.66261100769043,31.852500915527344,32.5625,31.690500259399414,32.39649963378906,34572000
2015-09-04,31.260517120361328,31.447999954223633,31.725000381469727,31.325000762939453,31.485000610351562,40478000
2015-09-08,32.0020751953125,32.194000244140625,32.25199890136719,31.645000457763672,32.04999923706055,39092000
2015-09-09,31.978713989257812,32.170501708984375,32.86800003051758,32.04499816894531,32.59400177001953,40978000
2015-09-10,32.359928131103516,32.55400085449219,32.744998931884766,32.084999084472656,32.19499969482422,27850000
2015-09-11,32.56966781616211,32.76499938964844,32.765499114990234,32.37049865722656,32.510501861572266,34892000
2015-09-14,32.42901611328125,32.62350082397461,32.79600143432617,32.474998474121094,32.78150177001953,29942000
2015-09-15,33.055259704589844,33.253501892089844,33.442501068115234,32.66699981689453,32.83549880981445,35546000
2015-09-16,33.07762145996094,33.2760009765625,33.403499603271484,33.11000061035156,33.27750015258789,26252000
2015-09-17,33.38329315185547,33.583499908447266,34.0994987487793,33.25,33.3745002746582,47752000
2015-09-18,32.84899139404297,33.04600143432617,33.492000579833984,33.00149917602539,33.25299835205078,72544000
2015-09-21,33.15018844604492,33.3489990234375,33.45000076293945,32.900001525878906,33.2755012512207,39094000
2015-09-22,32.465293884277344,32.65999984741211,32.941001892089844,32.25149917602539,32.87350082397461,54362000
2015-09-23,32.46976852416992,32.66450119018555,33.013999938964844,32.5364990234375,32.64500045776367,29160000
2015-09-24,32.5502815246582,32.74549865722656,32.8385009765625,32.10850143432617,32.44850158691406,38692000
2015-09-25,31.81668472290039,32.00749969482422,32.92900085449219,31.982999801635742,32.92900085449219,48480000
2015-09-28,31.026424407958984,31.212499618530273,32.14250183105469,30.892000198364258,31.952499389648438,47646000
2015-09-29,30.944913864135742,31.13050079345703,31.733999252319336,30.901500701904297,31.274999618530273,42130000
2015-09-30,31.72821617126465,31.918500900268555,31.965499877929688,31.457500457763672,31.59149932861328,52954000
2015-10-01,31.90863037109375,32.099998474121094,32.19200134277344,31.555999755859375,31.89699935913086,42506000
2015-10-02,32.65366744995117,32.8494987487793,32.849998474121094,31.674999237060547,31.90049934387207,48788000
2015-10-05,33.3837890625,33.58399963378906,33.6515007019043,32.79349899291992,33.08000183105469,37960000
2015-10-06,33.381797790527344,33.582000732421875,33.939998626708984,33.15399932861328,33.467498779296875,42774000
2015-10-07,33.30028533935547,33.5,33.9370002746582,32.90549850463867,33.869998931884766,44354000
2015-10-08,33.15117645263672,33.349998474121094,33.59450149536133,32.7244987487793,33.47249984741211,39308000
2015-10-09,33.361915588378906,33.5620002746582,33.704498291015625,33.11800003051758,33.3745002746582,32124000
2015-10-12,33.61986541748047,33.82149887084961,33.89899826049805,33.36199951171875,33.45949935913086,26684000
2015-10-13,33.954864501953125,34.15850067138672,34.42300033569336,33.65549850463867,33.7130012512207,42446000
2015-10-14,33.817684173583984,34.02050018310547,34.50199890136719,33.94499969482422,34.186500549316406,31292000
2015-10-15,34.444419860839844,34.6510009765625,34.70800018310547,34.21950149536133,34.26250076293945,47156000
2015-10-16,34.558738708496094,34.76599884033203,34.81100082397461,34.45500183105469,34.77000045776367,36316000
2015-10-19,34.78886032104492,34.997501373291016,35.012001037597656,34.61050033569336,34.70000076293945,30172000
2015-10-20,33.797306060791016,34.0,34.900001525878906,33.683998107910156,34.894500732421875,52434000
2015-10-21,33.38975143432617,33.59000015258789,34.244998931884766,33.53499984741211,34.160499572753906,31952000
2015-10-22,33.853965759277344,34.05699920654297,34.40250015258789,33.584999084472656,33.77199935913086,88632000
2015-10-23,35.7520866394043,35.96649932861328,37.625,35.89699935913086,37.50299835205078,126726000
2015-10-26,36.338069915771484,36.555999755859375,36.747501373291016,36.000999450683594,36.000999450683594,48776000
2015-10-27,36.42255783081055,36.64099884033203,36.79800033569336,36.207000732421875,36.32849884033203,38778000
2015-10-28,36.626338958740234,36.84600067138672,36.868499755859375,36.36349868774414,36.650001525878906,39604000
2015-10-29,37.020477294921875,37.24250030517578,37.339500427246094,36.757999420166016,36.83150100708008,36520000
2015-10-30,36.64970016479492,36.86949920654297,37.31549835205078,36.826499938964844,37.27799987792969,39984000
2015-11-02,37.16410827636719,37.387001037597656,37.409000396728516,36.5724983215332,36.72650146484375,39914000
2015-11-03,37.21779251098633,37.441001892089844,37.584999084472656,37.05799865722656,37.27149963378906,36306000
2015-11-04,37.54035949707031,37.765499114990234,37.994998931884766,37.459999084472656,37.494998931884766,41840000
2015-11-05,37.806758880615234,38.03350067138672,38.317501068115234,37.87350082397461,37.94049835205078,45486000
2015-11-06,37.85298156738281,38.08000183105469,38.1510009765625,37.75149917602539,37.96950149536133,33544000
2015-11-09,37.513519287109375,37.73849868774414,38.165000915527344,37.455501556396484,37.92599868774414,35538000
2015-11-10,37.686981201171875,37.91299819946289,38.029998779296875,37.420501708984375,37.67399978637695,29798000
2015-11-11,38.034400939941406,38.26250076293945,38.45399856567383,37.98749923706055,38.11899948120117,41866000
2015-11-12,37.60099411010742,37.826499938964844,38.290000915527344,37.792999267578125,38.00899887084961,35452000
2015-11-13,36.782901763916016,37.003501892089844,37.76649856567383,36.9734992980957,37.70199966430664,48188000
2015-11-16,37.29731369018555,37.520999908447266,37.58549880981445,36.71649932861328,37.010501861572266,50704000
2015-11-17,37.07664108276367,37.29899978637695,37.747501373291016,37.20249938964844,37.62350082397461,38864000
2015-11-18,37.77395248413086,38.0004997253418,38.05500030517578,37.36949920654297,37.47850036621094,36266000
2015-11-19,37.770477294921875,37.99700164794922,38.1614990234375,37.86149978637695,37.98899841308594,28078000
2015-11-20,38.61838912963867,38.849998474121094,38.965999603271484,38.20500183105469,38.46500015258789,55478000
2015-11-23,38.603485107421875,38.834999084472656,39.14500045776367,38.675498962402344,38.87350082397461,34648000
2015-11-24,38.2520866394043,38.48149871826172,38.79949951171875,37.90549850463867,38.64799880981445,47880000
2015-11-25,38.23369598388672,38.4630012512207,38.650001525878906,38.326499938964844,38.58449935913086,23612000
2015-11-27,38.36839294433594,38.5984992980957,38.70000076293945,38.349998474121094,38.45800018310547,14434000
2015-11-30,37.91511535644531,38.14250183105469,38.75149917602539,38.055999755859375,38.59349822998047,33586000
2015-12-01,38.95586395263672,39.18949890136719,39.25,38.29750061035156,38.34700012207031,40398000
2015-12-02,38.66064453125,38.89250183105469,39.65250015258789,38.82149887084961,39.26250076293945,46876000
2015-12-03,38.18101501464844,38.40999984741211,39.2239990234375,38.122501373291016,39.02799987792969,41950000
2015-12-04,38.72822952270508,38.96049880981445,39.12099838256836,38.2755012512207,38.48550033569336,49800000
2015-12-07,38.419090270996094,38.64950180053711,39.04999923706055,38.33599853515625,39.00299835205078,36626000
2015-12-08,38.525943756103516,38.75699996948242,38.932498931884766,38.125999450683594,38.224998474121094,31082000
2015-12-09,37.90019607543945,38.127498626708984,38.804500579833984,37.60049819946289,38.55500030517578,46550000
2015-12-10,37.775447845458984,38.00199890136719,38.30350112915039,37.75,38.179500579833984,32458000
2015-12-11,37.29731369018555,37.520999908447266,37.87200164794922,37.432498931884766,37.45000076293945,43184000
2015-12-14,37.89970016479492,38.12699890136719,38.20750045776367,36.8129997253418,37.5629997253418,53864000
2015-12-15,37.77793502807617,38.00450134277344,38.73749923706055,37.900001525878906,38.38949966430664,49386000
2015-12-16,38.59801483154297,38.829498291015625,39.07500076293945,37.852500915527344,38.32849884033203,53120000
2015-12-17,38.262027740478516,38.49150085449219,39.079498291015625,38.46500015258789,39.05799865722656,36510000
2015-12-18,37.61689758300781,37.842498779296875,38.707000732421875,37.829498291015625,38.36149978637695,67794000
2015-12-21,37.8132209777832,38.040000915527344,38.317501068115234,37.70750045776367,38.15250015258789,34848000
2015-12-22,38.127830505371094,38.35649871826172,38.516998291015625,38.060001373291016,38.2135009765625,36338000
2015-12-23,38.1964225769043,38.425498962402344,38.595001220703125,37.88249969482422,38.53450012207031,30594000
2015-12-24,38.063716888427734,38.29199981689453,38.459999084472656,38.21950149536133,38.42599868774414,10412000
2015-12-28,38.87882995605469,39.11199951171875,39.14099884033203,38.38650131225586,38.5,31156000
2015-12-29,39.46133804321289,39.698001861572266,39.93450164794922,39.310001373291016,39.3494987487793,38430000
2015-12-30,39.2794303894043,39.51499938964844,39.823001861572266,39.36000061035156,39.698001861572266,28566000
2015-12-31,38.6685905456543,38.9005012512207,39.416500091552734,38.86600112915039,39.39099884033203,32752000
2016-01-04,37.74562454223633,37.97200012207031,38.11000061035156,37.37699890136719,38.11000061035156,67382000
2016-01-05,37.84950256347656,38.076499938964844,38.459999084472656,37.782501220703125,38.20500183105469,45216000
2016-01-06,37.74015808105469,37.96649932861328,38.2864990234375,37.400001525878906,37.51850128173828,48206000
2016-01-07,36.82912826538086,37.04999923706055,37.765499114990234,36.763999938964844,37.324501037597656,63132000
2016-01-08,36.32762908935547,36.545501708984375,37.50600051879883,36.44599914550781,37.38999938964844,47506000
2016-01-11,36.43498992919922,36.653499603271484,36.75400161743164,35.97800064086914,36.59749984741211,50896000
2016-01-12,37.04482650756836,37.266998291015625,37.41699981689453,36.82149887084961,37.037498474121094,46816000
2016-01-13,35.764007568359375,35.97850036621094,37.650001525878906,35.8390007019043,37.46699905395508,51728000
2016-01-14,36.35148620605469,36.56949996948242,36.99449920654297,35.25,36.22200012207031,55558000
2016-01-15,35.312721252441406,35.52450180053711,36.20800018310547,35.07550048828125,35.4995002746582,76676000
2016-01-19,35.739654541015625,35.95399856567383,36.26750183105469,35.49250030517578,36.00749969482422,48724000
2016-01-20,35.713809967041016,35.928001403808594,36.34749984741211,34.388999938964844,35.29499816894531,82440000
2016-01-21,36.11689758300781,36.333499908447266,36.88349914550781,35.55550003051758,36.00849914550781,51938000
2016-01-22,37.05079650878906,37.27299880981445,37.428001403808594,37.025001525878906,37.099998474121094,47146000
2016-01-25,36.46232223510742,36.680999755859375,37.62300109863281,36.625,37.19200134277344,45340000
2016-01-26,36.47077560424805,36.68949890136719,36.972999572753906,36.3484992980957,36.760501861572266,30940000
2016-01-27,35.66510772705078,35.87900161743164,36.794498443603516,35.67250061035156,36.794498443603516,42428000
2016-01-28,37.19194793701172,37.415000915527344,37.55799865722656,36.529998779296875,36.90950012207031,62104000
2016-01-29,37.84055709838867,38.067501068115234,38.25550079345703,37.209999084472656,37.448001861572266,75808000
2016-02-01,38.30875015258789,38.53850173950195,38.87950134277344,38.069000244140625,38.5629997253418,111522000
2016-02-02,38.81272888183594,39.045501708984375,40.51750183105469,39.029998779296875,40.025001525878906,135846000
2016-02-03,37.245628356933594,37.46900177001953,39.57149887084961,36.8129997253418,39.31399917602539,131114000
2016-02-04,36.28389358520508,36.50149917602539,37.262001037597656,36.130001068115234,37.22949981689453,104922000
2016-02-05,34.97822570800781,35.1879997253418,36.33599853515625,35.00699996948242,36.275001525878906,109556000
2016-02-08,34.99810791015625,35.20800018310547,35.22600173950195,34.10049819946289,34.38399887084961,89410000
2016-02-09,34.842037200927734,35.05099868774414,36.04800033569336,34.42499923706055,34.647499084472656,84300000
2016-02-10,35.131797790527344,35.342498779296875,36.1609992980957,35.269500732421875,35.589500427246094,60314000
2016-02-11,35.107452392578125,35.31800079345703,35.61600112915039,34.55950164794922,34.81700134277344,65004000
2016-02-12,35.133792877197266,35.34450149536133,35.79999923706055,35.07899856567383,35.61050033569336,46538000
2016-02-16,35.668087005615234,35.88199996948242,36.14400100708008,35.50899887084961,35.932498931884766,43444000
2016-02-17,36.380313873291016,36.5984992980957,36.6879997253418,35.830501556396484,36.349998474121094,49154000
2016-02-18,35.661624908447266,35.8754997253418,36.79999923706055,35.77750015258789,36.698001861572266,47276000
2016-02-19,35.890254974365234,36.105499267578125,36.201499938964844,35.65599822998047,35.79499816894531,34918000
2016-02-22,36.23518371582031,36.45249938964844,36.74250030517578,36.17250061035156,36.47549819946289,37516000
2016-02-23,35.65068435668945,35.864498138427734,36.54499816894531,35.78350067138672,36.30500030517578,41332000
2016-02-24,35.830108642578125,36.04499816894531,36.06100082397461,35.10100173950195,35.53049850463867,37092000
2016-02-25,36.23866271972656,36.45600128173828,36.47549819946289,35.6614990234375,36.14649963378906,36146000
2016-02-26,36.02693557739258,36.24300003051758,36.80799865722656,36.09700012207031,36.68000030517578,42474000
2016-02-29,35.64720916748047,35.861000061035156,36.529998779296875,35.84199905395508,36.04999923706055,45068000
2016-03-01,36.88727569580078,37.10850143432617,37.11650085449219,35.93199920654297,36.064998626708984,60112000
2016-03-02,36.75357437133789,36.9739990234375,37.15599822998047,36.662498474121094,37.14350128173828,36292000
2016-03-03,36.361427307128906,36.579498291015625,37.04999923706055,36.48149871826172,36.9739990234375,40534000
2016-03-04,36.2933349609375,36.51100158691406,36.75,36.28099822998047,36.7400016784668,48516000
2016-03-07,35.427528381347656,35.63999938964844,36.36050033569336,35.25699996948242,36.25749969482422,61690000
2016-03-08,35.46381378173828,35.67649841308594,36.11249923706055,35.20000076293945,35.419498443603516,52530000
2016-03-09,36.05426788330078,36.27050018310547,36.3120002746582,35.632999420166016,35.75849914550781,39544000
2016-03-10,36.3902587890625,36.60850143432617,36.82699966430664,36.16450119018555,36.38949966430664,44616000
2016-03-11,37.02146911621094,37.243499755859375,37.244998931884766,36.834999084472656,36.997501373291016,35380000
2016-03-14,37.28837203979492,37.512001037597656,37.7130012512207,37.18299865722656,37.24850082397461,32824000
2016-03-15,37.304771423339844,37.528499603271484,37.6505012512207,37.141998291015625,37.30099868774414,29832000
2016-03-16,37.64224624633789,37.86800003051758,37.95000076293945,37.32500076293945,37.45249938964844,29306000
2016-03-17,37.697914123535156,37.92399978637695,38.266998291015625,37.86800003051758,37.88249969482422,44564000
2016-03-18,37.545326232910156,37.77050018310547,38.106998443603516,37.590999603271484,38.08150100708008,56222000
2016-03-21,37.88081359863281,38.108001708984375,38.16699981689453,37.563499450683594,37.695499420166016,28774000
2016-03-22,37.77594757080078,38.002498626708984,38.25,37.89400100708008,37.922000885009766,22096000
2016-03-23,37.65218734741211,37.87799835205078,38.269500732421875,37.80149841308594,38.16749954223633,24678000
2016-03-24,37.516998291015625,37.742000579833984,37.87799835205078,37.525001525878906,37.560001373291016,31116000
2016-03-28,37.4394645690918,37.66400146484375,37.915000915527344,37.60200119018555,37.80849838256836,21676000
2016-03-29,38.06620407104492,38.294498443603516,38.35900115966797,37.41450119018555,37.683998107910156,40062000
2016-03-30,38.18796920776367,38.41699981689453,38.865501403808594,38.37900161743164,38.410499572753906,40396000
2016-03-31,37.91759490966797,38.14500045776367,38.45399856567383,37.912498474121094,38.41699981689453,32554000
2016-04-01,38.25407409667969,38.48350143432617,38.50199890136719,37.7599983215332,37.858001708984375,31674000
2016-04-04,38.02793884277344,38.25600051879883,38.62200164794922,38.089500427246094,38.47549819946289,26924000
2016-04-05,37.70238494873047,37.92850112915039,38.14350128173828,37.779998779296875,37.90650177001953,24478000
2016-04-06,38.1745491027832,38.403499603271484,38.42100143432617,37.814998626708984,37.891998291015625,25312000
2016-04-07,37.77942657470703,38.00600051879883,38.46799850463867,37.875,38.26599884033203,25498000
2016-04-08,37.74711608886719,37.9734992980957,38.35649871826172,37.78850173950195,38.29349899291992,23434000
2016-04-11,37.651187896728516,37.87699890136719,38.361000061035156,37.867000579833984,38.272499084472656,31774000
2016-04-12,37.98817443847656,38.215999603271484,38.24599838256836,37.57849884033203,37.92150115966797,27388000
2016-04-13,38.365413665771484,38.59550094604492,38.787498474121094,38.22949981689453,38.515499114990234,35426000
2016-04-14,38.53837203979492,38.769500732421875,38.980499267578125,38.6609992980957,38.768001556396484,26992000
2016-04-15,38.76749801635742,39.0,39.04650115966797,38.746498107910156,38.775001525878906,31712000
2016-04-18,39.14920425415039,39.38399887084961,39.4275016784668,38.88050079345703,39.009498596191406,33540000
2016-04-19,38.58111572265625,38.8125,39.54750061035156,38.51350021362305,39.525001525878906,43952000
2016-04-20,38.515010833740234,38.74599838256836,38.983001708984375,38.563499450683594,38.95800018310547,34262000
2016-04-21,38.76749801635742,39.0,39.08399963378906,38.57749938964844,38.865501403808594,77628000
2016-04-22,36.66858673095703,36.88850021362305,37.69599914550781,36.51850128173828,37.195499420166016,140798000
2016-04-25,36.889259338378906,37.11050033569336,37.24399948120117,36.755001068115234,36.76750183105469,49442000
2016-04-26,36.052284240722656,36.26850128173828,37.27949905395508,36.01599884033203,37.22100067138672,55864000
2016-04-27,35.85795211791992,36.073001861572266,36.35749816894531,35.45399856567383,36.26599884033203,66262000
2016-04-28,35.04283142089844,35.25299835205078,36.4630012512207,35.15999984741211,36.16450119018555,62590000
2016-04-29,35.18299865722656,35.39400100708008,35.605499267578125,35.18899917602539,35.20600128173828,58278000
2016-05-02,35.5075569152832,35.72050094604492,35.77050018310547,35.31800079345703,35.59600067138672,33476000
2016-05-03,35.21083068847656,35.422000885009766,35.66849899291992,35.36650085449219,35.625,38620000
2016-05-04,35.35645294189453,35.56850051879883,35.752498626708984,35.20249938964844,35.3385009765625,34172000
2016-05-05,35.522457122802734,35.73550033569336,35.877498626708984,35.47249984741211,35.75,29668000
2016-05-06,36.04283905029297,36.25899887084961,36.29949951171875,35.59749984741211,35.61000061035156,39952000
2016-05-09,36.23916244506836,36.45650100708008,36.714500427246094,36.17499923706055,36.334999084472656,38074000
2016-05-10,36.74860763549805,36.96900177001953,37.0,36.580501556396484,36.74800109863281,32634000
2016-05-11,36.30973815917969,36.52750015258789,37.040000915527344,36.39500045776367,37.0260009765625,29834000
2016-05-12,36.18647766113281,36.403499603271484,36.76850128173828,36.2135009765625,36.599998474121094,27094000
2016-05-13,36.02544021606445,36.24150085449219,36.56449890136719,36.175498962402344,36.33100128173828,25244000
2016-05-16,36.29731369018555,36.51499938964844,36.63399887084961,36.0,36.215999603271484,22538000
2016-05-17,35.79482650756836,36.009498596191406,36.79249954223633,35.900001525878906,36.553001403808594,33404000
2016-05-18,35.87385177612305,36.0890007019043,36.278499603271484,35.750999450683594,35.92499923706055,32536000
2016-05-19,35.552276611328125,35.765499114990234,36.025001525878906,35.515499114990234,35.915000915527344,30598000
2016-05-20,35.87036895751953,36.08549880981445,36.3849983215332,35.7504997253418,35.823001861572266,34798000
2016-05-23,35.648704528808594,35.86249923706055,36.17499923706055,35.84700012207031,35.999000549316406,24816000
2016-05-24,36.43300247192383,36.6515007019043,36.709999084472656,35.98249816894531,35.99250030517578,37884000
2016-05-25,36.68498229980469,36.904998779296875,36.99449920654297,36.630001068115234,36.75,32216000
2016-05-26,36.62683868408203,36.846500396728516,37.05500030517578,36.650001525878906,36.79999923706055,27202000
2016-05-27,37.15715408325195,37.380001068115234,37.39550018310547,36.85049819946289,36.8754997253418,34802000
2016-05-31,37.21928787231445,37.442501068115234,37.67399978637695,37.278499603271484,37.4379997253418,42484000
2016-06-01,37.19990158081055,37.42300033569336,37.56850051879883,37.21699905395508,37.423500061035156,20788000
2016-06-02,36.99164962768555,37.2135009765625,37.3650016784668,36.849998474121094,37.30500030517578,33916000
2016-06-03,36.57365798950195,36.792999267578125,37.074501037597656,36.695499420166016,37.074501037597656,24608000
2016-06-06,36.28538131713867,36.50299835205078,36.92499923706055,36.41450119018555,36.92499923706055,29992000
2016-06-07,36.33657455444336,36.554500579833984,36.83549880981445,36.540000915527344,36.66350173950195,24314000
2016-06-08,36.925052642822266,37.14649963378906,37.19049835205078,36.78850173950195,36.974998474121094,32314000
2016-06-09,36.9046745300293,37.125999450683594,37.19649887084961,36.82500076293945,36.85350036621094,19180000
2016-06-10,36.44095230102539,36.65950012207031,36.981998443603516,36.5255012512207,36.79750061035156,29050000
2016-06-13,36.37584686279297,36.59400177001953,36.95000076293945,36.49100112915039,36.49100112915039,23354000
2016-06-14,36.443931579589844,36.662498474121094,36.79999923706055,36.32500076293945,36.46549987792969,26584000
2016-06-15,36.39125061035156,36.609500885009766,36.85749816894531,36.56549835205078,36.74599838256836,23234000
2016-06-16,35.996620178222656,36.212501525878906,36.519500732421875,35.777000427246094,36.39799880981445,45002000
2016-06-17,35.00257873535156,35.212501525878906,36.06949996948242,35.055999755859375,36.06949996948242,82262000
2016-06-20,35.09601593017578,35.30649948120117,35.79349899291992,35.27050018310547,35.515499114990234,45654000
2016-06-21,35.232696533203125,35.444000244140625,35.76900100708008,35.233001708984375,35.502498626708984,30318000
2016-06-22,35.31172561645508,35.52349853515625,35.71049880981445,35.29399871826172,35.70249938964844,29058000
2016-06-23,35.53041458129883,35.743499755859375,35.74399948120117,35.01250076293945,35.52750015258789,42500000
2016-06-24,34.055755615234375,34.2599983215332,35.25,34.24549865722656,34.50849914550781,95436000
2016-06-27,33.853965759277344,34.05699920654297,34.166500091552734,33.632999420166016,34.1245002746582,58146000
2016-06-28,34.35694885253906,34.5629997253418,34.637001037597656,34.24250030517578,34.56850051879883,38246000
2016-06-29,34.552276611328125,34.759498596191406,34.974998474121094,34.63399887084961,34.7130012512207,43124000
2016-06-30,34.96678924560547,35.17649841308594,35.188499450683594,34.744998931884766,34.88249969482422,42250000
2016-07-01,35.30078887939453,35.51250076293945,35.62649917602539,35.186500549316406,35.255001068115234,30984000
2016-07-05,35.034385681152344,35.24449920654297,35.40599822998047,34.95650100708008,35.2504997253418,28440000
2016-07-06,35.23717498779297,35.44850158691406,35.650001525878906,34.95000076293945,34.992000579833984,28902000
2016-07-07,35.15217971801758,35.362998962402344,35.50849914550781,35.03350067138672,35.50550079345703,21174000
2016-07-08,35.67504119873047,35.888999938964844,35.89500045776367,35.40549850463867,35.52799987792969,29946000
2016-07-11,36.14324188232422,36.36000061035156,36.44649887084961,35.94350051879883,35.97100067138672,28822000
2016-07-12,36.40715408325195,36.6254997253418,36.779998779296875,36.375,36.59600067138672,26468000
2016-07-13,36.25655746459961,36.4739990234375,36.7760009765625,36.45100021362305,36.7760009765625,20436000
2016-07-14,36.5706787109375,36.790000915527344,36.80699920654297,36.52949905395508,36.696998596191406,21408000
2016-07-15,36.56222152709961,36.78150177001953,37.04999923706055,36.731998443603516,37.04999923706055,32342000
2016-07-18,37.43548583984375,37.65999984741211,37.75699996948242,36.82550048828125,36.89550018310547,38698000
2016-07-19,37.4459228515625,37.670501708984375,37.829498291015625,37.42449951171875,37.493499755859375,30436000
2016-07-20,37.62833023071289,37.854000091552734,38.03200149536133,37.70249938964844,37.70249938964844,22502000
2016-07-21,37.49562454223633,37.72050094604492,37.907501220703125,37.57600021362305,37.849998474121094,19062000
2016-07-22,37.737674713134766,37.9640007019043,37.97249984741211,37.632999420166016,37.86600112915039,20920000
2016-07-25,37.65019989013672,37.875999450683594,37.99100112915039,37.70349884033203,37.88399887084961,21466000
2016-07-26,37.65666198730469,37.88249969482422,37.9630012512207,37.63750076293945,37.875999450683594,23792000
2016-07-27,37.871368408203125,38.0984992980957,38.22249984741211,37.79650115966797,37.94850158691406,32172000
2016-07-28,38.063716888427734,38.29199981689453,38.44850158691406,37.954498291015625,38.44200134277344,73464000
2016-07-29,39.331119537353516,39.56700134277344,40.196998596191406,39.5,39.885501861572266,101810000
2016-08-01,39.808258056640625,40.047000885009766,40.3745002746582,39.25199890136719,39.333499908447266,60594000
2016-08-02,39.76749801635742,40.00600051879883,40.11600112915039,39.72650146484375,39.86650085449219,39928000
2016-08-03,39.707855224609375,39.94599914550781,39.97700119018555,39.6510009765625,39.82350158691406,29206000
2016-08-04,39.62485122680664,39.86249923706055,40.0099983215332,39.69599914550781,39.9119987487793,21520000
2016-08-05,40.1059684753418,40.346500396728516,40.361000061035156,39.890499114990234,40.00550079345703,36146000
2016-08-08,40.02147674560547,40.26150131225586,40.380001068115234,40.08449935913086,40.29999923706055,24426000
2016-08-09,40.1333122253418,40.374000549316406,40.666500091552734,40.202999114990234,40.2244987487793,32154000
2016-08-10,40.18350601196289,40.42449951171875,40.54399871826172,40.324501037597656,40.352500915527344,18370000
2016-08-11,40.169090270996094,40.40999984741211,40.694000244140625,40.29999923706055,40.52349853515625,25646000
2016-08-12,40.11193084716797,40.352500915527344,40.359500885009766,40.18199920654297,40.25450134277344,17946000
2016-08-15,40.057762145996094,40.29800033569336,40.56800079345703,40.201499938964844,40.36050033569336,18596000
2016-08-16,39.8206787109375,40.05950164794922,40.2130012512207,39.849998474121094,40.17499923706055,21158000
2016-08-17,40.030921936035156,40.270999908447266,40.28150177001953,39.814998626708984,40.0,21322000
2016-08-18,39.898216247558594,40.13750076293945,40.400001525878906,40.08150100708008,40.268001556396484,17292000
2016-08-19,39.744136810302734,39.98249816894531,40.061500549316406,39.84400177001953,39.989498138427734,22416000
2016-08-22,39.609947204589844,39.84749984741211,39.96500015258789,39.71649932861328,39.925498962402344,17056000
2016-08-23,39.59204864501953,39.829498291015625,40.04999923706055,39.79949951171875,40.02399826049805,18350000
2016-08-24,39.443443298339844,39.68000030517578,39.92300033569336,39.53799819946289,39.84299850463867,25672000
2016-08-25,39.32912826538086,39.564998626708984,39.736000061035156,39.36149978637695,39.599998474121094,24054000
2016-08-26,39.424556732177734,39.6609992980957,39.970001220703125,39.47050094604492,39.6245002746582,24978000
2016-08-29,39.55378341674805,39.79100036621094,39.92599868774414,39.51599884033203,39.65250015258789,15474000
2016-08-30,39.35994338989258,39.59600067138672,39.900001525878906,39.4734992980957,39.64400100708008,23348000
2016-08-31,39.25706100463867,39.49250030517578,39.57849884033203,39.36000061035156,39.47999954223633,21428000
2016-09-01,39.33409881591797,39.56999969482422,39.644500732421875,39.31650161743164,39.5989990234375,26070000
2016-09-02,39.60596466064453,39.84349822998047,39.85499954223633,39.66299819946289,39.76350021362305,26998000
2016-09-06,40.1601448059082,40.4010009765625,40.544498443603516,39.77149963378906,39.919498443603516,39790000
2016-09-07,40.15865707397461,40.39950180053711,40.529998779296875,40.18600082397461,40.39649963378906,22906000
2016-09-08,39.90269088745117,40.141998291015625,40.42100143432617,40.050498962402344,40.26100158691406,23554000
2016-09-09,39.188968658447266,39.42399978637695,40.087501525878906,39.40250015258789,39.938499450683594,37752000
2016-09-12,39.70288848876953,39.941001892089844,40.00849914550781,39.17499923706055,39.22600173950195,37274000
2016-09-13,39.20090103149414,39.43600082397461,39.78950119018555,39.21649932861328,39.70050048828125,36180000
2016-09-14,39.28738021850586,39.52299880981445,39.81650161743164,39.37649917602539,39.37649917602539,25842000
2016-09-15,39.82267379760742,40.061500549316406,40.182498931884766,39.43299865722656,39.5004997253418,31144000
2016-09-16,39.66064453125,39.89849853515625,39.95100021362305,39.680999755859375,39.95100021362305,42612000
2016-09-19,39.53240966796875,39.769500732421875,40.199501037597656,39.678001403808594,40.05550003051758,22990000
2016-09-20,39.7505989074707,39.98899841308594,40.13750076293945,39.91299819946289,40.0,20984000
2016-09-21,40.01153564453125,40.25149917602539,40.295501708984375,39.80149841308594,40.0629997253418,26970000
2016-09-22,40.554283142089844,40.79750061035156,40.952999114990234,40.385501861572266,40.5,35186000
2016-09-23,40.50508117675781,40.74800109863281,40.849998474121094,40.63650131225586,40.75699996948242,28234000
2016-09-26,39.89324188232422,40.13249969482422,40.50400161743164,40.022499084472656,40.49100112915039,29454000
2016-09-27,40.29483413696289,40.5364990234375,40.67449951171875,40.09149932861328,40.09149932861328,27346000
2016-09-28,40.26153564453125,40.50299835205078,40.51250076293945,40.138999938964844,40.20399856567383,29406000
2016-09-29,39.89274978637695,40.13199996948242,40.695499420166016,40.042999267578125,40.36149978637695,27000000
2016-09-30,39.96332550048828,40.202999114990234,40.40449905395508,40.07500076293945,40.18000030517578,33204000
2016-10-03,39.78042221069336,40.01900100708008,40.176998138427734,39.811500549316406,40.127498626708984,29784000
2016-10-04,39.900203704833984,40.13949966430664,40.32500076293945,39.98350143432617,40.25,25174000
2016-10-05,39.82267379760742,40.061500549316406,40.42499923706055,40.035499572753906,40.29999923706055,24276000
2016-10-06,39.91461944580078,40.15399932861328,40.34749984741211,40.0255012512207,40.20399856567383,21998000
2016-10-07,39.79682540893555,40.035499572753906,40.297000885009766,39.840999603271484,40.29650115966797,23262000
2016-10-10,40.46581268310547,40.708499908447266,40.86899948120117,40.11199951171875,40.19649887084961,29922000
2016-10-11,40.237186431884766,40.47850036621094,40.99300003051758,40.368499755859375,40.708499908447266,34432000
2016-10-12,40.346527099609375,40.5885009765625,40.724998474121094,40.4275016784668,40.597999572753906,18158000
2016-10-13,39.964317321777344,40.20399856567383,40.327999114990234,39.930999755859375,40.30350112915039,27380000
2016-10-14,39.99016189575195,40.22999954223633,40.50450134277344,40.11600112915039,40.372501373291016,22238000
2016-10-17,40.101497650146484,40.34199905395508,40.67449951171875,40.19150161743164,40.29949951171875,21128000
2016-10-18,40.82963180541992,41.074501037597656,41.44049835205078,40.666500091552734,40.71049880981445,45786000
2016-10-19,41.09553527832031,41.34199905395508,41.4900016784668,41.14400100708008,41.14400100708008,30002000
2016-10-20,40.83658981323242,41.08150100708008,41.423500061035156,41.02750015258789,41.37799835205078,27878000
2016-10-21,40.95736312866211,41.202999114990234,41.214500427246094,40.91550064086914,41.0,32316000
2016-10-24,41.537879943847656,41.7869987487793,41.89699935913086,41.45199966430664,41.50450134277344,28952000
2016-10-25,41.1805305480957,41.4275016784668,41.92499923706055,41.26499938964844,41.92499923706055,37814000
2016-10-26,40.85995101928711,41.10499954223633,41.385501861572266,40.817501068115234,41.35599899291992,35898000
2016-10-27,40.62386703491211,40.86750030517578,41.32899856567383,40.730499267578125,41.1505012512207,59470000
2016-10-28,40.73371124267578,40.97800064086914,41.95000076293945,40.849998474121094,41.49700164794922,87098000
2016-10-31,40.25358581542969,40.494998931884766,41.131500244140625,40.400001525878906,41.121498107910156,44854000
2016-11-01,40.03390121459961,40.27399826049805,40.698001861572266,39.91299819946289,40.54349899291992,47118000
2016-11-02,39.18598937988281,39.42100143432617,40.3380012512207,39.25,40.3380012512207,47014000
2016-11-03,38.8763427734375,39.109500885009766,39.5,38.93149948120117,39.224998474121094,43504000
2016-11-04,38.82217025756836,39.05500030517578,39.42399978637695,38.54999923706055,38.564998626708984,39412000
2016-11-07,39.8624382019043,40.10150146484375,40.25,39.64500045776367,39.747501373291016,39852000
2016-11-08,40.356964111328125,40.5989990234375,40.801998138427734,39.98099899291992,40.10150146484375,35382000
2016-11-09,40.03936767578125,40.27949905395508,40.58549880981445,39.60200119018555,40.09149932861328,61970000
2016-11-10,38.78191375732422,39.01449966430664,40.50299835205078,38.4114990234375,40.5,118192000
2016-11-11,38.35745620727539,38.587501525878906,38.864498138427734,38.277000427246094,38.84049987792969,71852000
2016-11-14,37.43648147583008,37.6609992980957,38.5890007019043,37.179500579833984,38.5880012512207,73766000
2016-11-15,38.526939392089844,38.757999420166016,39.012001037597656,38.26100158691406,38.27349853515625,58878000
2016-11-16,38.76650619506836,38.999000549316406,39.17499923706055,38.31650161743164,38.520999908447266,35968000
2016-11-17,39.07365798950195,39.30799865722656,39.44499969482422,38.99250030517578,39.125,30674000
2016-11-18,38.56719970703125,38.798500061035156,39.56449890136719,38.76750183105469,39.35850143432617,36126000
2016-11-21,39.00606918334961,39.2400016784668,39.32749938964844,38.814998626708984,38.904998779296875,32616000
2016-11-22,39.01600646972656,39.25,39.688499450683594,39.1870002746582,39.449501037597656,27884000
2016-11-23,38.717796325683594,38.95000076293945,39.47600173950195,38.63249969482422,39.47600173950195,26260000
2016-11-25,38.778934478759766,39.01150131225586,39.14500045776367,38.90950012207031,39.13050079345703,12270000
2016-11-28,39.05527114868164,39.28950119018555,39.98699951171875,38.904998779296875,38.91749954223633,51508000
2016-11-29,39.23668670654297,39.47200012207031,39.821998596191406,39.266998291015625,39.41899871826172,31240000
2016-11-30,38.56272506713867,38.79399871826172,39.57550048828125,38.657501220703125,39.45500183105469,45582000
2016-12-01,37.98866653442383,38.21649932861328,38.93000030517578,37.667999267578125,38.9275016784668,57342000
2016-12-02,37.99513244628906,38.222999572753906,38.525001525878906,37.95000076293945,38.095001220703125,34376000
2016-12-05,38.67902755737305,38.9109992980957,39.0,38.3484992980957,38.5,33770000
2016-12-06,38.57763671875,38.808998107910156,39.263999938964844,38.66600036621094,39.009498596191406,34682000
2016-12-07,39.33757781982422,39.57350158691406,39.599998474121094,38.67649841308594,38.997501373291016,40588000
2016-12-08,39.52147674560547,39.75849914550781,39.95000076293945,39.39550018310547,39.647499084472656,32250000
2016-12-09,40.23122024536133,40.47249984741211,40.497501373291016,39.90250015258789,39.96500015258789,38090000
2016-12-12,40.15418243408203,40.39500045776367,40.567501068115234,40.22650146484375,40.24100112915039,32572000
2016-12-13,40.523963928222656,40.766998291015625,41.21500015258789,40.59700012207031,40.61949920654297,42564000
2016-12-14,40.65070724487305,40.894500732421875,41.2130012512207,40.638999938964844,40.79600143432617,35994000
2016-12-15,40.539371490478516,40.782501220703125,41.150001525878906,40.599998474121094,40.86800003051758,35394000
2016-12-16,40.25060272216797,40.492000579833984,40.959999084472656,40.40599822998047,40.91550064086914,51978000
2016-12-19,40.3828125,40.625,40.81100082397461,40.224998474121094,40.4640007019043,25272000
2016-12-20,40.51700210571289,40.7599983215332,40.824501037597656,40.54999923706055,40.66849899291992,25438000
2016-12-21,40.36790084838867,40.61000061035156,40.7859992980957,40.255001068115234,40.7859992980957,29192000
2016-12-22,40.242652893066406,40.48400115966797,40.55350112915039,40.30149841308594,40.45500183105469,22632000
2016-12-23,40.14921188354492,40.38999938964844,40.548500061035156,40.25550079345703,40.4005012512207,15310000
2016-12-27,40.25507354736328,40.496498107910156,40.79999923706055,40.290000915527344,40.433998107910156,19520000
2016-12-28,39.988677978515625,40.22850036621094,40.666500091552734,40.12200164794922,40.666500091552734,24296000
2016-12-29,39.90467834472656,40.14400100708008,40.287498474121094,39.90700149536133,40.11650085449219,21148000
2016-12-30,39.386287689208984,39.622501373291016,40.16450119018555,39.48099899291992,40.160499572753906,34718000
2017-01-03,40.15964889526367,40.4005012512207,40.571998596191406,39.84450149536133,40.03099822998047,39180000
2017-01-04,40.14772415161133,40.38850021362305,40.67150115966797,40.205501556396484,40.49449920654297,30306000
2017-01-05,40.40865707397461,40.6510009765625,40.6870002746582,40.29600143432617,40.375,26810000
2017-01-06,41.0145263671875,41.260501861572266,41.448001861572266,40.57500076293945,40.7495002746582,40342000
2017-01-09,41.11243438720703,41.35900115966797,41.52149963378906,41.08100128173828,41.31850051879883,28178000
2017-01-10,41.054283142089844,41.300498962402344,41.47050094604492,41.15700149536133,41.35350036621094,23948000
2017-01-11,41.245635986328125,41.49300003051758,41.494998931884766,41.07350158691406,41.33100128173828,26508000
2017-01-12,41.22923278808594,41.47650146484375,41.51900100708008,41.050498962402344,41.41899871826172,26990000
2017-01-13,41.29931640625,41.547000885009766,41.73249816894531,41.47600173950195,41.54999923706055,25804000
2017-01-17,41.12635040283203,41.37300109863281,41.50899887084961,41.15999984741211,41.5,28818000
2017-01-18,41.203887939453125,41.45100021362305,41.490501403808594,41.20399856567383,41.4900016784668,20554000
2017-01-19,40.972774505615234,41.21849822998047,41.650001525878906,41.198001861572266,41.45000076293945,21410000
2017-01-20,41.16164016723633,41.40850067138672,41.46200180053711,41.22999954223633,41.454498291015625,26124000
2017-01-23,41.96979522705078,42.221500396728516,42.277000427246094,41.435001373291016,41.580501556396484,49148000
2017-01-24,42.2232780456543,42.47650146484375,42.57600021362305,42.11399841308594,42.3489990234375,33768000
2017-01-25,42.6666145324707,42.92250061035156,42.93949890136719,42.48699951171875,42.6775016784668,33108000
2017-01-26,42.59355163574219,42.8489990234375,43.04999923706055,42.5260009765625,42.95249938964844,69866000
2017-01-27,41.99961471557617,42.25149917602539,43.349998474121094,42.095001220703125,42.95000076293945,75050000
2017-01-30,40.9459342956543,41.19150161743164,41.86149978637695,41.05149841308594,41.85300064086914,70338000
2017-01-31,40.7650146484375,41.009498596191406,41.153499603271484,40.66999816894531,40.974998474121094,40404000
2017-02-01,40.51899337768555,40.762001037597656,41.20000076293945,40.61249923706055,41.20000076293945,45020000
2017-02-02,40.66908645629883,40.91299819946289,41.22800064086914,40.602500915527344,40.75,33784000
2017-02-03,40.76203536987305,41.006500244140625,41.30649948120117,40.967498779296875,41.15650177001953,30562000
2017-02-06,40.83609390258789,41.08100128173828,41.11949920654297,40.714500427246094,41.04600143432617,27018000
2017-02-07,41.21432113647461,41.46149826049805,41.59600067138672,41.16450119018555,41.275001525878906,33332000
2017-02-08,41.24663162231445,41.49399948120117,41.712501525878906,41.25550079345703,41.5265007019043,26044000
2017-02-09,41.25557327270508,41.50299835205078,41.5989990234375,41.32500076293945,41.58649826049805,23884000
2017-02-10,41.49364471435547,41.74250030517578,41.85749816894531,41.5255012512207,41.647499084472656,28302000
2017-02-13,41.69792556762695,41.948001861572266,42.08700180053711,41.8125,41.8849983215332,25914000
2017-02-14,41.75110626220703,42.00149917602539,42.099998474121094,41.791500091552734,41.98849868774414,27266000
2017-02-15,41.61641311645508,41.86600112915039,42.0885009765625,41.81100082397461,41.94049835205078,27144000
2017-02-16,41.85747146606445,42.10850143432617,42.134498596191406,41.862998962402344,41.92499923706055,20102000
2017-02-17,42.07516098022461,42.32749938964844,42.34700012207031,41.98899841308594,42.06549835205078,29224000
2017-02-21,42.21035385131836,42.4635009765625,42.61000061035156,42.32749938964844,42.39950180053711,25206000
2017-02-22,42.31422805786133,42.56800079345703,42.68949890136719,42.33549880981445,42.400001525878906,24488000
2017-02-23,42.29633331298828,42.54999923706055,42.63100051879883,42.125,42.55400085449219,27734000
2017-02-24,42.137786865234375,42.390499114990234,42.417999267578125,42.14799880981445,42.38249969482422,26924000
2017-02-27,42.23023223876953,42.48350143432617,42.53350067138672,42.1505012512207,42.247501373291016,20206000
2017-02-28,41.9946403503418,42.246498107910156,42.44150161743164,42.071998596191406,42.36750030517578,27662000
2017-03-01,42.582122802734375,42.837501525878906,42.900001525878906,42.45100021362305,42.569000244140625,36374000
2017-03-02,42.23917770385742,42.49250030517578,42.824501037597656,42.43600082397461,42.81549835205078,25018000
2017-03-03,42.20090866088867,42.45399856567383,42.54100036621094,42.23550033569336,42.446998596191406,20100000
2017-03-06,42.11094665527344,42.36349868774414,42.446998596191406,42.05849838256836,42.34299850463867,20958000
2017-03-07,42.30379104614258,42.557498931884766,42.666500091552734,42.2760009765625,42.362998962402344,20774000
2017-03-08,42.427547454833984,42.68199920654297,42.846500396728516,42.5625,42.65599822998047,20576000
2017-03-09,42.63629150390625,42.891998291015625,43.035499572753906,42.63349914550781,42.68450164794922,26954000
2017-03-10,42.81372833251953,43.070499420166016,43.21149826049805,42.88050079345703,43.1349983215332,26732000
2017-03-13,42.97128677368164,43.229000091552734,43.35649871826172,43.04100036621094,43.041500091552734,23332000
2017-03-14,43.037391662597656,43.295501708984375,43.37900161743164,43.006500244140625,43.1875,21234000
2017-03-15,43.160648345947266,43.419498443603516,43.49399948120117,43.064998626708984,43.39699935913086,26658000
2017-03-16,43.24067306518555,43.5,43.635501861572266,43.375999450683594,43.5265007019043,22090000
2017-03-17,43.358463287353516,43.618499755859375,43.72100067138672,43.41849899291992,43.683998107910156,37366000
2017-03-20,43.13679504394531,43.39550018310547,43.516998291015625,43.23350143432617,43.4739990234375,30844000
2017-03-21,42.25359344482422,42.50699996948242,43.673500061035156,42.384498596191406,43.50299835205078,50760000
2017-03-22,42.2366943359375,42.4900016784668,42.76750183105469,42.349998474121094,42.4739990234375,27334000
2017-03-23,41.732215881347656,41.98249816894531,42.08449935913086,41.650001525878906,42.06949996948242,65754000
2017-03-24,41.508060455322266,41.75699996948242,42.20000076293945,41.45500183105469,42.099998474121094,42114000
2017-03-27,41.67555618286133,41.925498962402344,42.069000244140625,41.21500015258789,41.40449905395508,38692000
2017-03-28,41.78092575073242,42.03150177001953,42.27000045776367,41.61349868774414,41.984500885009766,30384000
2017-03-29,42.24017333984375,42.493499755859375,42.579498291015625,42.069000244140625,42.13750076293945,29146000
2017-03-30,42.220787048339844,42.4739990234375,42.599998474121094,42.3385009765625,42.5989990234375,18988000
2017-03-31,42.13728713989258,42.38999938964844,42.47800064086914,42.262001037597656,42.34149932861328,28820000
2017-04-03,42.582122802734375,42.837501525878906,42.95000076293945,42.37649917602539,42.4375,39388000
2017-04-04,42.374366760253906,42.628501892089844,42.650001525878906,42.3754997253418,42.400001525878906,26970000
2017-04-05,42.19245147705078,42.445499420166016,43.02949905395508,42.375999450683594,42.73550033569336,37104000
2017-04-06,42.00309753417969,42.255001068115234,42.679500579833984,42.20000076293945,42.474998474121094,30672000
2017-04-07,41.85398864746094,42.10499954223633,42.29399871826172,41.8650016784668,42.25,22232000
2017-04-10,41.8341064453125,42.084999084472656,42.33700180053711,42.03950119018555,42.07699966430664,20924000
2017-04-11,41.743648529052734,41.99399948120117,42.23149871826172,41.72999954223633,42.084999084472656,19486000
2017-04-12,41.82217788696289,42.073001861572266,42.18600082397461,41.87950134277344,41.92300033569336,22716000
2017-04-13,41.7585563659668,42.00899887084961,42.186500549316406,41.89250183105469,42.051998138427734,21474000
2017-04-17,42.50160598754883,42.756500244140625,42.78200149536133,42.05149841308594,42.069000244140625,20982000
2017-04-18,42.444942474365234,42.699501037597656,42.86949920654297,42.5625,42.62699890136719,18724000
2017-04-19,42.5701904296875,42.82550048828125,43.0099983215332,42.67649841308594,42.86949920654297,21606000
2017-04-20,42.74762725830078,43.00400161743164,43.19649887084961,42.875,42.98699951171875,23776000
2017-04-21,42.691463470458984,42.9474983215332,43.12200164794922,42.88650131225586,43.03099822998047,23458000
2017-04-24,43.68450927734375,43.94649887084961,43.99800109863281,43.30550003051758,43.422000885009766,33930000
2017-04-25,44.177059173583984,44.44200134277344,44.61249923706055,43.9640007019043,44.112998962402344,40760000
2017-04-26,44.19196701049805,44.457000732421875,44.64950180053711,44.25749969482422,44.56949996948242,26466000
2017-04-27,44.30628204345703,44.571998596191406,44.66899871826172,44.35900115966797,44.5,46846000
2017-04-28,45.95042037963867,46.22600173950195,46.79499816894531,46.1609992980957,46.45000076293945,76918000
2017-05-01,46.362945556640625,46.64099884033203,46.79100036621094,46.040000915527344,46.20750045776367,46556000
2017-05-02,46.57517623901367,46.85449981689453,47.14950180053711,46.54999923706055,46.66350173950195,35026000
2017-05-03,47.13978576660156,47.42250061035156,47.5099983215332,46.760501861572266,46.8025016784668,36496000
2017-05-04,47.451419830322266,47.736000061035156,47.957000732421875,47.368499755859375,47.51449966430664,38752000
2017-05-05,47.23073959350586,47.513999938964844,47.922000885009766,47.404998779296875,47.83599853515625,32310000
2017-05-08,47.64873123168945,47.93450164794922,48.04949951171875,47.369998931884766,47.372501373291016,37534000
2017-05-09,47.55032730102539,47.83549880981445,48.11000061035156,47.720001220703125,48.06650161743164,33758000
2017-05-10,47.45738220214844,47.742000579833984,47.83549880981445,47.492000579833984,47.81100082397461,22920000
2017-05-11,47.50956726074219,47.794498443603516,47.89950180053711,47.43050003051758,47.56449890136719,20622000
2017-05-12,47.472293853759766,47.75699996948242,47.89899826049805,47.60300064086914,47.89250183105469,24298000
2017-05-15,47.675071716308594,47.96099853515625,48.1349983215332,47.64099884033203,47.76449966430664,26754000
2017-05-16,47.942970275878906,48.230499267578125,48.29499816894531,48.01750183105469,48.1775016784668,22030000
2017-05-17,46.82765579223633,47.10850143432617,48.04949951171875,47.00299835205078,47.98500061035156,48982000
2017-05-18,47.241676330566406,47.525001525878906,47.70899963378906,47.063499450683594,47.15999984741211,36010000
2017-05-19,47.44793701171875,47.73249816894531,47.97800064086914,47.599998474121094,47.64099884033203,27206000
2017-05-22,47.91613006591797,48.20349884033203,48.24100112915039,47.827999114990234,47.849998474121094,27748000
2017-05-23,48.23819351196289,48.52750015258789,48.72549819946289,48.224998474121094,48.49800109863281,30908000
2017-05-24,48.58909225463867,48.88050079345703,48.90599822998047,48.58150100708008,48.76300048828125,22660000
2017-05-25,49.29734802246094,49.59299850463867,49.78900146484375,48.89099884033203,48.95000076293945,39082000
2017-05-26,49.36742401123047,49.66350173950195,49.81949996948242,49.36800003051758,49.599998474121094,32728000
2017-05-30,49.51156234741211,49.80849838256836,49.88100051879883,49.56800079345703,49.625,30324000
2017-05-31,49.06026840209961,49.35449981689453,49.97999954223633,49.08399963378906,49.81050109863281,34482000
2017-06-01,49.11991500854492,49.41450119018555,49.65700149536133,49.06449890136719,49.54800033569336,26128000
2017-06-02,49.50907897949219,49.805999755859375,49.82400131225586,49.35350036621094,49.429500579833984,34710000
2017-06-05,49.8947639465332,50.194000244140625,50.369998931884766,49.772499084472656,49.894500732421875,27578000
2017-06-06,49.53690719604492,49.83399963378906,50.43050003051758,49.7400016784668,50.16550064086914,31042000
2017-06-07,49.77647399902344,50.07500076293945,50.195499420166016,49.79349899291992,49.954498291015625,27482000
2017-06-08,49.914642333984375,50.2140007019043,50.279998779296875,49.83100128173828,50.21149826049805,33758000
2017-06-09,48.21683120727539,48.50600051879883,50.275001525878906,47.66849899291992,50.27450180053711,72958000
2017-06-12,47.803802490234375,48.09049987792969,48.400001525878906,46.84000015258789,47.93600082397461,84042000
2017-06-13,48.235713958740234,48.525001525878906,48.89550018310547,48.10049819946289,48.60200119018555,40108000
2017-06-14,48.10798645019531,48.39649963378906,48.98500061035156,47.97549819946289,48.775001525878906,30110000
2017-06-15,47.7227897644043,48.00899887084961,48.034000396728516,47.01850128173828,47.4010009765625,48552000
2017-06-16,47.64525604248047,47.930999755859375,47.997501373291016,47.435001373291016,47.89550018310547,51184000
2017-06-19,48.470306396484375,48.76100158691406,48.96500015258789,48.40999984741211,48.48249816894531,29376000
2017-06-20,48.160667419433594,48.449501037597656,49.03950119018555,48.40999984741211,48.765499114990234,25946000
2017-06-21,48.63780212402344,48.929500579833984,48.977500915527344,48.47249984741211,48.53950119018555,23232000
2017-06-22,48.539886474609375,48.83100128173828,49.025001525878906,48.66550064086914,48.84349822998047,20190000
2017-06-23,49.01057052612305,49.304500579833984,49.33100128173828,48.722999572753906,48.775001525878906,31280000
2017-06-26,48.31473922729492,48.60449981689453,49.699501037597656,48.51649856567383,49.5,30358000
2017-06-27,47.12189483642578,47.40449905395508,48.361000061035156,47.35449981689453,48.08000183105469,48872000
2017-06-28,47.764041900634766,48.050498962402344,48.1619987487793,46.80799865722656,47.53300094604492,54912000
2017-06-29,46.611454010009766,46.89099884033203,47.58300018310547,46.47999954223633,47.567501068115234,64134000
2017-06-30,46.20688247680664,46.48400115966797,47.25,46.480499267578125,47.199501037597656,45754000
2017-07-03,45.69892883300781,45.972999572753906,46.71200180053711,45.765499114990234,46.6609992980957,33896000
2017-07-05,46.33510971069336,46.612998962402344,46.81449890136719,45.93149948120117,46.209999084472656,41882000
2017-07-06,46.10797119140625,46.384498596191406,46.80699920654297,45.99250030517578,46.25,40298000
2017-07-07,46.76006317138672,47.04050064086914,47.233001708984375,46.489498138427734,46.54949951171875,33266000
2017-07-10,47.26652908325195,47.54999923706055,47.65650177001953,47.09749984741211,47.09749984741211,29030000
2017-07-11,47.39227294921875,47.67649841308594,47.74449920654297,47.25600051879883,47.5260009765625,29224000
2017-07-12,48.09456253051758,48.382999420166016,48.48149871826172,47.85200119018555,48.042999267578125,32042000
2017-07-13,48.153709411621094,48.442501068115234,48.935001373291016,48.2400016784668,48.540000915527344,30492000
2017-07-14,48.55430603027344,48.84550094604492,48.87699890136719,48.50749969482422,48.70000076293945,21592000
2017-07-17,48.50708770751953,48.79800033569336,49.16749954223633,48.540000915527344,48.816001892089844,33210000
2017-07-18,49.05331039428711,49.34749984741211,49.54249954223633,48.60200119018555,48.667999267578125,28266000
2017-07-19,49.34257507324219,49.63850021362305,49.779998779296875,49.35049819946289,49.5004997253418,28242000
2017-07-20,49.31374740600586,49.609500885009766,49.933998107910156,49.23099899291992,49.849998474121094,28368000
2017-07-21,49.39575958251953,49.69200134277344,49.75550079345703,49.208499908447266,49.45000076293945,29266000
2017-07-24,49.61792755126953,49.91550064086914,50.30950164794922,49.51350021362305,49.70500183105469,79690000
2017-07-25,48.16265106201172,48.451499938964844,48.83649826049805,48.189998626708984,48.53499984741211,118672000
2017-07-26,47.977760314941406,48.265499114990234,48.6974983215332,48.01150131225586,48.638999938964844,44432000
2017-07-27,47.341575622558594,47.6254997253418,48.47600173950195,46.85300064086914,48.45899963378906,74358000
2017-07-28,47.63084411621094,47.916500091552734,48.089500427246094,47.265499114990234,47.39950180053711,36276000
2017-07-31,46.9931640625,47.275001525878906,48.05950164794922,47.08649826049805,48.0,45670000
2017-08-01,47.04584503173828,47.327999114990234,47.7244987487793,47.24800109863281,47.390499114990234,28052000
2017-08-02,47.099525451660156,47.38199996948242,47.45500183105469,46.625999450683594,47.41849899291992,40788000
2017-08-03,46.73471450805664,47.01499938964844,47.5,46.97200012207031,47.45500183105469,22478000
2017-08-04,47.0075798034668,47.28950119018555,47.37699890136719,46.9900016784668,47.1974983215332,25092000
2017-08-07,47.005592346191406,47.287498474121094,47.448001861572266,47.17499923706055,47.375999450683594,28916000
2017-08-08,46.92805862426758,47.20949935913086,47.6245002746582,47.124000549316406,47.214500427246094,30102000
2017-08-09,46.72378158569336,47.00400161743164,47.1879997253418,46.69599914550781,46.92250061035156,28018000
2017-08-10,45.904197692871094,46.179500579833984,46.814998626708984,46.0890007019043,46.75,54148000
2017-08-11,46.22726058959961,46.50450134277344,46.667999267578125,46.06100082397461,46.18550109863281,32334000
2017-08-14,46.6666259765625,46.94649887084961,47.051998138427734,46.7244987487793,46.95349884033203,23012000
2017-08-15,46.6243782043457,46.90399932861328,47.153499603271484,46.832000732421875,47.05149841308594,22130000
2017-08-16,46.932037353515625,47.2135009765625,47.494998931884766,47.00199890136719,47.0625,26906000
2017-08-17,46.10648727416992,46.382999420166016,47.19049835205078,46.38199996948242,47.147499084472656,33914000
2017-08-18,46.032920837402344,46.308998107910156,46.55099868774414,46.17250061035156,46.3489990234375,26748000
2017-08-21,45.76900863647461,46.04349899291992,46.412498474121094,45.93000030517578,46.28850173950195,26024000
2017-08-22,46.739688873291016,47.02000045776367,47.097999572753906,46.30849838256836,46.347999572753906,35502000
2017-08-23,46.84803771972656,47.12900161743164,47.27149963378906,46.762001037597656,46.849998474121094,22690000
2017-08-24,46.56523513793945,46.84450149536133,47.31549835205078,46.5369987487793,47.18550109863281,25892000
2017-08-25,46.247642517089844,46.525001525878906,47.0364990234375,46.505001068115234,46.96049880981445,23746000
2017-08-28,46.12984848022461,46.40650177001953,46.74250030517578,46.30550003051758,46.59400177001953,20988000
2017-08-29,46.50857162475586,46.787498474121094,46.90950012207031,45.96549987792969,45.997501373291016,23172000
2017-08-30,46.90021896362305,47.18149948120117,47.292999267578125,46.70249938964844,46.78350067138672,22406000
2017-08-31,47.477264404296875,47.762001037597656,47.86000061035156,47.3125,47.314998626708984,33866000
2017-09-01,47.315731048583984,47.5994987487793,47.916500091552734,47.513999938964844,47.87350082397461,20858000
2017-09-05,46.793365478515625,47.07400131225586,47.56949996948242,46.779998779296875,47.34299850463867,29148000
2017-09-06,46.82020950317383,47.10100173950195,47.224998474121094,46.63399887084961,47.19350051879883,27830000
2017-09-07,47.21135330200195,47.49449920654297,47.525001525878906,46.87649917602539,47.212501525878906,22332000
2017-09-08,46.78988265991211,47.070499420166016,47.53499984741211,47.0004997253418,47.48500061035156,19998000
2017-09-11,46.883331298828125,47.16450119018555,47.63399887084961,47.04999923706055,47.36000061035156,26748000
2017-09-12,47.050323486328125,47.33250045776367,47.40449905395508,46.875,47.34600067138672,25696000
2017-09-13,47.23869323730469,47.52199935913086,47.64250183105469,47.23699951171875,47.275001525878906,21908000
2017-09-14,46.72626876831055,47.006500244140625,47.4015007019043,46.917999267578125,47.29999923706055,28548000
2017-09-15,46.48571014404297,46.76449966430664,47.087501525878906,46.5625,47.00450134277344,39886000
2017-09-18,46.21036148071289,46.48749923706055,46.84299850463867,46.27000045776367,46.7504997253418,29474000
2017-09-19,46.56373977661133,46.84299850463867,46.89699935913086,46.33300018310547,46.670501708984375,24854000
2017-09-20,47.09455871582031,47.37699890136719,47.5,46.875,46.88650131225586,40080000
2017-09-21,47.09505081176758,47.377498626708984,47.63999938964844,46.96900177001953,47.40650177001953,27414000
2017-09-22,46.881832122802734,47.16299819946289,47.5,47.04199981689453,47.13850021362305,21496000
2017-09-25,46.435508728027344,46.7140007019043,46.98749923706055,46.22549819946289,46.97249984741211,37468000
2017-09-26,46.592071533203125,46.871498107910156,47.20399856567383,46.75600051879883,46.83449935913086,33454000
2017-09-27,47.70886993408203,47.994998931884766,48.27149963378906,47.09749984741211,47.137001037597656,46692000
2017-09-28,47.95291519165039,48.240501403808594,48.308998107910156,47.77750015258789,47.8125,28018000
2017-09-29,48.395755767822266,48.68600082397461,48.79050064086914,48.29999923706055,48.29999923706055,40622000
2017-10-02,48.085121154785156,48.37350082397461,48.887001037597656,48.09749984741211,48.782501220703125,30782000
2017-10-03,48.314239501953125,48.604000091552734,48.62200164794922,48.135501861572266,48.37799835205078,21666000
2017-10-04,48.05082321166992,48.3390007019043,48.720001220703125,48.28049850463867,48.5880012512207,21156000
2017-10-05,48.96583557128906,49.259498596191406,49.32550048828125,48.51350021362305,48.63949966430664,35618000
2017-10-06,49.38581466674805,49.68199920654297,49.7130012512207,48.925498962402344,49.0,31060000
2017-10-09,49.3197135925293,49.615501403808594,50.02299880981445,49.57500076293945,49.75,25910000
2017-10-10,49.095558166503906,49.38999938964844,49.87350082397461,49.05550003051758,49.76499938964844,23268000
2017-10-11,49.98273849487305,50.282501220703125,50.378501892089844,49.39699935913086,49.45199966430664,36300000
2017-10-12,49.98273849487305,50.282501220703125,50.57699966430664,50.05500030517578,50.19200134277344,30614000
2017-10-13,50.093074798583984,50.39350128173828,50.737998962402344,50.35300064086914,50.455501556396484,26552000
2017-10-16,50.166629791259766,50.467498779296875,50.599998474121094,50.07600021362305,50.48149871826172,21420000
2017-10-17,50.24863815307617,50.54999923706055,50.72800064086914,50.3025016784668,50.37200164794922,20260000
2017-10-18,50.33512496948242,50.637001037597656,50.81549835205078,50.26599884033203,50.5525016784668,25596000
2017-10-19,49.793373107910156,50.09199905395508,50.36600112915039,49.8650016784668,50.23749923706055,34284000
2017-10-20,49.95390701293945,50.253501892089844,50.432498931884766,50.11349868774414,50.352500915527344,32120000
2017-10-23,48.98322677612305,49.277000427246094,50.28950119018555,49.154998779296875,50.25899887084961,32786000
2017-10-24,49.129852294921875,49.42449951171875,49.4630012512207,48.854000091552734,49.32500076293945,28902000
2017-10-25,49.277469635009766,49.573001861572266,49.721500396728516,48.88600158691406,49.313499450683594,30574000
2017-10-26,49.275474548339844,49.57099914550781,50.32550048828125,49.52349853515625,49.923500061035156,47396000
2017-10-27,51.37538146972656,51.68349838256836,53.180999755859375,51.342498779296875,51.54949951171875,103682000
2017-10-30,51.34854507446289,51.65650177001953,51.99150085449219,51.11650085449219,51.45800018310547,46804000
2017-10-31,51.34407424926758,51.652000427246094,52.04999923706055,51.314998626708984,51.650001525878906,30326000
2017-11-01,51.8192253112793,52.130001068115234,52.393001556396484,51.70000076293945,51.816001892089844,43262000
2017-11-02,51.83761215209961,52.14849853515625,52.2760009765625,51.43299865722656,51.9995002746582,26694000
2017-11-03,52.186519622802734,52.4995002746582,52.53300094604492,51.88249969482422,52.13750076293945,27770000
2017-11-06,51.82319641113281,52.13399887084961,52.62950134277344,52.099998474121094,52.45500183105469,18294000
2017-11-07,52.30580139160156,52.61949920654297,52.670501708984375,52.150001525878906,52.48249816894531,26104000
2017-11-08,52.59904861450195,52.91450119018555,53.134498596191406,52.352500915527344,52.502498626708984,24276000
2017-11-09,52.07369613647461,52.38600158691406,52.54399871826172,51.79249954223633,52.400001525878906,35892000
2017-11-10,51.896263122558594,52.20750045776367,52.33150100708008,52.06100082397461,52.19350051879883,19442000
2017-11-13,51.74964141845703,52.060001373291016,52.4370002746582,51.9630012512207,52.040000915527344,18814000
2017-11-14,51.771507263183594,52.082000732421875,52.1150016784668,51.46649932861328,51.88600158691406,21012000
2017-11-15,51.51156997680664,51.820499420166016,51.98149871826172,51.53799819946289,51.75,18106000
2017-11-16,52.1109733581543,52.423500061035156,52.5880012512207,51.900001525878906,51.9375,23768000
2017-11-17,51.485721588134766,51.794498443603516,52.54999923706055,51.686500549316406,52.4900016784668,26712000
2017-11-20,51.424591064453125,51.733001708984375,51.935001373291016,51.63399887084961,51.79999923706055,17526000
2017-11-21,52.201927185058594,52.51499938964844,52.519500732421875,51.957000732421875,52.00199890136719,22206000
2017-11-22,52.282440185546875,52.59600067138672,52.77149963378906,52.36249923706055,52.55799865722656,14538000
2017-11-24,52.511070251464844,52.82600021362305,53.003501892089844,52.59600067138672,52.71950149536133,16492000
2017-11-27,53.28095626831055,53.60049819946289,53.652000427246094,52.73849868774414,52.92850112915039,35430000
2017-11-28,52.847557067871094,53.16450119018555,54.0,52.72700119018555,53.699501037597656,36424000
2017-11-29,51.559776306152344,51.86899948120117,52.938499450683594,51.48249816894531,52.808998107910156,55866000
2017-11-30,51.49964141845703,51.80849838256836,52.207000732421875,51.503501892089844,51.99700164794922,45092000
2017-12-01,50.94794845581055,51.253501892089844,51.86199951171875,50.845001220703125,51.52050018310547,37762000
2017-12-04,50.2918815612793,50.59349822998047,51.56700134277344,50.46099853515625,51.38999938964844,38778000
2017-12-05,50.67607498168945,50.97999954223633,51.83399963378906,50.11600112915039,50.54949951171875,38998000
2017-12-06,51.328163146972656,51.63600158691406,51.979000091552734,50.765499114990234,50.82600021362305,28710000
2017-12-07,51.917137145996094,52.22850036621094,52.44599914550781,51.768001556396484,51.80350112915039,30866000
2017-12-08,52.15620040893555,52.46900177001953,52.82099914550781,52.292999267578125,52.59049987792969,31170000
2017-12-11,52.28493118286133,52.5984992980957,52.79999923706055,52.20600128173828,52.55550003051758,23254000
2017-12-12,52.125885009765625,52.438499450683594,53.125,52.243499755859375,52.5,33882000
2017-12-13,52.256099700927734,52.56949996948242,52.77399826049805,52.32899856567383,52.604000091552734,27680000
2017-12-14,52.558292388916016,52.87350082397461,53.354000091552734,52.68000030517578,52.77450180053711,30962000
2017-12-15,53.28045654296875,53.599998474121094,53.76250076293945,53.00450134277344,53.18899917602539,63760000
2017-12-18,53.93105697631836,54.25450134277344,54.324501037597656,53.51850128173828,53.8224983215332,30292000
2017-12-19,53.667137145996094,53.98899841308594,54.24850082397461,53.61349868774414,54.1510009765625,26350000
2017-12-20,53.357994079589844,53.678001403808594,54.061500549316406,53.43000030517578,54.04600143432617,28728000
2017-12-21,53.22330093383789,53.54249954223633,53.875999450683594,53.45000076293945,53.769500732421875,25640000
2017-12-22,53.124393463134766,53.44300079345703,53.58599853515625,53.38199996948242,53.5,17788000
2017-12-26,52.97479248046875,53.29249954223633,53.44300079345703,52.93199920654297,53.43199920654297,18376000
2017-12-27,52.693973541259766,53.0099983215332,53.41350173950195,52.91899871826172,53.33000183105469,22324000
2017-12-28,52.48274612426758,52.79750061035156,53.242000579833984,52.66899871826172,53.11249923706055,19884000
2017-12-29,52.35600280761719,52.66999816894531,52.90250015258789,52.6349983215332,52.77450180053711,23606000
2018-01-02,53.340599060058594,53.660499572753906,53.79899978637695,52.6510009765625,52.6510009765625,31766000
2018-01-03,54.25064468383789,54.57600021362305,54.80500030517578,53.67150115966797,53.69649887084961,31318000
2018-01-04,54.46137619018555,54.78799819946289,55.20399856567383,54.7130012512207,54.85449981689453,26052000
2018-01-05,55.18354034423828,55.51449966430664,55.67900085449219,55.09000015258789,55.17250061035156,30250000
2018-01-08,55.37837600708008,55.71049880981445,55.95800018310547,55.5,55.54999923706055,24644000
2018-01-09,55.307804107666016,55.63949966430664,55.922000885009766,55.40999984741211,55.922000885009766,26808000
2018-01-10,55.17608642578125,55.50699996948242,55.638999938964844,55.19900131225586,55.349998474121094,20734000
2018-01-11,55.27102279663086,55.602500915527344,55.74250030517578,55.32400131225586,55.615501403808594,22424000
2018-01-12,56.19548034667969,56.532501220703125,56.564998626708984,55.4005012512207,55.505001068115234,38586000
2018-01-16,56.197959899902344,56.53499984741211,57.444000244140625,56.33300018310547,57.015499114990234,36462000
2018-01-17,56.61545944213867,56.95500183105469,56.965999603271484,56.17449951171875,56.81800079345703,27830000
2018-01-18,56.45989227294922,56.798500061035156,57.02949905395508,56.222999572753906,56.967498779296875,27498000
2018-01-19,56.83414840698242,57.17499923706055,57.18899917602539,56.625,56.9015007019043,30552000
2018-01-22,57.86098861694336,58.20800018310547,58.34400177001953,57.090999603271484,57.191001892089844,29550000
2018-01-23,58.45790481567383,58.80849838256836,58.925498962402344,58.36249923706055,58.53099822998047,39138000
2018-01-24,58.21536636352539,58.56449890136719,59.352500915527344,58.369998931884766,59.249000549316406,37128000
2018-01-25,58.75462341308594,59.106998443603516,59.25,58.59199905395508,59.035499572753906,29984000
2018-01-26,59.024009704589844,59.37799835205078,59.37799835205078,58.4015007019043,59.37649917602539,42170000
2018-01-29,58.9703369140625,59.32400131225586,59.900001525878906,59.202999114990234,59.400001525878906,31494000
2018-01-30,58.51755142211914,58.868499755859375,59.39649963378906,58.72549819946289,58.88600158691406,37338000
2018-01-31,58.75860595703125,59.111000061035156,59.316001892089844,58.60499954223633,59.19049835205078,36022000
2018-02-01,58.727294921875,59.079498291015625,59.372501373291016,58.46799850463867,58.79949951171875,73514000
2018-02-02,55.62638473510742,55.959999084472656,56.564998626708984,55.55849838256836,56.37099838256836,117842000
2018-02-05,52.80282211303711,53.11949920654297,55.7495002746582,52.83700180053711,55.03049850463867,83550000
2018-02-06,53.898250579833984,54.221500396728516,54.36899948120117,51.5004997253418,51.69900131225586,76630000
2018-02-07,52.45590591430664,52.77050018310547,54.326499938964844,52.73099899291992,54.24850082397461,51942000
2018-02-08,50.08512496948242,50.385501861572266,53.19649887084961,50.23500061035156,52.993499755859375,66792000
2018-02-09,52.001625061035156,52.313499450683594,52.58599853515625,49.849998474121094,51.29399871826172,98360000
2018-02-12,52.41366195678711,52.72800064086914,53.278499603271484,52.27450180053711,52.833499908447266,56240000
2018-02-13,52.392784118652344,52.707000732421875,53.06100082397461,52.34600067138672,52.5,31586000
2018-02-14,53.31524658203125,53.6349983215332,53.77349853515625,52.4900016784668,52.715999603271484,41304000
2018-02-15,54.2426872253418,54.56800079345703,54.70500183105469,53.36149978637695,54.17250061035156,37396000
2018-02-16,54.448455810546875,54.775001525878906,55.41550064086914,54.57749938964844,54.66899871826172,39948000
2018-02-20,54.85054397583008,55.179500579833984,55.81449890136719,54.5,54.63800048828125,33754000
2018-02-21,55.35551071166992,55.6875,56.810001373291016,55.3754997253418,55.45500183105469,41486000
2018-02-22,55.16415786743164,55.494998931884766,56.27299880981445,55.25749969482422,55.958499908447266,28010000
2018-02-23,56.0682373046875,56.40449905395508,56.45000076293945,55.422000885009766,55.93299865722656,25292000
2018-02-26,56.84408950805664,57.185001373291016,57.209999084472656,56.46699905395508,56.59299850463867,30912000
2018-02-27,55.54239273071289,55.8754997253418,57.212501525878906,55.839500427246094,57.185001373291016,42964000
2018-02-28,54.866943359375,55.19599914550781,56.38249969482422,55.150001525878906,56.099998474121094,49292000
2018-03-01,53.251136779785156,53.570499420166016,55.563499450683594,53.364498138427734,55.47700119018555,55338000
2018-03-02,53.88384246826172,54.207000732421875,54.34450149536133,52.50550079345703,52.89899826049805,50162000
2018-03-05,54.41167068481445,54.737998962402344,55.058998107910156,53.61349868774414,53.90650177001953,28648000
2018-03-06,54.71684265136719,55.04499816894531,55.28150177001953,54.724998474121094,55.10499954223633,23382000
2018-03-07,55.41962814331055,55.75199890136719,55.810001373291016,54.49549865722656,54.64099884033203,30748000
2018-03-08,56.13235855102539,56.46900177001953,56.571998596191406,55.86000061035156,55.86000061035156,33862000
2018-03-09,57.69597625732422,58.04199981689453,58.04999923706055,56.714500427246094,56.974998474121094,42662000
2018-03-12,57.94895935058594,58.29650115966797,58.90800094604492,57.959999084472656,58.252498626708984,44306000
2018-03-13,56.65571594238281,56.99549865722656,58.900001525878906,56.72850036621094,58.59149932861328,43140000
2018-03-14,57.1020393371582,57.44449996948242,57.987998962402344,57.11750030517578,57.290000915527344,41870000
2018-03-15,57.187522888183594,57.53049850463867,58.125,56.78300094604492,57.47850036621094,33382000
2018-03-16,56.382850646972656,56.72100067138672,57.84049987792969,56.56800079345703,57.76750183105469,58656000
2018-03-19,54.67559814453125,55.003501892089844,55.96849822998047,54.44599914550781,55.88800048828125,63656000
2018-03-20,54.4633674621582,54.790000915527344,55.27750015258789,54.12099838256836,54.91999816894531,54598000
2018-03-21,54.3739013671875,54.70000076293945,55.435001373291016,54.36050033569336,54.628501892089844,44898000
2018-03-22,52.34358215332031,52.657501220703125,54.19599914550781,52.481998443603516,54.0004997253418,69312000
2018-03-23,51.021507263183594,51.32749938964844,53.3390007019043,51.243499755859375,52.56850051879883,49880000
2018-03-26,52.39030075073242,52.704498291015625,52.9635009765625,50.52899932861328,52.529998779296875,65984000
2018-03-27,50.04684829711914,50.34700012207031,53.22700119018555,49.88100051879883,53.19499969482422,60816000
2018-03-28,49.95937728881836,50.25899887084961,51.2495002746582,49.20000076293945,50.09550094604492,77698000
2018-03-29,51.547847747802734,51.856998443603516,52.40250015258789,50.20199966430664,50.56050109863281,69338000
2018-04-02,50.32965850830078,50.631500244140625,51.97650146484375,49.712501525878906,51.38100051879883,65068000
2018-04-03,50.630348205566406,50.933998107910156,51.25,49.86249923706055,50.807498931884766,51322000
2018-04-04,51.178565979003906,51.48550033569336,51.637001037597656,49.82550048828125,49.9114990234375,50724000
2018-04-05,51.324195861816406,51.63199996948242,52.33549880981445,51.20000076293945,52.31949996948242,35836000
2018-04-06,50.19645690917969,50.497501373291016,51.79999923706055,50.3125,51.154998779296875,40134000
2018-04-09,50.700435638427734,51.00450134277344,52.22949981689453,50.959999084472656,51.00199890136719,33220000
2018-04-10,51.51604461669922,51.82500076293945,52.06050109863281,50.77050018310547,51.51300048828125,36620000
2018-04-11,50.947444915771484,51.25299835205078,51.79349899291992,50.959999084472656,51.599998474121094,34060000
2018-04-12,51.555301666259766,51.864498138427734,52.23249816894531,51.3025016784668,51.57350158691406,32896000
2018-04-13,51.49317932128906,51.801998138427734,52.64899826049805,51.50749969482422,52.34450149536133,25410000
2018-04-16,51.99318313598633,52.30500030517578,52.57149887084961,51.69599914550781,52.27750015258789,29776000
2018-04-17,53.64626693725586,53.96799850463867,54.25,52.85449981689453,53.060001373291016,54584000
2018-04-18,53.44894790649414,53.769500732421875,54.099998474121094,53.5260009765625,53.95050048828125,31126000
2018-04-19,54.14775848388672,54.47249984741211,54.8754997253418,53.45100021362305,53.45100021362305,39884000
2018-04-20,53.54487228393555,53.86600112915039,54.73749923706055,53.60499954223633,54.2135009765625,42434000
2018-04-23,53.370418548583984,53.69049835205078,54.400001525878906,53.33399963378906,54.14899826049805,69590000
2018-04-24,50.82717514038086,51.13199996948242,53.2244987487793,50.643001556396484,52.959999084472656,128220000
2018-04-25,50.84457015991211,51.14950180053711,51.80350112915039,50.85049819946289,51.48749923706055,57860000
2018-04-26,51.85450744628906,52.16550064086914,52.60100173950195,51.022499084472656,51.6609992980957,50926000
2018-04-27,51.265037536621094,51.5724983215332,52.584999084472656,51.37950134277344,52.277000427246094,40746000
2018-04-30,50.625389099121094,50.92900085449219,51.91849899291992,50.915000915527344,51.72100067138672,34492000
2018-05-01,51.727272033691406,52.037498474121094,52.08649826049805,50.53049850463867,50.814998626708984,35326000
2018-05-02,50.99665832519531,51.3025016784668,52.19900131225586,51.15800094604492,51.70000076293945,34698000
2018-05-03,51.00908279418945,51.314998626708984,51.53450012207031,50.394500732421875,51.26850128173828,39282000
2018-05-04,52.236717224121094,52.54999923706055,52.59400177001953,50.90250015258789,50.980499267578125,36892000
2018-05-07,52.657196044921875,52.972999572753906,53.25,52.51350021362305,52.69449996948242,34400000
2018-05-08,52.613956451416016,52.929500579833984,53.26150131225586,52.582000732421875,53.23099899291992,26030000
2018-05-09,54.122901916503906,54.4474983215332,54.70000076293945,53.105499267578125,53.20500183105469,47160000
2018-05-10,54.9439811706543,55.27349853515625,55.47050094604492,54.694000244140625,54.75,36414000
2018-05-11,54.84010314941406,55.16899871826172,55.45050048828125,54.861000061035156,55.02050018310547,30504000
2018-05-14,55.00014877319336,55.33000183105469,55.907501220703125,55.2400016784668,55.278499603271484,39338000
2018-05-15,53.920127868652344,54.243499755859375,54.95600128173828,53.93899917602539,54.845001220703125,35738000
2018-05-16,53.881351470947266,54.204498291015625,54.71900177001953,54.08150100708008,54.25450134277344,25628000
2018-05-17,53.740699768066406,54.0629997253418,54.54999923706055,53.82099914550781,54.073001861572266,25738000
2018-05-18,53.16315841674805,53.481998443603516,53.686500549316406,53.23400115966797,53.29999923706055,35482000
2018-05-21,53.877384185791016,54.20050048828125,54.665000915527344,53.900001525878906,53.95000076293945,25180000
2018-05-22,53.444969177246094,53.765499114990234,54.59000015258789,53.612998962402344,54.4900016784668,22226000
2018-05-23,53.97429656982422,54.29800033569336,54.400001525878906,53.347999572753906,53.5,23740000
2018-05-24,53.94894790649414,54.272499084472656,54.35599899291992,53.6150016784668,54.345001220703125,20604000
2018-05-25,53.880855560302734,54.20399856567383,54.47850036621094,54.130001068115234,54.32749938964844,22224000
2018-05-29,53.08512878417969,53.403499603271484,54.06700134277344,53.15399932861328,53.79999923706055,36076000
2018-05-30,53.552330017089844,53.87350082397461,53.949501037597656,53.32749938964844,53.67399978637695,28686000
2018-05-31,54.672115325927734,55.0,55.5,53.900001525878906,54.099998474121094,79368000
2018-06-01,56.41168212890625,56.75,56.90800094604492,55.60049819946289,55.64350128173828,63202000
2018-06-04,57.30830383300781,57.652000427246094,57.893001556396484,56.849998474121094,56.92499923706055,44754000
2018-06-05,57.20790481567383,57.55099868774414,58.05500030517578,57.37300109863281,57.733001708984375,32964000
2018-06-06,57.005619049072266,57.34749984741211,57.73550033569336,56.816001892089844,57.63850021362305,34934000
2018-06-07,56.382850646972656,56.72100067138672,57.29349899291992,56.305999755859375,57.229000091552734,36108000
2018-06-08,56.29786682128906,56.635501861572266,56.93899917602539,56.1614990234375,56.56050109863281,27284000
2018-06-11,56.70492172241211,57.04499816894531,57.387001037597656,56.56999969482422,56.64699935913086,24796000
2018-06-12,57.0672492980957,57.40950012207031,57.4375,57.05099868774414,57.05099868774414,26092000
2018-06-13,56.87042999267578,57.21149826049805,57.78200149536133,57.16899871826172,57.61399841308594,34302000
2018-06-14,57.65969467163086,58.00550079345703,58.29949951171875,57.529998779296875,57.61050033569336,35422000
2018-06-15,57.617950439453125,57.9635009765625,58.195499420166016,57.68450164794922,57.99599838256836,44438000
2018-06-18,58.826202392578125,59.17900085449219,59.20650100708008,57.54999923706055,57.634498596191406,33038000
2018-06-19,58.583160400390625,58.93450164794922,59.140499114990234,58.080501556396484,58.50550079345703,47282000
2018-06-20,58.85055160522461,59.20349884033203,60.074501037597656,59.10150146484375,59.165000915527344,51686000
2018-06-21,58.1234130859375,58.47200012207031,59.51649856567383,58.17399978637695,59.2755012512207,44966000
2018-06-22,58.11595916748047,58.464500427246094,58.75,57.98249816894531,58.574501037597656,34220000
2018-06-25,56.6244010925293,56.9640007019043,57.79949951171875,55.994998931884766,57.75,57682000
2018-06-26,56.29338455200195,56.63100051879883,57.34349822998047,56.45000076293945,57.207000732421875,34688000
2018-06-27,55.514060974121094,55.84700012207031,57.31050109863281,55.834999084472656,56.79999923706055,34538000
2018-06-28,56.00313186645508,56.3390007019043,56.70000076293945,55.30350112915039,55.61949920654297,29726000
2018-06-29,56.1229133605957,56.45949935913086,57.06800079345703,56.35100173950195,56.615501403808594,31562000
2018-07-02,56.76506423950195,57.105499267578125,57.14950180053711,55.33000183105469,55.76750183105469,23216000
2018-07-03,55.48126220703125,55.81399917602539,57.49549865722656,55.721500396728516,57.47100067138672,16448000
2018-07-05,56.72430419921875,57.06449890136719,57.207000732421875,56.15599822998047,56.22999954223633,28594000
2018-07-06,57.40969467163086,57.75400161743164,57.810001373291016,56.86199951171875,57.0885009765625,21820000
2018-07-09,58.016056060791016,58.36399841308594,58.39649963378906,57.86149978637695,58.0,21584000
2018-07-10,58.00909423828125,58.356998443603516,58.67499923706055,58.12799835205078,58.4995002746582,21334000
2018-07-11,58.22381591796875,58.573001861572266,59.02199935913086,57.76850128173828,57.78099822998047,33252000
2018-07-12,59.70492935180664,60.0629997253418,60.0994987487793,58.654998779296875,58.74300003051758,44148000
2018-07-13,59.86198425292969,60.22100067138672,60.52199935913086,59.76449966430664,60.13999938964844,32612000
2018-07-16,59.46884536743164,59.82550048828125,60.43550109863281,59.66999816894531,60.19049835205078,26784000
2018-07-17,60.29240417480469,60.65399932861328,60.9379997253418,59.099998474121094,59.137001037597656,40162000
2018-07-18,60.28395462036133,60.64550018310547,61.079498291015625,60.22800064086914,60.42649841308594,38948000
2018-07-19,59.597572326660156,59.95500183105469,60.82400131225586,59.88650131225586,60.33250045776367,38338000
2018-07-20,59.53694152832031,59.89400100708008,60.53850173950195,59.829498291015625,59.96200180053711,37938000
2018-07-23,60.18902587890625,60.54999923706055,60.755001068115234,59.60049819946289,59.78300094604492,65446000
2018-07-24,62.532474517822266,62.907501220703125,63.75,62.207000732421875,63.54999923706055,107600000
2018-07-25,63.41666793823242,63.797000885009766,63.9119987487793,62.45249938964844,62.63100051879883,51104000
2018-07-26,63.891822814941406,64.2750015258789,64.37000274658203,63.150001525878906,63.35900115966797,54686000
2018-07-27,62.27104187011719,62.644500732421875,64.5719985961914,62.2244987487793,64.45600128173828,48362000
2018-07-30,61.135353088378906,61.50199890136719,62.644500732421875,61.208499908447266,62.252498626708984,43896000
2018-07-31,60.99518966674805,61.361000061035156,62.06050109863281,60.80950164794922,61.58549880981445,39382000
2018-08-01,61.2819709777832,61.64950180053711,62.29499816894531,61.24700164794922,61.955501556396484,36994000
2018-08-02,61.68654251098633,62.05649948120117,62.22050094604492,60.90299987792969,60.92499923706055,34704000
2018-08-03,61.538936614990234,61.90800094604492,62.32600021362305,61.47100067138672,62.25899887084961,21264000
2018-08-06,61.51457214355469,61.88349914550781,62.12300109863281,61.5265007019043,62.080501556396484,22114000
2018-08-07,62.41766357421875,62.79199981689453,63.30400085449219,62.59000015258789,62.60049819946289,42506000
2018-08-08,62.69052505493164,63.06650161743164,63.58599853515625,62.60599899291992,62.83599853515625,34344000
2018-08-09,62.84608840942383,63.222999572753906,63.597999572753906,63.005001068115234,63.13650131225586,27326000
2018-08-10,62.25215148925781,62.6254997253418,63.060001373291016,62.358001708984375,62.95899963378906,26602000
2018-08-13,62.05980682373047,62.43199920654297,63.298500061035156,62.35150146484375,62.560001373291016,27500000
2018-08-14,62.53197479248047,62.90700149536133,63.02949905395508,61.97700119018555,62.625,28080000
2018-08-15,61.24369812011719,61.611000061035156,62.5989990234375,61.3120002746582,62.2140007019043,37052000
2018-08-16,60.838130950927734,61.202999114990234,62.185001373291016,60.98149871826172,62.0994987487793,32176000
2018-08-17,60.43008041381836,60.79249954223633,61.34749984741211,60.20000076293945,61.10200119018555,33092000
2018-08-20,60.73326110839844,61.09749984741211,61.295501708984375,60.435001373291016,61.03300094604492,22218000
2018-08-21,60.50761032104492,60.87049865722656,61.63800048828125,60.75149917602539,61.1510009765625,23082000
2018-08-22,60.72332000732422,61.087501525878906,61.326499938964844,60.6609992980957,60.71099853515625,22296000
2018-08-23,60.693992614746094,61.05799865722656,61.75849914550781,60.967498779296875,60.99399948120117,24666000
2018-08-24,61.46885299682617,61.837501525878906,61.869998931884766,61.07099914550781,61.29999923706055,24454000
2018-08-27,62.439029693603516,62.813499450683594,62.89350128173828,62.034000396728516,62.207000732421875,28580000
2018-08-28,61.921630859375,62.292999267578125,62.827999114990234,62.14849853515625,62.79499816894531,27330000
2018-08-29,62.85552978515625,63.23249816894531,63.35850143432617,62.63999938964844,62.75,36926000
2018-08-30,62.348079681396484,62.72200012207031,63.4744987487793,62.36050033569336,63.16999816894531,30104000
2018-08-31,61.22282409667969,61.59000015258789,62.627498626708984,61.287498474121094,62.61050033569336,42308000
2018-09-04,60.204437255859375,60.56549835205078,61.39350128173828,60.327999114990234,61.125999450683594,41458000
2018-09-05,59.597572326660156,59.95500183105469,60.743499755859375,58.766998291015625,60.46099853515625,53988000
2018-09-06,58.846580505371094,59.199501037597656,59.949501037597656,58.18050003051758,59.92850112915039,46854000
2018-09-07,58.52848815917969,58.87950134277344,59.4275016784668,58.4635009765625,58.599998474121094,32658000
2018-09-10,58.402740478515625,58.75299835205078,59.33300018310547,58.53049850463867,59.209999084472656,27670000
2018-09-11,59.1447868347168,59.4995002746582,59.547000885009766,58.29750061035156,58.55500030517578,29254000
2018-09-12,58.23077392578125,58.58000183105469,59.53450012207031,58.30799865722656,59.099998474121094,35716000
2018-09-13,58.75462341308594,59.106998443603516,59.393001556396484,58.46099853515625,58.98500061035156,40068000
2018-09-14,58.54786682128906,58.89899826049805,59.400001525878906,58.67599868774414,59.400001525878906,24176000
2018-09-17,57.645782470703125,57.99150085449219,59.090999603271484,57.92300033569336,58.88850021362305,34096000
2018-09-18,58.007606506347656,58.355499267578125,59.06650161743164,58.07149887084961,58.132999420166016,32314000
2018-09-19,58.36347579956055,58.7135009765625,58.813499450683594,57.930999755859375,58.448001861572266,25962000
2018-09-20,59.22331237792969,59.57849884033203,59.70000076293945,58.8125,59.03350067138672,29244000
2018-09-21,58.256614685058594,58.60599899291992,59.82899856567383,58.60300064086914,59.74599838256836,91222000
2018-09-24,58.62639617919922,58.97800064086914,59.259498596191406,57.57500076293945,57.97050094604492,31150000
2018-09-25,59.338626861572266,59.69449996948242,59.84299850463867,58.704498291015625,59.212501525878906,33152000
2018-09-26,59.347076416015625,59.702999114990234,60.36199951171875,59.27000045776367,59.68450164794922,37650000
2018-09-27,60.00811004638672,60.36800003051758,60.84299850463867,59.90250015258789,60.0,36274000
2018-09-28,59.99419021606445,60.354000091552734,60.42250061035156,59.89149856567383,60.204498291015625,35612000
2018-10-01,60.066261291503906,60.42649841308594,61.209999084472656,60.15950012207031,60.650001525878906,33164000
2018-10-02,60.022029876708984,60.38199996948242,61.22600173950195,59.983001708984375,60.333499908447266,40180000
2018-10-03,60.21536636352539,60.576499938964844,60.70899963378906,60.10749816894531,60.599998474121094,26246000
2018-10-04,58.50263977050781,58.85350036621094,60.29499816894531,58.192501068115234,60.25149917602539,46576000
2018-10-05,58.04339599609375,58.39149856567383,59.099998474121094,57.715999603271484,58.79999923706055,31852000
2018-10-08,57.45144271850586,57.79600143432617,58.792999267578125,56.77000045776367,58.0,46190000
2018-10-09,56.91714859008789,57.25849914550781,58.07749938964844,57.208499908447266,57.56549835205078,33690000
2018-10-10,54.282447814941406,54.608001708984375,56.85100173950195,54.57550048828125,56.81999969482422,58980000
2018-10-11,54.21187210083008,54.5369987487793,55.803001403808594,53.794498443603516,53.95199966430664,67696000
2018-10-12,55.692989349365234,56.027000427246094,56.291500091552734,54.75149917602539,55.981998443603516,49370000
2018-10-15,54.79338455200195,55.12200164794922,56.09000015258789,54.9109992980957,55.900001525878906,30074000
2018-10-16,56.316246032714844,56.65399932861328,56.81850051879883,55.587501525878906,55.67399978637695,38378000
2018-10-17,56.04338836669922,56.37950134277344,57.349998474121094,55.70000076293945,57.0,35652000
2018-10-18,54.568233489990234,54.89550018310547,56.61750030517578,54.31700134277344,56.5,46152000
2018-10-19,54.929569244384766,55.25899887084961,56.04750061035156,54.85150146484375,55.18550109863281,41286000
2018-10-22,55.23722457885742,55.56850051879883,56.08449935913086,55.0,55.6254997253418,27116000
2018-10-23,55.41316604614258,55.74549865722656,55.900001525878906,53.95050048828125,54.56449890136719,37686000
2018-10-24,52.5408935546875,52.85599899291992,55.83100128173828,52.75299835205078,55.75,49286000
2018-10-25,54.85054397583008,55.179500579833984,55.89099884033203,53.77750015258789,54.01499938964844,72956000
2018-10-26,53.86445617675781,54.1875,55.849998474121094,52.11149978637695,52.416500091552734,106438000
2018-10-29,51.428070068359375,51.73649978637695,55.44150161743164,50.36000061035156,54.82699966430664,81290000
2018-10-30,52.16265869140625,52.47549819946289,52.54499816894531,50.69850158691406,51.0004997253418,59768000
2018-10-31,54.20391845703125,54.52899932861328,55.400001525878906,53.40999984741211,53.40999984741211,70916000
2018-11-01,53.97529220581055,54.29899978637695,54.994998931884766,53.89099884033203,54.56999969482422,40132000
2018-11-02,53.25511169433594,53.574501037597656,54.900001525878906,53.382999420166016,54.45000076293945,43438000
2018-11-05,52.47180938720703,52.7864990234375,53.66749954223633,51.70000076293945,53.62649917602539,45358000
2018-11-06,53.1596794128418,53.47850036621094,53.99100112915039,52.68050003051758,52.750999450683594,28660000
2018-11-07,55.08165740966797,55.4119987487793,55.496498107910156,54.02949905395508,54.17449951171875,43388000
2018-11-08,54.405208587646484,54.73149871826172,55.4109992980957,54.21799850463867,55.3650016784668,33694000
2018-11-09,53.52996826171875,53.85100173950195,54.41749954223633,53.2130012512207,54.20100021362305,34860000
2018-11-12,52.155208587646484,52.46799850463867,53.70500183105469,52.01750183105469,53.65650177001953,34002000
2018-11-13,52.08612060546875,52.39849853515625,53.333499908447266,52.02000045776367,52.740501403808594,25750000
2018-11-14,52.41464614868164,52.729000091552734,53.28950119018555,52.05550003051758,53.0,34666000
2018-11-15,53.233245849609375,53.5525016784668,53.94350051879883,52.06449890136719,52.573001861572266,41584000
2018-11-16,53.09507369995117,53.41350173950195,53.62200164794922,52.744998931884766,53.26150131225586,35366000
2018-11-19,51.06474685668945,51.37099838256836,53.400001525878906,51.14350128173828,53.169498443603516,45684000
2018-11-20,51.21533966064453,51.522499084472656,51.86750030517578,50.11050033569336,50.364498138427734,54458000
2018-11-21,51.860477447509766,52.17150115966797,52.73550033569336,51.972999572753906,52.265499114990234,29698000
2018-11-23,51.19795608520508,51.505001068115234,52.150001525878906,51.42599868774414,51.67499923706055,14178000
2018-11-26,52.48225021362305,52.797000885009766,52.849998474121094,51.98849868774414,52.20000076293945,31558000
2018-11-27,52.30033493041992,52.61399841308594,53.3380012512207,52.275001525878906,52.56700134277344,33048000
2018-11-28,54.264060974121094,54.589500427246094,54.643001556396484,52.147499084472656,52.87300109863281,46042000
2018-11-29,54.40272903442383,54.729000091552734,55.00749969482422,54.099998474121094,54.17649841308594,31004000
2018-11-30,55.1517333984375,55.48249816894531,55.48249816894531,54.159000396728516,54.78150177001953,59668000
2018-12-03,55.485233306884766,55.81800079345703,56.75,55.58649826049805,56.608001708984375,57532000
2018-12-04,52.806800842285156,53.12350082397461,55.71200180053711,53.03900146484375,55.64950180053711,45630000
2018-12-06,53.58264923095703,53.90399932861328,53.97100067138672,52.124000549316406,52.25,47436000
2018-12-07,52.017032623291016,52.32899856567383,54.25149917602539,51.96849822998047,53.61149978637695,42682000
2018-12-10,52.34506607055664,52.659000396728516,52.97999954223633,51.650001525878906,52.14699935913086,33652000
2018-12-11,52.76604080200195,53.08250045776367,53.52000045776367,52.505001068115234,53.34700012207031,33852000
2018-12-12,53.3664436340332,53.686500549316406,54.58649826049805,53.5984992980957,53.854000091552734,28960000
2018-12-13,53.35700225830078,53.676998138427734,54.42100143432617,53.2495002746582,53.78350067138672,24986000
2018-12-14,52.27199935913086,52.58549880981445,53.58599853515625,52.46849822998047,53.000999450683594,36358000
2018-12-17,50.976776123046875,51.282501220703125,53.11899948120117,50.83150100708008,52.35049819946289,49932000
2018-12-18,51.85948181152344,52.170501708984375,52.984500885009766,51.52399826049805,51.70000076293945,43640000
2018-12-19,51.46434783935547,51.77299880981445,53.785499572753906,50.971500396728516,52.364498138427734,58264000
2018-12-20,50.873897552490234,51.17900085449219,52.37200164794922,50.393001556396484,51.29999923706055,53674000
2018-12-21,49.26702880859375,49.5625,51.88349914550781,49.05950164794922,51.60200119018555,104656000
2018-12-24,48.93999099731445,49.23350143432617,50.60599899291992,48.882999420166016,49.215999603271484,36360000
2018-12-26,52.08015823364258,52.39250183105469,52.42250061035156,49.63249969482422,49.89950180053711,46318000
2018-12-27,52.33115768432617,52.64500045776367,52.66699981689453,50.349998474121094,51.310001373291016,45996000
2018-12-28,52.02200698852539,52.33399963378906,53.21149826049805,52.099998474121094,52.974998474121094,34398000
2018-12-31,51.9365234375,52.24800109863281,53.14950180053711,51.652000427246094,52.89149856567383,33110000
2019-01-02,52.41962432861328,52.73400115966797,53.03950119018555,51.263999938964844,51.36000061035156,31868000
2019-01-03,50.96782684326172,51.27349853515625,53.3129997253418,51.118499755859375,52.53350067138672,41960000
2019-01-04,53.582149505615234,53.903499603271484,54.0,51.84299850463867,52.12799835205078,46022000
2019-01-07,53.47529220581055,53.79600143432617,54.1349983215332,53.13199996948242,54.048500061035156,47446000
2019-01-08,53.94497299194336,54.26850128173828,54.66749954223633,53.41749954223633,54.29999923706055,35414000
2019-01-09,53.76007843017578,54.08250045776367,54.582000732421875,53.71849822998047,54.39950180053711,26998000
2019-01-10,53.61992263793945,53.94150161743164,53.990501403808594,53.23400115966797,53.74700164794922,26598000
2019-01-11,52.90620422363281,53.2234992980957,53.66849899291992,52.82149887084961,53.494998931884766,30864000
2019-01-14,52.26206588745117,52.57550048828125,52.92250061035156,52.4275016784668,52.66699981689453,28490000
2019-01-15,54.00163269042969,54.32550048828125,54.41350173950195,52.72200012207031,52.9005012512207,37518000
2019-01-16,54.15073776245117,54.47549819946289,55.11800003051758,54.4005012512207,54.5,38280000
2019-01-17,54.62837600708008,54.95600128173828,55.03499984741211,54.16299819946289,54.39950180053711,24896000
2019-01-18,55.034934997558594,55.3650016784668,55.900001525878906,54.9640007019043,55.429500579833984,44892000
2019-01-22,53.609981536865234,53.93149948120117,54.94850158691406,53.544498443603516,54.79999923706055,39632000
2019-01-23,53.89726638793945,54.22050094604492,54.647499084472656,53.378501892089844,54.34299850463867,25194000
2019-01-24,53.87688446044922,54.20000076293945,54.400001525878906,53.500999450683594,54.1254997253418,29114000
2019-01-25,54.747161865234375,55.07550048828125,55.167999267578125,54.59000015258789,54.71149826049805,23260000
2019-01-28,53.67111587524414,53.99300003051758,54.66849899291992,53.730499267578125,54.503501892089844,29334000
2019-01-29,53.18403625488281,53.50299835205078,54.23649978637695,53.30099868774414,54.051998138427734,19704000
2019-01-30,54.57221221923828,54.89950180053711,54.97600173950195,53.832000732421875,53.86800003051758,29452000
2019-01-31,55.95889663696289,56.294498443603516,56.38349914550781,55.26250076293945,55.61199951171875,40232000
2019-02-01,55.59756088256836,55.930999755859375,56.720001220703125,55.712501525878906,56.114498138427734,33116000
2019-02-04,56.73076248168945,57.07099914550781,57.117000579833984,55.8754997253418,55.95050048828125,78408000
2019-02-05,57.25014877319336,57.59349822998047,57.63850021362305,56.18000030517578,56.48149871826172,82296000
2019-02-06,55.80978775024414,56.144500732421875,57.70000076293945,55.917999267578125,57.4635009765625,48256000
2019-02-07,54.965850830078125,55.295501708984375,55.5994987487793,54.679500579833984,55.590999603271484,38298000
2019-02-08,54.790401458740234,55.11899948120117,55.255001068115234,54.71200180053711,54.74399948120117,21766000
2019-02-11,54.77748107910156,55.10599899291992,55.67150115966797,55.0,55.1875,18498000
2019-02-12,56.04289245605469,56.37900161743164,56.643001556396484,55.550498962402344,55.550498962402344,35036000
2019-02-13,56.09507369995117,56.43149948120117,57.14250183105469,56.29999923706055,56.652000427246094,28042000
2019-02-14,56.12340545654297,56.459999084472656,56.80649948120117,55.85449981689453,56.25,21106000
2019-02-15,55.647762298583984,55.98149871826172,56.96500015258789,55.83599853515625,56.96500015258789,27826000
2019-02-19,55.98971176147461,56.32550048828125,56.481998443603516,55.832000732421875,55.832000732421875,21980000
2019-02-20,55.695472717285156,56.02949905395508,56.54650115966797,55.587501525878906,56.444000244140625,24090000
2019-02-21,54.88135528564453,55.21049880981445,55.95750045776367,54.89899826049805,55.93899917602539,33272000
2019-02-22,55.495174407958984,55.827999114990234,55.86249923706055,55.025001525878906,55.48500061035156,29436000
2019-02-25,55.533447265625,55.86650085449219,56.27000045776367,55.705501556396484,56.096500396728516,26208000
2019-02-26,55.76605224609375,56.10049819946289,56.321998596191406,55.334999084472656,55.71849822998047,35026000
2019-02-27,55.80978775024414,56.144500732421875,56.2864990234375,55.428001403808594,55.70050048828125,22092000
2019-02-28,55.991695404052734,56.32749938964844,56.699501037597656,55.920501708984375,55.95000076293945,27422000
2019-03-01,57.08364486694336,57.42599868774414,57.5,56.54999923706055,56.54999923706055,34086000
2019-03-04,57.32719039916992,57.67100143432617,58.2760009765625,56.912498474121094,57.72800064086914,35490000
2019-03-05,58.11098861694336,58.45949935913086,58.824501037597656,57.6510009765625,57.79999923706055,40094000
2019-03-06,57.89975357055664,58.24700164794922,58.73699951171875,58.15250015258789,58.5880012512207,23602000
2019-03-07,57.19945526123047,57.54249954223633,58.17900085449219,57.08549880981445,58.025001525878906,30086000
2019-03-08,57.15571594238281,57.49850082397461,57.67250061035156,56.5099983215332,56.69499969482422,23694000
2019-03-11,58.61149215698242,58.9630012512207,58.99549865722656,57.57849884033203,57.599998474121094,30032000
2019-03-12,59.5056266784668,59.86249923706055,60.285499572753906,59.1150016784668,59.1150016784668,42220000
2019-03-13,59.595584869384766,59.952999114990234,60.35599899291992,59.89550018310547,60.29650115966797,25888000
2019-03-14,59.271026611328125,59.62649917602539,60.23500061035156,59.561500549316406,59.95100021362305,27302000
2019-03-15,59.160194396972656,59.51499938964844,60.08599853515625,59.35049819946289,59.900001525878906,51886000
2019-03-18,59.073219299316406,59.4275016784668,59.747501373291016,59.07400131225586,59.484500885009766,24442000
2019-03-19,59.76457214355469,60.12300109863281,60.170501708984375,59.472999572753906,59.58599853515625,29788000
2019-03-20,60.95592498779297,61.32149887084961,61.4995002746582,59.97949981689453,60.06999969482422,41508000
2019-03-21,61.43803405761719,61.80649948120117,61.821998596191406,60.82899856567383,61.0,28150000
2019-03-22,60.022525787353516,60.38249969482422,61.68149948120117,60.29999923706055,61.442501068115234,34422000
2019-03-25,59.512088775634766,59.86899948120117,60.47200012207031,59.5,59.97800064086914,27576000
2019-03-26,59.13733673095703,59.492000579833984,60.38249969482422,59.0880012512207,60.259498596191406,30752000
2019-03-27,58.54936218261719,58.9005012512207,59.59600067138672,58.21149826049805,59.59600067138672,29428000
2019-03-28,58.264068603515625,58.61349868774414,58.86249923706055,58.17150115966797,58.775001525878906,22402000
2019-03-29,58.49369430541992,58.84450149536133,59.19850158691406,58.319000244140625,59.00899887084961,30890000
2019-04-01,59.591609954833984,59.94900131225586,60.0099983215332,59.31800079345703,59.37699890136719,27706000
2019-04-02,59.91765594482422,60.277000427246094,60.29050064086914,59.5620002746582,60.002498626708984,18288000
2019-04-03,60.17958068847656,60.54050064086914,61.029998779296875,60.25400161743164,60.6349983215332,22180000
2019-04-04,60.6090087890625,60.97249984741211,61.02750015258789,60.45199966430664,60.56449890136719,21022000
2019-04-05,60.211387634277344,60.5724983215332,61.019500732421875,60.50149917602539,60.96500015258789,20012000
2019-04-08,60.0538330078125,60.41400146484375,60.6974983215332,60.23500061035156,60.55550003051758,21750000
2019-04-09,59.7760009765625,60.134498596191406,60.35749816894531,59.91899871826172,60.09450149536133,19668000
2019-04-10,59.96288299560547,60.3224983215332,60.446998596191406,60.03300094604492,60.25450134277344,15510000
2019-04-11,60.11894607543945,60.47949981689453,60.637001037597656,60.22700119018555,60.44499969482422,16998000
2019-04-12,60.772029876708984,61.13650131225586,61.15250015258789,60.66450119018555,60.78099822998047,24312000
2019-04-15,60.960899353027344,61.326499938964844,61.46500015258789,60.72800064086914,61.204498291015625,23796000
2019-04-16,61.22829818725586,61.59550094604492,61.79899978637695,61.25199890136719,61.5,22622000
2019-04-17,61.63733673095703,62.00699996948242,62.255001068115234,61.64500045776367,61.849998474121094,30366000
2019-04-18,61.70344161987305,62.07350158691406,62.297000885009766,61.97050094604492,62.25,24750000
2019-04-22,62.31428146362305,62.6879997253418,62.71699905395508,61.66849899291992,61.833499908447266,19084000
2019-04-23,63.150760650634766,63.52949905395508,63.721500396728516,62.5984992980957,62.832000732421875,31868000
2019-04-24,62.62689971923828,63.002498626708984,63.70000076293945,62.990501403808594,63.52949905395508,23396000
2019-04-25,62.989234924316406,63.367000579833984,63.63999938964844,62.900001525878906,63.51499938964844,31344000
2019-04-26,63.49022674560547,63.87099838256836,63.945499420166016,63.25,63.66899871826172,27228000
2019-04-29,64.42362213134766,64.80999755859375,64.84850311279297,63.58549880981445,64.02549743652344,72368000
2019-04-30,59.590614318847656,59.948001861572266,60.04899978637695,59.150001525878906,59.53150177001953,133178000
2019-05-01,58.316261291503906,58.66600036621094,59.962501525878906,58.58399963378906,59.875,74340000
2019-05-02,57.977783203125,58.32550048828125,58.96900177001953,57.916500091552734,58.630001068115234,45098000
2019-05-03,59.122920989990234,59.477500915527344,59.56999969482422,58.6775016784668,58.87049865722656,41588000
2019-05-06,59.317256927490234,59.67300033569336,59.77149963378906,58.55799865722656,58.599998474121094,31774000
2019-05-07,58.591609954833984,58.94300079345703,59.73849868774414,58.25,59.29050064086914,36604000
2019-05-08,58.19001770019531,58.53900146484375,59.2135009765625,58.381500244140625,58.864498138427734,25520000
2019-05-09,58.050350189208984,58.39849853515625,58.70349884033203,57.731998443603516,58.130001068115234,29556000
2019-05-10,58.0339469909668,58.38199996948242,58.81399917602539,57.31850051879883,58.44200134277344,31650000
2019-05-13,56.49070739746094,56.829498291015625,57.5984992980957,56.275001525878906,57.262001037597656,45626000
2019-05-14,55.90769958496094,56.24300003051758,57.243499755859375,56.17649841308594,57.11600112915039,40392000
2019-05-15,58.191009521484375,58.540000915527344,58.915000915527344,56.06999969482422,56.127498626708984,59302000
2019-05-16,58.87192153930664,59.224998474121094,59.70800018310547,58.42250061035156,58.59199905395508,35308000
2019-05-17,58.090606689453125,58.43899917602539,59.31449890136719,58.32099914550781,58.791500091552734,25362000
2019-05-20,56.89179992675781,57.233001708984375,57.650001525878906,56.90700149536133,57.650001525878906,30602000
2019-05-21,57.37788391113281,57.72200012207031,57.900001525878906,57.16550064086914,57.7239990234375,20562000
2019-05-22,57.447967529296875,57.79249954223633,58.18899917602539,57.54999923706055,57.5625,18826000
2019-05-23,56.92559814453125,57.266998291015625,57.502498626708984,56.65800094604492,57.30350112915039,25214000
2019-05-24,56.59110641479492,56.93050003051758,57.71799850463867,56.83549880981445,57.599998474121094,18554000
2019-05-28,56.63832092285156,56.97800064086914,57.824501037597656,56.93349838256836,57.07400131225586,20948000
2019-05-29,55.663169860839844,55.99700164794922,56.75,55.59749984741211,56.6349983215332,36230000
2019-05-30,55.736228942871094,56.070499420166016,56.34000015258789,55.79499816894531,56.00749969482422,18088000
2019-05-31,54.995174407958984,55.32500076293945,55.66999816894531,55.16749954223633,55.28200149536133,31582000
2019-06-03,51.62737274169922,51.9370002746582,53.349998474121094,51.35150146484375,53.346500396728516,96890000
2019-06-04,52.410179138183594,52.7244987487793,52.922000885009766,51.80149841308594,52.2244987487793,60512000
2019-06-05,51.92061233520508,52.231998443603516,52.84049987792969,51.650001525878906,52.75,46988000
2019-06-06,52.075687408447266,52.38800048828125,52.5,51.7755012512207,52.31050109863281,29020000
2019-06-07,53.10003662109375,53.41849899291992,53.67150115966797,52.557498931884766,52.7140007019043,43828000
2019-06-10,53.815250396728516,54.13800048828125,54.742000579833984,53.763999938964844,53.849998474121094,28510000
2019-06-11,53.729759216308594,54.051998138427734,55.20050048828125,53.97850036621094,54.8494987487793,33508000
2019-06-12,53.63334274291992,53.95500183105469,54.125999450683594,53.47999954223633,53.997501373291016,23670000
2019-06-13,54.22529220581055,54.550498962402344,54.829498291015625,54.128501892089844,54.23550033569336,20814000
2019-06-14,53.99119186401367,54.314998626708984,54.737998962402344,54.07400131225586,54.48699951171875,24582000
2019-06-17,54.36843490600586,54.69449996948242,55.06399917602539,54.400001525878906,54.45500183105469,19770000
2019-06-18,54.932552337646484,55.262001037597656,55.93899917602539,55.03950119018555,55.57500076293945,34526000
2019-06-19,54.896263122558594,55.22549819946289,55.471500396728516,54.80149841308594,55.36199951171875,26714000
2019-06-20,55.32817459106445,55.65999984741211,56.13600158691406,55.349998474121094,56.084999084472656,24018000
2019-06-21,55.93305206298828,56.26850128173828,56.32849884033203,55.486000061035156,55.49300003051758,50774000
2019-06-24,55.502132415771484,55.834999084472656,56.17850112915039,55.66550064086914,56.0,24236000
2019-06-25,54.05481719970703,54.37900161743164,55.78499984741211,54.22999954223633,55.75400161743164,31644000
2019-06-26,53.693973541259766,54.01599884033203,54.75600051879883,53.68450164794922,54.54999923706055,34698000
2019-06-27,53.510581970214844,53.83150100708008,54.42300033569336,53.79249954223633,54.337501525878906,24078000
2019-06-28,53.81724166870117,54.13999938964844,54.13999938964844,53.689998626708984,53.86149978637695,33672000
2019-07-01,54.672115325927734,55.0,55.429500579833984,54.76649856567383,55.051998138427734,29196000
2019-07-02,55.29835510253906,55.630001068115234,55.644500732421875,54.98350143432617,55.24150085449219,20630000
2019-07-03,55.81476593017578,56.14950180053711,56.39950180053711,55.74250030517578,55.92499923706055,20154000
2019-07-05,56.295875549316406,56.63349914550781,56.73249816894531,55.875,55.96849822998047,29794000
2019-07-08,55.50660705566406,55.839500427246094,56.36050033569336,55.5880012512207,56.29349899291992,29888000
2019-07-09,55.879371643066406,56.214500427246094,56.393001556396484,55.35749816894531,55.51599884033203,29472000
2019-07-10,56.70542526245117,57.045501708984375,57.117000579833984,56.53300094604492,56.61600112915039,30710000
2019-07-11,56.86296844482422,57.20399856567383,57.6619987487793,56.97650146484375,57.30799865722656,26004000
2019-07-12,56.92559814453125,57.266998291015625,57.375,56.928001403808594,57.14649963378906,21878000
2019-07-15,57.18255615234375,57.5255012512207,57.534000396728516,57.0,57.266998291015625,21164000
2019-07-16,57.32917785644531,57.67300033569336,57.92900085449219,57.33649826049805,57.33649826049805,25352000
2019-07-17,56.995182037353516,57.33700180053711,57.922000885009766,57.33100128173828,57.54600143432617,19538000
2019-07-18,57.0200309753418,57.36199951171875,57.40850067138672,56.643001556396484,57.099998474121094,25450000
2019-07-19,56.240203857421875,56.57749938964844,57.57899856567383,56.5625,57.465999603271484,23184000
2019-07-22,56.62092208862305,56.96049880981445,57.000999450683594,56.260501861572266,56.77349853515625,28914000
2019-07-23,57.06028747558594,57.40250015258789,57.44300079345703,56.64250183105469,57.17250061035156,20648000
2019-07-24,56.646766662597656,56.98649978637695,57.27299880981445,56.425498962402344,56.63100051879883,27192000
2019-07-25,56.45840072631836,56.797000885009766,57.179500579833984,56.18550109863281,56.9474983215332,54762000
2019-07-26,61.889827728271484,62.26100158691406,63.419498443603516,61.400001525878906,61.400001525878906,121216000
2019-07-29,61.721832275390625,62.09199905395508,62.449501037597656,61.5099983215332,62.125,41382000
2019-07-30,61.03395462036133,61.400001525878906,61.84550094604492,61.26599884033203,61.349998474121094,28616000
2019-07-31,60.54688262939453,60.90999984741211,61.74549865722656,60.409000396728516,61.243499755859375,39960000
2019-08-01,60.2277946472168,60.5890007019043,61.814998626708984,60.349998474121094,60.881500244140625,35426000
2019-08-02,59.45940399169922,59.816001892089844,60.474998474121094,59.5,60.150001525878906,34910000
2019-08-05,57.39329147338867,57.73749923706055,58.84400177001953,57.13750076293945,58.64849853515625,47840000
2019-08-06,58.204925537109375,58.55400085449219,59.06999969482422,58.076499938964844,58.2760009765625,36014000
2019-08-07,58.44498825073242,58.795501708984375,58.993499755859375,57.54199981689453,57.88999938964844,30686000
2019-08-08,59.94995880126953,60.30950164794922,60.31399917602539,58.70000076293945,59.32149887084961,30116000
2019-08-09,59.090614318847656,59.44499969482422,60.222999572753906,59.24449920654297,59.9995002746582,20418000
2019-08-12,58.374900817871094,58.724998474121094,59.28049850463867,58.43600082397461,59.0,22064000
2019-08-13,59.47977828979492,59.83649826049805,60.27149963378906,58.64950180053711,58.717498779296875,28434000
2019-08-14,57.86545944213867,58.212501525878906,59.13949966430664,58.05350112915039,58.80350112915039,35430000
2019-08-15,58.11745071411133,58.465999603271484,58.82099914550781,58.150001525878906,58.42150115966797,28506000
2019-08-16,58.60900115966797,58.96049880981445,59.19200134277344,58.650001525878906,59.03950119018555,24916000
2019-08-19,59.6641731262207,60.02199935913086,60.46950149536133,59.52000045776367,59.59149932861328,24450000
2019-08-20,58.82371139526367,59.17649841308594,59.900001525878906,59.15250015258789,59.76750183105469,20206000
2019-08-21,59.223812103271484,59.57899856567383,60.02799987792969,59.395999908447266,59.79100036621094,14152000
2019-08-22,59.22083282470703,59.57600021362305,59.93899917602539,58.945499420166016,59.689998626708984,17352000
2019-08-23,57.335140228271484,57.67900085449219,59.78350067138672,57.5,59.25849914550781,36254000
2019-08-26,58.20989227294922,58.558998107910156,58.59299850463867,57.74250030517578,57.97249984741211,21166000
2019-08-27,58.1920051574707,58.54100036621094,59.25,58.22800064086914,59.150001525878906,23460000
2019-08-28,58.33763122558594,58.6875,58.92499923706055,58.01250076293945,58.243499755859375,16810000
2019-08-29,59.356021881103516,59.71200180053711,59.95949935913086,59.263999938964844,59.32099914550781,19636000
2019-08-30,59.171627044677734,59.5265007019043,60.01750183105469,59.2859992980957,60.01750183105469,18064000
2019-09-03,58.128883361816406,58.477500915527344,59.45399856567383,58.18550109863281,59.092498779296875,25908000
2019-09-04,58.761085510253906,59.11349868774414,59.24399948120117,58.576499938964844,58.97249984741211,21312000
2019-09-05,60.248172760009766,60.609500885009766,60.70000076293945,59.634498596191406,59.68299865722656,26394000
2019-09-06,59.956424713134766,60.316001892089844,60.647499084472656,60.16299819946289,60.457000732421875,18972000
2019-09-09,59.904232025146484,60.26350021362305,61.02750015258789,59.65850067138672,60.354000091552734,31854000
2019-09-10,59.92560577392578,60.28499984741211,60.5,59.800498962402344,59.804500579833984,27922000
2019-09-11,60.63634490966797,61.0,61.12350082397461,60.11399841308594,60.19449996948242,23522000
2019-09-12,61.38038635253906,61.74850082397461,62.12099838256836,61.12799835205078,61.173500061035156,31644000
2019-09-13,61.63187026977539,62.00149917602539,62.0525016784668,61.354000091552734,61.605499267578125,23676000
2019-09-16,61.214378356933594,61.58150100708008,61.95100021362305,61.259498596191406,61.52199935913086,28218000
2019-09-17,61.12739562988281,61.49399948120117,61.75,61.16749954223633,61.58150100708008,20806000
2019-09-18,61.26507568359375,61.63249969482422,61.8120002746582,60.82350158691406,61.512001037597656,17440000
2019-09-19,61.56825256347656,61.9375,62.21699905395508,61.615501403808594,61.61600112915039,16554000
2019-09-20,61.12541198730469,61.492000579833984,62.13999938964844,61.17900085449219,61.68199920654297,37692000
2019-09-23,61.3664665222168,61.734500885009766,61.98400115966797,61.18899917602539,61.32849884033203,20798000
2019-09-24,60.553340911865234,60.916500091552734,62.355499267578125,60.53200149536133,62.0,35804000
2019-09-25,61.92561340332031,62.297000885009766,62.4010009765625,60.459999084472656,60.800498962402344,26798000
2019-09-26,61.74419403076172,62.114498138427734,62.23350143432617,61.590999603271484,62.106998443603516,23166000
2019-09-27,60.93206787109375,61.29750061035156,62.2495002746582,60.7599983215332,62.14149856567383,34122000
2019-09-30,60.69300079345703,61.05699920654297,61.37049865722656,60.67100143432617,61.029998779296875,24470000
2019-10-01,59.940513610839844,60.29999923706055,61.643001556396484,60.27750015258789,61.1245002746582,24504000
2019-10-02,58.54488754272461,58.895999908447266,59.9379997253418,58.631500244140625,59.82500076293945,33030000
2019-10-03,59.1169548034668,59.471500396728516,59.54999923706055,58.15700149536133,59.16699981689453,28368000
2019-10-04,60.18703842163086,60.54800033569336,60.62300109863281,59.548500061035156,59.714500427246094,24282000
2019-10-07,60.05234909057617,60.412498474121094,60.945499420166016,60.21799850463867,60.349998474121094,17040000
2019-10-08,59.1517448425293,59.506500244140625,60.34349822998047,59.4739990234375,59.938499450683594,20086000
2019-10-09,59.76158905029297,60.119998931884766,60.42300033569336,59.90599822998047,60.06650161743164,15948000
2019-10-10,60.11298370361328,60.4734992980957,60.78099822998047,59.893001556396484,59.93000030517578,12842000
2019-10-11,60.42312240600586,60.785499572753906,61.4375,60.68199920654297,61.201499938964844,22330000
2019-10-14,60.525508880615234,60.88850021362305,61.29399871826172,60.59400177001953,60.69449996948242,13296000
2019-10-15,61.74171447753906,62.11199951171875,62.35649871826172,61.04600143432617,61.07500076293945,27584000
2019-10-16,61.77948760986328,62.150001525878906,62.70949935913086,61.92649841308594,62.09049987792969,22986000
2019-10-17,62.26655960083008,62.63999938964844,63.1875,62.493499755859375,62.56999969482422,20958000
2019-10-18,61.849571228027344,62.22050094604492,62.90549850463867,62.00699996948242,62.734500885009766,31624000
2019-10-21,61.843109130859375,62.2140007019043,62.675498962402344,61.9995002746582,62.435001373291016,18094000
2019-10-22,61.690025329589844,62.060001373291016,62.436500549316406,61.99250030517578,62.2239990234375,22862000
2019-10-23,62.506629943847656,62.881500244140625,62.902000427246094,62.010501861572266,62.010501861572266,21282000
2019-10-24,62.58018493652344,62.955501556396484,63.14500045776367,62.61750030517578,62.955501556396484,20224000
2019-10-25,62.83814239501953,63.21500015258789,63.400001525878906,62.45750045776367,62.599998474121094,27104000
2019-10-28,64.06478118896484,64.4489974975586,64.96199798583984,63.615501403808594,63.75,65428000
2019-10-29,62.657222747802734,63.03300094604492,64.04000091552734,62.78049850463867,63.79999923706055,52654000
2019-10-30,62.659217834472656,63.03499984741211,63.4010009765625,62.532501220703125,62.75749969482422,29204000
2019-10-31,62.56477737426758,62.939998626708984,63.32600021362305,62.4739990234375,63.0,31904000
2019-11-01,63.2332649230957,63.61249923706055,63.650001525878906,62.98550033569336,63.290000915527344,28812000
2019-11-04,64.0960922241211,64.48049926757812,64.625,63.80550003051758,63.80550003051758,30632000
2019-11-05,64.18704986572266,64.5719985961914,64.86199951171875,64.46900177001953,64.55999755859375,25148000
2019-11-06,64.1656723022461,64.55049896240234,64.64949798583984,64.1135025024414,64.50450134277344,24626000
2019-11-07,64.9574203491211,65.34700012207031,66.13249969482422,64.6875,64.71399688720703,45140000
2019-11-08,65.05980682373047,65.44999694824219,65.85549926757812,65.07599639892578,65.07599639892578,30392000
2019-11-11,64.52701568603516,64.91400146484375,65.24500274658203,64.79350280761719,65.19999694824219,17234000
2019-11-12,64.47382354736328,64.8604965209961,65.46749877929688,64.71199798583984,64.92849731445312,28852000
2019-11-13,64.4226303100586,64.80899810791016,65.1259994506836,64.60749816894531,64.65899658203125,20538000
2019-11-14,65.06726837158203,65.4574966430664,65.78600311279297,64.6969985961914,64.75,28948000
2019-11-15,66.27949523925781,66.677001953125,66.677001953125,65.59449768066406,65.75250244140625,39286000
2019-11-18,65.59857940673828,65.99199676513672,66.69599914550781,65.80799865722656,66.61699676513672,27984000
2019-11-19,65.23824310302734,65.62950134277344,66.33149719238281,65.5885009765625,66.33149719238281,21864000
2019-11-20,64.70494079589844,65.09300231933594,65.6604995727539,64.46050262451172,65.56800079345703,28892000
2019-11-21,64.61946105957031,65.00700378417969,65.55599975585938,64.5374984741211,64.9625015258789,25546000
2019-11-22,64.29788208007812,64.68350219726562,65.34500122070312,64.46800231933594,65.1500015258789,27776000
2019-11-25,64.89280700683594,65.28199768066406,65.52050018310547,64.78050231933594,64.81300354003906,23590000
2019-11-26,65.25862121582031,65.6500015258789,65.70050048828125,65.2020034790039,65.49549865722656,21910000
2019-11-27,65.21537017822266,65.60649871826172,65.88200378417969,65.47350311279297,65.77100372314453,18808000
2019-11-29,64.81578063964844,65.20449829101562,65.49749755859375,65.1614990234375,65.33000183105469,12802000
2019-12-02,64.05882263183594,64.44300079345703,65.27200317382812,64.01899719238281,65.12799835205078,26538000
2019-12-03,64.35105895996094,64.73699951171875,64.86150360107422,63.852500915527344,63.93299865722656,25270000
2019-12-04,65.55384063720703,65.9469985961914,66.2135009765625,65.15249633789062,65.30500030517578,35506000
2019-12-05,65.95246124267578,66.3479995727539,66.39900207519531,65.71600341796875,66.3499984741211,24408000
2019-12-06,66.57025146484375,66.96949768066406,67.12349700927734,66.5615005493164,66.63749694824219,32968000
2019-12-09,66.74917602539062,67.14949798583984,67.87750244140625,66.80349731445312,66.94300079345703,30842000
2019-12-10,66.74420928955078,67.14450073242188,67.4000015258789,66.69999694824219,66.99700164794922,17606000
2019-12-11,66.81180572509766,67.2125015258789,67.49449920654297,67.05500030517578,67.41500091552734,20480000
2019-12-12,67.02254486083984,67.42449951171875,67.72899627685547,66.91000366210938,67.1604995727539,29114000
2019-12-13,66.94202423095703,67.34349822998047,67.56749725341797,67.08300018310547,67.3949966430664,33170000
2019-12-16,67.6294174194336,68.03500366210938,68.17649841308594,67.53050231933594,67.75,28128000
2019-12-17,67.34063720703125,67.74449920654297,68.21649932861328,67.53849792480469,68.12049865722656,32948000
2019-12-18,67.19252014160156,67.59549713134766,67.97149658203125,67.52300262451172,67.8499984741211,23330000
2019-12-19,67.41767120361328,67.8219985961914,67.87650299072266,67.4375,67.59549713134766,28922000
2019-12-20,67.15821838378906,67.56099700927734,68.19999694824219,67.5364990234375,68.15499877929688,50090000
2019-12-23,67.12890625,67.53150177001953,68.09249877929688,67.4000015258789,67.9365005493164,19936000
2019-12-24,66.82074737548828,67.22149658203125,67.60050201416016,67.20850372314453,67.510498046875,13468000
2019-12-26,67.71737670898438,68.12349700927734,68.16000366210938,67.27549743652344,67.32749938964844,23662000
2019-12-27,67.32820892333984,67.73200225830078,68.35250091552734,67.6500015258789,68.19999694824219,23212000
2019-12-30,66.58615112304688,66.9854965209961,67.8499984741211,66.89199829101562,67.84049987792969,19994000
2019-12-31,66.57025146484375,66.96949768066406,67.03299713134766,66.60649871826172,66.78949737548828,19514000
2020-01-02,68.02603149414062,68.43399810791016,68.43399810791016,67.32450103759766,67.42050170898438,27278000
2020-01-03,67.67015075683594,68.07599639892578,68.6875,67.36599731445312,67.4000015258789,23408000
2020-01-06,69.47384643554688,69.8905029296875,69.91600036621094,67.55000305175781,67.58149719238281,46768000
2020-01-07,69.33964538574219,69.75550079345703,70.17500305175781,69.5780029296875,70.02300262451172,34330000
2020-01-08,69.83318328857422,70.25199890136719,70.59249877929688,69.63150024414062,69.74099731445312,35314000
2020-01-09,70.56629180908203,70.989501953125,71.43399810791016,70.510498046875,71.09649658203125,33200000
2020-01-10,71.02205657958984,71.447998046875,71.74700164794922,70.9800033569336,71.47350311279297,26258000
2020-01-13,71.57225799560547,72.00150299072266,72.0739974975586,71.26850128173828,71.76249694824219,30730000
2020-01-14,71.10306549072266,71.52950286865234,72.13150024414062,71.38849639892578,72.0,26076000
2020-01-15,71.53101348876953,71.95999908447266,72.03900146484375,71.58300018310547,71.6510009765625,21550000
2020-01-16,72.07573699951172,72.50800323486328,72.53500366210938,72.0,72.27249908447266,26080000
2020-01-17,73.53497314453125,73.97599792480469,74.02749633789062,72.82749938964844,73.12699890136719,52424000
2020-01-21,73.67068481445312,74.11250305175781,74.49400329589844,73.510498046875,73.94999694824219,48930000
2020-01-22,73.75119018554688,74.19349670410156,75.02899932861328,74.13300323486328,74.48650360107422,28458000
2020-01-23,73.79193115234375,74.2344970703125,74.67500305175781,74.01599884033203,74.37750244140625,26650000
2020-01-24,72.87146759033203,73.30850219726562,74.70999908447266,73.15899658203125,74.64099884033203,29786000
2020-01-27,71.15973663330078,71.58650207519531,71.8290023803711,70.9749984741211,71.5770034790039,34132000
2020-01-28,72.09263610839844,72.5250015258789,72.73999786376953,71.51799774169922,72.08699798583984,29724000
2020-01-29,72.40078735351562,72.83499908447266,73.20700073242188,72.26950073242188,72.9229965209961,21566000
2020-01-30,72.27902221679688,72.7125015258789,72.76249694824219,71.75,71.90499877929688,27110000
2020-01-31,71.2119140625,71.63899993896484,73.4834976196289,71.35299682617188,73.39299774169922,43822000
2020-02-03,73.68806457519531,74.12999725341797,74.31500244140625,72.83049774169922,73.0824966430664,71636000
2020-02-04,71.83965301513672,72.27050018310547,73.36699676513672,71.10150146484375,72.72450256347656,95880000
2020-02-05,71.8714599609375,72.30249786376953,73.22899627685547,71.48400115966797,73.18049621582031,36376000
2020-02-06,73.3585433959961,73.79850006103516,74.0780029296875,72.52400207519531,72.5989990234375,37822000
2020-02-07,73.51460266113281,73.95549774169922,74.26249694824219,73.27050018310547,73.36949920654297,28360000
2020-02-10,74.9832992553711,75.43299865722656,75.44400024414062,73.76000213623047,73.86150360107422,38302000
2020-02-11,75.0528793334961,75.50299835205078,76.49400329589844,75.27249908447266,75.66349792480469,34852000
2020-02-12,75.47882843017578,75.93150329589844,76.01499938964844,75.43350219726562,75.79299926757812,31042000
2020-02-13,75.21839904785156,75.66950225830078,76.29750061035156,75.19999694824219,75.5,22914000
2020-02-14,75.48379516601562,75.9365005493164,76.00250244140625,75.27749633789062,75.72650146484375,23198000
2020-02-18,75.51908874511719,75.97200012207031,76.52799987792969,75.55049896240234,75.71700286865234,25642000
2020-02-19,75.7889633178711,76.24349975585938,76.53700256347656,76.04900360107422,76.36000061035156,22746000
2020-02-20,75.3973159790039,75.84950256347656,76.35350036621094,75.21299743652344,75.95050048828125,25962000
2020-02-21,73.7308120727539,74.1729965209961,75.54750061035156,73.92449951171875,75.22899627685547,42520000
2020-02-24,70.56976318359375,70.99299621582031,71.81900024414062,70.3395004272461,71.15249633789062,49560000
2020-02-25,68.90276336669922,69.31600189208984,71.84249877929688,69.02100372314453,71.55000305175781,51580000
2020-02-26,69.10902404785156,69.52349853515625,70.68350219726562,68.82749938964844,69.7490005493164,49776000
2020-02-27,65.35553741455078,65.74749755859375,68.47000122070312,65.71199798583984,67.95700073242188,62290000
2020-02-28,66.56329345703125,66.9625015258789,67.12249755859375,63.410499572753906,63.71549987792969,80198000
2020-03-02,68.90276336669922,69.31600189208984,69.37349700927734,66.26000213623047,67.56950378417969,55430000
2020-03-03,66.48725128173828,66.88600158691406,70.40950012207031,66.46199798583984,69.88400268554688,56602000
2020-03-04,68.66818237304688,69.08000183105469,69.13899993896484,66.8499984741211,67.947998046875,47598000
2020-03-05,65.34609985351562,65.73799896240234,67.68150329589844,65.08200073242188,67.27749633789062,54380000
2020-03-06,64.40077209472656,64.78700256347656,65.13749694824219,62.86050033569336,63.497501373291016,64640000
2020-03-09,60.42709732055664,60.78950119018555,62.63650131225586,59.902000427246094,60.24800109863281,69252000
2020-03-10,63.37839889526367,63.75849914550781,63.79249954223633,60.72549819946289,62.71950149536133,54872000
2020-03-11,60.18405532836914,60.54499816894531,62.846500396728516,59.55699920654297,62.41350173950195,54732000
2020-03-12,55.24617004394531,55.57749938964844,59.4375,55.423500061035156,56.13100051879883,94326000
2020-03-13,60.35155487060547,60.7135009765625,60.720001220703125,55.614498138427734,58.7495002746582,79400000
2020-03-16,53.330162048339844,53.650001525878906,57.27349853515625,53.354000091552734,54.480499267578125,96520000
2020-03-17,55.56972885131836,55.90299987792969,56.29999923706055,52.45500183105469,54.53200149536133,83194000
2020-03-18,54.23424530029297,54.55950164794922,55.2495002746582,51.849998474121094,52.99700164794922,93044000
2020-03-19,55.25212860107422,55.583499908447266,57.63050079345703,52.77750015258789,54.4109992980957,74064000
2020-03-20,53.09209060668945,53.410499572753906,56.92399978637695,53.10499954223633,56.54499816894531,82878000
2020-03-23,52.39228439331055,52.70650100708008,53.34550094604492,50.44350051879883,52.81850051879883,83672000
2020-03-24,56.16366958618164,56.5004997253418,56.666500091552734,54.32149887084961,55.19900131225586,72468000
2020-03-25,54.75263214111328,55.08100128173828,57.30849838256836,54.1505012512207,56.229000091552734,90324000
2020-03-26,57.799354553222656,58.145999908447266,58.57400131225586,54.60150146484375,55.736000061035156,76562000
2020-03-27,55.18206024169922,55.51300048828125,57.5525016784668,55.20000076293945,56.37350082397461,62794000
2020-03-30,56.97380828857422,57.31549835205078,57.54999923706055,54.92449951171875,56.63199996948242,58736000
2020-03-31,57.75114440917969,58.09749984741211,58.66999816894531,56.83599853515625,57.436500549316406,65228000
2020-04-01,54.77648162841797,55.10499954223633,56.47100067138672,54.67449951171875,56.20000076293945,51970000
2020-04-02,55.51853942871094,55.85150146484375,56.13850021362305,54.65650177001953,55.0,56410000
2020-04-03,54.30928421020508,54.6349983215332,55.93949890136719,53.75400161743164,55.73550033569336,51374000
2020-04-06,58.806819915771484,59.15950012207031,59.537498474121094,56.25,56.650001525878906,63320000
2020-04-07,58.7755012512207,59.12799835205078,61.03900146484375,58.86249923706055,60.85049819946289,61620000
2020-04-08,59.99021530151367,60.349998474121094,60.744998931884766,59.1974983215332,60.154998779296875,40334000
2020-04-09,59.96884536743164,60.32849884033203,61.0994987487793,59.62099838256836,60.909000396728516,54028000
2020-04-13,60.159698486328125,60.52050018310547,60.72600173950195,59.11650085449219,60.07500076293945,38702000
2020-04-14,62.88436508178711,63.26150131225586,63.787498474121094,61.426998138427734,61.99850082397461,63358000
2020-04-15,62.490230560302734,62.8650016784668,63.75550079345703,61.70000076293945,62.32550048828125,42236000
2020-04-16,62.49668502807617,62.871498107910156,63.667999267578125,61.90999984741211,63.356998443603516,57896000
2020-04-17,63.56875991821289,63.95000076293945,64.5,63.29999923706055,64.08499908447266,51050000
2020-04-20,62.681575775146484,63.057498931884766,63.840999603271484,62.821998596191406,63.49449920654297,35292000
2020-04-21,60.246681213378906,60.608001708984375,62.5,60.25,62.135501861572266,49648000
2020-04-22,62.54539489746094,62.920501708984375,63.99399948120117,61.86000061035156,62.05550003051758,46296000
2020-04-23,63.179588317871094,63.55849838256836,64.40750122070312,63.0265007019043,63.2869987487793,34202000
2020-04-24,63.44947052001953,63.83000183105469,63.885501861572266,62.20000076293945,62.75,37402000
2020-04-27,63.164180755615234,63.542999267578125,64.70500183105469,63.25299835205078,64.5999984741211,44186000
2020-04-28,61.26209259033203,61.62950134277344,64.23799896240234,61.51900100708008,64.16000366210938,80700000
2020-04-29,66.70893096923828,67.10900115966797,68.00749969482422,66.33650207519531,67.25,108358000
2020-04-30,66.93357849121094,67.33499908447266,67.5,66.07499694824219,66.56800079345703,55842000
2020-05-01,65.47332000732422,65.86599731445312,67.57150268554688,65.48300170898438,66.20449829101562,48872000
2020-05-04,65.75066375732422,66.1449966430664,66.22350311279297,64.80049896240234,65.40650177001953,30806000
2020-05-05,67.04888153076172,67.45099639892578,68.55049896240234,66.75150299072266,66.875,39666000
2020-05-06,66.8704605102539,67.27149963378906,68.43450164794922,67.25650024414062,67.9000015258789,31732000
2020-05-07,68.05584716796875,68.46399688720703,68.80000305175781,67.62699890136719,68.06549835205078,30652000
2020-05-08,68.80435943603516,69.21700286865234,69.83200073242188,68.60050201416016,69.09100341796875,33326000
2020-05-11,69.76111602783203,70.17949676513672,70.77649688720703,68.7750015258789,68.8395004272461,32718000
2020-05-12,68.34908294677734,68.75900268554688,70.71649932861328,68.72550201416016,70.41100311279297,33918000
2020-05-13,67.01457977294922,67.41649627685547,69.2665023803711,66.40049743652344,68.80799865722656,40368000
2020-05-14,67.43855285644531,67.84300231933594,67.86849975585938,66.16500091552734,66.6760025024414,36660000
2020-05-15,68.24372100830078,68.65299987792969,68.72899627685547,66.94999694824219,67.41300201416016,41544000
2020-05-18,68.84610748291016,69.25900268554688,69.63800048828125,67.70999908447266,68.0790023803711,47094000
2020-05-19,68.31031799316406,68.72000122070312,69.62449645996094,68.68800354003906,69.27400207519531,31586000
2020-05-20,70.0379638671875,70.45800018310547,70.60150146484375,69.37100219726562,69.45800018310547,38262000
2020-05-21,69.91817474365234,70.3375015258789,70.822998046875,69.71949768066406,70.54949951171875,30894000
2020-05-22,70.2407455444336,70.66200256347656,70.8499984741211,69.79750061035156,70.19499969482422,28544000
2020-05-26,70.64481353759766,71.06849670410156,72.25550079345703,70.97000122070312,72.0979995727539,44590000
2020-05-27,70.59064483642578,71.01399993896484,71.26750183105469,69.7300033569336,71.0,31684000
2020-05-28,70.48925018310547,70.91200256347656,72.2229995727539,69.9540023803711,70.0,35170000
2020-05-29,71.24869537353516,71.6760025024414,71.83650207519531,70.79900360107422,71.02149963378906,37044000
2020-06-01,71.31578826904297,71.74349975585938,72.0790023803711,71.11399841308594,71.28500366210938,25162000
2020-06-02,71.6855697631836,72.1155014038086,72.1500015258789,71.08049774169922,71.75,23442000
2020-06-03,71.53347778320312,71.9625015258789,72.45050048828125,71.58100128173828,72.13500213623047,27732000
2020-06-04,70.29341888427734,70.71499633789062,72.06600189208984,70.30049896240234,71.83899688720703,26982000
2020-06-05,71.5717544555664,72.0009994506836,72.31500244140625,70.38099670410156,70.78199768066406,42642000
2020-06-08,71.9703598022461,72.4020004272461,72.44999694824219,71.2239990234375,71.31400299072266,33878000
2020-06-09,72.1711654663086,72.60399627685547,73.38999938964844,72.11799621582031,72.26200103759766,33624000
2020-06-10,72.79839324951172,73.23500061035156,73.63849639892578,72.71800231933594,73.07550048828125,31762000
2020-06-11,69.67711639404297,70.09500122070312,72.58000183105469,69.92050170898438,72.05149841308594,47144000
2020-06-12,70.22483825683594,70.64600372314453,71.72550201416016,69.29000091552734,71.29299926757812,36676000
2020-06-15,70.61349487304688,71.03700256347656,71.25,69.36000061035156,69.47450256347656,30468000
2020-06-16,71.892333984375,72.32350158691406,72.8584976196289,71.44950103759766,72.44999694824219,30648000
2020-06-17,72.19403076171875,72.62699890136719,73.11000061035156,71.75650024414062,72.64700317382812,30610000
2020-06-18,71.27852630615234,71.70600128173828,72.64849853515625,71.31199645996094,72.49250030517578,34862000
2020-06-19,70.8073501586914,71.23200225830078,72.2249984741211,70.94999694824219,72.0,52784000
2020-06-22,72.1005859375,72.53299713134766,72.54750061035156,70.95950317382812,71.25050354003906,29442000
2020-06-23,72.76261901855469,73.1989974975586,73.76000213623047,72.25,72.5999984741211,37752000
2020-06-24,71.20794677734375,71.63500213623047,73.78949737548828,71.5,73.16400146484375,31592000
2020-06-25,71.62543487548828,72.05500030517578,72.11599731445312,70.97699737548828,71.56099700927734,23958000
2020-06-26,67.72085571289062,68.12699890136719,71.85099792480469,67.75,71.63150024414062,97640000
2020-06-29,69.44203186035156,69.8584976196289,69.9000015258789,67.5824966430664,68.01699829101562,45074000
2020-06-30,70.47981262207031,70.90249633789062,71.19999694824219,69.34649658203125,69.84400177001953,40286000
2020-07-01,71.67018127441406,72.0999984741211,72.42400360107422,70.70899963378906,70.95850372314453,42182000
2020-07-02,73.05833435058594,73.49649810791016,74.4260025024414,72.55349731445312,72.59200286865234,57218000
2020-07-06,74.53547668457031,74.98249816894531,75.5,73.8489990234375,74.40750122070312,44712000
2020-07-07,74.0518798828125,74.49600219726562,76.06600189208984,74.48500061035156,74.80650329589844,42364000
2020-07-08,74.73180389404297,75.18000030517578,75.55850219726562,74.61499786376953,75.04000091552734,31766000
2020-07-09,75.48031616210938,75.93299865722656,76.45700073242188,74.77950286865234,75.49649810791016,41836000
2020-07-10,76.49175262451172,76.95050048828125,77.06700134277344,75.03600311279297,75.6624984741211,35918000
2020-07-13,75.1607437133789,75.61150360107422,78.81800079345703,75.3280029296875,77.49700164794922,42954000
2020-07-14,75.58966064453125,76.04299926757812,76.13999938964844,74.29650115966797,74.6395034790039,38108000
2020-07-15,75.391845703125,75.84400177001953,76.81649780273438,74.8915023803711,76.1614990234375,31026000
2020-07-16,75.29444122314453,75.74600219726562,75.79550170898438,74.41349792480469,75.07499694824219,26484000
2020-07-17,75.3903579711914,75.84249877929688,76.17150115966797,74.90499877929688,75.84549713134766,34264000
2020-07-20,77.72584533691406,78.19200134277344,78.45050048828125,75.13500213623047,75.75,30166000
2020-07-21,77.33221435546875,77.7959976196289,79.35250091552734,77.63099670410156,79.25150299072266,27486000
2020-07-22,77.77605438232422,78.24250030517578,78.3489990234375,77.1614990234375,77.7854995727539,24482000
2020-07-23,75.38539123535156,75.8375015258789,78.51750183105469,75.42949676513672,78.29650115966797,33910000
2020-07-24,74.9609375,75.4104995727539,75.77149963378906,74.37950134277344,74.95950317382812,29902000
2020-07-27,76.01560974121094,76.47149658203125,76.87799835205078,75.61650085449219,75.66300201416016,27124000
2020-07-28,74.73429870605469,75.18250274658203,76.30049896240234,75.0260009765625,76.25,30910000
2020-07-29,75.72136688232422,76.17549896240234,76.66649627685547,75.15049743652344,75.25,22676000
2020-07-30,76.4599609375,76.91850280761719,77.04450225830078,74.75849914550781,74.89849853515625,36042000
2020-07-31,73.95397186279297,74.39749908447266,75.2509994506836,72.69999694824219,74.85250091552734,91468000
2020-08-03,73.6960220336914,74.13800048828125,74.8864974975586,73.58599853515625,74.55000305175781,45482000
2020-08-04,73.22583770751953,73.66500091552734,74.65550231933594,73.20149993896484,74.33550262451172,37212000
2020-08-05,73.51361083984375,73.95449829101562,74.5,73.56099700927734,73.84100341796875,29134000
2020-08-06,74.79889678955078,75.24749755859375,75.3134994506836,73.59500122070312,73.80750274658203,33306000
2020-08-07,74.47187042236328,74.91850280761719,76.00450134277344,74.3134994506836,75.4520034790039,27718000
2020-08-10,74.39482879638672,74.84100341796875,75.35749816894531,73.87449645996094,74.54000091552734,20546000
2020-08-11,73.58568572998047,74.0270004272461,75.52200317382812,73.90950012207031,74.69999694824219,31098000
2020-08-12,74.9127197265625,75.36199951171875,75.58350372314453,74.25,74.35600280761719,22512000
2020-08-13,75.38041687011719,75.8324966430664,76.84850311279297,75.4104995727539,75.4104995727539,22388000
2020-08-14,74.78299713134766,75.23149871826172,75.989501953125,74.94999694824219,75.68049621582031,21942000
2020-08-17,75.36003875732422,75.81199645996094,76.18900299072266,75.25,75.79850006103516,19990000
2020-08-18,77.32525634765625,77.78900146484375,77.86849975585938,76.08350372314453,76.30599975585938,28378000
2020-08-19,76.77008819580078,77.23049926757812,78.44300079345703,77.0,77.62449645996094,30472000
2020-08-20,78.34264373779297,78.8125,79.00849914550781,76.7229995727539,76.99849700927734,26382000
2020-08-21,78.3088607788086,78.77850341796875,79.59400177001953,78.1155014038086,78.58999633789062,34838000
2020-08-24,78.78500366210938,79.25749969482422,80.43900299072266,78.75199890136719,79.62349700927734,25638000
2020-08-25,79.81382751464844,80.2925033569336,80.44400024414062,78.89399719238281,79.00499725341797,25150000
2020-08-26,81.7164077758789,82.20649719238281,82.6395034790039,80.04900360107422,80.31500244140625,52188000
2020-08-27,80.9405746459961,81.4260025024414,82.39949798583984,80.94049835205078,82.33049774169922,31350000
2020-08-28,81.4828109741211,81.97149658203125,82.06749725341797,81.28050231933594,81.47350311279297,22418000
2020-08-31,80.99078369140625,81.47650146484375,82.2249984741211,81.2665023803711,82.17849731445312,26422000
2020-09-01,82.26065826416016,82.75399780273438,82.96099853515625,81.47650146484375,81.60800170898438,22652000
2020-09-02,85.35758209228516,85.86949920654297,86.30500030517578,83.0094985961914,83.40049743652344,49522000
2020-09-03,80.98978424072266,81.47550201416016,85.0,80.385498046875,84.97599792480469,63726000
2020-09-04,78.58916473388672,79.06050109863281,81.74949645996094,76.89849853515625,80.44999694824219,55850000
2020-09-08,75.72583770751953,76.18000030517578,77.77749633789062,75.82499694824219,76.25,54032000
2020-09-09,76.90030670166016,77.36150360107422,77.93599700927734,76.25849914550781,77.44499969482422,39242000
2020-09-10,75.84761047363281,76.30249786376953,78.68299865722656,76.0,77.50900268554688,33024000
2020-09-11,75.336181640625,75.78800201416016,76.93499755859375,74.6510009765625,76.40750122070312,30706000
2020-09-14,74.99174499511719,75.44149780273438,77.8499984741211,75.25550079345703,76.5824966430664,42660000
2020-09-15,76.29840850830078,76.75599670410156,77.54949951171875,76.1050033569336,76.39450073242188,23042000
2020-09-16,75.15377807617188,75.60449981689453,77.71849822998047,75.57949829101562,77.1240005493164,22128000
2020-09-17,73.90874481201172,74.35199737548828,74.93299865722656,73.12300109863281,74.29049682617188,40008000
2020-09-18,72.12195587158203,72.55449676513672,74.76000213623047,71.58100128173828,74.41500091552734,63056000
2020-09-21,71.0807113647461,71.50700378417969,72.00299835205078,70.13400268554688,71.58100128173828,56908000
2020-09-22,72.55586242675781,72.99099731445312,73.19850158691406,71.4749984741211,72.51599884033203,33950000
2020-09-23,70.04939270019531,70.46949768066406,72.65399932861328,70.13400268554688,72.60449981689453,37726000
2020-09-24,70.7188720703125,71.14299774169922,71.89949798583984,70.10749816894531,70.13400268554688,34552000
2020-09-25,71.52405548095703,71.9530029296875,72.2969970703125,70.38400268554688,71.25250244140625,30326000
2020-09-28,72.49820709228516,72.93299865722656,73.64949798583984,72.31400299072266,73.59950256347656,30784000
2020-09-29,72.864013671875,73.3010025024414,73.5999984741211,72.69999694824219,73.19550323486328,31816000
2020-09-30,72.8431396484375,73.27999877929688,74.30999755859375,72.78800201416016,73.0469970703125,40924000
2020-10-01,73.95147705078125,74.3949966430664,74.75350189208984,73.83999633789062,74.18299865722656,32884000
2020-10-02,72.34611511230469,72.77999877929688,73.95149993896484,72.36750030517578,72.98149871826172,31222000
2020-10-05,73.69949340820312,74.1415023803711,74.23500061035156,73.00450134277344,73.13249969482422,21602000
2020-10-06,72.11848449707031,72.5510025024414,74.22599792480469,72.25050354003906,73.7750015258789,26096000
2020-10-07,72.52206420898438,72.95700073242188,73.44850158691406,71.6614990234375,72.96549987792969,36108000
2020-10-08,73.72932434082031,74.17150115966797,74.40149688720703,73.27249908447266,73.27249908447266,26076000
2020-10-09,75.072265625,75.52249908447266,75.59249877929688,74.3499984741211,74.64299774169922,32966000
2020-10-12,77.76312255859375,78.22949981689453,79.4209976196289,76.46499633789062,76.9000015258789,55344000
2020-10-13,77.88639068603516,78.35350036621094,79.25800323486328,77.93150329589844,78.85050201416016,39072000
2020-10-14,77.70597076416016,78.1719970703125,79.19249725341797,77.29499816894531,78.7300033569336,33174000
2020-10-15,77.3098373413086,77.77349853515625,78.56999969482422,77.05650329589844,77.2249984741211,31210000
2020-10-16,77.91770935058594,78.38500213623047,78.885498046875,77.88300323486328,78.09149932861328,34194000
2020-10-19,76.04145050048828,76.49749755859375,79.19650268554688,76.14600372314453,78.79650115966797,29734000
2020-10-20,77.0916519165039,77.55400085449219,78.69200134277344,76.0250015258789,76.15550231933594,41670000
2020-10-21,78.82674407958984,79.29949951171875,80.75700378417969,78.35700225830078,78.49250030517578,60322000
2020-10-22,79.85408020019531,80.33300018310547,80.6709976196289,78.8740005493164,79.25,30512000
2020-10-23,81.16224670410156,81.64900207519531,81.70600128173828,80.59549713134766,80.75250244140625,30548000
2020-10-26,78.74225616455078,79.2145004272461,81.47899627685547,78.38899993896484,80.75,35826000
2020-10-27,79.46742248535156,79.94400024414062,80.0999984741211,78.84950256347656,79.44650268554688,25902000
2020-10-28,75.08966064453125,75.54000091552734,77.69049835205078,75.42400360107422,77.50050354003906,45174000
2020-10-29,77.37992858886719,77.84400177001953,79.43699645996094,75.82749938964844,75.85099792480469,55406000
2020-10-30,80.32376861572266,80.80549621582031,84.06600189208984,80.07849884033203,83.37200164794922,99878000
2020-11-02,80.7318344116211,81.21600341796875,82.91200256347656,80.71199798583984,81.177001953125,44228000
2020-11-03,81.7924575805664,82.28299713134766,82.94999694824219,80.60549926757812,81.53800201416016,31432000
2020-11-04,86.77210235595703,87.2925033569336,88.50150299072266,85.1500015258789,85.27899932861328,71342000
2020-11-05,87.59963989257812,88.125,89.59100341796875,87.05149841308594,88.52249908447266,39758000
2020-11-06,87.46195983886719,87.98650360107422,88.42500305175781,86.83399963378906,87.56700134277344,28622000
2020-11-09,87.54595184326172,88.07099914550781,90.84449768066406,87.87750244140625,89.79900360107422,53440000
2020-11-10,86.3680191040039,86.88600158691406,87.96900177001953,85.80599975585938,86.4885025024414,43022000
2020-11-11,86.84069061279297,87.36150360107422,88.1449966430664,87.15299987792969,87.41999816894531,31838000
2020-11-12,86.62149810791016,87.14099884033203,88.2490005493164,86.89849853515625,87.0999984741211,26474000
2020-11-13,88.08472442626953,88.61299896240234,88.85649871826172,86.79900360107422,87.4000015258789,29744000
2020-11-16,88.17269897460938,88.70149993896484,89.71700286865234,88.06649780273438,88.20700073242188,25468000
2020-11-17,87.55787658691406,88.08300018310547,88.85700225830078,87.97450256347656,88.39299774169922,21314000
2020-11-18,86.51314544677734,87.03199768066406,88.25,86.92849731445312,87.83200073242188,20108000
2020-11-19,87.40430450439453,87.92849731445312,88.17449951171875,86.5009994506836,86.6614990234375,20106000
2020-11-20,86.30142211914062,86.81900024414062,88.41799926757812,86.75,88.0999984741211,27694000
2020-11-23,85.86304473876953,86.37799835205078,87.29949951171875,85.50900268554688,87.01100158691406,22530000
2020-11-24,87.66921997070312,88.19499969482422,88.3239974975586,86.0364990234375,86.375,27984000
2020-11-25,87.68064880371094,88.20649719238281,88.51899719238281,87.41799926757812,88.3905029296875,19600000
2020-11-27,88.81832122802734,89.35099792480469,89.85050201416016,88.22699737548828,88.22699737548828,14790000
2020-11-30,87.19705200195312,87.72000122070312,89.01699829101562,87.39199829101562,88.78250122070312,32418000
2020-12-01,89.23284149169922,89.76799774169922,91.08599853515625,88.15149688720703,88.33300018310547,37350000
2020-12-02,90.70450592041016,91.24849700927734,91.63700103759766,89.25849914550781,89.76799774169922,29424000
2020-12-03,90.54894256591797,91.09200286865234,92.19149780273438,90.8499984741211,91.0270004272461,24728000
2020-12-04,90.6443862915039,91.18800354003906,91.4749984741211,90.67949676513672,91.01100158691406,20544000
2020-12-07,90.30988311767578,90.85150146484375,91.4645004272461,90.1520004272461,90.77749633789062,22288000
2020-12-08,90.02658081054688,90.56649780273438,90.79850006103516,89.56400299072266,90.4260025024414,19936000
2020-12-09,88.36304473876953,88.89299774169922,91.41850280761719,88.0999984741211,90.51799774169922,31728000
2020-12-10,87.85559844970703,88.38249969482422,88.74949645996094,86.67649841308594,88.12999725341797,28688000
2020-12-11,88.2109603881836,88.73999786376953,88.8655014038086,87.63700103759766,88.0,18628000
2020-12-14,87.09069061279297,87.61299896240234,89.48999786376953,87.45649719238281,88.53600311279297,33050000
2020-12-15,87.52906036376953,88.05400085449219,88.19999694824219,87.08350372314453,87.99299621582031,21352000
2020-12-16,87.33572387695312,87.8594970703125,88.45549774169922,87.4530029296875,88.45549774169922,24676000
2020-12-17,86.50668334960938,87.02549743652344,88.33550262451172,86.55750274658203,88.19650268554688,34880000
2020-12-18,85.79644775390625,86.31099700927734,87.41799926757812,85.75,87.30850219726562,85256000
2020-12-21,86.2109603881836,86.72799682617188,86.8499984741211,84.69999694824219,85.45649719238281,33974000
2020-12-22,85.49823760986328,86.01100158691406,86.63050079345703,85.28900146484375,86.46649932861328,20370000
2020-12-23,85.89634704589844,86.4114990234375,87.20549774169922,86.05999755859375,86.19650268554688,22974000
2020-12-24,86.19107818603516,86.70800018310547,87.12049865722656,86.21749877929688,86.44999694824219,9312000
2020-12-28,88.16921997070312,88.697998046875,89.3499984741211,87.09100341796875,87.24549865722656,27650000
2020-12-29,87.36404418945312,87.88800048828125,89.42350006103516,87.75550079345703,89.36150360107422,19726000
2020-12-30,86.29496002197266,86.8125,88.38800048828125,86.4000015258789,88.25,21026000
2020-12-31,87.10957336425781,87.63200378417969,87.875,86.80449676513672,86.8635025024414,21070000
2021-01-04,85.79198455810547,86.30650329589844,88.12449645996094,85.35700225830078,88.0,37324000
2021-01-05,86.48383331298828,87.00250244140625,87.34149932861328,85.84500122070312,86.25450134277344,20360000
2021-01-06,85.63043975830078,86.14399719238281,87.19850158691406,84.80500030517578,85.01300048828125,46588000
2021-01-07,88.1881103515625,88.71700286865234,88.89099884033203,86.33799743652344,86.33799743652344,41936000
2021-01-08,89.3556137084961,89.8915023803711,89.96800231933594,88.06099700927734,88.85800170898438,35484000
2021-01-11,87.2909927368164,87.81449890136719,89.21900177001953,87.60700225830078,88.85099792480469,34796000
2021-01-12,86.35360717773438,86.87149810791016,88.3949966430664,85.81900024414062,87.26799774169922,29528000
2021-01-13,86.84169006347656,87.36250305175781,87.81950378417969,86.36599731445312,86.36599731445312,23432000
2021-01-14,86.03004455566406,86.5459976196289,88.37750244140625,86.30349731445312,87.44349670410156,29212000
2021-01-15,85.86602783203125,86.38099670410156,87.38099670410156,85.58550262451172,86.45099639892578,31444000
2021-01-19,88.69158935546875,89.22350311279297,90.19200134277344,86.6415023803711,87.1500015258789,41660000
2021-01-20,93.44308471679688,94.00350189208984,94.98600006103516,90.97550201416016,91.31849670410156,64152000
2021-01-21,93.6458740234375,94.2074966430664,96.60399627685547,93.97049713134766,94.68250274658203,58634000
2021-01-22,94.0638656616211,94.62799835205078,95.21949768066406,93.82499694824219,94.572998046875,32744000
2021-01-25,94.14935302734375,94.71399688720703,96.09100341796875,92.95800018310547,95.63700103759766,50586000
2021-01-26,94.82878112792969,95.39749908447266,95.7874984741211,93.80650329589844,94.29949951171875,31462000
2021-01-27,90.4048080444336,90.9469985961914,94.02349853515625,89.86399841308594,93.74549865722656,82512000
2021-01-28,92.10760498046875,92.66000366210938,94.39949798583984,91.55000305175781,91.55000305175781,55278000
2021-01-29,90.82329559326172,91.36799621582031,92.37699890136719,90.0780029296875,91.70099639892578,44530000
2021-02-01,94.08921813964844,94.65350341796875,95.7770004272461,92.22949981689453,92.22949981689453,40252000
2021-02-02,95.38394927978516,95.95600128173828,97.46849822998047,95.31849670410156,95.65650177001953,66332000
2021-02-03,102.3302993774414,102.94400024414062,105.33100128173828,100.67749786376953,103.28050231933594,97882000
2021-02-04,102.06936645507812,102.68150329589844,103.46499633789062,101.75499725341797,103.03099822998047,48596000
2021-02-05,103.81886291503906,104.44149780273438,104.7969970703125,102.5,102.97799682617188,29866000
2021-02-08,103.60464477539062,104.22599792480469,105.75,103.1675033569336,105.0,28828000
2021-02-09,103.15087127685547,103.76950073242188,104.92549896240234,103.5,103.73999786376953,21892000
2021-02-10,103.70206451416016,104.3239974975586,104.94400024414062,102.61199951171875,104.15699768066406,25102000
2021-02-11,103.81488037109375,104.4375,104.69999694824219,103.44300079345703,104.55000305175781,20480000
2021-02-12,104.12702178955078,104.75150299072266,104.9749984741211,103.67849731445312,103.9885025024414,18990000
2021-02-16,104.90585327148438,105.53500366210938,107.25700378417969,104.5875015258789,104.5875015258789,31004000
2021-02-17,105.29947662353516,105.93099975585938,106.12200164794922,104.4175033569336,104.6989974975586,20294000
2021-02-18,104.66278839111328,105.29049682617188,106.09950256347656,104.66649627685547,105.25,22546000
2021-02-19,103.81786346435547,104.44049835205078,105.92900085449219,104.17150115966797,105.3895034790039,37938000
2021-02-22,102.10066223144531,102.71299743652344,104.0165023803711,102.4000015258789,102.68000030517578,29466000
2021-02-23,102.39190673828125,103.00599670410156,103.625,99.5114974975586,100.69950103759766,34658000
2021-02-24,103.5693588256836,104.19049835205078,104.41600036621094,101.37650299072266,101.50199890136719,22608000
2021-02-25,100.19658660888672,100.79750061035156,104.1500015258789,100.32450103759766,102.79650115966797,41548000
2021-02-26,100.49281311035156,101.09549713134766,102.82599639892578,100.05049896240234,101.49749755859375,40042000
2021-03-01,102.86608123779297,103.48300170898438,103.8115005493164,101.72100067138672,102.4000015258789,26060000
2021-03-02,102.60862731933594,103.2239990234375,104.73699951171875,102.83350372314453,103.24199676513672,25564000
2021-03-03,99.970947265625,100.57050323486328,103.79949951171875,99.69999694824219,102.59750366210938,33892000
2021-03-04,101.0902328491211,101.69650268554688,103.72949981689453,100.27149963378906,100.74349975585938,49216000
2021-03-05,104.22840118408203,104.85350036621094,105.30999755859375,101.38899993896484,103.05750274658203,53100000
2021-03-08,99.77660369873047,100.375,105.68699645996094,100.2594985961914,104.2030029296875,36868000
2021-03-09,101.4098129272461,102.01799774169922,103.19599914550781,101.77999877929688,102.48750305175781,33920000
2021-03-10,101.20255279541016,101.80950164794922,103.06999969482422,100.96649932861328,103.06999969482422,27100000
2021-03-11,104.40087127685547,105.0270004272461,105.5634994506836,102.82250213623047,102.91100311279297,27702000
2021-03-12,101.88893127441406,102.5,103.88050079345703,101.62100219726562,103.82050323486328,33818000
2021-03-15,102.109619140625,102.72200012207031,102.74949645996094,101.3895034790039,102.2490005493164,26168000
2021-03-16,103.5733413696289,104.19450378417969,105.68399810791016,102.9645004272461,103.29949951171875,31900000
2021-03-17,103.49032592773438,104.11100006103516,104.94999694824219,102.20600128173828,103.42350006103516,26382000
2021-03-18,100.46448516845703,101.06700134277344,103.4375,100.95899963378906,102.40899658203125,31700000
2021-03-19,100.74380493164062,101.3479995727539,101.85199737548828,100.14649963378906,101.48650360107422,46072000
2021-03-22,100.92919921875,101.53450012207031,102.41699981689453,100.69999694824219,101.38150024414062,33536000
2021-03-23,101.45802307128906,102.06649780273438,103.20549774169922,101.4000015258789,101.99749755859375,28510000
2021-03-24,101.02064514160156,101.62650299072266,103.37999725341797,101.44999694824219,102.58799743652344,25218000
2021-03-25,101.01717376708984,101.62300109863281,102.28199768066406,99.80449676513672,101.45249938964844,35616000
2021-03-26,100.63297271728516,101.23650360107422,101.96949768066406,100.19249725341797,101.5895004272461,27978000
2021-03-29,101.6796875,102.28949737548828,102.46050262451172,100.27249908447266,101.10800170898438,26492000
2021-03-30,101.71349334716797,102.32350158691406,103.13349914550781,101.80750274658203,102.64900207519531,27312000
2021-03-31,102.51119995117188,103.1259994506836,104.31300354003906,102.3499984741211,102.72000122070312,42570000
2021-04-01,105.85415649414062,106.48899841308594,106.7874984741211,104.57150268554688,104.61250305175781,39880000
2021-04-05,110.28656768798828,110.947998046875,111.44950103759766,107.260498046875,107.35749816894531,48510000
2021-04-06,109.80445861816406,110.46299743652344,111.4000015258789,110.0895004272461,110.5459976196289,35240000
2021-04-07,111.28408813476562,111.95149993896484,112.2249984741211,110.65499877929688,110.65499877929688,24134000
2021-04-08,111.85069274902344,112.52149963378906,113.5895004272461,112.15049743652344,113.19999694824219,28664000
2021-04-09,112.85665893554688,113.53350067138672,113.69850158691406,111.86299896240234,112.27200317382812,26146000
2021-04-12,111.56192779541016,112.23100280761719,112.84449768066406,111.39099884033203,112.70600128173828,25024000
2021-04-13,112.04949951171875,112.72149658203125,113.17350006103516,112.15249633789062,112.54949951171875,25682000
2021-04-14,111.42723083496094,112.09549713134766,113.37149810791016,111.8010025024414,113.37149810791016,21002000
2021-04-15,113.58130645751953,114.26249694824219,114.80000305175781,112.55850219726562,113.09750366210938,29174000
2021-04-16,113.45706176757812,114.13749694824219,114.71199798583984,113.5459976196289,114.46199798583984,26282000
2021-04-19,113.80546569824219,114.48799896240234,115.20449829101562,113.50900268554688,113.50900268554688,30290000
2021-04-20,113.27117919921875,113.95050048828125,114.94999694824219,112.85600280761719,114.87449645996094,22288000
2021-04-21,113.2383804321289,113.9175033569336,114.0,112.24099731445312,113.60250091552734,23204000
2021-04-22,111.9545669555664,112.6259994506836,114.44400024414062,112.01599884033203,113.7699966430664,24146000
2021-04-23,114.3109359741211,114.99649810791016,115.30599975585938,113.0625,113.3499984741211,29066000
2021-04-26,114.8079605102539,115.49649810791016,116.22650146484375,114.86599731445312,115.22599792480469,32038000
2021-04-27,113.8661117553711,114.54900360107422,115.92250061035156,114.30799865722656,115.88150024414062,44386000
2021-04-28,117.24882507324219,117.9520034790039,121.56900024414062,117.66100311279297,119.625,81106000
2021-04-29,118.92476654052734,119.63800048828125,120.20800018310547,118.69249725341797,119.46150207519531,41234000
2021-04-30,116.97346496582031,117.67500305175781,119.09249877929688,117.3280029296875,118.4010009765625,44856000
2021-05-03,116.45557403564453,117.15399932861328,119.07749938964844,116.7750015258789,118.24549865722656,28242000
2021-05-04,114.65387725830078,115.34149932861328,116.24949645996094,112.83399963378906,115.67749786376953,44818000
2021-05-05,115.04851531982422,115.7385025024414,116.75,115.41400146484375,116.43150329589844,26636000
2021-05-06,116.17078399658203,116.86750030517578,116.86750030517578,114.6520004272461,115.31649780273438,25190000
2021-05-07,116.89543151855469,117.59649658203125,118.5625,117.30799865722656,118.19450378417969,28898000
2021-05-10,113.90438079833984,114.5875015258789,116.55000305175781,114.22699737548828,116.40699768066406,30914000
2021-05-11,112.82633972167969,113.50299835205078,114.01399993896484,111.69599914550781,112.15350341796875,34186000
2021-05-12,109.35665130615234,110.01249694824219,112.39900207519531,109.68099975585938,111.30950164794922,46376000
2021-05-13,110.7875747680664,111.4520034790039,111.97200012207031,110.33599853515625,111.30599975585938,33204000
2021-05-14,113.23986053466797,113.91899871826172,114.23600006103516,112.5,112.927001953125,31996000
2021-05-17,113.76371765136719,114.44599914550781,114.48899841308594,112.77549743652344,113.17849731445312,21598000
2021-05-18,112.4490966796875,113.12349700927734,115.38400268554688,113.1094970703125,115.11750030517578,22204000
2021-05-19,112.89790344238281,113.57499694824219,113.74949645996094,111.27200317382812,111.42150115966797,23684000
2021-05-20,114.65985107421875,115.34750366210938,115.5999984741211,114.1760025024414,114.55000305175781,32352000
2021-05-21,114.02266693115234,114.70649719238281,115.94450378417969,114.46499633789062,115.87049865722656,40632000
2021-05-24,117.34822845458984,118.052001953125,118.27749633789062,115.5979995727539,115.74449920654297,31832000
2021-05-25,117.43917083740234,118.14350128173828,119.19999694824219,117.75,118.5999984741211,22440000
2021-05-26,118.30598449707031,119.0155029296875,119.44950103759766,118.322998046875,118.32599639892578,21572000
2021-05-27,117.42973327636719,118.13400268554688,119.45249938964844,117.81300354003906,119.45249938964844,35224000
2021-05-28,117.13996887207031,117.84249877929688,118.80349731445312,117.64250183105469,118.72100067138672,21482000
2021-06-01,118.3492202758789,119.05899810791016,119.2854995727539,117.71399688720703,118.72200012207031,23354000
2021-06-02,117.82288360595703,118.52950286865234,119.68199920654297,117.61799621582031,119.4574966430664,21158000
2021-06-03,116.67922973632812,117.37899780273438,117.85099792480469,116.47599792480469,117.2864990234375,18696000
2021-06-04,118.96502685546875,119.67849731445312,119.95149993896484,118.12049865722656,118.4635009765625,24458000
2021-06-07,119.39891052246094,120.11499786376953,120.22550201416016,119.05000305175781,119.47200012207031,24120000
2021-06-08,119.20706939697266,119.9219970703125,120.97599792480469,119.73899841308594,120.60050201416016,24240000
2021-06-09,119.67925262451172,120.39700317382812,120.64399719238281,119.84500122070312,120.57150268554688,17942000
2021-06-10,121.0306396484375,121.75650024414062,121.80000305175781,120.18900299072266,120.34600067138672,25904000
2021-06-11,120.78561401367188,121.51000213623047,122.08599853515625,120.947998046875,122.0,21958000
2021-06-14,121.71553802490234,122.44550323486328,122.44599914550781,120.9000015258789,121.61299896240234,22098000
2021-06-15,120.69564819335938,121.41950225830078,122.77549743652344,121.05599975585938,122.44999694824219,21562000
2021-06-16,120.05249786376953,120.77249908447266,121.88600158691406,119.47000122070312,121.5719985961914,26472000
2021-06-17,121.01771545410156,121.74349975585938,122.52249908447266,120.5,120.69750213623047,25842000
2021-06-18,119.39495086669922,120.11100006103516,121.60299682617188,120.01499938964844,121.36699676513672,46116000
2021-06-21,121.0863037109375,121.8125,122.0,119.89849853515625,120.50050354003906,27414000
2021-06-22,121.60121154785156,122.33049774169922,122.4000015258789,121.06400299072266,121.75,22390000
2021-06-23,121.39892578125,122.12699890136719,123.09549713134766,121.83450317382812,122.09349822998047,19148000
2021-06-24,121.76969909667969,122.5,123.05549621582031,122.30000305175781,122.69999694824219,21362000
2021-06-25,121.77815246582031,122.50849914550781,122.63300323486328,121.56500244140625,122.0,34594000
2021-06-28,121.80549621582031,122.53600311279297,122.78500366210938,121.40550231933594,122.67849731445312,28526000
2021-06-29,121.5435562133789,122.27249908447266,123.02100372314453,121.69100189208984,122.67050170898438,23108000
2021-06-30,121.36164855957031,122.0895004272461,122.25700378417969,121.35449981689453,121.99449920654297,24474000
2021-07-01,121.71454620361328,122.44450378417969,122.58699798583984,121.53150177001953,121.7249984741211,18110000
2021-07-02,124.51077270507812,125.25749969482422,125.40399932861328,123.05950164794922,123.1500015258789,25982000
2021-07-06,125.43771362304688,126.19000244140625,126.4280014038086,124.5824966430664,125.64849853515625,26404000
2021-07-07,125.72001647949219,126.4739990234375,127.28399658203125,126.15299987792969,127.16200256347656,24060000
2021-07-08,124.29854583740234,125.04399871826172,125.59549713134766,124.02200317382812,124.0260009765625,23790000
2021-07-09,124.77021026611328,125.51850128173828,125.7344970703125,124.55149841308594,125.0250015258789,18632000
2021-07-12,126.2185287475586,126.97550201416016,127.06950378417969,125.61100006103516,126.1780014038086,17668000
2021-07-13,126.58234405517578,127.34149932861328,128.0574951171875,126.67449951171875,127.03849792480469,19240000
2021-07-14,127.47249603271484,128.23699951171875,129.32650756835938,127.91449737548828,127.95800018310547,23742000
2021-07-15,126.24784088134766,127.00499725341797,128.6999969482422,126.52999877929688,128.6490020751953,24218000
2021-07-16,126.21305847167969,126.97000122070312,127.8115005493164,126.15350341796875,127.66300201416016,20424000
2021-07-19,123.83531951904297,124.5780029296875,126.20500183105469,123.50499725341797,126.0895004272461,27968000
2021-07-20,125.45710754394531,126.20950317382812,127.04299926757812,124.35050201416016,125.52749633789062,26312000
2021-07-21,126.78861236572266,127.54900360107422,127.59600067138672,126.02349853515625,126.13349914550781,20746000
2021-07-22,127.65589141845703,128.42149353027344,128.48300170898438,127.4990005493164,127.84400177001953,14302000
2021-07-23,132.22203063964844,133.01499938964844,133.3990020751953,129.80050659179688,130.4304962158203,41506000
2021-07-26,133.23593139648438,134.03500366210938,134.23699951171875,132.30149841308594,133.32850646972656,30572000
2021-07-27,131.11366271972656,131.89999389648438,134.3990020751953,130.10400390625,134.25050354003906,54710000
2021-07-28,135.28265380859375,136.093994140625,138.2969970703125,135.27749633789062,136.31199645996094,95130000
2021-07-29,134.9680633544922,135.77749633789062,136.66099548339844,135.54299926757812,136.14999389648438,31716000
2021-07-30,133.92332458496094,134.72650146484375,135.30450439453125,134.2550048828125,135.03500366210938,25576000
2021-08-02,134.0505828857422,134.85450744628906,135.3365020751953,133.79400634765625,135.11700439453125,21634000
2021-08-03,134.82144165039062,135.6300048828125,135.73199462890625,133.3195037841797,135.13499450683594,20762000
2021-08-04,134.31993103027344,135.12550354003906,135.64950561523438,134.48699951171875,135.34950256347656,19676000
2021-08-05,135.439208984375,136.25149536132812,136.35000610351562,134.8459930419922,135.6804962158203,17870000
2021-08-06,134.9292755126953,135.73849487304688,136.47250366210938,135.2100067138672,136.04200744628906,20488000
2021-08-09,136.09678649902344,136.91299438476562,137.1840057373047,135.33949279785156,135.9425048828125,17760000
2021-08-10,135.99142456054688,136.8070068359375,137.7725067138672,136.364501953125,137.3419952392578,19414000
2021-08-11,135.466552734375,136.2790069580078,137.6824951171875,136.27149963378906,137.18150329589844,15352000
2021-08-12,136.37611389160156,137.19400024414062,137.3000030517578,135.42550659179688,135.97549438476562,16506000
2021-08-13,136.9064178466797,137.7274932861328,137.85650634765625,137.0330047607422,137.25,15948000
2021-08-16,137.48497009277344,138.3094940185547,138.3625030517578,135.2989959716797,137.52499389648438,22384000
2021-08-17,135.84678649902344,136.6614990234375,138.2655029296875,136.08200073242188,137.75,21716000
2021-08-18,134.6415252685547,135.44900512695312,137.10450744628906,135.32150268554688,136.5,19258000
2021-08-19,134.87110900878906,135.67999267578125,136.3524932861328,134.25,134.4355010986328,21782000
2021-08-20,136.61021423339844,137.42950439453125,137.5540008544922,135.25,136.0,31194000
2021-08-23,139.20663452148438,140.04150390625,140.87449645996094,137.6074981689453,137.96949768066406,28454000
2021-08-24,140.41937255859375,141.26150512695312,142.0800018310547,140.3385009765625,140.6114959716797,19268000
2021-08-25,141.2319793701172,142.07899475097656,142.1894989013672,141.37600708007812,141.625,15848000
2021-08-26,140.5972900390625,141.4405059814453,142.41749572753906,141.35699462890625,141.75,20610000
2021-08-27,143.1455078125,144.00399780273438,144.5124969482422,141.4969940185547,141.65249633789062,28780000
2021-08-30,143.728515625,144.5904998779297,145.9705047607422,144.16299438476562,144.39999389648438,24434000
2021-08-31,143.83485412597656,144.69749450683594,145.17149353027344,144.281005859375,145.14700317382812,22448000
2021-09-01,144.3497772216797,145.2154998779297,146.25399780273438,144.8834991455078,145.0,21936000
2021-09-02,142.4327850341797,143.28700256347656,145.51950073242188,143.18499755859375,145.21600341796875,32342000
2021-09-03,142.88258361816406,143.739501953125,144.15499877929688,142.40049743652344,143.08050537109375,19850000
2021-09-07,143.42037963867188,144.28050231933594,144.56500244140625,143.61900329589844,143.83450317382812,20124000
2021-09-08,142.83438110351562,143.6909942626953,144.39999389648438,143.0,144.10000610351562,18344000
2021-09-09,142.68527221679688,143.54100036621094,144.3105010986328,143.17750549316406,143.8404998779297,15314000
2021-09-10,140.03616333007812,140.87600708007812,144.718505859375,140.73800659179688,144.21249389648438,36840000
2021-09-13,141.48397827148438,142.33250427246094,142.9499969482422,141.25,141.94949340820312,22094000
2021-09-14,141.6947021484375,142.54449462890625,143.36300659179688,141.75,142.99549865722656,19674000
2021-09-15,143.56846618652344,144.42950439453125,144.45050048828125,141.34750366210938,142.77149963378906,27408000
2021-09-16,142.7538604736328,143.61000061035156,144.3000030517578,142.40150451660156,143.95050048828125,26190000
2021-09-17,139.9606170654297,140.8000030517578,143.4499969482422,140.47000122070312,143.03050231933594,53384000
2021-09-20,137.8925018310547,138.71949768066406,139.0,136.32200622558594,138.1614990234375,46518000
2021-09-21,138.2041473388672,139.0330047607422,140.01150512695312,138.2779998779297,139.74949645996094,25332000
2021-09-22,139.44717407226562,140.2834930419922,140.88699340820312,138.55149841308594,139.3040008544922,25056000
2021-09-23,140.37413024902344,141.21600341796875,141.69650268554688,140.40150451660156,140.9875030517578,20952000
2021-09-24,141.36717224121094,142.21499633789062,142.33050537109375,140.24099731445312,140.5384979248047,22984000
2021-09-27,140.2310028076172,141.07200622558594,141.93850708007812,140.0675048828125,140.80450439453125,21882000
2021-09-28,135.02024841308594,135.8300018310547,139.09649658203125,135.36000061035156,138.65499877929688,45772000
2021-09-29,133.5525360107422,134.35350036621094,137.1510009765625,133.86500549316406,136.97999572753906,30848000
2021-09-30,132.8790740966797,133.67599487304688,135.54249572753906,133.55599975585938,134.26150512695312,37996000
2021-10-01,135.72898864746094,136.54299926757812,136.91050720214844,134.072998046875,134.44749450683594,35360000
2021-10-04,132.8626708984375,133.6595001220703,135.9604949951172,131.0500030517578,135.9604949951172,51202000
2021-10-05,135.2120819091797,136.0229949951172,137.22450256347656,134.04100036621094,134.04100036621094,32404000
2021-10-06,136.74490356445312,137.56500244140625,137.75,134.5500030517578,134.75,24364000
2021-10-07,138.39500427246094,139.22500610351562,140.04200744628906,138.6510009765625,138.89199829101562,25110000
2021-10-08,138.95216369628906,139.78550720214844,140.33099365234375,139.21749877929688,139.57699584960938,26526000
2021-10-11,138.08584594726562,138.91400146484375,140.71200561523438,138.85899353027344,139.29200744628906,17954000
2021-10-12,135.63555908203125,136.44900512695312,139.5070037841797,135.75999450683594,139.47999572753906,36332000
2021-10-13,136.76177978515625,137.58200073242188,138.0,136.5189971923828,137.40249633789062,19654000
2021-10-14,140.30950927734375,141.1510009765625,141.33749389648438,138.8249969482422,139.4739990234375,31894000
2021-10-15,140.5252227783203,141.3679962158203,141.71800231933594,140.7550048828125,141.614501953125,30274000
2021-10-18,141.9268341064453,142.7779998779297,142.79600524902344,141.0695037841797,141.07650756835938,20396000
2021-10-19,142.38308715820312,143.23699951171875,143.66250610351562,142.60000610351562,143.3874969482422,20164000
2021-10-20,140.923828125,141.7689971923828,143.54600524902344,141.37649536132812,143.33799743652344,23288000
2021-10-21,141.04013061523438,141.88600158691406,142.156005859375,140.5,141.7689971923828,26292000
2021-10-22,136.7463836669922,137.56649780273438,140.58299255371094,136.05599975585938,139.14999389648438,50588000
2021-10-25,136.6276092529297,137.44700622558594,138.0,135.4239959716797,137.5500030517578,34412000
2021-10-26,138.47801208496094,139.30850219726562,140.08299255371094,138.30450439453125,139.2635040283203,49236000
2021-10-27,145.34579467773438,146.21749877929688,148.64999389648438,139.40499877929688,139.40499877929688,85782000
2021-10-28,144.97950744628906,145.8489990234375,147.1580047607422,144.6269989013672,147.13450622558594,36206000
2021-10-29,147.1634063720703,148.04600524902344,148.24200439453125,144.64950561523438,145.0780029296875,43320000
2021-11-01,142.64151000976562,143.4969940185547,148.04600524902344,143.22549438476562,148.04600524902344,46924000
2021-11-02,144.5654754638672,145.4324951171875,146.60899353027344,144.3354949951172,144.57949829101562,33482000
2021-11-03,145.7240447998047,146.59800720214844,146.66900634765625,144.59100341796875,145.90049743652344,27494000
2021-11-04,147.3835906982422,148.2675018310547,149.73350524902344,146.30799865722656,147.12449645996094,38412000
2021-11-05,147.96463012695312,148.8520050048828,150.32749938964844,148.19700622558594,149.16949462890625,38354000
2021-11-08,148.1425323486328,149.031005859375,150.61500549316406,148.4304962158203,149.8249969482422,23052000
2021-11-09,148.03073120117188,148.9185028076172,149.83450317382812,147.2449951171875,149.23300170898438,19530000
2021-11-10,145.02374267578125,145.89349365234375,148.07000732421875,144.53750610351562,147.5,29970000
2021-11-11,144.89749145507812,145.76649475097656,147.53550720214844,145.60049438476562,146.489501953125,16518000
2021-11-12,147.79165649414062,148.67799377441406,148.85000610351562,145.41099548339844,146.61549377441406,22360000
2021-11-15,147.56700134277344,148.45199584960938,149.54949951171875,147.5749969482422,148.90049743652344,23508000
2021-11-16,146.9944305419922,147.87600708007812,148.7624969482422,147.3125,148.14950561523438,18904000
2021-11-17,147.16439819335938,148.0469970703125,148.5594940185547,147.24000549316406,148.02749633789062,19594000
2021-11-18,148.94522094726562,149.8385009765625,150.58050537109375,147.88450622558594,148.2415008544922,35608000
2021-11-19,148.0386505126953,148.92649841308594,150.9665069580078,148.8990020751953,149.97549438476562,33682000
2021-11-22,145.4298095703125,146.302001953125,149.82949829101562,146.1475067138672,149.33250427246094,30594000
2021-11-23,144.9129180908203,145.78199768066406,146.66000366210938,144.11500549316406,146.1529998779297,27218000
2021-11-24,145.2489013671875,146.1199951171875,146.24949645996094,144.3730010986328,145.47349548339844,18040000
2021-11-26,141.33535766601562,142.18299865722656,144.5574951171875,141.84249877929688,144.34849548339844,30470000
2021-11-29,144.66290283203125,145.53050231933594,146.29750061035156,143.89349365234375,144.0,32596000
2021-11-30,141.05157470703125,141.8975067138672,146.0,141.60150146484375,145.0084991455078,42068000
2021-12-01,140.21060180664062,141.05149841308594,145.95050048828125,140.91200256347656,144.0,34020000
2021-12-02,142.11367797851562,142.96600341796875,143.864501953125,140.21449279785156,141.25,29194000
2021-12-03,141.1549530029297,142.00149536132812,144.39999389648438,140.30099487304688,143.68099975585938,41230000
2021-12-06,142.3015594482422,143.15499877929688,143.8524932861328,140.14999389648438,143.04049682617188,30618000
2021-12-07,146.3915252685547,147.26950073242188,147.531005859375,145.2274932861328,145.59649658203125,32240000
2021-12-08,147.30308532714844,148.18649291992188,148.39300537109375,146.406005859375,147.59649658203125,24270000
2021-12-09,146.7583465576172,147.6385040283203,149.10000610351562,147.11500549316406,147.59100341796875,23270000
2021-12-10,147.11917114257812,148.00149536132812,148.9774932861328,146.70399475097656,148.6999969482422,24458000
2021-12-13,144.9571533203125,145.82650756835938,147.97000122070312,145.5175018310547,147.781494140625,27070000
2021-12-14,143.04910278320312,143.90699768066406,144.47999572753906,141.21499633789062,143.96800231933594,38446000
2021-12-15,145.56797790527344,146.4409942626953,146.7209930419922,141.67799377441406,143.40899658203125,36370000
2021-12-16,143.58387756347656,144.44500732421875,147.677001953125,143.60699462890625,147.17050170898438,33650000
2021-12-17,140.88011169433594,141.72500610351562,143.83450317382812,141.3000030517578,142.5,50416000
2021-12-20,140.76278686523438,141.60699462890625,141.77450561523438,139.3209991455078,140.0,27192000
2021-12-21,142.61717224121094,143.47250366210938,143.86900329589844,140.50250244140625,142.05349731445312,28756000
2021-12-22,145.54212951660156,146.4149932861328,146.5,143.0675048828125,143.0675048828125,26322000
2021-12-23,146.0406494140625,146.91650390625,148.24349975585938,146.45199584960938,146.5,26384000
2021-12-27,147.02474975585938,147.906494140625,148.343994140625,147.16949462890625,147.25599670410156,15976000
2021-12-28,145.8125,146.68699645996094,148.2989959716797,146.05450439453125,148.23599243164062,18200000
2021-12-29,145.78070068359375,146.65499877929688,147.41700744628906,145.6475067138672,146.64450073242188,17788000
2021-12-30,145.3289337158203,146.20050048828125,147.3000030517578,145.9945068359375,146.69400024414062,15688000
2021-12-31,143.98846435546875,144.8520050048828,146.69850158691406,144.8520050048828,146.0500030517578,18136000
2022-01-03,144.12710571289062,144.9915008544922,145.8509979248047,143.71299743652344,145.05499267578125,28646000
2022-01-04,143.53866577148438,144.39950561523438,146.48500061035156,143.7165069580078,145.39599609375,28400000
2022-01-05,136.95364379882812,137.77499389648438,144.49949645996094,137.68800354003906,144.4199981689453,54618000
2022-01-06,136.92630004882812,137.74749755859375,139.94000244140625,136.55850219726562,136.99850463867188,37348000
2022-01-07,136.20018005371094,137.01699829101562,138.44850158691406,135.76649475097656,138.14549255371094,29760000
2022-01-10,137.8428192138672,138.66949462890625,138.8195037841797,133.1645050048828,135.0780029296875,44408000
2022-01-11,138.9029541015625,139.73599243164062,140.21600341796875,136.6925048828125,138.0070037841797,28730000
2022-01-12,140.58734130859375,141.4304962158203,142.60800170898438,140.6945037841797,141.14999389648438,26108000
2022-01-13,137.7608184814453,138.58700561523438,142.85000610351562,138.40899658203125,141.5399932861328,31436000
2022-01-14,138.64898681640625,139.48049926757812,140.74200439453125,136.99850463867188,137.07899475097656,29662000
2022-01-18,135.18724060058594,135.9980010986328,137.13150024414062,135.43850708007812,136.1750030517578,34872000
2022-01-19,134.3109893798828,135.1165008544922,137.95950317382812,135.0155029296875,136.52349853515625,28648000
2022-01-20,132.5127716064453,133.3074951171875,137.62600708007812,132.96449279785156,136.25,29908000
2022-01-21,129.57440185546875,130.35150146484375,134.86549377441406,130.0865020751953,132.593505859375,55652000
2022-01-24,130.02420043945312,130.8040008544922,131.2030029296875,124.5,125.97799682617188,76622000
2022-01-25,126.17826080322266,126.93499755859375,129.3990020751953,126.50050354003906,128.74000549316406,46960000
2022-01-26,128.46255493164062,129.23300170898438,133.0,127.14199829101562,131.11900329589844,49130000
2022-01-27,128.23594665527344,129.0050048828125,132.65249633789062,128.9324951171875,131.3040008544922,31950000
2022-01-28,132.5560302734375,133.3509979248047,133.35650634765625,128.48500061035156,129.65899658203125,34362000
2022-01-31,134.4968719482422,135.30349731445312,135.47300720214844,132.20950317382812,134.16200256347656,39986000
2022-02-01,136.8234100341797,137.6439971923828,137.79299926757812,134.36849975585938,137.59449768066406,68644000
2022-02-02,147.11769104003906,148.0,151.54649353027344,145.5225067138672,151.25,123200000
2022-02-03,142.23695373535156,143.08999633789062,149.6750030517578,142.66549682617188,145.70550537109375,71518000
2022-02-04,142.43875122070312,143.29299926757812,144.875,140.51499938964844,143.4445037841797,57998000
2022-02-07,138.37115478515625,139.2010040283203,144.25,138.89999389648438,144.25,54974000
2022-02-08,138.56797790527344,139.3990020751953,140.0,137.01400756835938,139.02650451660156,54284000
2022-02-09,140.74789428710938,141.5919952392578,142.52450561523438,140.18699645996094,140.9635009765625,40144000
2022-02-10,137.79359436035156,138.6199951171875,141.4844970703125,137.95700073242188,139.70350646972656,39330000
2022-02-11,133.4819793701172,134.28250122070312,139.156494140625,133.39999389648438,138.60000610351562,39958000
2022-02-14,134.7180633544922,135.5260009765625,136.3000030517578,133.25650024414062,133.25650024414062,34302000
2022-02-15,135.7941131591797,136.60850524902344,138.10850524902344,135.82150268554688,137.57049560546875,26680000
2022-02-16,136.9168701171875,137.73800659179688,138.08599853515625,134.9239959716797,136.64649963378906,25022000
2022-02-17,131.7488555908203,132.53900146484375,137.11349487304688,132.47850036621094,136.2429962158203,38950000
2022-02-18,129.62557983398438,130.4029998779297,134.07000732421875,130.19650268554688,133.4669952392578,45620000
2022-02-22,129.03961181640625,129.81350708007812,132.1804962158203,128.22349548339844,129.83799743652344,44990000
2022-02-23,126.8273696899414,127.58799743652344,132.05099487304688,127.52749633789062,131.64849853515625,32786000
2022-02-24,131.89993286132812,132.6909942626953,133.0,124.95349884033203,124.95349884033203,54456000
2022-02-25,133.6579132080078,134.45950317382812,135.27149963378906,131.75149536132812,133.552001953125,36406000
2022-02-28,134.25186157226562,135.0570068359375,135.75149536132812,132.59249877929688,133.0500030517578,38864000
2022-03-01,133.26226806640625,134.06149291992188,136.2554931640625,133.218505859375,134.8784942626953,26496000
2022-03-02,133.7692413330078,134.57150268554688,135.2624969482422,133.07150268554688,134.6280059814453,23520000
2022-03-03,133.1012420654297,133.89950561523438,136.4394989013672,133.02549743652344,136.00999450683594,24604000
2022-03-04,131.12010192871094,131.906494140625,133.85150146484375,130.33749389648438,132.92750549316406,30430000
2022-03-07,125.62508392333984,126.37850189208984,131.73500061035156,126.29499816894531,131.48800659179688,45112000
2022-03-08,126.34674835205078,127.10449981689453,131.25,125.67449951171875,126.25,40428000
2022-03-09,132.62460327148438,133.4199981689453,133.73550415039062,129.90049743652344,131.25,37026000
2022-03-10,131.6400146484375,132.42950439453125,133.27200317382812,130.91250610351562,131.26600646972656,27102000
2022-03-11,129.09625244140625,129.87049865722656,133.79550170898438,129.63150024414062,133.48849487304688,31526000
2022-03-14,125.20011901855469,125.95099639892578,130.40899658203125,125.2750015258789,130.25,38812000
2022-03-15,128.4277801513672,129.197998046875,129.85450744628906,125.72049713134766,126.97599792480469,30920000
2022-03-16,132.48594665527344,133.28050231933594,133.33299255371094,128.7344970703125,130.73300170898438,35576000
2022-03-17,133.04110717773438,133.83900451660156,134.08050537109375,132.18499755859375,133.1490020751953,28264000
2022-03-18,135.31398010253906,136.12550354003906,136.24400329589844,132.2584991455078,133.42449951171875,44566000
2022-03-21,135.29013061523438,136.10150146484375,137.0500030517578,134.09249877929688,136.1634979248047,26832000
2022-03-22,139.03416442871094,139.8679962158203,141.0500030517578,136.10150146484375,136.10150146484375,35496000
2022-03-23,137.45114135742188,138.27549743652344,139.5885009765625,137.8350067138672,138.70249938964844,25154000
2022-03-24,140.72801208496094,141.57200622558594,141.61900329589844,137.75050354003906,139.1999969482422,26396000
2022-03-25,140.82839965820312,141.67300415039062,142.03500366210938,139.7375030517578,141.91600036621094,24126000
2022-03-28,140.61221313476562,141.45550537109375,142.00250244140625,139.81149291992188,140.90049743652344,35050000
2022-03-29,141.6559295654297,142.5054931640625,143.7935028076172,142.0384979248047,142.6475067138672,34318000
2022-03-30,141.0923309326172,141.93850708007812,142.7205047607422,141.60000610351562,142.4600067138672,19884000
2022-03-31,138.2384490966797,139.0675048828125,142.10800170898438,139.02450561523438,142.05299377441406,37524000
2022-04-01,139.31497192382812,140.15049743652344,140.4709930419922,138.3074951171875,139.5,25942000
2022-04-04,142.11917114257812,142.97149658203125,143.71200561523438,140.3105010986328,140.35850524902344,25942000
2022-04-05,139.75286865234375,140.59100341796875,142.99049377441406,140.38250732421875,142.86900329589844,21418000
2022-04-06,135.7339630126953,136.54800415039062,139.36050415039062,135.51699829101562,138.75,32468000
2022-04-07,135.07839965820312,135.8885040283203,137.1645050048828,134.2274932861328,136.00999450683594,26234000
2022-04-08,132.49288940429688,133.28750610351562,135.6699981689453,132.9654998779297,135.58349609375,25142000
2022-04-11,128.05551147460938,128.82350158691406,132.09249877929688,128.6685028076172,131.82350158691406,36884000
2022-04-12,126.953125,127.7145004272461,131.60000610351562,126.78900146484375,131.60000610351562,32710000
2022-04-13,129.11961364746094,129.8939971923828,130.33399963378906,127.74099731445312,128.0,27928000
2022-04-14,125.97449493408203,126.7300033569336,130.47950744628906,126.60099792480469,130.47950744628906,31598000
2022-04-18,126.91535186767578,127.67649841308594,128.21249389648438,126.18199920654297,127.0,20808000
2022-04-19,129.2339324951172,130.00900268554688,130.33299255371094,126.99949645996094,127.69149780273438,26490000
2022-04-20,127.27666473388672,128.0399932861328,131.3990020751953,127.5,130.89199829101562,31696000
2022-04-21,124.07040405273438,124.81449890136719,130.09849548339844,124.52649688720703,129.25,36446000
2022-04-22,118.92227935791016,119.635498046875,125.4020004272461,118.92500305175781,125.0,56884000
2022-04-25,122.34027862548828,123.0739974975586,123.27749633789062,118.51100158691406,119.10099792480469,46128000
2022-04-26,117.94265747070312,118.6500015258789,122.51000213623047,118.51100158691406,122.29450225830078,73054000
2022-04-27,113.61312103271484,114.29450225830078,117.24199676513672,112.73650360107422,114.46949768066406,91820000
2022-04-28,117.81591796875,118.52249908447266,119.64949798583984,114.11499786376953,116.41500091552734,48884000
2022-04-29,113.42922973632812,114.1094970703125,117.91999816894531,113.81449890136719,116.7344970703125,42676000
2022-05-02,115.88798522949219,116.58300018310547,116.74549865722656,112.5999984741211,113.40499877929688,35534000
2022-05-03,116.6344985961914,117.33399963378906,118.44200134277344,116.03450012207031,116.43049621582031,24968000
2022-05-04,121.5321273803711,122.26100158691406,122.85449981689453,115.11599731445312,117.03150177001953,49916000
2022-05-05,115.8109359741211,116.50550079345703,121.03900146484375,115.00550079345703,120.2040023803711,45840000
2022-05-06,115.05647277832031,115.74649810791016,117.57150268554688,114.0155029296875,115.18450164794922,39710000
2022-05-09,111.84025573730469,112.51100158691406,115.0770034790039,112.00050354003906,113.25,40802000
2022-05-10,113.71302032470703,114.3949966430664,116.25,112.90049743652344,115.50749969482422,39900000
2022-05-11,112.92524719238281,113.60250091552734,116.364501953125,113.23650360107422,113.23650360107422,37534000
2022-05-12,112.17127227783203,112.84400177001953,114.29499816894531,109.82450103759766,111.37750244140625,53836000
2022-05-13,115.35865020751953,116.05049896240234,117.875,113.6050033569336,114.53299713134766,35038000
2022-05-16,113.76272583007812,114.44499969482422,116.16999816894531,113.8895034790039,114.95549774169922,25990000
2022-05-17,115.77863311767578,116.4729995727539,116.9000015258789,114.87000274658203,116.84049987792969,23054000
2022-05-18,111.2323989868164,111.89949798583984,115.4000015258789,111.55549621582031,115.0,35126000
2022-05-19,109.72593688964844,110.38400268554688,113.01000213623047,110.0,111.43150329589844,34144000
2022-05-20,108.25872802734375,108.90799713134766,112.18350219726562,105.79650115966797,111.95099639892578,48962000
2022-05-23,110.82335662841797,111.48799896240234,112.14749908447266,108.74099731445312,109.5875015258789,37184000
2022-05-24,105.33824920654297,105.97000122070312,106.45850372314453,101.8844985961914,105.77200317382812,76780000
2022-05-25,105.17422485351562,105.80500030517578,106.5,103.85649871826172,104.9854965209961,40258000
2022-05-26,107.14988708496094,107.7925033569336,108.64949798583984,105.2249984741211,105.677001953125,37948000
2022-05-27,111.64691925048828,112.31649780273438,112.31800079345703,109.13849639892578,109.48300170898438,37914000
2022-05-31,113.08379364013672,113.76200103759766,115.73500061035156,112.07849884033203,112.74649810791016,50012000
2022-06-01,113.21302032470703,113.89199829101562,117.10150146484375,113.25,114.8550033569336,36606000
2022-06-02,116.92127990722656,117.62249755859375,117.89949798583984,112.94650268554688,114.0,37992000
2022-06-03,113.85814666748047,114.54100036621094,116.32150268554688,113.51850128173828,116.0625,26136000
2022-06-06,116.12406158447266,116.82050323486328,119.34700012207031,116.16400146484375,116.70449829101562,33542000
2022-06-07,116.45109558105469,117.14949798583984,117.69100189208984,115.052001953125,115.48049926757812,31590000
2022-06-08,116.49533081054688,117.19400024414062,118.57050323486328,116.5999984741211,116.7614974975586,26108000
2022-06-09,114.1509017944336,114.83550262451172,118.29900360107422,114.7760009765625,116.32749938964844,25798000
2022-06-10,110.49879455566406,111.1614990234375,113.27899932861328,110.36599731445312,112.44499969482422,41452000
2022-06-13,105.75823211669922,106.39250183105469,108.79149627685547,106.11900329589844,106.7864990234375,47252000
2022-06-14,106.07930755615234,106.71549987792969,107.92449951171875,105.80000305175781,106.53500366210938,33706000
2022-06-15,109.1101303100586,109.7645034790039,111.42350006103516,107.66950225830078,108.54499816894531,39698000
2022-06-16,105.40137481689453,106.03350067138672,108.64849853515625,105.13800048828125,107.22100067138672,51684000
2022-06-17,106.50475311279297,107.14350128173828,108.69950103759766,105.0459976196289,106.03350067138672,51376000
2022-06-21,110.87902069091797,111.54399871826172,112.489501953125,108.5999984741211,108.92949676513672,47416000
2022-06-22,110.82286071777344,111.48750305175781,113.34649658203125,110.38249969482422,110.55650329589844,30774000
2022-06-23,111.57286071777344,112.24199676513672,112.74250030517578,110.50050354003906,112.23149871826172,28362000
2022-06-24,117.27167510986328,117.9749984741211,118.0790023803711,112.95249938964844,112.99500274658203,41164000
2022-06-27,115.14295196533203,115.83350372314453,118.57949829101562,115.17949676513672,118.27300262451172,36420000
2022-06-28,111.33975982666016,112.00749969482422,117.30950164794922,111.8479995727539,115.80249786376953,35792000
2022-06-29,111.03558349609375,111.70149993896484,113.1604995727539,110.87249755859375,111.552001953125,24716000
2022-06-30,108.31340026855469,108.96299743652344,110.88800048828125,106.75,110.0,43170000
2022-07-01,108.08924865722656,108.73750305175781,109.25,106.73049926757812,107.93299865722656,35476000
2022-07-05,112.5877685546875,113.26300048828125,113.37699890136719,105.73149871826172,107.10050201416016,39342000
2022-07-06,113.88896942138672,114.5719985961914,115.5895004272461,111.47599792480469,113.302001953125,37432000
2022-07-07,118.07485961914062,118.78299713134766,119.18949890136719,114.83350372314453,115.08000183105469,40936000
2022-07-08,118.64196014404297,119.35350036621094,119.68499755859375,116.90149688720703,117.25,38238000
2022-07-11,114.98688507080078,115.67649841308594,117.99800109863281,115.33049774169922,117.99800109863281,31196000
2022-07-12,113.34075927734375,114.02050018310547,116.9739990234375,113.69000244140625,116.21499633789062,29960000
2022-07-13,110.68965148925781,111.35350036621094,114.19599914550781,111.20149993896484,111.70099639892578,43722000
2022-07-14,109.70954132080078,110.36750030517578,111.09300231933594,108.37300109863281,110.21050262451172,37004000
2022-07-15,111.11112976074219,111.77749633789062,113.1405029296875,110.9000015258789,112.00050354003906,46770000
2022-07-18,108.3800048828125,109.02999877929688,113.68000030517578,108.37000274658203,112.63999938964844,43164600
2022-07-19,113.13151550292969,113.80999755859375,114.0199966430664,109.55999755859375,110.8499984741211,36530900
2022-07-20,113.22097778320312,113.9000015258789,115.4000015258789,112.4800033569336,113.16999816894531,35600400
2022-07-21,113.6583480834961,114.33999633789062,114.55000305175781,111.11000061035156,114.27999877929688,32676200
2022-07-22,107.25674438476562,107.9000015258789,112.33999633789062,106.5,111.0,48901200
2022-07-25,106.86907196044922,107.51000213623047,109.87000274658203,106.30000305175781,108.41000366210938,34690900
2022-07-26,104.39390563964844,105.0199966430664,107.19999694824219,104.06999969482422,106.5999984741211,47991000
2022-07-27,112.38597869873047,113.05999755859375,113.91000366210938,108.01000213623047,109.26000213623047,59858500
2022-07-28,113.53907012939453,114.22000122070312,114.33999633789062,111.45999908447266,112.37000274658203,32816600
2022-07-29,115.62654876708984,116.31999969482422,116.70999908447266,113.05999755859375,113.08000183105469,37223400
2022-08-01,114.17525482177734,114.86000061035156,116.72000122070312,114.33999633789062,115.30000305175781,26034300
2022-08-02,114.44363403320312,115.12999725341797,116.3499984741211,113.72000122070312,114.0,20236000
2022-08-03,117.37605285644531,118.08000183105469,118.62000274658203,115.4800033569336,115.70999908447266,28499000
2022-08-04,117.48539733886719,118.19000244140625,118.77999877929688,116.88999938964844,117.4800033569336,21602900
2022-08-05,116.76969146728516,117.47000122070312,118.11000061035156,116.0,116.2300033569336,19159500
2022-08-08,116.60071563720703,117.30000305175781,120.1500015258789,116.87999725341797,118.38999938964844,19138300
2022-08-09,115.93470001220703,116.62999725341797,117.31999969482422,115.70999908447266,117.13999938964844,19086500
2022-08-10,118.98639678955078,119.69999694824219,120.91999816894531,118.41000366210938,118.77999877929688,30930400
2022-08-11,118.13151550292969,118.83999633789062,121.48999786376953,118.55999755859375,121.27999877929688,24293700
2022-08-12,120.95459747314453,121.68000030517578,121.68000030517578,119.45999908447266,120.26000213623047,19096300
2022-08-15,121.35221862792969,122.08000183105469,122.30000305175781,120.61000061035156,121.12999725341797,19494800
2022-08-16,120.97447204589844,121.69999694824219,122.43000030517578,120.63999938964844,121.5199966430664,19041200
2022-08-17,118.83728790283203,119.55000305175781,121.29000091552734,119.37999725341797,120.12000274658203,22847000
2022-08-18,119.4535903930664,120.16999816894531,120.81999969482422,118.72000122070312,119.43000030517578,17987700
2022-08-19,116.51123809814453,117.20999908447266,119.1500015258789,116.76000213623047,119.05999755859375,21809500
2022-08-22,113.55894470214844,114.23999786376953,115.62999725341797,113.8499984741211,115.19999694824219,21456600
2022-08-23,113.18121337890625,113.86000061035156,115.01000213623047,113.43000030517578,113.4800033569336,15870400
2022-08-24,113.0122299194336,113.69000244140625,114.77999877929688,112.87000274658203,113.5,17734600
2022-08-25,115.95458221435547,116.6500015258789,116.72000122070312,114.11000061035156,114.23999786376953,16956800
2022-08-26,109.68219757080078,110.33999633789062,115.12000274658203,110.19000244140625,114.72000122070312,37245700
2022-08-29,108.7676773071289,109.41999816894531,110.94999694824219,108.80000305175781,109.98999786376953,21191200
2022-08-30,108.2905502319336,108.94000244140625,110.5,107.80000305175781,110.16999816894531,27513300
2022-08-31,107.57484436035156,108.22000122070312,110.8499984741211,108.12999725341797,110.6500015258789,28627000
2022-09-01,109.08577728271484,109.73999786376953,110.44999694824219,107.36000061035156,108.27999877929688,28360900
2022-09-02,107.20703125,107.8499984741211,110.73999786376953,107.26000213623047,110.58999633789062,24160700
2022-09-06,106.17323303222656,106.80999755859375,108.02999877929688,105.77999877929688,107.30000305175781,25068300
2022-09-07,108.79750061035156,109.44999694824219,109.9800033569336,106.9000015258789,107.05999755859375,23167000
2022-09-08,107.73388671875,108.37999725341797,109.5999984741211,107.16000366210938,108.04000091552734,24238300
2022-09-09,109.99034881591797,110.6500015258789,110.98999786376953,109.0199966430664,109.06999969482422,23197700
2022-09-12,110.19910430908203,110.86000061035156,111.62000274658203,109.93000030517578,110.98999786376953,22966800
2022-09-13,103.69808959960938,104.31999969482422,108.30000305175781,104.08999633789062,107.80000305175781,38172900
2022-09-14,104.37403106689453,105.0,105.27999877929688,103.66000366210938,104.56999969482422,26395100
2022-09-15,102.29650115966797,102.91000366210938,105.2699966430664,102.3499984741211,104.02999877929688,34188300
2022-09-16,102.18714904785156,102.80000305175781,103.12999725341797,100.94000244140625,102.06999969482422,42797200
2022-09-19,102.4555435180664,103.06999969482422,103.33000183105469,101.55000305175781,101.75,23036800
2022-09-20,100.53704071044922,101.13999938964844,102.37000274658203,100.5199966430664,102.08000183105469,26517100
2022-09-21,98.6881332397461,99.27999877929688,102.87999725341797,99.2699966430664,101.66999816894531,31487300
2022-09-22,99.54299926757812,100.13999938964844,101.23999786376953,98.79000091552734,98.81999969482422,34298600
2022-09-23,98.15135192871094,98.73999786376953,99.66000366210938,97.47000122070312,99.62999725341797,31625400
2022-09-26,97.58474731445312,98.16999816894531,99.87999725341797,97.80000305175781,98.0999984741211,27072700
2022-09-27,96.91873931884766,97.5,100.0,96.87000274658203,99.43000030517578,30072800
2022-09-28,99.45354461669922,100.05000305175781,100.69999694824219,97.11000061035156,97.6500015258789,32466300
2022-09-29,96.83922576904297,97.41999816894531,98.63999938964844,95.95999908447266,98.63999938964844,31047200
2022-09-30,95.07977294921875,95.6500015258789,98.9000015258789,95.55999755859375,97.05000305175781,32941500
2022-10-03,98.05194854736328,98.63999938964844,99.29000091552734,96.5199966430664,96.76000213623047,27982000
2022-10-04,101.03406524658203,101.63999938964844,101.83999633789062,100.37999725341797,100.44000244140625,28850800
2022-10-05,100.8253173828125,101.43000030517578,101.93000030517578,98.80000305175781,99.83000183105469,22176900
2022-10-06,100.81537628173828,101.41999816894531,102.93000030517578,100.58999633789062,100.68000030517578,22324000
2022-10-07,98.09171295166016,98.68000030517578,100.52999877929688,98.30000305175781,99.8499984741211,27502800
2022-10-10,97.27659606933594,97.86000061035156,99.0999984741211,97.01000213623047,99.0,18225100
2022-10-11,96.60065460205078,97.18000030517578,99.25,96.30999755859375,97.43000030517578,26507100
2022-10-12,96.97837829589844,97.55999755859375,98.75,96.73999786376953,97.30000305175781,21876400
2022-10-13,98.46945190429688,99.05999755859375,99.77999877929688,94.37999725341797,95.1500015258789,34574500
2022-10-14,95.98434448242188,96.55999755859375,100.69000244140625,96.37000274658203,99.98999786376953,25410700
2022-10-17,99.3740234375,99.97000122070312,100.93000030517578,98.83000183105469,98.86000061035156,28419200
2022-10-18,100.16925048828125,100.7699966430664,103.47000122070312,99.97000122070312,103.12999725341797,24060700
2022-10-19,99.03604125976562,99.62999725341797,101.0199966430664,98.91999816894531,100.01000213623047,23811100
2022-10-20,99.3740234375,99.97000122070312,102.31999969482422,99.38999938964844,100.0,25323200
2022-10-21,100.52710723876953,101.12999725341797,101.30999755859375,97.72000122070312,97.8499984741211,32458700
2022-10-24,101.90880584716797,102.5199966430664,102.75,99.9800033569336,101.80000305175781,27176400
2022-10-25,103.85713195800781,104.4800033569336,104.81999969482422,102.72000122070312,102.9000015258789,40611400
2022-10-26,94.36406707763672,94.93000030517578,98.30999755859375,94.69000244140625,96.43000030517578,88114100
2022-10-27,91.67022705078125,92.22000122070312,95.43000030517578,91.80000305175781,94.5199966430664,60710900
2022-10-28,95.7159652709961,96.29000091552734,96.55000305175781,92.12999725341797,92.2699966430664,43697300
2022-10-31,93.94656372070312,94.51000213623047,96.02999877929688,93.9800033569336,95.41999816894531,31675000
2022-11-01,89.93065643310547,90.47000122070312,96.02999877929688,90.37000274658203,95.44999694824219,47161400
2022-11-02,86.45152282714844,86.97000122070312,91.18000030517578,86.87999725341797,90.94000244140625,57038300
2022-11-03,82.93262481689453,83.43000030517578,86.5199966430664,83.33999633789062,86.31999969482422,61288000
2022-11-04,86.06385040283203,86.58000183105469,86.63999938964844,83.70999908447266,85.4000015258789,51124900
2022-11-07,87.96245574951172,88.48999786376953,88.9000015258789,86.8499984741211,87.27999877929688,34078900
2022-11-08,88.37001037597656,88.9000015258789,90.31999969482422,87.58999633789062,88.9000015258789,30429000
2022-11-09,86.7994384765625,87.31999969482422,89.44000244140625,87.27999877929688,88.44999694824219,31769100
2022-11-10,93.37997436523438,93.94000244140625,94.38999938964844,91.61000061035156,92.25,51620100
2022-11-11,95.83524322509766,96.41000366210938,96.93000030517578,93.91999816894531,94.69000244140625,33090500
2022-11-14,95.12947845458984,95.69999694824219,96.79000091552734,94.51000213623047,95.08999633789062,30179500
2022-11-15,97.85314178466797,98.44000244140625,100.13999938964844,96.70999908447266,98.26000213623047,41640800
2022-11-16,98.26069641113281,98.8499984741211,99.63999938964844,97.63999938964844,97.9000015258789,29105200
2022-11-17,97.77362060546875,98.36000061035156,99.27999877929688,96.79000091552734,96.97000122070312,26052600
2022-11-18,96.84915924072266,97.43000030517578,98.9000015258789,96.37000274658203,98.7699966430664,28342300
2022-11-21,95.03007507324219,95.5999984741211,98.4000015258789,95.36000061035156,97.29000091552734,21647400
2022-11-22,96.47142791748047,97.05000305175781,97.22000122070312,94.05000305175781,95.94999694824219,23438500
2022-11-23,97.87301635742188,98.45999908447266,98.76000213623047,97.08999633789062,97.08999633789062,18868100
2022-11-25,96.87898254394531,97.45999908447266,98.63999938964844,97.4000015258789,98.23999786376953,9701400
2022-11-28,95.4773941040039,96.05000305175781,97.58000183105469,95.61000061035156,97.04000091552734,26237500
2022-11-29,94.62252044677734,95.19000244140625,96.12000274658203,94.11000061035156,95.7300033569336,20061700
2022-11-30,100.387939453125,100.98999786376953,101.04000091552734,94.41999816894531,94.81999969482422,43647500
2022-12-01,100.387939453125,100.98999786376953,102.25,100.25,101.0199966430664,28687100
2022-12-02,99.84121704101562,100.44000244140625,100.7699966430664,98.9000015258789,99.05000305175781,21480700
2022-12-05,98.8869400024414,99.4800033569336,101.37999725341797,99.0,99.4000015258789,24405100
2022-12-06,96.40184783935547,96.9800033569336,99.77999877929688,96.41999816894531,99.30000305175781,24910700
2022-12-07,94.37401580810547,94.94000244140625,96.87999725341797,94.72000122070312,96.41000366210938,31045400
2022-12-08,93.15133666992188,93.70999908447266,95.58000183105469,93.44999694824219,95.37999725341797,32213300
2022-12-09,92.2765884399414,92.83000183105469,94.26000213623047,92.75,93.7699966430664,28225400
2022-12-12,92.75372314453125,93.30999755859375,93.55999755859375,91.61000061035156,92.70999908447266,29420000
2022-12-13,95.05989074707031,95.62999725341797,99.52999877929688,95.02999877929688,97.76000213623047,40593700
2022-12-14,94.50322723388672,95.06999969482422,96.87000274658203,93.5999984741211,95.19999694824219,28733600
2022-12-15,90.31832885742188,90.86000061035156,93.63999938964844,90.01000213623047,93.12999725341797,40107000
2022-12-16,89.72190856933594,90.26000213623047,91.33000183105469,89.5199966430664,90.76000213623047,58011800
2022-12-19,87.91275787353516,88.44000244140625,90.55999755859375,88.20999908447266,90.26000213623047,29493000
2022-12-20,88.48928833007812,89.0199966430664,89.18000030517578,87.44000244140625,88.11000061035156,23453800
2022-12-21,89.04596710205078,89.58000183105469,90.22000122070312,88.31999969482422,89.08000183105469,24745600
2022-12-22,87.23680877685547,87.76000213623047,88.54000091552734,86.31999969482422,88.16000366210938,27658300
2022-12-23,88.69805145263672,89.2300033569336,89.55000305175781,87.06999969482422,87.11000061035156,23003000
2022-12-27,86.86901092529297,87.38999938964844,88.94000244140625,87.01000213623047,88.80000305175781,20097300
2022-12-28,85.5071792602539,86.0199966430664,88.04000091552734,85.94000244140625,86.9800033569336,19523200
2022-12-29,87.92269134521484,88.44999694824219,88.8499984741211,86.61000061035156,86.62000274658203,23333500
2022-12-30,87.70401000976562,88.2300033569336,88.30000305175781,86.56999969482422,86.9800033569336,23986300
2023-01-03,88.58869934082031,89.12000274658203,91.05000305175781,88.5199966430664,89.58999633789062,28131200
2023-01-04,87.5549087524414,88.08000183105469,90.6500015258789,87.2699966430664,90.3499984741211,34854800
2023-01-05,85.68611145019531,86.19999694824219,87.56999969482422,85.9000015258789,87.47000122070312,27194400
2023-01-06,86.81932067871094,87.33999633789062,87.69000244140625,84.86000061035156,86.79000091552734,41381500
2023-01-09,87.49525451660156,88.0199966430664,90.05000305175781,87.86000061035156,88.36000061035156,29003900
2023-01-10,87.89286804199219,88.41999816894531,88.66999816894531,85.83000183105469,85.9800033569336,30467800
2023-01-11,90.9743881225586,91.5199966430664,91.5999984741211,89.01000213623047,89.18000030517578,26862000
2023-01-12,90.58672332763672,91.12999725341797,91.87000274658203,89.75,91.4800033569336,30258100
2023-01-13,91.5708236694336,92.12000274658203,92.19000244140625,90.12999725341797,90.8499984741211,26329200
2023-01-17,90.74577331542969,91.29000091552734,92.25,90.05000305175781,92.05999755859375,32602400
2023-01-18,90.5767822265625,91.12000274658203,92.80000305175781,90.63999938964844,92.13999938964844,29116700
2023-01-19,92.49528503417969,93.05000305175781,93.61000061035156,90.62999725341797,90.72000122070312,37000400
2023-01-20,97.43563842773438,98.0199966430664,98.30000305175781,95.0199966430664,95.0999984741211,63191100
2023-01-23,99.1950912475586,99.79000091552734,100.04000091552734,97.5,97.94999694824219,40005100
2023-01-24,97.11754608154297,97.69999694824219,99.61000061035156,97.19999694824219,98.0999984741211,33078500
2023-01-25,94.65234375,95.22000122070312,96.16000366210938,93.76000213623047,95.56999969482422,42330000
2023-01-26,96.9386215209961,97.5199966430664,97.56999969482422,95.37999725341797,96.5,30114000
2023-01-27,98.77760314941406,99.37000274658203,100.31999969482422,97.30999755859375,97.30999755859375,33879800
2023-01-30,96.3620834350586,96.94000244140625,98.29000091552734,96.4000015258789,97.4800033569336,27226200
2023-01-31,98.2507553100586,98.83999633789062,98.87999725341797,96.81999969482422,96.87000274658203,29870700
2023-02-01,99.83128356933594,100.43000030517578,101.19000244140625,97.58000183105469,98.70999908447266,35531100
2023-02-02,107.09770202636719,107.73999786376953,107.8499984741211,105.61000061035156,105.80000305175781,69883800
2023-02-03,104.15534210205078,104.77999877929688,107.80999755859375,102.58000183105469,102.93000030517578,65309300
2023-02-06,102.28655242919922,102.9000015258789,104.36000061035156,101.87999725341797,102.4000015258789,31999600
2023-02-07,106.998291015625,107.63999938964844,108.18000030517578,103.12000274658203,103.22000122070312,49010200
2023-02-08,98.77760314941406,99.37000274658203,103.13999938964844,98.04000091552734,102.05000305175781,94743500
2023-02-09,94.44358825683594,95.01000213623047,100.02999877929688,93.62999725341797,100.0,119455000
2023-02-10,94.00621032714844,94.56999969482422,96.75,94.25,95.44999694824219,54980700
2023-02-13,94.04596710205078,94.61000061035156,95.19999694824219,93.83999633789062,94.73999786376953,50076100
2023-02-14,94.11556243896484,94.68000030517578,94.8499984741211,92.26000213623047,94.43000030517578,54726100
2023-02-15,96.3620834350586,96.94000244140625,97.12000274658203,94.1500015258789,94.48999786376953,50169000
2023-02-16,94.94060516357422,95.51000213623047,97.68000030517578,94.73999786376953,95.37000274658203,42462600
2023-02-17,93.78751373291016,94.3499984741211,95.55999755859375,93.20999908447266,94.8499984741211,34284100
2023-02-21,91.24279022216797,91.79000091552734,93.0999984741211,91.72000122070312,93.0,33629300
2023-02-22,91.10363006591797,91.6500015258789,92.11000061035156,90.61000061035156,91.69999694824219,30884000
2023-02-23,90.34815216064453,90.88999938964844,91.94000244140625,89.76000213623047,91.91999816894531,41206400
2023-02-24,88.59864044189453,89.12999725341797,89.88999938964844,88.58000183105469,89.44000244140625,36585100
2023-02-27,89.334228515625,89.87000274658203,90.16000366210938,89.33999633789062,89.87000274658203,27502300
2023-02-28,89.52310180664062,90.05999755859375,91.2300033569336,89.31999969482422,89.33000183105469,30142000
2023-03-01,89.82131958007812,90.36000061035156,91.02999877929688,89.66999816894531,89.9800033569336,31111200
2023-03-02,91.4515380859375,92.0,92.27999877929688,89.58999633789062,89.66000366210938,32204400
2023-03-03,93.0916976928711,93.6500015258789,93.7300033569336,92.44999694824219,92.4800033569336,35160100
2023-03-06,94.5628662109375,95.12999725341797,95.97000122070312,94.0,94.0199966430664,32639300
2023-03-07,93.30045318603516,93.86000061035156,95.66999816894531,93.52999877929688,94.9800033569336,27835500
2023-03-08,93.6881103515625,94.25,95.95999908447266,94.0,94.12000274658203,34103300
2023-03-09,91.7696304321289,92.31999969482422,95.52999877929688,91.9000015258789,94.05000305175781,28813500
2023-03-10,90.0896987915039,90.62999725341797,92.79000091552734,90.4000015258789,92.16999816894531,35941000
2023-03-13,90.56684112548828,91.11000061035156,92.56999969482422,89.41999816894531,90.08999633789062,37335600
2023-03-14,93.4097900390625,93.97000122070312,94.36000061035156,92.44000244140625,92.55999755859375,36050200
2023-03-15,95.53703308105469,96.11000061035156,96.93000030517578,92.63999938964844,93.22000122070312,50622100
2023-03-16,99.72193145751953,100.31999969482422,101.19000244140625,95.5,96.19999694824219,65492000
2023-03-17,101.0141830444336,101.62000274658203,102.83999633789062,100.0999984741211,100.26000213623047,61028500
2023-03-20,100.61656188964844,101.22000122070312,101.75,99.87000274658203,100.12000274658203,32960400
2023-03-21,104.29450225830078,104.91999816894531,105.0999984741211,101.22000122070312,101.25,42110300
2023-03-22,102.75375366210938,103.37000274658203,106.58999633789062,103.33000183105469,104.2699966430664,43427400
2023-03-23,104.970458984375,105.5999984741211,106.30000305175781,104.45999908447266,105.05999755859375,40797800
2023-03-24,104.81141662597656,105.44000244140625,105.48999786376953,103.83999633789062,104.98999786376953,30393300
2023-03-27,101.84917449951172,102.45999908447266,104.76000213623047,101.93000030517578,104.62000274658203,31120900
2023-03-28,100.42769622802734,101.02999877929688,102.44999694824219,99.73999786376953,102.44000244140625,32057900
2023-03-29,100.78556060791016,101.38999938964844,102.48999786376953,100.6500015258789,102.27999877929688,28779600
2023-03-30,100.28853607177734,100.88999938964844,101.16000366210938,99.77999877929688,100.91000366210938,33086200
2023-03-31,103.11161041259766,103.7300033569336,103.88999938964844,101.04000091552734,101.30000305175781,36863400
2023-04-03,103.73784637451172,104.36000061035156,104.52999877929688,101.93000030517578,102.38999938964844,25035400
2023-04-04,104.095703125,104.72000122070312,105.58000183105469,104.04000091552734,104.33000183105469,24420100
2023-04-05,103.84719848632812,104.47000122070312,106.0999984741211,103.66000366210938,105.77999877929688,28290500
2023-04-06,107.77364349365234,108.41999816894531,109.16999816894531,104.33000183105469,105.26000213623047,48711500
2023-04-10,105.80545806884766,106.44000244140625,107.58999633789062,105.12000274658203,106.9800033569336,27067400
2023-04-11,104.7219467163086,105.3499984741211,106.7300033569336,104.68000030517578,106.55000305175781,26311800
2023-04-12,104.01617431640625,104.63999938964844,106.75,104.33999633789062,106.58000183105469,24370300
2023-04-13,106.78955078125,107.43000030517578,107.48999786376953,105.83999633789062,105.83999633789062,24843600
2023-04-14,108.22096252441406,108.87000274658203,108.94000244140625,106.83999633789062,106.88999938964844,26578000
2023-04-17,105.33824920654297,105.97000122070312,106.16000366210938,104.5199966430664,104.66000366210938,37571200
2023-04-18,103.87700653076172,104.5,106.54000091552734,104.06999969482422,106.48999786376953,26596400
2023-04-19,103.55892181396484,104.18000030517578,104.9800033569336,103.06999969482422,103.58000183105469,20905700
2023-04-20,104.66231536865234,105.29000091552734,106.25,103.87000274658203,103.91000366210938,27820800
2023-04-21,104.78160095214844,105.41000366210938,106.0,104.77999877929688,105.47000122070312,25800100
2023-04-24,105.33824920654297,105.97000122070312,106.62999725341797,104.69999694824219,105.48999786376953,23542800
2023-04-25,103.23088836669922,103.8499984741211,106.69000244140625,103.83999633789062,105.83000183105469,46664100
2023-04-26,103.09172821044922,103.70999908447266,106.3499984741211,102.62999725341797,104.91999816894531,53347600
2023-04-27,106.9485855102539,107.58999633789062,108.37000274658203,103.54000091552734,104.44999694824219,50089200
2023-04-28,106.70008087158203,107.33999633789062,107.3499984741211,105.08999633789062,107.04000091552734,36139800
2023-05-01,106.5609130859375,107.19999694824219,107.98999786376953,106.81999969482422,106.83999633789062,26681700
2023-05-02,104.69212341308594,105.31999969482422,107.19999694824219,103.70999908447266,107.13999938964844,30997200
2023-05-03,104.78160095214844,105.41000366210938,107.48999786376953,104.95999908447266,105.52999877929688,21795400
2023-05-04,104.06588745117188,104.69000244140625,105.5999984741211,103.97000122070312,105.48999786376953,23419500
2023-05-05,104.94062805175781,105.56999969482422,105.87999725341797,104.11000061035156,104.81999969482422,26625100
2023-05-08,107.12751770019531,107.7699966430664,107.95999908447266,105.16000366210938,105.18000030517578,26511400
2023-05-09,106.71001434326172,107.3499984741211,110.1500015258789,107.19000244140625,108.38999938964844,36360100
2023-05-10,111.08379364013672,111.75,112.94000244140625,107.93000030517578,107.97000122070312,63153400
2023-05-11,115.87505340576172,116.56999969482422,117.91999816894531,114.41000366210938,115.4000015258789,78900000
2023-05-12,116.80945587158203,117.51000213623047,118.02999877929688,116.11000061035156,116.68000030517578,41073800
2023-05-15,115.81542205810547,116.51000213623047,118.4800033569336,116.01000213623047,116.11000061035156,36266800
2023-05-16,118.79753112792969,119.51000213623047,120.75,116.43000030517578,116.48999786376953,45035600
2023-05-17,120.11959838867188,120.83999633789062,121.66999816894531,118.88999938964844,119.61000061035156,33323600
2023-05-18,122.09774017333984,122.83000183105469,123.30999755859375,120.83000183105469,120.94999694824219,35234200
2023-05-19,122.02814483642578,122.76000213623047,125.97000122070312,122.1500015258789,123.55000305175781,41330300
2023-05-22,124.30451202392578,125.05000305175781,126.43000030517578,122.73999786376953,122.94000244140625,35253000
2023-05-23,121.829345703125,122.55999755859375,124.62999725341797,122.20999908447266,124.16000366210938,34046300
2023-05-24,120.17924499511719,120.9000015258789,121.91000366210938,119.86000061035156,121.12000274658203,34182600
2023-05-25,122.74386596679688,123.4800033569336,125.31999969482422,121.95999908447266,124.5199966430664,42317000
2023-05-26,123.86712646484375,124.61000061035156,125.26000213623047,122.44999694824219,123.16999816894531,35635900
2023-05-30,122.9327392578125,123.66999816894531,125.66000366210938,122.0,125.63999938964844,35076700
2023-05-31,122.13750457763672,122.87000274658203,124.05999755859375,122.5,122.75,37325800
2023-06-01,122.98242950439453,123.72000122070312,124.41999816894531,122.62000274658203,122.81999969482422,30772700
2023-06-02,123.92677307128906,124.66999816894531,126.1500015258789,123.76000213623047,123.98999786376953,26963100
2023-06-05,125.2587890625,126.01000213623047,127.43000030517578,123.83999633789062,124.01000213623047,32305500
2023-06-06,126.55104064941406,127.30999755859375,128.2899932861328,125.36000061035156,126.01000213623047,26638300
2023-06-07,121.76969909667969,122.5,129.0399932861328,122.12000274658203,126.97000122070312,52539000
2023-06-08,121.41184997558594,122.13999938964844,123.2300033569336,121.23999786376953,122.2300033569336,29389200
2023-06-09,121.5013198852539,122.2300033569336,123.76000213623047,121.91000366210938,122.25,23762500
2023-06-12,122.90290069580078,123.63999938964844,124.05000305175781,121.66000366210938,122.79000091552734,28306400
2023-06-13,123.09178161621094,123.83000183105469,125.16000366210938,123.18000030517578,124.9800033569336,22278300
2023-06-14,122.9327392578125,123.66999816894531,124.05000305175781,121.44999694824219,123.0999984741211,30592300
2023-06-15,124.3442611694336,125.08999633789062,125.45999908447266,122.4000015258789,123.13999938964844,35246300
2023-06-16,122.79357147216797,123.52999877929688,126.11000061035156,123.27999877929688,125.93000030517578,45514000
2023-06-20,122.36611938476562,123.0999984741211,124.56999969482422,122.13999938964844,122.93000030517578,26097500
2023-06-21,119.83132934570312,120.55000305175781,122.66000366210938,120.0999984741211,122.4000015258789,30306300
2023-06-22,122.41584014892578,123.1500015258789,123.23999786376953,118.83000183105469,120.0,26952200
2023-06-23,121.61066436767578,122.33999633789062,122.79000091552734,121.05999755859375,121.37999725341797,34885300
2023-06-26,117.63449096679688,118.33999633789062,122.0,118.2699966430664,120.76000213623047,33969900
2023-06-27,117.62456512451172,118.33000183105469,119.08000183105469,116.0999984741211,117.08000183105469,39535900
2023-06-28,119.46353912353516,120.18000030517578,120.38999938964844,116.8499984741211,117.08999633789062,27091400
2023-06-29,118.38996887207031,119.0999984741211,120.05999755859375,118.30000305175781,119.23999786376953,24090900
2023-06-30,118.98639678955078,119.69999694824219,121.08000183105469,119.69000244140625,120.16999816894531,29519700
2023-07-03,119.18521118164062,119.9000015258789,120.19000244140625,118.81999969482422,119.23999786376953,14467900
2023-07-05,121.02417755126953,121.75,122.61000061035156,119.2300033569336,119.23999786376953,27584800
2023-07-06,119.39395141601562,120.11000061035156,120.30000305175781,118.4000015258789,119.80000305175781,24745200
2023-07-07,118.76770782470703,119.4800033569336,121.05000305175781,119.4000015258789,120.0999984741211,21692600
2023-07-10,115.75577545166016,116.44999694824219,118.30999755859375,116.13999938964844,118.30000305175781,35315200
2023-07-11,116.44166564941406,117.13999938964844,117.70999908447266,115.3499984741211,116.29000091552734,23078800
2023-07-12,118.22098541259766,118.93000030517578,120.33000183105469,118.41000366210938,118.80000305175781,30404400
2023-07-13,123.79753875732422,124.54000091552734,124.83000183105469,120.44999694824219,120.93000030517578,44297900
2023-07-14,124.67228698730469,125.41999816894531,126.77999877929688,123.48999786376953,124.80000305175781,33266800
2023-07-17,123.90689086914062,124.6500015258789,127.0999984741211,124.19999694824219,125.94000244140625,25716200
2023-07-18,123.02218627929688,123.76000213623047,124.68000030517578,122.95999908447266,124.5999984741211,26226400
2023-07-19,121.30250549316406,122.02999877929688,125.18000030517578,121.80000305175781,124.5999984741211,37224000
2023-07-20,118.4893798828125,119.19999694824219,124.08999633789062,118.22000122070312,121.41999816894531,37906800
2023-07-21,119.30448913574219,120.0199966430664,120.98999786376953,118.7300033569336,120.62000274658203,72937900
2023-07-24,120.80549621582031,121.52999877929688,123.0,120.9800033569336,121.66000366210938,29686100
2023-07-25,121.48143005371094,122.20999908447266,123.1500015258789,121.0199966430664,121.36000061035156,52509600
2023-07-26,128.49935913085938,129.27000427246094,130.97999572753906,128.32000732421875,130.07000732421875,61682100
2023-07-27,128.62855529785156,129.39999389648438,133.24000549316406,128.7899932861328,131.6699981689453,44952100
2023-07-28,131.78961181640625,132.5800018310547,133.74000549316406,130.57000732421875,130.77999877929688,36591200
2023-07-31,131.92877197265625,132.72000122070312,133.52999877929688,131.77999877929688,132.72999572753906,28055500
2023-08-01,130.76576232910156,131.5500030517578,132.6300048828125,130.67999267578125,130.77999877929688,23166800
2023-08-02,127.61465454101562,128.3800048828125,130.08999633789062,127.55999755859375,129.4499969482422,26273300
2023-08-03,127.6842269897461,128.4499969482422,129.38999938964844,127.41999816894531,127.97000122070312,20089500
2023-08-04,127.34626007080078,128.11000061035156,131.50999450683594,127.91000366210938,129.27999877929688,26130000
2023-08-07,130.74588012695312,131.52999877929688,131.61000061035156,129.02000427246094,129.16000366210938,22746300
2023-08-08,130.6166229248047,131.39999389648438,131.50999450683594,129.5399932861328,130.6199951171875,23535200
2023-08-09,128.88702392578125,129.66000366210938,132.0399932861328,129.0,131.66000366210938,24912900
2023-08-10,128.91683959960938,129.69000244140625,132.0500030517578,129.4499969482422,131.32000732421875,20857800
2023-08-11,128.78761291503906,129.55999755859375,129.92999267578125,128.1699981689453,128.66000366210938,19569200
2023-08-14,130.5470733642578,131.3300018310547,131.3699951171875,128.9600067138672,129.38999938964844,24695600
2023-08-15,129.00628662109375,129.77999877929688,131.4199981689453,129.27999877929688,131.10000610351562,19770700
2023-08-16,127.93273162841797,128.6999969482422,130.27999877929688,127.87000274658203,128.6999969482422,25216100
2023-08-17,129.1454620361328,129.9199981689453,131.99000549316406,129.2899932861328,129.8000030517578,33446300
2023-08-18,126.70013427734375,127.45999908447266,129.25,126.37999725341797,128.50999450683594,30491300
2023-08-21,127.60470581054688,128.3699951171875,128.72999572753906,126.55999755859375,127.18000030517578,25248700
2023-08-22,128.31048583984375,129.0800018310547,130.27999877929688,128.32000732421875,128.50999450683594,22067500
2023-08-23,131.5808563232422,132.3699951171875,133.41000366210938,129.8699951171875,130.17999267578125,27819700
2023-08-24,129.00628662109375,129.77999877929688,134.25,129.57000732421875,133.9499969482422,28500700
2023-08-25,129.105712890625,129.8800048828125,130.75999450683594,127.25,129.5399932861328,26762900
2023-08-28,130.22897338867188,131.00999450683594,132.5399932861328,130.13999938964844,131.30999755859375,20543300
2023-08-29,133.7677459716797,134.57000732421875,136.57000732421875,132.24000549316406,132.24000549316406,43075600
2023-08-30,135.0699462890625,135.8800048828125,136.27999877929688,134.07000732421875,134.77999877929688,28315800
2023-08-31,135.35821533203125,136.1699981689453,138.0,135.7899932861328,136.00999450683594,30053800
2023-09-01,134.85125732421875,135.66000366210938,137.4600067138672,134.85000610351562,137.4600067138672,21524600
2023-09-05,134.96058654785156,135.77000427246094,136.4199981689453,134.5800018310547,135.44000244140625,19403100
2023-09-06,133.65841674804688,134.4600067138672,136.52999877929688,133.6699981689453,136.02000427246094,18684500
2023-09-07,134.45364379882812,135.25999450683594,135.5800018310547,132.9499969482422,133.58999633789062,18844300
2023-09-08,135.5669708251953,136.3800048828125,136.66000366210938,134.85000610351562,134.91000366210938,23558300
2023-09-11,136.10372924804688,136.9199981689453,137.47999572753906,135.7899932861328,136.5399932861328,20763400
2023-09-12,134.5331573486328,135.33999633789062,136.8699951171875,135.19000244140625,136.25999450683594,18405500
2023-09-13,135.89500427246094,136.7100067138672,136.89999389648438,134.14999389648438,135.08999633789062,20749500
2023-09-14,137.27670288085938,138.10000610351562,138.6999969482422,136.24000549316406,137.60000610351562,24751000
2023-09-15,136.5808868408203,137.39999389648438,138.52000427246094,136.47999572753906,137.97999572753906,38908400
2023-09-18,137.3860626220703,138.2100067138672,139.16000366210938,136.61000061035156,136.61000061035156,21861300
2023-09-19,137.21705627441406,138.0399932861328,138.41000366210938,136.6199951171875,137.4199981689453,20353700
2023-09-20,132.9427032470703,133.74000549316406,138.0800018310547,133.6199951171875,138.0800018310547,29927500
2023-09-21,129.66236877441406,130.44000244140625,132.22999572753906,130.07000732421875,131.44000244140625,31488700
2023-09-22,129.4735107421875,130.25,132.02999877929688,129.60000610351562,130.75999450683594,26397300
2023-09-25,130.328369140625,131.11000061035156,131.1699981689453,128.9600067138672,129.8300018310547,20094600
2023-09-26,127.80352783203125,128.57000732421875,130.36000061035156,127.22000122070312,129.77000427246094,25718700
2023-09-27,129.7617645263672,130.5399932861328,130.89999389648438,128.57000732421875,128.57000732421875,22746500
2023-09-28,131.521240234375,132.30999755859375,133.3000030517578,129.7899932861328,129.83999633789062,22513100
2023-09-29,130.07986450195312,130.86000061035156,134.0500030517578,130.36000061035156,133.27999877929688,30848100
2023-10-02,133.37013244628906,134.1699981689453,134.4199981689453,131.1699981689453,131.2100067138672,22288000
2023-10-03,131.6405029296875,132.42999267578125,134.25999450683594,131.83999633789062,133.94000244140625,22989400
2023-10-04,134.4337615966797,135.24000549316406,135.57000732421875,132.52999877929688,132.7899932861328,26752300
2023-10-05,134.26478576660156,135.07000732421875,135.49000549316406,133.4499969482422,135.07000732421875,19832600
2023-10-06,136.7598114013672,137.5800018310547,138.16000366210938,134.00999450683594,134.00999450683594,27583200
2023-10-09,137.59478759765625,138.4199981689453,138.94000244140625,135.61000061035156,136.94000244140625,19278100
2023-10-10,137.23692321777344,138.05999755859375,139.72000122070312,137.3300018310547,138.5,27786600
2023-10-11,139.71209716796875,140.5500030517578,141.11000061035156,138.5800018310547,138.5800018310547,25884300
2023-10-12,138.1415252685547,138.97000122070312,141.22000122070312,138.25999450683594,141.0500030517578,24765500
2023-10-13,136.54112243652344,137.36000061035156,140.0,136.6199951171875,139.3800048828125,23420500
2023-10-16,138.270751953125,139.10000610351562,139.6300048828125,137.99000549316406,138.1699981689453,28501900
2023-10-17,138.88705444335938,139.72000122070312,139.89999389648438,137.17999267578125,138.6300048828125,23515800
2023-10-18,137.13754272460938,137.9600067138672,140.72000122070312,137.3800048828125,139.4499969482422,23375000
2023-10-19,136.92880249023438,137.75,139.66000366210938,137.3800048828125,138.5,26066000
2023-10-20,134.79161071777344,135.60000610351562,137.8699951171875,135.0800018310547,137.3300018310547,26315200
2023-10-23,135.68624877929688,136.5,137.66000366210938,133.9499969482422,135.0399932861328,26317900
2023-10-24,137.9824676513672,138.80999755859375,139.36000061035156,137.4199981689453,137.8300018310547,44814300
2023-10-25,124.86116790771484,125.61000061035156,128.30999755859375,125.06999969482422,128.16000366210938,84366200
2023-10-26,121.55101776123047,122.27999877929688,124.33000183105469,121.2699966430664,123.2699966430664,57061100
2023-10-27,121.4416732788086,122.16999816894531,123.30999755859375,120.20999908447266,122.87999725341797,44566500
2023-10-30,123.718017578125,124.45999908447266,125.4000015258789,122.75,123.20999908447266,28940100
2023-10-31,123.34028625488281,124.08000183105469,125.37000274658203,122.69000244140625,125.05999755859375,26292300
2023-11-01,125.69615936279297,126.44999694824219,126.48999786376953,123.72000122070312,124.06999969482422,30082400
2023-11-02,126.7299575805664,127.48999786376953,128.97999572753906,126.93000030517578,128.4199981689453,27124600
2023-11-03,128.33035278320312,129.10000610351562,129.52999877929688,127.86000061035156,128.02000427246094,26380100
2023-11-06,129.4735107421875,130.25,130.33999633789062,128.6699981689453,129.0500030517578,19052700
2023-11-07,130.189208984375,130.97000122070312,131.91000366210938,129.8800048828125,130.7100067138672,29757300
2023-11-08,131.05401611328125,131.83999633789062,132.2100067138672,130.77999877929688,130.97000122070312,26425800
2023-11-09,129.46356201171875,130.24000549316406,132.5500030517578,130.07000732421875,131.9600067138672,23747800
2023-11-10,131.79954528808594,132.58999633789062,132.8000030517578,129.41000366210938,130.10000610351562,26913300
2023-11-13,131.3025360107422,132.08999633789062,132.58999633789062,131.25,131.77999877929688,18324800
2023-11-14,132.82339477539062,133.6199951171875,135.6999969482422,133.32000732421875,134.19000244140625,32395200
2023-11-15,133.81744384765625,134.6199951171875,135.02999877929688,133.57000732421875,134.8699951171875,23861500
2023-11-16,136.11366271972656,136.92999267578125,137.22000122070312,134.32000732421875,135.19000244140625,28013200
2023-11-17,134.5033416748047,135.30999755859375,136.05999755859375,133.64999389648438,136.0,37240600
2023-11-20,135.43772888183594,136.25,136.66000366210938,133.6199951171875,133.69000244140625,27815500
2023-11-21,136.1534423828125,136.97000122070312,137.17999267578125,135.9600067138672,136.2899932861328,22635300
2023-11-22,137.66436767578125,138.49000549316406,139.4199981689453,137.47000122070312,137.47000122070312,17813900
2023-11-24,135.87510681152344,136.69000244140625,138.1300048828125,135.99000549316406,138.02999877929688,12514300
2023-11-27,135.59678649902344,136.41000366210938,138.4199981689453,136.0,136.02999877929688,23436500
2023-11-28,136.38206481933594,137.1999969482422,137.25,135.4199981689453,136.0800018310547,18730000
2023-11-29,134.1852569580078,134.99000549316406,138.2899932861328,134.83999633789062,137.57000732421875,23967200
2023-11-30,131.7399139404297,132.52999877929688,135.5500030517578,131.27999877929688,135.0500030517578,38988300
2023-12-01,131.0738983154297,131.86000061035156,132.11000061035156,130.6699981689453,131.86000061035156,31431200
2023-12-04,128.49935913085938,129.27000427246094,130.02999877929688,127.9000015258789,129.8800048828125,36669900
2023-12-05,130.2091064453125,130.99000549316406,132.13999938964844,128.25,128.9499969482422,27384800
2023-12-06,129.24485778808594,130.02000427246094,131.83999633789062,129.8800048828125,131.44000244140625,23576200
2023-12-07,136.11366271972656,136.92999267578125,138.55999755859375,134.6999969482422,135.0399932861328,56767100
2023-12-08,134.1852569580078,134.99000549316406,136.39999389648438,134.02999877929688,134.1999969482422,32233900
2023-12-11,132.49537658691406,133.2899932861328,133.33999633789062,131.36000061035156,132.3800048828125,31138000
2023-12-12,131.72996520996094,132.52000427246094,133.0,131.25999450683594,131.80999755859375,29032800
2023-12-13,131.77967834472656,132.57000732421875,133.5,131.57000732421875,133.3800048828125,30104800
2023-12-14,131.1534423828125,131.94000244140625,133.72000122070312,129.69000244140625,133.3800048828125,38722400
2023-12-15,131.8094940185547,132.60000610351562,133.50999450683594,131.17999267578125,131.6199951171875,50815200
2023-12-18,134.99041748046875,135.8000030517578,137.14999389648438,132.42999267578125,132.6300048828125,32258000
2023-12-19,135.8353271484375,136.64999389648438,137.47000122070312,136.0800018310547,136.83999633789062,25476800
2023-12-20,137.5152587890625,138.33999633789062,141.6999969482422,138.07000732421875,138.97000122070312,49107200
2023-12-21,139.58285522460938,140.4199981689453,140.69000244140625,139.17999267578125,139.49000549316406,27488300
2023-12-22,140.64649963378906,141.49000549316406,141.99000549316406,140.7100067138672,140.77000427246094,26514600
2023-12-26,140.6763153076172,141.52000427246094,142.67999267578125,141.19000244140625,141.58999633789062,16780300
2023-12-27,139.53317260742188,140.3699951171875,142.0800018310547,139.88999938964844,141.58999633789062,19628600
2023-12-28,139.3939971923828,140.22999572753906,141.13999938964844,139.75,140.77999877929688,16045700
2023-12-29,138.85723876953125,139.69000244140625,140.36000061035156,138.77999877929688,139.6300048828125,18727200
