Price,Adj Close,Close,High,Low,Open,Volume
Ticker,GOOGL,GOOGL,GOOGL,GOOGL,GOOGL,GOOGL
Date,,,,,,
2018-01-02,53.340599060058594,53.660499572753906,53.79899978637695,52.6510009765625,52.6510009765625,31766000
2018-01-03,54.250640869140625,54.57600021362305,54.80500030517578,53.67150115966797,53.69649887084961,31318000
2018-01-04,54.46137619018555,54.78799819946289,55.20399856567383,54.7130012512207,54.85449981689453,26052000
2018-01-05,55.18354797363281,55.51449966430664,55.67900085449219,55.09000015258789,55.17250061035156,30250000
2018-01-08,55.37837600708008,55.71049880981445,55.95800018310547,55.5,55.54999923706055,24644000
2018-01-09,55.30780029296875,55.63949966430664,55.922000885009766,55.40999984741211,55.922000885009766,26808000
2018-01-10,55.17609405517578,55.50699996948242,55.638999938964844,55.19900131225586,55.349998474121094,20734000
2018-01-11,55.271018981933594,55.602500915527344,55.74250030517578,55.32400131225586,55.615501403808594,22424000
2018-01-12,56.19547653198242,56.532501220703125,56.564998626708984,55.4005012512207,55.505001068115234,38586000
2018-01-16,56.197959899902344,56.53499984741211,57.444000244140625,56.33300018310547,57.015499114990234,36462000
2018-01-17,56.61545944213867,56.95500183105469,56.965999603271484,56.17449951171875,56.81800079345703,27830000
2018-01-18,56.45989227294922,56.798500061035156,57.02949905395508,56.222999572753906,56.967498779296875,27498000
2018-01-19,56.834144592285156,57.17499923706055,57.18899917602539,56.625,56.9015007019043,30552000
2018-01-22,57.86098861694336,58.20800018310547,58.34400177001953,57.090999603271484,57.191001892089844,29550000
2018-01-23,58.45790481567383,58.80849838256836,58.925498962402344,58.36249923706055,58.53099822998047,39138000
2018-01-24,58.21535873413086,58.56449890136719,59.352500915527344,58.369998931884766,59.249000549316406,37128000
2018-01-25,58.7546272277832,59.106998443603516,59.25,58.59199905395508,59.035499572753906,29984000
2018-01-26,59.024009704589844,59.37799835205078,59.37799835205078,58.4015007019043,59.37649917602539,42170000
2018-01-29,58.9703369140625,59.32400131225586,59.900001525878906,59.202999114990234,59.400001525878906,31494000
2018-01-30,58.517547607421875,58.868499755859375,59.39649963378906,58.72549819946289,58.88600158691406,37338000
2018-01-31,58.75859832763672,59.111000061035156,59.316001892089844,58.60499954223633,59.19049835205078,36022000
2018-02-01,58.727291107177734,59.079498291015625,59.372501373291016,58.46799850463867,58.79949951171875,73514000
2018-02-02,55.62638854980469,55.959999084472656,56.564998626708984,55.55849838256836,56.37099838256836,117842000
2018-02-05,52.80282211303711,53.11949920654297,55.7495002746582,52.83700180053711,55.03049850463867,83550000
2018-02-06,53.898258209228516,54.221500396728516,54.36899948120117,51.5004997253418,51.69900131225586,76630000
2018-02-07,52.45590591430664,52.77050018310547,54.326499938964844,52.73099899291992,54.24850082397461,51942000
2018-02-08,50.08512496948242,50.385501861572266,53.19649887084961,50.23500061035156,52.993499755859375,66792000
2018-02-09,52.001625061035156,52.313499450683594,52.58599853515625,49.849998474121094,51.29399871826172,98360000
2018-02-12,52.413658142089844,52.72800064086914,53.278499603271484,52.27450180053711,52.833499908447266,56240000
2018-02-13,52.392784118652344,52.707000732421875,53.06100082397461,52.34600067138672,52.5,31586000
2018-02-14,53.315250396728516,53.6349983215332,53.77349853515625,52.4900016784668,52.715999603271484,41304000
2018-02-15,54.2426872253418,54.56800079345703,54.70500183105469,53.36149978637695,54.17250061035156,37396000
2018-02-16,54.44845199584961,54.775001525878906,55.41550064086914,54.57749938964844,54.66899871826172,39948000
2018-02-20,54.85054397583008,55.179500579833984,55.81449890136719,54.5,54.63800048828125,33754000
2018-02-21,55.35551834106445,55.6875,56.810001373291016,55.3754997253418,55.45500183105469,41486000
2018-02-22,55.16415786743164,55.494998931884766,56.27299880981445,55.25749969482422,55.958499908447266,28010000
2018-02-23,56.0682373046875,56.40449905395508,56.45000076293945,55.422000885009766,55.93299865722656,25292000
2018-02-26,56.84408950805664,57.185001373291016,57.209999084472656,56.46699905395508,56.59299850463867,30912000
2018-02-27,55.54239273071289,55.8754997253418,57.212501525878906,55.839500427246094,57.185001373291016,42964000
2018-02-28,54.866943359375,55.19599914550781,56.38249969482422,55.150001525878906,56.099998474121094,49292000
2018-03-01,53.25113296508789,53.570499420166016,55.563499450683594,53.364498138427734,55.47700119018555,55338000
2018-03-02,53.88383865356445,54.207000732421875,54.34450149536133,52.50550079345703,52.89899826049805,50162000
2018-03-05,54.41167068481445,54.737998962402344,55.058998107910156,53.61349868774414,53.90650177001953,28648000
2018-03-06,54.71683883666992,55.04499816894531,55.28150177001953,54.724998474121094,55.10499954223633,23382000
2018-03-07,55.41962814331055,55.75199890136719,55.810001373291016,54.49549865722656,54.64099884033203,30748000
2018-03-08,56.132354736328125,56.46900177001953,56.571998596191406,55.86000061035156,55.86000061035156,33862000
2018-03-09,57.69597625732422,58.04199981689453,58.04999923706055,56.714500427246094,56.974998474121094,42662000
2018-03-12,57.94896697998047,58.29650115966797,58.90800094604492,57.959999084472656,58.252498626708984,44306000
2018-03-13,56.65571594238281,56.99549865722656,58.900001525878906,56.72850036621094,58.59149932861328,43140000
2018-03-14,57.1020393371582,57.44449996948242,57.987998962402344,57.11750030517578,57.290000915527344,41870000
2018-03-15,57.187522888183594,57.53049850463867,58.125,56.78300094604492,57.47850036621094,33382000
2018-03-16,56.382850646972656,56.72100067138672,57.84049987792969,56.56800079345703,57.76750183105469,58656000
2018-03-19,54.67559814453125,55.003501892089844,55.96849822998047,54.44599914550781,55.88800048828125,63656000
2018-03-20,54.4633674621582,54.790000915527344,55.27750015258789,54.12099838256836,54.91999816894531,54598000
2018-03-21,54.3739013671875,54.70000076293945,55.435001373291016,54.36050033569336,54.628501892089844,44898000
2018-03-22,52.34358215332031,52.657501220703125,54.19599914550781,52.481998443603516,54.0004997253418,69312000
2018-03-23,51.021507263183594,51.32749938964844,53.3390007019043,51.243499755859375,52.56850051879883,49880000
2018-03-26,52.390296936035156,52.704498291015625,52.9635009765625,50.52899932861328,52.529998779296875,65984000
2018-03-27,50.046852111816406,50.34700012207031,53.22700119018555,49.88100051879883,53.19499969482422,60816000
2018-03-28,49.959373474121094,50.25899887084961,51.2495002746582,49.20000076293945,50.09550094604492,77698000
2018-03-29,51.547847747802734,51.856998443603516,52.40250015258789,50.20199966430664,50.56050109863281,69338000
2018-04-02,50.32965087890625,50.631500244140625,51.97650146484375,49.712501525878906,51.38100051879883,65068000
2018-04-03,50.63035583496094,50.933998107910156,51.25,49.86249923706055,50.807498931884766,51322000
2018-04-04,51.178565979003906,51.48550033569336,51.637001037597656,49.82550048828125,49.9114990234375,50724000
2018-04-05,51.32419204711914,51.63199996948242,52.33549880981445,51.20000076293945,52.31949996948242,35836000
2018-04-06,50.19645690917969,50.497501373291016,51.79999923706055,50.3125,51.154998779296875,40134000
2018-04-09,50.70043182373047,51.00450134277344,52.22949981689453,50.959999084472656,51.00199890136719,33220000
2018-04-10,51.51604080200195,51.82500076293945,52.06050109863281,50.77050018310547,51.51300048828125,36620000
2018-04-11,50.94744873046875,51.25299835205078,51.79349899291992,50.959999084472656,51.599998474121094,34060000
2018-04-12,51.55530548095703,51.864498138427734,52.23249816894531,51.3025016784668,51.57350158691406,32896000
2018-04-13,51.49317932128906,51.801998138427734,52.64899826049805,51.50749969482422,52.34450149536133,25410000
2018-04-16,51.99318313598633,52.30500030517578,52.57149887084961,51.69599914550781,52.27750015258789,29776000
2018-04-17,53.64626693725586,53.96799850463867,54.25,52.85449981689453,53.060001373291016,54584000
2018-04-18,53.44894790649414,53.769500732421875,54.099998474121094,53.5260009765625,53.95050048828125,31126000
2018-04-19,54.14775466918945,54.47249984741211,54.8754997253418,53.45100021362305,53.45100021362305,39884000
2018-04-20,53.54487228393555,53.86600112915039,54.73749923706055,53.60499954223633,54.2135009765625,42434000
2018-04-23,53.37041473388672,53.69049835205078,54.400001525878906,53.33399963378906,54.14899826049805,69590000
2018-04-24,50.827171325683594,51.13199996948242,53.2244987487793,50.643001556396484,52.959999084472656,128220000
2018-04-25,50.844573974609375,51.14950180053711,51.80350112915039,50.85049819946289,51.48749923706055,57860000
2018-04-26,51.85451126098633,52.16550064086914,52.60100173950195,51.022499084472656,51.6609992980957,50926000
2018-04-27,51.265045166015625,51.5724983215332,52.584999084472656,51.37950134277344,52.277000427246094,40746000
2018-04-30,50.62538146972656,50.92900085449219,51.91849899291992,50.915000915527344,51.72100067138672,34492000
2018-05-01,51.727272033691406,52.037498474121094,52.08649826049805,50.53049850463867,50.814998626708984,35326000
2018-05-02,50.99665832519531,51.3025016784668,52.19900131225586,51.15800094604492,51.70000076293945,34698000
2018-05-03,51.00907516479492,51.314998626708984,51.53450012207031,50.394500732421875,51.26850128173828,39282000
2018-05-04,52.23671340942383,52.54999923706055,52.59400177001953,50.90250015258789,50.980499267578125,36892000
2018-05-07,52.657196044921875,52.972999572753906,53.25,52.51350021362305,52.69449996948242,34400000
2018-05-08,52.613956451416016,52.929500579833984,53.26150131225586,52.582000732421875,53.23099899291992,26030000
2018-05-09,54.12290573120117,54.4474983215332,54.70000076293945,53.105499267578125,53.20500183105469,47160000
2018-05-10,54.94397735595703,55.27349853515625,55.47050094604492,54.694000244140625,54.75,36414000
2018-05-11,54.84010314941406,55.16899871826172,55.45050048828125,54.861000061035156,55.02050018310547,30504000
2018-05-14,55.000144958496094,55.33000183105469,55.907501220703125,55.2400016784668,55.278499603271484,39338000
2018-05-15,53.92012405395508,54.243499755859375,54.95600128173828,53.93899917602539,54.845001220703125,35738000
2018-05-16,53.88135528564453,54.204498291015625,54.71900177001953,54.08150100708008,54.25450134277344,25628000
2018-05-17,53.740699768066406,54.0629997253418,54.54999923706055,53.82099914550781,54.073001861572266,25738000
2018-05-18,53.16316223144531,53.481998443603516,53.686500549316406,53.23400115966797,53.29999923706055,35482000
2018-05-21,53.877376556396484,54.20050048828125,54.665000915527344,53.900001525878906,53.95000076293945,25180000
2018-05-22,53.44497299194336,53.765499114990234,54.59000015258789,53.612998962402344,54.4900016784668,22226000
2018-05-23,53.974300384521484,54.29800033569336,54.400001525878906,53.347999572753906,53.5,23740000
2018-05-24,53.948944091796875,54.272499084472656,54.35599899291992,53.6150016784668,54.345001220703125,20604000
2018-05-25,53.880855560302734,54.20399856567383,54.47850036621094,54.130001068115234,54.32749938964844,22224000
2018-05-29,53.08512878417969,53.403499603271484,54.06700134277344,53.15399932861328,53.79999923706055,36076000
2018-05-30,53.55232620239258,53.87350082397461,53.949501037597656,53.32749938964844,53.67399978637695,28686000
2018-05-31,54.672115325927734,55.0,55.5,53.900001525878906,54.099998474121094,79368000
2018-06-01,56.41168212890625,56.75,56.90800094604492,55.60049819946289,55.64350128173828,63202000
2018-06-04,57.30830383300781,57.652000427246094,57.893001556396484,56.849998474121094,56.92499923706055,44754000
2018-06-05,57.20790100097656,57.55099868774414,58.05500030517578,57.37300109863281,57.733001708984375,32964000
2018-06-06,57.005615234375,57.34749984741211,57.73550033569336,56.816001892089844,57.63850021362305,34934000
2018-06-07,56.382850646972656,56.72100067138672,57.29349899291992,56.305999755859375,57.229000091552734,36108000
2018-06-08,56.2978630065918,56.635501861572266,56.93899917602539,56.1614990234375,56.56050109863281,27284000
2018-06-11,56.704917907714844,57.04499816894531,57.387001037597656,56.56999969482422,56.64699935913086,24796000
2018-06-12,57.06725311279297,57.40950012207031,57.4375,57.05099868774414,57.05099868774414,26092000
2018-06-13,56.870426177978516,57.21149826049805,57.78200149536133,57.16899871826172,57.61399841308594,34302000
2018-06-14,57.65969467163086,58.00550079345703,58.29949951171875,57.529998779296875,57.61050033569336,35422000
2018-06-15,57.61794662475586,57.9635009765625,58.195499420166016,57.68450164794922,57.99599838256836,44438000
2018-06-18,58.826202392578125,59.17900085449219,59.20650100708008,57.54999923706055,57.634498596191406,33038000
2018-06-19,58.58315658569336,58.93450164794922,59.140499114990234,58.080501556396484,58.50550079345703,47282000
2018-06-20,58.850547790527344,59.20349884033203,60.074501037597656,59.10150146484375,59.165000915527344,51686000
2018-06-21,58.1234130859375,58.47200012207031,59.51649856567383,58.17399978637695,59.2755012512207,44966000
2018-06-22,58.11595916748047,58.464500427246094,58.75,57.98249816894531,58.574501037597656,34220000
2018-06-25,56.62440490722656,56.9640007019043,57.79949951171875,55.994998931884766,57.75,57682000
2018-06-26,56.29338836669922,56.63100051879883,57.34349822998047,56.45000076293945,57.207000732421875,34688000
2018-06-27,55.51406478881836,55.84700012207031,57.31050109863281,55.834999084472656,56.79999923706055,34538000
2018-06-28,56.00312805175781,56.3390007019043,56.70000076293945,55.30350112915039,55.61949920654297,29726000
2018-06-29,56.12290954589844,56.45949935913086,57.06800079345703,56.35100173950195,56.615501403808594,31562000
2018-07-02,56.76506423950195,57.105499267578125,57.14950180053711,55.33000183105469,55.76750183105469,23216000
2018-07-03,55.48126220703125,55.81399917602539,57.49549865722656,55.721500396728516,57.47100067138672,16448000
2018-07-05,56.72430419921875,57.06449890136719,57.207000732421875,56.15599822998047,56.22999954223633,28594000
2018-07-06,57.40969467163086,57.75400161743164,57.810001373291016,56.86199951171875,57.0885009765625,21820000
2018-07-09,58.01605224609375,58.36399841308594,58.39649963378906,57.86149978637695,58.0,21584000
2018-07-10,58.009098052978516,58.356998443603516,58.67499923706055,58.12799835205078,58.4995002746582,21334000
2018-07-11,58.22381591796875,58.573001861572266,59.02199935913086,57.76850128173828,57.78099822998047,33252000
2018-07-12,59.704925537109375,60.0629997253418,60.0994987487793,58.654998779296875,58.74300003051758,44148000
2018-07-13,59.86199188232422,60.22100067138672,60.52199935913086,59.76449966430664,60.13999938964844,32612000
2018-07-16,59.468849182128906,59.82550048828125,60.43550109863281,59.66999816894531,60.19049835205078,26784000
2018-07-17,60.29240798950195,60.65399932861328,60.9379997253418,59.099998474121094,59.137001037597656,40162000
2018-07-18,60.28396224975586,60.64550018310547,61.079498291015625,60.22800064086914,60.42649841308594,38948000
2018-07-19,59.59757995605469,59.95500183105469,60.82400131225586,59.88650131225586,60.33250045776367,38338000
2018-07-20,59.53693771362305,59.89400100708008,60.53850173950195,59.829498291015625,59.96200180053711,37938000
2018-07-23,60.18902587890625,60.54999923706055,60.755001068115234,59.60049819946289,59.78300094604492,65446000
2018-07-24,62.532470703125,62.907501220703125,63.75,62.207000732421875,63.54999923706055,107600000
2018-07-25,63.41666793823242,63.797000885009766,63.9119987487793,62.45249938964844,62.63100051879883,51104000
2018-07-26,63.891815185546875,64.2750015258789,64.37000274658203,63.150001525878906,63.35900115966797,54686000
2018-07-27,62.27103805541992,62.644500732421875,64.5719985961914,62.2244987487793,64.45600128173828,48362000
2018-07-30,61.135353088378906,61.50199890136719,62.644500732421875,61.208499908447266,62.252498626708984,43896000
2018-07-31,60.99519348144531,61.361000061035156,62.06050109863281,60.80950164794922,61.58549880981445,39382000
2018-08-01,61.28197479248047,61.64950180053711,62.29499816894531,61.24700164794922,61.955501556396484,36994000
2018-08-02,61.686546325683594,62.05649948120117,62.22050094604492,60.90299987792969,60.92499923706055,34704000
2018-08-03,61.53893280029297,61.90800094604492,62.32600021362305,61.47100067138672,62.25899887084961,21264000
2018-08-06,61.51457214355469,61.88349914550781,62.12300109863281,61.5265007019043,62.080501556396484,22114000
2018-08-07,62.417659759521484,62.79199981689453,63.30400085449219,62.59000015258789,62.60049819946289,42506000
2018-08-08,62.69052505493164,63.06650161743164,63.58599853515625,62.60599899291992,62.83599853515625,34344000
2018-08-09,62.846092224121094,63.222999572753906,63.597999572753906,63.005001068115234,63.13650131225586,27326000
2018-08-10,62.25214767456055,62.6254997253418,63.060001373291016,62.358001708984375,62.95899963378906,26602000
2018-08-13,62.0598030090332,62.43199920654297,63.298500061035156,62.35150146484375,62.560001373291016,27500000
2018-08-14,62.53197479248047,62.90700149536133,63.02949905395508,61.97700119018555,62.625,28080000
2018-08-15,61.24370193481445,61.611000061035156,62.5989990234375,61.3120002746582,62.2140007019043,37052000
2018-08-16,60.838130950927734,61.202999114990234,62.185001373291016,60.98149871826172,62.0994987487793,32176000
2018-08-17,60.43008041381836,60.79249954223633,61.34749984741211,60.20000076293945,61.10200119018555,33092000
2018-08-20,60.73326110839844,61.09749984741211,61.295501708984375,60.435001373291016,61.03300094604492,22218000
2018-08-21,60.50761413574219,60.87049865722656,61.63800048828125,60.75149917602539,61.1510009765625,23082000
2018-08-22,60.72332000732422,61.087501525878906,61.326499938964844,60.6609992980957,60.71099853515625,22296000
2018-08-23,60.69399642944336,61.05799865722656,61.75849914550781,60.967498779296875,60.99399948120117,24666000
2018-08-24,61.468849182128906,61.837501525878906,61.869998931884766,61.07099914550781,61.29999923706055,24454000
2018-08-27,62.43903350830078,62.813499450683594,62.89350128173828,62.034000396728516,62.207000732421875,28580000
2018-08-28,61.921634674072266,62.292999267578125,62.827999114990234,62.14849853515625,62.79499816894531,27330000
2018-08-29,62.855533599853516,63.23249816894531,63.35850143432617,62.63999938964844,62.75,36926000
2018-08-30,62.348079681396484,62.72200012207031,63.4744987487793,62.36050033569336,63.16999816894531,30104000
2018-08-31,61.22282028198242,61.59000015258789,62.627498626708984,61.287498474121094,62.61050033569336,42308000
2018-09-04,60.20443344116211,60.56549835205078,61.39350128173828,60.327999114990234,61.125999450683594,41458000
2018-09-05,59.59757995605469,59.95500183105469,60.743499755859375,58.766998291015625,60.46099853515625,53988000
2018-09-06,58.846580505371094,59.199501037597656,59.949501037597656,58.18050003051758,59.92850112915039,46854000
2018-09-07,58.52848815917969,58.87950134277344,59.4275016784668,58.4635009765625,58.599998474121094,32658000
2018-09-10,58.40273666381836,58.75299835205078,59.33300018310547,58.53049850463867,59.209999084472656,27670000
2018-09-11,59.14479064941406,59.4995002746582,59.547000885009766,58.29750061035156,58.55500030517578,29254000
2018-09-12,58.23077392578125,58.58000183105469,59.53450012207031,58.30799865722656,59.099998474121094,35716000
2018-09-13,58.7546272277832,59.106998443603516,59.393001556396484,58.46099853515625,58.98500061035156,40068000
2018-09-14,58.54786682128906,58.89899826049805,59.400001525878906,58.67599868774414,59.400001525878906,24176000
2018-09-17,57.64577865600586,57.99150085449219,59.090999603271484,57.92300033569336,58.88850021362305,34096000
2018-09-18,58.007606506347656,58.355499267578125,59.06650161743164,58.07149887084961,58.132999420166016,32314000
2018-09-19,58.36347579956055,58.7135009765625,58.813499450683594,57.930999755859375,58.448001861572266,25962000
2018-09-20,59.22331619262695,59.57849884033203,59.70000076293945,58.8125,59.03350067138672,29244000
2018-09-21,58.256614685058594,58.60599899291992,59.82899856567383,58.60300064086914,59.74599838256836,91222000
2018-09-24,58.62639617919922,58.97800064086914,59.259498596191406,57.57500076293945,57.97050094604492,31150000
2018-09-25,59.338626861572266,59.69449996948242,59.84299850463867,58.704498291015625,59.212501525878906,33152000
2018-09-26,59.34707260131836,59.702999114990234,60.36199951171875,59.27000045776367,59.68450164794922,37650000
2018-09-27,60.00811004638672,60.36800003051758,60.84299850463867,59.90250015258789,60.0,36274000
2018-09-28,59.994197845458984,60.354000091552734,60.42250061035156,59.89149856567383,60.204498291015625,35612000
2018-10-01,60.06625747680664,60.42649841308594,61.209999084472656,60.15950012207031,60.650001525878906,33164000
2018-10-02,60.022029876708984,60.38199996948242,61.22600173950195,59.983001708984375,60.333499908447266,40180000
2018-10-03,60.215362548828125,60.576499938964844,60.70899963378906,60.10749816894531,60.599998474121094,26246000
2018-10-04,58.50264358520508,58.85350036621094,60.29499816894531,58.192501068115234,60.25149917602539,46576000
2018-10-05,58.043392181396484,58.39149856567383,59.099998474121094,57.715999603271484,58.79999923706055,31852000
2018-10-08,57.451446533203125,57.79600143432617,58.792999267578125,56.77000045776367,58.0,46190000
2018-10-09,56.917144775390625,57.25849914550781,58.07749938964844,57.208499908447266,57.56549835205078,33690000
2018-10-10,54.282447814941406,54.608001708984375,56.85100173950195,54.57550048828125,56.81999969482422,58980000
2018-10-11,54.211875915527344,54.5369987487793,55.803001403808594,53.794498443603516,53.95199966430664,67696000
2018-10-12,55.692989349365234,56.027000427246094,56.291500091552734,54.75149917602539,55.981998443603516,49370000
2018-10-15,54.79338455200195,55.12200164794922,56.09000015258789,54.9109992980957,55.900001525878906,30074000
2018-10-16,56.316253662109375,56.65399932861328,56.81850051879883,55.587501525878906,55.67399978637695,38378000
2018-10-17,56.04338836669922,56.37950134277344,57.349998474121094,55.70000076293945,57.0,35652000
2018-10-18,54.568233489990234,54.89550018310547,56.61750030517578,54.31700134277344,56.5,46152000
2018-10-19,54.9295654296875,55.25899887084961,56.04750061035156,54.85150146484375,55.18550109863281,41286000
2018-10-22,55.237220764160156,55.56850051879883,56.08449935913086,55.0,55.6254997253418,27116000
2018-10-23,55.41316604614258,55.74549865722656,55.900001525878906,53.95050048828125,54.56449890136719,37686000
2018-10-24,52.540889739990234,52.85599899291992,55.83100128173828,52.75299835205078,55.75,49286000
2018-10-25,54.85054397583008,55.179500579833984,55.89099884033203,53.77750015258789,54.01499938964844,72956000
2018-10-26,53.86445617675781,54.1875,55.849998474121094,52.11149978637695,52.416500091552734,106438000
2018-10-29,51.428062438964844,51.73649978637695,55.44150161743164,50.36000061035156,54.82699966430664,81290000
2018-10-30,52.16265869140625,52.47549819946289,52.54499816894531,50.69850158691406,51.0004997253418,59768000
2018-10-31,54.20391845703125,54.52899932861328,55.400001525878906,53.40999984741211,53.40999984741211,70916000
2018-11-01,53.97528839111328,54.29899978637695,54.994998931884766,53.89099884033203,54.56999969482422,40132000
2018-11-02,53.25511169433594,53.574501037597656,54.900001525878906,53.382999420166016,54.45000076293945,43438000
2018-11-05,52.471805572509766,52.7864990234375,53.66749954223633,51.70000076293945,53.62649917602539,45358000
2018-11-06,53.15968704223633,53.47850036621094,53.99100112915039,52.68050003051758,52.750999450683594,28660000
2018-11-07,55.0816535949707,55.4119987487793,55.496498107910156,54.02949905395508,54.17449951171875,43388000
2018-11-08,54.405208587646484,54.73149871826172,55.4109992980957,54.21799850463867,55.3650016784668,33694000
2018-11-09,53.52996826171875,53.85100173950195,54.41749954223633,53.2130012512207,54.20100021362305,34860000
2018-11-12,52.155208587646484,52.46799850463867,53.70500183105469,52.01750183105469,53.65650177001953,34002000
2018-11-13,52.08612060546875,52.39849853515625,53.333499908447266,52.02000045776367,52.740501403808594,25750000
2018-11-14,52.414649963378906,52.729000091552734,53.28950119018555,52.05550003051758,53.0,34666000
2018-11-15,53.233245849609375,53.5525016784668,53.94350051879883,52.06449890136719,52.573001861572266,41584000
2018-11-16,53.095069885253906,53.41350173950195,53.62200164794922,52.744998931884766,53.26150131225586,35366000
2018-11-19,51.06474685668945,51.37099838256836,53.400001525878906,51.14350128173828,53.169498443603516,45684000
2018-11-20,51.21534729003906,51.522499084472656,51.86750030517578,50.11050033569336,50.364498138427734,54458000
2018-11-21,51.86048126220703,52.17150115966797,52.73550033569336,51.972999572753906,52.265499114990234,29698000
2018-11-23,51.19794845581055,51.505001068115234,52.150001525878906,51.42599868774414,51.67499923706055,14178000
2018-11-26,52.48224639892578,52.797000885009766,52.849998474121094,51.98849868774414,52.20000076293945,31558000
2018-11-27,52.30033493041992,52.61399841308594,53.3380012512207,52.275001525878906,52.56700134277344,33048000
2018-11-28,54.264060974121094,54.589500427246094,54.643001556396484,52.147499084472656,52.87300109863281,46042000
2018-11-29,54.40272521972656,54.729000091552734,55.00749969482422,54.099998474121094,54.17649841308594,31004000
2018-11-30,55.1517333984375,55.48249816894531,55.48249816894531,54.159000396728516,54.78150177001953,59668000
2018-12-03,55.48523712158203,55.81800079345703,56.75,55.58649826049805,56.608001708984375,57532000
2018-12-04,52.806800842285156,53.12350082397461,55.71200180053711,53.03900146484375,55.64950180053711,45630000
2018-12-06,53.582645416259766,53.90399932861328,53.97100067138672,52.124000549316406,52.25,47436000
2018-12-07,52.017032623291016,52.32899856567383,54.25149917602539,51.96849822998047,53.61149978637695,42682000
2018-12-10,52.345069885253906,52.659000396728516,52.97999954223633,51.650001525878906,52.14699935913086,33652000
2018-12-11,52.76604461669922,53.08250045776367,53.52000045776367,52.505001068115234,53.34700012207031,33852000
2018-12-12,53.3664436340332,53.686500549316406,54.58649826049805,53.5984992980957,53.854000091552734,28960000
2018-12-13,53.356998443603516,53.676998138427734,54.42100143432617,53.2495002746582,53.78350067138672,24986000
2018-12-14,52.27200698852539,52.58549880981445,53.58599853515625,52.46849822998047,53.000999450683594,36358000
2018-12-17,50.97677993774414,51.282501220703125,53.11899948120117,50.83150100708008,52.35049819946289,49932000
2018-12-18,51.85948181152344,52.170501708984375,52.984500885009766,51.52399826049805,51.70000076293945,43640000
2018-12-19,51.46434783935547,51.77299880981445,53.785499572753906,50.971500396728516,52.364498138427734,58264000
2018-12-20,50.87389373779297,51.17900085449219,52.37200164794922,50.393001556396484,51.29999923706055,53674000
2018-12-21,49.267032623291016,49.5625,51.88349914550781,49.05950164794922,51.60200119018555,104656000
2018-12-24,48.93999481201172,49.23350143432617,50.60599899291992,48.882999420166016,49.215999603271484,36360000
2018-12-26,52.08015441894531,52.39250183105469,52.42250061035156,49.63249969482422,49.89950180053711,46318000
2018-12-27,52.33115005493164,52.64500045776367,52.66699981689453,50.349998474121094,51.310001373291016,45996000
2018-12-28,52.02200698852539,52.33399963378906,53.21149826049805,52.099998474121094,52.974998474121094,34398000
2018-12-31,51.9365234375,52.24800109863281,53.14950180053711,51.652000427246094,52.89149856567383,33110000
2019-01-02,52.41962432861328,52.73400115966797,53.03950119018555,51.263999938964844,51.36000061035156,31868000
2019-01-03,50.967830657958984,51.27349853515625,53.3129997253418,51.118499755859375,52.53350067138672,41960000
2019-01-04,53.58214569091797,53.903499603271484,54.0,51.84299850463867,52.12799835205078,46022000
2019-01-07,53.47529220581055,53.79600143432617,54.1349983215332,53.13199996948242,54.048500061035156,47446000
2019-01-08,53.94497299194336,54.26850128173828,54.66749954223633,53.41749954223633,54.29999923706055,35414000
2019-01-09,53.76007843017578,54.08250045776367,54.582000732421875,53.71849822998047,54.39950180053711,26998000
2019-01-10,53.61992645263672,53.94150161743164,53.990501403808594,53.23400115966797,53.74700164794922,26598000
2019-01-11,52.90620422363281,53.2234992980957,53.66849899291992,52.82149887084961,53.494998931884766,30864000
2019-01-14,52.26206970214844,52.57550048828125,52.92250061035156,52.4275016784668,52.66699981689453,28490000
2019-01-15,54.00163269042969,54.32550048828125,54.41350173950195,52.72200012207031,52.9005012512207,37518000
2019-01-16,54.150733947753906,54.47549819946289,55.11800003051758,54.4005012512207,54.5,38280000
2019-01-17,54.628379821777344,54.95600128173828,55.03499984741211,54.16299819946289,54.39950180053711,24896000
2019-01-18,55.034934997558594,55.3650016784668,55.900001525878906,54.9640007019043,55.429500579833984,44892000
2019-01-22,53.6099853515625,53.93149948120117,54.94850158691406,53.544498443603516,54.79999923706055,39632000
2019-01-23,53.89725875854492,54.22050094604492,54.647499084472656,53.378501892089844,54.34299850463867,25194000
2019-01-24,53.87688446044922,54.20000076293945,54.400001525878906,53.500999450683594,54.1254997253418,29114000
2019-01-25,54.747161865234375,55.07550048828125,55.167999267578125,54.59000015258789,54.71149826049805,23260000
2019-01-28,53.67111587524414,53.99300003051758,54.66849899291992,53.730499267578125,54.503501892089844,29334000
2019-01-29,53.18403244018555,53.50299835205078,54.23649978637695,53.30099868774414,54.051998138427734,19704000
2019-01-30,54.57221221923828,54.89950180053711,54.97600173950195,53.832000732421875,53.86800003051758,29452000
2019-01-31,55.95889663696289,56.294498443603516,56.38349914550781,55.26250076293945,55.61199951171875,40232000
2019-02-01,55.59756851196289,55.930999755859375,56.720001220703125,55.712501525878906,56.114498138427734,33116000
2019-02-04,56.73076248168945,57.07099914550781,57.117000579833984,55.8754997253418,55.95050048828125,78408000
2019-02-05,57.25014877319336,57.59349822998047,57.63850021362305,56.18000030517578,56.48149871826172,82296000
2019-02-06,55.809791564941406,56.144500732421875,57.70000076293945,55.917999267578125,57.4635009765625,48256000
2019-02-07,54.965850830078125,55.295501708984375,55.5994987487793,54.679500579833984,55.590999603271484,38298000
2019-02-08,54.790401458740234,55.11899948120117,55.255001068115234,54.71200180053711,54.74399948120117,21766000
2019-02-11,54.77748107910156,55.10599899291992,55.67150115966797,55.0,55.1875,18498000
2019-02-12,56.04288864135742,56.37900161743164,56.643001556396484,55.550498962402344,55.550498962402344,35036000
2019-02-13,56.09507751464844,56.43149948120117,57.14250183105469,56.29999923706055,56.652000427246094,28042000
2019-02-14,56.123409271240234,56.459999084472656,56.80649948120117,55.85449981689453,56.25,21106000
2019-02-15,55.647762298583984,55.98149871826172,56.96500015258789,55.83599853515625,56.96500015258789,27826000
2019-02-19,55.989707946777344,56.32550048828125,56.481998443603516,55.832000732421875,55.832000732421875,21980000
2019-02-20,55.695472717285156,56.02949905395508,56.54650115966797,55.587501525878906,56.444000244140625,24090000
2019-02-21,54.88135528564453,55.21049880981445,55.95750045776367,54.89899826049805,55.93899917602539,33272000
2019-02-22,55.495174407958984,55.827999114990234,55.86249923706055,55.025001525878906,55.48500061035156,29436000
2019-02-25,55.533447265625,55.86650085449219,56.27000045776367,55.705501556396484,56.096500396728516,26208000
2019-02-26,55.76605224609375,56.10049819946289,56.321998596191406,55.334999084472656,55.71849822998047,35026000
2019-02-27,55.809791564941406,56.144500732421875,56.2864990234375,55.428001403808594,55.70050048828125,22092000
2019-02-28,55.99169921875,56.32749938964844,56.699501037597656,55.920501708984375,55.95000076293945,27422000
2019-03-01,57.083648681640625,57.42599868774414,57.5,56.54999923706055,56.54999923706055,34086000
2019-03-04,57.32719039916992,57.67100143432617,58.2760009765625,56.912498474121094,57.72800064086914,35490000
2019-03-05,58.11098861694336,58.45949935913086,58.824501037597656,57.6510009765625,57.79999923706055,40094000
2019-03-06,57.89975357055664,58.24700164794922,58.73699951171875,58.15250015258789,58.5880012512207,23602000
2019-03-07,57.199459075927734,57.54249954223633,58.17900085449219,57.08549880981445,58.025001525878906,30086000
2019-03-08,57.15571975708008,57.49850082397461,57.67250061035156,56.5099983215332,56.69499969482422,23694000
2019-03-11,58.61149215698242,58.9630012512207,58.99549865722656,57.57849884033203,57.599998474121094,30032000
2019-03-12,59.50562286376953,59.86249923706055,60.285499572753906,59.1150016784668,59.1150016784668,42220000
2019-03-13,59.595584869384766,59.952999114990234,60.35599899291992,59.89550018310547,60.29650115966797,25888000
2019-03-14,59.27103042602539,59.62649917602539,60.23500061035156,59.561500549316406,59.95100021362305,27302000
2019-03-15,59.160194396972656,59.51499938964844,60.08599853515625,59.35049819946289,59.900001525878906,51886000
2019-03-18,59.073219299316406,59.4275016784668,59.747501373291016,59.07400131225586,59.484500885009766,24442000
2019-03-19,59.76457214355469,60.12300109863281,60.170501708984375,59.472999572753906,59.58599853515625,29788000
2019-03-20,60.95592498779297,61.32149887084961,61.4995002746582,59.97949981689453,60.06999969482422,41508000
2019-03-21,61.43803405761719,61.80649948120117,61.821998596191406,60.82899856567383,61.0,28150000
2019-03-22,60.022525787353516,60.38249969482422,61.68149948120117,60.29999923706055,61.442501068115234,34422000
2019-03-25,59.5120849609375,59.86899948120117,60.47200012207031,59.5,59.97800064086914,27576000
2019-03-26,59.137332916259766,59.492000579833984,60.38249969482422,59.0880012512207,60.259498596191406,30752000
2019-03-27,58.54935836791992,58.9005012512207,59.59600067138672,58.21149826049805,59.59600067138672,29428000
2019-03-28,58.26407241821289,58.61349868774414,58.86249923706055,58.17150115966797,58.775001525878906,22402000
2019-03-29,58.49369430541992,58.84450149536133,59.19850158691406,58.319000244140625,59.00899887084961,30890000
2019-04-01,59.591609954833984,59.94900131225586,60.0099983215332,59.31800079345703,59.37699890136719,27706000
2019-04-02,59.91765213012695,60.277000427246094,60.29050064086914,59.5620002746582,60.002498626708984,18288000
2019-04-03,60.17958450317383,60.54050064086914,61.029998779296875,60.25400161743164,60.6349983215332,22180000
2019-04-04,60.6090087890625,60.97249984741211,61.02750015258789,60.45199966430664,60.56449890136719,21022000
2019-04-05,60.21139144897461,60.5724983215332,61.019500732421875,60.50149917602539,60.96500015258789,20012000
2019-04-08,60.05384063720703,60.41400146484375,60.6974983215332,60.23500061035156,60.55550003051758,21750000
2019-04-09,59.776004791259766,60.134498596191406,60.35749816894531,59.91899871826172,60.09450149536133,19668000
2019-04-10,59.96288299560547,60.3224983215332,60.446998596191406,60.03300094604492,60.25450134277344,15510000
2019-04-11,60.11894607543945,60.47949981689453,60.637001037597656,60.22700119018555,60.44499969482422,16998000
2019-04-12,60.772029876708984,61.13650131225586,61.15250015258789,60.66450119018555,60.78099822998047,24312000
2019-04-15,60.96089553833008,61.326499938964844,61.46500015258789,60.72800064086914,61.204498291015625,23796000
2019-04-16,61.22829818725586,61.59550094604492,61.79899978637695,61.25199890136719,61.5,22622000
2019-04-17,61.6373405456543,62.00699996948242,62.255001068115234,61.64500045776367,61.849998474121094,30366000
2019-04-18,61.70344543457031,62.07350158691406,62.297000885009766,61.97050094604492,62.25,24750000
2019-04-22,62.31428146362305,62.6879997253418,62.71699905395508,61.66849899291992,61.833499908447266,19084000
2019-04-23,63.150760650634766,63.52949905395508,63.721500396728516,62.5984992980957,62.832000732421875,31868000
2019-04-24,62.62690353393555,63.002498626708984,63.70000076293945,62.990501403808594,63.52949905395508,23396000
2019-04-25,62.98923110961914,63.367000579833984,63.63999938964844,62.900001525878906,63.51499938964844,31344000
2019-04-26,63.490230560302734,63.87099838256836,63.945499420166016,63.25,63.66899871826172,27228000
2019-04-29,64.42363739013672,64.80999755859375,64.84850311279297,63.58549880981445,64.02549743652344,72368000
2019-04-30,59.59061813354492,59.948001861572266,60.04899978637695,59.150001525878906,59.53150177001953,133178000
2019-05-01,58.316261291503906,58.66600036621094,59.962501525878906,58.58399963378906,59.875,74340000
2019-05-02,57.977787017822266,58.32550048828125,58.96900177001953,57.916500091552734,58.630001068115234,45098000
2019-05-03,59.122920989990234,59.477500915527344,59.56999969482422,58.6775016784668,58.87049865722656,41588000
2019-05-06,59.317256927490234,59.67300033569336,59.77149963378906,58.55799865722656,58.599998474121094,31774000
2019-05-07,58.591609954833984,58.94300079345703,59.73849868774414,58.25,59.29050064086914,36604000
2019-05-08,58.19001770019531,58.53900146484375,59.2135009765625,58.381500244140625,58.864498138427734,25520000
2019-05-09,58.05034637451172,58.39849853515625,58.70349884033203,57.731998443603516,58.130001068115234,29556000
2019-05-10,58.03395080566406,58.38199996948242,58.81399917602539,57.31850051879883,58.44200134277344,31650000
2019-05-13,56.49070358276367,56.829498291015625,57.5984992980957,56.275001525878906,57.262001037597656,45626000
2019-05-14,55.90769958496094,56.24300003051758,57.243499755859375,56.17649841308594,57.11600112915039,40392000
2019-05-15,58.19101333618164,58.540000915527344,58.915000915527344,56.06999969482422,56.127498626708984,59302000
2019-05-16,58.87192153930664,59.224998474121094,59.70800018310547,58.42250061035156,58.59199905395508,35308000
2019-05-17,58.09061050415039,58.43899917602539,59.31449890136719,58.32099914550781,58.791500091552734,25362000
2019-05-20,56.89179992675781,57.233001708984375,57.650001525878906,56.90700149536133,57.650001525878906,30602000
2019-05-21,57.37788772583008,57.72200012207031,57.900001525878906,57.16550064086914,57.7239990234375,20562000
2019-05-22,57.44796371459961,57.79249954223633,58.18899917602539,57.54999923706055,57.5625,18826000
2019-05-23,56.92559814453125,57.266998291015625,57.502498626708984,56.65800094604492,57.30350112915039,25214000
2019-05-24,56.591102600097656,56.93050003051758,57.71799850463867,56.83549880981445,57.599998474121094,18554000
2019-05-28,56.63832092285156,56.97800064086914,57.824501037597656,56.93349838256836,57.07400131225586,20948000
2019-05-29,55.66317367553711,55.99700164794922,56.75,55.59749984741211,56.6349983215332,36230000
2019-05-30,55.73623275756836,56.070499420166016,56.34000015258789,55.79499816894531,56.00749969482422,18088000
2019-05-31,54.995174407958984,55.32500076293945,55.66999816894531,55.16749954223633,55.28200149536133,31582000
2019-06-03,51.62737274169922,51.9370002746582,53.349998474121094,51.35150146484375,53.346500396728516,96890000
2019-06-04,52.41017532348633,52.7244987487793,52.922000885009766,51.80149841308594,52.2244987487793,60512000
2019-06-05,51.92061233520508,52.231998443603516,52.84049987792969,51.650001525878906,52.75,46988000
2019-06-06,52.07569122314453,52.38800048828125,52.5,51.7755012512207,52.31050109863281,29020000
2019-06-07,53.100040435791016,53.41849899291992,53.67150115966797,52.557498931884766,52.7140007019043,43828000
2019-06-10,53.81525421142578,54.13800048828125,54.742000579833984,53.763999938964844,53.849998474121094,28510000
2019-06-11,53.72976303100586,54.051998138427734,55.20050048828125,53.97850036621094,54.8494987487793,33508000
2019-06-12,53.63334655761719,53.95500183105469,54.125999450683594,53.47999954223633,53.997501373291016,23670000
2019-06-13,54.22529602050781,54.550498962402344,54.829498291015625,54.128501892089844,54.23550033569336,20814000
2019-06-14,53.99119567871094,54.314998626708984,54.737998962402344,54.07400131225586,54.48699951171875,24582000
2019-06-17,54.368431091308594,54.69449996948242,55.06399917602539,54.400001525878906,54.45500183105469,19770000
2019-06-18,54.93254852294922,55.262001037597656,55.93899917602539,55.03950119018555,55.57500076293945,34526000
2019-06-19,54.896263122558594,55.22549819946289,55.471500396728516,54.80149841308594,55.36199951171875,26714000
2019-06-20,55.32817840576172,55.65999984741211,56.13600158691406,55.349998474121094,56.084999084472656,24018000
2019-06-21,55.93305206298828,56.26850128173828,56.32849884033203,55.486000061035156,55.49300003051758,50774000
2019-06-24,55.502132415771484,55.834999084472656,56.17850112915039,55.66550064086914,56.0,24236000
2019-06-25,54.05481719970703,54.37900161743164,55.78499984741211,54.22999954223633,55.75400161743164,31644000
2019-06-26,53.693973541259766,54.01599884033203,54.75600051879883,53.68450164794922,54.54999923706055,34698000
2019-06-27,53.510581970214844,53.83150100708008,54.42300033569336,53.79249954223633,54.337501525878906,24078000
2019-06-28,53.817237854003906,54.13999938964844,54.13999938964844,53.689998626708984,53.86149978637695,33672000
2019-07-01,54.672115325927734,55.0,55.429500579833984,54.76649856567383,55.051998138427734,29196000
2019-07-02,55.29835891723633,55.630001068115234,55.644500732421875,54.98350143432617,55.24150085449219,20630000
2019-07-03,55.814762115478516,56.14950180053711,56.39950180053711,55.74250030517578,55.92499923706055,20154000
2019-07-05,56.295875549316406,56.63349914550781,56.73249816894531,55.875,55.96849822998047,29794000
2019-07-08,55.50660705566406,55.839500427246094,56.36050033569336,55.5880012512207,56.29349899291992,29888000
2019-07-09,55.879371643066406,56.214500427246094,56.393001556396484,55.35749816894531,55.51599884033203,29472000
2019-07-10,56.705421447753906,57.045501708984375,57.117000579833984,56.53300094604492,56.61600112915039,30710000
2019-07-11,56.862972259521484,57.20399856567383,57.6619987487793,56.97650146484375,57.30799865722656,26004000
2019-07-12,56.92559814453125,57.266998291015625,57.375,56.928001403808594,57.14649963378906,21878000
2019-07-15,57.182559967041016,57.5255012512207,57.534000396728516,57.0,57.266998291015625,21164000
2019-07-16,57.32917785644531,57.67300033569336,57.92900085449219,57.33649826049805,57.33649826049805,25352000
2019-07-17,56.995182037353516,57.33700180053711,57.922000885009766,57.33100128173828,57.54600143432617,19538000
2019-07-18,57.02003479003906,57.36199951171875,57.40850067138672,56.643001556396484,57.099998474121094,25450000
2019-07-19,56.240211486816406,56.57749938964844,57.57899856567383,56.5625,57.465999603271484,23184000
2019-07-22,56.62092590332031,56.96049880981445,57.000999450683594,56.260501861572266,56.77349853515625,28914000
2019-07-23,57.06029510498047,57.40250015258789,57.44300079345703,56.64250183105469,57.17250061035156,20648000
2019-07-24,56.64677047729492,56.98649978637695,57.27299880981445,56.425498962402344,56.63100051879883,27192000
2019-07-25,56.45840072631836,56.797000885009766,57.179500579833984,56.18550109863281,56.9474983215332,54762000
2019-07-26,61.889827728271484,62.26100158691406,63.419498443603516,61.400001525878906,61.400001525878906,121216000
2019-07-29,61.721832275390625,62.09199905395508,62.449501037597656,61.5099983215332,62.125,41382000
2019-07-30,61.03395462036133,61.400001525878906,61.84550094604492,61.26599884033203,61.349998474121094,28616000
2019-07-31,60.546878814697266,60.90999984741211,61.74549865722656,60.409000396728516,61.243499755859375,39960000
2019-08-01,60.2277946472168,60.5890007019043,61.814998626708984,60.349998474121094,60.881500244140625,35426000
2019-08-02,59.45940399169922,59.816001892089844,60.474998474121094,59.5,60.150001525878906,34910000
2019-08-05,57.393287658691406,57.73749923706055,58.84400177001953,57.13750076293945,58.64849853515625,47840000
2019-08-06,58.20492172241211,58.55400085449219,59.06999969482422,58.076499938964844,58.2760009765625,36014000
2019-08-07,58.44498825073242,58.795501708984375,58.993499755859375,57.54199981689453,57.88999938964844,30686000
2019-08-08,59.9499626159668,60.30950164794922,60.31399917602539,58.70000076293945,59.32149887084961,30116000
2019-08-09,59.090614318847656,59.44499969482422,60.222999572753906,59.24449920654297,59.9995002746582,20418000
2019-08-12,58.374900817871094,58.724998474121094,59.28049850463867,58.43600082397461,59.0,22064000
2019-08-13,59.479774475097656,59.83649826049805,60.27149963378906,58.64950180053711,58.717498779296875,28434000
2019-08-14,57.86546325683594,58.212501525878906,59.13949966430664,58.05350112915039,58.80350112915039,35430000
2019-08-15,58.11745071411133,58.465999603271484,58.82099914550781,58.150001525878906,58.42150115966797,28506000
2019-08-16,58.60900115966797,58.96049880981445,59.19200134277344,58.650001525878906,59.03950119018555,24916000
2019-08-19,59.6641731262207,60.02199935913086,60.46950149536133,59.52000045776367,59.59149932861328,24450000
2019-08-20,58.8237190246582,59.17649841308594,59.900001525878906,59.15250015258789,59.76750183105469,20206000
2019-08-21,59.22381591796875,59.57899856567383,60.02799987792969,59.395999908447266,59.79100036621094,14152000
2019-08-22,59.220829010009766,59.57600021362305,59.93899917602539,58.945499420166016,59.689998626708984,17352000
2019-08-23,57.335147857666016,57.67900085449219,59.78350067138672,57.5,59.25849914550781,36254000
2019-08-26,58.209896087646484,58.558998107910156,58.59299850463867,57.74250030517578,57.97249984741211,21166000
2019-08-27,58.19200134277344,58.54100036621094,59.25,58.22800064086914,59.150001525878906,23460000
2019-08-28,58.337623596191406,58.6875,58.92499923706055,58.01250076293945,58.243499755859375,16810000
2019-08-29,59.35602569580078,59.71200180053711,59.95949935913086,59.263999938964844,59.32099914550781,19636000
2019-08-30,59.171627044677734,59.5265007019043,60.01750183105469,59.2859992980957,60.01750183105469,18064000
2019-09-03,58.12887954711914,58.477500915527344,59.45399856567383,58.18550109863281,59.092498779296875,25908000
2019-09-04,58.76108932495117,59.11349868774414,59.24399948120117,58.576499938964844,58.97249984741211,21312000
2019-09-05,60.2481689453125,60.609500885009766,60.70000076293945,59.634498596191406,59.68299865722656,26394000
2019-09-06,59.956424713134766,60.316001892089844,60.647499084472656,60.16299819946289,60.457000732421875,18972000
2019-09-09,59.904232025146484,60.26350021362305,61.02750015258789,59.65850067138672,60.354000091552734,31854000
2019-09-10,59.92560958862305,60.28499984741211,60.5,59.800498962402344,59.804500579833984,27922000
2019-09-11,60.63634490966797,61.0,61.12350082397461,60.11399841308594,60.19449996948242,23522000
2019-09-12,61.3803825378418,61.74850082397461,62.12099838256836,61.12799835205078,61.173500061035156,31644000
2019-09-13,61.631874084472656,62.00149917602539,62.0525016784668,61.354000091552734,61.605499267578125,23676000
2019-09-16,61.214378356933594,61.58150100708008,61.95100021362305,61.259498596191406,61.52199935913086,28218000
2019-09-17,61.12739562988281,61.49399948120117,61.75,61.16749954223633,61.58150100708008,20806000
2019-09-18,61.26506805419922,61.63249969482422,61.8120002746582,60.82350158691406,61.512001037597656,17440000
2019-09-19,61.56825637817383,61.9375,62.21699905395508,61.615501403808594,61.61600112915039,16554000
2019-09-20,61.12541198730469,61.492000579833984,62.13999938964844,61.17900085449219,61.68199920654297,37692000
2019-09-23,61.3664665222168,61.734500885009766,61.98400115966797,61.18899917602539,61.32849884033203,20798000
2019-09-24,60.553340911865234,60.916500091552734,62.355499267578125,60.53200149536133,62.0,35804000
2019-09-25,61.92560958862305,62.297000885009766,62.4010009765625,60.459999084472656,60.800498962402344,26798000
2019-09-26,61.744197845458984,62.114498138427734,62.23350143432617,61.590999603271484,62.106998443603516,23166000
2019-09-27,60.932071685791016,61.29750061035156,62.2495002746582,60.7599983215332,62.14149856567383,34122000
2019-09-30,60.69300079345703,61.05699920654297,61.37049865722656,60.67100143432617,61.029998779296875,24470000
2019-10-01,59.940513610839844,60.29999923706055,61.643001556396484,60.27750015258789,61.1245002746582,24504000
2019-10-02,58.54488754272461,58.895999908447266,59.9379997253418,58.631500244140625,59.82500076293945,33030000
2019-10-03,59.11695098876953,59.471500396728516,59.54999923706055,58.15700149536133,59.16699981689453,28368000
2019-10-04,60.187034606933594,60.54800033569336,60.62300109863281,59.548500061035156,59.714500427246094,24282000
2019-10-07,60.05234146118164,60.412498474121094,60.945499420166016,60.21799850463867,60.349998474121094,17040000
2019-10-08,59.1517448425293,59.506500244140625,60.34349822998047,59.4739990234375,59.938499450683594,20086000
2019-10-09,59.76158905029297,60.119998931884766,60.42300033569336,59.90599822998047,60.06650161743164,15948000
2019-10-10,60.112979888916016,60.4734992980957,60.78099822998047,59.893001556396484,59.93000030517578,12842000
2019-10-11,60.42312240600586,60.785499572753906,61.4375,60.68199920654297,61.201499938964844,22330000
2019-10-14,60.525508880615234,60.88850021362305,61.29399871826172,60.59400177001953,60.69449996948242,13296000
2019-10-15,61.74171447753906,62.11199951171875,62.35649871826172,61.04600143432617,61.07500076293945,27584000
2019-10-16,61.77949142456055,62.150001525878906,62.70949935913086,61.92649841308594,62.09049987792969,22986000
2019-10-17,62.26656723022461,62.63999938964844,63.1875,62.493499755859375,62.56999969482422,20958000
2019-10-18,61.84956741333008,62.22050094604492,62.90549850463867,62.00699996948242,62.734500885009766,31624000
2019-10-21,61.84310531616211,62.2140007019043,62.675498962402344,61.9995002746582,62.435001373291016,18094000
2019-10-22,61.690025329589844,62.060001373291016,62.436500549316406,61.99250030517578,62.2239990234375,22862000
2019-10-23,62.506629943847656,62.881500244140625,62.902000427246094,62.010501861572266,62.010501861572266,21282000
2019-10-24,62.58018493652344,62.955501556396484,63.14500045776367,62.61750030517578,62.955501556396484,20224000
2019-10-25,62.838138580322266,63.21500015258789,63.400001525878906,62.45750045776367,62.599998474121094,27104000
2019-10-28,64.06478118896484,64.4489974975586,64.96199798583984,63.615501403808594,63.75,65428000
2019-10-29,62.6572265625,63.03300094604492,64.04000091552734,62.78049850463867,63.79999923706055,52654000
2019-10-30,62.659210205078125,63.03499984741211,63.4010009765625,62.532501220703125,62.75749969482422,29204000
2019-10-31,62.56477737426758,62.939998626708984,63.32600021362305,62.4739990234375,63.0,31904000
2019-11-01,63.2332649230957,63.61249923706055,63.650001525878906,62.98550033569336,63.290000915527344,28812000
2019-11-04,64.0960922241211,64.48049926757812,64.625,63.80550003051758,63.80550003051758,30632000
2019-11-05,64.18704986572266,64.5719985961914,64.86199951171875,64.46900177001953,64.55999755859375,25148000
2019-11-06,64.16568756103516,64.55049896240234,64.64949798583984,64.1135025024414,64.50450134277344,24626000
2019-11-07,64.95742797851562,65.34700012207031,66.13249969482422,64.6875,64.71399688720703,45140000
2019-11-08,65.05982208251953,65.44999694824219,65.85549926757812,65.07599639892578,65.07599639892578,30392000
2019-11-11,64.52700805664062,64.91400146484375,65.24500274658203,64.79350280761719,65.19999694824219,17234000
2019-11-12,64.47382354736328,64.8604965209961,65.46749877929688,64.71199798583984,64.92849731445312,28852000
2019-11-13,64.42263793945312,64.80899810791016,65.1259994506836,64.60749816894531,64.65899658203125,20538000
2019-11-14,65.0672607421875,65.4574966430664,65.78600311279297,64.6969985961914,64.75,28948000
2019-11-15,66.27950286865234,66.677001953125,66.677001953125,65.59449768066406,65.75250244140625,39286000
2019-11-18,65.59857940673828,65.99199676513672,66.69599914550781,65.80799865722656,66.61699676513672,27984000
2019-11-19,65.23825073242188,65.62950134277344,66.33149719238281,65.5885009765625,66.33149719238281,21864000
2019-11-20,64.70494079589844,65.09300231933594,65.6604995727539,64.46050262451172,65.56800079345703,28892000
2019-11-21,64.61945343017578,65.00700378417969,65.55599975585938,64.5374984741211,64.9625015258789,25546000
2019-11-22,64.29789733886719,64.68350219726562,65.34500122070312,64.46800231933594,65.1500015258789,27776000
2019-11-25,64.89281463623047,65.28199768066406,65.52050018310547,64.78050231933594,64.81300354003906,23590000
2019-11-26,65.25862884521484,65.6500015258789,65.70050048828125,65.2020034790039,65.49549865722656,21910000
2019-11-27,65.21537780761719,65.60649871826172,65.88200378417969,65.47350311279297,65.77100372314453,18808000
2019-11-29,64.8157730102539,65.20449829101562,65.49749755859375,65.1614990234375,65.33000183105469,12802000
2019-12-02,64.05882263183594,64.44300079345703,65.27200317382812,64.01899719238281,65.12799835205078,26538000
2019-12-03,64.35106658935547,64.73699951171875,64.86150360107422,63.852500915527344,63.93299865722656,25270000
2019-12-04,65.55384826660156,65.9469985961914,66.2135009765625,65.15249633789062,65.30500030517578,35506000
2019-12-05,65.95246124267578,66.3479995727539,66.39900207519531,65.71600341796875,66.3499984741211,24408000
2019-12-06,66.57025146484375,66.96949768066406,67.12349700927734,66.5615005493164,66.63749694824219,32968000
2019-12-09,66.74917602539062,67.14949798583984,67.87750244140625,66.80349731445312,66.94300079345703,30842000
2019-12-10,66.74421691894531,67.14450073242188,67.4000015258789,66.69999694824219,66.99700164794922,17606000
2019-12-11,66.81180572509766,67.2125015258789,67.49449920654297,67.05500030517578,67.41500091552734,20480000
2019-12-12,67.02254486083984,67.42449951171875,67.72899627685547,66.91000366210938,67.1604995727539,29114000
2019-12-13,66.94203186035156,67.34349822998047,67.56749725341797,67.08300018310547,67.3949966430664,33170000
2019-12-16,67.62940216064453,68.03500366210938,68.17649841308594,67.53050231933594,67.75,28128000
2019-12-17,67.34063720703125,67.74449920654297,68.21649932861328,67.53849792480469,68.12049865722656,32948000
2019-12-18,67.19252014160156,67.59549713134766,67.97149658203125,67.52300262451172,67.8499984741211,23330000
2019-12-19,67.41767120361328,67.8219985961914,67.87650299072266,67.4375,67.59549713134766,28922000
2019-12-20,67.15821838378906,67.56099700927734,68.19999694824219,67.5364990234375,68.15499877929688,50090000
2019-12-23,67.12891387939453,67.53150177001953,68.09249877929688,67.4000015258789,67.9365005493164,19936000
2019-12-24,66.82074737548828,67.22149658203125,67.60050201416016,67.20850372314453,67.510498046875,13468000
2019-12-26,67.71736907958984,68.12349700927734,68.16000366210938,67.27549743652344,67.32749938964844,23662000
2019-12-27,67.32820892333984,67.73200225830078,68.35250091552734,67.6500015258789,68.19999694824219,23212000
2019-12-30,66.5861587524414,66.9854965209961,67.8499984741211,66.89199829101562,67.84049987792969,19994000
2019-12-31,66.57025146484375,66.96949768066406,67.03299713134766,66.60649871826172,66.78949737548828,19514000
2020-01-02,68.02601623535156,68.43399810791016,68.43399810791016,67.32450103759766,67.42050170898438,27278000
2020-01-03,67.67015838623047,68.07599639892578,68.6875,67.36599731445312,67.4000015258789,23408000
2020-01-06,69.47383880615234,69.8905029296875,69.91600036621094,67.55000305175781,67.58149719238281,46768000
2020-01-07,69.33965301513672,69.75550079345703,70.17500305175781,69.5780029296875,70.02300262451172,34330000
2020-01-08,69.83317565917969,70.25199890136719,70.59249877929688,69.63150024414062,69.74099731445312,35314000
2020-01-09,70.56629180908203,70.989501953125,71.43399810791016,70.510498046875,71.09649658203125,33200000
2020-01-10,71.02205657958984,71.447998046875,71.74700164794922,70.9800033569336,71.47350311279297,26258000
2020-01-13,71.57225799560547,72.00150299072266,72.0739974975586,71.26850128173828,71.76249694824219,30730000
2020-01-14,71.10308074951172,71.52950286865234,72.13150024414062,71.38849639892578,72.0,26076000
2020-01-15,71.531005859375,71.95999908447266,72.03900146484375,71.58300018310547,71.6510009765625,21550000
2020-01-16,72.07574462890625,72.50800323486328,72.53500366210938,72.0,72.27249908447266,26080000
2020-01-17,73.53498840332031,73.97599792480469,74.02749633789062,72.82749938964844,73.12699890136719,52424000
2020-01-21,73.67066955566406,74.11250305175781,74.49400329589844,73.510498046875,73.94999694824219,48930000
2020-01-22,73.75118255615234,74.19349670410156,75.02899932861328,74.13300323486328,74.48650360107422,28458000
2020-01-23,73.79193878173828,74.2344970703125,74.67500305175781,74.01599884033203,74.37750244140625,26650000
2020-01-24,72.87147521972656,73.30850219726562,74.70999908447266,73.15899658203125,74.64099884033203,29786000
2020-01-27,71.15973663330078,71.58650207519531,71.8290023803711,70.9749984741211,71.5770034790039,34132000
2020-01-28,72.09263610839844,72.5250015258789,72.73999786376953,71.51799774169922,72.08699798583984,29724000
2020-01-29,72.40078735351562,72.83499908447266,73.20700073242188,72.26950073242188,72.9229965209961,21566000
2020-01-30,72.27901458740234,72.7125015258789,72.76249694824219,71.75,71.90499877929688,27110000
2020-01-31,71.2119140625,71.63899993896484,73.4834976196289,71.35299682617188,73.39299774169922,43822000
2020-02-03,73.68805694580078,74.12999725341797,74.31500244140625,72.83049774169922,73.0824966430664,71636000
2020-02-04,71.83965301513672,72.27050018310547,73.36699676513672,71.10150146484375,72.72450256347656,95880000
2020-02-05,71.87146759033203,72.30249786376953,73.22899627685547,71.48400115966797,73.18049621582031,36376000
2020-02-06,73.35853576660156,73.79850006103516,74.0780029296875,72.52400207519531,72.5989990234375,37822000
2020-02-07,73.51461791992188,73.95549774169922,74.26249694824219,73.27050018310547,73.36949920654297,28360000
2020-02-10,74.9832992553711,75.43299865722656,75.44400024414062,73.76000213623047,73.86150360107422,38302000
2020-02-11,75.0528793334961,75.50299835205078,76.49400329589844,75.27249908447266,75.66349792480469,34852000
2020-02-12,75.47883605957031,75.93150329589844,76.01499938964844,75.43350219726562,75.79299926757812,31042000
2020-02-13,75.21839141845703,75.66950225830078,76.29750061035156,75.19999694824219,75.5,22914000
2020-02-14,75.48379516601562,75.9365005493164,76.00250244140625,75.27749633789062,75.72650146484375,23198000
2020-02-18,75.51908874511719,75.97200012207031,76.52799987792969,75.55049896240234,75.71700286865234,25642000
2020-02-19,75.7889633178711,76.24349975585938,76.53700256347656,76.04900360107422,76.36000061035156,22746000
2020-02-20,75.39730834960938,75.84950256347656,76.35350036621094,75.21299743652344,75.95050048828125,25962000
2020-02-21,73.73080444335938,74.1729965209961,75.54750061035156,73.92449951171875,75.22899627685547,42520000
2020-02-24,70.56976318359375,70.99299621582031,71.81900024414062,70.3395004272461,71.15249633789062,49560000
2020-02-25,68.90277099609375,69.31600189208984,71.84249877929688,69.02100372314453,71.55000305175781,51580000
2020-02-26,69.1090316772461,69.52349853515625,70.68350219726562,68.82749938964844,69.7490005493164,49776000
2020-02-27,65.35553741455078,65.74749755859375,68.47000122070312,65.71199798583984,67.95700073242188,62290000
2020-02-28,66.56330108642578,66.9625015258789,67.12249755859375,63.410499572753906,63.71549987792969,80198000
2020-03-02,68.90277099609375,69.31600189208984,69.37349700927734,66.26000213623047,67.56950378417969,55430000
2020-03-03,66.48725128173828,66.88600158691406,70.40950012207031,66.46199798583984,69.88400268554688,56602000
2020-03-04,68.66817474365234,69.08000183105469,69.13899993896484,66.8499984741211,67.947998046875,47598000
2020-03-05,65.34609985351562,65.73799896240234,67.68150329589844,65.08200073242188,67.27749633789062,54380000
2020-03-06,64.40076446533203,64.78700256347656,65.13749694824219,62.86050033569336,63.497501373291016,64640000
2020-03-09,60.42709732055664,60.78950119018555,62.63650131225586,59.902000427246094,60.24800109863281,69252000
2020-03-10,63.37839889526367,63.75849914550781,63.79249954223633,60.72549819946289,62.71950149536133,54872000
2020-03-11,60.184051513671875,60.54499816894531,62.846500396728516,59.55699920654297,62.41350173950195,54732000
2020-03-12,55.24617004394531,55.57749938964844,59.4375,55.423500061035156,56.13100051879883,94326000
2020-03-13,60.3515510559082,60.7135009765625,60.720001220703125,55.614498138427734,58.7495002746582,79400000
2020-03-16,53.33015823364258,53.650001525878906,57.27349853515625,53.354000091552734,54.480499267578125,96520000
2020-03-17,55.569725036621094,55.90299987792969,56.29999923706055,52.45500183105469,54.53200149536133,83194000
2020-03-18,54.2342414855957,54.55950164794922,55.2495002746582,51.849998474121094,52.99700164794922,93044000
2020-03-19,55.252132415771484,55.583499908447266,57.63050079345703,52.77750015258789,54.4109992980957,74064000
2020-03-20,53.09208679199219,53.410499572753906,56.92399978637695,53.10499954223633,56.54499816894531,82878000
2020-03-23,52.39228439331055,52.70650100708008,53.34550094604492,50.44350051879883,52.81850051879883,83672000
2020-03-24,56.16366958618164,56.5004997253418,56.666500091552734,54.32149887084961,55.19900131225586,72468000
2020-03-25,54.752628326416016,55.08100128173828,57.30849838256836,54.1505012512207,56.229000091552734,90324000
2020-03-26,57.79935836791992,58.145999908447266,58.57400131225586,54.60150146484375,55.736000061035156,76562000
2020-03-27,55.18205261230469,55.51300048828125,57.5525016784668,55.20000076293945,56.37350082397461,62794000
2020-03-30,56.97380828857422,57.31549835205078,57.54999923706055,54.92449951171875,56.63199996948242,58736000
2020-03-31,57.75114440917969,58.09749984741211,58.66999816894531,56.83599853515625,57.436500549316406,65228000
2020-04-01,54.776485443115234,55.10499954223633,56.47100067138672,54.67449951171875,56.20000076293945,51970000
2020-04-02,55.51853942871094,55.85150146484375,56.13850021362305,54.65650177001953,55.0,56410000
2020-04-03,54.30928421020508,54.6349983215332,55.93949890136719,53.75400161743164,55.73550033569336,51374000
2020-04-06,58.806819915771484,59.15950012207031,59.537498474121094,56.25,56.650001525878906,63320000
2020-04-07,58.7755012512207,59.12799835205078,61.03900146484375,58.86249923706055,60.85049819946289,61620000
2020-04-08,59.99021530151367,60.349998474121094,60.744998931884766,59.1974983215332,60.154998779296875,40334000
2020-04-09,59.96884536743164,60.32849884033203,61.0994987487793,59.62099838256836,60.909000396728516,54028000
2020-04-13,60.15970230102539,60.52050018310547,60.72600173950195,59.11650085449219,60.07500076293945,38702000
2020-04-14,62.88436508178711,63.26150131225586,63.787498474121094,61.426998138427734,61.99850082397461,63358000
2020-04-15,62.49022674560547,62.8650016784668,63.75550079345703,61.70000076293945,62.32550048828125,42236000
2020-04-16,62.49668502807617,62.871498107910156,63.667999267578125,61.90999984741211,63.356998443603516,57896000
2020-04-17,63.568756103515625,63.95000076293945,64.5,63.29999923706055,64.08499908447266,51050000
2020-04-20,62.68157958984375,63.057498931884766,63.840999603271484,62.821998596191406,63.49449920654297,35292000
2020-04-21,60.24668502807617,60.608001708984375,62.5,60.25,62.135501861572266,49648000
2020-04-22,62.54539489746094,62.920501708984375,63.99399948120117,61.86000061035156,62.05550003051758,46296000
2020-04-23,63.179588317871094,63.55849838256836,64.40750122070312,63.0265007019043,63.2869987487793,34202000
2020-04-24,63.4494743347168,63.83000183105469,63.885501861572266,62.20000076293945,62.75,37402000
2020-04-27,63.164180755615234,63.542999267578125,64.70500183105469,63.25299835205078,64.5999984741211,44186000
2020-04-28,61.26209259033203,61.62950134277344,64.23799896240234,61.51900100708008,64.16000366210938,80700000
2020-04-29,66.70892333984375,67.10900115966797,68.00749969482422,66.33650207519531,67.25,108358000
2020-04-30,66.9335708618164,67.33499908447266,67.5,66.07499694824219,66.56800079345703,55842000
2020-05-01,65.47332763671875,65.86599731445312,67.57150268554688,65.48300170898438,66.20449829101562,48872000
2020-05-04,65.75067138671875,66.1449966430664,66.22350311279297,64.80049896240234,65.40650177001953,30806000
2020-05-05,67.04888916015625,67.45099639892578,68.55049896240234,66.75150299072266,66.875,39666000
2020-05-06,66.8704605102539,67.27149963378906,68.43450164794922,67.25650024414062,67.9000015258789,31732000
2020-05-07,68.05584716796875,68.46399688720703,68.80000305175781,67.62699890136719,68.06549835205078,30652000
2020-05-08,68.80436706542969,69.21700286865234,69.83200073242188,68.60050201416016,69.09100341796875,33326000
2020-05-11,69.76111602783203,70.17949676513672,70.77649688720703,68.7750015258789,68.8395004272461,32718000
2020-05-12,68.34908294677734,68.75900268554688,70.71649932861328,68.72550201416016,70.41100311279297,33918000
2020-05-13,67.01458740234375,67.41649627685547,69.2665023803711,66.40049743652344,68.80799865722656,40368000
2020-05-14,67.43855285644531,67.84300231933594,67.86849975585938,66.16500091552734,66.6760025024414,36660000
2020-05-15,68.24372100830078,68.65299987792969,68.72899627685547,66.94999694824219,67.41300201416016,41544000
2020-05-18,68.84610748291016,69.25900268554688,69.63800048828125,67.70999908447266,68.0790023803711,47094000
2020-05-19,68.31031799316406,68.72000122070312,69.62449645996094,68.68800354003906,69.27400207519531,31586000
2020-05-20,70.03795623779297,70.45800018310547,70.60150146484375,69.37100219726562,69.45800018310547,38262000
2020-05-21,69.91818237304688,70.3375015258789,70.822998046875,69.71949768066406,70.54949951171875,30894000
2020-05-22,70.2407455444336,70.66200256347656,70.8499984741211,69.79750061035156,70.19499969482422,28544000
2020-05-26,70.64481353759766,71.06849670410156,72.25550079345703,70.97000122070312,72.0979995727539,44590000
2020-05-27,70.59064483642578,71.01399993896484,71.26750183105469,69.7300033569336,71.0,31684000
2020-05-28,70.48925018310547,70.91200256347656,72.2229995727539,69.9540023803711,70.0,35170000
2020-05-29,71.24871063232422,71.6760025024414,71.83650207519531,70.79900360107422,71.02149963378906,37044000
2020-06-01,71.3157958984375,71.74349975585938,72.0790023803711,71.11399841308594,71.28500366210938,25162000
2020-06-02,71.68558502197266,72.1155014038086,72.1500015258789,71.08049774169922,71.75,23442000
2020-06-03,71.53349304199219,71.9625015258789,72.45050048828125,71.58100128173828,72.13500213623047,27732000
2020-06-04,70.29342651367188,70.71499633789062,72.06600189208984,70.30049896240234,71.83899688720703,26982000
2020-06-05,71.5717544555664,72.0009994506836,72.31500244140625,70.38099670410156,70.78199768066406,42642000
2020-06-08,71.97037506103516,72.4020004272461,72.44999694824219,71.2239990234375,71.31400299072266,33878000
2020-06-09,72.17115783691406,72.60399627685547,73.38999938964844,72.11799621582031,72.26200103759766,33624000
2020-06-10,72.79840850830078,73.23500061035156,73.63849639892578,72.71800231933594,73.07550048828125,31762000
2020-06-11,69.67713165283203,70.09500122070312,72.58000183105469,69.92050170898438,72.05149841308594,47144000
2020-06-12,70.22483825683594,70.64600372314453,71.72550201416016,69.29000091552734,71.29299926757812,36676000
2020-06-15,70.6135025024414,71.03700256347656,71.25,69.36000061035156,69.47450256347656,30468000
2020-06-16,71.89234161376953,72.32350158691406,72.8584976196289,71.44950103759766,72.44999694824219,30648000
2020-06-17,72.19402313232422,72.62699890136719,73.11000061035156,71.75650024414062,72.64700317382812,30610000
2020-06-18,71.27852630615234,71.70600128173828,72.64849853515625,71.31199645996094,72.49250030517578,34862000
2020-06-19,70.8073501586914,71.23200225830078,72.2249984741211,70.94999694824219,72.0,52784000
2020-06-22,72.10057830810547,72.53299713134766,72.54750061035156,70.95950317382812,71.25050354003906,29442000
2020-06-23,72.76261138916016,73.1989974975586,73.76000213623047,72.25,72.5999984741211,37752000
2020-06-24,71.20794677734375,71.63500213623047,73.78949737548828,71.5,73.16400146484375,31592000
2020-06-25,71.62544250488281,72.05500030517578,72.11599731445312,70.97699737548828,71.56099700927734,23958000
2020-06-26,67.7208480834961,68.12699890136719,71.85099792480469,67.75,71.63150024414062,97640000
2020-06-29,69.44203186035156,69.8584976196289,69.9000015258789,67.5824966430664,68.01699829101562,45074000
2020-06-30,70.47980499267578,70.90249633789062,71.19999694824219,69.34649658203125,69.84400177001953,40286000
2020-07-01,71.670166015625,72.0999984741211,72.42400360107422,70.70899963378906,70.95850372314453,42182000
2020-07-02,73.05834197998047,73.49649810791016,74.4260025024414,72.55349731445312,72.59200286865234,57218000
2020-07-06,74.53548431396484,74.98249816894531,75.5,73.8489990234375,74.40750122070312,44712000
2020-07-07,74.05188751220703,74.49600219726562,76.06600189208984,74.48500061035156,74.80650329589844,42364000
2020-07-08,74.73180389404297,75.18000030517578,75.55850219726562,74.61499786376953,75.04000091552734,31766000
2020-07-09,75.48031616210938,75.93299865722656,76.45700073242188,74.77950286865234,75.49649810791016,41836000
2020-07-10,76.49176025390625,76.95050048828125,77.06700134277344,75.03600311279297,75.6624984741211,35918000
2020-07-13,75.1607437133789,75.61150360107422,78.81800079345703,75.3280029296875,77.49700164794922,42954000
2020-07-14,75.58966064453125,76.04299926757812,76.13999938964844,74.29650115966797,74.6395034790039,38108000
2020-07-15,75.391845703125,75.84400177001953,76.81649780273438,74.8915023803711,76.1614990234375,31026000
2020-07-16,75.29444122314453,75.74600219726562,75.79550170898438,74.41349792480469,75.07499694824219,26484000
2020-07-17,75.3903579711914,75.84249877929688,76.17150115966797,74.90499877929688,75.84549713134766,34264000
2020-07-20,77.72586059570312,78.19200134277344,78.45050048828125,75.13500213623047,75.75,30166000
2020-07-21,77.33220672607422,77.7959976196289,79.35250091552734,77.63099670410156,79.25150299072266,27486000
2020-07-22,77.77604675292969,78.24250030517578,78.3489990234375,77.1614990234375,77.7854995727539,24482000
2020-07-23,75.38539123535156,75.8375015258789,78.51750183105469,75.42949676513672,78.29650115966797,33910000
2020-07-24,74.9609375,75.4104995727539,75.77149963378906,74.37950134277344,74.95950317382812,29902000
2020-07-27,76.01560974121094,76.47149658203125,76.87799835205078,75.61650085449219,75.66300201416016,27124000
2020-07-28,74.73429107666016,75.18250274658203,76.30049896240234,75.0260009765625,76.25,30910000
2020-07-29,75.72136688232422,76.17549896240234,76.66649627685547,75.15049743652344,75.25,22676000
2020-07-30,76.45994567871094,76.91850280761719,77.04450225830078,74.75849914550781,74.89849853515625,36042000
2020-07-31,73.95397186279297,74.39749908447266,75.2509994506836,72.69999694824219,74.85250091552734,91468000
2020-08-03,73.6960220336914,74.13800048828125,74.8864974975586,73.58599853515625,74.55000305175781,45482000
2020-08-04,73.225830078125,73.66500091552734,74.65550231933594,73.20149993896484,74.33550262451172,37212000
2020-08-05,73.51361846923828,73.95449829101562,74.5,73.56099700927734,73.84100341796875,29134000
2020-08-06,74.79890441894531,75.24749755859375,75.3134994506836,73.59500122070312,73.80750274658203,33306000
2020-08-07,74.47187042236328,74.91850280761719,76.00450134277344,74.3134994506836,75.4520034790039,27718000
2020-08-10,74.39483642578125,74.84100341796875,75.35749816894531,73.87449645996094,74.54000091552734,20546000
2020-08-11,73.58567810058594,74.0270004272461,75.52200317382812,73.90950012207031,74.69999694824219,31098000
2020-08-12,74.9127197265625,75.36199951171875,75.58350372314453,74.25,74.35600280761719,22512000
2020-08-13,75.38041687011719,75.8324966430664,76.84850311279297,75.4104995727539,75.4104995727539,22388000
2020-08-14,74.78300476074219,75.23149871826172,75.989501953125,74.94999694824219,75.68049621582031,21942000
2020-08-17,75.36003875732422,75.81199645996094,76.18900299072266,75.25,75.79850006103516,19990000
2020-08-18,77.32524871826172,77.78900146484375,77.86849975585938,76.08350372314453,76.30599975585938,28378000
2020-08-19,76.77008056640625,77.23049926757812,78.44300079345703,77.0,77.62449645996094,30472000
2020-08-20,78.34265899658203,78.8125,79.00849914550781,76.7229995727539,76.99849700927734,26382000
2020-08-21,78.3088607788086,78.77850341796875,79.59400177001953,78.1155014038086,78.58999633789062,34838000
2020-08-24,78.78499603271484,79.25749969482422,80.43900299072266,78.75199890136719,79.62349700927734,25638000
2020-08-25,79.81383514404297,80.2925033569336,80.44400024414062,78.89399719238281,79.00499725341797,25150000
2020-08-26,81.71642303466797,82.20649719238281,82.6395034790039,80.04900360107422,80.31500244140625,52188000
2020-08-27,80.9405746459961,81.4260025024414,82.39949798583984,80.94049835205078,82.33049774169922,31350000
2020-08-28,81.48282623291016,81.97149658203125,82.06749725341797,81.28050231933594,81.47350311279297,22418000
2020-08-31,80.99077606201172,81.47650146484375,82.2249984741211,81.2665023803711,82.17849731445312,26422000
2020-09-01,82.26065063476562,82.75399780273438,82.96099853515625,81.47650146484375,81.60800170898438,22652000
2020-09-02,85.35757446289062,85.86949920654297,86.30500030517578,83.0094985961914,83.40049743652344,49522000
2020-09-03,80.98977661132812,81.47550201416016,85.0,80.385498046875,84.97599792480469,63726000
2020-09-04,78.58917999267578,79.06050109863281,81.74949645996094,76.89849853515625,80.44999694824219,55850000
2020-09-08,75.72584533691406,76.18000030517578,77.77749633789062,75.82499694824219,76.25,54032000
2020-09-09,76.90030670166016,77.36150360107422,77.93599700927734,76.25849914550781,77.44499969482422,39242000
2020-09-10,75.84761047363281,76.30249786376953,78.68299865722656,76.0,77.50900268554688,33024000
2020-09-11,75.336181640625,75.78800201416016,76.93499755859375,74.6510009765625,76.40750122070312,30706000
2020-09-14,74.99174499511719,75.44149780273438,77.8499984741211,75.25550079345703,76.5824966430664,42660000
2020-09-15,76.29840087890625,76.75599670410156,77.54949951171875,76.1050033569336,76.39450073242188,23042000
2020-09-16,75.15377807617188,75.60449981689453,77.71849822998047,75.57949829101562,77.1240005493164,22128000
2020-09-17,73.90874481201172,74.35199737548828,74.93299865722656,73.12300109863281,74.29049682617188,40008000
2020-09-18,72.12195587158203,72.55449676513672,74.76000213623047,71.58100128173828,74.41500091552734,63056000
2020-09-21,71.0807113647461,71.50700378417969,72.00299835205078,70.13400268554688,71.58100128173828,56908000
2020-09-22,72.55585479736328,72.99099731445312,73.19850158691406,71.4749984741211,72.51599884033203,33950000
2020-09-23,70.04938507080078,70.46949768066406,72.65399932861328,70.13400268554688,72.60449981689453,37726000
2020-09-24,70.7188720703125,71.14299774169922,71.89949798583984,70.10749816894531,70.13400268554688,34552000
2020-09-25,71.5240478515625,71.9530029296875,72.2969970703125,70.38400268554688,71.25250244140625,30326000
2020-09-28,72.49819946289062,72.93299865722656,73.64949798583984,72.31400299072266,73.59950256347656,30784000
2020-09-29,72.864013671875,73.3010025024414,73.5999984741211,72.69999694824219,73.19550323486328,31816000
2020-09-30,72.84313201904297,73.27999877929688,74.30999755859375,72.78800201416016,73.0469970703125,40924000
2020-10-01,73.95149230957031,74.3949966430664,74.75350189208984,73.83999633789062,74.18299865722656,32884000
2020-10-02,72.34610748291016,72.77999877929688,73.95149993896484,72.36750030517578,72.98149871826172,31222000
2020-10-05,73.69950103759766,74.1415023803711,74.23500061035156,73.00450134277344,73.13249969482422,21602000
2020-10-06,72.11847686767578,72.5510025024414,74.22599792480469,72.25050354003906,73.7750015258789,26096000
2020-10-07,72.52206420898438,72.95700073242188,73.44850158691406,71.6614990234375,72.96549987792969,36108000
2020-10-08,73.72931671142578,74.17150115966797,74.40149688720703,73.27249908447266,73.27249908447266,26076000
2020-10-09,75.07225799560547,75.52249908447266,75.59249877929688,74.3499984741211,74.64299774169922,32966000
2020-10-12,77.76312255859375,78.22949981689453,79.4209976196289,76.46499633789062,76.9000015258789,55344000
2020-10-13,77.88639831542969,78.35350036621094,79.25800323486328,77.93150329589844,78.85050201416016,39072000
2020-10-14,77.70597076416016,78.1719970703125,79.19249725341797,77.29499816894531,78.7300033569336,33174000
2020-10-15,77.30985260009766,77.77349853515625,78.56999969482422,77.05650329589844,77.2249984741211,31210000
2020-10-16,77.9177017211914,78.38500213623047,78.885498046875,77.88300323486328,78.09149932861328,34194000
2020-10-19,76.04145050048828,76.49749755859375,79.19650268554688,76.14600372314453,78.79650115966797,29734000
2020-10-20,77.09165954589844,77.55400085449219,78.69200134277344,76.0250015258789,76.15550231933594,41670000
2020-10-21,78.8267593383789,79.29949951171875,80.75700378417969,78.35700225830078,78.49250030517578,60322000
2020-10-22,79.85408020019531,80.33300018310547,80.6709976196289,78.8740005493164,79.25,30512000
2020-10-23,81.16224670410156,81.64900207519531,81.70600128173828,80.59549713134766,80.75250244140625,30548000
2020-10-26,78.74224853515625,79.2145004272461,81.47899627685547,78.38899993896484,80.75,35826000
2020-10-27,79.4674072265625,79.94400024414062,80.0999984741211,78.84950256347656,79.44650268554688,25902000
2020-10-28,75.08966064453125,75.54000091552734,77.69049835205078,75.42400360107422,77.50050354003906,45174000
2020-10-29,77.37992858886719,77.84400177001953,79.43699645996094,75.82749938964844,75.85099792480469,55406000
2020-10-30,80.32376861572266,80.80549621582031,84.06600189208984,80.07849884033203,83.37200164794922,99878000
2020-11-02,80.73182678222656,81.21600341796875,82.91200256347656,80.71199798583984,81.177001953125,44228000
2020-11-03,81.79246520996094,82.28299713134766,82.94999694824219,80.60549926757812,81.53800201416016,31432000
2020-11-04,86.7720947265625,87.2925033569336,88.50150299072266,85.1500015258789,85.27899932861328,71342000
2020-11-05,87.5996322631836,88.125,89.59100341796875,87.05149841308594,88.52249908447266,39758000
2020-11-06,87.46195983886719,87.98650360107422,88.42500305175781,86.83399963378906,87.56700134277344,28622000
2020-11-09,87.54596710205078,88.07099914550781,90.84449768066406,87.87750244140625,89.79900360107422,53440000
2020-11-10,86.36802673339844,86.88600158691406,87.96900177001953,85.80599975585938,86.4885025024414,43022000
2020-11-11,86.84069061279297,87.36150360107422,88.1449966430664,87.15299987792969,87.41999816894531,31838000
2020-11-12,86.62149810791016,87.14099884033203,88.2490005493164,86.89849853515625,87.0999984741211,26474000
2020-11-13,88.08472442626953,88.61299896240234,88.85649871826172,86.79900360107422,87.4000015258789,29744000
2020-11-16,88.17269897460938,88.70149993896484,89.71700286865234,88.06649780273438,88.20700073242188,25468000
2020-11-17,87.55789184570312,88.08300018310547,88.85700225830078,87.97450256347656,88.39299774169922,21314000
2020-11-18,86.51315307617188,87.03199768066406,88.25,86.92849731445312,87.83200073242188,20108000
2020-11-19,87.40430450439453,87.92849731445312,88.17449951171875,86.5009994506836,86.6614990234375,20106000
2020-11-20,86.3014144897461,86.81900024414062,88.41799926757812,86.75,88.0999984741211,27694000
2020-11-23,85.86305236816406,86.37799835205078,87.29949951171875,85.50900268554688,87.01100158691406,22530000
2020-11-24,87.66921997070312,88.19499969482422,88.3239974975586,86.0364990234375,86.375,27984000
2020-11-25,87.6806411743164,88.20649719238281,88.51899719238281,87.41799926757812,88.3905029296875,19600000
2020-11-27,88.81832122802734,89.35099792480469,89.85050201416016,88.22699737548828,88.22699737548828,14790000
2020-11-30,87.1970443725586,87.72000122070312,89.01699829101562,87.39199829101562,88.78250122070312,32418000
2020-12-01,89.23284149169922,89.76799774169922,91.08599853515625,88.15149688720703,88.33300018310547,37350000
2020-12-02,90.70451354980469,91.24849700927734,91.63700103759766,89.25849914550781,89.76799774169922,29424000
2020-12-03,90.5489501953125,91.09200286865234,92.19149780273438,90.8499984741211,91.0270004272461,24728000
2020-12-04,90.64437103271484,91.18800354003906,91.4749984741211,90.67949676513672,91.01100158691406,20544000
2020-12-07,90.30988311767578,90.85150146484375,91.4645004272461,90.1520004272461,90.77749633789062,22288000
2020-12-08,90.02657318115234,90.56649780273438,90.79850006103516,89.56400299072266,90.4260025024414,19936000
2020-12-09,88.36305236816406,88.89299774169922,91.41850280761719,88.0999984741211,90.51799774169922,31728000
2020-12-10,87.85560607910156,88.38249969482422,88.74949645996094,86.67649841308594,88.12999725341797,28688000
2020-12-11,88.21096801757812,88.73999786376953,88.8655014038086,87.63700103759766,88.0,18628000
2020-12-14,87.09068298339844,87.61299896240234,89.48999786376953,87.45649719238281,88.53600311279297,33050000
2020-12-15,87.529052734375,88.05400085449219,88.19999694824219,87.08350372314453,87.99299621582031,21352000
2020-12-16,87.33570861816406,87.8594970703125,88.45549774169922,87.4530029296875,88.45549774169922,24676000
2020-12-17,86.5066909790039,87.02549743652344,88.33550262451172,86.55750274658203,88.19650268554688,34880000
2020-12-18,85.79644775390625,86.31099700927734,87.41799926757812,85.75,87.30850219726562,85256000
2020-12-21,86.2109603881836,86.72799682617188,86.8499984741211,84.69999694824219,85.45649719238281,33974000
2020-12-22,85.49824523925781,86.01100158691406,86.63050079345703,85.28900146484375,86.46649932861328,20370000
2020-12-23,85.89635467529297,86.4114990234375,87.20549774169922,86.05999755859375,86.19650268554688,22974000
2020-12-24,86.19108581542969,86.70800018310547,87.12049865722656,86.21749877929688,86.44999694824219,9312000
2020-12-28,88.1692123413086,88.697998046875,89.3499984741211,87.09100341796875,87.24549865722656,27650000
2020-12-29,87.36404418945312,87.88800048828125,89.42350006103516,87.75550079345703,89.36150360107422,19726000
2020-12-30,86.29496002197266,86.8125,88.38800048828125,86.4000015258789,88.25,21026000
2020-12-31,87.10958099365234,87.63200378417969,87.875,86.80449676513672,86.8635025024414,21070000
2021-01-04,85.79197692871094,86.30650329589844,88.12449645996094,85.35700225830078,88.0,37324000
2021-01-05,86.48383331298828,87.00250244140625,87.34149932861328,85.84500122070312,86.25450134277344,20360000
2021-01-06,85.63043975830078,86.14399719238281,87.19850158691406,84.80500030517578,85.01300048828125,46588000
2021-01-07,88.18812561035156,88.71700286865234,88.89099884033203,86.33799743652344,86.33799743652344,41936000
2021-01-08,89.35560607910156,89.8915023803711,89.96800231933594,88.06099700927734,88.85800170898438,35484000
2021-01-11,87.29098510742188,87.81449890136719,89.21900177001953,87.60700225830078,88.85099792480469,34796000
2021-01-12,86.35360717773438,86.87149810791016,88.3949966430664,85.81900024414062,87.26799774169922,29528000
2021-01-13,86.84168243408203,87.36250305175781,87.81950378417969,86.36599731445312,86.36599731445312,23432000
2021-01-14,86.03004455566406,86.5459976196289,88.37750244140625,86.30349731445312,87.44349670410156,29212000
2021-01-15,85.86602783203125,86.38099670410156,87.38099670410156,85.58550262451172,86.45099639892578,31444000
2021-01-19,88.69159698486328,89.22350311279297,90.19200134277344,86.6415023803711,87.1500015258789,41660000
2021-01-20,93.44308471679688,94.00350189208984,94.98600006103516,90.97550201416016,91.31849670410156,64152000
2021-01-21,93.64588165283203,94.2074966430664,96.60399627685547,93.97049713134766,94.68250274658203,58634000
2021-01-22,94.0638656616211,94.62799835205078,95.21949768066406,93.82499694824219,94.572998046875,32744000
2021-01-25,94.14935302734375,94.71399688720703,96.09100341796875,92.95800018310547,95.63700103759766,50586000
2021-01-26,94.82878112792969,95.39749908447266,95.7874984741211,93.80650329589844,94.29949951171875,31462000
2021-01-27,90.4048080444336,90.9469985961914,94.02349853515625,89.86399841308594,93.74549865722656,82512000
2021-01-28,92.10760498046875,92.66000366210938,94.39949798583984,91.55000305175781,91.55000305175781,55278000
2021-01-29,90.82329559326172,91.36799621582031,92.37699890136719,90.0780029296875,91.70099639892578,44530000
2021-02-01,94.08922576904297,94.65350341796875,95.7770004272461,92.22949981689453,92.22949981689453,40252000
2021-02-02,95.38394927978516,95.95600128173828,97.46849822998047,95.31849670410156,95.65650177001953,66332000
2021-02-03,102.33029174804688,102.94400024414062,105.33100128173828,100.67749786376953,103.28050231933594,97882000
2021-02-04,102.0693588256836,102.68150329589844,103.46499633789062,101.75499725341797,103.03099822998047,48596000
2021-02-05,103.81886291503906,104.44149780273438,104.7969970703125,102.5,102.97799682617188,29866000
2021-02-08,103.6046371459961,104.22599792480469,105.75,103.1675033569336,105.0,28828000
2021-02-09,103.15087890625,103.76950073242188,104.92549896240234,103.5,103.73999786376953,21892000
2021-02-10,103.70206451416016,104.3239974975586,104.94400024414062,102.61199951171875,104.15699768066406,25102000
2021-02-11,103.81488037109375,104.4375,104.69999694824219,103.44300079345703,104.55000305175781,20480000
2021-02-12,104.12701416015625,104.75150299072266,104.9749984741211,103.67849731445312,103.9885025024414,18990000
2021-02-16,104.90585327148438,105.53500366210938,107.25700378417969,104.5875015258789,104.5875015258789,31004000
2021-02-17,105.29948425292969,105.93099975585938,106.12200164794922,104.4175033569336,104.6989974975586,20294000
2021-02-18,104.66279602050781,105.29049682617188,106.09950256347656,104.66649627685547,105.25,22546000
2021-02-19,103.81787109375,104.44049835205078,105.92900085449219,104.17150115966797,105.3895034790039,37938000
2021-02-22,102.10066223144531,102.71299743652344,104.0165023803711,102.4000015258789,102.68000030517578,29466000
2021-02-23,102.39191436767578,103.00599670410156,103.625,99.5114974975586,100.69950103759766,34658000
2021-02-24,103.5693588256836,104.19049835205078,104.41600036621094,101.37650299072266,101.50199890136719,22608000
2021-02-25,100.19658660888672,100.79750061035156,104.1500015258789,100.32450103759766,102.79650115966797,41548000
2021-02-26,100.49280548095703,101.09549713134766,102.82599639892578,100.05049896240234,101.49749755859375,40042000
2021-03-01,102.86608123779297,103.48300170898438,103.8115005493164,101.72100067138672,102.4000015258789,26060000
2021-03-02,102.60862731933594,103.2239990234375,104.73699951171875,102.83350372314453,103.24199676513672,25564000
2021-03-03,99.97093963623047,100.57050323486328,103.79949951171875,99.69999694824219,102.59750366210938,33892000
2021-03-04,101.09022521972656,101.69650268554688,103.72949981689453,100.27149963378906,100.74349975585938,49216000
2021-03-05,104.22840118408203,104.85350036621094,105.30999755859375,101.38899993896484,103.05750274658203,53100000
2021-03-08,99.77660369873047,100.375,105.68699645996094,100.2594985961914,104.2030029296875,36868000
2021-03-09,101.4098129272461,102.01799774169922,103.19599914550781,101.77999877929688,102.48750305175781,33920000
2021-03-10,101.20255279541016,101.80950164794922,103.06999969482422,100.96649932861328,103.06999969482422,27100000
2021-03-11,104.40087127685547,105.0270004272461,105.5634994506836,102.82250213623047,102.91100311279297,27702000
2021-03-12,101.8889389038086,102.5,103.88050079345703,101.62100219726562,103.82050323486328,33818000
2021-03-15,102.109619140625,102.72200012207031,102.74949645996094,101.3895034790039,102.2490005493164,26168000
2021-03-16,103.57333374023438,104.19450378417969,105.68399810791016,102.9645004272461,103.29949951171875,31900000
2021-03-17,103.49034118652344,104.11100006103516,104.94999694824219,102.20600128173828,103.42350006103516,26382000
2021-03-18,100.4644775390625,101.06700134277344,103.4375,100.95899963378906,102.40899658203125,31700000
2021-03-19,100.74380493164062,101.3479995727539,101.85199737548828,100.14649963378906,101.48650360107422,46072000
2021-03-22,100.92919158935547,101.53450012207031,102.41699981689453,100.69999694824219,101.38150024414062,33536000
2021-03-23,101.45801544189453,102.06649780273438,103.20549774169922,101.4000015258789,101.99749755859375,28510000
2021-03-24,101.02064514160156,101.62650299072266,103.37999725341797,101.44999694824219,102.58799743652344,25218000
2021-03-25,101.01716613769531,101.62300109863281,102.28199768066406,99.80449676513672,101.45249938964844,35616000
2021-03-26,100.63297271728516,101.23650360107422,101.96949768066406,100.19249725341797,101.5895004272461,27978000
2021-03-29,101.67967987060547,102.28949737548828,102.46050262451172,100.27249908447266,101.10800170898438,26492000
2021-03-30,101.71349334716797,102.32350158691406,103.13349914550781,101.80750274658203,102.64900207519531,27312000
2021-03-31,102.5112075805664,103.1259994506836,104.31300354003906,102.3499984741211,102.72000122070312,42570000
2021-04-01,105.85415649414062,106.48899841308594,106.7874984741211,104.57150268554688,104.61250305175781,39880000
2021-04-05,110.28657531738281,110.947998046875,111.44950103759766,107.260498046875,107.35749816894531,48510000
2021-04-06,109.80445861816406,110.46299743652344,111.4000015258789,110.0895004272461,110.5459976196289,35240000
2021-04-07,111.28408813476562,111.95149993896484,112.2249984741211,110.65499877929688,110.65499877929688,24134000
2021-04-08,111.85070037841797,112.52149963378906,113.5895004272461,112.15049743652344,113.19999694824219,28664000
2021-04-09,112.8566665649414,113.53350067138672,113.69850158691406,111.86299896240234,112.27200317382812,26146000
2021-04-12,111.56192016601562,112.23100280761719,112.84449768066406,111.39099884033203,112.70600128173828,25024000
2021-04-13,112.04950714111328,112.72149658203125,113.17350006103516,112.15249633789062,112.54949951171875,25682000
2021-04-14,111.42723846435547,112.09549713134766,113.37149810791016,111.8010025024414,113.37149810791016,21002000
2021-04-15,113.58131408691406,114.26249694824219,114.80000305175781,112.55850219726562,113.09750366210938,29174000
2021-04-16,113.4570541381836,114.13749694824219,114.71199798583984,113.5459976196289,114.46199798583984,26282000
2021-04-19,113.80547332763672,114.48799896240234,115.20449829101562,113.50900268554688,113.50900268554688,30290000
2021-04-20,113.27117919921875,113.95050048828125,114.94999694824219,112.85600280761719,114.87449645996094,22288000
2021-04-21,113.23837280273438,113.9175033569336,114.0,112.24099731445312,113.60250091552734,23204000
2021-04-22,111.9545669555664,112.6259994506836,114.44400024414062,112.01599884033203,113.7699966430664,24146000
2021-04-23,114.3109359741211,114.99649810791016,115.30599975585938,113.0625,113.3499984741211,29066000
2021-04-26,114.8079605102539,115.49649810791016,116.22650146484375,114.86599731445312,115.22599792480469,32038000
2021-04-27,113.86610412597656,114.54900360107422,115.92250061035156,114.30799865722656,115.88150024414062,44386000
2021-04-28,117.24882507324219,117.9520034790039,121.56900024414062,117.66100311279297,119.625,81106000
2021-04-29,118.92476654052734,119.63800048828125,120.20800018310547,118.69249725341797,119.46150207519531,41234000
2021-04-30,116.97346496582031,117.67500305175781,119.09249877929688,117.3280029296875,118.4010009765625,44856000
2021-05-03,116.45557403564453,117.15399932861328,119.07749938964844,116.7750015258789,118.24549865722656,28242000
2021-05-04,114.65387725830078,115.34149932861328,116.24949645996094,112.83399963378906,115.67749786376953,44818000
2021-05-05,115.04852294921875,115.7385025024414,116.75,115.41400146484375,116.43150329589844,26636000
2021-05-06,116.1707763671875,116.86750030517578,116.86750030517578,114.6520004272461,115.31649780273438,25190000
2021-05-07,116.89543151855469,117.59649658203125,118.5625,117.30799865722656,118.19450378417969,28898000
2021-05-10,113.90437316894531,114.5875015258789,116.55000305175781,114.22699737548828,116.40699768066406,30914000
2021-05-11,112.82633972167969,113.50299835205078,114.01399993896484,111.69599914550781,112.15350341796875,34186000
2021-05-12,109.35665130615234,110.01249694824219,112.39900207519531,109.68099975585938,111.30950164794922,46376000
2021-05-13,110.78756713867188,111.4520034790039,111.97200012207031,110.33599853515625,111.30599975585938,33204000
2021-05-14,113.23986053466797,113.91899871826172,114.23600006103516,112.5,112.927001953125,31996000
2021-05-17,113.76372528076172,114.44599914550781,114.48899841308594,112.77549743652344,113.17849731445312,21598000
2021-05-18,112.4490966796875,113.12349700927734,115.38400268554688,113.1094970703125,115.11750030517578,22204000
2021-05-19,112.89791107177734,113.57499694824219,113.74949645996094,111.27200317382812,111.42150115966797,23684000
2021-05-20,114.65985107421875,115.34750366210938,115.5999984741211,114.1760025024414,114.55000305175781,32352000
2021-05-21,114.02265930175781,114.70649719238281,115.94450378417969,114.46499633789062,115.87049865722656,40632000
2021-05-24,117.34822845458984,118.052001953125,118.27749633789062,115.5979995727539,115.74449920654297,31832000
2021-05-25,117.43917846679688,118.14350128173828,119.19999694824219,117.75,118.5999984741211,22440000
2021-05-26,118.30598449707031,119.0155029296875,119.44950103759766,118.322998046875,118.32599639892578,21572000
2021-05-27,117.42973327636719,118.13400268554688,119.45249938964844,117.81300354003906,119.45249938964844,35224000
2021-05-28,117.13996124267578,117.84249877929688,118.80349731445312,117.64250183105469,118.72100067138672,21482000
2021-06-01,118.34921264648438,119.05899810791016,119.2854995727539,117.71399688720703,118.72200012207031,23354000
2021-06-02,117.8228759765625,118.52950286865234,119.68199920654297,117.61799621582031,119.4574966430664,21158000
2021-06-03,116.67923736572266,117.37899780273438,117.85099792480469,116.47599792480469,117.2864990234375,18696000
2021-06-04,118.96501922607422,119.67849731445312,119.95149993896484,118.12049865722656,118.4635009765625,24458000
2021-06-07,119.39891815185547,120.11499786376953,120.22550201416016,119.05000305175781,119.47200012207031,24120000
2021-06-08,119.20707702636719,119.9219970703125,120.97599792480469,119.73899841308594,120.60050201416016,24240000
2021-06-09,119.67924499511719,120.39700317382812,120.64399719238281,119.84500122070312,120.57150268554688,17942000
2021-06-10,121.0306396484375,121.75650024414062,121.80000305175781,120.18900299072266,120.34600067138672,25904000
2021-06-11,120.78561401367188,121.51000213623047,122.08599853515625,120.947998046875,122.0,21958000
2021-06-14,121.71552276611328,122.44550323486328,122.44599914550781,120.9000015258789,121.61299896240234,22098000
2021-06-15,120.69564056396484,121.41950225830078,122.77549743652344,121.05599975585938,122.44999694824219,21562000
2021-06-16,120.05249786376953,120.77249908447266,121.88600158691406,119.47000122070312,121.5719985961914,26472000
2021-06-17,121.01771545410156,121.74349975585938,122.52249908447266,120.5,120.69750213623047,25842000
2021-06-18,119.39494323730469,120.11100006103516,121.60299682617188,120.01499938964844,121.36699676513672,46116000
2021-06-21,121.08629608154297,121.8125,122.0,119.89849853515625,120.50050354003906,27414000
2021-06-22,121.6012191772461,122.33049774169922,122.4000015258789,121.06400299072266,121.75,22390000
2021-06-23,121.39892578125,122.12699890136719,123.09549713134766,121.83450317382812,122.09349822998047,19148000
2021-06-24,121.76969909667969,122.5,123.05549621582031,122.30000305175781,122.69999694824219,21362000
2021-06-25,121.77815246582031,122.50849914550781,122.63300323486328,121.56500244140625,122.0,34594000
2021-06-28,121.80549621582031,122.53600311279297,122.78500366210938,121.40550231933594,122.67849731445312,28526000
2021-06-29,121.5435562133789,122.27249908447266,123.02100372314453,121.69100189208984,122.67050170898438,23108000
2021-06-30,121.36165618896484,122.0895004272461,122.25700378417969,121.35449981689453,121.99449920654297,24474000
2021-07-01,121.71455383300781,122.44450378417969,122.58699798583984,121.53150177001953,121.7249984741211,18110000
2021-07-02,124.51075744628906,125.25749969482422,125.40399932861328,123.05950164794922,123.1500015258789,25982000
2021-07-06,125.43771362304688,126.19000244140625,126.4280014038086,124.5824966430664,125.64849853515625,26404000
2021-07-07,125.72000885009766,126.4739990234375,127.28399658203125,126.15299987792969,127.16200256347656,24060000
2021-07-08,124.29853820800781,125.04399871826172,125.59549713134766,124.02200317382812,124.0260009765625,23790000
2021-07-09,124.77021026611328,125.51850128173828,125.7344970703125,124.55149841308594,125.0250015258789,18632000
2021-07-12,126.2185287475586,126.97550201416016,127.06950378417969,125.61100006103516,126.1780014038086,17668000
2021-07-13,126.58234405517578,127.34149932861328,128.0574951171875,126.67449951171875,127.03849792480469,19240000
2021-07-14,127.47250366210938,128.23699951171875,129.32650756835938,127.91449737548828,127.95800018310547,23742000
2021-07-15,126.24784088134766,127.00499725341797,128.6999969482422,126.52999877929688,128.6490020751953,24218000
2021-07-16,126.21305847167969,126.97000122070312,127.8115005493164,126.15350341796875,127.66300201416016,20424000
2021-07-19,123.83531951904297,124.5780029296875,126.20500183105469,123.50499725341797,126.0895004272461,27968000
2021-07-20,125.45709228515625,126.20950317382812,127.04299926757812,124.35050201416016,125.52749633789062,26312000
2021-07-21,126.78861236572266,127.54900360107422,127.59600067138672,126.02349853515625,126.13349914550781,20746000
2021-07-22,127.65589904785156,128.42149353027344,128.48300170898438,127.4990005493164,127.84400177001953,14302000
2021-07-23,132.22201538085938,133.01499938964844,133.3990020751953,129.80050659179688,130.4304962158203,41506000
2021-07-26,133.23594665527344,134.03500366210938,134.23699951171875,132.30149841308594,133.32850646972656,30572000
2021-07-27,131.11366271972656,131.89999389648438,134.3990020751953,130.10400390625,134.25050354003906,54710000
2021-07-28,135.28265380859375,136.093994140625,138.2969970703125,135.27749633789062,136.31199645996094,95130000
2021-07-29,134.96804809570312,135.77749633789062,136.66099548339844,135.54299926757812,136.14999389648438,31716000
2021-07-30,133.92332458496094,134.72650146484375,135.30450439453125,134.2550048828125,135.03500366210938,25576000
2021-08-02,134.05055236816406,134.85450744628906,135.3365020751953,133.79400634765625,135.11700439453125,21634000
2021-08-03,134.82142639160156,135.6300048828125,135.73199462890625,133.3195037841797,135.13499450683594,20762000
2021-08-04,134.3199462890625,135.12550354003906,135.64950561523438,134.48699951171875,135.34950256347656,19676000
2021-08-05,135.43922424316406,136.25149536132812,136.35000610351562,134.8459930419922,135.6804962158203,17870000
2021-08-06,134.9292755126953,135.73849487304688,136.47250366210938,135.2100067138672,136.04200744628906,20488000
2021-08-09,136.09678649902344,136.91299438476562,137.1840057373047,135.33949279785156,135.9425048828125,17760000
2021-08-10,135.99142456054688,136.8070068359375,137.7725067138672,136.364501953125,137.3419952392578,19414000
2021-08-11,135.46658325195312,136.2790069580078,137.6824951171875,136.27149963378906,137.18150329589844,15352000
2021-08-12,136.37611389160156,137.19400024414062,137.3000030517578,135.42550659179688,135.97549438476562,16506000
2021-08-13,136.90643310546875,137.7274932861328,137.85650634765625,137.0330047607422,137.25,15948000
2021-08-16,137.48495483398438,138.3094940185547,138.3625030517578,135.2989959716797,137.52499389648438,22384000
2021-08-17,135.84678649902344,136.6614990234375,138.2655029296875,136.08200073242188,137.75,21716000
2021-08-18,134.6415252685547,135.44900512695312,137.10450744628906,135.32150268554688,136.5,19258000
2021-08-19,134.87110900878906,135.67999267578125,136.3524932861328,134.25,134.4355010986328,21782000
2021-08-20,136.61019897460938,137.42950439453125,137.5540008544922,135.25,136.0,31194000
2021-08-23,139.20664978027344,140.04150390625,140.87449645996094,137.6074981689453,137.96949768066406,28454000
2021-08-24,140.41937255859375,141.26150512695312,142.0800018310547,140.3385009765625,140.6114959716797,19268000
2021-08-25,141.2319793701172,142.07899475097656,142.1894989013672,141.37600708007812,141.625,15848000
2021-08-26,140.5972900390625,141.4405059814453,142.41749572753906,141.35699462890625,141.75,20610000
2021-08-27,143.1455078125,144.00399780273438,144.5124969482422,141.4969940185547,141.65249633789062,28780000
2021-08-30,143.728515625,144.5904998779297,145.9705047607422,144.16299438476562,144.39999389648438,24434000
2021-08-31,143.83486938476562,144.69749450683594,145.17149353027344,144.281005859375,145.14700317382812,22448000
2021-09-01,144.3497772216797,145.2154998779297,146.25399780273438,144.8834991455078,145.0,21936000
2021-09-02,142.4327850341797,143.28700256347656,145.51950073242188,143.18499755859375,145.21600341796875,32342000
2021-09-03,142.88259887695312,143.739501953125,144.15499877929688,142.40049743652344,143.08050537109375,19850000
2021-09-07,143.42034912109375,144.28050231933594,144.56500244140625,143.61900329589844,143.83450317382812,20124000
2021-09-08,142.83436584472656,143.6909942626953,144.39999389648438,143.0,144.10000610351562,18344000
2021-09-09,142.6852569580078,143.54100036621094,144.3105010986328,143.17750549316406,143.8404998779297,15314000
2021-09-10,140.03614807128906,140.87600708007812,144.718505859375,140.73800659179688,144.21249389648438,36840000
2021-09-13,141.48397827148438,142.33250427246094,142.9499969482422,141.25,141.94949340820312,22094000
2021-09-14,141.6947021484375,142.54449462890625,143.36300659179688,141.75,142.99549865722656,19674000
2021-09-15,143.56846618652344,144.42950439453125,144.45050048828125,141.34750366210938,142.77149963378906,27408000
2021-09-16,142.75384521484375,143.61000061035156,144.3000030517578,142.40150451660156,143.95050048828125,26190000
2021-09-17,139.9606170654297,140.8000030517578,143.4499969482422,140.47000122070312,143.03050231933594,53384000
2021-09-20,137.8925018310547,138.71949768066406,139.0,136.32200622558594,138.1614990234375,46518000
2021-09-21,138.20416259765625,139.0330047607422,140.01150512695312,138.2779998779297,139.74949645996094,25332000
2021-09-22,139.44720458984375,140.2834930419922,140.88699340820312,138.55149841308594,139.3040008544922,25056000
2021-09-23,140.3741455078125,141.21600341796875,141.69650268554688,140.40150451660156,140.9875030517578,20952000
2021-09-24,141.36717224121094,142.21499633789062,142.33050537109375,140.24099731445312,140.5384979248047,22984000
2021-09-27,140.23098754882812,141.07200622558594,141.93850708007812,140.0675048828125,140.80450439453125,21882000
2021-09-28,135.0202178955078,135.8300018310547,139.09649658203125,135.36000061035156,138.65499877929688,45772000
2021-09-29,133.5525360107422,134.35350036621094,137.1510009765625,133.86500549316406,136.97999572753906,30848000
2021-09-30,132.8790740966797,133.67599487304688,135.54249572753906,133.55599975585938,134.26150512695312,37996000
2021-10-01,135.72900390625,136.54299926757812,136.91050720214844,134.072998046875,134.44749450683594,35360000
2021-10-04,132.86268615722656,133.6595001220703,135.9604949951172,131.0500030517578,135.9604949951172,51202000
2021-10-05,135.21209716796875,136.0229949951172,137.22450256347656,134.04100036621094,134.04100036621094,32404000
2021-10-06,136.74488830566406,137.56500244140625,137.75,134.5500030517578,134.75,24364000
2021-10-07,138.39498901367188,139.22500610351562,140.04200744628906,138.6510009765625,138.89199829101562,25110000
2021-10-08,138.95216369628906,139.78550720214844,140.33099365234375,139.21749877929688,139.57699584960938,26526000
2021-10-11,138.0858612060547,138.91400146484375,140.71200561523438,138.85899353027344,139.29200744628906,17954000
2021-10-12,135.6355743408203,136.44900512695312,139.5070037841797,135.75999450683594,139.47999572753906,36332000
2021-10-13,136.76181030273438,137.58200073242188,138.0,136.5189971923828,137.40249633789062,19654000
2021-10-14,140.30950927734375,141.1510009765625,141.33749389648438,138.8249969482422,139.4739990234375,31894000
2021-10-15,140.5252227783203,141.3679962158203,141.71800231933594,140.7550048828125,141.614501953125,30274000
2021-10-18,141.92681884765625,142.7779998779297,142.79600524902344,141.0695037841797,141.07650756835938,20396000
2021-10-19,142.38308715820312,143.23699951171875,143.66250610351562,142.60000610351562,143.3874969482422,20164000
2021-10-20,140.92381286621094,141.7689971923828,143.54600524902344,141.37649536132812,143.33799743652344,23288000
2021-10-21,141.04013061523438,141.88600158691406,142.156005859375,140.5,141.7689971923828,26292000
2021-10-22,136.7463836669922,137.56649780273438,140.58299255371094,136.05599975585938,139.14999389648438,50588000
2021-10-25,136.6276092529297,137.44700622558594,138.0,135.4239959716797,137.5500030517578,34412000
2021-10-26,138.47801208496094,139.30850219726562,140.08299255371094,138.30450439453125,139.2635040283203,49236000
2021-10-27,145.34580993652344,146.21749877929688,148.64999389648438,139.40499877929688,139.40499877929688,85782000
2021-10-28,144.9794921875,145.8489990234375,147.1580047607422,144.6269989013672,147.13450622558594,36206000
2021-10-29,147.1634063720703,148.04600524902344,148.24200439453125,144.64950561523438,145.0780029296875,43320000
2021-11-01,142.6415252685547,143.4969940185547,148.04600524902344,143.22549438476562,148.04600524902344,46924000
2021-11-02,144.56549072265625,145.4324951171875,146.60899353027344,144.3354949951172,144.57949829101562,33482000
2021-11-03,145.72402954101562,146.59800720214844,146.66900634765625,144.59100341796875,145.90049743652344,27494000
2021-11-04,147.3835906982422,148.2675018310547,149.73350524902344,146.30799865722656,147.12449645996094,38412000
2021-11-05,147.964599609375,148.8520050048828,150.32749938964844,148.19700622558594,149.16949462890625,38354000
2021-11-08,148.14254760742188,149.031005859375,150.61500549316406,148.4304962158203,149.8249969482422,23052000
2021-11-09,148.03070068359375,148.9185028076172,149.83450317382812,147.2449951171875,149.23300170898438,19530000
2021-11-10,145.02374267578125,145.89349365234375,148.07000732421875,144.53750610351562,147.5,29970000
2021-11-11,144.89752197265625,145.76649475097656,147.53550720214844,145.60049438476562,146.489501953125,16518000
2021-11-12,147.7916259765625,148.67799377441406,148.85000610351562,145.41099548339844,146.61549377441406,22360000
2021-11-15,147.56698608398438,148.45199584960938,149.54949951171875,147.5749969482422,148.90049743652344,23508000
2021-11-16,146.9944305419922,147.87600708007812,148.7624969482422,147.3125,148.14950561523438,18904000
2021-11-17,147.16439819335938,148.0469970703125,148.5594940185547,147.24000549316406,148.02749633789062,19594000
2021-11-18,148.94522094726562,149.8385009765625,150.58050537109375,147.88450622558594,148.2415008544922,35608000
2021-11-19,148.0386505126953,148.92649841308594,150.9665069580078,148.8990020751953,149.97549438476562,33682000
2021-11-22,145.4298095703125,146.302001953125,149.82949829101562,146.1475067138672,149.33250427246094,30594000
2021-11-23,144.91290283203125,145.78199768066406,146.66000366210938,144.11500549316406,146.1529998779297,27218000
2021-11-24,145.24888610839844,146.1199951171875,146.24949645996094,144.3730010986328,145.47349548339844,18040000
2021-11-26,141.33535766601562,142.18299865722656,144.5574951171875,141.84249877929688,144.34849548339844,30470000
2021-11-29,144.6628875732422,145.53050231933594,146.29750061035156,143.89349365234375,144.0,32596000
2021-11-30,141.05157470703125,141.8975067138672,146.0,141.60150146484375,145.0084991455078,42068000
2021-12-01,140.21060180664062,141.05149841308594,145.95050048828125,140.91200256347656,144.0,34020000
2021-12-02,142.1136932373047,142.96600341796875,143.864501953125,140.21449279785156,141.25,29194000
2021-12-03,141.1549530029297,142.00149536132812,144.39999389648438,140.30099487304688,143.68099975585938,41230000
2021-12-06,142.3015594482422,143.15499877929688,143.8524932861328,140.14999389648438,143.04049682617188,30618000
2021-12-07,146.39154052734375,147.26950073242188,147.531005859375,145.2274932861328,145.59649658203125,32240000
2021-12-08,147.30307006835938,148.18649291992188,148.39300537109375,146.406005859375,147.59649658203125,24270000
2021-12-09,146.75833129882812,147.6385040283203,149.10000610351562,147.11500549316406,147.59100341796875,23270000
2021-12-10,147.11917114257812,148.00149536132812,148.9774932861328,146.70399475097656,148.6999969482422,24458000
2021-12-13,144.95713806152344,145.82650756835938,147.97000122070312,145.5175018310547,147.781494140625,27070000
2021-12-14,143.04908752441406,143.90699768066406,144.47999572753906,141.21499633789062,143.96800231933594,38446000
2021-12-15,145.56797790527344,146.4409942626953,146.7209930419922,141.67799377441406,143.40899658203125,36370000
2021-12-16,143.58389282226562,144.44500732421875,147.677001953125,143.60699462890625,147.17050170898438,33650000
2021-12-17,140.88009643554688,141.72500610351562,143.83450317382812,141.3000030517578,142.5,50416000
2021-12-20,140.76278686523438,141.60699462890625,141.77450561523438,139.3209991455078,140.0,27192000
2021-12-21,142.6171875,143.47250366210938,143.86900329589844,140.50250244140625,142.05349731445312,28756000
2021-12-22,145.54212951660156,146.4149932861328,146.5,143.0675048828125,143.0675048828125,26322000
2021-12-23,146.04063415527344,146.91650390625,148.24349975585938,146.45199584960938,146.5,26384000
2021-12-27,147.0247344970703,147.906494140625,148.343994140625,147.16949462890625,147.25599670410156,15976000
2021-12-28,145.81251525878906,146.68699645996094,148.2989959716797,146.05450439453125,148.23599243164062,18200000
2021-12-29,145.7807159423828,146.65499877929688,147.41700744628906,145.6475067138672,146.64450073242188,17788000
2021-12-30,145.32891845703125,146.20050048828125,147.3000030517578,145.9945068359375,146.69400024414062,15688000
2021-12-31,143.9884490966797,144.8520050048828,146.69850158691406,144.8520050048828,146.0500030517578,18136000
2022-01-03,144.12713623046875,144.9915008544922,145.8509979248047,143.71299743652344,145.05499267578125,28646000
2022-01-04,143.5386505126953,144.39950561523438,146.48500061035156,143.7165069580078,145.39599609375,28400000
2022-01-05,136.95362854003906,137.77499389648438,144.49949645996094,137.68800354003906,144.4199981689453,54618000
2022-01-06,136.92630004882812,137.74749755859375,139.94000244140625,136.55850219726562,136.99850463867188,37348000
2022-01-07,136.20016479492188,137.01699829101562,138.44850158691406,135.76649475097656,138.14549255371094,29760000
2022-01-10,137.84278869628906,138.66949462890625,138.8195037841797,133.1645050048828,135.0780029296875,44408000
2022-01-11,138.9029541015625,139.73599243164062,140.21600341796875,136.6925048828125,138.0070037841797,28730000
2022-01-12,140.58734130859375,141.4304962158203,142.60800170898438,140.6945037841797,141.14999389648438,26108000
2022-01-13,137.7608184814453,138.58700561523438,142.85000610351562,138.40899658203125,141.5399932861328,31436000
2022-01-14,138.6489715576172,139.48049926757812,140.74200439453125,136.99850463867188,137.07899475097656,29662000
2022-01-18,135.18724060058594,135.9980010986328,137.13150024414062,135.43850708007812,136.1750030517578,34872000
2022-01-19,134.31100463867188,135.1165008544922,137.95950317382812,135.0155029296875,136.52349853515625,28648000
2022-01-20,132.5127716064453,133.3074951171875,137.62600708007812,132.96449279785156,136.25,29908000
2022-01-21,129.57440185546875,130.35150146484375,134.86549377441406,130.0865020751953,132.593505859375,55652000
2022-01-24,130.02420043945312,130.8040008544922,131.2030029296875,124.5,125.97799682617188,76622000
2022-01-25,126.17826080322266,126.93499755859375,129.3990020751953,126.50050354003906,128.74000549316406,46960000
2022-01-26,128.4625701904297,129.23300170898438,133.0,127.14199829101562,131.11900329589844,49130000
2022-01-27,128.23593139648438,129.0050048828125,132.65249633789062,128.9324951171875,131.3040008544922,31950000
2022-01-28,132.55599975585938,133.3509979248047,133.35650634765625,128.48500061035156,129.65899658203125,34362000
2022-01-31,134.49688720703125,135.30349731445312,135.47300720214844,132.20950317382812,134.16200256347656,39986000
2022-02-01,136.8234100341797,137.6439971923828,137.79299926757812,134.36849975585938,137.59449768066406,68644000
2022-02-02,147.11769104003906,148.0,151.54649353027344,145.5225067138672,151.25,123200000
2022-02-03,142.2369384765625,143.08999633789062,149.6750030517578,142.66549682617188,145.70550537109375,71518000
2022-02-04,142.43875122070312,143.29299926757812,144.875,140.51499938964844,143.4445037841797,57998000
2022-02-07,138.3711395263672,139.2010040283203,144.25,138.89999389648438,144.25,54974000
2022-02-08,138.56796264648438,139.3990020751953,140.0,137.01400756835938,139.02650451660156,54284000
2022-02-09,140.74786376953125,141.5919952392578,142.52450561523438,140.18699645996094,140.9635009765625,40144000
2022-02-10,137.79360961914062,138.6199951171875,141.4844970703125,137.95700073242188,139.70350646972656,39330000
2022-02-11,133.4819793701172,134.28250122070312,139.156494140625,133.39999389648438,138.60000610351562,39958000
2022-02-14,134.71804809570312,135.5260009765625,136.3000030517578,133.25650024414062,133.25650024414062,34302000
2022-02-15,135.7941131591797,136.60850524902344,138.10850524902344,135.82150268554688,137.57049560546875,26680000
2022-02-16,136.9168701171875,137.73800659179688,138.08599853515625,134.9239959716797,136.64649963378906,25022000
2022-02-17,131.7488555908203,132.53900146484375,137.11349487304688,132.47850036621094,136.2429962158203,38950000
2022-02-18,129.62559509277344,130.4029998779297,134.07000732421875,130.19650268554688,133.4669952392578,45620000
2022-02-22,129.0395965576172,129.81350708007812,132.1804962158203,128.22349548339844,129.83799743652344,44990000
2022-02-23,126.8273696899414,127.58799743652344,132.05099487304688,127.52749633789062,131.64849853515625,32786000
2022-02-24,131.89993286132812,132.6909942626953,133.0,124.95349884033203,124.95349884033203,54456000
2022-02-25,133.6579132080078,134.45950317382812,135.27149963378906,131.75149536132812,133.552001953125,36406000
2022-02-28,134.2518310546875,135.0570068359375,135.75149536132812,132.59249877929688,133.0500030517578,38864000
2022-03-01,133.2622833251953,134.06149291992188,136.2554931640625,133.218505859375,134.8784942626953,26496000
2022-03-02,133.76925659179688,134.57150268554688,135.2624969482422,133.07150268554688,134.6280059814453,23520000
2022-03-03,133.10125732421875,133.89950561523438,136.4394989013672,133.02549743652344,136.00999450683594,24604000
2022-03-04,131.12010192871094,131.906494140625,133.85150146484375,130.33749389648438,132.92750549316406,30430000
2022-03-07,125.62508392333984,126.37850189208984,131.73500061035156,126.29499816894531,131.48800659179688,45112000
2022-03-08,126.34675598144531,127.10449981689453,131.25,125.67449951171875,126.25,40428000
2022-03-09,132.62460327148438,133.4199981689453,133.73550415039062,129.90049743652344,131.25,37026000
2022-03-10,131.6400146484375,132.42950439453125,133.27200317382812,130.91250610351562,131.26600646972656,27102000
2022-03-11,129.0962677001953,129.87049865722656,133.79550170898438,129.63150024414062,133.48849487304688,31526000
2022-03-14,125.20012664794922,125.95099639892578,130.40899658203125,125.2750015258789,130.25,38812000
2022-03-15,128.42776489257812,129.197998046875,129.85450744628906,125.72049713134766,126.97599792480469,30920000
2022-03-16,132.48593139648438,133.28050231933594,133.33299255371094,128.7344970703125,130.73300170898438,35576000
2022-03-17,133.04110717773438,133.83900451660156,134.08050537109375,132.18499755859375,133.1490020751953,28264000
2022-03-18,135.31398010253906,136.12550354003906,136.24400329589844,132.2584991455078,133.42449951171875,44566000
2022-03-21,135.29013061523438,136.10150146484375,137.0500030517578,134.09249877929688,136.1634979248047,26832000
2022-03-22,139.0341796875,139.8679962158203,141.0500030517578,136.10150146484375,136.10150146484375,35496000
2022-03-23,137.451171875,138.27549743652344,139.5885009765625,137.8350067138672,138.70249938964844,25154000
2022-03-24,140.72801208496094,141.57200622558594,141.61900329589844,137.75050354003906,139.1999969482422,26396000
2022-03-25,140.82839965820312,141.67300415039062,142.03500366210938,139.7375030517578,141.91600036621094,24126000
2022-03-28,140.61221313476562,141.45550537109375,142.00250244140625,139.81149291992188,140.90049743652344,35050000
2022-03-29,141.6559295654297,142.5054931640625,143.7935028076172,142.0384979248047,142.6475067138672,34318000
2022-03-30,141.09231567382812,141.93850708007812,142.7205047607422,141.60000610351562,142.4600067138672,19884000
2022-03-31,138.2384490966797,139.0675048828125,142.10800170898438,139.02450561523438,142.05299377441406,37524000
2022-04-01,139.31497192382812,140.15049743652344,140.4709930419922,138.3074951171875,139.5,25942000
2022-04-04,142.11917114257812,142.97149658203125,143.71200561523438,140.3105010986328,140.35850524902344,25942000
2022-04-05,139.75286865234375,140.59100341796875,142.99049377441406,140.38250732421875,142.86900329589844,21418000
2022-04-06,135.73394775390625,136.54800415039062,139.36050415039062,135.51699829101562,138.75,32468000
2022-04-07,135.07839965820312,135.8885040283203,137.1645050048828,134.2274932861328,136.00999450683594,26234000
2022-04-08,132.49290466308594,133.28750610351562,135.6699981689453,132.9654998779297,135.58349609375,25142000
2022-04-11,128.05552673339844,128.82350158691406,132.09249877929688,128.6685028076172,131.82350158691406,36884000
2022-04-12,126.95311737060547,127.7145004272461,131.60000610351562,126.78900146484375,131.60000610351562,32710000
2022-04-13,129.11961364746094,129.8939971923828,130.33399963378906,127.74099731445312,128.0,27928000
2022-04-14,125.97449493408203,126.7300033569336,130.47950744628906,126.60099792480469,130.47950744628906,31598000
2022-04-18,126.91535186767578,127.67649841308594,128.21249389648438,126.18199920654297,127.0,20808000
2022-04-19,129.23394775390625,130.00900268554688,130.33299255371094,126.99949645996094,127.69149780273438,26490000
2022-04-20,127.27667236328125,128.0399932861328,131.3990020751953,127.5,130.89199829101562,31696000
2022-04-21,124.07040405273438,124.81449890136719,130.09849548339844,124.52649688720703,129.25,36446000
2022-04-22,118.92227935791016,119.635498046875,125.4020004272461,118.92500305175781,125.0,56884000
2022-04-25,122.34027862548828,123.0739974975586,123.27749633789062,118.51100158691406,119.10099792480469,46128000
2022-04-26,117.94265747070312,118.6500015258789,122.51000213623047,118.51100158691406,122.29450225830078,73054000
2022-04-27,113.61312866210938,114.29450225830078,117.24199676513672,112.73650360107422,114.46949768066406,91820000
2022-04-28,117.81591033935547,118.52249908447266,119.64949798583984,114.11499786376953,116.41500091552734,48884000
2022-04-29,113.4292221069336,114.1094970703125,117.91999816894531,113.81449890136719,116.7344970703125,42676000
2022-05-02,115.88796997070312,116.58300018310547,116.74549865722656,112.5999984741211,113.40499877929688,35534000
2022-05-03,116.63450622558594,117.33399963378906,118.44200134277344,116.03450012207031,116.43049621582031,24968000
2022-05-04,121.5321273803711,122.26100158691406,122.85449981689453,115.11599731445312,117.03150177001953,49916000
2022-05-05,115.81094360351562,116.50550079345703,121.03900146484375,115.00550079345703,120.2040023803711,45840000
2022-05-06,115.05646514892578,115.74649810791016,117.57150268554688,114.0155029296875,115.18450164794922,39710000
2022-05-09,111.84024810791016,112.51100158691406,115.0770034790039,112.00050354003906,113.25,40802000
2022-05-10,113.71302032470703,114.3949966430664,116.25,112.90049743652344,115.50749969482422,39900000
2022-05-11,112.92524719238281,113.60250091552734,116.364501953125,113.23650360107422,113.23650360107422,37534000
2022-05-12,112.17127227783203,112.84400177001953,114.29499816894531,109.82450103759766,111.37750244140625,53836000
2022-05-13,115.35865783691406,116.05049896240234,117.875,113.6050033569336,114.53299713134766,35038000
2022-05-16,113.76273345947266,114.44499969482422,116.16999816894531,113.8895034790039,114.95549774169922,25990000
2022-05-17,115.77864837646484,116.4729995727539,116.9000015258789,114.87000274658203,116.84049987792969,23054000
2022-05-18,111.2323989868164,111.89949798583984,115.4000015258789,111.55549621582031,115.0,35126000
2022-05-19,109.72593688964844,110.38400268554688,113.01000213623047,110.0,111.43150329589844,34144000
2022-05-20,108.25873565673828,108.90799713134766,112.18350219726562,105.79650115966797,111.95099639892578,48962000
2022-05-23,110.82335662841797,111.48799896240234,112.14749908447266,108.74099731445312,109.5875015258789,37184000
2022-05-24,105.3382568359375,105.97000122070312,106.45850372314453,101.8844985961914,105.77200317382812,76780000
2022-05-25,105.17422485351562,105.80500030517578,106.5,103.85649871826172,104.9854965209961,40258000
2022-05-26,107.14988708496094,107.7925033569336,108.64949798583984,105.2249984741211,105.677001953125,37948000
2022-05-27,111.64691925048828,112.31649780273438,112.31800079345703,109.13849639892578,109.48300170898438,37914000
2022-05-31,113.08379364013672,113.76200103759766,115.73500061035156,112.07849884033203,112.74649810791016,50012000
2022-06-01,113.21302032470703,113.89199829101562,117.10150146484375,113.25,114.8550033569336,36606000
2022-06-02,116.92127227783203,117.62249755859375,117.89949798583984,112.94650268554688,114.0,37992000
2022-06-03,113.858154296875,114.54100036621094,116.32150268554688,113.51850128173828,116.0625,26136000
2022-06-06,116.12407684326172,116.82050323486328,119.34700012207031,116.16400146484375,116.70449829101562,33542000
2022-06-07,116.45109558105469,117.14949798583984,117.69100189208984,115.052001953125,115.48049926757812,31590000
2022-06-08,116.49534606933594,117.19400024414062,118.57050323486328,116.5999984741211,116.7614974975586,26108000
2022-06-09,114.15089416503906,114.83550262451172,118.29900360107422,114.7760009765625,116.32749938964844,25798000
2022-06-10,110.4988021850586,111.1614990234375,113.27899932861328,110.36599731445312,112.44499969482422,41452000
2022-06-13,105.75822448730469,106.39250183105469,108.79149627685547,106.11900329589844,106.7864990234375,47252000
2022-06-14,106.07929992675781,106.71549987792969,107.92449951171875,105.80000305175781,106.53500366210938,33706000
2022-06-15,109.1101303100586,109.7645034790039,111.42350006103516,107.66950225830078,108.54499816894531,39698000
2022-06-16,105.40137481689453,106.03350067138672,108.64849853515625,105.13800048828125,107.22100067138672,51684000
2022-06-17,106.5047607421875,107.14350128173828,108.69950103759766,105.0459976196289,106.03350067138672,51376000
2022-06-21,110.87902069091797,111.54399871826172,112.489501953125,108.5999984741211,108.92949676513672,47416000
2022-06-22,110.82286071777344,111.48750305175781,113.34649658203125,110.38249969482422,110.55650329589844,30774000
2022-06-23,111.57286834716797,112.24199676513672,112.74250030517578,110.50050354003906,112.23149871826172,28362000
2022-06-24,117.27167510986328,117.9749984741211,118.0790023803711,112.95249938964844,112.99500274658203,41164000
2022-06-27,115.14295196533203,115.83350372314453,118.57949829101562,115.17949676513672,118.27300262451172,36420000
2022-06-28,111.33975982666016,112.00749969482422,117.30950164794922,111.8479995727539,115.80249786376953,35792000
2022-06-29,111.03558349609375,111.70149993896484,113.1604995727539,110.87249755859375,111.552001953125,24716000
2022-06-30,108.31340026855469,108.96299743652344,110.88800048828125,106.75,110.0,43170000
2022-07-01,108.08924865722656,108.73750305175781,109.25,106.73049926757812,107.93299865722656,35476000
2022-07-05,112.5877685546875,113.26300048828125,113.37699890136719,105.73149871826172,107.10050201416016,39342000
2022-07-06,113.88897705078125,114.5719985961914,115.5895004272461,111.47599792480469,113.302001953125,37432000
2022-07-07,118.07485961914062,118.78299713134766,119.18949890136719,114.83350372314453,115.08000183105469,40936000
2022-07-08,118.64196014404297,119.35350036621094,119.68499755859375,116.90149688720703,117.25,38238000
2022-07-11,114.98688507080078,115.67649841308594,117.99800109863281,115.33049774169922,117.99800109863281,31196000
2022-07-12,113.34076690673828,114.02050018310547,116.9739990234375,113.69000244140625,116.21499633789062,29960000
2022-07-13,110.68965911865234,111.35350036621094,114.19599914550781,111.20149993896484,111.70099639892578,43722000
2022-07-14,109.70954132080078,110.36750030517578,111.09300231933594,108.37300109863281,110.21050262451172,37004000
2022-07-15,111.11112213134766,111.77749633789062,113.1405029296875,110.9000015258789,112.00050354003906,46770000
2022-07-18,108.3800048828125,109.02999877929688,113.68000030517578,108.37000274658203,112.63999938964844,43164600
2022-07-19,113.13150787353516,113.80999755859375,114.0199966430664,109.55999755859375,110.8499984741211,36530900
2022-07-20,113.22097778320312,113.9000015258789,115.4000015258789,112.4800033569336,113.16999816894531,35600400
2022-07-21,113.6583480834961,114.33999633789062,114.55000305175781,111.11000061035156,114.27999877929688,32676200
2022-07-22,107.25674438476562,107.9000015258789,112.33999633789062,106.5,111.0,48901200
2022-07-25,106.86907958984375,107.51000213623047,109.87000274658203,106.30000305175781,108.41000366210938,34690900
2022-07-26,104.39390563964844,105.0199966430664,107.19999694824219,104.06999969482422,106.5999984741211,47991000
2022-07-27,112.38597869873047,113.05999755859375,113.91000366210938,108.01000213623047,109.26000213623047,59858500
2022-07-28,113.53907012939453,114.22000122070312,114.33999633789062,111.45999908447266,112.37000274658203,32816600
2022-07-29,115.62655639648438,116.31999969482422,116.70999908447266,113.05999755859375,113.08000183105469,37223400
2022-08-01,114.17524719238281,114.86000061035156,116.72000122070312,114.33999633789062,115.30000305175781,26034300
2022-08-02,114.44364166259766,115.12999725341797,116.3499984741211,113.72000122070312,114.0,20236000
2022-08-03,117.37606811523438,118.08000183105469,118.62000274658203,115.4800033569336,115.70999908447266,28499000
2022-08-04,117.48539733886719,118.19000244140625,118.77999877929688,116.88999938964844,117.4800033569336,21602900
2022-08-05,116.76969146728516,117.47000122070312,118.11000061035156,116.0,116.2300033569336,19159500
2022-08-08,116.60071563720703,117.30000305175781,120.1500015258789,116.87999725341797,118.38999938964844,19138300
2022-08-09,115.9346923828125,116.62999725341797,117.31999969482422,115.70999908447266,117.13999938964844,19086500
2022-08-10,118.98638916015625,119.69999694824219,120.91999816894531,118.41000366210938,118.77999877929688,30930400
2022-08-11,118.13151550292969,118.83999633789062,121.48999786376953,118.55999755859375,121.27999877929688,24293700
2022-08-12,120.95458984375,121.68000030517578,121.68000030517578,119.45999908447266,120.26000213623047,19096300
2022-08-15,121.35221099853516,122.08000183105469,122.30000305175781,120.61000061035156,121.12999725341797,19494800
2022-08-16,120.97447204589844,121.69999694824219,122.43000030517578,120.63999938964844,121.5199966430664,19041200
2022-08-17,118.83729553222656,119.55000305175781,121.29000091552734,119.37999725341797,120.12000274658203,22847000
2022-08-18,119.45360565185547,120.16999816894531,120.81999969482422,118.72000122070312,119.43000030517578,17987700
2022-08-19,116.51123809814453,117.20999908447266,119.1500015258789,116.76000213623047,119.05999755859375,21809500
2022-08-22,113.55894470214844,114.23999786376953,115.62999725341797,113.8499984741211,115.19999694824219,21456600
2022-08-23,113.18121337890625,113.86000061035156,115.01000213623047,113.43000030517578,113.4800033569336,15870400
2022-08-24,113.0122299194336,113.69000244140625,114.77999877929688,112.87000274658203,113.5,17734600
2022-08-25,115.95458221435547,116.6500015258789,116.72000122070312,114.11000061035156,114.23999786376953,16956800
2022-08-26,109.68219757080078,110.33999633789062,115.12000274658203,110.19000244140625,114.72000122070312,37245700
2022-08-29,108.76768493652344,109.41999816894531,110.94999694824219,108.80000305175781,109.98999786376953,21191200
2022-08-30,108.2905502319336,108.94000244140625,110.5,107.80000305175781,110.16999816894531,27513300
2022-08-31,107.57484436035156,108.22000122070312,110.8499984741211,108.12999725341797,110.6500015258789,28627000
2022-09-01,109.08577728271484,109.73999786376953,110.44999694824219,107.36000061035156,108.27999877929688,28360900
2022-09-02,107.20704650878906,107.8499984741211,110.73999786376953,107.26000213623047,110.58999633789062,24160700
2022-09-06,106.1732406616211,106.80999755859375,108.02999877929688,105.77999877929688,107.30000305175781,25068300
2022-09-07,108.79750061035156,109.44999694824219,109.9800033569336,106.9000015258789,107.05999755859375,23167000
2022-09-08,107.73388671875,108.37999725341797,109.5999984741211,107.16000366210938,108.04000091552734,24238300
2022-09-09,109.99034881591797,110.6500015258789,110.98999786376953,109.0199966430664,109.06999969482422,23197700
2022-09-12,110.1990966796875,110.86000061035156,111.62000274658203,109.93000030517578,110.98999786376953,22966800
2022-09-13,103.69808959960938,104.31999969482422,108.30000305175781,104.08999633789062,107.80000305175781,38172900
2022-09-14,104.37403106689453,105.0,105.27999877929688,103.66000366210938,104.56999969482422,26395100
2022-09-15,102.29649353027344,102.91000366210938,105.2699966430664,102.3499984741211,104.02999877929688,34188300
2022-09-16,102.18714904785156,102.80000305175781,103.12999725341797,100.94000244140625,102.06999969482422,42797200
2022-09-19,102.45553588867188,103.06999969482422,103.33000183105469,101.55000305175781,101.75,23036800
2022-09-20,100.53704833984375,101.13999938964844,102.37000274658203,100.5199966430664,102.08000183105469,26517100
2022-09-21,98.6881332397461,99.27999877929688,102.87999725341797,99.2699966430664,101.66999816894531,31487300
2022-09-22,99.54300689697266,100.13999938964844,101.23999786376953,98.79000091552734,98.81999969482422,34298600
2022-09-23,98.15135955810547,98.73999786376953,99.66000366210938,97.47000122070312,99.62999725341797,31625400
2022-09-26,97.58474731445312,98.16999816894531,99.87999725341797,97.80000305175781,98.0999984741211,27072700
2022-09-27,96.91874694824219,97.5,100.0,96.87000274658203,99.43000030517578,30072800
2022-09-28,99.45355224609375,100.05000305175781,100.69999694824219,97.11000061035156,97.6500015258789,32466300
2022-09-29,96.83921813964844,97.41999816894531,98.63999938964844,95.95999908447266,98.63999938964844,31047200
2022-09-30,95.07977294921875,95.6500015258789,98.9000015258789,95.55999755859375,97.05000305175781,32941500
2022-10-03,98.05195617675781,98.63999938964844,99.29000091552734,96.5199966430664,96.76000213623047,27982000
2022-10-04,101.03406524658203,101.63999938964844,101.83999633789062,100.37999725341797,100.44000244140625,28850800
2022-10-05,100.82530975341797,101.43000030517578,101.93000030517578,98.80000305175781,99.83000183105469,22176900
2022-10-06,100.81537628173828,101.41999816894531,102.93000030517578,100.58999633789062,100.68000030517578,22324000
2022-10-07,98.09171295166016,98.68000030517578,100.52999877929688,98.30000305175781,99.8499984741211,27502800
2022-10-10,97.27660369873047,97.86000061035156,99.0999984741211,97.01000213623047,99.0,18225100
2022-10-11,96.60065460205078,97.18000030517578,99.25,96.30999755859375,97.43000030517578,26507100
2022-10-12,96.97838592529297,97.55999755859375,98.75,96.73999786376953,97.30000305175781,21876400
2022-10-13,98.46943664550781,99.05999755859375,99.77999877929688,94.37999725341797,95.1500015258789,34574500
2022-10-14,95.98434448242188,96.55999755859375,100.69000244140625,96.37000274658203,99.98999786376953,25410700
2022-10-17,99.3740234375,99.97000122070312,100.93000030517578,98.83000183105469,98.86000061035156,28419200
2022-10-18,100.16925048828125,100.7699966430664,103.47000122070312,99.97000122070312,103.12999725341797,24060700
2022-10-19,99.03604125976562,99.62999725341797,101.0199966430664,98.91999816894531,100.01000213623047,23811100
2022-10-20,99.3740234375,99.97000122070312,102.31999969482422,99.38999938964844,100.0,25323200
2022-10-21,100.52709197998047,101.12999725341797,101.30999755859375,97.72000122070312,97.8499984741211,32458700
2022-10-24,101.90882110595703,102.5199966430664,102.75,99.9800033569336,101.80000305175781,27176400
2022-10-25,103.85713195800781,104.4800033569336,104.81999969482422,102.72000122070312,102.9000015258789,40611400
2022-10-26,94.36405944824219,94.93000030517578,98.30999755859375,94.69000244140625,96.43000030517578,88114100
2022-10-27,91.67021942138672,92.22000122070312,95.43000030517578,91.80000305175781,94.5199966430664,60710900
2022-10-28,95.7159652709961,96.29000091552734,96.55000305175781,92.12999725341797,92.2699966430664,43697300
2022-10-31,93.94657135009766,94.51000213623047,96.02999877929688,93.9800033569336,95.41999816894531,31675000
2022-11-01,89.9306640625,90.47000122070312,96.02999877929688,90.37000274658203,95.44999694824219,47161400
2022-11-02,86.4515151977539,86.97000122070312,91.18000030517578,86.87999725341797,90.94000244140625,57038300
2022-11-03,82.93262481689453,83.43000030517578,86.5199966430664,83.33999633789062,86.31999969482422,61288000
2022-11-04,86.06385040283203,86.58000183105469,86.63999938964844,83.70999908447266,85.4000015258789,51124900
2022-11-07,87.96246337890625,88.48999786376953,88.9000015258789,86.8499984741211,87.27999877929688,34078900
2022-11-08,88.3700180053711,88.9000015258789,90.31999969482422,87.58999633789062,88.9000015258789,30429000
2022-11-09,86.79943084716797,87.31999969482422,89.44000244140625,87.27999877929688,88.44999694824219,31769100
2022-11-10,93.37997436523438,93.94000244140625,94.38999938964844,91.61000061035156,92.25,51620100
2022-11-11,95.83525085449219,96.41000366210938,96.93000030517578,93.91999816894531,94.69000244140625,33090500
2022-11-14,95.12947082519531,95.69999694824219,96.79000091552734,94.51000213623047,95.08999633789062,30179500
2022-11-15,97.8531494140625,98.44000244140625,100.13999938964844,96.70999908447266,98.26000213623047,41640800
2022-11-16,98.26069641113281,98.8499984741211,99.63999938964844,97.63999938964844,97.9000015258789,29105200
2022-11-17,97.77362060546875,98.36000061035156,99.27999877929688,96.79000091552734,96.97000122070312,26052600
2022-11-18,96.84916687011719,97.43000030517578,98.9000015258789,96.37000274658203,98.7699966430664,28342300
2022-11-21,95.03007507324219,95.5999984741211,98.4000015258789,95.36000061035156,97.29000091552734,21647400
2022-11-22,96.47142791748047,97.05000305175781,97.22000122070312,94.05000305175781,95.94999694824219,23438500
2022-11-23,97.8730239868164,98.45999908447266,98.76000213623047,97.08999633789062,97.08999633789062,18868100
2022-11-25,96.87898254394531,97.45999908447266,98.63999938964844,97.4000015258789,98.23999786376953,9701400
2022-11-28,95.47740173339844,96.05000305175781,97.58000183105469,95.61000061035156,97.04000091552734,26237500
2022-11-29,94.62251281738281,95.19000244140625,96.12000274658203,94.11000061035156,95.7300033569336,20061700
2022-11-30,100.38793182373047,100.98999786376953,101.04000091552734,94.41999816894531,94.81999969482422,43647500
2022-12-01,100.38793182373047,100.98999786376953,102.25,100.25,101.0199966430664,28687100
2022-12-02,99.84121704101562,100.44000244140625,100.7699966430664,98.9000015258789,99.05000305175781,21480700
2022-12-05,98.8869400024414,99.4800033569336,101.37999725341797,99.0,99.4000015258789,24405100
2022-12-06,96.40185546875,96.9800033569336,99.77999877929688,96.41999816894531,99.30000305175781,24910700
2022-12-07,94.37401580810547,94.94000244140625,96.87999725341797,94.72000122070312,96.41000366210938,31045400
2022-12-08,93.15132904052734,93.70999908447266,95.58000183105469,93.44999694824219,95.37999725341797,32213300
2022-12-09,92.2765884399414,92.83000183105469,94.26000213623047,92.75,93.7699966430664,28225400
2022-12-12,92.75371551513672,93.30999755859375,93.55999755859375,91.61000061035156,92.70999908447266,29420000
2022-12-13,95.05989074707031,95.62999725341797,99.52999877929688,95.02999877929688,97.76000213623047,40593700
2022-12-14,94.50322723388672,95.06999969482422,96.87000274658203,93.5999984741211,95.19999694824219,28733600
2022-12-15,90.31832885742188,90.86000061035156,93.63999938964844,90.01000213623047,93.12999725341797,40107000
2022-12-16,89.72190856933594,90.26000213623047,91.33000183105469,89.5199966430664,90.76000213623047,58011800
2022-12-19,87.91275787353516,88.44000244140625,90.55999755859375,88.20999908447266,90.26000213623047,29493000
2022-12-20,88.48929595947266,89.0199966430664,89.18000030517578,87.44000244140625,88.11000061035156,23453800
2022-12-21,89.04595947265625,89.58000183105469,90.22000122070312,88.31999969482422,89.08000183105469,24745600
2022-12-22,87.23680877685547,87.76000213623047,88.54000091552734,86.31999969482422,88.16000366210938,27658300
2022-12-23,88.69805908203125,89.2300033569336,89.55000305175781,87.06999969482422,87.11000061035156,23003000
2022-12-27,86.8690185546875,87.38999938964844,88.94000244140625,87.01000213623047,88.80000305175781,20097300
2022-12-28,85.5071792602539,86.0199966430664,88.04000091552734,85.94000244140625,86.9800033569336,19523200
2022-12-29,87.9227066040039,88.44999694824219,88.8499984741211,86.61000061035156,86.62000274658203,23333500
2022-12-30,87.70401763916016,88.2300033569336,88.30000305175781,86.56999969482422,86.9800033569336,23986300
