Price,Adj Close,Close,High,Low,Open,Volume
Ticker,GOOGL,GOOGL,GOOGL,GOOGL,GOOGL,GOOGL
Date,,,,,,
2020-01-02,68.0260238647461,68.43399810791016,68.43399810791016,67.32450103759766,67.42050170898438,27278000
2020-01-03,67.67015075683594,68.07599639892578,68.6875,67.36599731445312,67.4000015258789,23408000
2020-01-06,69.47384643554688,69.8905029296875,69.91600036621094,67.55000305175781,67.58149719238281,46768000
2020-01-07,69.33963775634766,69.75550079345703,70.17500305175781,69.5780029296875,70.02300262451172,34330000
2020-01-08,69.83318328857422,70.25199890136719,70.59249877929688,69.63150024414062,69.74099731445312,35314000
2020-01-09,70.56629180908203,70.989501953125,71.43399810791016,70.510498046875,71.09649658203125,33200000
2020-01-10,71.02204895019531,71.447998046875,71.74700164794922,70.9800033569336,71.47350311279297,26258000
2020-01-13,71.57225799560547,72.00150299072266,72.0739974975586,71.26850128173828,71.76249694824219,30730000
2020-01-14,71.10307312011719,71.52950286865234,72.13150024414062,71.38849639892578,72.0,26076000
2020-01-15,71.531005859375,71.95999908447266,72.03900146484375,71.58300018310547,71.6510009765625,21550000
2020-01-16,72.07573699951172,72.50800323486328,72.53500366210938,72.0,72.27249908447266,26080000
2020-01-17,73.53498077392578,73.97599792480469,74.02749633789062,72.82749938964844,73.12699890136719,52424000
2020-01-21,73.6706771850586,74.11250305175781,74.49400329589844,73.510498046875,73.94999694824219,48930000
2020-01-22,73.75118255615234,74.19349670410156,75.02899932861328,74.13300323486328,74.48650360107422,28458000
2020-01-23,73.79194641113281,74.2344970703125,74.67500305175781,74.01599884033203,74.37750244140625,26650000
2020-01-24,72.8714599609375,73.30850219726562,74.70999908447266,73.15899658203125,74.64099884033203,29786000
2020-01-27,71.15972900390625,71.58650207519531,71.8290023803711,70.9749984741211,71.5770034790039,34132000
2020-01-28,72.09263610839844,72.5250015258789,72.73999786376953,71.51799774169922,72.08699798583984,29724000
2020-01-29,72.4007797241211,72.83499908447266,73.20700073242188,72.26950073242188,72.9229965209961,21566000
2020-01-30,72.2790298461914,72.7125015258789,72.76249694824219,71.75,71.90499877929688,27110000
2020-01-31,71.2119140625,71.63899993896484,73.4834976196289,71.35299682617188,73.39299774169922,43822000
2020-02-03,73.68806457519531,74.12999725341797,74.31500244140625,72.83049774169922,73.0824966430664,71636000
2020-02-04,71.83965301513672,72.27050018310547,73.36699676513672,71.10150146484375,72.72450256347656,95880000
2020-02-05,71.8714599609375,72.30249786376953,73.22899627685547,71.48400115966797,73.18049621582031,36376000
2020-02-06,73.3585433959961,73.79850006103516,74.0780029296875,72.52400207519531,72.5989990234375,37822000
2020-02-07,73.51461029052734,73.95549774169922,74.26249694824219,73.27050018310547,73.36949920654297,28360000
2020-02-10,74.98329162597656,75.43299865722656,75.44400024414062,73.76000213623047,73.86150360107422,38302000
2020-02-11,75.0528793334961,75.50299835205078,76.49400329589844,75.27249908447266,75.66349792480469,34852000
2020-02-12,75.47883605957031,75.93150329589844,76.01499938964844,75.43350219726562,75.79299926757812,31042000
2020-02-13,75.21839904785156,75.66950225830078,76.29750061035156,75.19999694824219,75.5,22914000
2020-02-14,75.48379516601562,75.9365005493164,76.00250244140625,75.27749633789062,75.72650146484375,23198000
2020-02-18,75.51908874511719,75.97200012207031,76.52799987792969,75.55049896240234,75.71700286865234,25642000
2020-02-19,75.7889633178711,76.24349975585938,76.53700256347656,76.04900360107422,76.36000061035156,22746000
2020-02-20,75.3973159790039,75.84950256347656,76.35350036621094,75.21299743652344,75.95050048828125,25962000
2020-02-21,73.7308120727539,74.1729965209961,75.54750061035156,73.92449951171875,75.22899627685547,42520000
2020-02-24,70.56977081298828,70.99299621582031,71.81900024414062,70.3395004272461,71.15249633789062,49560000
2020-02-25,68.90276336669922,69.31600189208984,71.84249877929688,69.02100372314453,71.55000305175781,51580000
2020-02-26,69.10902404785156,69.52349853515625,70.68350219726562,68.82749938964844,69.7490005493164,49776000
2020-02-27,65.35554504394531,65.74749755859375,68.47000122070312,65.71199798583984,67.95700073242188,62290000
2020-02-28,66.56330108642578,66.9625015258789,67.12249755859375,63.410499572753906,63.71549987792969,80198000
2020-03-02,68.90276336669922,69.31600189208984,69.37349700927734,66.26000213623047,67.56950378417969,55430000
2020-03-03,66.48725128173828,66.88600158691406,70.40950012207031,66.46199798583984,69.88400268554688,56602000
2020-03-04,68.66818237304688,69.08000183105469,69.13899993896484,66.8499984741211,67.947998046875,47598000
2020-03-05,65.3460922241211,65.73799896240234,67.68150329589844,65.08200073242188,67.27749633789062,54380000
2020-03-06,64.40077209472656,64.78700256347656,65.13749694824219,62.86050033569336,63.497501373291016,64640000
2020-03-09,60.42709732055664,60.78950119018555,62.63650131225586,59.902000427246094,60.24800109863281,69252000
2020-03-10,63.37839889526367,63.75849914550781,63.79249954223633,60.72549819946289,62.71950149536133,54872000
2020-03-11,60.18405532836914,60.54499816894531,62.846500396728516,59.55699920654297,62.41350173950195,54732000
2020-03-12,55.24617385864258,55.57749938964844,59.4375,55.423500061035156,56.13100051879883,94326000
2020-03-13,60.35155487060547,60.7135009765625,60.720001220703125,55.614498138427734,58.7495002746582,79400000
2020-03-16,53.33016586303711,53.650001525878906,57.27349853515625,53.354000091552734,54.480499267578125,96520000
2020-03-17,55.56972885131836,55.90299987792969,56.29999923706055,52.45500183105469,54.53200149536133,83194000
2020-03-18,54.2342414855957,54.55950164794922,55.2495002746582,51.849998474121094,52.99700164794922,93044000
2020-03-19,55.252132415771484,55.583499908447266,57.63050079345703,52.77750015258789,54.4109992980957,74064000
2020-03-20,53.09208679199219,53.410499572753906,56.92399978637695,53.10499954223633,56.54499816894531,82878000
2020-03-23,52.39228439331055,52.70650100708008,53.34550094604492,50.44350051879883,52.81850051879883,83672000
2020-03-24,56.163665771484375,56.5004997253418,56.666500091552734,54.32149887084961,55.19900131225586,72468000
2020-03-25,54.75263214111328,55.08100128173828,57.30849838256836,54.1505012512207,56.229000091552734,90324000
2020-03-26,57.799354553222656,58.145999908447266,58.57400131225586,54.60150146484375,55.736000061035156,76562000
2020-03-27,55.18205642700195,55.51300048828125,57.5525016784668,55.20000076293945,56.37350082397461,62794000
2020-03-30,56.97380828857422,57.31549835205078,57.54999923706055,54.92449951171875,56.63199996948242,58736000
2020-03-31,57.75114440917969,58.09749984741211,58.66999816894531,56.83599853515625,57.436500549316406,65228000
2020-04-01,54.776485443115234,55.10499954223633,56.47100067138672,54.67449951171875,56.20000076293945,51970000
2020-04-02,55.51853561401367,55.85150146484375,56.13850021362305,54.65650177001953,55.0,56410000
2020-04-03,54.30928421020508,54.6349983215332,55.93949890136719,53.75400161743164,55.73550033569336,51374000
2020-04-06,58.80681610107422,59.15950012207031,59.537498474121094,56.25,56.650001525878906,63320000
2020-04-07,58.7755012512207,59.12799835205078,61.03900146484375,58.86249923706055,60.85049819946289,61620000
2020-04-08,59.99021530151367,60.349998474121094,60.744998931884766,59.1974983215332,60.154998779296875,40334000
2020-04-09,59.968849182128906,60.32849884033203,61.0994987487793,59.62099838256836,60.909000396728516,54028000
2020-04-13,60.159698486328125,60.52050018310547,60.72600173950195,59.11650085449219,60.07500076293945,38702000
2020-04-14,62.88436508178711,63.26150131225586,63.787498474121094,61.426998138427734,61.99850082397461,63358000
2020-04-15,62.49022674560547,62.8650016784668,63.75550079345703,61.70000076293945,62.32550048828125,42236000
2020-04-16,62.496681213378906,62.871498107910156,63.667999267578125,61.90999984741211,63.356998443603516,57896000
2020-04-17,63.568756103515625,63.95000076293945,64.5,63.29999923706055,64.08499908447266,51050000
2020-04-20,62.68157958984375,63.057498931884766,63.840999603271484,62.821998596191406,63.49449920654297,35292000
2020-04-21,60.246681213378906,60.608001708984375,62.5,60.25,62.135501861572266,49648000
2020-04-22,62.54539489746094,62.920501708984375,63.99399948120117,61.86000061035156,62.05550003051758,46296000
2020-04-23,63.179588317871094,63.55849838256836,64.40750122070312,63.0265007019043,63.2869987487793,34202000
2020-04-24,63.44947052001953,63.83000183105469,63.885501861572266,62.20000076293945,62.75,37402000
2020-04-27,63.164180755615234,63.542999267578125,64.70500183105469,63.25299835205078,64.5999984741211,44186000
2020-04-28,61.262088775634766,61.62950134277344,64.23799896240234,61.51900100708008,64.16000366210938,80700000
2020-04-29,66.70893859863281,67.10900115966797,68.00749969482422,66.33650207519531,67.25,108358000
2020-04-30,66.93358612060547,67.33499908447266,67.5,66.07499694824219,66.56800079345703,55842000
2020-05-01,65.47332763671875,65.86599731445312,67.57150268554688,65.48300170898438,66.20449829101562,48872000
2020-05-04,65.75066375732422,66.1449966430664,66.22350311279297,64.80049896240234,65.40650177001953,30806000
2020-05-05,67.04887390136719,67.45099639892578,68.55049896240234,66.75150299072266,66.875,39666000
2020-05-06,66.87045288085938,67.27149963378906,68.43450164794922,67.25650024414062,67.9000015258789,31732000
2020-05-07,68.05583953857422,68.46399688720703,68.80000305175781,67.62699890136719,68.06549835205078,30652000
2020-05-08,68.80435180664062,69.21700286865234,69.83200073242188,68.60050201416016,69.09100341796875,33326000
2020-05-11,69.76111602783203,70.17949676513672,70.77649688720703,68.7750015258789,68.8395004272461,32718000
2020-05-12,68.34909057617188,68.75900268554688,70.71649932861328,68.72550201416016,70.41100311279297,33918000
2020-05-13,67.01457977294922,67.41649627685547,69.2665023803711,66.40049743652344,68.80799865722656,40368000
2020-05-14,67.43855285644531,67.84300231933594,67.86849975585938,66.16500091552734,66.6760025024414,36660000
2020-05-15,68.24372100830078,68.65299987792969,68.72899627685547,66.94999694824219,67.41300201416016,41544000
2020-05-18,68.84611511230469,69.25900268554688,69.63800048828125,67.70999908447266,68.0790023803711,47094000
2020-05-19,68.31031799316406,68.72000122070312,69.62449645996094,68.68800354003906,69.27400207519531,31586000
2020-05-20,70.03795623779297,70.45800018310547,70.60150146484375,69.37100219726562,69.45800018310547,38262000
2020-05-21,69.91817474365234,70.3375015258789,70.822998046875,69.71949768066406,70.54949951171875,30894000
2020-05-22,70.2407455444336,70.66200256347656,70.8499984741211,69.79750061035156,70.19499969482422,28544000
2020-05-26,70.64481353759766,71.06849670410156,72.25550079345703,70.97000122070312,72.0979995727539,44590000
2020-05-27,70.59064483642578,71.01399993896484,71.26750183105469,69.7300033569336,71.0,31684000
2020-05-28,70.48925018310547,70.91200256347656,72.2229995727539,69.9540023803711,70.0,35170000
2020-05-29,71.24870300292969,71.6760025024414,71.83650207519531,70.79900360107422,71.02149963378906,37044000
2020-06-01,71.3157958984375,71.74349975585938,72.0790023803711,71.11399841308594,71.28500366210938,25162000
2020-06-02,71.68557739257812,72.1155014038086,72.1500015258789,71.08049774169922,71.75,23442000
2020-06-03,71.53348541259766,71.9625015258789,72.45050048828125,71.58100128173828,72.13500213623047,27732000
2020-06-04,70.29341888427734,70.71499633789062,72.06600189208984,70.30049896240234,71.83899688720703,26982000
2020-06-05,71.5717544555664,72.0009994506836,72.31500244140625,70.38099670410156,70.78199768066406,42642000
2020-06-08,71.97036743164062,72.4020004272461,72.44999694824219,71.2239990234375,71.31400299072266,33878000
2020-06-09,72.1711654663086,72.60399627685547,73.38999938964844,72.11799621582031,72.26200103759766,33624000
2020-06-10,72.79839324951172,73.23500061035156,73.63849639892578,72.71800231933594,73.07550048828125,31762000
2020-06-11,69.6771240234375,70.09500122070312,72.58000183105469,69.92050170898438,72.05149841308594,47144000
2020-06-12,70.22483825683594,70.64600372314453,71.72550201416016,69.29000091552734,71.29299926757812,36676000
2020-06-15,70.6135025024414,71.03700256347656,71.25,69.36000061035156,69.47450256347656,30468000
2020-06-16,71.892333984375,72.32350158691406,72.8584976196289,71.44950103759766,72.44999694824219,30648000
2020-06-17,72.19403076171875,72.62699890136719,73.11000061035156,71.75650024414062,72.64700317382812,30610000
2020-06-18,71.27851867675781,71.70600128173828,72.64849853515625,71.31199645996094,72.49250030517578,34862000
2020-06-19,70.8073501586914,71.23200225830078,72.2249984741211,70.94999694824219,72.0,52784000
2020-06-22,72.1005859375,72.53299713134766,72.54750061035156,70.95950317382812,71.25050354003906,29442000
2020-06-23,72.76262664794922,73.1989974975586,73.76000213623047,72.25,72.5999984741211,37752000
2020-06-24,71.20793914794922,71.63500213623047,73.78949737548828,71.5,73.16400146484375,31592000
2020-06-25,71.62543487548828,72.05500030517578,72.11599731445312,70.97699737548828,71.56099700927734,23958000
2020-06-26,67.72085571289062,68.12699890136719,71.85099792480469,67.75,71.63150024414062,97640000
2020-06-29,69.44203186035156,69.8584976196289,69.9000015258789,67.5824966430664,68.01699829101562,45074000
2020-06-30,70.47980499267578,70.90249633789062,71.19999694824219,69.34649658203125,69.84400177001953,40286000
2020-07-01,71.670166015625,72.0999984741211,72.42400360107422,70.70899963378906,70.95850372314453,42182000
2020-07-02,73.05834197998047,73.49649810791016,74.4260025024414,72.55349731445312,72.59200286865234,57218000
2020-07-06,74.53548431396484,74.98249816894531,75.5,73.8489990234375,74.40750122070312,44712000
2020-07-07,74.05188751220703,74.49600219726562,76.06600189208984,74.48500061035156,74.80650329589844,42364000
2020-07-08,74.73179626464844,75.18000030517578,75.55850219726562,74.61499786376953,75.04000091552734,31766000
2020-07-09,75.48030853271484,75.93299865722656,76.45700073242188,74.77950286865234,75.49649810791016,41836000
2020-07-10,76.49176025390625,76.95050048828125,77.06700134277344,75.03600311279297,75.6624984741211,35918000
2020-07-13,75.1607437133789,75.61150360107422,78.81800079345703,75.3280029296875,77.49700164794922,42954000
2020-07-14,75.58966064453125,76.04299926757812,76.13999938964844,74.29650115966797,74.6395034790039,38108000
2020-07-15,75.391845703125,75.84400177001953,76.81649780273438,74.8915023803711,76.1614990234375,31026000
2020-07-16,75.29443359375,75.74600219726562,75.79550170898438,74.41349792480469,75.07499694824219,26484000
2020-07-17,75.3903579711914,75.84249877929688,76.17150115966797,74.90499877929688,75.84549713134766,34264000
2020-07-20,77.7258529663086,78.19200134277344,78.45050048828125,75.13500213623047,75.75,30166000
2020-07-21,77.33220672607422,77.7959976196289,79.35250091552734,77.63099670410156,79.25150299072266,27486000
2020-07-22,77.77605438232422,78.24250030517578,78.3489990234375,77.1614990234375,77.7854995727539,24482000
2020-07-23,75.3853988647461,75.8375015258789,78.51750183105469,75.42949676513672,78.29650115966797,33910000
2020-07-24,74.9609375,75.4104995727539,75.77149963378906,74.37950134277344,74.95950317382812,29902000
2020-07-27,76.01560974121094,76.47149658203125,76.87799835205078,75.61650085449219,75.66300201416016,27124000
2020-07-28,74.73429870605469,75.18250274658203,76.30049896240234,75.0260009765625,76.25,30910000
2020-07-29,75.72136688232422,76.17549896240234,76.66649627685547,75.15049743652344,75.25,22676000
2020-07-30,76.45995330810547,76.91850280761719,77.04450225830078,74.75849914550781,74.89849853515625,36042000
2020-07-31,73.95396423339844,74.39749908447266,75.2509994506836,72.69999694824219,74.85250091552734,91468000
2020-08-03,73.69601440429688,74.13800048828125,74.8864974975586,73.58599853515625,74.55000305175781,45482000
2020-08-04,73.22583770751953,73.66500091552734,74.65550231933594,73.20149993896484,74.33550262451172,37212000
2020-08-05,73.51361083984375,73.95449829101562,74.5,73.56099700927734,73.84100341796875,29134000
2020-08-06,74.79890441894531,75.24749755859375,75.3134994506836,73.59500122070312,73.80750274658203,33306000
2020-08-07,74.47187042236328,74.91850280761719,76.00450134277344,74.3134994506836,75.4520034790039,27718000
2020-08-10,74.39482879638672,74.84100341796875,75.35749816894531,73.87449645996094,74.54000091552734,20546000
2020-08-11,73.58568572998047,74.0270004272461,75.52200317382812,73.90950012207031,74.69999694824219,31098000
2020-08-12,74.91272735595703,75.36199951171875,75.58350372314453,74.25,74.35600280761719,22512000
2020-08-13,75.38040924072266,75.8324966430664,76.84850311279297,75.4104995727539,75.4104995727539,22388000
2020-08-14,74.78298950195312,75.23149871826172,75.989501953125,74.94999694824219,75.68049621582031,21942000
2020-08-17,75.36004638671875,75.81199645996094,76.18900299072266,75.25,75.79850006103516,19990000
2020-08-18,77.32525634765625,77.78900146484375,77.86849975585938,76.08350372314453,76.30599975585938,28378000
2020-08-19,76.77008056640625,77.23049926757812,78.44300079345703,77.0,77.62449645996094,30472000
2020-08-20,78.34264373779297,78.8125,79.00849914550781,76.7229995727539,76.99849700927734,26382000
2020-08-21,78.30885314941406,78.77850341796875,79.59400177001953,78.1155014038086,78.58999633789062,34838000
2020-08-24,78.78500366210938,79.25749969482422,80.43900299072266,78.75199890136719,79.62349700927734,25638000
2020-08-25,79.81382751464844,80.2925033569336,80.44400024414062,78.89399719238281,79.00499725341797,25150000
2020-08-26,81.7164077758789,82.20649719238281,82.6395034790039,80.04900360107422,80.31500244140625,52188000
2020-08-27,80.9405746459961,81.4260025024414,82.39949798583984,80.94049835205078,82.33049774169922,31350000
2020-08-28,81.4828109741211,81.97149658203125,82.06749725341797,81.28050231933594,81.47350311279297,22418000
2020-08-31,80.99077606201172,81.47650146484375,82.2249984741211,81.2665023803711,82.17849731445312,26422000
2020-09-01,82.26065826416016,82.75399780273438,82.96099853515625,81.47650146484375,81.60800170898438,22652000
2020-09-02,85.35758209228516,85.86949920654297,86.30500030517578,83.0094985961914,83.40049743652344,49522000
2020-09-03,80.98978424072266,81.47550201416016,85.0,80.385498046875,84.97599792480469,63726000
2020-09-04,78.58917236328125,79.06050109863281,81.74949645996094,76.89849853515625,80.44999694824219,55850000
2020-09-08,75.72583770751953,76.18000030517578,77.77749633789062,75.82499694824219,76.25,54032000
2020-09-09,76.90031433105469,77.36150360107422,77.93599700927734,76.25849914550781,77.44499969482422,39242000
2020-09-10,75.84761047363281,76.30249786376953,78.68299865722656,76.0,77.50900268554688,33024000
2020-09-11,75.336181640625,75.78800201416016,76.93499755859375,74.6510009765625,76.40750122070312,30706000
2020-09-14,74.99174499511719,75.44149780273438,77.8499984741211,75.25550079345703,76.5824966430664,42660000
2020-09-15,76.29840850830078,76.75599670410156,77.54949951171875,76.1050033569336,76.39450073242188,23042000
2020-09-16,75.15377807617188,75.60449981689453,77.71849822998047,75.57949829101562,77.1240005493164,22128000
2020-09-17,73.90873718261719,74.35199737548828,74.93299865722656,73.12300109863281,74.29049682617188,40008000
2020-09-18,72.12195587158203,72.55449676513672,74.76000213623047,71.58100128173828,74.41500091552734,63056000
2020-09-21,71.08070373535156,71.50700378417969,72.00299835205078,70.13400268554688,71.58100128173828,56908000
2020-09-22,72.55586242675781,72.99099731445312,73.19850158691406,71.4749984741211,72.51599884033203,33950000
2020-09-23,70.04938507080078,70.46949768066406,72.65399932861328,70.13400268554688,72.60449981689453,37726000
2020-09-24,70.7188720703125,71.14299774169922,71.89949798583984,70.10749816894531,70.13400268554688,34552000
2020-09-25,71.5240478515625,71.9530029296875,72.2969970703125,70.38400268554688,71.25250244140625,30326000
2020-09-28,72.49821472167969,72.93299865722656,73.64949798583984,72.31400299072266,73.59950256347656,30784000
2020-09-29,72.864013671875,73.3010025024414,73.5999984741211,72.69999694824219,73.19550323486328,31816000
2020-09-30,72.8431396484375,73.27999877929688,74.30999755859375,72.78800201416016,73.0469970703125,40924000
2020-10-01,73.95148468017578,74.3949966430664,74.75350189208984,73.83999633789062,74.18299865722656,32884000
2020-10-02,72.34612274169922,72.77999877929688,73.95149993896484,72.36750030517578,72.98149871826172,31222000
2020-10-05,73.69950866699219,74.1415023803711,74.23500061035156,73.00450134277344,73.13249969482422,21602000
2020-10-06,72.11848449707031,72.5510025024414,74.22599792480469,72.25050354003906,73.7750015258789,26096000
2020-10-07,72.52206420898438,72.95700073242188,73.44850158691406,71.6614990234375,72.96549987792969,36108000
2020-10-08,73.72932434082031,74.17150115966797,74.40149688720703,73.27249908447266,73.27249908447266,26076000
2020-10-09,75.072265625,75.52249908447266,75.59249877929688,74.3499984741211,74.64299774169922,32966000
2020-10-12,77.76313018798828,78.22949981689453,79.4209976196289,76.46499633789062,76.9000015258789,55344000
2020-10-13,77.88639068603516,78.35350036621094,79.25800323486328,77.93150329589844,78.85050201416016,39072000
2020-10-14,77.70597076416016,78.1719970703125,79.19249725341797,77.29499816894531,78.7300033569336,33174000
2020-10-15,77.30984497070312,77.77349853515625,78.56999969482422,77.05650329589844,77.2249984741211,31210000
2020-10-16,77.91770935058594,78.38500213623047,78.885498046875,77.88300323486328,78.09149932861328,34194000
2020-10-19,76.04145050048828,76.49749755859375,79.19650268554688,76.14600372314453,78.79650115966797,29734000
2020-10-20,77.09165954589844,77.55400085449219,78.69200134277344,76.0250015258789,76.15550231933594,41670000
2020-10-21,78.82674407958984,79.29949951171875,80.75700378417969,78.35700225830078,78.49250030517578,60322000
2020-10-22,79.85408782958984,80.33300018310547,80.6709976196289,78.8740005493164,79.25,30512000
2020-10-23,81.1622543334961,81.64900207519531,81.70600128173828,80.59549713134766,80.75250244140625,30548000
2020-10-26,78.74226379394531,79.2145004272461,81.47899627685547,78.38899993896484,80.75,35826000
2020-10-27,79.46741485595703,79.94400024414062,80.0999984741211,78.84950256347656,79.44650268554688,25902000
2020-10-28,75.08966064453125,75.54000091552734,77.69049835205078,75.42400360107422,77.50050354003906,45174000
2020-10-29,77.37992858886719,77.84400177001953,79.43699645996094,75.82749938964844,75.85099792480469,55406000
2020-10-30,80.32376861572266,80.80549621582031,84.06600189208984,80.07849884033203,83.37200164794922,99878000
2020-11-02,80.73182678222656,81.21600341796875,82.91200256347656,80.71199798583984,81.177001953125,44228000
2020-11-03,81.7924575805664,82.28299713134766,82.94999694824219,80.60549926757812,81.53800201416016,31432000
2020-11-04,86.77210235595703,87.2925033569336,88.50150299072266,85.1500015258789,85.27899932861328,71342000
2020-11-05,87.59963989257812,88.125,89.59100341796875,87.05149841308594,88.52249908447266,39758000
2020-11-06,87.46196746826172,87.98650360107422,88.42500305175781,86.83399963378906,87.56700134277344,28622000
2020-11-09,87.54595184326172,88.07099914550781,90.84449768066406,87.87750244140625,89.79900360107422,53440000
2020-11-10,86.3680191040039,86.88600158691406,87.96900177001953,85.80599975585938,86.4885025024414,43022000
2020-11-11,86.84069061279297,87.36150360107422,88.1449966430664,87.15299987792969,87.41999816894531,31838000
2020-11-12,86.62149810791016,87.14099884033203,88.2490005493164,86.89849853515625,87.0999984741211,26474000
2020-11-13,88.08472442626953,88.61299896240234,88.85649871826172,86.79900360107422,87.4000015258789,29744000
2020-11-16,88.17269897460938,88.70149993896484,89.71700286865234,88.06649780273438,88.20700073242188,25468000
2020-11-17,87.55787658691406,88.08300018310547,88.85700225830078,87.97450256347656,88.39299774169922,21314000
2020-11-18,86.51314544677734,87.03199768066406,88.25,86.92849731445312,87.83200073242188,20108000
2020-11-19,87.40430450439453,87.92849731445312,88.17449951171875,86.5009994506836,86.6614990234375,20106000
2020-11-20,86.3014144897461,86.81900024414062,88.41799926757812,86.75,88.0999984741211,27694000
2020-11-23,85.86304473876953,86.37799835205078,87.29949951171875,85.50900268554688,87.01100158691406,22530000
2020-11-24,87.66921997070312,88.19499969482422,88.3239974975586,86.0364990234375,86.375,27984000
2020-11-25,87.68064880371094,88.20649719238281,88.51899719238281,87.41799926757812,88.3905029296875,19600000
2020-11-27,88.81832122802734,89.35099792480469,89.85050201416016,88.22699737548828,88.22699737548828,14790000
2020-11-30,87.19705963134766,87.72000122070312,89.01699829101562,87.39199829101562,88.78250122070312,32418000
2020-12-01,89.23284149169922,89.76799774169922,91.08599853515625,88.15149688720703,88.33300018310547,37350000
2020-12-02,90.70450592041016,91.24849700927734,91.63700103759766,89.25849914550781,89.76799774169922,29424000
2020-12-03,90.5489501953125,91.09200286865234,92.19149780273438,90.8499984741211,91.0270004272461,24728000
2020-12-04,90.64437866210938,91.18800354003906,91.4749984741211,90.67949676513672,91.01100158691406,20544000
2020-12-07,90.30988311767578,90.85150146484375,91.4645004272461,90.1520004272461,90.77749633789062,22288000
2020-12-08,90.02658081054688,90.56649780273438,90.79850006103516,89.56400299072266,90.4260025024414,19936000
2020-12-09,88.36305236816406,88.89299774169922,91.41850280761719,88.0999984741211,90.51799774169922,31728000
2020-12-10,87.85559844970703,88.38249969482422,88.74949645996094,86.67649841308594,88.12999725341797,28688000
2020-12-11,88.21096801757812,88.73999786376953,88.8655014038086,87.63700103759766,88.0,18628000
2020-12-14,87.0906982421875,87.61299896240234,89.48999786376953,87.45649719238281,88.53600311279297,33050000
2020-12-15,87.52906036376953,88.05400085449219,88.19999694824219,87.08350372314453,87.99299621582031,21352000
2020-12-16,87.33572387695312,87.8594970703125,88.45549774169922,87.4530029296875,88.45549774169922,24676000
2020-12-17,86.50668334960938,87.02549743652344,88.33550262451172,86.55750274658203,88.19650268554688,34880000
2020-12-18,85.79644012451172,86.31099700927734,87.41799926757812,85.75,87.30850219726562,85256000
2020-12-21,86.2109603881836,86.72799682617188,86.8499984741211,84.69999694824219,85.45649719238281,33974000
2020-12-22,85.49823760986328,86.01100158691406,86.63050079345703,85.28900146484375,86.46649932861328,20370000
2020-12-23,85.89634704589844,86.4114990234375,87.20549774169922,86.05999755859375,86.19650268554688,22974000
2020-12-24,86.19108581542969,86.70800018310547,87.12049865722656,86.21749877929688,86.44999694824219,9312000
2020-12-28,88.1692123413086,88.697998046875,89.3499984741211,87.09100341796875,87.24549865722656,27650000
2020-12-29,87.36404418945312,87.88800048828125,89.42350006103516,87.75550079345703,89.36150360107422,19726000
2020-12-30,86.29495239257812,86.8125,88.38800048828125,86.4000015258789,88.25,21026000
2020-12-31,87.10958099365234,87.63200378417969,87.875,86.80449676513672,86.8635025024414,21070000
2021-01-04,85.79197692871094,86.30650329589844,88.12449645996094,85.35700225830078,88.0,37324000
2021-01-05,86.48383331298828,87.00250244140625,87.34149932861328,85.84500122070312,86.25450134277344,20360000
2021-01-06,85.63043975830078,86.14399719238281,87.19850158691406,84.80500030517578,85.01300048828125,46588000
2021-01-07,88.18810272216797,88.71700286865234,88.89099884033203,86.33799743652344,86.33799743652344,41936000
2021-01-08,89.35560607910156,89.8915023803711,89.96800231933594,88.06099700927734,88.85800170898438,35484000
2021-01-11,87.29098510742188,87.81449890136719,89.21900177001953,87.60700225830078,88.85099792480469,34796000
2021-01-12,86.35360717773438,86.87149810791016,88.3949966430664,85.81900024414062,87.26799774169922,29528000
2021-01-13,86.84168243408203,87.36250305175781,87.81950378417969,86.36599731445312,86.36599731445312,23432000
2021-01-14,86.03003692626953,86.5459976196289,88.37750244140625,86.30349731445312,87.44349670410156,29212000
2021-01-15,85.86602783203125,86.38099670410156,87.38099670410156,85.58550262451172,86.45099639892578,31444000
2021-01-19,88.69158172607422,89.22350311279297,90.19200134277344,86.6415023803711,87.1500015258789,41660000
2021-01-20,93.4430923461914,94.00350189208984,94.98600006103516,90.97550201416016,91.31849670410156,64152000
2021-01-21,93.6458740234375,94.2074966430664,96.60399627685547,93.97049713134766,94.68250274658203,58634000
2021-01-22,94.06385803222656,94.62799835205078,95.21949768066406,93.82499694824219,94.572998046875,32744000
2021-01-25,94.14934539794922,94.71399688720703,96.09100341796875,92.95800018310547,95.63700103759766,50586000
2021-01-26,94.82878112792969,95.39749908447266,95.7874984741211,93.80650329589844,94.29949951171875,31462000
2021-01-27,90.4048080444336,90.9469985961914,94.02349853515625,89.86399841308594,93.74549865722656,82512000
2021-01-28,92.10761260986328,92.66000366210938,94.39949798583984,91.55000305175781,91.55000305175781,55278000
2021-01-29,90.82329559326172,91.36799621582031,92.37699890136719,90.0780029296875,91.70099639892578,44530000
2021-02-01,94.0892105102539,94.65350341796875,95.7770004272461,92.22949981689453,92.22949981689453,40252000
2021-02-02,95.38394165039062,95.95600128173828,97.46849822998047,95.31849670410156,95.65650177001953,66332000
2021-02-03,102.33029174804688,102.94400024414062,105.33100128173828,100.67749786376953,103.28050231933594,97882000
2021-02-04,102.0693588256836,102.68150329589844,103.46499633789062,101.75499725341797,103.03099822998047,48596000
2021-02-05,103.81886291503906,104.44149780273438,104.7969970703125,102.5,102.97799682617188,29866000
2021-02-08,103.60464477539062,104.22599792480469,105.75,103.1675033569336,105.0,28828000
2021-02-09,103.15086364746094,103.76950073242188,104.92549896240234,103.5,103.73999786376953,21892000
2021-02-10,103.70206451416016,104.3239974975586,104.94400024414062,102.61199951171875,104.15699768066406,25102000
2021-02-11,103.81488037109375,104.4375,104.69999694824219,103.44300079345703,104.55000305175781,20480000
2021-02-12,104.12702178955078,104.75150299072266,104.9749984741211,103.67849731445312,103.9885025024414,18990000
2021-02-16,104.90585327148438,105.53500366210938,107.25700378417969,104.5875015258789,104.5875015258789,31004000
2021-02-17,105.29948425292969,105.93099975585938,106.12200164794922,104.4175033569336,104.6989974975586,20294000
2021-02-18,104.66278839111328,105.29049682617188,106.09950256347656,104.66649627685547,105.25,22546000
2021-02-19,103.81786346435547,104.44049835205078,105.92900085449219,104.17150115966797,105.3895034790039,37938000
2021-02-22,102.10066986083984,102.71299743652344,104.0165023803711,102.4000015258789,102.68000030517578,29466000
2021-02-23,102.39191436767578,103.00599670410156,103.625,99.5114974975586,100.69950103759766,34658000
2021-02-24,103.5693588256836,104.19049835205078,104.41600036621094,101.37650299072266,101.50199890136719,22608000
2021-02-25,100.19658660888672,100.79750061035156,104.1500015258789,100.32450103759766,102.79650115966797,41548000
2021-02-26,100.49281311035156,101.09549713134766,102.82599639892578,100.05049896240234,101.49749755859375,40042000
2021-03-01,102.86608123779297,103.48300170898438,103.8115005493164,101.72100067138672,102.4000015258789,26060000
2021-03-02,102.60862731933594,103.2239990234375,104.73699951171875,102.83350372314453,103.24199676513672,25564000
2021-03-03,99.97093963623047,100.57050323486328,103.79949951171875,99.69999694824219,102.59750366210938,33892000
2021-03-04,101.09024047851562,101.69650268554688,103.72949981689453,100.27149963378906,100.74349975585938,49216000
2021-03-05,104.22840118408203,104.85350036621094,105.30999755859375,101.38899993896484,103.05750274658203,53100000
2021-03-08,99.776611328125,100.375,105.68699645996094,100.2594985961914,104.2030029296875,36868000
2021-03-09,101.4098129272461,102.01799774169922,103.19599914550781,101.77999877929688,102.48750305175781,33920000
2021-03-10,101.20256042480469,101.80950164794922,103.06999969482422,100.96649932861328,103.06999969482422,27100000
2021-03-11,104.40087127685547,105.0270004272461,105.5634994506836,102.82250213623047,102.91100311279297,27702000
2021-03-12,101.8889389038086,102.5,103.88050079345703,101.62100219726562,103.82050323486328,33818000
2021-03-15,102.109619140625,102.72200012207031,102.74949645996094,101.3895034790039,102.2490005493164,26168000
2021-03-16,103.5733413696289,104.19450378417969,105.68399810791016,102.9645004272461,103.29949951171875,31900000
2021-03-17,103.49032592773438,104.11100006103516,104.94999694824219,102.20600128173828,103.42350006103516,26382000
2021-03-18,100.4644775390625,101.06700134277344,103.4375,100.95899963378906,102.40899658203125,31700000
2021-03-19,100.74380493164062,101.3479995727539,101.85199737548828,100.14649963378906,101.48650360107422,46072000
2021-03-22,100.92919158935547,101.53450012207031,102.41699981689453,100.69999694824219,101.38150024414062,33536000
2021-03-23,101.45801544189453,102.06649780273438,103.20549774169922,101.4000015258789,101.99749755859375,28510000
2021-03-24,101.02064514160156,101.62650299072266,103.37999725341797,101.44999694824219,102.58799743652344,25218000
2021-03-25,101.01717376708984,101.62300109863281,102.28199768066406,99.80449676513672,101.45249938964844,35616000
2021-03-26,100.63297271728516,101.23650360107422,101.96949768066406,100.19249725341797,101.5895004272461,27978000
2021-03-29,101.6796875,102.28949737548828,102.46050262451172,100.27249908447266,101.10800170898438,26492000
2021-03-30,101.71349334716797,102.32350158691406,103.13349914550781,101.80750274658203,102.64900207519531,27312000
2021-03-31,102.5112075805664,103.1259994506836,104.31300354003906,102.3499984741211,102.72000122070312,42570000
2021-04-01,105.85415649414062,106.48899841308594,106.7874984741211,104.57150268554688,104.61250305175781,39880000
2021-04-05,110.28657531738281,110.947998046875,111.44950103759766,107.260498046875,107.35749816894531,48510000
2021-04-06,109.80445098876953,110.46299743652344,111.4000015258789,110.0895004272461,110.5459976196289,35240000
2021-04-07,111.28408813476562,111.95149993896484,112.2249984741211,110.65499877929688,110.65499877929688,24134000
2021-04-08,111.85069274902344,112.52149963378906,113.5895004272461,112.15049743652344,113.19999694824219,28664000
2021-04-09,112.85665893554688,113.53350067138672,113.69850158691406,111.86299896240234,112.27200317382812,26146000
2021-04-12,111.56192779541016,112.23100280761719,112.84449768066406,111.39099884033203,112.70600128173828,25024000
2021-04-13,112.04949188232422,112.72149658203125,113.17350006103516,112.15249633789062,112.54949951171875,25682000
2021-04-14,111.4272232055664,112.09549713134766,113.37149810791016,111.8010025024414,113.37149810791016,21002000
2021-04-15,113.58130645751953,114.26249694824219,114.80000305175781,112.55850219726562,113.09750366210938,29174000
2021-04-16,113.4570541381836,114.13749694824219,114.71199798583984,113.5459976196289,114.46199798583984,26282000
2021-04-19,113.80545806884766,114.48799896240234,115.20449829101562,113.50900268554688,113.50900268554688,30290000
2021-04-20,113.27117156982422,113.95050048828125,114.94999694824219,112.85600280761719,114.87449645996094,22288000
2021-04-21,113.23837280273438,113.9175033569336,114.0,112.24099731445312,113.60250091552734,23204000
2021-04-22,111.9545669555664,112.6259994506836,114.44400024414062,112.01599884033203,113.7699966430664,24146000
2021-04-23,114.3109359741211,114.99649810791016,115.30599975585938,113.0625,113.3499984741211,29066000
2021-04-26,114.80795288085938,115.49649810791016,116.22650146484375,114.86599731445312,115.22599792480469,32038000
2021-04-27,113.86610412597656,114.54900360107422,115.92250061035156,114.30799865722656,115.88150024414062,44386000
2021-04-28,117.24881744384766,117.9520034790039,121.56900024414062,117.66100311279297,119.625,81106000
2021-04-29,118.92476654052734,119.63800048828125,120.20800018310547,118.69249725341797,119.46150207519531,41234000
2021-04-30,116.97346496582031,117.67500305175781,119.09249877929688,117.3280029296875,118.4010009765625,44856000
2021-05-03,116.45557403564453,117.15399932861328,119.07749938964844,116.7750015258789,118.24549865722656,28242000
2021-05-04,114.65388488769531,115.34149932861328,116.24949645996094,112.83399963378906,115.67749786376953,44818000
2021-05-05,115.04851531982422,115.7385025024414,116.75,115.41400146484375,116.43150329589844,26636000
2021-05-06,116.17078399658203,116.86750030517578,116.86750030517578,114.6520004272461,115.31649780273438,25190000
2021-05-07,116.89543914794922,117.59649658203125,118.5625,117.30799865722656,118.19450378417969,28898000
2021-05-10,113.90438079833984,114.5875015258789,116.55000305175781,114.22699737548828,116.40699768066406,30914000
2021-05-11,112.82633972167969,113.50299835205078,114.01399993896484,111.69599914550781,112.15350341796875,34186000
2021-05-12,109.35665130615234,110.01249694824219,112.39900207519531,109.68099975585938,111.30950164794922,46376000
2021-05-13,110.78756713867188,111.4520034790039,111.97200012207031,110.33599853515625,111.30599975585938,33204000
2021-05-14,113.2398681640625,113.91899871826172,114.23600006103516,112.5,112.927001953125,31996000
2021-05-17,113.76372528076172,114.44599914550781,114.48899841308594,112.77549743652344,113.17849731445312,21598000
2021-05-18,112.44910430908203,113.12349700927734,115.38400268554688,113.1094970703125,115.11750030517578,22204000
2021-05-19,112.89790344238281,113.57499694824219,113.74949645996094,111.27200317382812,111.42150115966797,23684000
2021-05-20,114.65985107421875,115.34750366210938,115.5999984741211,114.1760025024414,114.55000305175781,32352000
2021-05-21,114.02267456054688,114.70649719238281,115.94450378417969,114.46499633789062,115.87049865722656,40632000
2021-05-24,117.34822845458984,118.052001953125,118.27749633789062,115.5979995727539,115.74449920654297,31832000
2021-05-25,117.43917846679688,118.14350128173828,119.19999694824219,117.75,118.5999984741211,22440000
2021-05-26,118.30598449707031,119.0155029296875,119.44950103759766,118.322998046875,118.32599639892578,21572000
2021-05-27,117.42974090576172,118.13400268554688,119.45249938964844,117.81300354003906,119.45249938964844,35224000
2021-05-28,117.13996887207031,117.84249877929688,118.80349731445312,117.64250183105469,118.72100067138672,21482000
2021-06-01,118.3492202758789,119.05899810791016,119.2854995727539,117.71399688720703,118.72200012207031,23354000
2021-06-02,117.8228759765625,118.52950286865234,119.68199920654297,117.61799621582031,119.4574966430664,21158000
2021-06-03,116.67923736572266,117.37899780273438,117.85099792480469,116.47599792480469,117.2864990234375,18696000
2021-06-04,118.96501922607422,119.67849731445312,119.95149993896484,118.12049865722656,118.4635009765625,24458000
2021-06-07,119.39891815185547,120.11499786376953,120.22550201416016,119.05000305175781,119.47200012207031,24120000
2021-06-08,119.20707702636719,119.9219970703125,120.97599792480469,119.73899841308594,120.60050201416016,24240000
2021-06-09,119.67925262451172,120.39700317382812,120.64399719238281,119.84500122070312,120.57150268554688,17942000
2021-06-10,121.0306396484375,121.75650024414062,121.80000305175781,120.18900299072266,120.34600067138672,25904000
2021-06-11,120.78561401367188,121.51000213623047,122.08599853515625,120.947998046875,122.0,21958000
2021-06-14,121.71553802490234,122.44550323486328,122.44599914550781,120.9000015258789,121.61299896240234,22098000
2021-06-15,120.69564819335938,121.41950225830078,122.77549743652344,121.05599975585938,122.44999694824219,21562000
2021-06-16,120.05250549316406,120.77249908447266,121.88600158691406,119.47000122070312,121.5719985961914,26472000
2021-06-17,121.01771545410156,121.74349975585938,122.52249908447266,120.5,120.69750213623047,25842000
2021-06-18,119.39495086669922,120.11100006103516,121.60299682617188,120.01499938964844,121.36699676513672,46116000
2021-06-21,121.0863037109375,121.8125,122.0,119.89849853515625,120.50050354003906,27414000
2021-06-22,121.60121154785156,122.33049774169922,122.4000015258789,121.06400299072266,121.75,22390000
2021-06-23,121.39893341064453,122.12699890136719,123.09549713134766,121.83450317382812,122.09349822998047,19148000
2021-06-24,121.76969909667969,122.5,123.05549621582031,122.30000305175781,122.69999694824219,21362000
2021-06-25,121.77816009521484,122.50849914550781,122.63300323486328,121.56500244140625,122.0,34594000
2021-06-28,121.80549621582031,122.53600311279297,122.78500366210938,121.40550231933594,122.67849731445312,28526000
2021-06-29,121.5435562133789,122.27249908447266,123.02100372314453,121.69100189208984,122.67050170898438,23108000
2021-06-30,121.36164855957031,122.0895004272461,122.25700378417969,121.35449981689453,121.99449920654297,24474000
2021-07-01,121.71454620361328,122.44450378417969,122.58699798583984,121.53150177001953,121.7249984741211,18110000
2021-07-02,124.5107650756836,125.25749969482422,125.40399932861328,123.05950164794922,123.1500015258789,25982000
2021-07-06,125.43771362304688,126.19000244140625,126.4280014038086,124.5824966430664,125.64849853515625,26404000
2021-07-07,125.72001647949219,126.4739990234375,127.28399658203125,126.15299987792969,127.16200256347656,24060000
2021-07-08,124.29853820800781,125.04399871826172,125.59549713134766,124.02200317382812,124.0260009765625,23790000
2021-07-09,124.77021026611328,125.51850128173828,125.7344970703125,124.55149841308594,125.0250015258789,18632000
2021-07-12,126.2185287475586,126.97550201416016,127.06950378417969,125.61100006103516,126.1780014038086,17668000
2021-07-13,126.58234405517578,127.34149932861328,128.0574951171875,126.67449951171875,127.03849792480469,19240000
2021-07-14,127.47249603271484,128.23699951171875,129.32650756835938,127.91449737548828,127.95800018310547,23742000
2021-07-15,126.24784088134766,127.00499725341797,128.6999969482422,126.52999877929688,128.6490020751953,24218000
2021-07-16,126.21305847167969,126.97000122070312,127.8115005493164,126.15350341796875,127.66300201416016,20424000
2021-07-19,123.83531951904297,124.5780029296875,126.20500183105469,123.50499725341797,126.0895004272461,27968000
2021-07-20,125.45709991455078,126.20950317382812,127.04299926757812,124.35050201416016,125.52749633789062,26312000
2021-07-21,126.78861236572266,127.54900360107422,127.59600067138672,126.02349853515625,126.13349914550781,20746000
2021-07-22,127.6558837890625,128.42149353027344,128.48300170898438,127.4990005493164,127.84400177001953,14302000
2021-07-23,132.22203063964844,133.01499938964844,133.3990020751953,129.80050659179688,130.4304962158203,41506000
2021-07-26,133.23593139648438,134.03500366210938,134.23699951171875,132.30149841308594,133.32850646972656,30572000
2021-07-27,131.1136474609375,131.89999389648438,134.3990020751953,130.10400390625,134.25050354003906,54710000
2021-07-28,135.28265380859375,136.093994140625,138.2969970703125,135.27749633789062,136.31199645996094,95130000
2021-07-29,134.96804809570312,135.77749633789062,136.66099548339844,135.54299926757812,136.14999389648438,31716000
2021-07-30,133.92332458496094,134.72650146484375,135.30450439453125,134.2550048828125,135.03500366210938,25576000
2021-08-02,134.05056762695312,134.85450744628906,135.3365020751953,133.79400634765625,135.11700439453125,21634000
2021-08-03,134.82144165039062,135.6300048828125,135.73199462890625,133.3195037841797,135.13499450683594,20762000
2021-08-04,134.31993103027344,135.12550354003906,135.64950561523438,134.48699951171875,135.34950256347656,19676000
2021-08-05,135.43922424316406,136.25149536132812,136.35000610351562,134.8459930419922,135.6804962158203,17870000
2021-08-06,134.92926025390625,135.73849487304688,136.47250366210938,135.2100067138672,136.04200744628906,20488000
2021-08-09,136.09678649902344,136.91299438476562,137.1840057373047,135.33949279785156,135.9425048828125,17760000
2021-08-10,135.99142456054688,136.8070068359375,137.7725067138672,136.364501953125,137.3419952392578,19414000
2021-08-11,135.46656799316406,136.2790069580078,137.6824951171875,136.27149963378906,137.18150329589844,15352000
2021-08-12,136.3760986328125,137.19400024414062,137.3000030517578,135.42550659179688,135.97549438476562,16506000
2021-08-13,136.9064178466797,137.7274932861328,137.85650634765625,137.0330047607422,137.25,15948000
2021-08-16,137.48495483398438,138.3094940185547,138.3625030517578,135.2989959716797,137.52499389648438,22384000
2021-08-17,135.84677124023438,136.6614990234375,138.2655029296875,136.08200073242188,137.75,21716000
2021-08-18,134.64149475097656,135.44900512695312,137.10450744628906,135.32150268554688,136.5,19258000
2021-08-19,134.87112426757812,135.67999267578125,136.3524932861328,134.25,134.4355010986328,21782000
2021-08-20,136.61021423339844,137.42950439453125,137.5540008544922,135.25,136.0,31194000
2021-08-23,139.20663452148438,140.04150390625,140.87449645996094,137.6074981689453,137.96949768066406,28454000
2021-08-24,140.4193572998047,141.26150512695312,142.0800018310547,140.3385009765625,140.6114959716797,19268000
2021-08-25,141.2319793701172,142.07899475097656,142.1894989013672,141.37600708007812,141.625,15848000
2021-08-26,140.59730529785156,141.4405059814453,142.41749572753906,141.35699462890625,141.75,20610000
2021-08-27,143.1455078125,144.00399780273438,144.5124969482422,141.4969940185547,141.65249633789062,28780000
2021-08-30,143.728515625,144.5904998779297,145.9705047607422,144.16299438476562,144.39999389648438,24434000
2021-08-31,143.83486938476562,144.69749450683594,145.17149353027344,144.281005859375,145.14700317382812,22448000
2021-09-01,144.3497772216797,145.2154998779297,146.25399780273438,144.8834991455078,145.0,21936000
2021-09-02,142.43280029296875,143.28700256347656,145.51950073242188,143.18499755859375,145.21600341796875,32342000
2021-09-03,142.88259887695312,143.739501953125,144.15499877929688,142.40049743652344,143.08050537109375,19850000
2021-09-07,143.4203643798828,144.28050231933594,144.56500244140625,143.61900329589844,143.83450317382812,20124000
2021-09-08,142.83436584472656,143.6909942626953,144.39999389648438,143.0,144.10000610351562,18344000
2021-09-09,142.68528747558594,143.54100036621094,144.3105010986328,143.17750549316406,143.8404998779297,15314000
2021-09-10,140.03614807128906,140.87600708007812,144.718505859375,140.73800659179688,144.21249389648438,36840000
2021-09-13,141.48397827148438,142.33250427246094,142.9499969482422,141.25,141.94949340820312,22094000
2021-09-14,141.6947021484375,142.54449462890625,143.36300659179688,141.75,142.99549865722656,19674000
2021-09-15,143.56846618652344,144.42950439453125,144.45050048828125,141.34750366210938,142.77149963378906,27408000
2021-09-16,142.75387573242188,143.61000061035156,144.3000030517578,142.40150451660156,143.95050048828125,26190000
2021-09-17,139.9606170654297,140.8000030517578,143.4499969482422,140.47000122070312,143.03050231933594,53384000
2021-09-20,137.89251708984375,138.71949768066406,139.0,136.32200622558594,138.1614990234375,46518000
2021-09-21,138.20413208007812,139.0330047607422,140.01150512695312,138.2779998779297,139.74949645996094,25332000
2021-09-22,139.44717407226562,140.2834930419922,140.88699340820312,138.55149841308594,139.3040008544922,25056000
2021-09-23,140.37413024902344,141.21600341796875,141.69650268554688,140.40150451660156,140.9875030517578,20952000
2021-09-24,141.36717224121094,142.21499633789062,142.33050537109375,140.24099731445312,140.5384979248047,22984000
2021-09-27,140.2310028076172,141.07200622558594,141.93850708007812,140.0675048828125,140.80450439453125,21882000
2021-09-28,135.02023315429688,135.8300018310547,139.09649658203125,135.36000061035156,138.65499877929688,45772000
2021-09-29,133.5525360107422,134.35350036621094,137.1510009765625,133.86500549316406,136.97999572753906,30848000
2021-09-30,132.8790740966797,133.67599487304688,135.54249572753906,133.55599975585938,134.26150512695312,37996000
2021-10-01,135.72900390625,136.54299926757812,136.91050720214844,134.072998046875,134.44749450683594,35360000
2021-10-04,132.8626708984375,133.6595001220703,135.9604949951172,131.0500030517578,135.9604949951172,51202000
2021-10-05,135.21209716796875,136.0229949951172,137.22450256347656,134.04100036621094,134.04100036621094,32404000
2021-10-06,136.74488830566406,137.56500244140625,137.75,134.5500030517578,134.75,24364000
2021-10-07,138.39501953125,139.22500610351562,140.04200744628906,138.6510009765625,138.89199829101562,25110000
2021-10-08,138.95216369628906,139.78550720214844,140.33099365234375,139.21749877929688,139.57699584960938,26526000
2021-10-11,138.08584594726562,138.91400146484375,140.71200561523438,138.85899353027344,139.29200744628906,17954000
2021-10-12,135.63555908203125,136.44900512695312,139.5070037841797,135.75999450683594,139.47999572753906,36332000
2021-10-13,136.7617950439453,137.58200073242188,138.0,136.5189971923828,137.40249633789062,19654000
2021-10-14,140.3095245361328,141.1510009765625,141.33749389648438,138.8249969482422,139.4739990234375,31894000
2021-10-15,140.52520751953125,141.3679962158203,141.71800231933594,140.7550048828125,141.614501953125,30274000
2021-10-18,141.92681884765625,142.7779998779297,142.79600524902344,141.0695037841797,141.07650756835938,20396000
2021-10-19,142.38308715820312,143.23699951171875,143.66250610351562,142.60000610351562,143.3874969482422,20164000
2021-10-20,140.923828125,141.7689971923828,143.54600524902344,141.37649536132812,143.33799743652344,23288000
2021-10-21,141.04013061523438,141.88600158691406,142.156005859375,140.5,141.7689971923828,26292000
2021-10-22,136.7463836669922,137.56649780273438,140.58299255371094,136.05599975585938,139.14999389648438,50588000
2021-10-25,136.62759399414062,137.44700622558594,138.0,135.4239959716797,137.5500030517578,34412000
2021-10-26,138.47801208496094,139.30850219726562,140.08299255371094,138.30450439453125,139.2635040283203,49236000
2021-10-27,145.34579467773438,146.21749877929688,148.64999389648438,139.40499877929688,139.40499877929688,85782000
2021-10-28,144.97950744628906,145.8489990234375,147.1580047607422,144.6269989013672,147.13450622558594,36206000
2021-10-29,147.16339111328125,148.04600524902344,148.24200439453125,144.64950561523438,145.0780029296875,43320000
2021-11-01,142.64151000976562,143.4969940185547,148.04600524902344,143.22549438476562,148.04600524902344,46924000
2021-11-02,144.5654754638672,145.4324951171875,146.60899353027344,144.3354949951172,144.57949829101562,33482000
2021-11-03,145.72406005859375,146.59800720214844,146.66900634765625,144.59100341796875,145.90049743652344,27494000
2021-11-04,147.3835906982422,148.2675018310547,149.73350524902344,146.30799865722656,147.12449645996094,38412000
2021-11-05,147.96463012695312,148.8520050048828,150.32749938964844,148.19700622558594,149.16949462890625,38354000
2021-11-08,148.14254760742188,149.031005859375,150.61500549316406,148.4304962158203,149.8249969482422,23052000
2021-11-09,148.0307159423828,148.9185028076172,149.83450317382812,147.2449951171875,149.23300170898438,19530000
2021-11-10,145.0237579345703,145.89349365234375,148.07000732421875,144.53750610351562,147.5,29970000
2021-11-11,144.89749145507812,145.76649475097656,147.53550720214844,145.60049438476562,146.489501953125,16518000
2021-11-12,147.79164123535156,148.67799377441406,148.85000610351562,145.41099548339844,146.61549377441406,22360000
2021-11-15,147.56698608398438,148.45199584960938,149.54949951171875,147.5749969482422,148.90049743652344,23508000
2021-11-16,146.9944305419922,147.87600708007812,148.7624969482422,147.3125,148.14950561523438,18904000
2021-11-17,147.1643829345703,148.0469970703125,148.5594940185547,147.24000549316406,148.02749633789062,19594000
2021-11-18,148.9452362060547,149.8385009765625,150.58050537109375,147.88450622558594,148.2415008544922,35608000
2021-11-19,148.0386505126953,148.92649841308594,150.9665069580078,148.8990020751953,149.97549438476562,33682000
2021-11-22,145.4298095703125,146.302001953125,149.82949829101562,146.1475067138672,149.33250427246094,30594000
2021-11-23,144.91290283203125,145.78199768066406,146.66000366210938,144.11500549316406,146.1529998779297,27218000
2021-11-24,145.24891662597656,146.1199951171875,146.24949645996094,144.3730010986328,145.47349548339844,18040000
2021-11-26,141.33535766601562,142.18299865722656,144.5574951171875,141.84249877929688,144.34849548339844,30470000
2021-11-29,144.6629180908203,145.53050231933594,146.29750061035156,143.89349365234375,144.0,32596000
2021-11-30,141.0515899658203,141.8975067138672,146.0,141.60150146484375,145.0084991455078,42068000
2021-12-01,140.21060180664062,141.05149841308594,145.95050048828125,140.91200256347656,144.0,34020000
2021-12-02,142.1136932373047,142.96600341796875,143.864501953125,140.21449279785156,141.25,29194000
2021-12-03,141.1549530029297,142.00149536132812,144.39999389648438,140.30099487304688,143.68099975585938,41230000
2021-12-06,142.30157470703125,143.15499877929688,143.8524932861328,140.14999389648438,143.04049682617188,30618000
2021-12-07,146.39154052734375,147.26950073242188,147.531005859375,145.2274932861328,145.59649658203125,32240000
2021-12-08,147.30307006835938,148.18649291992188,148.39300537109375,146.406005859375,147.59649658203125,24270000
2021-12-09,146.7583465576172,147.6385040283203,149.10000610351562,147.11500549316406,147.59100341796875,23270000
2021-12-10,147.11917114257812,148.00149536132812,148.9774932861328,146.70399475097656,148.6999969482422,24458000
2021-12-13,144.95716857910156,145.82650756835938,147.97000122070312,145.5175018310547,147.781494140625,27070000
2021-12-14,143.04908752441406,143.90699768066406,144.47999572753906,141.21499633789062,143.96800231933594,38446000
2021-12-15,145.56796264648438,146.4409942626953,146.7209930419922,141.67799377441406,143.40899658203125,36370000
2021-12-16,143.58389282226562,144.44500732421875,147.677001953125,143.60699462890625,147.17050170898438,33650000
2021-12-17,140.88009643554688,141.72500610351562,143.83450317382812,141.3000030517578,142.5,50416000
2021-12-20,140.7627716064453,141.60699462890625,141.77450561523438,139.3209991455078,140.0,27192000
2021-12-21,142.6171875,143.47250366210938,143.86900329589844,140.50250244140625,142.05349731445312,28756000
2021-12-22,145.5421142578125,146.4149932861328,146.5,143.0675048828125,143.0675048828125,26322000
2021-12-23,146.04066467285156,146.91650390625,148.24349975585938,146.45199584960938,146.5,26384000
2021-12-27,147.0247344970703,147.906494140625,148.343994140625,147.16949462890625,147.25599670410156,15976000
2021-12-28,145.81251525878906,146.68699645996094,148.2989959716797,146.05450439453125,148.23599243164062,18200000
2021-12-29,145.7806854248047,146.65499877929688,147.41700744628906,145.6475067138672,146.64450073242188,17788000
2021-12-30,145.32891845703125,146.20050048828125,147.3000030517578,145.9945068359375,146.69400024414062,15688000
2021-12-31,143.98846435546875,144.8520050048828,146.69850158691406,144.8520050048828,146.0500030517578,18136000
2022-01-03,144.1271209716797,144.9915008544922,145.8509979248047,143.71299743652344,145.05499267578125,28646000
2022-01-04,143.5386505126953,144.39950561523438,146.48500061035156,143.7165069580078,145.39599609375,28400000
2022-01-05,136.95362854003906,137.77499389648438,144.49949645996094,137.68800354003906,144.4199981689453,54618000
2022-01-06,136.92630004882812,137.74749755859375,139.94000244140625,136.55850219726562,136.99850463867188,37348000
2022-01-07,136.20016479492188,137.01699829101562,138.44850158691406,135.76649475097656,138.14549255371094,29760000
2022-01-10,137.8428192138672,138.66949462890625,138.8195037841797,133.1645050048828,135.0780029296875,44408000
2022-01-11,138.9029541015625,139.73599243164062,140.21600341796875,136.6925048828125,138.0070037841797,28730000
2022-01-12,140.58734130859375,141.4304962158203,142.60800170898438,140.6945037841797,141.14999389648438,26108000
2022-01-13,137.7608184814453,138.58700561523438,142.85000610351562,138.40899658203125,141.5399932861328,31436000
2022-01-14,138.6490020751953,139.48049926757812,140.74200439453125,136.99850463867188,137.07899475097656,29662000
2022-01-18,135.18724060058594,135.9980010986328,137.13150024414062,135.43850708007812,136.1750030517578,34872000
2022-01-19,134.3109893798828,135.1165008544922,137.95950317382812,135.0155029296875,136.52349853515625,28648000
2022-01-20,132.5127716064453,133.3074951171875,137.62600708007812,132.96449279785156,136.25,29908000
2022-01-21,129.57440185546875,130.35150146484375,134.86549377441406,130.0865020751953,132.593505859375,55652000
2022-01-24,130.0242156982422,130.8040008544922,131.2030029296875,124.5,125.97799682617188,76622000
2022-01-25,126.17826080322266,126.93499755859375,129.3990020751953,126.50050354003906,128.74000549316406,46960000
2022-01-26,128.4625701904297,129.23300170898438,133.0,127.14199829101562,131.11900329589844,49130000
2022-01-27,128.23593139648438,129.0050048828125,132.65249633789062,128.9324951171875,131.3040008544922,31950000
2022-01-28,132.5560302734375,133.3509979248047,133.35650634765625,128.48500061035156,129.65899658203125,34362000
2022-01-31,134.4968719482422,135.30349731445312,135.47300720214844,132.20950317382812,134.16200256347656,39986000
2022-02-01,136.8234100341797,137.6439971923828,137.79299926757812,134.36849975585938,137.59449768066406,68644000
2022-02-02,147.11769104003906,148.0,151.54649353027344,145.5225067138672,151.25,123200000
2022-02-03,142.23695373535156,143.08999633789062,149.6750030517578,142.66549682617188,145.70550537109375,71518000
2022-02-04,142.43873596191406,143.29299926757812,144.875,140.51499938964844,143.4445037841797,57998000
2022-02-07,138.3711700439453,139.2010040283203,144.25,138.89999389648438,144.25,54974000
2022-02-08,138.56797790527344,139.3990020751953,140.0,137.01400756835938,139.02650451660156,54284000
2022-02-09,140.74789428710938,141.5919952392578,142.52450561523438,140.18699645996094,140.9635009765625,40144000
2022-02-10,137.79359436035156,138.6199951171875,141.4844970703125,137.95700073242188,139.70350646972656,39330000
2022-02-11,133.4819793701172,134.28250122070312,139.156494140625,133.39999389648438,138.60000610351562,39958000
2022-02-14,134.71804809570312,135.5260009765625,136.3000030517578,133.25650024414062,133.25650024414062,34302000
2022-02-15,135.7941131591797,136.60850524902344,138.10850524902344,135.82150268554688,137.57049560546875,26680000
2022-02-16,136.91685485839844,137.73800659179688,138.08599853515625,134.9239959716797,136.64649963378906,25022000
2022-02-17,131.74884033203125,132.53900146484375,137.11349487304688,132.47850036621094,136.2429962158203,38950000
2022-02-18,129.62557983398438,130.4029998779297,134.07000732421875,130.19650268554688,133.4669952392578,45620000
2022-02-22,129.0395965576172,129.81350708007812,132.1804962158203,128.22349548339844,129.83799743652344,44990000
2022-02-23,126.8273696899414,127.58799743652344,132.05099487304688,127.52749633789062,131.64849853515625,32786000
2022-02-24,131.8999481201172,132.6909942626953,133.0,124.95349884033203,124.95349884033203,54456000
2022-02-25,133.65792846679688,134.45950317382812,135.27149963378906,131.75149536132812,133.552001953125,36406000
2022-02-28,134.25186157226562,135.0570068359375,135.75149536132812,132.59249877929688,133.0500030517578,38864000
2022-03-01,133.26226806640625,134.06149291992188,136.2554931640625,133.218505859375,134.8784942626953,26496000
2022-03-02,133.7692413330078,134.57150268554688,135.2624969482422,133.07150268554688,134.6280059814453,23520000
2022-03-03,133.1012420654297,133.89950561523438,136.4394989013672,133.02549743652344,136.00999450683594,24604000
2022-03-04,131.1201171875,131.906494140625,133.85150146484375,130.33749389648438,132.92750549316406,30430000
2022-03-07,125.62508392333984,126.37850189208984,131.73500061035156,126.29499816894531,131.48800659179688,45112000
2022-03-08,126.34674835205078,127.10449981689453,131.25,125.67449951171875,126.25,40428000
2022-03-09,132.62460327148438,133.4199981689453,133.73550415039062,129.90049743652344,131.25,37026000
2022-03-10,131.6400146484375,132.42950439453125,133.27200317382812,130.91250610351562,131.26600646972656,27102000
2022-03-11,129.09625244140625,129.87049865722656,133.79550170898438,129.63150024414062,133.48849487304688,31526000
2022-03-14,125.20012664794922,125.95099639892578,130.40899658203125,125.2750015258789,130.25,38812000
2022-03-15,128.4277801513672,129.197998046875,129.85450744628906,125.72049713134766,126.97599792480469,30920000
2022-03-16,132.48594665527344,133.28050231933594,133.33299255371094,128.7344970703125,130.73300170898438,35576000
2022-03-17,133.04110717773438,133.83900451660156,134.08050537109375,132.18499755859375,133.1490020751953,28264000
2022-03-18,135.31398010253906,136.12550354003906,136.24400329589844,132.2584991455078,133.42449951171875,44566000
2022-03-21,135.29013061523438,136.10150146484375,137.0500030517578,134.09249877929688,136.1634979248047,26832000
2022-03-22,139.03416442871094,139.8679962158203,141.0500030517578,136.10150146484375,136.10150146484375,35496000
2022-03-23,137.45115661621094,138.27549743652344,139.5885009765625,137.8350067138672,138.70249938964844,25154000
2022-03-24,140.72801208496094,141.57200622558594,141.61900329589844,137.75050354003906,139.1999969482422,26396000
2022-03-25,140.82839965820312,141.67300415039062,142.03500366210938,139.7375030517578,141.91600036621094,24126000
2022-03-28,140.61221313476562,141.45550537109375,142.00250244140625,139.81149291992188,140.90049743652344,35050000
2022-03-29,141.6559295654297,142.5054931640625,143.7935028076172,142.0384979248047,142.6475067138672,34318000
2022-03-30,141.09231567382812,141.93850708007812,142.7205047607422,141.60000610351562,142.4600067138672,19884000
2022-03-31,138.2384490966797,139.0675048828125,142.10800170898438,139.02450561523438,142.05299377441406,37524000
2022-04-01,139.3149871826172,140.15049743652344,140.4709930419922,138.3074951171875,139.5,25942000
2022-04-04,142.11917114257812,142.97149658203125,143.71200561523438,140.3105010986328,140.35850524902344,25942000
2022-04-05,139.75286865234375,140.59100341796875,142.99049377441406,140.38250732421875,142.86900329589844,21418000
2022-04-06,135.73394775390625,136.54800415039062,139.36050415039062,135.51699829101562,138.75,32468000
2022-04-07,135.07839965820312,135.8885040283203,137.1645050048828,134.2274932861328,136.00999450683594,26234000
2022-04-08,132.49288940429688,133.28750610351562,135.6699981689453,132.9654998779297,135.58349609375,25142000
2022-04-11,128.05551147460938,128.82350158691406,132.09249877929688,128.6685028076172,131.82350158691406,36884000
2022-04-12,126.953125,127.7145004272461,131.60000610351562,126.78900146484375,131.60000610351562,32710000
2022-04-13,129.11961364746094,129.8939971923828,130.33399963378906,127.74099731445312,128.0,27928000
2022-04-14,125.9744873046875,126.7300033569336,130.47950744628906,126.60099792480469,130.47950744628906,31598000
2022-04-18,126.91535186767578,127.67649841308594,128.21249389648438,126.18199920654297,127.0,20808000
2022-04-19,129.2339324951172,130.00900268554688,130.33299255371094,126.99949645996094,127.69149780273438,26490000
2022-04-20,127.27666473388672,128.0399932861328,131.3990020751953,127.5,130.89199829101562,31696000
2022-04-21,124.07040405273438,124.81449890136719,130.09849548339844,124.52649688720703,129.25,36446000
2022-04-22,118.92227935791016,119.635498046875,125.4020004272461,118.92500305175781,125.0,56884000
2022-04-25,122.34027862548828,123.0739974975586,123.27749633789062,118.51100158691406,119.10099792480469,46128000
2022-04-26,117.94265747070312,118.6500015258789,122.51000213623047,118.51100158691406,122.29450225830078,73054000
2022-04-27,113.61312103271484,114.29450225830078,117.24199676513672,112.73650360107422,114.46949768066406,91820000
2022-04-28,117.81591033935547,118.52249908447266,119.64949798583984,114.11499786376953,116.41500091552734,48884000
2022-04-29,113.4292221069336,114.1094970703125,117.91999816894531,113.81449890136719,116.7344970703125,42676000
2022-05-02,115.88798522949219,116.58300018310547,116.74549865722656,112.5999984741211,113.40499877929688,35534000
2022-05-03,116.63449096679688,117.33399963378906,118.44200134277344,116.03450012207031,116.43049621582031,24968000
2022-05-04,121.5321273803711,122.26100158691406,122.85449981689453,115.11599731445312,117.03150177001953,49916000
2022-05-05,115.8109359741211,116.50550079345703,121.03900146484375,115.00550079345703,120.2040023803711,45840000
2022-05-06,115.05647277832031,115.74649810791016,117.57150268554688,114.0155029296875,115.18450164794922,39710000
2022-05-09,111.84026336669922,112.51100158691406,115.0770034790039,112.00050354003906,113.25,40802000
2022-05-10,113.7130126953125,114.3949966430664,116.25,112.90049743652344,115.50749969482422,39900000
2022-05-11,112.92523956298828,113.60250091552734,116.364501953125,113.23650360107422,113.23650360107422,37534000
2022-05-12,112.17127990722656,112.84400177001953,114.29499816894531,109.82450103759766,111.37750244140625,53836000
2022-05-13,115.35865783691406,116.05049896240234,117.875,113.6050033569336,114.53299713134766,35038000
2022-05-16,113.76273345947266,114.44499969482422,116.16999816894531,113.8895034790039,114.95549774169922,25990000
2022-05-17,115.77863311767578,116.4729995727539,116.9000015258789,114.87000274658203,116.84049987792969,23054000
2022-05-18,111.2323989868164,111.89949798583984,115.4000015258789,111.55549621582031,115.0,35126000
2022-05-19,109.72593688964844,110.38400268554688,113.01000213623047,110.0,111.43150329589844,34144000
2022-05-20,108.25873565673828,108.90799713134766,112.18350219726562,105.79650115966797,111.95099639892578,48962000
2022-05-23,110.82335662841797,111.48799896240234,112.14749908447266,108.74099731445312,109.5875015258789,37184000
2022-05-24,105.3382568359375,105.97000122070312,106.45850372314453,101.8844985961914,105.77200317382812,76780000
2022-05-25,105.17423248291016,105.80500030517578,106.5,103.85649871826172,104.9854965209961,40258000
2022-05-26,107.14989471435547,107.7925033569336,108.64949798583984,105.2249984741211,105.677001953125,37948000
2022-05-27,111.64691162109375,112.31649780273438,112.31800079345703,109.13849639892578,109.48300170898438,37914000
2022-05-31,113.08379364013672,113.76200103759766,115.73500061035156,112.07849884033203,112.74649810791016,50012000
2022-06-01,113.21302032470703,113.89199829101562,117.10150146484375,113.25,114.8550033569336,36606000
2022-06-02,116.92127227783203,117.62249755859375,117.89949798583984,112.94650268554688,114.0,37992000
2022-06-03,113.858154296875,114.54100036621094,116.32150268554688,113.51850128173828,116.0625,26136000
2022-06-06,116.12406158447266,116.82050323486328,119.34700012207031,116.16400146484375,116.70449829101562,33542000
2022-06-07,116.45109558105469,117.14949798583984,117.69100189208984,115.052001953125,115.48049926757812,31590000
2022-06-08,116.49533081054688,117.19400024414062,118.57050323486328,116.5999984741211,116.7614974975586,26108000
2022-06-09,114.15089416503906,114.83550262451172,118.29900360107422,114.7760009765625,116.32749938964844,25798000
2022-06-10,110.4988021850586,111.1614990234375,113.27899932861328,110.36599731445312,112.44499969482422,41452000
2022-06-13,105.75823211669922,106.39250183105469,108.79149627685547,106.11900329589844,106.7864990234375,47252000
2022-06-14,106.07930755615234,106.71549987792969,107.92449951171875,105.80000305175781,106.53500366210938,33706000
2022-06-15,109.11013793945312,109.7645034790039,111.42350006103516,107.66950225830078,108.54499816894531,39698000
2022-06-16,105.4013671875,106.03350067138672,108.64849853515625,105.13800048828125,107.22100067138672,51684000
2022-06-17,106.50474548339844,107.14350128173828,108.69950103759766,105.0459976196289,106.03350067138672,51376000
2022-06-21,110.87902069091797,111.54399871826172,112.489501953125,108.5999984741211,108.92949676513672,47416000
2022-06-22,110.82286834716797,111.48750305175781,113.34649658203125,110.38249969482422,110.55650329589844,30774000
2022-06-23,111.5728530883789,112.24199676513672,112.74250030517578,110.50050354003906,112.23149871826172,28362000
2022-06-24,117.27167510986328,117.9749984741211,118.0790023803711,112.95249938964844,112.99500274658203,41164000
2022-06-27,115.14295196533203,115.83350372314453,118.57949829101562,115.17949676513672,118.27300262451172,36420000
2022-06-28,111.33975982666016,112.00749969482422,117.30950164794922,111.8479995727539,115.80249786376953,35792000
2022-06-29,111.03559112548828,111.70149993896484,113.1604995727539,110.87249755859375,111.552001953125,24716000
2022-06-30,108.31340789794922,108.96299743652344,110.88800048828125,106.75,110.0,43170000
2022-07-01,108.08924865722656,108.73750305175781,109.25,106.73049926757812,107.93299865722656,35476000
2022-07-05,112.58777618408203,113.26300048828125,113.37699890136719,105.73149871826172,107.10050201416016,39342000
2022-07-06,113.88896942138672,114.5719985961914,115.5895004272461,111.47599792480469,113.302001953125,37432000
2022-07-07,118.07485961914062,118.78299713134766,119.18949890136719,114.83350372314453,115.08000183105469,40936000
2022-07-08,118.64196014404297,119.35350036621094,119.68499755859375,116.90149688720703,117.25,38238000
2022-07-11,114.98688507080078,115.67649841308594,117.99800109863281,115.33049774169922,117.99800109863281,31196000
2022-07-12,113.34075927734375,114.02050018310547,116.9739990234375,113.69000244140625,116.21499633789062,29960000
2022-07-13,110.68965911865234,111.35350036621094,114.19599914550781,111.20149993896484,111.70099639892578,43722000
2022-07-14,109.70954132080078,110.36750030517578,111.09300231933594,108.37300109863281,110.21050262451172,37004000
2022-07-15,111.11112213134766,111.77749633789062,113.1405029296875,110.9000015258789,112.00050354003906,46770000
2022-07-18,108.3800048828125,109.02999877929688,113.68000030517578,108.37000274658203,112.63999938964844,43164600
2022-07-19,113.13150787353516,113.80999755859375,114.0199966430664,109.55999755859375,110.8499984741211,36530900
2022-07-20,113.22098541259766,113.9000015258789,115.4000015258789,112.4800033569336,113.16999816894531,35600400
2022-07-21,113.6583480834961,114.33999633789062,114.55000305175781,111.11000061035156,114.27999877929688,32676200
2022-07-22,107.25674438476562,107.9000015258789,112.33999633789062,106.5,111.0,48901200
2022-07-25,106.86906433105469,107.51000213623047,109.87000274658203,106.30000305175781,108.41000366210938,34690900
2022-07-26,104.39390563964844,105.0199966430664,107.19999694824219,104.06999969482422,106.5999984741211,47991000
2022-07-27,112.38597869873047,113.05999755859375,113.91000366210938,108.01000213623047,109.26000213623047,59858500
2022-07-28,113.53907012939453,114.22000122070312,114.33999633789062,111.45999908447266,112.37000274658203,32816600
2022-07-29,115.62654876708984,116.31999969482422,116.70999908447266,113.05999755859375,113.08000183105469,37223400
2022-08-01,114.17525482177734,114.86000061035156,116.72000122070312,114.33999633789062,115.30000305175781,26034300
2022-08-02,114.44363403320312,115.12999725341797,116.3499984741211,113.72000122070312,114.0,20236000
2022-08-03,117.37605285644531,118.08000183105469,118.62000274658203,115.4800033569336,115.70999908447266,28499000
2022-08-04,117.48540496826172,118.19000244140625,118.77999877929688,116.88999938964844,117.4800033569336,21602900
2022-08-05,116.76969909667969,117.47000122070312,118.11000061035156,116.0,116.2300033569336,19159500
2022-08-08,116.6007080078125,117.30000305175781,120.1500015258789,116.87999725341797,118.38999938964844,19138300
2022-08-09,115.93470001220703,116.62999725341797,117.31999969482422,115.70999908447266,117.13999938964844,19086500
2022-08-10,118.98638916015625,119.69999694824219,120.91999816894531,118.41000366210938,118.77999877929688,30930400
2022-08-11,118.13152313232422,118.83999633789062,121.48999786376953,118.55999755859375,121.27999877929688,24293700
2022-08-12,120.95459747314453,121.68000030517578,121.68000030517578,119.45999908447266,120.26000213623047,19096300
2022-08-15,121.35221862792969,122.08000183105469,122.30000305175781,120.61000061035156,121.12999725341797,19494800
2022-08-16,120.97447204589844,121.69999694824219,122.43000030517578,120.63999938964844,121.5199966430664,19041200
2022-08-17,118.8373031616211,119.55000305175781,121.29000091552734,119.37999725341797,120.12000274658203,22847000
2022-08-18,119.45359802246094,120.16999816894531,120.81999969482422,118.72000122070312,119.43000030517578,17987700
2022-08-19,116.51124572753906,117.20999908447266,119.1500015258789,116.76000213623047,119.05999755859375,21809500
2022-08-22,113.55894470214844,114.23999786376953,115.62999725341797,113.8499984741211,115.19999694824219,21456600
2022-08-23,113.18122100830078,113.86000061035156,115.01000213623047,113.43000030517578,113.4800033569336,15870400
2022-08-24,113.01222229003906,113.69000244140625,114.77999877929688,112.87000274658203,113.5,17734600
2022-08-25,115.95458984375,116.6500015258789,116.72000122070312,114.11000061035156,114.23999786376953,16956800
2022-08-26,109.68219757080078,110.33999633789062,115.12000274658203,110.19000244140625,114.72000122070312,37245700
2022-08-29,108.76766967773438,109.41999816894531,110.94999694824219,108.80000305175781,109.98999786376953,21191200
2022-08-30,108.29054260253906,108.94000244140625,110.5,107.80000305175781,110.16999816894531,27513300
2022-08-31,107.57483673095703,108.22000122070312,110.8499984741211,108.12999725341797,110.6500015258789,28627000
2022-09-01,109.08576965332031,109.73999786376953,110.44999694824219,107.36000061035156,108.27999877929688,28360900
2022-09-02,107.20703887939453,107.8499984741211,110.73999786376953,107.26000213623047,110.58999633789062,24160700
2022-09-06,106.17323303222656,106.80999755859375,108.02999877929688,105.77999877929688,107.30000305175781,25068300
2022-09-07,108.79750061035156,109.44999694824219,109.9800033569336,106.9000015258789,107.05999755859375,23167000
2022-09-08,107.73387908935547,108.37999725341797,109.5999984741211,107.16000366210938,108.04000091552734,24238300
2022-09-09,109.99034881591797,110.6500015258789,110.98999786376953,109.0199966430664,109.06999969482422,23197700
2022-09-12,110.19911193847656,110.86000061035156,111.62000274658203,109.93000030517578,110.98999786376953,22966800
2022-09-13,103.69808959960938,104.31999969482422,108.30000305175781,104.08999633789062,107.80000305175781,38172900
2022-09-14,104.37403106689453,105.0,105.27999877929688,103.66000366210938,104.56999969482422,26395100
2022-09-15,102.29650115966797,102.91000366210938,105.2699966430664,102.3499984741211,104.02999877929688,34188300
2022-09-16,102.18714904785156,102.80000305175781,103.12999725341797,100.94000244140625,102.06999969482422,42797200
2022-09-19,102.45553588867188,103.06999969482422,103.33000183105469,101.55000305175781,101.75,23036800
2022-09-20,100.53704071044922,101.13999938964844,102.37000274658203,100.5199966430664,102.08000183105469,26517100
2022-09-21,98.68814086914062,99.27999877929688,102.87999725341797,99.2699966430664,101.66999816894531,31487300
2022-09-22,99.54300689697266,100.13999938964844,101.23999786376953,98.79000091552734,98.81999969482422,34298600
2022-09-23,98.1513442993164,98.73999786376953,99.66000366210938,97.47000122070312,99.62999725341797,31625400
2022-09-26,97.58474731445312,98.16999816894531,99.87999725341797,97.80000305175781,98.0999984741211,27072700
2022-09-27,96.91873931884766,97.5,100.0,96.87000274658203,99.43000030517578,30072800
2022-09-28,99.45354461669922,100.05000305175781,100.69999694824219,97.11000061035156,97.6500015258789,32466300
2022-09-29,96.83921813964844,97.41999816894531,98.63999938964844,95.95999908447266,98.63999938964844,31047200
2022-09-30,95.07977294921875,95.6500015258789,98.9000015258789,95.55999755859375,97.05000305175781,32941500
2022-10-03,98.05194091796875,98.63999938964844,99.29000091552734,96.5199966430664,96.76000213623047,27982000
2022-10-04,101.03406524658203,101.63999938964844,101.83999633789062,100.37999725341797,100.44000244140625,28850800
2022-10-05,100.82532501220703,101.43000030517578,101.93000030517578,98.80000305175781,99.83000183105469,22176900
2022-10-06,100.81536865234375,101.41999816894531,102.93000030517578,100.58999633789062,100.68000030517578,22324000
2022-10-07,98.09170532226562,98.68000030517578,100.52999877929688,98.30000305175781,99.8499984741211,27502800
2022-10-10,97.2765884399414,97.86000061035156,99.0999984741211,97.01000213623047,99.0,18225100
2022-10-11,96.60065460205078,97.18000030517578,99.25,96.30999755859375,97.43000030517578,26507100
2022-10-12,96.97838592529297,97.55999755859375,98.75,96.73999786376953,97.30000305175781,21876400
2022-10-13,98.46945190429688,99.05999755859375,99.77999877929688,94.37999725341797,95.1500015258789,34574500
2022-10-14,95.98434448242188,96.55999755859375,100.69000244140625,96.37000274658203,99.98999786376953,25410700
2022-10-17,99.3740234375,99.97000122070312,100.93000030517578,98.83000183105469,98.86000061035156,28419200
2022-10-18,100.16925048828125,100.7699966430664,103.47000122070312,99.97000122070312,103.12999725341797,24060700
2022-10-19,99.03604125976562,99.62999725341797,101.0199966430664,98.91999816894531,100.01000213623047,23811100
2022-10-20,99.3740234375,99.97000122070312,102.31999969482422,99.38999938964844,100.0,25323200
2022-10-21,100.52710723876953,101.12999725341797,101.30999755859375,97.72000122070312,97.8499984741211,32458700
2022-10-24,101.90880584716797,102.5199966430664,102.75,99.9800033569336,101.80000305175781,27176400
2022-10-25,103.85713958740234,104.4800033569336,104.81999969482422,102.72000122070312,102.9000015258789,40611400
2022-10-26,94.36407470703125,94.93000030517578,98.30999755859375,94.69000244140625,96.43000030517578,88114100
2022-10-27,91.67022705078125,92.22000122070312,95.43000030517578,91.80000305175781,94.5199966430664,60710900
2022-10-28,95.7159652709961,96.29000091552734,96.55000305175781,92.12999725341797,92.2699966430664,43697300
2022-10-31,93.94657135009766,94.51000213623047,96.02999877929688,93.9800033569336,95.41999816894531,31675000
2022-11-01,89.93065643310547,90.47000122070312,96.02999877929688,90.37000274658203,95.44999694824219,47161400
2022-11-02,86.45152282714844,86.97000122070312,91.18000030517578,86.87999725341797,90.94000244140625,57038300
2022-11-03,82.93263244628906,83.43000030517578,86.5199966430664,83.33999633789062,86.31999969482422,61288000
2022-11-04,86.0638427734375,86.58000183105469,86.63999938964844,83.70999908447266,85.4000015258789,51124900
2022-11-07,87.96245574951172,88.48999786376953,88.9000015258789,86.8499984741211,87.27999877929688,34078900
2022-11-08,88.3700180053711,88.9000015258789,90.31999969482422,87.58999633789062,88.9000015258789,30429000
2022-11-09,86.79943084716797,87.31999969482422,89.44000244140625,87.27999877929688,88.44999694824219,31769100
2022-11-10,93.37997436523438,93.94000244140625,94.38999938964844,91.61000061035156,92.25,51620100
2022-11-11,95.83525085449219,96.41000366210938,96.93000030517578,93.91999816894531,94.69000244140625,33090500
2022-11-14,95.12948608398438,95.69999694824219,96.79000091552734,94.51000213623047,95.08999633789062,30179500
2022-11-15,97.85314178466797,98.44000244140625,100.13999938964844,96.70999908447266,98.26000213623047,41640800
2022-11-16,98.26069641113281,98.8499984741211,99.63999938964844,97.63999938964844,97.9000015258789,29105200
2022-11-17,97.77361297607422,98.36000061035156,99.27999877929688,96.79000091552734,96.97000122070312,26052600
2022-11-18,96.84915924072266,97.43000030517578,98.9000015258789,96.37000274658203,98.7699966430664,28342300
2022-11-21,95.03008270263672,95.5999984741211,98.4000015258789,95.36000061035156,97.29000091552734,21647400
2022-11-22,96.47142791748047,97.05000305175781,97.22000122070312,94.05000305175781,95.94999694824219,23438500
2022-11-23,97.87300872802734,98.45999908447266,98.76000213623047,97.08999633789062,97.08999633789062,18868100
2022-11-25,96.87898254394531,97.45999908447266,98.63999938964844,97.4000015258789,98.23999786376953,9701400
2022-11-28,95.47738647460938,96.05000305175781,97.58000183105469,95.61000061035156,97.04000091552734,26237500
2022-11-29,94.62252044677734,95.19000244140625,96.12000274658203,94.11000061035156,95.7300033569336,20061700
2022-11-30,100.387939453125,100.98999786376953,101.04000091552734,94.41999816894531,94.81999969482422,43647500
2022-12-01,100.387939453125,100.98999786376953,102.25,100.25,101.0199966430664,28687100
2022-12-02,99.84121704101562,100.44000244140625,100.7699966430664,98.9000015258789,99.05000305175781,21480700
2022-12-05,98.8869400024414,99.4800033569336,101.37999725341797,99.0,99.4000015258789,24405100
2022-12-06,96.40184020996094,96.9800033569336,99.77999877929688,96.41999816894531,99.30000305175781,24910700
2022-12-07,94.37400817871094,94.94000244140625,96.87999725341797,94.72000122070312,96.41000366210938,31045400
2022-12-08,93.15133666992188,93.70999908447266,95.58000183105469,93.44999694824219,95.37999725341797,32213300
2022-12-09,92.2765884399414,92.83000183105469,94.26000213623047,92.75,93.7699966430664,28225400
2022-12-12,92.75373077392578,93.30999755859375,93.55999755859375,91.61000061035156,92.70999908447266,29420000
2022-12-13,95.05989074707031,95.62999725341797,99.52999877929688,95.02999877929688,97.76000213623047,40593700
2022-12-14,94.50322723388672,95.06999969482422,96.87000274658203,93.5999984741211,95.19999694824219,28733600
2022-12-15,90.31832885742188,90.86000061035156,93.63999938964844,90.01000213623047,93.12999725341797,40107000
2022-12-16,89.72190856933594,90.26000213623047,91.33000183105469,89.5199966430664,90.76000213623047,58011800
2022-12-19,87.91276550292969,88.44000244140625,90.55999755859375,88.20999908447266,90.26000213623047,29493000
2022-12-20,88.48929595947266,89.0199966430664,89.18000030517578,87.44000244140625,88.11000061035156,23453800
2022-12-21,89.04596710205078,89.58000183105469,90.22000122070312,88.31999969482422,89.08000183105469,24745600
2022-12-22,87.23681640625,87.76000213623047,88.54000091552734,86.31999969482422,88.16000366210938,27658300
2022-12-23,88.69804382324219,89.2300033569336,89.55000305175781,87.06999969482422,87.11000061035156,23003000
2022-12-27,86.86901092529297,87.38999938964844,88.94000244140625,87.01000213623047,88.80000305175781,20097300
2022-12-28,85.5071792602539,86.0199966430664,88.04000091552734,85.94000244140625,86.9800033569336,19523200
2022-12-29,87.92269134521484,88.44999694824219,88.8499984741211,86.61000061035156,86.62000274658203,23333500
2022-12-30,87.70401000976562,88.2300033569336,88.30000305175781,86.56999969482422,86.9800033569336,23986300
2023-01-03,88.58870697021484,89.12000274658203,91.05000305175781,88.5199966430664,89.58999633789062,28131200
2023-01-04,87.5549087524414,88.08000183105469,90.6500015258789,87.2699966430664,90.3499984741211,34854800
2023-01-05,85.68611145019531,86.19999694824219,87.56999969482422,85.9000015258789,87.47000122070312,27194400
2023-01-06,86.8193130493164,87.33999633789062,87.69000244140625,84.86000061035156,86.79000091552734,41381500
2023-01-09,87.49525451660156,88.0199966430664,90.05000305175781,87.86000061035156,88.36000061035156,29003900
2023-01-10,87.89287567138672,88.41999816894531,88.66999816894531,85.83000183105469,85.9800033569336,30467800
2023-01-11,90.97439575195312,91.5199966430664,91.5999984741211,89.01000213623047,89.18000030517578,26862000
2023-01-12,90.58671569824219,91.12999725341797,91.87000274658203,89.75,91.4800033569336,30258100
2023-01-13,91.5708236694336,92.12000274658203,92.19000244140625,90.12999725341797,90.8499984741211,26329200
2023-01-17,90.74576568603516,91.29000091552734,92.25,90.05000305175781,92.05999755859375,32602400
2023-01-18,90.5767822265625,91.12000274658203,92.80000305175781,90.63999938964844,92.13999938964844,29116700
2023-01-19,92.49527740478516,93.05000305175781,93.61000061035156,90.62999725341797,90.72000122070312,37000400
2023-01-20,97.43563079833984,98.0199966430664,98.30000305175781,95.0199966430664,95.0999984741211,63191100
2023-01-23,99.1950912475586,99.79000091552734,100.04000091552734,97.5,97.94999694824219,40005100
2023-01-24,97.1175537109375,97.69999694824219,99.61000061035156,97.19999694824219,98.0999984741211,33078500
2023-01-25,94.65235137939453,95.22000122070312,96.16000366210938,93.76000213623047,95.56999969482422,42330000
2023-01-26,96.9386215209961,97.5199966430664,97.56999969482422,95.37999725341797,96.5,30114000
2023-01-27,98.77760314941406,99.37000274658203,100.31999969482422,97.30999755859375,97.30999755859375,33879800
2023-01-30,96.3620834350586,96.94000244140625,98.29000091552734,96.4000015258789,97.4800033569336,27226200
2023-01-31,98.2507553100586,98.83999633789062,98.87999725341797,96.81999969482422,96.87000274658203,29870700
2023-02-01,99.8312759399414,100.43000030517578,101.19000244140625,97.58000183105469,98.70999908447266,35531100
2023-02-02,107.09769439697266,107.73999786376953,107.8499984741211,105.61000061035156,105.80000305175781,69883800
2023-02-03,104.15534210205078,104.77999877929688,107.80999755859375,102.58000183105469,102.93000030517578,65309300
2023-02-06,102.28655242919922,102.9000015258789,104.36000061035156,101.87999725341797,102.4000015258789,31999600
2023-02-07,106.998291015625,107.63999938964844,108.18000030517578,103.12000274658203,103.22000122070312,49010200
2023-02-08,98.77760314941406,99.37000274658203,103.13999938964844,98.04000091552734,102.05000305175781,94743500
2023-02-09,94.44359588623047,95.01000213623047,100.02999877929688,93.62999725341797,100.0,119455000
2023-02-10,94.00621795654297,94.56999969482422,96.75,94.25,95.44999694824219,54980700
2023-02-13,94.04597473144531,94.61000061035156,95.19999694824219,93.83999633789062,94.73999786376953,50076100
2023-02-14,94.11555480957031,94.68000030517578,94.8499984741211,92.26000213623047,94.43000030517578,54726100
2023-02-15,96.3620834350586,96.94000244140625,97.12000274658203,94.1500015258789,94.48999786376953,50169000
2023-02-16,94.94060516357422,95.51000213623047,97.68000030517578,94.73999786376953,95.37000274658203,42462600
2023-02-17,93.78752136230469,94.3499984741211,95.55999755859375,93.20999908447266,94.8499984741211,34284100
2023-02-21,91.24279022216797,91.79000091552734,93.0999984741211,91.72000122070312,93.0,33629300
2023-02-22,91.10362243652344,91.6500015258789,92.11000061035156,90.61000061035156,91.69999694824219,30884000
2023-02-23,90.34814453125,90.88999938964844,91.94000244140625,89.76000213623047,91.91999816894531,41206400
2023-02-24,88.5986328125,89.12999725341797,89.88999938964844,88.58000183105469,89.44000244140625,36585100
2023-02-27,89.33423614501953,89.87000274658203,90.16000366210938,89.33999633789062,89.87000274658203,27502300
2023-02-28,89.52310180664062,90.05999755859375,91.2300033569336,89.31999969482422,89.33000183105469,30142000
2023-03-01,89.8213119506836,90.36000061035156,91.02999877929688,89.66999816894531,89.9800033569336,31111200
2023-03-02,91.4515380859375,92.0,92.27999877929688,89.58999633789062,89.66000366210938,32204400
2023-03-03,93.09170532226562,93.6500015258789,93.7300033569336,92.44999694824219,92.4800033569336,35160100
2023-03-06,94.56287384033203,95.12999725341797,95.97000122070312,94.0,94.0199966430664,32639300
2023-03-07,93.30045318603516,93.86000061035156,95.66999816894531,93.52999877929688,94.9800033569336,27835500
2023-03-08,93.68811798095703,94.25,95.95999908447266,94.0,94.12000274658203,34103300
2023-03-09,91.7696304321289,92.31999969482422,95.52999877929688,91.9000015258789,94.05000305175781,28813500
2023-03-10,90.0896987915039,90.62999725341797,92.79000091552734,90.4000015258789,92.16999816894531,35941000
2023-03-13,90.56684112548828,91.11000061035156,92.56999969482422,89.41999816894531,90.08999633789062,37335600
2023-03-14,93.4097900390625,93.97000122070312,94.36000061035156,92.44000244140625,92.55999755859375,36050200
2023-03-15,95.53703308105469,96.11000061035156,96.93000030517578,92.63999938964844,93.22000122070312,50622100
2023-03-16,99.72193145751953,100.31999969482422,101.19000244140625,95.5,96.19999694824219,65492000
2023-03-17,101.0141830444336,101.62000274658203,102.83999633789062,100.0999984741211,100.26000213623047,61028500
2023-03-20,100.61656188964844,101.22000122070312,101.75,99.87000274658203,100.12000274658203,32960400
2023-03-21,104.29450225830078,104.91999816894531,105.0999984741211,101.22000122070312,101.25,42110300
2023-03-22,102.75375366210938,103.37000274658203,106.58999633789062,103.33000183105469,104.2699966430664,43427400
2023-03-23,104.97045135498047,105.5999984741211,106.30000305175781,104.45999908447266,105.05999755859375,40797800
2023-03-24,104.81141662597656,105.44000244140625,105.48999786376953,103.83999633789062,104.98999786376953,30393300
2023-03-27,101.84917449951172,102.45999908447266,104.76000213623047,101.93000030517578,104.62000274658203,31120900
2023-03-28,100.42770385742188,101.02999877929688,102.44999694824219,99.73999786376953,102.44000244140625,32057900
2023-03-29,100.78556060791016,101.38999938964844,102.48999786376953,100.6500015258789,102.27999877929688,28779600
2023-03-30,100.28853607177734,100.88999938964844,101.16000366210938,99.77999877929688,100.91000366210938,33086200
2023-03-31,103.11160278320312,103.7300033569336,103.88999938964844,101.04000091552734,101.30000305175781,36863400
2023-04-03,103.73784637451172,104.36000061035156,104.52999877929688,101.93000030517578,102.38999938964844,25035400
2023-04-04,104.095703125,104.72000122070312,105.58000183105469,104.04000091552734,104.33000183105469,24420100
2023-04-05,103.84719848632812,104.47000122070312,106.0999984741211,103.66000366210938,105.77999877929688,28290500
2023-04-06,107.77364349365234,108.41999816894531,109.16999816894531,104.33000183105469,105.26000213623047,48711500
2023-04-10,105.80545806884766,106.44000244140625,107.58999633789062,105.12000274658203,106.9800033569336,27067400
2023-04-11,104.7219467163086,105.3499984741211,106.7300033569336,104.68000030517578,106.55000305175781,26311800
2023-04-12,104.01617431640625,104.63999938964844,106.75,104.33999633789062,106.58000183105469,24370300
2023-04-13,106.78954315185547,107.43000030517578,107.48999786376953,105.83999633789062,105.83999633789062,24843600
2023-04-14,108.22096252441406,108.87000274658203,108.94000244140625,106.83999633789062,106.88999938964844,26578000
2023-04-17,105.3382568359375,105.97000122070312,106.16000366210938,104.5199966430664,104.66000366210938,37571200
2023-04-18,103.87700653076172,104.5,106.54000091552734,104.06999969482422,106.48999786376953,26596400
2023-04-19,103.55892181396484,104.18000030517578,104.9800033569336,103.06999969482422,103.58000183105469,20905700
2023-04-20,104.66230773925781,105.29000091552734,106.25,103.87000274658203,103.91000366210938,27820800
2023-04-21,104.7815933227539,105.41000366210938,106.0,104.77999877929688,105.47000122070312,25800100
2023-04-24,105.3382568359375,105.97000122070312,106.62999725341797,104.69999694824219,105.48999786376953,23542800
2023-04-25,103.23088073730469,103.8499984741211,106.69000244140625,103.83999633789062,105.83000183105469,46664100
2023-04-26,103.09172058105469,103.70999908447266,106.3499984741211,102.62999725341797,104.91999816894531,53347600
2023-04-27,106.9485855102539,107.58999633789062,108.37000274658203,103.54000091552734,104.44999694824219,50089200
2023-04-28,106.70008087158203,107.33999633789062,107.3499984741211,105.08999633789062,107.04000091552734,36139800
2023-05-01,106.5609130859375,107.19999694824219,107.98999786376953,106.81999969482422,106.83999633789062,26681700
2023-05-02,104.69212341308594,105.31999969482422,107.19999694824219,103.70999908447266,107.13999938964844,30997200
2023-05-03,104.7815933227539,105.41000366210938,107.48999786376953,104.95999908447266,105.52999877929688,21795400
2023-05-04,104.06588745117188,104.69000244140625,105.5999984741211,103.97000122070312,105.48999786376953,23419500
2023-05-05,104.94063568115234,105.56999969482422,105.87999725341797,104.11000061035156,104.81999969482422,26639300
2023-05-08,107.12751007080078,107.7699966430664,107.95999908447266,105.16000366210938,105.18000030517578,26511400
2023-05-09,106.71001434326172,107.3499984741211,110.1500015258789,107.19000244140625,108.38999938964844,36360100
2023-05-10,111.08378601074219,111.75,112.94000244140625,107.93000030517578,107.97000122070312,63153400
2023-05-11,115.87506103515625,116.56999969482422,117.91999816894531,114.41000366210938,115.4000015258789,78900000
2023-05-12,116.80945587158203,117.51000213623047,118.02999877929688,116.11000061035156,116.68000030517578,41102300
2023-05-15,115.81542205810547,116.51000213623047,118.4800033569336,116.01000213623047,116.11000061035156,36266800
2023-05-16,118.79753875732422,119.51000213623047,120.75,116.43000030517578,116.48999786376953,45035600
2023-05-17,120.11959075927734,120.83999633789062,121.66999816894531,118.88999938964844,119.61000061035156,33323600
2023-05-18,122.09774017333984,122.83000183105469,123.30999755859375,120.83000183105469,120.94999694824219,35234200
2023-05-19,122.02815246582031,122.76000213623047,125.97000122070312,122.1500015258789,123.55000305175781,41353400
2023-05-22,124.30450439453125,125.05000305175781,126.43000030517578,122.73999786376953,122.94000244140625,35253000
2023-05-23,121.829345703125,122.55999755859375,124.62999725341797,122.20999908447266,124.16000366210938,34046300
2023-05-24,120.17923736572266,120.9000015258789,121.91000366210938,119.86000061035156,121.12000274658203,34182600
2023-05-25,122.74386596679688,123.4800033569336,125.31999969482422,121.95999908447266,124.5199966430664,42317000
2023-05-26,123.86713409423828,124.61000061035156,125.26000213623047,122.44999694824219,123.16999816894531,35635900
2023-05-30,122.93273162841797,123.66999816894531,125.66000366210938,122.0,125.63999938964844,35076700
2023-05-31,122.13750457763672,122.87000274658203,124.05999755859375,122.5,122.75,37325800
2023-06-01,122.98242950439453,123.72000122070312,124.41999816894531,122.62000274658203,122.81999969482422,30772700
2023-06-02,123.92677307128906,124.66999816894531,126.1500015258789,123.76000213623047,123.98999786376953,26980100
2023-06-05,125.25878143310547,126.01000213623047,127.43000030517578,123.83999633789062,124.01000213623047,32305500
2023-06-06,126.55104064941406,127.30999755859375,128.2899932861328,125.36000061035156,126.01000213623047,26638300
2023-06-07,121.76969909667969,122.5,129.0399932861328,122.12000274658203,126.97000122070312,52539000
2023-06-08,121.41184997558594,122.13999938964844,123.2300033569336,121.23999786376953,122.2300033569336,29389200
2023-06-09,121.5013198852539,122.2300033569336,123.76000213623047,121.91000366210938,122.25,23778300
2023-06-12,122.90290832519531,123.63999938964844,124.05000305175781,121.66000366210938,122.79000091552734,28306400
2023-06-13,123.09178161621094,123.83000183105469,125.16000366210938,123.18000030517578,124.9800033569336,22278300
2023-06-14,122.93273162841797,123.66999816894531,124.05000305175781,121.44999694824219,123.0999984741211,30592300
2023-06-15,124.3442611694336,125.08999633789062,125.45999908447266,122.4000015258789,123.13999938964844,35246300
2023-06-16,122.79356384277344,123.52999877929688,126.11000061035156,123.27999877929688,125.93000030517578,45535600
2023-06-20,122.36611938476562,123.0999984741211,124.56999969482422,122.13999938964844,122.93000030517578,26097500
2023-06-21,119.83133697509766,120.55000305175781,122.66000366210938,120.0999984741211,122.4000015258789,30306300
2023-06-22,122.41584014892578,123.1500015258789,123.23999786376953,118.83000183105469,120.0,26952200
2023-06-23,121.61065673828125,122.33999633789062,122.79000091552734,121.05999755859375,121.37999725341797,34913600
2023-06-26,117.6344985961914,118.33999633789062,122.0,118.2699966430664,120.76000213623047,33969900
2023-06-27,117.62456512451172,118.33000183105469,119.08000183105469,116.0999984741211,117.08000183105469,39535900
2023-06-28,119.46353149414062,120.18000030517578,120.38999938964844,116.8499984741211,117.08999633789062,27091400
2023-06-29,118.38997650146484,119.0999984741211,120.05999755859375,118.30000305175781,119.23999786376953,24090900
2023-06-30,118.98638916015625,119.69999694824219,121.08000183105469,119.69000244140625,120.16999816894531,29532200
2023-07-03,119.1852035522461,119.9000015258789,120.19000244140625,118.81999969482422,119.23999786376953,14467900
2023-07-05,121.02417755126953,121.75,122.61000061035156,119.2300033569336,119.23999786376953,27584800
2023-07-06,119.39395141601562,120.11000061035156,120.30000305175781,118.4000015258789,119.80000305175781,24745200
2023-07-07,118.76770782470703,119.4800033569336,121.05000305175781,119.4000015258789,120.0999984741211,21709500
2023-07-10,115.75577545166016,116.44999694824219,118.30999755859375,116.13999938964844,118.30000305175781,35315200
2023-07-11,116.44166564941406,117.13999938964844,117.70999908447266,115.3499984741211,116.29000091552734,23078800
2023-07-12,118.22098541259766,118.93000030517578,120.33000183105469,118.41000366210938,118.80000305175781,30404400
2023-07-13,123.79753875732422,124.54000091552734,124.83000183105469,120.44999694824219,120.93000030517578,44297900
2023-07-14,124.67229461669922,125.41999816894531,126.77999877929688,123.48999786376953,124.80000305175781,33283100
2023-07-17,123.90689086914062,124.6500015258789,127.0999984741211,124.19999694824219,125.94000244140625,25716200
2023-07-18,123.0221939086914,123.76000213623047,124.68000030517578,122.95999908447266,124.5999984741211,26193600
2023-07-19,121.30250549316406,122.02999877929688,125.18000030517578,121.80000305175781,124.5999984741211,37224000
2023-07-20,118.48937225341797,119.19999694824219,124.08999633789062,118.22000122070312,121.41999816894531,37906800
2023-07-21,119.30448150634766,120.0199966430664,120.98999786376953,118.7300033569336,120.62000274658203,72937900
2023-07-24,120.80549621582031,121.52999877929688,123.0,120.9800033569336,121.66000366210938,29686100
2023-07-25,121.48143005371094,122.20999908447266,123.1500015258789,121.0199966430664,121.36000061035156,52509600
2023-07-26,128.4993438720703,129.27000427246094,130.97999572753906,128.32000732421875,130.07000732421875,61682100
2023-07-27,128.62857055664062,129.39999389648438,133.24000549316406,128.7899932861328,131.6699981689453,44952100
2023-07-28,131.7895965576172,132.5800018310547,133.74000549316406,130.57000732421875,130.77999877929688,36591200
2023-07-31,131.9287872314453,132.72000122070312,133.52999877929688,131.77999877929688,132.72999572753906,28055500
2023-08-01,130.76576232910156,131.5500030517578,132.6300048828125,130.67999267578125,130.77999877929688,23166800
2023-08-02,127.61463928222656,128.3800048828125,130.08999633789062,127.55999755859375,129.4499969482422,26273300
2023-08-03,127.6842269897461,128.4499969482422,129.38999938964844,127.41999816894531,127.97000122070312,20089500
2023-08-04,127.34626007080078,128.11000061035156,131.50999450683594,127.91000366210938,129.27999877929688,26147200
2023-08-07,130.74586486816406,131.52999877929688,131.61000061035156,129.02000427246094,129.16000366210938,22746300
2023-08-08,130.61663818359375,131.39999389648438,131.50999450683594,129.5399932861328,130.6199951171875,23535200
2023-08-09,128.88702392578125,129.66000366210938,132.0399932861328,129.0,131.66000366210938,24912900
2023-08-10,128.91685485839844,129.69000244140625,132.0500030517578,129.4499969482422,131.32000732421875,20857800
2023-08-11,128.78761291503906,129.55999755859375,129.92999267578125,128.1699981689453,128.66000366210938,19591100
2023-08-14,130.54705810546875,131.3300018310547,131.3699951171875,128.9600067138672,129.38999938964844,24695600
2023-08-15,129.0063018798828,129.77999877929688,131.4199981689453,129.27999877929688,131.10000610351562,19770700
2023-08-16,127.93273162841797,128.6999969482422,130.27999877929688,127.87000274658203,128.6999969482422,25216100
2023-08-17,129.14544677734375,129.9199981689453,131.99000549316406,129.2899932861328,129.8000030517578,33446300
2023-08-18,126.70013427734375,127.45999908447266,129.25,126.37999725341797,128.50999450683594,30504800
2023-08-21,127.60469818115234,128.3699951171875,128.72999572753906,126.55999755859375,127.18000030517578,25248700
2023-08-22,128.31048583984375,129.0800018310547,130.27999877929688,128.32000732421875,128.50999450683594,22054900
2023-08-23,131.5808563232422,132.3699951171875,133.41000366210938,129.8699951171875,130.17999267578125,27819700
2023-08-24,129.0063018798828,129.77999877929688,134.25,129.57000732421875,133.9499969482422,28500700
2023-08-25,129.105712890625,129.8800048828125,130.75999450683594,127.25,129.5399932861328,26762900
2023-08-28,130.2289581298828,131.00999450683594,132.5399932861328,130.13999938964844,131.30999755859375,20543300
2023-08-29,133.7677459716797,134.57000732421875,136.57000732421875,132.24000549316406,132.24000549316406,43075600
2023-08-30,135.0699462890625,135.8800048828125,136.27999877929688,134.07000732421875,134.77999877929688,28315800
2023-08-31,135.35821533203125,136.1699981689453,138.0,135.7899932861328,136.00999450683594,30053800
2023-09-01,134.85125732421875,135.66000366210938,137.4600067138672,134.85000610351562,137.4600067138672,21543700
2023-09-05,134.96058654785156,135.77000427246094,136.4199981689453,134.5800018310547,135.44000244140625,19403100
2023-09-06,133.65843200683594,134.4600067138672,136.52999877929688,133.6699981689453,136.02000427246094,18684500
2023-09-07,134.45362854003906,135.25999450683594,135.5800018310547,132.9499969482422,133.58999633789062,18844300
2023-09-08,135.5669708251953,136.3800048828125,136.66000366210938,134.85000610351562,134.91000366210938,23558300
2023-09-11,136.10372924804688,136.9199981689453,137.47999572753906,135.7899932861328,136.5399932861328,20763400
2023-09-12,134.5331573486328,135.33999633789062,136.8699951171875,135.19000244140625,136.25999450683594,18405500
2023-09-13,135.89500427246094,136.7100067138672,136.89999389648438,134.14999389648438,135.08999633789062,20749500
2023-09-14,137.27670288085938,138.10000610351562,138.6999969482422,136.24000549316406,137.60000610351562,24751000
2023-09-15,136.58087158203125,137.39999389648438,138.52000427246094,136.47999572753906,137.97999572753906,38919600
2023-09-18,137.3860626220703,138.2100067138672,139.16000366210938,136.61000061035156,136.61000061035156,21861300
2023-09-19,137.21705627441406,138.0399932861328,138.41000366210938,136.6199951171875,137.4199981689453,20353700
2023-09-20,132.94268798828125,133.74000549316406,138.0800018310547,133.6199951171875,138.0800018310547,29927500
2023-09-21,129.662353515625,130.44000244140625,132.22999572753906,130.07000732421875,131.44000244140625,31503900
2023-09-22,129.4735107421875,130.25,132.02999877929688,129.60000610351562,130.75999450683594,26397300
2023-09-25,130.328369140625,131.11000061035156,131.1699981689453,128.9600067138672,129.8300018310547,20094600
2023-09-26,127.80352020263672,128.57000732421875,130.36000061035156,127.22000122070312,129.77000427246094,25718700
2023-09-27,129.7617645263672,130.5399932861328,130.89999389648438,128.57000732421875,128.57000732421875,22746500
2023-09-28,131.52122497558594,132.30999755859375,133.3000030517578,129.7899932861328,129.83999633789062,22513100
2023-09-29,130.07986450195312,130.86000061035156,134.0500030517578,130.36000061035156,133.27999877929688,30859800
2023-10-02,133.3701171875,134.1699981689453,134.4199981689453,131.1699981689453,131.2100067138672,22288000
2023-10-03,131.6405029296875,132.42999267578125,134.25999450683594,131.83999633789062,133.94000244140625,22989400
2023-10-04,134.4337615966797,135.24000549316406,135.57000732421875,132.52999877929688,132.7899932861328,26752300
2023-10-05,134.26478576660156,135.07000732421875,135.49000549316406,133.4499969482422,135.07000732421875,19832600
2023-10-06,136.7598114013672,137.5800018310547,138.16000366210938,134.00999450683594,134.00999450683594,27597600
2023-10-09,137.5947723388672,138.4199981689453,138.94000244140625,135.61000061035156,136.94000244140625,19278100
2023-10-10,137.23692321777344,138.05999755859375,139.72000122070312,137.3300018310547,138.5,27786600
2023-10-11,139.71209716796875,140.5500030517578,141.11000061035156,138.5800018310547,138.5800018310547,25884300
2023-10-12,138.1415252685547,138.97000122070312,141.22000122070312,138.25999450683594,141.0500030517578,24765500
2023-10-13,136.54110717773438,137.36000061035156,140.0,136.6199951171875,139.3800048828125,23420500
2023-10-16,138.270751953125,139.10000610351562,139.6300048828125,137.99000549316406,138.1699981689453,28501900
2023-10-17,138.88705444335938,139.72000122070312,139.89999389648438,137.17999267578125,138.6300048828125,23515800
2023-10-18,137.13754272460938,137.9600067138672,140.72000122070312,137.3800048828125,139.4499969482422,23375000
2023-10-19,136.9287872314453,137.75,139.66000366210938,137.3800048828125,138.5,26066000
2023-10-20,134.79161071777344,135.60000610351562,137.8699951171875,135.0800018310547,137.3300018310547,26335700
2023-10-23,135.6862335205078,136.5,137.66000366210938,133.9499969482422,135.0399932861328,26317900
2023-10-24,137.98248291015625,138.80999755859375,139.36000061035156,137.4199981689453,137.8300018310547,44814300
2023-10-25,124.86116027832031,125.61000061035156,128.30999755859375,125.06999969482422,128.16000366210938,84366200
2023-10-26,121.55101776123047,122.27999877929688,124.33000183105469,121.2699966430664,123.2699966430664,57061100
2023-10-27,121.44166564941406,122.16999816894531,123.30999755859375,120.20999908447266,122.87999725341797,44566500
2023-10-30,123.71800994873047,124.45999908447266,125.4000015258789,122.75,123.20999908447266,28940100
2023-10-31,123.34027862548828,124.08000183105469,125.37000274658203,122.69000244140625,125.05999755859375,26292300
2023-11-01,125.69615936279297,126.44999694824219,126.48999786376953,123.72000122070312,124.06999969482422,30082400
2023-11-02,126.7299575805664,127.48999786376953,128.97999572753906,126.93000030517578,128.4199981689453,27124600
2023-11-03,128.33035278320312,129.10000610351562,129.52999877929688,127.86000061035156,128.02000427246094,26393100
2023-11-06,129.4735107421875,130.25,130.33999633789062,128.6699981689453,129.0500030517578,19052700
2023-11-07,130.18919372558594,130.97000122070312,131.91000366210938,129.8800048828125,130.7100067138672,29757300
2023-11-08,131.0540313720703,131.83999633789062,132.2100067138672,130.77999877929688,130.97000122070312,26425800
2023-11-09,129.4635467529297,130.24000549316406,132.5500030517578,130.07000732421875,131.9600067138672,23747800
2023-11-10,131.79954528808594,132.58999633789062,132.8000030517578,129.41000366210938,130.10000610351562,26913300
2023-11-13,131.3025360107422,132.08999633789062,132.58999633789062,131.25,131.77999877929688,18324800
2023-11-14,132.82339477539062,133.6199951171875,135.6999969482422,133.32000732421875,134.19000244140625,32395200
2023-11-15,133.8174591064453,134.6199951171875,135.02999877929688,133.57000732421875,134.8699951171875,23861500
2023-11-16,136.11367797851562,136.92999267578125,137.22000122070312,134.32000732421875,135.19000244140625,28013200
2023-11-17,134.5033416748047,135.30999755859375,136.05999755859375,133.64999389648438,136.0,37240600
2023-11-20,135.437744140625,136.25,136.66000366210938,133.6199951171875,133.69000244140625,27815500
2023-11-21,136.15345764160156,136.97000122070312,137.17999267578125,135.9600067138672,136.2899932861328,22635300
2023-11-22,137.6643829345703,138.49000549316406,139.4199981689453,137.47000122070312,137.47000122070312,17813900
2023-11-24,135.8751220703125,136.69000244140625,138.1300048828125,135.99000549316406,138.02999877929688,12514300
2023-11-27,135.59678649902344,136.41000366210938,138.4199981689453,136.0,136.02999877929688,23436500
2023-11-28,136.38206481933594,137.1999969482422,137.25,135.4199981689453,136.0800018310547,18730000
2023-11-29,134.18527221679688,134.99000549316406,138.2899932861328,134.83999633789062,137.57000732421875,23967200
2023-11-30,131.7399139404297,132.52999877929688,135.5500030517578,131.27999877929688,135.0500030517578,38988300
2023-12-01,131.07388305664062,131.86000061035156,132.11000061035156,130.6699981689453,131.86000061035156,31442300
2023-12-04,128.4993438720703,129.27000427246094,130.02999877929688,127.9000015258789,129.8800048828125,36669900
2023-12-05,130.2091064453125,130.99000549316406,132.13999938964844,128.25,128.9499969482422,27384800
2023-12-06,129.244873046875,130.02000427246094,131.83999633789062,129.8800048828125,131.44000244140625,23576200
2023-12-07,136.11367797851562,136.92999267578125,138.55999755859375,134.6999969482422,135.0399932861328,56767100
2023-12-08,134.18527221679688,134.99000549316406,136.39999389648438,134.02999877929688,134.1999969482422,32260100
2023-12-11,132.49537658691406,133.2899932861328,133.33999633789062,131.36000061035156,132.3800048828125,31138000
2023-12-12,131.72998046875,132.52000427246094,133.0,131.25999450683594,131.80999755859375,29032800
2023-12-13,131.77967834472656,132.57000732421875,133.5,131.57000732421875,133.3800048828125,30104800
2023-12-14,131.15342712402344,131.94000244140625,133.72000122070312,129.69000244140625,133.3800048828125,38722400
2023-12-15,131.80950927734375,132.60000610351562,133.50999450683594,131.17999267578125,131.6199951171875,50847100
2023-12-18,134.9904327392578,135.8000030517578,137.14999389648438,132.42999267578125,132.6300048828125,32258000
2023-12-19,135.83534240722656,136.64999389648438,137.47000122070312,136.0800018310547,136.83999633789062,25476800
2023-12-20,137.5152587890625,138.33999633789062,141.6999969482422,138.07000732421875,138.97000122070312,49107200
2023-12-21,139.58285522460938,140.4199981689453,140.69000244140625,139.17999267578125,139.49000549316406,27488300
2023-12-22,140.64649963378906,141.49000549316406,141.99000549316406,140.7100067138672,140.77000427246094,26532200
2023-12-26,140.6763153076172,141.52000427246094,142.67999267578125,141.19000244140625,141.58999633789062,16780300
2023-12-27,139.53317260742188,140.3699951171875,142.0800018310547,139.88999938964844,141.58999633789062,19628600
2023-12-28,139.3939971923828,140.22999572753906,141.13999938964844,139.75,140.77999877929688,16045700
2023-12-29,138.85723876953125,139.69000244140625,140.36000061035156,138.77999877929688,139.6300048828125,18733000
