Price,Adj Close,Close,High,Low,Open,Volume
Ticker,JEPI,JEPI,JEPI,JEPI,JEPI,JEPI
Date,,,,,,
2020-05-21,31.814178466796875,49.935001373291016,50.130001068115234,49.86000061035156,50.029998779296875,6200
2020-05-22,31.915481567382812,50.09400177001953,50.099998474121094,49.88999938964844,49.93000030517578,9500
2020-05-26,32.007232666015625,50.237998962402344,50.599998474121094,50.237998962402344,50.5,5600
2020-05-27,32.255069732666016,50.62699890136719,50.720001220703125,50.400001525878906,50.720001220703125,352100
2020-05-28,32.581905364990234,51.13999938964844,56.27000045776367,50.91999816894531,51.060001373291016,53300
2020-05-29,32.616329193115234,51.194000244140625,53.02000045776367,50.90999984741211,51.029998779296875,55300
2020-06-01,32.5997314453125,51.167999267578125,51.29999923706055,51.167999267578125,51.29999923706055,10500
2020-06-02,32.637351989746094,51.22700119018555,51.27000045776367,51.119998931884766,51.13999938964844,11000
2020-06-03,32.772403717041016,51.43899917602539,51.58000183105469,51.31100082397461,51.400001525878906,10000
2020-06-04,32.58318328857422,51.141998291015625,51.327999114990234,51.09000015258789,51.310001373291016,4800
2020-06-05,32.75965118408203,51.41899871826172,52.08000183105469,51.41899871826172,52.08000183105469,7100
2020-06-08,32.70104217529297,51.32699966430664,51.32899856567383,51.1150016784668,51.32600021362305,21700
2020-06-09,32.52839279174805,51.055999755859375,51.290000915527344,51.055999755859375,51.290000915527344,11800
2020-06-10,32.55960464477539,51.10499954223633,51.29899978637695,51.10499954223633,51.119998931884766,4200
2020-06-11,31.94034194946289,50.132999420166016,51.439998626708984,50.119998931884766,51.439998626708984,4400
2020-06-12,31.81100845336914,49.93000030517578,50.04999923706055,49.5,50.005001068115234,3700
2020-06-15,32.04673767089844,50.29999923706055,50.29999923706055,49.5890007019043,49.5890007019043,4400
2020-06-16,32.2684440612793,50.64799880981445,50.790000915527344,50.64799880981445,50.790000915527344,400
2020-06-17,32.257606506347656,50.63100051879883,50.86000061035156,50.63100051879883,50.71900177001953,10200
2020-06-18,32.296485900878906,50.69200134277344,50.810001373291016,50.61899948120117,50.75,6200
2020-06-19,32.27292251586914,50.654998779296875,50.95000076293945,50.59000015258789,50.810001373291016,5000
2020-06-22,32.365928649902344,50.80099868774414,50.869998931884766,50.619998931884766,50.810001373291016,10400
2020-06-23,32.37038040161133,50.80799865722656,50.97999954223633,50.80799865722656,50.97999954223633,800
2020-06-24,32.03334426879883,50.27899932861328,50.29999923706055,50.25899887084961,50.29999923706055,1700
2020-06-25,32.07730484008789,50.347999572753906,50.40999984741211,50.04899978637695,50.04899978637695,4100
2020-06-26,31.667646408081055,49.70500183105469,50.33000183105469,49.56999969482422,50.33000183105469,7100
2020-06-29,31.966445922851562,50.17399978637695,50.209999084472656,49.790000915527344,49.790000915527344,9900
2020-06-30,32.45193099975586,50.93600082397461,50.93600082397461,50.369998931884766,50.369998931884766,18400
2020-07-01,32.64365005493164,50.7400016784668,50.81999969482422,50.54899978637695,50.650001525878906,11100
2020-07-02,32.706058502197266,50.83700180053711,51.369998931884766,50.83700180053711,51.369998931884766,3000
2020-07-06,33.05541229248047,51.380001068115234,51.709999084472656,51.22999954223633,51.709999084472656,119800
2020-07-07,32.90099334716797,51.13999938964844,51.34000015258789,51.0629997253418,51.290000915527344,26900
2020-07-08,32.934452056884766,51.19200134277344,51.33000183105469,50.95000076293945,51.279998779296875,27000
2020-07-09,32.7652473449707,50.92900085449219,51.400001525878906,50.52000045776367,51.400001525878906,36600
2020-07-10,32.9794921875,51.262001037597656,51.310001373291016,50.83000183105469,51.0,22500
2020-07-13,32.94282150268555,51.20500183105469,51.849998474121094,51.150001525878906,51.40999984741211,22000
2020-07-14,33.24390411376953,51.67300033569336,51.689998626708984,51.040000915527344,51.06999969482422,23600
2020-07-15,33.3892936706543,51.89899826049805,52.40999984741211,51.849998474121094,52.40999984741211,27600
2020-07-16,33.48644256591797,52.04999923706055,52.04999923706055,51.869998931884766,51.904998779296875,26200
2020-07-17,33.70261764526367,52.38600158691406,52.43000030517578,52.165000915527344,52.29999923706055,13100
2020-07-20,33.73091506958008,52.43000030517578,52.529998779296875,52.31999969482422,52.529998779296875,32000
2020-07-21,33.825496673583984,52.57699966430664,55.66600036621094,52.400001525878906,54.45000076293945,302400
2020-07-22,34.001129150390625,52.849998474121094,52.900001525878906,52.619998931884766,52.70000076293945,11300
2020-07-23,33.98053741455078,52.81800079345703,53.15999984741211,52.66999816894531,52.9900016784668,71300
2020-07-24,33.94001007080078,52.755001068115234,52.94900131225586,52.560001373291016,52.810001373291016,56200
2020-07-27,34.04615020751953,52.91999816894531,52.95000076293945,52.82500076293945,52.90999984741211,33000
2020-07-28,34.09892272949219,53.00199890136719,53.22999954223633,52.95000076293945,53.099998474121094,55400
2020-07-29,34.257179260253906,53.24800109863281,53.400001525878906,53.0,53.27000045776367,121800
2020-07-30,34.174835205078125,53.119998931884766,53.21900177001953,52.93000030517578,52.97999954223633,37700
2020-07-31,34.239166259765625,53.220001220703125,53.220001220703125,52.70199966430664,53.119998931884766,38700
2020-08-03,34.34267044067383,53.09000015258789,53.25,52.970001220703125,53.25,44400
2020-08-04,34.36207580566406,53.119998931884766,53.130001068115234,52.97999954223633,53.02000045776367,42000
2020-08-05,34.36854553222656,53.130001068115234,53.22999954223633,53.02000045776367,53.02000045776367,52000
2020-08-06,34.4267578125,53.220001220703125,53.220001220703125,53.0,53.0,24400
2020-08-07,34.596248626708984,53.481998443603516,53.4900016784668,53.1150016784668,53.22999954223633,18900
2020-08-10,34.69198989868164,53.630001068115234,53.72999954223633,53.50899887084961,53.72999954223633,51000
2020-08-11,34.5367317199707,53.38999938964844,53.61899948120117,53.29999923706055,53.61899948120117,43400
2020-08-12,34.724327087402344,53.68000030517578,53.75,53.529998779296875,53.529998779296875,33000
2020-08-13,34.711387634277344,53.65999984741211,53.720001220703125,53.529998779296875,53.68000030517578,12700
2020-08-14,34.76961135864258,53.75,53.84000015258789,53.70000076293945,53.790000915527344,11300
2020-08-17,34.92485427856445,53.9900016784668,54.040000915527344,53.75,53.939998626708984,21300
2020-08-18,34.88605499267578,53.93000030517578,54.119998931884766,53.91999816894531,54.119998931884766,50500
2020-08-19,34.81488037109375,53.81999969482422,54.00699996948242,53.81999969482422,53.981998443603516,32000
2020-08-20,34.81166076660156,53.814998626708984,53.869998931884766,53.654998779296875,53.810001373291016,12800
2020-08-21,34.85369873046875,53.880001068115234,53.900001525878906,53.72999954223633,53.83000183105469,12300
2020-08-24,34.98954391479492,54.09000015258789,54.09000015258789,53.93000030517578,53.93000030517578,28000
2020-08-25,34.970157623291016,54.060001373291016,54.15999984741211,53.95000076293945,54.06999969482422,28000
2020-08-26,35.034820556640625,54.15999984741211,54.209999084472656,54.0,54.06999969482422,20600
2020-08-27,34.99602127075195,54.099998474121094,54.249000549316406,54.02000045776367,54.08000183105469,21100
2020-08-28,34.950721740722656,54.029998779296875,54.040000915527344,53.900001525878906,54.0099983215332,36300
2020-08-31,35.054229736328125,54.189998626708984,54.20000076293945,54.040000915527344,54.15299987792969,27800
2020-09-01,34.885929107666016,53.479000091552734,53.75,53.39500045776367,53.75,23100
2020-09-02,35.19969940185547,53.959999084472656,53.970001220703125,53.470001220703125,53.47999954223633,58600
2020-09-03,34.97660827636719,53.61800003051758,53.91999816894531,53.51499938964844,53.75899887084961,27800
2020-09-04,34.54085159301758,52.95000076293945,53.5,52.63999938964844,53.5,60200
2020-09-08,34.36471176147461,52.68000030517578,53.029998779296875,52.66999816894531,52.81999969482422,29800
2020-09-09,34.83440017700195,53.400001525878906,53.66899871826172,53.10200119018555,53.209999084472656,12800
2020-09-10,34.495182037353516,52.880001068115234,53.52000045776367,52.810001373291016,53.41999816894531,7200
2020-09-11,34.54085159301758,52.95000076293945,53.064998626708984,52.650001525878906,53.040000915527344,40900
2020-09-14,34.89962387084961,53.5,53.638999938964844,53.150001525878906,53.38999938964844,59400
2020-09-15,35.01704025268555,53.68000030517578,53.87900161743164,53.58000183105469,53.7400016784668,30700
2020-09-16,34.958343505859375,53.59000015258789,53.9900016784668,53.59000015258789,53.900001525878906,58200
2020-09-17,34.71697235107422,53.220001220703125,53.45000076293945,52.90999984741211,53.150001525878906,65400
2020-09-18,34.54737854003906,52.959999084472656,53.33000183105469,52.69900131225586,53.290000915527344,36600
2020-09-21,34.20163345336914,52.43000030517578,52.63999938964844,51.792999267578125,52.63999938964844,54900
2020-09-22,34.488651275634766,52.869998931884766,52.900001525878906,52.40999984741211,52.58000183105469,30000
2020-09-23,33.94070053100586,52.029998779296875,53.029998779296875,51.97999954223633,52.959999084472656,25200
2020-09-24,33.966793060302734,52.06999969482422,52.44900131225586,51.54999923706055,51.54999923706055,28400
2020-09-25,34.38429260253906,52.709999084472656,52.709999084472656,51.91400146484375,51.959999084472656,10900
2020-09-28,34.788734436035156,53.33000183105469,53.52000045776367,53.150001525878906,53.470001220703125,18700
2020-09-29,34.62565231323242,53.08000183105469,53.41899871826172,53.040000915527344,53.33000183105469,44700
2020-09-30,34.788734436035156,53.33000183105469,53.58000183105469,53.060001373291016,53.060001373291016,19700
2020-10-01,34.78083801269531,52.882999420166016,53.119998931884766,52.75899887084961,53.119998931884766,16400
2020-10-02,34.706520080566406,52.77000045776367,52.95000076293945,52.18000030517578,52.18000030517578,17800
2020-10-05,35.061683654785156,53.310001373291016,53.400001525878906,52.970001220703125,53.220001220703125,14700
2020-10-06,34.80517578125,52.91999816894531,53.54899978637695,52.869998931884766,53.470001220703125,46500
2020-10-07,35.21623229980469,53.54499816894531,53.630001068115234,53.290000915527344,53.290000915527344,17700
2020-10-08,35.41024398803711,53.84000015258789,53.880001068115234,53.66999816894531,53.880001068115234,20400
2020-10-09,35.60361099243164,54.13399887084961,54.29999923706055,54.02899932861328,54.29999923706055,16300
2020-10-12,35.77461624145508,54.39400100708008,54.51900100708008,54.22999954223633,54.29999923706055,77500
2020-10-13,35.68648910522461,54.2599983215332,54.388999938964844,54.099998474121094,54.369998931884766,19100
2020-10-14,35.67333984375,54.2400016784668,54.45000076293945,54.150001525878906,54.150001525878906,20800
2020-10-15,35.59967803955078,54.12799835205078,54.189998626708984,53.869998931884766,54.058998107910156,17400
2020-10-16,35.7022819519043,54.284000396728516,54.470001220703125,54.284000396728516,54.310001373291016,44300
2020-10-19,35.42999267578125,53.869998931884766,54.46900177001953,53.83000183105469,54.46900177001953,33600
2020-10-20,35.482608795166016,53.95000076293945,54.290000915527344,53.861000061035156,54.290000915527344,26400
2020-10-21,35.31159973144531,53.689998626708984,54.0989990234375,53.689998626708984,54.0989990234375,11100
2020-10-22,35.41024398803711,53.84000015258789,53.90999984741211,53.5,53.5,68400
2020-10-23,35.50431442260742,53.983001708984375,54.060001373291016,53.82500076293945,54.040000915527344,21700
2020-10-26,35.278717041015625,53.63999938964844,53.900001525878906,53.40999984741211,53.720001220703125,51700
2020-10-27,35.041954040527344,53.279998779296875,53.650001525878906,53.279998779296875,53.59000015258789,20900
2020-10-28,34.40399169921875,52.310001373291016,52.87799835205078,52.29999923706055,52.54999923706055,43600
2020-10-29,34.49605178833008,52.45000076293945,52.7400016784668,51.77000045776367,52.0,48700
2020-10-30,34.2915153503418,52.138999938964844,52.349998474121094,51.70000076293945,52.130001068115234,19700
2020-11-02,34.7472038269043,52.310001373291016,52.55799865722656,52.0,52.43000030517578,13000
2020-11-03,35.278594970703125,53.11000061035156,53.5,52.86000061035156,53.0,35400
2020-11-04,35.77678298950195,53.86000061035156,54.5,53.75,53.75,139000
2020-11-05,36.160728454589844,54.4379997253418,54.83000183105469,54.33000183105469,54.83000183105469,22600
2020-11-06,36.172698974609375,54.45600128173828,54.650001525878906,54.380001068115234,54.380001068115234,24300
2020-11-09,36.248409271240234,54.56999969482422,55.88999938964844,54.56999969482422,55.04999923706055,24400
2020-11-10,36.447689056396484,54.869998931884766,54.970001220703125,54.40999984741211,54.65999984741211,125200
2020-11-11,36.60048294067383,55.099998474121094,55.31999969482422,54.95000076293945,55.31999969482422,32300
2020-11-12,36.46894073486328,54.902000427246094,55.119998931884766,54.75600051879883,55.099998474121094,26900
2020-11-13,36.773170471191406,55.36000061035156,55.40999984741211,55.04999923706055,55.2400016784668,14700
2020-11-16,36.84624481201172,55.470001220703125,55.91999816894531,55.31999969482422,55.91999816894531,126500
2020-11-17,36.762542724609375,55.34400177001953,55.5,55.16999816894531,55.5,32900
2020-11-18,36.646968841552734,55.16999816894531,55.630001068115234,55.15999984741211,55.630001068115234,37700
2020-11-19,36.71339416503906,55.27000045776367,55.290000915527344,55.040000915527344,55.290000915527344,31000
2020-11-20,36.63368225097656,55.150001525878906,55.3390007019043,55.09000015258789,55.314998626708984,32900
2020-11-23,36.71339416503906,55.27000045776367,55.52000045776367,55.099998474121094,55.52000045776367,35100
2020-11-24,36.87281036376953,55.5099983215332,55.56999969482422,55.35100173950195,55.40999984741211,97400
2020-11-25,36.76653289794922,55.349998474121094,55.560001373291016,55.31999969482422,55.560001373291016,24500
2020-11-27,36.87281036376953,55.5099983215332,55.66999816894531,55.3849983215332,55.66999816894531,37800
2020-11-30,36.77982711791992,55.369998931884766,55.650001525878906,55.189998626708984,55.650001525878906,96200
2020-12-01,36.947391510009766,55.119998931884766,55.290000915527344,55.060001373291016,55.290000915527344,65800
2020-12-02,36.83679962158203,54.95500183105469,55.08000183105469,54.816001892089844,55.0099983215332,98600
2020-12-03,36.700042724609375,54.750999450683594,55.04999923706055,54.75,55.04999923706055,41400
2020-12-04,36.87367248535156,55.0099983215332,55.0099983215332,54.59000015258789,54.75,78700
2020-12-07,36.806640625,54.90999984741211,55.06999969482422,54.810001373291016,54.84000015258789,52700
2020-12-08,36.913875579833984,55.06999969482422,55.130001068115234,54.86000061035156,55.040000915527344,58600
2020-12-09,36.880367279052734,55.02000045776367,55.2599983215332,54.867000579833984,55.2599983215332,31200
2020-12-10,36.732906341552734,54.79999923706055,55.04999923706055,54.72999954223633,55.04999923706055,25500
2020-12-11,36.766414642333984,54.849998474121094,54.90999984741211,54.66999816894531,54.81999969482422,22800
2020-12-14,36.77312088012695,54.86000061035156,55.43000030517578,54.86000061035156,55.43000030517578,47000
2020-12-15,37.08145523071289,55.31999969482422,55.400001525878906,55.0099983215332,55.0099983215332,26500
2020-12-16,37.07475662231445,55.310001373291016,55.52000045776367,55.209999084472656,55.459999084472656,22200
2020-12-17,37.309356689453125,55.65999984741211,55.7400016784668,55.540000915527344,55.689998626708984,24700
2020-12-18,37.36968994140625,55.75,55.790000915527344,55.42100143432617,55.779998779296875,73700
2020-12-21,37.20880889892578,55.5099983215332,55.56999969482422,55.04999923706055,55.33000183105469,35700
2020-12-22,37.08145523071289,55.31999969482422,55.599998474121094,55.25,55.599998474121094,27700
2020-12-23,37.12166976928711,55.380001068115234,55.665000915527344,55.380001068115234,55.40999984741211,49100
2020-12-24,37.27116394042969,55.60300064086914,55.60300064086914,55.400001525878906,55.58000183105469,10500
2020-12-28,37.45012283325195,55.869998931884766,56.11000061035156,55.834999084472656,56.11000061035156,34100
2020-12-29,37.47693634033203,55.90999984741211,56.13999938964844,55.77299880981445,56.09000015258789,39000
2020-12-30,37.46543502807617,55.349998474121094,55.58000183105469,55.310001373291016,55.58000183105469,57600
2020-12-31,37.73619079589844,55.75,55.75,55.290000915527344,55.4900016784668,33000
2021-01-04,37.32329177856445,55.13999938964844,55.7400016784668,54.869998931884766,55.7400016784668,66000
2021-01-05,37.37065887451172,55.209999084472656,55.27899932861328,54.900001525878906,55.25,53900
2021-01-06,37.580501556396484,55.52000045776367,55.77000045776367,55.099998474121094,55.29999923706055,78100
2021-01-07,37.648868560791016,55.62099838256836,55.77000045776367,55.4900016784668,55.77000045776367,98200
2021-01-08,37.74970626831055,55.77000045776367,55.81999969482422,55.58000183105469,55.650001525878906,44000
2021-01-11,37.74970626831055,55.77000045776367,55.91899871826172,55.56999969482422,55.56999969482422,33300
2021-01-12,37.66983413696289,55.652000427246094,55.71500015258789,55.5,55.654998779296875,91800
2021-01-13,37.79033660888672,55.83000183105469,55.91899871826172,55.68899917602539,55.849998474121094,68600
2021-01-14,37.668495178222656,55.650001525878906,56.0,55.64500045776367,56.0,34800
2021-01-15,37.73619079589844,55.75,55.81999969482422,55.5,55.66999816894531,43200
2021-01-19,37.83771896362305,55.900001525878906,56.0099983215332,55.849998474121094,55.9900016784668,64100
2021-01-20,38.16939163208008,56.38999938964844,56.404998779296875,56.08000183105469,56.189998626708984,47600
2021-01-21,38.020469665527344,56.16999816894531,56.439998626708984,56.16999816894531,56.439998626708984,50500
2021-01-22,38.02724075317383,56.18000030517578,56.29499816894531,56.06999969482422,56.279998779296875,66000
2021-01-25,38.21677780151367,56.459999084472656,56.61000061035156,56.189998626708984,56.31999969482422,1188600
2021-01-26,38.182945251464844,56.40999984741211,56.75,56.34000015258789,56.75,708600
2021-01-27,37.53313064575195,55.45000076293945,56.349998474121094,55.29999923706055,56.349998474121094,505800
2021-01-28,37.668495178222656,55.650001525878906,56.060001373291016,55.5,55.709999084472656,631600
2021-01-29,37.133758544921875,54.86000061035156,55.61000061035156,54.66999816894531,55.61000061035156,320500
2021-02-01,37.45547103881836,55.06999969482422,55.25,54.709999084472656,55.20000076293945,182500
2021-02-02,37.84994888305664,55.650001525878906,55.939998626708984,55.36800003051758,55.61000061035156,187300
2021-02-03,37.73432540893555,55.47999954223633,55.880001068115234,55.367000579833984,55.880001068115234,232900
2021-02-04,37.99958038330078,55.869998931884766,55.93000030517578,55.5099983215332,55.5099983215332,161700
2021-02-05,38.08798599243164,56.0,56.16999816894531,55.97999954223633,56.13999938964844,186500
2021-02-08,38.07439041137695,55.97999954223633,56.25,55.939998626708984,56.25,183100
2021-02-09,38.156005859375,56.099998474121094,56.150001525878906,55.974998474121094,56.130001068115234,169900
2021-02-10,38.135616302490234,56.06999969482422,56.25,55.95000076293945,56.25,125300
2021-02-11,38.1084098815918,56.029998779296875,56.189998626708984,55.900001525878906,56.189998626708984,159900
2021-02-12,38.12200927734375,56.04999923706055,56.06999969482422,55.900001525878906,56.029998779296875,99300
2021-02-16,38.0335807800293,55.91999816894531,56.17499923706055,55.90999984741211,56.099998474121094,155700
2021-02-17,38.176414489746094,56.130001068115234,56.130001068115234,55.82500076293945,55.95000076293945,110600
2021-02-18,38.22402572631836,56.20000076293945,56.25,55.917999267578125,56.06999969482422,218000
2021-02-19,38.0403938293457,55.93000030517578,56.4900016784668,55.900001525878906,56.4900016784668,161100
2021-02-22,37.95197296142578,55.79999923706055,55.86000061035156,55.63999938964844,55.849998474121094,142300
2021-02-23,37.98596954345703,55.849998474121094,55.9900016784668,55.4900016784668,55.7400016784668,183400
2021-02-24,38.135616302490234,56.06999969482422,56.16999816894531,55.650001525878906,56.04999923706055,147000
2021-02-25,37.741119384765625,55.4900016784668,56.11000061035156,55.400001525878906,55.900001525878906,222600
2021-02-26,37.38747024536133,54.970001220703125,55.79999923706055,54.959999084472656,55.79999923706055,1460500
2021-03-01,38.00249481201172,55.54800033569336,55.84000015258789,55.323001861572266,55.38999938964844,221300
2021-03-02,37.96965026855469,55.5,55.790000915527344,55.380001068115234,55.7599983215332,1939800
2021-03-03,37.620731353759766,54.9900016784668,55.599998474121094,54.90999984741211,55.599998474121094,182200
2021-03-04,37.244468688964844,54.439998626708984,55.209999084472656,53.959999084472656,54.900001525878906,246700
2021-03-05,37.935447692871094,55.45000076293945,55.58000183105469,54.314998626708984,54.90999984741211,162900
2021-03-08,38.09280014038086,55.68000030517578,56.310001373291016,55.45000076293945,55.65999984741211,339900
2021-03-09,38.3527717590332,56.060001373291016,56.400001525878906,56.0,56.189998626708984,186900
2021-03-10,38.61959457397461,56.45000076293945,56.63999938964844,56.11000061035156,56.380001068115234,1115200
2021-03-11,38.75639724731445,56.650001525878906,56.88999938964844,56.54600143432617,56.88999938964844,285200
2021-03-12,38.87955856323242,56.83000183105469,56.86000061035156,56.54999923706055,56.86000061035156,189200
2021-03-15,39.04374694824219,57.06999969482422,57.099998474121094,56.72999954223633,56.970001220703125,172000
2021-03-16,39.112159729003906,57.16999816894531,57.27000045776367,57.06999969482422,57.27000045776367,1059000
2021-03-17,38.9958610534668,57.0,57.2599983215332,56.89699935913086,57.13999938964844,162000
2021-03-18,38.84534454345703,56.779998779296875,57.0099983215332,56.58000183105469,56.58000183105469,125400
2021-03-19,38.749568939208984,56.63999938964844,57.029998779296875,56.560001373291016,57.029998779296875,941900
2021-03-22,39.05060577392578,57.08000183105469,57.15999984741211,56.5,56.5,151900
2021-03-23,39.071109771728516,57.11000061035156,57.380001068115234,57.03499984741211,57.220001220703125,211800
2021-03-24,39.112159729003906,57.16999816894531,57.47999954223633,57.15999984741211,57.40999984741211,291500
2021-03-25,39.269527435302734,57.400001525878906,57.45800018310547,56.90999984741211,57.22999954223633,253700
2021-03-26,39.7826042175293,58.150001525878906,58.189998626708984,57.40999984741211,57.560001373291016,192900
2021-03-29,39.898902893066406,58.31999969482422,58.38999938964844,57.79999923706055,57.90999984741211,226700
2021-03-30,39.73473358154297,58.08000183105469,58.34000015258789,57.97999954223633,58.34000015258789,202000
2021-03-31,39.7620964050293,58.119998931884766,58.22999954223633,57.90999984741211,58.060001373291016,224900
2021-04-01,39.84331512451172,57.88999938964844,58.02000045776367,57.599998474121094,58.02000045776367,272200
2021-04-05,40.084197998046875,58.2400016784668,58.36000061035156,58.0099983215332,58.09000015258789,567400
2021-04-06,40.0015983581543,58.119998931884766,58.310001373291016,58.0,58.310001373291016,299200
2021-04-07,39.912109375,57.9900016784668,58.220001220703125,57.900001525878906,58.13999938964844,291500
2021-04-08,39.96718978881836,58.06999969482422,58.14799880981445,58.0,58.13999938964844,299300
2021-04-09,40.029136657714844,58.15999984741211,58.18000030517578,58.02000045776367,58.119998931884766,283600
2021-04-12,40.05667495727539,58.20000076293945,58.25,58.119998931884766,58.20000076293945,222900
2021-04-13,40.09107971191406,58.25,58.28099822998047,58.125,58.279998779296875,221300
2021-04-14,40.077308654785156,58.22999954223633,58.29999923706055,58.04999923706055,58.29999923706055,547200
2021-04-15,40.338844299316406,58.61000061035156,58.61000061035156,58.20000076293945,58.22999954223633,244400
2021-04-16,40.4833869934082,58.81999969482422,58.900001525878906,58.689998626708984,58.7599983215332,221600
2021-04-19,40.490264892578125,58.83000183105469,58.9900016784668,58.709999084472656,58.9900016784668,585000
2021-04-20,40.60038375854492,58.9900016784668,59.027000427246094,58.80799865722656,58.86000061035156,420600
2021-04-21,40.66922378540039,59.09000015258789,59.189998626708984,59.03799819946289,59.189998626708984,451000
2021-04-22,40.593509674072266,58.97999954223633,59.189998626708984,58.849998474121094,59.189998626708984,445100
2021-04-23,40.68986129760742,59.119998931884766,59.220001220703125,58.95000076293945,59.13999938964844,362800
2021-04-26,40.45586013793945,58.779998779296875,59.20000076293945,58.720001220703125,59.20000076293945,488700
2021-04-27,40.614166259765625,59.0099983215332,59.06999969482422,58.779998779296875,58.779998779296875,218000
2021-04-28,40.586639404296875,58.970001220703125,59.150001525878906,58.900001525878906,59.130001068115234,278900
2021-04-29,40.8068733215332,59.290000915527344,59.34000015258789,59.0,59.0,337500
2021-04-30,40.79310607910156,59.27000045776367,59.380001068115234,59.13999938964844,59.380001068115234,289900
2021-05-03,41.066009521484375,59.290000915527344,59.369998931884766,59.13999938964844,59.27000045776367,290200
2021-05-04,41.086788177490234,59.31999969482422,59.33000183105469,59.09000015258789,59.25,268400
2021-05-05,41.07293701171875,59.29999923706055,59.47999954223633,59.20000076293945,59.47999954223633,309600
2021-05-06,41.25993728637695,59.56999969482422,59.720001220703125,59.36000061035156,59.439998626708984,1195200
2021-05-07,41.49543380737305,59.90999984741211,59.95000076293945,59.68000030517578,59.83000183105469,418100
2021-05-10,41.578548431396484,60.029998779296875,60.290000915527344,59.95000076293945,60.09000015258789,366700
2021-05-11,41.287628173828125,59.61000061035156,59.862998962402344,59.400001525878906,59.81999969482422,490200
2021-05-12,40.67812728881836,58.72999954223633,59.4900016784668,58.70000076293945,59.4900016784668,1524000
2021-05-13,41.100624084472656,59.34000015258789,59.5,58.790000915527344,58.849998474121094,1345600
2021-05-14,41.516212463378906,59.939998626708984,60.04499816894531,59.547000885009766,59.709999084472656,1289700
2021-05-17,41.4538688659668,59.849998474121094,60.071998596191406,59.689998626708984,59.91999816894531,359200
2021-05-18,41.176815032958984,59.45000076293945,60.04999923706055,59.45000076293945,60.04999923706055,474200
2021-05-19,41.059078216552734,59.279998779296875,59.279998779296875,58.70000076293945,59.18000030517578,340400
2021-05-20,41.349979400634766,59.70000076293945,59.849998474121094,59.279998779296875,59.279998779296875,335100
2021-05-21,41.349979400634766,59.70000076293945,60.029998779296875,59.58000183105469,59.900001525878906,223600
2021-05-24,41.543914794921875,59.97999954223633,60.119998931884766,59.90999984741211,60.06999969482422,446800
2021-05-25,41.460792541503906,59.86000061035156,60.189998626708984,59.80500030517578,60.189998626708984,292300
2021-05-26,41.49543380737305,59.90999984741211,60.02000045776367,59.79999923706055,60.02000045776367,362800
2021-05-27,41.41231918334961,59.790000915527344,60.04999923706055,59.779998779296875,60.04999923706055,469400
2021-05-28,41.5092887878418,59.93000030517578,60.09000015258789,59.90999984741211,60.04999923706055,310800
2021-06-01,41.28926467895508,59.29999923706055,59.88999938964844,59.18000030517578,59.88999938964844,529200
2021-06-02,41.51206588745117,59.619998931884766,59.70000076293945,59.40999984741211,59.41999816894531,331800
2021-06-03,41.581687927246094,59.720001220703125,59.7599983215332,59.29999923706055,59.31999969482422,290700
2021-06-04,41.7279167175293,59.93000030517578,59.939998626708984,59.68000030517578,59.68000030517578,279000
2021-06-07,41.672218322753906,59.849998474121094,60.02000045776367,59.790000915527344,60.02000045776367,799300
2021-06-08,41.64436340332031,59.810001373291016,59.97999954223633,59.63999938964844,59.970001220703125,509200
2021-06-09,41.63739776611328,59.79999923706055,59.939998626708984,59.75,59.75,424800
2021-06-10,41.75576400756836,59.970001220703125,60.040000915527344,59.810001373291016,59.95000076293945,468800
2021-06-11,41.81843185424805,60.060001373291016,60.099998474121094,59.86000061035156,60.040000915527344,320800
2021-06-14,41.853233337402344,60.11000061035156,60.150001525878906,59.89799880981445,60.150001525878906,377500
2021-06-15,41.88109588623047,60.150001525878906,60.2400016784668,60.0099983215332,60.060001373291016,331500
2021-06-16,41.68613815307617,59.869998931884766,60.24700164794922,59.7599983215332,60.099998474121094,421400
2021-06-17,41.658287048339844,59.83000183105469,60.09400177001953,59.61000061035156,60.0,433200
2021-06-18,41.33104705810547,59.36000061035156,59.7400016784668,59.33000183105469,59.689998626708984,441500
2021-06-21,41.76970291137695,59.9900016784668,60.0099983215332,59.43000030517578,59.5,487700
2021-06-22,41.860206604003906,60.119998931884766,60.22999954223633,59.939998626708984,60.060001373291016,432800
2021-06-23,41.7279167175293,59.93000030517578,60.119998931884766,59.93000030517578,60.11000061035156,379300
2021-06-24,41.943756103515625,60.2400016784668,60.27000045776367,60.099998474121094,60.20000076293945,474900
2021-06-25,42.18049240112305,60.58000183105469,60.58000183105469,60.279998779296875,60.290000915527344,402600
2021-06-28,42.17353439331055,60.56999969482422,60.720001220703125,60.4900016784668,60.720001220703125,457600
2021-06-29,42.18049240112305,60.58000183105469,60.7400016784668,60.560001373291016,60.7400016784668,451400
2021-06-30,42.17353439331055,60.56999969482422,60.65999984741211,60.5,60.65999984741211,480100
2021-07-01,42.366268157958984,60.45000076293945,60.4900016784668,60.220001220703125,60.349998474121094,383400
2021-07-02,42.471405029296875,60.599998474121094,60.630001068115234,60.43000030517578,60.560001373291016,292800
2021-07-06,42.49241256713867,60.630001068115234,60.650001525878906,60.31999969482422,60.650001525878906,408500
2021-07-07,42.70266342163086,60.93000030517578,60.970001220703125,60.58000183105469,60.70000076293945,549300
2021-07-08,42.60455322265625,60.790000915527344,60.86000061035156,60.599998474121094,60.75,3668700
2021-07-09,42.67463684082031,60.88999938964844,60.95000076293945,60.79999923706055,60.95000076293945,969200
2021-07-12,42.709678649902344,60.939998626708984,60.970001220703125,60.79999923706055,60.95000076293945,517500
2021-07-13,42.68165588378906,60.900001525878906,61.040000915527344,60.845001220703125,61.040000915527344,468800
2021-07-14,42.793785095214844,61.060001373291016,61.11000061035156,60.880001068115234,61.0099983215332,452300
2021-07-15,42.905921936035156,61.220001220703125,61.2400016784668,60.900001525878906,61.0,521300
2021-07-16,42.93394470214844,61.2599983215332,61.400001525878906,61.220001220703125,61.400001525878906,514100
2021-07-19,42.576515197753906,60.75,61.0,60.44200134277344,60.95000076293945,916400
2021-07-20,42.8848991394043,61.189998626708984,61.27000045776367,60.7400016784668,60.849998474121094,593700
2021-07-21,42.89190673828125,61.20000076293945,61.290000915527344,61.130001068115234,61.189998626708984,1187800
2021-07-22,42.94095230102539,61.27000045776367,61.400001525878906,61.029998779296875,61.349998474121094,431200
2021-07-23,43.256343841552734,61.720001220703125,61.77000045776367,61.349998474121094,61.400001525878906,1379300
2021-07-26,43.193275451660156,61.630001068115234,61.75,61.400001525878906,61.75,967300
2021-07-27,43.256343841552734,61.720001220703125,61.7400016784668,61.29999923706055,61.68000030517578,813600
2021-07-28,43.095149993896484,61.4900016784668,61.81999969482422,61.40999984741211,61.81999969482422,937900
2021-07-29,43.200279235839844,61.63999938964844,61.72999954223633,61.595001220703125,61.70000076293945,742500
2021-07-30,43.256343841552734,61.720001220703125,61.83000183105469,61.599998474121094,61.61000061035156,816700
2021-08-02,43.233116149902344,61.43000030517578,61.720001220703125,61.369998931884766,61.720001220703125,630000
2021-08-03,43.451297760009766,61.7400016784668,61.75,61.45000076293945,61.619998931884766,667500
2021-08-04,43.28237533569336,61.5,61.7400016784668,61.41999816894531,61.720001220703125,630300
2021-08-05,43.40203094482422,61.66999816894531,61.75,61.4900016784668,61.75,587700
2021-08-06,43.444252014160156,61.72999954223633,61.78300094604492,61.630001068115234,61.7400016784668,738700
2021-08-09,43.45832443237305,61.75,61.84000015258789,61.70000076293945,61.83000183105469,673000
2021-08-10,43.54277801513672,61.869998931884766,61.900001525878906,61.7400016784668,61.849998474121094,863200
2021-08-11,43.655391693115234,62.029998779296875,62.060001373291016,61.95000076293945,62.0,720300
2021-08-12,43.66242218017578,62.040000915527344,62.09000015258789,61.900001525878906,62.09000015258789,599000
2021-08-13,43.76799011230469,62.189998626708984,62.20000076293945,62.04999923706055,62.11000061035156,505500
2021-08-16,44.02839279174805,62.560001373291016,62.569000244140625,62.11000061035156,62.220001220703125,992600
2021-08-17,43.99319839477539,62.5099983215332,62.52000045776367,62.2400016784668,62.41999816894531,695400
2021-08-18,43.71168899536133,62.11000061035156,62.560001373291016,62.040000915527344,62.47999954223633,961800
2021-08-19,43.80318069458008,62.2400016784668,62.33000183105469,61.7599983215332,61.86000061035156,605300
2021-08-20,43.98616027832031,62.5,62.54999923706055,62.150001525878906,62.25,658900
2021-08-23,44.0424690246582,62.58000183105469,62.76900100708008,62.54999923706055,62.650001525878906,1646700
2021-08-24,43.915775299072266,62.400001525878906,62.66999816894531,62.36000061035156,62.66999816894531,1057500
2021-08-25,43.95096969604492,62.45000076293945,62.5,62.290000915527344,62.5,769600
2021-08-26,43.873558044433594,62.34000015258789,62.540000915527344,62.220001220703125,62.540000915527344,1017000
2021-08-27,43.9580192565918,62.459999084472656,62.5,62.28499984741211,62.41999816894531,1058100
2021-08-30,44.07764434814453,62.630001068115234,62.70000076293945,62.540000915527344,62.58000183105469,1278000
2021-08-31,44.007266998291016,62.529998779296875,62.7400016784668,62.439998626708984,62.70000076293945,1160400
2021-09-01,44.04194259643555,62.2400016784668,62.31999969482422,62.02000045776367,62.31999969482422,1145700
2021-09-02,44.17639923095703,62.43000030517578,62.43000030517578,62.2599983215332,62.40999984741211,904600
2021-09-03,44.13394546508789,62.369998931884766,62.46799850463867,62.209999084472656,62.38999938964844,961400
2021-09-07,43.81550598144531,61.91999816894531,62.36000061035156,61.880001068115234,62.36000061035156,1189600
2021-09-08,43.98533248901367,62.15999984741211,62.15999984741211,61.762001037597656,61.880001068115234,921700
2021-09-09,43.744754791259766,61.81999969482422,62.21500015258789,61.779998779296875,62.119998931884766,852100
2021-09-10,43.58200454711914,61.59000015258789,62.0,61.54999923706055,61.9900016784668,763200
2021-09-13,43.55369186401367,61.54999923706055,61.849998474121094,61.27000045776367,61.689998626708984,673900
2021-09-14,43.29896926879883,61.189998626708984,61.75,61.119998931884766,61.56999969482422,720700
2021-09-15,43.58200454711914,61.59000015258789,61.70000076293945,61.11000061035156,61.20000076293945,655000
2021-09-16,43.532466888427734,61.52000045776367,61.650001525878906,61.20000076293945,61.599998474121094,1573900
2021-09-17,43.27771759033203,61.15999984741211,61.630001068115234,61.099998474121094,61.630001068115234,604100
2021-09-20,42.80361557006836,60.4900016784668,60.70399856567383,59.790000915527344,60.40999984741211,1932100
2021-09-21,42.76824188232422,60.439998626708984,60.915000915527344,60.3849983215332,60.70000076293945,1070300
2021-09-22,42.952232360839844,60.70000076293945,60.959999084472656,60.5099983215332,60.72999954223633,785600
2021-09-23,43.27771759033203,61.15999984741211,61.38999938964844,60.90999984741211,60.97999954223633,705800
2021-09-24,43.2848014831543,61.16999816894531,61.279998779296875,61.029998779296875,61.16999816894531,603500
2021-09-27,43.1078987121582,60.91999816894531,61.220001220703125,60.87799835205078,61.18000030517578,736400
2021-09-28,42.499332427978516,60.060001373291016,60.72999954223633,59.849998474121094,60.72999954223633,1259600
2021-09-29,42.697479248046875,60.34000015258789,60.56800079345703,60.099998474121094,60.29999923706055,619400
2021-09-30,42.18091583251953,59.61000061035156,60.56999969482422,59.59000015258789,60.540000915527344,1021300
2021-10-01,42.5175666809082,59.7400016784668,59.91999816894531,58.93000030517578,59.560001373291016,907100
2021-10-04,42.23287582397461,59.34000015258789,59.790000915527344,58.95000076293945,59.709999084472656,960600
2021-10-05,42.54602813720703,59.779998779296875,60.0099983215332,59.31999969482422,59.400001525878906,638700
2021-10-06,42.723960876464844,60.029998779296875,60.029998779296875,59.29999923706055,59.5,611600
2021-10-07,43.00862121582031,60.43000030517578,60.7599983215332,60.349998474121094,60.5099983215332,667000
2021-10-08,42.908992767333984,60.290000915527344,60.58000183105469,60.209999084472656,60.58000183105469,709300
2021-10-11,42.71684265136719,60.02000045776367,60.5,60.0099983215332,60.36000061035156,519600
2021-10-12,42.6812629699707,59.970001220703125,60.189998626708984,59.849998474121094,60.15999984741211,806300
2021-10-13,42.8947639465332,60.27000045776367,60.38999938964844,59.7599983215332,60.18000030517578,715100
2021-10-14,43.378726959228516,60.95000076293945,61.0,60.529998779296875,60.560001373291016,1114200
2021-10-15,43.578006744384766,61.22999954223633,61.290000915527344,61.05099868774414,61.099998474121094,656600
2021-10-18,43.52819061279297,61.15999984741211,61.2599983215332,60.939998626708984,61.099998474121094,860300
2021-10-19,43.72746658325195,61.439998626708984,61.439998626708984,61.19499969482422,61.369998931884766,819000
2021-10-20,43.912513732910156,61.70000076293945,61.72999954223633,61.439998626708984,61.560001373291016,1690200
2021-10-21,43.983680725097656,61.79999923706055,61.79999923706055,61.54999923706055,61.75,750100
2021-10-22,44.15449905395508,62.040000915527344,62.04999923706055,61.79999923706055,61.83000183105469,675400
2021-10-25,44.16160583496094,62.04999923706055,62.119998931884766,61.810001373291016,62.11000061035156,883000
2021-10-26,44.182960510253906,62.08000183105469,62.16999816894531,61.970001220703125,62.13999938964844,842300
2021-10-27,43.96232986450195,61.77000045776367,62.130001068115234,61.709999084472656,62.130001068115234,1054400
2021-10-28,44.11178207397461,61.97999954223633,61.97999954223633,61.73500061035156,61.79999923706055,1453100
2021-10-29,44.11178207397461,61.97999954223633,62.06999969482422,61.84000015258789,61.970001220703125,1113600
2021-11-01,43.994380950927734,61.45000076293945,61.720001220703125,61.38999938964844,61.70000076293945,888000
2021-11-02,44.10176086425781,61.599998474121094,61.650001525878906,61.45000076293945,61.45000076293945,805400
2021-11-03,44.16619110107422,61.689998626708984,61.689998626708984,61.470001220703125,61.54999923706055,664700
2021-11-04,44.15187454223633,61.66999816894531,61.70000076293945,61.5,61.66999816894531,873200
2021-11-05,44.05881118774414,61.540000915527344,61.68199920654297,61.45000076293945,61.68000030517578,1098700
2021-11-08,43.958580017089844,61.400001525878906,61.63999938964844,61.18000030517578,61.540000915527344,1197100
2021-11-09,44.06597137451172,61.54999923706055,61.54999923706055,61.29999923706055,61.400001525878906,828400
2021-11-10,44.16619110107422,61.689998626708984,61.720001220703125,61.529998779296875,61.529998779296875,730700
2021-11-11,44.15187454223633,61.66999816894531,61.775001525878906,61.58000183105469,61.7599983215332,630000
2021-11-12,44.3594970703125,61.959999084472656,62.0,61.75,61.849998474121094,694000
2021-11-15,44.388145446777344,62.0,62.09000015258789,61.90999984741211,62.029998779296875,809700
2021-11-16,44.431087493896484,62.060001373291016,62.209999084472656,62.0,62.0,1015800
2021-11-17,44.309383392333984,61.88999938964844,62.029998779296875,61.720001220703125,62.0,769200
2021-11-18,44.19484329223633,61.72999954223633,61.97999954223633,61.70000076293945,61.93000030517578,782000
2021-11-19,44.1375732421875,61.650001525878906,61.869998931884766,61.60499954223633,61.869998931884766,737400
2021-11-22,44.16619110107422,61.689998626708984,61.89699935913086,61.599998474121094,61.77000045776367,809900
2021-11-23,44.309383392333984,61.88999938964844,61.93000030517578,61.61000061035156,61.66999816894531,669500
2021-11-24,44.330875396728516,61.91999816894531,61.95000076293945,61.709999084472656,61.90999984741211,561300
2021-11-26,43.9299430847168,61.36000061035156,61.67499923706055,61.18000030517578,61.54999923706055,877600
2021-11-29,44.06597137451172,61.54999923706055,61.75,61.380001068115234,61.529998779296875,1561600
2021-11-30,43.36435317993164,60.56999969482422,61.43000030517578,60.459999084472656,61.43000030517578,1864700
2021-12-01,42.991859436035156,59.66999816894531,60.93000030517578,59.65999984741211,60.869998931884766,1622600
2021-12-02,43.5754508972168,60.47999954223633,60.689998626708984,59.70000076293945,59.86000061035156,752100
2021-12-03,43.697940826416016,60.650001525878906,60.86899948120117,60.06999969482422,60.63999938964844,1086500
2021-12-06,44.13743591308594,61.2599983215332,61.375999450683594,60.821998596191406,60.97999954223633,947100
2021-12-07,44.62737274169922,61.939998626708984,61.97999954223633,61.52000045776367,61.58000183105469,668700
2021-12-08,44.55532455444336,61.84000015258789,61.9900016784668,61.58000183105469,61.9900016784668,541300
2021-12-09,44.52650451660156,61.79999923706055,61.95399856567383,61.709999084472656,61.849998474121094,617000
2021-12-10,44.81470489501953,62.20000076293945,62.20000076293945,61.900001525878906,61.9900016784668,644000
2021-12-13,44.92998504638672,62.36000061035156,62.41999816894531,62.04999923706055,62.2599983215332,1324600
2021-12-14,44.67061233520508,62.0,62.25,61.6510009765625,61.939998626708984,2420600
2021-12-15,45.1605339050293,62.68000030517578,62.68000030517578,61.779998779296875,61.779998779296875,2323000
2021-12-16,45.333457946777344,62.91999816894531,63.130001068115234,62.75,62.779998779296875,4422500
2021-12-17,44.85072326660156,62.25,62.88999938964844,62.25,62.83000183105469,1361000
2021-12-20,44.504886627197266,61.77000045776367,61.81999969482422,61.2400016784668,61.77000045776367,1061700
2021-12-21,44.872337341308594,62.279998779296875,62.34600067138672,61.849998474121094,62.20000076293945,779200
2021-12-22,45.08848571777344,62.58000183105469,62.59000015258789,62.15999984741211,62.15999984741211,2011000
2021-12-23,45.26142120361328,62.81999969482422,62.959999084472656,62.62099838256836,62.70000076293945,739800
2021-12-27,45.621646881103516,63.31999969482422,63.31999969482422,62.95000076293945,63.0,899600
2021-12-28,45.64326477050781,63.349998474121094,63.43000030517578,63.16999816894531,63.349998474121094,1666400
2021-12-29,45.830596923828125,63.61000061035156,63.67399978637695,63.380001068115234,63.4900016784668,1287600
2021-12-30,45.771812438964844,63.06999969482422,63.349998474121094,63.029998779296875,63.349998474121094,1034400
2021-12-31,45.8588981628418,63.189998626708984,63.31999969482422,62.9900016784668,63.130001068115234,902300
2022-01-03,45.655704498291016,62.90999984741211,63.29999923706055,62.59000015258789,63.20000076293945,1058000
2022-01-04,45.75004959106445,63.040000915527344,63.15999984741211,62.869998931884766,62.970001220703125,1159700
2022-01-05,45.64118576049805,62.88999938964844,63.38999938964844,62.849998474121094,63.09000015258789,1356000
2022-01-06,45.546836853027344,62.7599983215332,62.97999954223633,62.650001525878906,62.900001525878906,1619500
2022-01-07,45.40169906616211,62.560001373291016,62.720001220703125,62.439998626708984,62.720001220703125,1403600
2022-01-10,45.30735397338867,62.43000030517578,62.46900177001953,61.75,62.31999969482422,1696700
2022-01-11,45.40895080566406,62.56999969482422,62.599998474121094,61.87799835205078,62.5,1331900
2022-01-12,45.51780700683594,62.720001220703125,62.849998474121094,62.59000015258789,62.66999816894531,1724100
2022-01-13,45.31460952758789,62.439998626708984,62.900001525878906,62.31999969482422,62.84000015258789,2509400
2022-01-14,45.133182525634766,62.189998626708984,62.22999954223633,61.70600128173828,62.220001220703125,1964300
2022-01-18,44.59613800048828,61.45000076293945,61.847999572753906,61.31999969482422,61.7400016784668,1973800
2022-01-19,44.39292907714844,61.16999816894531,61.83000183105469,61.13999938964844,61.66999816894531,1784100
2022-01-20,44.051841735839844,60.70000076293945,61.849998474121094,60.61000061035156,61.33000183105469,1614600
2022-01-21,43.594627380371094,60.06999969482422,61.04499816894531,60.0,60.5,2032000
2022-01-24,43.73251724243164,60.2599983215332,60.33000183105469,58.380001068115234,59.599998474121094,3405700
2022-01-25,43.246280670166016,59.59000015258789,60.099998474121094,58.724998474121094,59.540000915527344,2016500
2022-01-26,43.006778717041016,59.2599983215332,60.310001373291016,58.79999923706055,60.060001373291016,1999800
2022-01-27,43.01404571533203,59.27000045776367,60.2400016784668,59.040000915527344,59.689998626708984,1806100
2022-01-28,43.812347412109375,60.369998931884766,60.400001525878906,58.79999923706055,59.33000183105469,1262600
2022-01-31,44.26229476928711,60.9900016784668,60.9900016784668,60.060001373291016,60.29999923706055,1357200
2022-02-01,44.39521408081055,60.790000915527344,60.893001556396484,60.277000427246094,60.75,1543700
2022-02-02,44.89182662963867,61.470001220703125,61.59000015258789,60.86600112915039,60.97999954223633,2077100
2022-02-03,44.49014663696289,60.91999816894531,61.36000061035156,60.849998474121094,61.20000076293945,1906600
2022-02-04,44.27836990356445,60.630001068115234,60.9900016784668,60.15999984741211,60.7599983215332,1789700
2022-02-07,44.11040115356445,60.400001525878906,60.77000045776367,60.310001373291016,60.75,1137600
2022-02-08,44.39521408081055,60.790000915527344,60.86800003051758,60.349998474121094,60.560001373291016,2423300
2022-02-09,44.77497482299805,61.310001373291016,61.37900161743164,61.04999923706055,61.130001068115234,3341800
2022-02-10,44.18342590332031,60.5,61.20000076293945,60.29999923706055,60.959999084472656,1492800
2022-02-11,43.73064422607422,59.880001068115234,60.73899841308594,59.68000030517578,60.5099983215332,2048100
2022-02-14,43.60648727416992,59.709999084472656,59.99800109863281,59.29600143432617,59.790000915527344,966800
2022-02-15,43.92782211303711,60.150001525878906,60.439998626708984,59.92499923706055,60.2599983215332,969000
2022-02-16,44.044673919677734,60.310001373291016,60.459999084472656,59.81999969482422,60.029998779296875,1149400
2022-02-17,43.61378860473633,59.720001220703125,60.189998626708984,59.58000183105469,60.0,1127000
2022-02-18,43.48234558105469,59.540000915527344,59.900001525878906,59.34000015258789,59.68000030517578,988800
2022-02-22,43.13179397583008,59.060001373291016,59.689998626708984,58.790000915527344,59.29999923706055,1069600
2022-02-23,42.598670959472656,58.33000183105469,59.500999450683594,58.29999923706055,59.41999816894531,2957500
2022-02-24,42.861568450927734,58.689998626708984,58.749000549316406,57.08000183105469,57.33000183105469,3438400
2022-02-25,43.840187072753906,60.029998779296875,60.060001373291016,58.880001068115234,59.0,3125400
2022-02-28,43.716033935546875,59.86000061035156,59.939998626708984,59.20800018310547,59.650001525878906,1729100
2022-03-01,43.26854705810547,58.790000915527344,59.44499969482422,58.459999084472656,59.349998474121094,1510900
2022-03-02,43.80582046508789,59.52000045776367,59.7400016784668,58.86000061035156,58.939998626708984,913500
2022-03-03,43.96038055419922,59.72999954223633,60.099998474121094,59.564998626708984,59.86000061035156,1979000
2022-03-04,44.056053161621094,59.86000061035156,59.86000061035156,59.20000076293945,59.560001373291016,2045700
2022-03-07,43.32743453979492,58.869998931884766,59.86000061035156,58.7400016784668,59.650001525878906,1768500
2022-03-08,42.76808166503906,58.11000061035156,59.22800064086914,58.05500030517578,58.79999923706055,1687200
2022-03-09,43.356876373291016,58.90999984741211,59.20000076293945,58.611000061035156,58.88999938964844,1140900
2022-03-10,43.312721252441406,58.849998474121094,59.0359992980957,58.400001525878906,58.5099983215332,2049800
2022-03-11,43.15815353393555,58.63999938964844,59.47999954223633,58.560001373291016,59.43000030517578,1217500
2022-03-14,43.209678649902344,58.709999084472656,59.39099884033203,58.58000183105469,58.900001525878906,1193300
2022-03-15,43.879432678222656,59.619998931884766,59.68000030517578,58.95000076293945,59.0,1360300
2022-03-16,44.247413635253906,60.119998931884766,60.209999084472656,59.310001373291016,60.0,1426800
2022-03-17,44.67429733276367,60.70000076293945,60.70000076293945,60.04999923706055,60.15999984741211,1214400
2022-03-18,44.82149124145508,60.900001525878906,60.95000076293945,60.4640007019043,60.68000030517578,1308300
2022-03-21,44.79206085205078,60.86000061035156,61.141998291015625,60.689998626708984,60.97999954223633,1654900
2022-03-22,44.90980529785156,61.02000045776367,61.14899826049805,60.90599822998047,61.06999969482422,1511200
2022-03-23,44.66691970825195,60.689998626708984,61.0,60.630001068115234,61.0,1574200
2022-03-24,44.902435302734375,61.0099983215332,61.0099983215332,60.75,60.91999816894531,2313700
2022-03-25,45.11587905883789,61.29999923706055,61.29999923706055,61.0,61.189998626708984,1430700
2022-03-28,45.255714416503906,61.4900016784668,61.4900016784668,61.189998626708984,61.31999969482422,1854500
2022-03-29,45.33666229248047,61.599998474121094,61.779998779296875,61.41999816894531,61.779998779296875,2442900
2022-03-30,45.33666229248047,61.599998474121094,61.62699890136719,61.43000030517578,61.56999969482422,2166900
2022-03-31,45.18946838378906,61.400001525878906,61.900001525878906,61.27000045776367,61.689998626708984,2834500
2022-04-01,45.33660125732422,61.0099983215332,61.13999938964844,60.709999084472656,61.0,1874300
2022-04-04,45.21772384643555,60.849998474121094,61.1150016784668,60.689998626708984,61.1150016784668,2005600
2022-04-05,45.29201889038086,60.95000076293945,61.25,60.900001525878906,60.939998626708984,2110100
2022-04-06,45.641265869140625,61.41999816894531,61.45000076293945,60.849998474121094,61.0,1706300
2022-04-07,45.84934616088867,61.70000076293945,61.7599983215332,61.25,61.41999816894531,2823400
2022-04-08,45.92366027832031,61.79999923706055,61.92900085449219,61.5099983215332,61.810001373291016,2122000
2022-04-11,45.58182144165039,61.34000015258789,61.86000061035156,61.2599983215332,61.790000915527344,2682700
2022-04-12,45.41835021972656,61.119998931884766,61.68000030517578,61.040000915527344,61.58000183105469,2587500
2022-04-13,45.693302154541016,61.4900016784668,61.529998779296875,61.060001373291016,61.27000045776367,1990500
2022-04-14,45.559539794921875,61.310001373291016,61.709999084472656,61.27000045776367,61.54999923706055,3309900
2022-04-18,45.455509185791016,61.16999816894531,61.5,60.939998626708984,61.31999969482422,2068200
2022-04-19,45.84934616088867,61.70000076293945,61.79999923706055,61.189998626708984,61.189998626708984,2176700
2022-04-20,46.24319839477539,62.22999954223633,62.38999938964844,61.959999084472656,62.0,1782800
2022-04-21,45.841915130615234,61.689998626708984,62.599998474121094,61.61000061035156,62.5,2698000
2022-04-22,44.74955749511719,60.220001220703125,61.65999984741211,60.15999984741211,61.599998474121094,3103000
2022-04-25,44.91303253173828,60.439998626708984,60.560001373291016,59.310001373291016,60.0099983215332,2748200
2022-04-26,44.043609619140625,59.27000045776367,60.349998474121094,59.25,60.279998779296875,2544000
2022-04-27,44.19965362548828,59.47999954223633,60.04999923706055,59.270999908447266,59.4900016784668,2191100
2022-04-28,44.816444396972656,60.310001373291016,60.4900016784668,59.439998626708984,59.790000915527344,3348100
2022-04-29,43.53087615966797,58.58000183105469,60.04999923706055,58.529998779296875,60.0,3134300
2022-05-02,43.35708236694336,57.880001068115234,58.42599868774414,56.959999084472656,58.189998626708984,2874700
2022-05-03,43.56682586669922,58.15999984741211,58.54499816894531,57.83000183105469,58.099998474121094,1862900
2022-05-04,44.450748443603516,59.34000015258789,59.3849983215332,57.95000076293945,58.18000030517578,2816500
2022-05-05,43.521873474121094,58.099998474121094,59.17900085449219,57.68000030517578,59.119998931884766,2959200
2022-05-06,43.29716110229492,57.79999923706055,58.02000045776367,57.119998931884766,57.779998779296875,3047400
2022-05-09,42.49563980102539,56.72999954223633,57.28200149536133,56.54999923706055,57.189998626708984,3203700
2022-05-10,42.3458137512207,56.529998779296875,57.380001068115234,56.119998931884766,57.25,6093000
2022-05-11,42.136077880859375,56.25,57.24300003051758,56.20000076293945,56.439998626708984,3283600
2022-05-12,42.188507080078125,56.31999969482422,56.47999954223633,55.599998474121094,56.0,2819300
2022-05-13,42.765289306640625,57.09000015258789,57.20000076293945,56.5,56.689998626708984,2136500
2022-05-16,42.907623291015625,57.279998779296875,57.5989990234375,56.900001525878906,57.06999969482422,1738500
2022-05-17,43.3121452331543,57.81999969482422,57.869998931884766,57.369998931884766,57.779998779296875,1906500
2022-05-18,41.94879913330078,56.0,57.5,55.849998474121094,57.459999084472656,3198300
2022-05-19,41.70909881591797,55.68000030517578,56.1609992980957,55.290000915527344,55.599998474121094,2581200
2022-05-20,41.798980712890625,55.79999923706055,56.130001068115234,54.900001525878906,56.11000061035156,2600100
2022-05-23,42.47316360473633,56.70000076293945,56.82500076293945,56.11899948120117,56.290000915527344,2270100
2022-05-24,42.645450592041016,56.93000030517578,57.07500076293945,56.05500030517578,56.439998626708984,1835500
2022-05-25,42.74283981323242,57.060001373291016,57.2400016784668,56.619998931884766,56.90999984741211,1999800
2022-05-26,43.214759826660156,57.689998626708984,57.83100128173828,57.31999969482422,57.31999969482422,1999900
2022-05-27,43.821510314941406,58.5,58.5,57.861000061035156,57.869998931884766,2096700
2022-05-31,43.49940872192383,58.06999969482422,58.43299865722656,57.81999969482422,58.2400016784668,4628800
2022-06-01,43.292320251464844,57.279998779296875,57.790000915527344,56.959999084472656,57.68000030517578,2259200
2022-06-02,43.594635009765625,57.68000030517578,57.755001068115234,56.90999984741211,57.33000183105469,1565900
2022-06-03,43.511497497558594,57.56999969482422,57.73899841308594,57.470001220703125,57.54999923706055,1510700
2022-06-06,43.60974884033203,57.70000076293945,58.0,57.599998474121094,57.90999984741211,1913100
2022-06-07,43.87429428100586,58.04999923706055,58.04999923706055,57.33000183105469,57.33000183105469,1405700
2022-06-08,43.511497497558594,57.56999969482422,57.97999954223633,57.45000076293945,57.97999954223633,1759100
2022-06-09,42.929527282714844,56.79999923706055,57.683998107910156,56.75,57.5,1664800
2022-06-10,42.166168212890625,55.790000915527344,56.25,55.619998931884766,56.25,2520700
2022-06-13,40.881309509277344,54.09000015258789,54.900001525878906,53.849998474121094,54.70000076293945,2898100
2022-06-14,40.631900787353516,53.7599983215332,54.42499923706055,53.29999923706055,54.33000183105469,2455900
2022-06-15,40.87375259399414,54.08000183105469,54.729000091552734,53.380001068115234,54.209999084472656,2114200
2022-06-16,39.95167541503906,52.86000061035156,53.327999114990234,52.61000061035156,53.2599983215332,2424800
2022-06-17,39.98945999145508,52.90999984741211,53.30500030517578,52.540000915527344,53.0099983215332,2727200
2022-06-21,40.90398406982422,54.119998931884766,54.29999923706055,53.54999923706055,53.619998931884766,1686300
2022-06-22,41.040016174316406,54.29999923706055,54.7400016784668,53.560001373291016,53.56999969482422,1884800
2022-06-23,41.4859504699707,54.88999938964844,54.939998626708984,54.31999969482422,54.47999954223633,1728000
2022-06-24,42.415584564208984,56.119998931884766,56.150001525878906,55.13999938964844,55.20000076293945,1694600
2022-06-27,42.4760627746582,56.20000076293945,56.380001068115234,56.02899932861328,56.2599983215332,2084400
2022-06-28,41.91676330566406,55.459999084472656,56.650001525878906,55.400001525878906,56.36000061035156,2178200
2022-06-29,41.969661712646484,55.529998779296875,55.702999114990234,55.29999923706055,55.54999923706055,2061400
2022-06-30,41.909210205078125,55.45000076293945,55.79999923706055,54.9010009765625,55.09000015258789,2568000
2022-07-01,42.422080993652344,55.5,55.58000183105469,54.68000030517578,54.77000045776367,1809800
2022-07-05,42.12398147583008,55.11000061035156,55.15999984741211,54.29999923706055,54.90999984741211,2796300
2022-07-06,42.383880615234375,55.45000076293945,55.75,55.060001373291016,55.25,1804600
2022-07-07,42.52910232543945,55.63999938964844,55.869998931884766,55.45000076293945,55.75,2060900
2022-07-08,42.445011138916016,55.529998779296875,55.84000015258789,55.470001220703125,55.63999938964844,2530700
2022-07-11,42.51380920410156,55.619998931884766,55.779998779296875,55.439998626708984,55.459999084472656,1717600
2022-07-12,42.21571350097656,55.22999954223633,55.689998626708984,55.02000045776367,55.5,2123000
2022-07-13,41.95582580566406,54.88999938964844,55.34000015258789,54.65999984741211,54.79999923706055,3088900
2022-07-14,41.95582580566406,54.88999938964844,54.91999816894531,54.20000076293945,54.66999816894531,2471400
2022-07-15,42.445011138916016,55.529998779296875,55.6349983215332,55.220001220703125,55.220001220703125,2629500
2022-07-18,42.18513870239258,55.189998626708984,56.005001068115234,55.06999969482422,56.0,2782900
2022-07-19,42.71253967285156,55.880001068115234,55.97999954223633,55.470001220703125,55.52000045776367,2361400
2022-07-20,42.62846374511719,55.77000045776367,55.96699905395508,55.58700180053711,55.91999816894531,2338600
2022-07-21,42.842491149902344,56.04999923706055,56.04999923706055,55.630001068115234,55.779998779296875,2081800
2022-07-22,42.95714569091797,56.20000076293945,56.29800033569336,56.02000045776367,56.130001068115234,3578000
2022-07-25,43.194095611572266,56.5099983215332,56.56999969482422,56.23899841308594,56.290000915527344,1953100
2022-07-26,43.18644332885742,56.5,56.56999969482422,56.30099868774414,56.459999084472656,2247900
2022-07-27,43.36989212036133,56.7400016784668,56.849998474121094,56.422000885009766,56.650001525878906,2795200
2022-07-28,43.82087326049805,57.33000183105469,57.38999938964844,56.689998626708984,56.83000183105469,3044200
2022-07-29,43.897308349609375,57.43000030517578,57.4900016784668,57.22999954223633,57.279998779296875,4366400
2022-08-01,43.739261627197266,56.72999954223633,56.81999969482422,56.5,56.720001220703125,2648000
2022-08-02,43.5542106628418,56.4900016784668,56.709999084472656,56.439998626708984,56.540000915527344,2482500
2022-08-03,43.6929817199707,56.66999816894531,56.79999923706055,56.459999084472656,56.58000183105469,3245500
2022-08-04,43.70840835571289,56.689998626708984,56.79399871826172,56.560001373291016,56.63999938964844,2555500
2022-08-05,43.80093002319336,56.810001373291016,56.83000183105469,56.42499923706055,56.47999954223633,2825200
2022-08-08,43.93971252441406,56.9900016784668,57.09600067138672,56.85499954223633,56.93000030517578,2375600
2022-08-09,44.03993606567383,57.119998931884766,57.18000030517578,56.97999954223633,56.9900016784668,2136000
2022-08-10,44.217281341552734,57.349998474121094,57.41999816894531,57.220001220703125,57.34000015258789,5960300
2022-08-11,44.17873001098633,57.29999923706055,57.59000015258789,57.2400016784668,57.5099983215332,3273900
2022-08-12,44.42545700073242,57.619998931884766,57.619998931884766,57.31999969482422,57.400001525878906,8705500
2022-08-15,44.541099548339844,57.77000045776367,57.77000045776367,57.5,57.529998779296875,2430800
2022-08-16,44.58736038208008,57.83000183105469,57.88999938964844,57.650001525878906,57.72999954223633,2865300
2022-08-17,44.49482727050781,57.709999084472656,57.790000915527344,57.560001373291016,57.650001525878906,2691200
2022-08-18,44.58736038208008,57.83000183105469,57.849998474121094,57.68000030517578,57.7599983215332,2376600
2022-08-19,44.5565185546875,57.790000915527344,57.849998474121094,57.650001525878906,57.65999984741211,3008500
2022-08-22,44.24812316894531,57.38999938964844,57.70000076293945,57.36000061035156,57.599998474121094,3659500
2022-08-23,44.078495025634766,57.16999816894531,57.4900016784668,57.060001373291016,57.43000030517578,2641500
2022-08-24,44.13247299194336,57.2400016784668,57.435001373291016,57.15999984741211,57.25,2644300
2022-08-25,44.52568817138672,57.75,57.75,57.2599983215332,57.41999816894531,2536500
2022-08-26,43.65443420410156,56.619998931884766,57.7859992980957,56.5,57.75,3604700
2022-08-29,43.42314529418945,56.31999969482422,56.65999984741211,56.099998474121094,56.2599983215332,4346800
2022-08-30,42.937400817871094,55.689998626708984,56.470001220703125,55.52000045776367,56.45000076293945,3579800
2022-08-31,42.605873107910156,55.2599983215332,55.979000091552734,55.2400016784668,55.84000015258789,2931000
2022-09-01,42.893280029296875,55.06999969482422,55.09000015258789,54.349998474121094,54.5099983215332,3455200
2022-09-02,42.410369873046875,54.45000076293945,55.63999938964844,54.29999923706055,55.400001525878906,2367000
2022-09-06,42.46488952636719,54.52000045776367,54.97999954223633,54.279998779296875,54.619998931884766,2242200
2022-09-07,43.10357666015625,55.34000015258789,55.44499969482422,54.5,54.529998779296875,2926500
2022-09-08,43.35282897949219,55.65999984741211,55.69499969482422,55.04999923706055,55.20000076293945,2200300
2022-09-09,43.73448181152344,56.150001525878906,56.244998931884766,55.779998779296875,55.90999984741211,2329400
2022-09-12,43.960357666015625,56.439998626708984,56.560001373291016,56.279998779296875,56.369998931884766,3119200
2022-09-13,42.581729888916016,54.66999816894531,55.83000183105469,54.66999816894531,55.77000045776367,5235300
2022-09-14,42.73750305175781,54.869998931884766,55.08000183105469,54.553001403808594,55.0,2418200
2022-09-15,42.39479446411133,54.43000030517578,54.90700149536133,54.32099914550781,54.81999969482422,5523100
2022-09-16,42.21564865112305,54.20000076293945,54.25,53.86000061035156,54.0,3100600
2022-09-19,42.457096099853516,54.5099983215332,54.52799987792969,53.900001525878906,53.95000076293945,2450400
2022-09-20,42.0754508972168,54.02000045776367,54.310001373291016,53.61399841308594,54.25,2833900
2022-09-21,41.53801345825195,53.33000183105469,54.45000076293945,53.290000915527344,54.16999816894531,3832700
2022-09-22,41.35108947753906,53.09000015258789,53.400001525878906,52.96900177001953,53.31999969482422,3791100
2022-09-23,40.91490173339844,52.529998779296875,52.709999084472656,51.970001220703125,52.584999084472656,5522500
2022-09-26,40.51767349243164,52.02000045776367,52.529998779296875,51.73500061035156,52.36000061035156,4134200
2022-09-27,40.23728561401367,51.65999984741211,52.54999923706055,51.43000030517578,52.41999816894531,3522700
2022-09-28,40.93827819824219,52.560001373291016,52.749000549316406,51.75,51.88999938964844,2749300
2022-09-29,40.39304733276367,51.86000061035156,52.349998474121094,51.52000045776367,52.2599983215332,2849300
2022-09-30,39.9023551940918,51.22999954223633,52.040000915527344,51.15999984741211,51.790000915527344,4065000
2022-10-03,40.846656799316406,51.95000076293945,52.119998931884766,51.06999969482422,51.150001525878906,3744800
2022-10-04,41.632938385009766,52.95000076293945,52.95000076293945,52.349998474121094,52.369998931884766,2927700
2022-10-05,41.53071975708008,52.81999969482422,53.099998474121094,52.32600021362305,52.52000045776367,3027800
2022-10-06,41.066810607910156,52.22999954223633,52.86000061035156,52.119998931884766,52.75,2895400
2022-10-07,40.351322174072266,51.31999969482422,51.970001220703125,51.06999969482422,51.939998626708984,3006900
2022-10-10,40.296268463134766,51.25,51.54999923706055,50.970001220703125,51.36000061035156,2958300
2022-10-11,40.201934814453125,51.130001068115234,51.63199996948242,50.959999084472656,51.060001373291016,3286700
2022-10-12,40.00535583496094,50.880001068115234,51.400001525878906,50.849998474121094,51.20199966430664,2510200
2022-10-13,40.76804733276367,51.849998474121094,52.029998779296875,49.91999816894531,50.130001068115234,5004300
2022-10-14,40.201934814453125,51.130001068115234,52.36000061035156,51.084999084472656,52.18000030517578,2885800
2022-10-17,40.88597869873047,52.0,52.15999984741211,51.685001373291016,51.709999084472656,3039100
2022-10-18,41.279109954833984,52.5,52.82899856567383,52.16999816894531,52.70000076293945,2947500
2022-10-19,40.98031997680664,52.119998931884766,52.47999954223633,51.880001068115234,52.36000061035156,3974400
2022-10-20,40.587196350097656,51.619998931884766,52.36000061035156,51.54999923706055,52.15999984741211,1883900
2022-10-21,41.22407150268555,52.43000030517578,52.5,51.5,51.630001068115234,2154400
2022-10-24,41.65652084350586,52.97999954223633,53.13999938964844,52.63999938964844,52.70000076293945,3827100
2022-10-25,42.010353088378906,53.43000030517578,53.470001220703125,53.0099983215332,53.040000915527344,4329600
2022-10-26,42.1518669128418,53.61000061035156,53.874000549316406,53.369998931884766,53.369998931884766,3752400
2022-10-27,42.316986083984375,53.81999969482422,54.16899871826172,53.76100158691406,53.900001525878906,2797000
2022-10-28,42.9538688659668,54.630001068115234,54.65999984741211,53.900001525878906,53.93000030517578,3344500
2022-10-31,42.90668487548828,54.56999969482422,54.779998779296875,54.459999084472656,54.59000015258789,5064200
2022-11-01,42.863746643066406,53.90999984741211,54.13999938964844,53.75,54.099998474121094,3024800
2022-11-02,42.41850280761719,53.349998474121094,54.34000015258789,53.29999923706055,53.986000061035156,3686300
2022-11-03,42.36283874511719,53.279998779296875,53.560001373291016,52.97999954223633,53.060001373291016,3804300
2022-11-04,42.776283264160156,53.79999923706055,53.97999954223633,53.19499969482422,53.72999954223633,3141600
2022-11-07,43.062530517578125,54.15999984741211,54.244998931884766,53.8390007019043,54.0,3042400
2022-11-08,43.33286666870117,54.5,54.7400016784668,54.1349983215332,54.31999969482422,4025200
2022-11-09,42.871700286865234,53.91999816894531,54.529998779296875,53.90999984741211,54.31999969482422,2560300
2022-11-10,43.88147735595703,55.189998626708984,55.27000045776367,54.79999923706055,55.11000061035156,4690400
2022-11-11,43.65090560913086,54.900001525878906,55.27000045776367,54.71900177001953,55.220001220703125,2727400
2022-11-14,43.698604583740234,54.959999084472656,55.279998779296875,54.904998779296875,54.95000076293945,3505800
2022-11-15,43.77812194824219,55.060001373291016,55.31999969482422,54.75,55.31999969482422,4677000
2022-11-16,43.889427185058594,55.20000076293945,55.34000015258789,55.02000045776367,55.119998931884766,2720400
2022-11-17,43.85762023925781,55.15999984741211,55.20000076293945,54.91999816894531,55.0,3046000
2022-11-18,44.19951248168945,55.59000015258789,55.65999984741211,55.369998931884766,55.369998931884766,3318100
2022-11-21,44.446006774902344,55.900001525878906,55.95000076293945,55.599998474121094,55.630001068115234,4278000
2022-11-22,44.69248580932617,56.209999084472656,56.279998779296875,56.060001373291016,56.19499969482422,3420000
2022-11-23,44.78788757324219,56.33000183105469,56.362998962402344,56.20000076293945,56.20000076293945,2472700
2022-11-25,44.93894958496094,56.52000045776367,56.540000915527344,56.43000030517578,56.43000030517578,1311100
2022-11-28,44.660682678222656,56.16999816894531,56.51900100708008,56.084999084472656,56.5,2933100
2022-11-29,44.644779205322266,56.150001525878906,56.2599983215332,55.900001525878906,56.2599983215332,3274100
2022-11-30,45.14568328857422,56.779998779296875,56.779998779296875,55.922000885009766,56.15399932861328,4311500
2022-12-01,45.10551071166992,56.119998931884766,56.32500076293945,55.97999954223633,56.11000061035156,4228200
2022-12-02,45.13764190673828,56.15999984741211,56.279998779296875,55.810001373291016,55.95000076293945,2960800
2022-12-05,44.94474411010742,55.91999816894531,56.13999938964844,55.81999969482422,56.13999938964844,3369000
2022-12-06,44.6634521484375,55.56999969482422,55.970001220703125,55.314998626708984,55.970001220703125,3562800
2022-12-07,44.68755340576172,55.599998474121094,55.83000183105469,55.470001220703125,55.5099983215332,3500400
2022-12-08,44.912601470947266,55.880001068115234,56.02000045776367,55.66999816894531,55.7599983215332,3607200
2022-12-09,44.647369384765625,55.54999923706055,55.9900016784668,55.54999923706055,55.849998474121094,3010400
2022-12-12,45.201942443847656,56.2400016784668,56.2400016784668,55.619998931884766,55.619998931884766,2824800
2022-12-13,45.27427291870117,56.33000183105469,56.91999816894531,56.04499816894531,56.900001525878906,5682800
2022-12-14,45.17783737182617,56.209999084472656,56.72999954223633,56.02000045776367,56.34000015258789,3769500
2022-12-15,44.4544792175293,55.310001373291016,55.959999084472656,55.095001220703125,55.91999816894531,4807300
2022-12-16,44.06064224243164,54.81999969482422,55.0,54.47999954223633,55.0,4840200
2022-12-19,43.81148147583008,54.5099983215332,55.0,54.27000045776367,54.7400016784668,4034600
2022-12-20,43.843631744384766,54.54999923706055,54.7400016784668,54.23400115966797,54.459999084472656,3567500
2022-12-21,44.39017105102539,55.22999954223633,55.380001068115234,54.81999969482422,54.88999938964844,3440700
2022-12-22,44.068687438964844,54.83000183105469,55.0,54.099998474121094,55.0,3593000
2022-12-23,44.34195327758789,55.16999816894531,55.16999816894531,54.63999938964844,54.79999923706055,3100600
2022-12-27,44.44643783569336,55.29999923706055,55.40999984741211,54.9900016784668,55.29999923706055,3353400
2022-12-28,44.0043830871582,54.75,55.5,54.720001220703125,55.31999969482422,4093200
2022-12-29,44.45354080200195,54.72999954223633,54.86000061035156,54.36000061035156,54.5099983215332,4576900
2022-12-30,44.25861740112305,54.4900016784668,54.619998931884766,54.060001373291016,54.619998931884766,4000300
2023-01-03,44.24237823486328,54.470001220703125,54.762001037597656,54.040000915527344,54.720001220703125,3670100
2023-01-04,44.461666107177734,54.7400016784668,54.93000030517578,54.41999816894531,54.61000061035156,3526900
2023-01-05,44.00681686401367,54.18000030517578,54.577999114990234,54.084999084472656,54.577999114990234,3480000
2023-01-06,44.819053649902344,55.18000030517578,55.279998779296875,54.36000061035156,54.540000915527344,4908700
2023-01-09,44.68910217285156,55.02000045776367,55.540000915527344,54.970001220703125,55.33000183105469,6390600
2023-01-10,44.827171325683594,55.189998626708984,55.189998626708984,54.869998931884766,55.018001556396484,4676100
2023-01-11,45.07896423339844,55.5,55.5,55.220001220703125,55.220001220703125,4556400
2023-01-12,45.1276969909668,55.560001373291016,55.70000076293945,55.31100082397461,55.54999923706055,5013000
2023-01-13,45.241416931152344,55.70000076293945,55.755001068115234,55.380001068115234,55.380001068115234,3628300
2023-01-17,45.1276969909668,55.560001373291016,55.88999938964844,55.54999923706055,55.709999084472656,4028700
2023-01-18,44.615997314453125,54.93000030517578,55.70000076293945,54.849998474121094,55.689998626708984,5801900
2023-01-19,44.37232971191406,54.630001068115234,54.86000061035156,54.599998474121094,54.790000915527344,4390900
2023-01-20,44.680973052978516,55.0099983215332,55.06999969482422,54.5,54.720001220703125,4096400
2023-01-23,44.77031707763672,55.119998931884766,55.29999923706055,54.959999084472656,55.29999923706055,6425100
2023-01-24,44.827171325683594,55.189998626708984,55.22999954223633,54.86000061035156,55.08000183105469,5721300
2023-01-25,44.80281066894531,55.15999984741211,55.20000076293945,54.762001037597656,55.04600143432617,5590100
2023-01-26,44.827171325683594,55.189998626708984,55.25,55.029998779296875,55.2400016784668,9693800
2023-01-27,44.68910217285156,55.02000045776367,55.18000030517578,54.95000076293945,55.119998931884766,5570500
2023-01-30,44.68910217285156,55.02000045776367,55.2599983215332,54.97999954223633,54.9900016784668,5568200
2023-01-31,45.054603576660156,55.470001220703125,55.470001220703125,55.04999923706055,55.11000061035156,7037000
2023-02-01,45.06606674194336,55.040000915527344,55.18000030517578,54.7599983215332,55.0,6340400
2023-02-02,44.984195709228516,54.939998626708984,55.060001373291016,54.70000076293945,55.029998779296875,9691300
2023-02-03,44.779476165771484,54.689998626708984,54.95000076293945,54.529998779296875,54.79999923706055,8327900
2023-02-06,44.86136245727539,54.790000915527344,54.83000183105469,54.61199951171875,54.61199951171875,4600800
2023-02-07,44.87774658203125,54.810001373291016,54.86000061035156,54.5099983215332,54.77000045776367,4355500
2023-02-08,44.722171783447266,54.619998931884766,54.7599983215332,54.58000183105469,54.74599838256836,4377900
2023-02-09,44.566593170166016,54.43000030517578,54.83000183105469,54.40999984741211,54.79999923706055,3725100
2023-02-10,44.84499740600586,54.77000045776367,54.79999923706055,54.400001525878906,54.43000030517578,4380900
2023-02-13,45.08244705200195,55.060001373291016,55.08000183105469,54.84000015258789,54.86000061035156,3512000
2023-02-14,44.992374420166016,54.95000076293945,55.16999816894531,54.7599983215332,55.11000061035156,4925700
2023-02-15,45.106998443603516,55.09000015258789,55.09000015258789,54.845001220703125,54.93000030517578,4002700
2023-02-16,44.86955261230469,54.79999923706055,55.040000915527344,54.61000061035156,54.89500045776367,4742200
2023-02-17,44.95143508911133,54.900001525878906,54.959999084472656,54.599998474121094,54.68000030517578,3952100
2023-02-21,44.46834945678711,54.310001373291016,54.70000076293945,54.290000915527344,54.630001068115234,5479700
2023-02-22,44.34553146362305,54.15999984741211,54.47999954223633,54.0099983215332,54.31999969482422,4520800
2023-02-23,44.427406311035156,54.2599983215332,54.41999816894531,53.80500030517578,54.400001525878906,4055800
2023-02-24,44.09171676635742,53.849998474121094,53.970001220703125,53.52000045776367,53.849998474121094,4727800
2023-02-27,44.21453094482422,54.0,54.41999816894531,53.880001068115234,54.18000030517578,7071700
2023-02-28,44.04257583618164,53.790000915527344,54.11000061035156,53.790000915527344,53.994998931884766,5348000
2023-03-01,43.86188888549805,53.15999984741211,53.345001220703125,52.959999084472656,53.314998626708984,4360300
2023-03-02,44.20017623901367,53.56999969482422,53.676998138427734,52.95000076293945,53.0,3454500
2023-03-03,44.57970428466797,54.029998779296875,54.06999969482422,53.55099868774414,53.75,4499200
2023-03-06,44.645729064941406,54.11000061035156,54.305999755859375,54.04999923706055,54.08000183105469,3774000
2023-03-07,44.10940170288086,53.459999084472656,54.189998626708984,53.38999938964844,54.15999984741211,6938300
2023-03-08,44.14241027832031,53.5,53.599998474121094,53.220001220703125,53.5099983215332,3948700
2023-03-09,43.59785461425781,52.84000015258789,53.70000076293945,52.689998626708984,53.608001708984375,5065500
2023-03-10,43.01203918457031,52.130001068115234,52.9370002746582,52.02000045776367,52.84000015258789,6146300
2023-03-13,43.069793701171875,52.20000076293945,52.77000045776367,51.790000915527344,51.869998931884766,5874500
2023-03-14,43.58960723876953,52.83000183105469,53.0,52.28499984741211,52.70000076293945,4611600
2023-03-15,43.325565338134766,52.5099983215332,52.540000915527344,51.939998626708984,52.209999084472656,5393100
2023-03-16,43.828887939453125,53.119998931884766,53.119998931884766,52.21500015258789,52.29999923706055,4580800
2023-03-17,43.34207534790039,52.529998779296875,53.0,52.375,52.9900016784668,3662500
2023-03-20,43.738121032714844,53.0099983215332,53.09000015258789,52.630001068115234,52.630001068115234,3814700
2023-03-21,44.05990982055664,53.400001525878906,53.44499969482422,53.09000015258789,53.40999984741211,3745400
2023-03-22,43.53185272216797,52.7599983215332,53.67300033569336,52.720001220703125,53.400001525878906,3959900
2023-03-23,43.61436080932617,52.86000061035156,53.40999984741211,52.58000183105469,53.0,7166900
2023-03-24,43.944393157958984,53.2599983215332,53.279998779296875,52.5099983215332,52.810001373291016,5244200
2023-03-27,44.14241027832031,53.5,53.654998779296875,53.400001525878906,53.52000045776367,3910900
2023-03-28,44.18367385864258,53.54999923706055,53.63999938964844,53.380001068115234,53.4900016784668,3916300
2023-03-29,44.554962158203125,54.0,54.0,53.81999969482422,53.88999938964844,3969200
2023-03-30,44.72822570800781,54.209999084472656,54.2400016784668,54.0099983215332,54.209999084472656,4289800
2023-03-31,45.050018310546875,54.599998474121094,54.61000061035156,54.310001373291016,54.31999969482422,6179800
2023-04-03,45.13736343383789,54.2599983215332,54.29999923706055,54.040000915527344,54.18000030517578,3933600
2023-04-04,45.020904541015625,54.119998931884766,54.34000015258789,54.040000915527344,54.290000915527344,3678600
2023-04-05,45.17063522338867,54.29999923706055,54.34000015258789,54.130001068115234,54.130001068115234,3425200
2023-04-06,45.20391845703125,54.34000015258789,54.39799880981445,54.209999084472656,54.349998474121094,3266900
2023-04-10,45.295413970947266,54.45000076293945,54.459999084472656,54.16999816894531,54.279998779296875,4149300
2023-04-11,45.42020034790039,54.599998474121094,54.720001220703125,54.5099983215332,54.52000045776367,3929200
2023-04-12,45.47842788696289,54.66999816894531,54.88999938964844,54.61000061035156,54.810001373291016,3823500
2023-04-13,45.63648986816406,54.86000061035156,54.90999984741211,54.58100128173828,54.72999954223633,3740500
2023-04-14,45.56993103027344,54.779998779296875,54.91999816894531,54.65999984741211,54.849998474121094,3115200
2023-04-17,45.66975402832031,54.900001525878906,54.93000030517578,54.7599983215332,54.849998474121094,3572300
2023-04-18,45.70304489135742,54.939998626708984,55.040000915527344,54.83000183105469,55.02000045776367,3548100
2023-04-19,45.711360931396484,54.95000076293945,55.02000045776367,54.880001068115234,54.900001525878906,3737100
2023-04-20,45.727989196777344,54.970001220703125,55.060001373291016,54.810001373291016,54.849998474121094,4249700
2023-04-21,45.81950378417969,55.08000183105469,55.138999938964844,54.935001373291016,55.08000183105469,4211500
2023-04-24,45.886051177978516,55.15999984741211,55.220001220703125,55.04999923706055,55.150001525878906,4854100
2023-04-25,45.47842788696289,54.66999816894531,55.08000183105469,54.63999938964844,55.06999969482422,4652500
2023-04-26,45.10409164428711,54.220001220703125,54.68000030517578,54.150001525878906,54.68000030517578,5363700
2023-04-27,45.74462890625,54.9900016784668,55.06999969482422,54.400001525878906,54.400001525878906,6862500
2023-04-28,46.085697174072266,55.400001525878906,55.400001525878906,54.96500015258789,54.970001220703125,5066200
2023-05-01,46.16534423828125,55.06999969482422,55.22999954223633,54.96500015258789,54.970001220703125,4217500
2023-05-02,45.90546417236328,54.7599983215332,55.04999923706055,54.36000061035156,55.040000915527344,5161700
2023-05-03,45.60367965698242,54.400001525878906,54.880001068115234,54.36000061035156,54.790000915527344,4841000
2023-05-04,45.38572311401367,54.13999938964844,54.400001525878906,53.939998626708984,54.36000061035156,4792300
2023-05-05,45.87193298339844,54.720001220703125,54.79999923706055,54.39899826049805,54.40999984741211,4470600
2023-05-08,45.855167388916016,54.70000076293945,54.810001373291016,54.560001373291016,54.810001373291016,3708300
2023-05-09,45.72941589355469,54.54999923706055,54.65999984741211,54.459999084472656,54.58000183105469,3322500
2023-05-10,45.83839416503906,54.68000030517578,54.869998931884766,54.31999969482422,54.79999923706055,3639400
2023-05-11,45.77971649169922,54.61000061035156,54.65999984741211,54.380001068115234,54.63999938964844,3383600
2023-05-12,45.804866790771484,54.63999938964844,54.79999923706055,54.404998779296875,54.7400016784668,3242600
2023-05-15,45.8635368347168,54.709999084472656,54.7400016784668,54.5,54.72999954223633,3311300
2023-05-16,45.4863166809082,54.2599983215332,54.650001525878906,54.2599983215332,54.650001525878906,7855100
2023-05-17,45.855167388916016,54.70000076293945,54.7400016784668,54.28300094604492,54.47999954223633,6800700
2023-05-18,45.97252655029297,54.84000015258789,54.849998474121094,54.5099983215332,54.65999984741211,4526300
2023-05-19,46.00605392456055,54.880001068115234,55.02899932861328,54.75,54.95000076293945,7014200
2023-05-22,45.91384506225586,54.77000045776367,55.060001373291016,54.72200012207031,54.959999084472656,4157200
2023-05-23,45.53660202026367,54.31999969482422,54.70000076293945,54.2400016784668,54.689998626708984,5497700
2023-05-24,45.142608642578125,53.849998474121094,54.189998626708984,53.78499984741211,54.18000030517578,5310600
2023-05-25,45.17612838745117,53.88999938964844,53.9900016784668,53.654998779296875,53.869998931884766,5108000
2023-05-26,45.38572311401367,54.13999938964844,54.27899932861328,53.959999084472656,54.0,4661900
2023-05-30,45.31027603149414,54.04999923706055,54.27000045776367,53.93000030517578,54.27000045776367,5850200
2023-05-31,45.285118103027344,54.02000045776367,54.150001525878906,53.81999969482422,53.970001220703125,5734500
2023-06-01,45.50877380371094,53.91999816894531,53.9900016784668,53.58000183105469,53.779998779296875,4999500
2023-06-02,45.88858413696289,54.369998931884766,54.400001525878906,54.02000045776367,54.06999969482422,5167500
2023-06-05,45.92234802246094,54.40999984741211,54.44499969482422,54.27000045776367,54.380001068115234,5505600
2023-06-06,45.829498291015625,54.29999923706055,54.40999984741211,54.20000076293945,54.400001525878906,4366800
2023-06-07,45.92234802246094,54.40999984741211,54.44499969482422,54.18000030517578,54.290000915527344,4669400
2023-06-08,46.00672912597656,54.5099983215332,54.529998779296875,54.36000061035156,54.43000030517578,3447400
2023-06-09,45.94765853881836,54.439998626708984,54.540000915527344,54.38999938964844,54.5,6459200
2023-06-12,46.01518249511719,54.52000045776367,54.540000915527344,54.40999984741211,54.5099983215332,4094700
2023-06-13,46.091148376464844,54.61000061035156,54.630001068115234,54.470001220703125,54.599998474121094,4313300
2023-06-14,46.00672912597656,54.5099983215332,54.650001525878906,54.470001220703125,54.61000061035156,4593300
2023-06-15,46.251502990722656,54.79999923706055,54.849998474121094,54.54999923706055,54.56999969482422,4341800
2023-06-16,46.293697357177734,54.849998474121094,54.97999954223633,54.84000015258789,54.856998443603516,3558600
2023-06-20,46.141788482666016,54.66999816894531,54.81999969482422,54.65999984741211,54.81999969482422,3827700
2023-06-21,46.217742919921875,54.7599983215332,54.849998474121094,54.54999923706055,54.70000076293945,3765300
2023-06-22,46.2261848449707,54.77000045776367,54.790000915527344,54.63999938964844,54.720001220703125,3489100
2023-06-23,46.11646270751953,54.63999938964844,54.744998931884766,54.57500076293945,54.70000076293945,3785300
2023-06-26,46.234619140625,54.779998779296875,54.81999969482422,54.59000015258789,54.65999984741211,4131100
2023-06-27,46.386558532714844,54.959999084472656,55.0,54.77399826049805,54.81999969482422,4989600
2023-06-28,46.302146911621094,54.86000061035156,54.959999084472656,54.75,54.959999084472656,5061000
2023-06-29,46.47095489501953,55.060001373291016,55.09000015258789,54.742000579833984,54.88999938964844,4573100
2023-06-30,46.698829650878906,55.33000183105469,55.36000061035156,55.13999938964844,55.16999816894531,7666300
2023-07-03,46.72346115112305,55.0,55.02000045776367,54.75,54.95000076293945,2907700
2023-07-05,46.68098449707031,54.95000076293945,54.970001220703125,54.79999923706055,54.869998931884766,3590600
2023-07-06,46.46860885620117,54.70000076293945,54.77000045776367,54.540000915527344,54.77000045776367,4975000
2023-07-07,46.3581657409668,54.56999969482422,54.83000183105469,54.55500030517578,54.70000076293945,4042200
2023-07-10,46.60453414916992,54.86000061035156,54.90999984741211,54.56999969482422,54.56999969482422,4643700
2023-07-11,46.76594161987305,55.04999923706055,55.084999084472656,54.849998474121094,54.95000076293945,4096600
2023-07-12,46.91885757446289,55.22999954223633,55.290000915527344,55.1150016784668,55.220001220703125,6094800
2023-07-13,46.88487243652344,55.189998626708984,55.279998779296875,55.189998626708984,55.279998779296875,4867900
2023-07-14,46.99530792236328,55.31999969482422,55.34000015258789,55.1619987487793,55.22999954223633,4039300
2023-07-17,47.0462760925293,55.380001068115234,55.45000076293945,55.18199920654297,55.279998779296875,4518900
2023-07-18,47.063262939453125,55.400001525878906,55.56999969482422,55.29999923706055,55.40999984741211,4448800
2023-07-19,47.131229400634766,55.47999954223633,55.599998474121094,55.42300033569336,55.5,4522600
2023-07-20,47.29263687133789,55.66999816894531,55.689998626708984,55.43899917602539,55.470001220703125,4363100
2023-07-21,47.47103500366211,55.880001068115234,55.939998626708984,55.709999084472656,55.72999954223633,3560800
2023-07-24,47.5050163269043,55.91999816894531,55.95000076293945,55.845001220703125,55.88999938964844,7898200
2023-07-25,47.428565979003906,55.83000183105469,55.869998931884766,55.720001220703125,55.849998474121094,4649500
2023-07-26,47.49651336669922,55.90999984741211,55.93000030517578,55.720001220703125,55.790000915527344,4311600
2023-07-27,47.3181266784668,55.70000076293945,55.970001220703125,55.6349983215332,55.93000030517578,5089900
2023-07-28,47.420074462890625,55.81999969482422,55.869998931884766,55.70000076293945,55.849998474121094,4359100
2023-07-31,47.47103500366211,55.880001068115234,55.93000030517578,55.779998779296875,55.900001525878906,5094700
2023-08-01,47.45396041870117,55.56999969482422,55.650001525878906,55.470001220703125,55.5,3938900
2023-08-02,47.28316879272461,55.369998931884766,55.54999923706055,55.33000183105469,55.38999938964844,4592000
2023-08-03,47.22339630126953,55.29999923706055,55.41999816894531,55.119998931884766,55.2599983215332,4157800
2023-08-04,47.078216552734375,55.130001068115234,55.599998474121094,55.06999969482422,55.41999816894531,4962700
2023-08-07,47.49665832519531,55.619998931884766,55.619998931884766,55.189998626708984,55.20000076293945,4127000
2023-08-08,47.34294891357422,55.439998626708984,55.4900016784668,55.130001068115234,55.38999938964844,4570400
2023-08-09,47.26608657836914,55.349998474121094,55.59000015258789,55.27000045776367,55.439998626708984,3050600
2023-08-10,47.334407806396484,55.43000030517578,55.869998931884766,55.33000183105469,55.540000915527344,3977600
2023-08-11,47.41126251220703,55.52000045776367,55.560001373291016,55.25,55.301998138427734,2922200
2023-08-14,47.53082275390625,55.65999984741211,55.67499923706055,55.4109992980957,55.45000076293945,3269000
2023-08-15,47.078216552734375,55.130001068115234,55.47999954223633,55.053001403808594,55.47999954223633,3682900
2023-08-16,46.81349563598633,54.81999969482422,55.29999923706055,54.810001373291016,55.099998474121094,6538100
2023-08-17,46.54877471923828,54.5099983215332,55.01499938964844,54.459999084472656,54.970001220703125,3834200
2023-08-18,46.54877471923828,54.5099983215332,54.619998931884766,54.150001525878906,54.209999084472656,3313400
2023-08-21,46.6341667175293,54.61000061035156,54.709999084472656,54.2599983215332,54.560001373291016,2877600
2023-08-22,46.54877471923828,54.5099983215332,54.779998779296875,54.459999084472656,54.709999084472656,3604400
2023-08-23,46.89889907836914,54.91999816894531,55.0,54.61000061035156,54.630001068115234,3413000
2023-08-24,46.53169631958008,54.4900016784668,55.22999954223633,54.470001220703125,54.95000076293945,3200700
2023-08-25,46.88180923461914,54.900001525878906,55.029998779296875,54.42499923706055,54.65999984741211,3348700
2023-08-28,47.10384750366211,55.15999984741211,55.27000045776367,55.0099983215332,55.09000015258789,3789600
2023-08-29,47.46249008178711,55.58000183105469,55.59000015258789,55.13100051879883,55.209999084472656,3871600
2023-08-30,47.59059143066406,55.72999954223633,55.790000915527344,55.58000183105469,55.58000183105469,4378500
2023-08-31,47.47104263305664,55.59000015258789,55.81999969482422,55.58000183105469,55.81700134277344,4070600
2023-09-01,47.56382751464844,55.36000061035156,55.5,55.25,55.470001220703125,3164900
2023-09-05,47.306068420410156,55.060001373291016,55.369998931884766,55.040000915527344,55.36000061035156,2965800
2023-09-06,47.306068420410156,55.060001373291016,55.099998474121094,54.779998779296875,55.0,4071100
2023-09-07,47.37480926513672,55.13999938964844,55.22999954223633,54.90999984741211,54.91600036621094,4945000
2023-09-08,47.4091796875,55.18000030517578,55.290000915527344,55.06999969482422,55.150001525878906,3219400
2023-09-11,47.59819030761719,55.400001525878906,55.40999984741211,55.209999084472656,55.275001525878906,3234800
2023-09-12,47.4091796875,55.18000030517578,55.34000015258789,55.119998931884766,55.279998779296875,3269600
2023-09-13,47.49509811401367,55.279998779296875,55.349998474121094,55.150001525878906,55.152000427246094,3085100
2023-09-14,47.761436462402344,55.59000015258789,55.619998931884766,55.369998931884766,55.439998626708984,2703800
2023-09-15,47.417762756347656,55.189998626708984,55.540000915527344,55.13999938964844,55.5099983215332,3465200
2023-09-18,47.49509811401367,55.279998779296875,55.400001525878906,55.14500045776367,55.189998626708984,2533200
2023-09-19,47.40058517456055,55.16999816894531,55.290000915527344,54.849998474121094,55.279998779296875,3740500
2023-09-20,47.237342834472656,54.97999954223633,55.41999816894531,54.95000076293945,55.27000045776367,3287000
2023-09-21,46.57577896118164,54.209999084472656,54.779998779296875,54.17499923706055,54.77000045776367,4375500
2023-09-22,46.5328254699707,54.15999984741211,54.5,54.119998931884766,54.349998474121094,3547800
2023-09-25,46.644508361816406,54.290000915527344,54.29999923706055,53.98099899291992,54.060001373291016,3006300
2023-09-26,46.05168151855469,53.599998474121094,54.04499816894531,53.54999923706055,54.02000045776367,5683300
2023-09-27,45.96577072143555,53.5,53.79999923706055,53.16999816894531,53.779998779296875,4692600
2023-09-28,46.16337585449219,53.72999954223633,53.900001525878906,53.45000076293945,53.5,5007300
2023-09-29,46.01731872558594,53.560001373291016,54.04999923706055,53.40999984741211,54.040000915527344,4681300
2023-10-02,45.81230163574219,52.959999084472656,53.13999938964844,52.61000061035156,53.1349983215332,4792900
2023-10-03,45.327877044677734,52.400001525878906,52.95000076293945,52.29999923706055,52.720001220703125,7589400
2023-10-04,45.7085075378418,52.84000015258789,52.84000015258789,52.28499984741211,52.5,6039200
2023-10-05,45.49223327636719,52.59000015258789,52.81999969482422,52.31999969482422,52.77000045776367,4213100
2023-10-06,45.855560302734375,53.0099983215332,53.21500015258789,52.13999938964844,52.349998474121094,4768300
2023-10-09,46.0977668762207,53.290000915527344,53.314998626708984,52.7599983215332,52.810001373291016,2503200
2023-10-10,46.35728073120117,53.59000015258789,53.779998779296875,53.31999969482422,53.36000061035156,3272900
2023-10-11,46.504337310791016,53.7599983215332,53.7599983215332,53.470001220703125,53.689998626708984,2707300
2023-10-12,46.253475189208984,53.470001220703125,53.834999084472656,53.25,53.810001373291016,3391200
2023-10-13,46.24482345581055,53.459999084472656,53.79999923706055,53.244998931884766,53.61800003051758,3436400
2023-10-16,46.65138626098633,53.93000030517578,54.040000915527344,53.650001525878906,53.68000030517578,3184100
2023-10-17,46.76385498046875,54.060001373291016,54.220001220703125,53.77000045776367,53.79999923706055,2903700
2023-10-18,46.314029693603516,53.540000915527344,54.04999923706055,53.47999954223633,54.04999923706055,3029300
2023-10-19,45.976654052734375,53.150001525878906,53.720001220703125,53.0629997253418,53.61000061035156,4153700
2023-10-20,45.570091247558594,52.68000030517578,53.224998474121094,52.67499923706055,53.08000183105469,3403500
2023-10-23,45.41439437866211,52.5,52.959999084472656,52.369998931884766,52.529998779296875,3146000
2023-10-24,45.725807189941406,52.86000061035156,52.974998474121094,52.57500076293945,52.720001220703125,3484200
2023-10-25,45.28464126586914,52.349998474121094,52.70000076293945,52.22999954223633,52.70000076293945,4311800
2023-10-26,44.929969787597656,51.939998626708984,52.400001525878906,51.90999984741211,52.22999954223633,4238400
2023-10-27,44.558006286621094,51.5099983215332,52.060001373291016,51.380001068115234,52.0,4815100
2023-10-30,45.08567428588867,52.119998931884766,52.25,51.7400016784668,51.79999923706055,3296400
2023-10-31,45.518192291259766,52.619998931884766,52.650001525878906,52.125,52.2400016784668,3473000
2023-11-01,45.92667770385742,52.72999954223633,52.74800109863281,52.314998626708984,52.34000015258789,3722600
2023-11-02,46.46669006347656,53.349998474121094,53.349998474121094,52.93000030517578,52.93000030517578,3549800
2023-11-03,46.67571258544922,53.59000015258789,53.720001220703125,53.5099983215332,53.619998931884766,5772800
2023-11-06,46.7889518737793,53.720001220703125,53.720001220703125,53.54999923706055,53.70000076293945,3255800
2023-11-07,46.67571258544922,53.59000015258789,53.70000076293945,53.47999954223633,53.540000915527344,3046600
2023-11-08,46.710567474365234,53.630001068115234,53.70000076293945,53.44300079345703,53.650001525878906,3267500
2023-11-09,46.44927215576172,53.33000183105469,53.720001220703125,53.33000183105469,53.68000030517578,4188900
2023-11-10,46.8586311340332,53.79999923706055,53.81999969482422,53.369998931884766,53.459999084472656,2566800
2023-11-13,46.8586311340332,53.79999923706055,53.849998474121094,53.66999816894531,53.72999954223633,2471400
2023-11-14,47.20702362060547,54.20000076293945,54.25600051879883,54.10499954223633,54.18000030517578,4067100
2023-11-15,47.19831085205078,54.189998626708984,54.25199890136719,54.130001068115234,54.25,3050000
2023-11-16,47.18960952758789,54.18000030517578,54.279998779296875,54.16999816894531,54.20000076293945,2895900
2023-11-17,47.26799392700195,54.27000045776367,54.31999969482422,54.220001220703125,54.29999923706055,2615300
2023-11-20,47.25926971435547,54.2599983215332,54.31999969482422,54.20000076293945,54.31999969482422,3205300
2023-11-21,47.4073371887207,54.43000030517578,54.470001220703125,54.279998779296875,54.290000915527344,3351900
2023-11-22,47.53799057006836,54.58000183105469,54.599998474121094,54.459999084472656,54.4900016784668,3901000
2023-11-24,47.633792877197266,54.689998626708984,54.689998626708984,54.564998626708984,54.59000015258789,1522000
2023-11-27,47.52927780151367,54.56999969482422,54.70000076293945,54.54999923706055,54.689998626708984,4783400
2023-11-28,47.520572662353516,54.560001373291016,54.67499923706055,54.48500061035156,54.650001525878906,3399800
2023-11-29,47.47701644897461,54.5099983215332,54.650001525878906,54.459999084472656,54.650001525878906,3628200
2023-11-30,47.65121841430664,54.709999084472656,54.72999954223633,54.45000076293945,54.529998779296875,3229900
2023-12-01,47.852989196777344,54.54999923706055,54.54999923706055,54.31999969482422,54.380001068115234,3574000
2023-12-04,47.90562057495117,54.61000061035156,54.630001068115234,54.40999984741211,54.40999984741211,3143800
2023-12-05,47.703853607177734,54.380001068115234,54.58000183105469,54.34000015258789,54.52000045776367,3345700
2023-12-06,47.74770736694336,54.43000030517578,54.540000915527344,54.369998931884766,54.540000915527344,3269600
2023-12-07,47.79157257080078,54.47999954223633,54.5099983215332,54.36000061035156,54.439998626708984,3280900
2023-12-08,47.71261978149414,54.38999938964844,54.459999084472656,54.27000045776367,54.40999984741211,2869100
2023-12-11,47.98456573486328,54.70000076293945,54.75,54.41999816894531,54.47999954223633,3768200
2023-12-12,48.212642669677734,54.959999084472656,54.959999084472656,54.74599838256836,54.77000045776367,3025200
2023-12-13,48.484588623046875,55.27000045776367,55.27000045776367,54.900001525878906,54.97999954223633,3566200
2023-12-14,48.31791305541992,55.08000183105469,55.33000183105469,55.029998779296875,55.33000183105469,5764700
2023-12-15,48.291595458984375,55.04999923706055,55.060001373291016,54.91999816894531,55.0099983215332,3511300
2023-12-18,48.2740592956543,55.029998779296875,55.11000061035156,54.9900016784668,55.06999969482422,5357800
2023-12-19,48.361778259277344,55.130001068115234,55.13999938964844,55.060001373291016,55.119998931884766,4827000
2023-12-20,48.0898323059082,54.81999969482422,55.099998474121094,54.78499984741211,55.099998474121094,4393400
2023-12-21,48.291595458984375,55.04999923706055,55.04999923706055,54.79999923706055,54.970001220703125,3555700
2023-12-22,48.353004455566406,55.119998931884766,55.16999816894531,55.0,55.0,3296300
2023-12-26,48.458274841308594,55.2400016784668,55.290000915527344,55.14899826049805,55.150001525878906,2818600
2023-12-27,48.5372314453125,55.33000183105469,55.33000183105469,55.18000030517578,55.290000915527344,3500600
2023-12-28,48.60618591308594,54.97999954223633,55.02000045776367,54.90999984741211,54.93000030517578,3791800
2023-12-29,48.60618591308594,54.97999954223633,55.02000045776367,54.880001068115234,54.970001220703125,3652700
2024-01-02,48.729957580566406,55.119998931884766,55.130001068115234,54.86000061035156,54.880001068115234,4294300
2024-01-03,48.45589065551758,54.810001373291016,55.099998474121094,54.810001373291016,55.09000015258789,3541300
2024-01-04,48.438201904296875,54.790000915527344,55.058998107910156,54.779998779296875,54.849998474121094,4056300
2024-01-05,48.402835845947266,54.75,54.970001220703125,54.62200164794922,54.77000045776367,3983100
2024-01-08,48.729957580566406,55.119998931884766,55.119998931884766,54.75199890136719,54.779998779296875,3498700
2024-01-09,48.69458770751953,55.08000183105469,55.08000183105469,54.85300064086914,54.90999984741211,5340700
2024-01-10,48.747623443603516,55.13999938964844,55.189998626708984,55.04999923706055,55.099998474121094,2863000
2024-01-11,48.756473541259766,55.150001525878906,55.220001220703125,54.86000061035156,55.18000030517578,3363600
2024-01-12,48.88908386230469,55.29999923706055,55.369998931884766,55.15999984741211,55.22999954223633,2754500
2024-01-16,48.765316009521484,55.15999984741211,55.29999923706055,55.0099983215332,55.2400016784668,3122400
2024-01-17,48.57965850830078,54.95000076293945,55.04800033569336,54.720001220703125,54.91999816894531,4153600
2024-01-18,48.80951690673828,55.209999084472656,55.209999084472656,54.78900146484375,54.959999084472656,3164300
2024-01-19,49.0305290222168,55.459999084472656,55.52000045776367,55.150001525878906,55.310001373291016,4278300
2024-01-22,49.20734786987305,55.65999984741211,55.65999984741211,55.5,55.52000045776367,3933400
2024-01-23,49.37532424926758,55.849998474121094,55.849998474121094,55.67499923706055,55.70000076293945,4081500
2024-01-24,49.18966293334961,55.63999938964844,55.97999954223633,55.61000061035156,55.97999954223633,4230700
2024-01-25,49.40184783935547,55.880001068115234,55.880001068115234,55.65999984741211,55.779998779296875,3347400
2024-01-26,49.45488739013672,55.939998626708984,55.95000076293945,55.849998474121094,55.869998931884766,3184000
2024-01-29,49.64054870605469,56.150001525878906,56.150001525878906,55.939998626708984,55.939998626708984,3864300
2024-01-30,49.74663162231445,56.27000045776367,56.290000915527344,56.0,56.09000015258789,3384100
2024-01-31,49.47257995605469,55.959999084472656,56.349998474121094,55.939998626708984,56.33000183105469,3862400
2024-02-01,49.99787902832031,56.25,56.25,55.68000030517578,55.79999923706055,4015400
2024-02-02,49.944541931152344,56.189998626708984,56.310001373291016,56.060001373291016,56.15999984741211,4172200
2024-02-05,49.71345138549805,55.93000030517578,56.04999923706055,55.83000183105469,56.04999923706055,3619300
2024-02-06,49.80233383178711,56.029998779296875,56.08000183105469,55.93000030517578,56.08000183105469,3485100
2024-02-07,49.908992767333984,56.150001525878906,56.279998779296875,56.060001373291016,56.06999969482422,3706500
2024-02-08,49.8912239074707,56.130001068115234,56.16999816894531,56.09000015258789,56.130001068115234,3360900
2024-02-09,49.908992767333984,56.150001525878906,56.220001220703125,56.08000183105469,56.220001220703125,3484100
2024-02-12,49.908992767333984,56.150001525878906,56.189998626708984,56.060001373291016,56.189998626708984,3035000
2024-02-13,49.65122985839844,55.86000061035156,56.08700180053711,55.70000076293945,55.91999816894531,3906900
2024-02-14,49.92676544189453,56.16999816894531,56.16999816894531,55.97999954223633,56.029998779296875,3214400
2024-02-15,50.08676528930664,56.349998474121094,56.369998931884766,56.209999084472656,56.25,4376700
2024-02-16,49.98011016845703,56.22999954223633,56.40999984741211,56.20000076293945,56.31999969482422,3703600
2024-02-20,50.00676727294922,56.2599983215332,56.380001068115234,56.20000076293945,56.220001220703125,3685900
2024-02-21,50.220096588134766,56.5,56.5,56.224998474121094,56.2599983215332,3284500
2024-02-22,50.451194763183594,56.7599983215332,56.79999923706055,56.540000915527344,56.630001068115234,4149800
2024-02-23,50.557857513427734,56.880001068115234,56.91699981689453,56.720001220703125,56.7599983215332,3419600
2024-02-26,50.59341812133789,56.91999816894531,56.970001220703125,56.81999969482422,56.900001525878906,3080500
2024-02-27,50.57563400268555,56.900001525878906,56.98500061035156,56.81999969482422,56.970001220703125,3293600
2024-02-28,50.62006759643555,56.95000076293945,56.994998931884766,56.83000183105469,56.86000061035156,3158300
2024-02-29,50.63785171508789,56.970001220703125,57.06999969482422,56.91999816894531,57.04999923706055,3741700
2024-03-01,50.772789001464844,56.81999969482422,56.83000183105469,56.619998931884766,56.7400016784668,3838300
2024-03-04,50.8353385925293,56.88999938964844,56.900001525878906,56.744998931884766,56.810001373291016,3914100
2024-03-05,50.72809982299805,56.77000045776367,56.9900016784668,56.6349983215332,56.88999938964844,3671200
2024-03-06,50.9246940612793,56.9900016784668,57.06999969482422,56.8849983215332,56.900001525878906,3715900
2024-03-07,51.05872344970703,57.13999938964844,57.16999816894531,57.04999923706055,57.060001373291016,3426500
2024-03-08,51.022979736328125,57.099998474121094,57.15999984741211,56.970001220703125,57.15999984741211,3489400
2024-03-11,51.014041900634766,57.09000015258789,57.119998931884766,56.83000183105469,57.029998779296875,3904400
2024-03-12,51.19276809692383,57.290000915527344,57.349998474121094,57.09000015258789,57.13999938964844,2976400
2024-03-13,51.264244079589844,57.369998931884766,57.45000076293945,57.2599983215332,57.31999969482422,4887100
2024-03-14,51.22849655151367,57.33000183105469,57.470001220703125,57.11000061035156,57.470001220703125,3152900
2024-03-15,50.915748596191406,56.97999954223633,57.20000076293945,56.93000030517578,57.150001525878906,3078900
2024-03-18,51.06766128540039,57.150001525878906,57.27000045776367,57.09000015258789,57.130001068115234,2545400
2024-03-19,51.29104995727539,57.400001525878906,57.400001525878906,57.13999938964844,57.16999816894531,2748200
2024-03-20,51.42508316040039,57.54999923706055,57.54999923706055,57.29999923706055,57.400001525878906,3339000
2024-03-21,51.487640380859375,57.619998931884766,57.66899871826172,57.47999954223633,57.58000183105469,3384100
2024-03-22,51.34467697143555,57.459999084472656,57.68000030517578,57.459999084472656,57.68000030517578,2785100
2024-03-25,51.273189544677734,57.380001068115234,57.56999969482422,57.369998931884766,57.5099983215332,2943700
2024-03-26,51.308921813964844,57.41999816894531,57.52000045776367,57.400001525878906,57.52000045776367,2875100
2024-03-27,51.621681213378906,57.77000045776367,57.77000045776367,57.5099983215332,57.58000183105469,2834900
2024-03-28,51.702091217041016,57.86000061035156,57.93600082397461,57.790000915527344,57.79999923706055,3761900
2024-04-01,51.48186492919922,57.27000045776367,57.619998931884766,57.233001708984375,57.540000915527344,3407900
2024-04-02,51.37398910522461,57.150001525878906,57.189998626708984,57.0,57.13999938964844,5139600
2024-04-03,51.32004928588867,57.09000015258789,57.2599983215332,57.029998779296875,57.08000183105469,3594700
2024-04-04,50.960472106933594,56.689998626708984,57.400001525878906,56.60200119018555,57.2599983215332,4162200
2024-04-05,51.30207443237305,57.06999969482422,57.21500015258789,56.72999954223633,56.810001373291016,4020100
2024-04-08,51.41893005371094,57.20000076293945,57.22999954223633,57.08000183105469,57.13999938964844,2266000
2024-04-09,51.427921295166016,57.209999084472656,57.31999969482422,56.79999923706055,57.25,2897200
2024-04-10,50.95148849487305,56.68000030517578,56.888999938964844,56.5,56.77000045776367,4380800
2024-04-11,51.0683479309082,56.810001373291016,56.94499969482422,56.43000030517578,56.869998931884766,4960400
2024-04-12,50.52000045776367,56.20000076293945,56.599998474121094,56.0099983215332,56.58000183105469,4545700
2024-04-15,50.061546325683594,55.689998626708984,56.66999816894531,55.599998474121094,56.54999923706055,4202600
2024-04-16,50.0705451965332,55.70000076293945,55.95000076293945,55.571998596191406,55.79999923706055,3554800
2024-04-17,49.9626579284668,55.58000183105469,55.869998931884766,55.310001373291016,55.83000183105469,3015300
2024-04-18,49.86378479003906,55.470001220703125,55.814998626708984,55.35200119018555,55.68000030517578,2849600
2024-04-19,49.845802307128906,55.45000076293945,55.65999984741211,55.301998138427734,55.470001220703125,3193800
2024-04-22,50.26830291748047,55.91999816894531,56.20500183105469,55.56999969482422,55.689998626708984,3117500
2024-04-23,50.66383361816406,56.36000061035156,56.47999954223633,56.08000183105469,56.119998931884766,3801100
2024-04-24,50.71776580810547,56.41999816894531,56.52000045776367,56.20000076293945,56.52000045776367,3164600
2024-04-25,50.43910217285156,56.11000061035156,56.23500061035156,55.654998779296875,55.939998626708984,3135100
2024-04-26,50.5919189453125,56.279998779296875,56.41999816894531,56.099998474121094,56.209999084472656,2284300
2024-04-29,50.735740661621094,56.439998626708984,56.494998931884766,56.20000076293945,56.38999938964844,3324600
2024-04-30,50.27728271484375,55.93000030517578,56.45000076293945,55.93000030517578,56.400001525878906,2681900
2024-05-01,50.183258056640625,55.5,56.060001373291016,55.375,55.59000015258789,3108500
2024-05-02,50.35504913330078,55.689998626708984,55.810001373291016,55.30500030517578,55.720001220703125,2624700
2024-05-03,50.68960952758789,56.060001373291016,56.11000061035156,55.81999969482422,56.060001373291016,3612400
2024-05-06,50.969905853271484,56.369998931884766,56.369998931884766,56.16999816894531,56.2599983215332,3398200
2024-05-07,51.22309112548828,56.650001525878906,56.689998626708984,56.41999816894531,56.41999816894531,2572500
2024-05-08,51.322547912597656,56.7599983215332,56.779998779296875,56.650001525878906,56.650001525878906,2443300
2024-05-09,51.56668472290039,57.029998779296875,57.029998779296875,56.7599983215332,56.77000045776367,2664700
2024-05-10,51.62997817993164,57.099998474121094,57.150001525878906,57.04999923706055,57.04999923706055,1980800
2024-05-13,51.593807220458984,57.060001373291016,57.209999084472656,57.0099983215332,57.16999816894531,2143000
2024-05-14,51.62997817993164,57.099998474121094,57.099998474121094,56.91999816894531,57.06999969482422,2962100
2024-05-15,51.7656135559082,57.25,57.2599983215332,57.13999938964844,57.189998626708984,2993200
2024-05-16,51.783695220947266,57.27000045776367,57.34000015258789,57.2400016784668,57.31999969482422,2953300
2024-05-17,51.8922004699707,57.38999938964844,57.400001525878906,57.20199966430664,57.33000183105469,2511200
2024-05-20,51.82890701293945,57.31999969482422,57.40999984741211,57.27000045776367,57.380001068115234,2339600
2024-05-21,51.73849105834961,57.220001220703125,57.310001373291016,57.15999984741211,57.29999923706055,2332200
2024-05-22,51.774654388427734,57.2599983215332,57.34000015258789,57.18000030517578,57.220001220703125,2700800
2024-05-23,51.46721649169922,56.91999816894531,57.310001373291016,56.880001068115234,57.310001373291016,3041100
2024-05-24,51.46721649169922,56.91999816894531,57.025001525878906,56.869998931884766,57.02000045776367,2257800
2024-05-28,51.16884231567383,56.59000015258789,56.90999984741211,56.500999450683594,56.90999984741211,3404100
2024-05-29,50.88853454589844,56.279998779296875,56.459999084472656,56.2400016784668,56.459999084472656,3020200
2024-05-30,50.87948989868164,56.27000045776367,56.29999923706055,56.09000015258789,56.20000076293945,2981600
2024-05-31,51.38584518432617,56.83000183105469,56.86000061035156,56.18000030517578,56.369998931884766,2998500
2024-06-03,51.14015579223633,56.20000076293945,56.4900016784668,55.92499923706055,56.4900016784668,3603500
2024-06-04,51.258445739746094,56.33000183105469,56.38999938964844,56.11000061035156,56.16999816894531,2720900
2024-06-05,51.431339263916016,56.52000045776367,56.540000915527344,56.17499923706055,56.470001220703125,3476100
2024-06-06,51.48594284057617,56.58000183105469,56.63999938964844,56.45500183105469,56.5,2510200
2024-06-07,51.431339263916016,56.52000045776367,56.75,56.46500015258789,56.540000915527344,2147400
2024-06-10,51.53144073486328,56.630001068115234,56.630001068115234,56.38399887084961,56.5,2174100
2024-06-11,51.413143157958984,56.5,56.540000915527344,56.29999923706055,56.540000915527344,2038700
2024-06-12,51.33124542236328,56.40999984741211,56.65999984741211,56.310001373291016,56.650001525878906,3485900
2024-06-13,51.24024963378906,56.310001373291016,56.34000015258789,56.154998779296875,56.33000183105469,2844900
2024-06-14,51.14015579223633,56.20000076293945,56.25,56.040000915527344,56.220001220703125,2732000
2024-06-17,51.24934387207031,56.31999969482422,56.347999572753906,56.08000183105469,56.18000030517578,2690900
2024-06-18,51.29484939575195,56.369998931884766,56.40999984741211,56.27000045776367,56.31999969482422,2642400
2024-06-20,51.44044494628906,56.529998779296875,56.58000183105469,56.35300064086914,56.380001068115234,3303600
2024-06-21,51.59513473510742,56.70000076293945,56.70000076293945,56.52000045776367,56.58000183105469,2136800
2024-06-24,51.822628021240234,56.95000076293945,57.06999969482422,56.75,56.790000915527344,2864600
2024-06-25,51.64063262939453,56.75,56.95000076293945,56.650001525878906,56.95000076293945,3117700
2024-06-26,51.61333084106445,56.720001220703125,56.78499984741211,56.54999923706055,56.689998626708984,2332600
2024-06-27,51.63153839111328,56.7400016784668,56.79999923706055,56.619998931884766,56.75,2572300
2024-06-28,51.57693099975586,56.68000030517578,56.88999938964844,56.584999084472656,56.81999969482422,2478100
2024-07-01,51.35726547241211,56.11000061035156,56.5,56.060001373291016,56.4900016784668,3178100
2024-07-02,51.43964767456055,56.20000076293945,56.244998931884766,56.04999923706055,56.099998474121094,2785100
2024-07-03,51.384727478027344,56.13999938964844,56.32500076293945,56.119998931884766,56.29999923706055,2345800
2024-07-05,51.60439682006836,56.380001068115234,56.380001068115234,56.06999969482422,56.20000076293945,2848800
2024-07-08,51.476261138916016,56.2400016784668,56.36000061035156,56.172000885009766,56.34000015258789,2573900
2024-07-09,51.37556838989258,56.130001068115234,56.279998779296875,56.060001373291016,56.279998779296875,3166600
2024-07-10,51.476261138916016,56.2400016784668,56.25,56.029998779296875,56.13999938964844,2833200
2024-07-11,51.84236526489258,56.63999938964844,56.689998626708984,56.244998931884766,56.25,3134200
2024-07-12,52.08950424194336,56.90999984741211,57.029998779296875,56.70000076293945,56.70000076293945,3000100
2024-07-15,52.04374313354492,56.86000061035156,56.97999954223633,56.77000045776367,56.91999816894531,2578300
2024-07-16,52.37324523925781,57.220001220703125,57.220001220703125,56.91999816894531,56.95000076293945,2784800
2024-07-17,52.47393035888672,57.33000183105469,57.5,57.119998931884766,57.13999938964844,3124000
2024-07-18,52.2267951965332,57.060001373291016,57.529998779296875,56.97999954223633,57.33000183105469,3242300
2024-07-19,51.961360931396484,56.77000045776367,57.099998474121094,56.709999084472656,57.04999923706055,2599400
2024-07-22,52.35494613647461,57.20000076293945,57.209999084472656,56.84000015258789,56.95000076293945,3100700
2024-07-23,52.08950424194336,56.90999984741211,57.12799835205078,56.86199951171875,57.119998931884766,2957000
2024-07-24,51.56779098510742,56.34000015258789,56.77899932861328,56.279998779296875,56.720001220703125,2971100
2024-07-25,51.54948425292969,56.31999969482422,56.97999954223633,56.29999923706055,56.40999984741211,2913800
2024-07-26,52.13527297973633,56.959999084472656,57.15999984741211,56.60300064086914,56.63999938964844,2669200
2024-07-29,52.190181732177734,57.02000045776367,57.13999938964844,56.849998474121094,57.06999969482422,2351000
2024-07-30,52.20849609375,57.040000915527344,57.23500061035156,56.75199890136719,57.08000183105469,2810200
2024-07-31,52.6112174987793,57.47999954223633,57.709999084472656,57.275001525878906,57.45000076293945,3420700
2024-08-01,52.435523986816406,57.0,57.53499984741211,56.72999954223633,57.2400016784668,5561200
2024-08-02,51.85595703125,56.369998931884766,56.68000030517578,55.790000915527344,56.529998779296875,6734500
2024-08-05,50.577274322509766,54.97999954223633,55.60499954223633,54.77000045776367,55.029998779296875,9728700
2024-08-06,51.07402801513672,55.52000045776367,56.20600128173828,55.150001525878906,55.2400016784668,5067800
2024-08-07,50.85325241088867,55.279998779296875,56.33000183105469,55.220001220703125,56.02000045776367,3331500
2024-08-08,51.717979431152344,56.220001220703125,56.2599983215332,55.52000045776367,55.54999923706055,2670200
2024-08-09,51.89276885986328,56.40999984741211,56.49599838256836,55.935001373291016,56.20000076293945,2372900
2024-08-12,51.846771240234375,56.36000061035156,56.52799987792969,56.13999938964844,56.470001220703125,2667700
2024-08-13,52.27913284301758,56.83000183105469,56.86000061035156,56.3849983215332,56.5,2599600
2024-08-14,52.49070739746094,57.060001373291016,57.11000061035156,56.81999969482422,56.81999969482422,2461500
2024-08-15,52.9506721496582,57.560001373291016,57.619998931884766,57.29999923706055,57.38999938964844,2810100
2024-08-16,52.99666976928711,57.61000061035156,57.65999984741211,57.459999084472656,57.54999923706055,1841100
2024-08-19,53.189849853515625,57.81999969482422,57.83000183105469,57.630001068115234,57.68000030517578,2918100
2024-08-20,53.208251953125,57.84000015258789,57.88999938964844,57.72100067138672,57.810001373291016,2384100
2024-08-21,53.355438232421875,58.0,58.029998779296875,57.8849983215332,57.939998626708984,2128100
2024-08-22,53.2358512878418,57.869998931884766,58.04999923706055,57.775001525878906,58.029998779296875,2237200
2024-08-23,53.456634521484375,58.11000061035156,58.12799835205078,57.90999984741211,58.029998779296875,2936200
2024-08-26,53.62221908569336,58.290000915527344,58.38999938964844,58.119998931884766,58.119998931884766,2407800
2024-08-27,53.67741012573242,58.349998474121094,58.387001037597656,58.220001220703125,58.29999923706055,1948700
2024-08-28,53.631412506103516,58.29999923706055,58.5,58.17499923706055,58.380001068115234,2411900
2024-08-29,53.86139678955078,58.54999923706055,58.65999984741211,58.29999923706055,58.47999954223633,2772000
2024-08-30,54.11897277832031,58.83000183105469,58.845001220703125,58.43000030517578,58.68000030517578,2154000
2024-09-03,53.80405807495117,58.09000015258789,58.380001068115234,57.90999984741211,58.31999969482422,2982900
2024-09-04,53.89668273925781,58.189998626708984,58.290000915527344,58.0,58.0099983215332,2881300
2024-09-05,53.6558723449707,57.93000030517578,58.27000045776367,57.68000030517578,58.27000045776367,2802300
2024-09-06,53.285377502441406,57.529998779296875,58.189998626708984,57.47999954223633,57.95000076293945,3309400
2024-09-09,53.81332015991211,58.099998474121094,58.22999954223633,57.78499984741211,57.83000183105469,2480000
2024-09-10,53.905941009521484,58.20000076293945,58.224998474121094,57.900001525878906,58.209999084472656,2218900
2024-09-11,54.04487991333008,58.349998474121094,58.38999938964844,57.362998962402344,58.189998626708984,2913900
2024-09-12,54.18380355834961,58.5,58.52000045776367,58.124000549316406,58.40999984741211,3571900
2024-09-13,54.48946762084961,58.83000183105469,58.875,58.540000915527344,58.54999923706055,2039400
2024-09-16,54.69322967529297,59.04999923706055,59.099998474121094,58.85599899291992,58.900001525878906,2678400
2024-09-17,54.65617752075195,59.0099983215332,59.150001525878906,58.85499954223633,59.130001068115234,2321300
2024-09-18,54.507991790771484,58.849998474121094,59.2599983215332,58.79499816894531,59.0099983215332,2813200
2024-09-19,54.8414192199707,59.209999084472656,59.290000915527344,59.05400085449219,59.279998779296875,2708900
2024-09-20,54.785850524902344,59.150001525878906,59.15999984741211,58.96500015258789,59.11000061035156,2307300
2024-09-23,54.94330978393555,59.31999969482422,59.369998931884766,59.18000030517578,59.220001220703125,2669100
2024-09-24,54.878475189208984,59.25,59.380001068115234,59.165000915527344,59.380001068115234,3451800
2024-09-25,54.767330169677734,59.130001068115234,59.314998626708984,59.04499816894531,59.310001373291016,2537100
2024-09-26,54.94330978393555,59.31999969482422,59.349998474121094,59.17499923706055,59.349998474121094,2691000
2024-09-27,55.02666473388672,59.40999984741211,59.58000183105469,59.34000015258789,59.439998626708984,2623300
2024-09-30,55.11928939819336,59.5099983215332,59.5099983215332,59.20000076293945,59.45000076293945,3287600
2024-10-01,55.11183547973633,59.11000061035156,59.209999084472656,58.90999984741211,59.099998474121094,3973900
2024-10-02,55.18642044067383,59.189998626708984,59.19599914550781,58.84000015258789,59.099998474121094,3256000
2024-10-03,54.92535400390625,58.90999984741211,59.13999938964844,58.86000061035156,59.13999938964844,3159600
2024-10-04,55.149131774902344,59.150001525878906,59.189998626708984,58.880001068115234,59.130001068115234,2174500
2024-10-07,54.86009216308594,58.84000015258789,59.11000061035156,58.70000076293945,59.11000061035156,2845400
2024-10-08,54.99995422363281,58.9900016784668,59.02000045776367,58.86000061035156,58.93000030517578,2081000
2024-10-09,55.214393615722656,59.220001220703125,59.244998931884766,58.95899963378906,59.029998779296875,2536200
2024-10-10,55.149131774902344,59.150001525878906,59.25,59.064998626708984,59.25,1962700
2024-10-11,55.43815994262695,59.459999084472656,59.47999954223633,59.16999816894531,59.16999816894531,2521600
2024-10-14,55.6712532043457,59.709999084472656,59.729000091552734,59.435001373291016,59.529998779296875,2273100
2024-10-15,55.54071807861328,59.56999969482422,59.84000015258789,59.529998779296875,59.79999923706055,2479400
2024-10-16,55.727195739746094,59.77000045776367,59.79999923706055,59.5099983215332,59.61000061035156,2556700
2024-10-17,55.792457580566406,59.84000015258789,59.90999984741211,59.7400016784668,59.86000061035156,2435700
2024-10-18,55.84839630126953,59.900001525878906,59.970001220703125,59.724998474121094,59.869998931884766,2356500
2024-10-21,55.61530303955078,59.650001525878906,59.93000030517578,59.57500076293945,59.84000015258789,2428400
2024-10-22,55.56869125366211,59.599998474121094,59.63999938964844,59.439998626708984,59.59000015258789,2309000
2024-10-23,55.50342559814453,59.529998779296875,59.59000015258789,59.279998779296875,59.54999923706055,2546100
2024-10-24,55.372894287109375,59.38999938964844,59.63999938964844,59.310001373291016,59.63999938964844,2427600
2024-10-25,55.223716735839844,59.22999954223633,59.619998931884766,59.1619987487793,59.619998931884766,2625700
2024-10-28,55.34492492675781,59.36000061035156,59.4900016784668,59.34000015258789,59.45000076293945,2601200
2024-10-29,55.2330436706543,59.2400016784668,59.400001525878906,59.12099838256836,59.31999969482422,2637200
2024-10-30,55.149131774902344,59.150001525878906,59.310001373291016,59.060001373291016,59.220001220703125,3314900
2024-10-31,54.72024154663086,58.689998626708984,59.130001068115234,58.689998626708984,59.06999969482422,3278600
2024-11-01,54.86568832397461,58.470001220703125,58.79999923706055,58.44499969482422,58.560001373291016,3243700
2024-11-04,54.828155517578125,58.43000030517578,58.61000061035156,58.25,58.47999954223633,3134400
2024-11-05,55.25041198730469,58.880001068115234,58.900001525878906,58.34000015258789,58.5099983215332,2983600
2024-11-06,55.91664123535156,59.59000015258789,59.770999908447266,59.3129997253418,59.75,5059100
2024-11-07,55.9917106628418,59.66999816894531,59.75,59.599998474121094,59.70000076293945,4734800
2024-11-08,56.32952880859375,60.029998779296875,60.099998474121094,59.7599983215332,59.7599983215332,2982500
2024-11-11,56.37643814086914,60.08000183105469,60.20000076293945,60.01499938964844,60.029998779296875,2751800
2024-11-12,56.27322006225586,59.970001220703125,60.15999984741211,59.935001373291016,60.099998474121094,2931900
2024-11-13,56.32013702392578,60.02000045776367,60.10499954223633,59.939998626708984,60.060001373291016,2667500
2024-11-14,56.094932556152344,59.779998779296875,60.060001373291016,59.73500061035156,60.060001373291016,3388300
2024-11-15,55.616371154785156,59.27000045776367,59.66999816894531,59.15999984741211,59.66999816894531,4671500
2024-11-18,55.766510009765625,59.43000030517578,59.54999923706055,59.189998626708984,59.310001373291016,3546200
2024-11-19,55.74773406982422,59.40999984741211,59.46500015258789,58.9900016784668,59.189998626708984,3730800
2024-11-20,55.81343078613281,59.47999954223633,59.525001525878906,59.09000015258789,59.439998626708984,3304100
2024-11-21,56.216922760009766,59.90999984741211,59.959999084472656,59.41999816894531,59.72999954223633,3310200
2024-11-22,56.451507568359375,60.15999984741211,60.19599914550781,60.0,60.0,2764500
2024-11-25,56.77054977416992,60.5,60.54999923706055,60.34000015258789,60.400001525878906,3258900
2024-11-26,56.939456939697266,60.68000030517578,60.68000030517578,60.459999084472656,60.66999816894531,2687200
2024-11-27,56.94883728027344,60.689998626708984,60.82500076293945,60.65999984741211,60.70000076293945,3215000
2024-11-29,57.08020782470703,60.83000183105469,60.880001068115234,60.70000076293945,60.75,1645000
2024-12-02,56.95930099487305,60.29999923706055,60.529998779296875,60.1349983215332,60.529998779296875,3195300
2024-12-03,56.76093292236328,60.09000015258789,60.34000015258789,60.060001373291016,60.34000015258789,3223800
2024-12-04,56.83649826049805,60.16999816894531,60.2400016784668,60.060001373291016,60.2400016784668,3378200
2024-12-05,56.666473388671875,59.9900016784668,60.16999816894531,59.959999084472656,60.16999816894531,3567800
2024-12-06,56.59090805053711,59.90999984741211,60.119998931884766,59.880001068115234,60.04999923706055,3082400
2024-12-09,56.36420440673828,59.66999816894531,60.029998779296875,59.63999938964844,60.029998779296875,2997300
2024-12-10,56.33586502075195,59.63999938964844,59.757999420166016,59.422000885009766,59.72999954223633,3432300
2024-12-11,56.31697463989258,59.619998931884766,59.86000061035156,59.61000061035156,59.720001220703125,3082800
2024-12-12,56.21306610107422,59.5099983215332,59.685001373291016,59.4900016784668,59.619998931884766,2880000
2024-12-13,56.13750076293945,59.43000030517578,59.56999969482422,59.400001525878906,59.529998779296875,2862300
2024-12-16,55.94858169555664,59.22999954223633,59.58000183105469,59.22999954223633,59.5099983215332,4001600
2024-12-17,55.83523178100586,59.11000061035156,59.25,59.0,59.20000076293945,3453000
2024-12-18,54.56001663208008,57.7599983215332,59.189998626708984,57.709999084472656,59.099998474121094,5557200
2024-12-19,54.44667053222656,57.63999938964844,58.189998626708984,57.599998474121094,58.06999969482422,5691100
2024-12-20,54.975643157958984,58.20000076293945,58.47999954223633,57.380001068115234,57.4900016784668,4077200
2024-12-23,55.15511703491211,58.38999938964844,58.43000030517578,57.81999969482422,58.119998931884766,3467200
2024-12-24,55.56129455566406,58.81999969482422,58.849998474121094,58.33000183105469,58.459999084472656,2024100
2024-12-26,55.59907531738281,58.86000061035156,58.900001525878906,58.59000015258789,58.70000076293945,2232600
2024-12-27,55.22124099731445,58.459999084472656,58.7400016784668,58.15999984741211,58.65999984741211,3716800
2024-12-30,54.74894332885742,57.959999084472656,58.15999984741211,57.612998962402344,58.04999923706055,3864900
