Price,Adj Close,Close,High,Low,Open,Volume
Ticker,MSFT,MSFT,MSFT,MSFT,MSFT,MSFT
Date,,,,,,
2018-01-02,79.3285140991211,85.94999694824219,86.30999755859375,85.5,86.12999725341797,22483800
2018-01-03,79.69770050048828,86.3499984741211,86.51000213623047,85.97000122070312,86.05999755859375,26061400
2018-01-04,80.39915466308594,87.11000061035156,87.66000366210938,86.56999969482422,86.58999633789062,21912000
2018-01-05,81.39595031738281,88.19000244140625,88.41000366210938,87.43000030517578,87.66000366210938,23407100
2018-01-08,81.47900390625,88.27999877929688,88.58000183105469,87.5999984741211,88.19999694824219,22113000
2018-01-09,81.42363739013672,88.22000122070312,88.7300033569336,87.86000061035156,88.6500015258789,19484300
2018-01-10,81.05447387695312,87.81999969482422,88.19000244140625,87.41000366210938,87.86000061035156,18652200
2018-01-11,81.29444122314453,88.08000183105469,88.12999725341797,87.23999786376953,88.12999725341797,17808900
2018-01-12,82.69733428955078,89.5999984741211,89.77999877929688,88.44999694824219,88.66999816894531,24271500
2018-01-16,81.54364013671875,88.3499984741211,90.79000091552734,88.01000213623047,90.0999984741211,36599700
2018-01-17,83.19575500488281,90.13999938964844,90.27999877929688,88.75,89.08000183105469,25621200
2018-01-18,83.1587905883789,90.0999984741211,90.66999816894531,89.66000366210938,89.80000305175781,24159700
2018-01-19,83.06652069091797,90.0,90.61000061035156,89.66000366210938,90.13999938964844,36875000
2018-01-22,84.55248260498047,91.61000061035156,91.62000274658203,89.73999786376953,90.0,23601600
2018-01-23,84.82015991210938,91.9000015258789,92.30000305175781,91.54000091552734,91.9000015258789,23412800
2018-01-24,84.7463150024414,91.81999969482422,93.43000030517578,91.58000183105469,92.55000305175781,33277500
2018-01-25,85.217041015625,92.33000183105469,93.23999786376953,91.93000030517578,92.47000122070312,26383200
2018-01-26,86.81375122070312,94.05999755859375,94.05999755859375,92.58000183105469,93.12000274658203,29172200
2018-01-29,86.68453979492188,93.91999816894531,95.44999694824219,93.72000122070312,95.13999938964844,31569900
2018-01-30,85.59544372558594,92.73999786376953,93.66000366210938,92.0999984741211,93.30000305175781,38635100
2018-01-31,87.69055938720703,95.01000213623047,95.4000015258789,93.51000213623047,93.75,48756300
2018-02-01,86.99835205078125,94.26000213623047,96.06999969482422,93.58000183105469,94.79000091552734,47227900
2018-02-02,84.7093734741211,91.77999877929688,93.97000122070312,91.5,93.63999938964844,47867800
2018-02-05,81.2206039428711,88.0,93.23999786376953,88.0,90.55999755859375,51031500
2018-02-06,84.29407501220703,91.33000183105469,91.4800033569336,85.25,86.88999938964844,67998600
2018-02-07,82.7065658569336,89.61000061035156,91.7699966430664,89.19999694824219,90.48999786376953,41107600
2018-02-08,78.46095275878906,85.01000213623047,89.87999725341797,84.76000213623047,89.70999908447266,55628700
2018-02-09,81.38672637939453,88.18000030517578,88.93000030517578,83.83000183105469,86.30000305175781,63499100
2018-02-12,82.26353454589844,89.12999725341797,89.77999877929688,87.93000030517578,88.73999786376953,35720300
2018-02-13,82.9096450805664,89.83000183105469,90.0,87.80000305175781,88.93000030517578,26407700
2018-02-14,84.20780944824219,90.80999755859375,90.98999786376953,88.41000366210938,88.51000213623047,34960900
2018-02-15,85.92333984375,92.66000366210938,92.72000122070312,90.62000274658203,91.20999908447266,27823900
2018-02-16,85.31132507324219,92.0,93.5,91.80000305175781,92.44999694824219,30596900
2018-02-20,85.9789810180664,92.72000122070312,93.05999755859375,91.01000213623047,91.4800033569336,30911700
2018-02-21,84.83838653564453,91.48999786376953,93.36000061035156,91.48999786376953,92.9800033569336,26922500
2018-02-22,85.0609359741211,91.7300033569336,92.7300033569336,91.36000061035156,92.05000305175781,24392800
2018-02-23,87.22156524658203,94.05999755859375,94.06999969482422,92.36000061035156,93.5999984741211,26329200
2018-02-26,88.48265838623047,95.41999816894531,95.44999694824219,94.25,94.4000015258789,30199800
2018-02-27,87.35136413574219,94.19999694824219,95.83999633789062,94.19999694824219,95.73999786376953,25869100
2018-02-28,86.95262145996094,93.7699966430664,95.70999908447266,93.62999725341797,94.83999633789062,31167300
2018-03-01,86.09951782226562,92.8499984741211,94.56999969482422,91.83999633789062,93.98999786376953,37135600
2018-03-02,86.28498840332031,93.05000305175781,93.1500015258789,90.86000061035156,91.58000183105469,32830400
2018-03-05,86.83207702636719,93.63999938964844,94.2699966430664,92.26000213623047,92.33999633789062,23901600
2018-03-06,86.53533935546875,93.31999969482422,94.48999786376953,92.94000244140625,94.33999633789062,22175800
2018-03-07,87.03609466552734,93.86000061035156,93.94000244140625,92.43000030517578,93.16000366210938,26716100
2018-03-08,87.56464385986328,94.43000030517578,95.0999984741211,93.7699966430664,94.2699966430664,25887800
2018-03-09,89.52124786376953,96.54000091552734,96.54000091552734,95.0,95.29000091552734,36937300
2018-03-12,89.73454284667969,96.7699966430664,97.20999908447266,96.04000091552734,96.5,26073700
2018-03-13,87.54610443115234,94.41000366210938,97.23999786376953,93.97000122070312,97.0,35387800
2018-03-14,87.02680969238281,93.8499984741211,95.41000366210938,93.5,95.12000274658203,32132000
2018-03-15,87.33283996582031,94.18000030517578,94.58000183105469,92.83000183105469,93.52999877929688,27611000
2018-03-16,87.72229766845703,94.5999984741211,95.37999725341797,93.91999816894531,94.68000030517578,49081300
2018-03-19,86.13660430908203,92.88999938964844,93.9000015258789,92.11000061035156,93.73999786376953,33344100
2018-03-20,86.35916137695312,93.12999725341797,93.7699966430664,93.0,93.05000305175781,23075200
2018-03-21,85.75643157958984,92.4800033569336,94.05000305175781,92.20999908447266,92.93000030517578,24457100
2018-03-22,83.2619857788086,89.79000091552734,91.75,89.66000366210938,91.2699966430664,38604700
2018-03-23,80.84172821044922,87.18000030517578,90.45999908447266,87.08000183105469,89.5,44068900
2018-03-26,86.96189880371094,93.77999877929688,94.0,90.4000015258789,90.61000061035156,56396800
2018-03-27,82.96525573730469,89.47000122070312,95.13999938964844,88.51000213623047,94.94000244140625,56569000
2018-03-28,82.89105224609375,89.38999938964844,91.2300033569336,88.87000274658203,89.81999969482422,52501100
2018-03-29,84.6343994140625,91.2699966430664,92.29000091552734,88.4000015258789,90.18000030517578,45867500
2018-04-02,82.08432006835938,88.5199966430664,90.87999725341797,87.51000213623047,90.47000122070312,48515400
2018-04-03,83.18779754638672,89.70999908447266,90.05000305175781,87.88999938964844,89.58000183105469,37213800
2018-04-04,85.6173324584961,92.33000183105469,92.76000213623047,87.7300033569336,87.8499984741211,35560000
2018-04-05,85.66370391845703,92.37999725341797,93.06999969482422,91.4000015258789,92.44000244140625,29771900
2018-04-06,83.67002868652344,90.2300033569336,92.45999908447266,89.4800033569336,91.48999786376953,38026000
2018-04-09,84.17071533203125,90.7699966430664,93.16999816894531,90.62000274658203,91.04000091552734,31533900
2018-04-10,86.12732696533203,92.87999725341797,93.27999877929688,91.63999938964844,92.38999938964844,26812000
2018-04-11,85.18148803710938,91.86000061035156,93.29000091552734,91.4800033569336,92.01000213623047,24872100
2018-04-12,86.77645111083984,93.58000183105469,94.16000366210938,92.43000030517578,92.43000030517578,26758900
2018-04-13,86.31279754638672,93.08000183105469,94.18000030517578,92.44000244140625,94.05000305175781,23346100
2018-04-16,87.32354736328125,94.16999816894531,94.66000366210938,93.41999816894531,94.06999969482422,20288100
2018-04-17,89.08544158935547,96.06999969482422,96.54000091552734,94.87999725341797,95.0,26771000
2018-04-18,89.42852783203125,96.44000244140625,96.72000122070312,95.5199966430664,96.22000122070312,21043300
2018-04-19,89.12252044677734,96.11000061035156,97.06999969482422,95.33999633789062,96.44000244140625,23552500
2018-04-20,88.09319305419922,95.0,96.11000061035156,94.05000305175781,95.91000366210938,31154400
2018-04-23,88.41776275634766,95.3499984741211,96.29000091552734,94.62999725341797,95.73999786376953,22331800
2018-04-24,86.34989929199219,93.12000274658203,96.47000122070312,92.41000366210938,96.23999786376953,34524800
2018-04-25,85.59876251220703,92.30999755859375,93.30000305175781,90.27999877929688,93.30000305175781,33729300
2018-04-26,87.4070053100586,94.26000213623047,95.1500015258789,93.0999984741211,93.55000305175781,42529000
2018-04-27,88.85359191894531,95.81999969482422,97.9000015258789,93.91000366210938,97.5999984741211,48272800
2018-04-30,86.7208023071289,93.5199966430664,96.4000015258789,93.1500015258789,96.33000183105469,41523600
2018-05-01,88.09319305419922,95.0,95.29000091552734,92.79000091552734,93.20999908447266,31408900
2018-05-02,86.71153259277344,93.51000213623047,95.16999816894531,93.19000244140625,94.98999786376953,27471000
2018-05-03,87.23081970214844,94.06999969482422,94.93000030517578,92.44999694824219,92.95999908447266,31142500
2018-05-04,88.2415542602539,95.16000366210938,95.37000274658203,92.91999816894531,93.31999969482422,22531300
2018-05-07,89.2245101928711,96.22000122070312,96.70999908447266,95.0999984741211,95.16999816894531,24242000
2018-05-08,88.84431457519531,95.80999755859375,96.16000366210938,95.05999755859375,95.8499984741211,23484600
2018-05-09,89.89217376708984,96.94000244140625,96.97000122070312,95.05000305175781,96.01000213623047,27327400
2018-05-10,90.79164123535156,97.91000366210938,97.94999694824219,97.05000305175781,97.45999908447266,22388100
2018-05-11,90.5969009399414,97.69999694824219,97.87000274658203,97.04000091552734,97.80000305175781,16778300
2018-05-14,90.90292358398438,98.02999877929688,98.69000244140625,97.30999755859375,97.91999816894531,19454100
2018-05-15,90.2445297241211,97.31999969482422,97.8499984741211,96.33999633789062,97.23999786376953,24594000
2018-05-16,90.47737884521484,97.1500015258789,97.4000015258789,96.62000274658203,97.36000061035156,17384700
2018-05-17,89.57400512695312,96.18000030517578,97.54000091552734,95.83000183105469,96.76000213623047,17246700
2018-05-18,89.74162292480469,96.36000061035156,96.93000030517578,96.01000213623047,96.01000213623047,17865800
2018-05-21,90.89647674560547,97.5999984741211,98.01000213623047,96.80000305175781,97.0,19422500
2018-05-22,90.80331420898438,97.5,98.16999816894531,97.19999694824219,97.68000030517578,15441200
2018-05-23,91.88365173339844,98.66000366210938,98.7300033569336,96.31999969482422,96.70999908447266,21251200
2018-05-24,91.55767822265625,98.30999755859375,98.94000244140625,96.80999755859375,98.7300033569336,26649300
2018-05-25,91.60425567626953,98.36000061035156,98.9800033569336,97.86000061035156,98.30000305175781,18363900
2018-05-29,91.27828979492188,98.01000213623047,98.87999725341797,97.2300033569336,97.83999633789062,28671000
2018-05-30,92.15370178222656,98.94999694824219,99.25,97.91000366210938,98.30999755859375,22158500
2018-05-31,92.0512924194336,98.83999633789062,99.98999786376953,98.61000061035156,99.29000091552734,34140900
2018-06-01,93.86735534667969,100.79000091552734,100.86000061035156,99.16999816894531,99.27999877929688,28655600
2018-06-04,94.68692016601562,101.66999816894531,101.86000061035156,100.8499984741211,101.26000213623047,27281600
2018-06-05,95.17118835449219,102.19000244140625,102.33000183105469,101.52999877929688,102.0,23514400
2018-06-06,95.45062255859375,102.48999786376953,102.5999984741211,101.9000015258789,102.4800033569336,21122900
2018-06-07,93.95115661621094,100.87999725341797,102.69000244140625,100.37999725341797,102.6500015258789,28232200
2018-06-08,94.64965057373047,101.62999725341797,101.94999694824219,100.54000091552734,101.08999633789062,22165100
2018-06-11,94.10950469970703,101.05000305175781,101.58999633789062,100.66999816894531,101.01000213623047,23490900
2018-06-12,94.35163879394531,101.30999755859375,101.44999694824219,100.75,101.0999984741211,18325200
2018-06-13,93.9232406616211,100.8499984741211,102.01000213623047,100.55999755859375,101.72000122070312,29492900
2018-06-14,94.4540786743164,101.41999816894531,102.02999877929688,101.0,101.6500015258789,25691800
2018-06-15,93.25267791748047,100.12999725341797,101.52999877929688,100.06999969482422,101.51000213623047,65738600
2018-06-18,93.93254852294922,100.86000061035156,101.11000061035156,99.41999816894531,100.01000213623047,23586000
2018-06-19,93.93254852294922,100.86000061035156,101.0,99.5,99.6500015258789,28653100
2018-06-20,94.8731918334961,101.87000274658203,102.5199966430664,101.12000274658203,101.37000274658203,26180800
2018-06-21,94.19332122802734,101.13999938964844,102.45999908447266,100.87999725341797,102.08000183105469,23198200
2018-06-22,93.51346588134766,100.41000366210938,100.7699966430664,99.62999725341797,100.41000366210938,38923100
2018-06-25,91.63219451904297,98.38999938964844,100.11000061035156,97.30000305175781,100.0,35433300
2018-06-26,92.2748031616211,99.08000183105469,100.08000183105469,98.75,98.81999969482422,26897200
2018-06-27,90.84059143066406,97.54000091552734,100.0199966430664,97.4000015258789,99.58000183105469,31298400
2018-06-28,91.85570526123047,98.62999725341797,99.11000061035156,97.26000213623047,97.37999725341797,26650700
2018-06-29,91.83708953857422,98.61000061035156,99.91000366210938,98.33000183105469,98.93000030517578,28053200
2018-07-02,93.14092254638672,100.01000213623047,100.05999755859375,98.0,98.0999984741211,19564500
2018-07-03,92.2468490600586,99.05000305175781,100.62999725341797,98.94000244140625,100.4800033569336,14670300
2018-07-05,92.90812683105469,99.76000213623047,99.91999816894531,99.02999877929688,99.5,18977400
2018-07-06,94.21197509765625,101.16000366210938,101.43000030517578,99.66999816894531,99.88999938964844,19234600
2018-07-09,94.85455322265625,101.8499984741211,102.25,101.25,101.6500015258789,18212000
2018-07-10,95.10601806640625,102.12000274658203,102.51000213623047,101.86000061035156,102.0,19293100
2018-07-11,94.97563171386719,101.9800033569336,102.33999633789062,101.0999984741211,101.1500015258789,19644600
2018-07-12,97.03382873535156,104.19000244140625,104.41000366210938,102.7300033569336,102.7699966430664,24335900
2018-07-13,98.18865966796875,105.43000030517578,105.5999984741211,104.08999633789062,104.37000274658203,24635200
2018-07-16,97.70438385009766,104.91000366210938,105.81999969482422,104.5199966430664,105.4000015258789,21786900
2018-07-17,98.6729507446289,105.94999694824219,106.5,104.31999969482422,104.61000061035156,25901700
2018-07-18,97.89995574951172,105.12000274658203,106.05000305175781,104.72000122070312,105.94000244140625,29493900
2018-07-19,97.22940063476562,104.4000015258789,105.30999755859375,103.88999938964844,104.93000030517578,40171600
2018-07-20,98.9709701538086,106.2699966430664,108.19999694824219,106.08000183105469,108.08000183105469,56004000
2018-07-23,100.55420684814453,107.97000122070312,108.13999938964844,106.12999725341797,106.30000305175781,29707000
2018-07-24,100.26551818847656,107.66000366210938,108.81999969482422,107.26000213623047,108.56999969482422,26316600
2018-07-25,103.2177963256836,110.83000183105469,111.1500015258789,107.5999984741211,107.95999908447266,30702100
2018-07-26,102.09089660644531,109.62000274658203,111.0,109.5,110.73999786376953,31372100
2018-07-27,100.28412628173828,107.68000030517578,110.18000030517578,106.13999938964844,110.18000030517578,37005300
2018-07-30,98.1327896118164,105.37000274658203,107.52999877929688,104.76000213623047,107.19000244140625,34668300
2018-07-31,98.79400634765625,106.08000183105469,106.72000122070312,105.37999725341797,106.48999786376953,27655200
2018-08-01,98.98027801513672,106.27999877929688,106.44999694824219,105.41999816894531,106.02999877929688,23628700
2018-08-02,100.18170928955078,107.56999969482422,108.08999633789062,104.83999633789062,105.4000015258789,26104300
2018-08-03,100.61940002441406,108.04000091552734,108.05000305175781,106.81999969482422,107.80000305175781,18659600
2018-08-06,100.7032241821289,108.12999725341797,108.41999816894531,107.55999755859375,108.12000274658203,20265900
2018-08-07,101.40170288085938,108.87999725341797,109.0999984741211,108.16999816894531,108.55999755859375,16080200
2018-08-08,101.96980285644531,109.48999786376953,109.75,108.76000213623047,109.33000183105469,15487500
2018-08-09,102.137451171875,109.66999816894531,110.16000366210938,109.5999984741211,109.70999908447266,13677200
2018-08-10,101.51345825195312,109.0,109.69000244140625,108.37999725341797,109.41999816894531,18183700
2018-08-13,100.7777328491211,108.20999908447266,109.58000183105469,108.0999984741211,109.23999786376953,18472500
2018-08-14,102.03498840332031,109.55999755859375,109.75,108.04000091552734,108.55999755859375,16788300
2018-08-15,100.65135955810547,107.66000366210938,108.98999786376953,106.81999969482422,108.48999786376953,29982800
2018-08-16,100.63265228271484,107.63999938964844,108.86000061035156,107.30000305175781,108.30000305175781,21384300
2018-08-17,100.57656860351562,107.58000183105469,107.9000015258789,106.69000244140625,107.36000061035156,18061500
2018-08-20,99.91278076171875,106.87000274658203,107.9000015258789,106.4800033569336,107.51000213623047,17914200
2018-08-21,99.08071899414062,105.9800033569336,107.3499984741211,105.8499984741211,106.91999816894531,22881900
2018-08-22,100.09042358398438,107.05999755859375,107.33999633789062,105.77999877929688,105.8499984741211,18000600
2018-08-23,100.55783081054688,107.55999755859375,108.18000030517578,106.87000274658203,107.1500015258789,18167700
2018-08-24,101.34317779541016,108.4000015258789,108.55999755859375,107.55999755859375,107.66999816894531,17234000
2018-08-27,102.46507263183594,109.5999984741211,109.63999938964844,108.51000213623047,109.2699966430664,19662300
2018-08-28,103.08209228515625,110.26000213623047,110.5,109.79000091552734,109.94000244140625,19151500
2018-08-29,104.72750854492188,112.0199966430664,112.02999877929688,110.2699966430664,110.44999694824219,20818000
2018-08-30,104.66205596923828,111.94999694824219,112.61000061035156,111.44000244140625,111.66999816894531,22798700
2018-08-31,105.01732635498047,112.33000183105469,112.77999877929688,111.5199966430664,111.69000244140625,23222700
2018-09-04,104.43767547607422,111.70999908447266,111.95999908447266,110.22000122070312,110.8499984741211,22634600
2018-09-05,101.42731475830078,108.48999786376953,111.41999816894531,108.0999984741211,111.01000213623047,32872400
2018-09-06,101.6610336303711,108.73999786376953,108.98999786376953,107.51000213623047,108.25,23477600
2018-09-07,101.16552734375,108.20999908447266,108.72000122070312,107.2300033569336,108.2300033569336,22498600
2018-09-10,102.2593994140625,109.37999725341797,109.63999938964844,108.36000061035156,108.83999633789062,20727900
2018-09-11,103.998291015625,111.23999786376953,111.58999633789062,108.88999938964844,108.9000015258789,24301800
2018-09-12,104.43767547607422,111.70999908447266,111.8499984741211,110.51000213623047,111.43000030517578,18891100
2018-09-13,105.5595932006836,112.91000366210938,113.7300033569336,112.12000274658203,112.12000274658203,26055600
2018-09-14,105.98960876464844,113.37000274658203,113.7300033569336,112.44000244140625,113.36000061035156,19122300
2018-09-17,104.83971405029297,112.13999938964844,113.69999694824219,111.86000061035156,113.69000244140625,20736500
2018-09-18,105.84003448486328,113.20999908447266,113.69999694824219,111.72000122070312,112.19000244140625,22170900
2018-09-19,104.4283447265625,111.69999694824219,113.31999969482422,111.04000091552734,113.05000305175781,21728400
2018-09-20,106.17662048339844,113.56999969482422,113.80000305175781,111.93000030517578,112.27999877929688,23714500
2018-09-21,106.8216781616211,114.26000213623047,115.29000091552734,113.51000213623047,114.0,71229700
2018-09-24,107.20498657226562,114.66999816894531,114.9000015258789,112.22000122070312,113.02999877929688,27334500
2018-09-25,106.99933624267578,114.44999694824219,115.0999984741211,113.75,114.80000305175781,22668000
2018-09-26,106.55990600585938,113.9800033569336,115.05999755859375,113.73999786376953,114.47000122070312,19352000
2018-09-27,106.96194458007812,114.41000366210938,114.91000366210938,114.19999694824219,114.77999877929688,19091300
2018-09-28,106.92454528808594,114.37000274658203,114.56999969482422,113.68000030517578,114.19000244140625,21647800
2018-10-01,108.08380126953125,115.61000061035156,115.68000030517578,114.7300033569336,114.75,18883100
2018-10-02,107.65376281738281,115.1500015258789,115.83999633789062,114.44000244140625,115.30000305175781,20787200
2018-10-03,107.67243957519531,115.16999816894531,116.18000030517578,114.93000030517578,115.41999816894531,16648000
2018-10-04,105.4473876953125,112.79000091552734,114.76000213623047,111.62999725341797,114.61000061035156,34821700
2018-10-05,104.83032989501953,112.12999725341797,113.16999816894531,110.63999938964844,112.62999725341797,29068900
2018-10-08,103.63367462158203,110.8499984741211,112.02999877929688,109.33999633789062,111.66000366210938,29640600
2018-10-09,104.95189666748047,112.26000213623047,113.08000183105469,110.80000305175781,111.13999938964844,26198600
2018-10-10,99.2490005493164,106.16000366210938,111.5,105.79000091552734,111.23999786376953,61376300
2018-10-11,99.01527404785156,105.91000366210938,108.93000030517578,104.19999694824219,105.3499984741211,63904300
2018-10-12,102.4369888305664,109.56999969482422,111.23999786376953,107.12000274658203,109.01000213623047,47742100
2018-10-15,100.5952377319336,107.5999984741211,109.4800033569336,106.94999694824219,108.91000366210938,32068100
2018-10-16,103.77392578125,111.0,111.41000366210938,108.94999694824219,109.54000091552734,31610200
2018-10-17,103.50279998779297,110.70999908447266,111.80999755859375,109.55000305175781,111.68000030517578,26548200
2018-10-18,101.43667602539062,108.5,110.52999877929688,107.83000183105469,110.0999984741211,32506200
2018-10-19,101.58627319335938,108.66000366210938,110.86000061035156,108.20999908447266,108.93000030517578,32785500
2018-10-22,102.49312591552734,109.62999725341797,110.54000091552734,108.23999786376953,109.31999969482422,26545600
2018-10-23,101.06269836425781,108.0999984741211,108.97000122070312,105.11000061035156,107.7699966430664,43770400
2018-10-24,95.65898895263672,102.31999969482422,108.48999786376953,101.58999633789062,108.41000366210938,63897800
2018-10-25,101.24968719482422,108.30000305175781,109.2699966430664,106.1500015258789,106.55000305175781,61646800
2018-10-26,99.9969253540039,106.95999908447266,108.75,104.76000213623047,105.69000244140625,55523100
2018-10-29,97.08936309814453,103.8499984741211,108.69999694824219,101.62999725341797,108.11000061035156,55162000
2018-10-30,96.97720336914062,103.7300033569336,104.37999725341797,100.11000061035156,103.66000366210938,65350900
2018-10-31,99.85667419433594,106.80999755859375,108.13999938964844,105.38999938964844,105.44000244140625,51062400
2018-11-01,99.0246353149414,105.91999816894531,107.31999969482422,105.52999877929688,107.05000305175781,33384200
2018-11-02,99.2490005493164,106.16000366210938,107.31999969482422,104.9800033569336,106.4800033569336,37680200
2018-11-05,100.51112365722656,107.51000213623047,107.73999786376953,105.9000015258789,106.37000274658203,27922100
2018-11-06,100.70745849609375,107.72000122070312,108.83999633789062,106.27999877929688,107.37999725341797,24340200
2018-11-07,104.67142486572266,111.95999908447266,112.23999786376953,109.4000015258789,109.44000244140625,37901700
2018-11-08,104.47509002685547,111.75,112.20999908447266,110.91000366210938,111.80000305175781,25644100
2018-11-09,102.4369888305664,109.56999969482422,111.44999694824219,108.76000213623047,110.8499984741211,32039200
2018-11-12,99.91278076171875,106.87000274658203,109.95999908447266,106.0999984741211,109.41999816894531,33621800
2018-11-13,99.97821044921875,106.94000244140625,108.73999786376953,106.63999938964844,107.55000305175781,35374600
2018-11-14,98.56044006347656,104.97000122070312,108.26000213623047,104.47000122070312,108.0999984741211,39495100
2018-11-15,100.72938537597656,107.27999877929688,107.80000305175781,103.91000366210938,104.98999786376953,38505200
2018-11-16,101.67768859863281,108.29000091552734,108.87999725341797,106.80000305175781,107.08000183105469,33502100
2018-11-19,98.23179626464844,104.62000274658203,108.55999755859375,103.55000305175781,108.2699966430664,44773900
2018-11-20,95.49947357177734,101.70999908447266,102.97000122070312,99.3499984741211,101.80000305175781,64052500
2018-11-21,96.8139877319336,103.11000061035156,104.43000030517578,102.23999786376953,103.5999984741211,28130600
2018-11-23,96.77641296386719,103.06999969482422,103.80999755859375,102.0,102.16999816894531,13823100
2018-11-26,99.96883392333984,106.47000122070312,106.62999725341797,104.58000183105469,104.79000091552734,32336200
2018-11-27,100.59790802001953,107.13999938964844,107.33000183105469,105.36000061035156,106.2699966430664,29124500
2018-11-28,104.33491516113281,111.12000274658203,111.33000183105469,107.86000061035156,107.88999938964844,46788500
2018-11-29,103.46167755126953,110.19000244140625,111.12000274658203,109.02999877929688,110.33000183105469,28123200
2018-11-30,104.11895751953125,110.88999938964844,110.97000122070312,109.36000061035156,110.69999694824219,33665600
2018-12-03,105.24565124511719,112.08999633789062,113.41999816894531,110.7300033569336,113.0,34732800
2018-12-04,101.8936538696289,108.5199966430664,112.63999938964844,108.20999908447266,111.94000244140625,45197000
2018-12-06,102.52275085449219,109.19000244140625,109.23999786376953,105.0,105.81999969482422,49107400
2018-12-07,98.4195785522461,104.81999969482422,109.44999694824219,104.30000305175781,108.37999725341797,45044900
2018-12-10,101.02044677734375,107.58999633789062,107.9800033569336,103.88999938964844,104.80000305175781,40801500
2018-12-11,101.9593734741211,108.58999633789062,110.94999694824219,107.44000244140625,109.80000305175781,42381900
2018-12-12,102.4194564819336,109.08000183105469,111.2699966430664,109.04000091552734,110.88999938964844,36183000
2018-12-13,102.7668685913086,109.44999694824219,110.87000274658203,108.62999725341797,109.58000183105469,31333400
2018-12-14,99.55571746826172,106.02999877929688,109.26000213623047,105.5,108.25,47043100
2018-12-17,96.60742950439453,102.88999938964844,105.80000305175781,101.70999908447266,105.41000366210938,56957300
2018-12-18,97.62150573730469,103.97000122070312,104.51000213623047,102.5199966430664,103.75,49319200
2018-12-19,97.35856628417969,103.69000244140625,106.87999725341797,101.3499984741211,103.6500015258789,68198200
2018-12-20,95.31172180175781,101.51000213623047,104.30999755859375,98.77999877929688,103.05000305175781,70334200
2018-12-21,92.23197174072266,98.2300033569336,103.0,97.45999908447266,101.62999725341797,111242100
2018-12-24,88.38232421875,94.12999725341797,97.97000122070312,93.9800033569336,97.68000030517578,43935200
2018-12-26,94.4197006225586,100.55999755859375,100.69000244140625,93.95999908447266,95.13999938964844,51634800
2018-12-27,95.00186157226562,101.18000030517578,101.19000244140625,96.4000015258789,99.30000305175781,49498500
2018-12-28,94.26009368896484,100.38999938964844,102.41000366210938,99.5199966430664,102.08999633789062,38196300
2018-12-31,95.36803436279297,101.56999969482422,102.4000015258789,100.44000244140625,101.29000091552734,33173800
2019-01-02,94.94551849365234,101.12000274658203,101.75,98.94000244140625,99.55000305175781,35329300
2019-01-03,91.45265197753906,97.4000015258789,100.19000244140625,97.19999694824219,100.0999984741211,42579100
2019-01-04,95.7060317993164,101.93000030517578,102.51000213623047,98.93000030517578,99.72000122070312,44060600
2019-01-07,95.82811737060547,102.05999755859375,103.2699966430664,100.9800033569336,101.63999938964844,35656100
2019-01-08,96.52291107177734,102.80000305175781,103.97000122070312,101.70999908447266,103.04000091552734,31514400
2019-01-09,97.90316772460938,104.2699966430664,104.87999725341797,103.23999786376953,103.86000061035156,32280800
2019-01-10,97.27407836914062,103.5999984741211,103.75,102.37999725341797,103.22000122070312,30067600
2019-01-11,96.52291107177734,102.80000305175781,103.44000244140625,101.63999938964844,103.19000244140625,28314200
2019-01-14,95.8187484741211,102.05000305175781,102.87000274658203,101.26000213623047,101.9000015258789,28437100
2019-01-15,98.59798431396484,105.01000213623047,105.05000305175781,101.87999725341797,102.51000213623047,31587600
2019-01-16,98.94538879394531,105.37999725341797,106.26000213623047,104.95999908447266,105.26000213623047,29853900
2019-01-17,99.64019775390625,106.12000274658203,106.62999725341797,104.76000213623047,105.0,28393000
2019-01-18,101.13311767578125,107.70999908447266,107.9000015258789,105.91000366210938,107.45999908447266,37427600
2019-01-22,99.22708129882812,105.68000030517578,107.0999984741211,104.86000061035156,106.75,32371300
2019-01-23,100.19418334960938,106.70999908447266,107.04000091552734,105.33999633789062,106.12000274658203,25874300
2019-01-24,99.7153091430664,106.19999694824219,107.0,105.33999633789062,106.86000061035156,23164800
2019-01-25,100.6260757446289,107.16999816894531,107.87999725341797,106.19999694824219,107.23999786376953,31225600
2019-01-28,98.66370391845703,105.08000183105469,106.4800033569336,104.66000366210938,106.26000213623047,29476700
2019-01-29,96.65438079833984,102.94000244140625,104.97000122070312,102.16999816894531,104.87999725341797,31490500
2019-01-30,99.88431549072266,106.37999725341797,106.37999725341797,104.33000183105469,104.62000274658203,49471900
2019-01-31,98.05338287353516,104.43000030517578,105.22000122070312,103.18000030517578,103.80000305175781,55636400
2019-02-01,96.504150390625,102.77999877929688,104.0999984741211,102.3499984741211,103.77999877929688,35535700
2019-02-04,99.2834243774414,105.73999786376953,105.80000305175781,102.7699966430664,102.87000274658203,31315100
2019-02-05,100.67303466796875,107.22000122070312,107.2699966430664,105.95999908447266,106.05999755859375,27325400
2019-02-06,99.55571746826172,106.02999877929688,107.0,105.52999877929688,107.0,20609800
2019-02-07,98.84210968017578,105.2699966430664,105.58999633789062,104.29000091552734,105.19000244140625,29760700
2019-02-08,99.21769714355469,105.66999816894531,105.77999877929688,104.26000213623047,104.38999938964844,21461100
2019-02-11,98.82330322265625,105.25,106.58000183105469,104.97000122070312,106.19999694824219,18914100
2019-02-12,100.3631591796875,106.88999938964844,107.13999938964844,105.4800033569336,106.13999938964844,25056600
2019-02-13,100.28805541992188,106.80999755859375,107.77999877929688,106.70999908447266,107.5,18394900
2019-02-14,100.37257385253906,106.9000015258789,107.29000091552734,105.66000366210938,106.30999755859375,21784700
2019-02-15,101.6119613647461,108.22000122070312,108.30000305175781,107.36000061035156,107.91000366210938,26606900
2019-02-19,101.56502532958984,108.16999816894531,108.66000366210938,107.77999877929688,107.79000091552734,18038500
2019-02-20,101.03697967529297,107.1500015258789,107.94000244140625,106.29000091552734,107.86000061035156,21607700
2019-02-21,103.16804504394531,109.41000366210938,109.4800033569336,106.87000274658203,106.9000015258789,29063200
2019-02-22,104.63904571533203,110.97000122070312,111.19999694824219,109.81999969482422,110.05000305175781,27763200
2019-02-25,105.22367095947266,111.58999633789062,112.18000030517578,111.26000213623047,111.76000213623047,23750600
2019-02-26,105.94975280761719,112.36000061035156,113.23999786376953,111.16999816894531,111.26000213623047,21536700
2019-02-27,105.77058410644531,112.16999816894531,112.36000061035156,110.87999725341797,111.69000244140625,21487100
2019-02-28,105.6385726928711,112.02999877929688,112.87999725341797,111.7300033569336,112.04000091552734,29083900
2019-03-01,106.11001586914062,112.52999877929688,113.0199966430664,111.66999816894531,112.88999938964844,23501200
2019-03-04,105.85543060302734,112.26000213623047,113.25,110.80000305175781,113.0199966430664,26608000
2019-03-05,105.327392578125,111.69999694824219,112.38999938964844,111.2300033569336,112.25,19538300
2019-03-06,105.3745346069336,111.75,112.66000366210938,111.43000030517578,111.87000274658203,17687000
2019-03-07,104.09213256835938,110.38999938964844,111.55000305175781,109.87000274658203,111.4000015258789,25339000
2019-03-08,104.20527648925781,110.51000213623047,110.70999908447266,108.80000305175781,109.16000366210938,22818400
2019-03-11,106.39293670654297,112.83000183105469,112.94999694824219,110.9800033569336,110.98999786376953,26491600
2019-03-12,107.13785552978516,113.62000274658203,113.98999786376953,112.6500015258789,112.81999969482422,26132700
2019-03-13,107.96766662597656,114.5,115.0,113.77999877929688,114.12999725341797,35513800
2019-03-14,108.0525131225586,114.58999633789062,115.19999694824219,114.33000183105469,114.54000091552734,30763400
2019-03-15,109.2972183227539,115.91000366210938,117.25,114.58999633789062,115.33999633789062,54681100
2019-03-18,110.86251068115234,117.56999969482422,117.61000061035156,116.05000305175781,116.16999816894531,31207600
2019-03-19,110.93794250488281,117.6500015258789,118.44000244140625,116.98999786376953,118.08999633789062,37588700
2019-03-20,110.81536865234375,117.5199966430664,118.75,116.70999908447266,117.38999938964844,28113300
2019-03-21,113.36132049560547,120.22000122070312,120.81999969482422,117.08999633789062,117.13999938964844,29854400
2019-03-22,110.37217712402344,117.05000305175781,119.58999633789062,117.04000091552734,119.5,33624500
2019-03-25,110.94737243652344,117.66000366210938,118.01000213623047,116.31999969482422,116.55999755859375,27067100
2019-03-26,111.18310546875,117.91000366210938,118.70999908447266,116.8499984741211,118.62000274658203,26097700
2019-03-27,110.10814666748047,116.7699966430664,118.20999908447266,115.5199966430664,117.87999725341797,22733400
2019-03-28,110.25904083251953,116.93000030517578,117.58000183105469,116.12999725341797,117.44000244140625,18334800
2019-03-29,111.21141052246094,117.94000244140625,118.31999969482422,116.95999908447266,118.06999969482422,25399800
2019-04-01,112.22978973388672,119.0199966430664,119.11000061035156,118.0999984741211,118.94999694824219,22789100
2019-04-02,112.39009857177734,119.19000244140625,119.4800033569336,118.5199966430664,119.05999755859375,18142300
2019-04-03,113.12557983398438,119.97000122070312,120.43000030517578,119.1500015258789,119.86000061035156,22860700
2019-04-04,112.5503921508789,119.36000061035156,120.2300033569336,118.37999725341797,120.0999984741211,20112800
2019-04-05,113.05014038085938,119.88999938964844,120.2300033569336,119.37000274658203,119.38999938964844,15826200
2019-04-08,113.08785247802734,119.93000030517578,120.0199966430664,118.63999938964844,119.80999755859375,15116200
2019-04-09,112.47493743896484,119.27999877929688,119.54000091552734,118.58000183105469,118.62999725341797,17612000
2019-04-10,113.3330307006836,120.19000244140625,120.3499984741211,119.54000091552734,119.76000213623047,16477200
2019-04-11,113.46504974365234,120.33000183105469,120.8499984741211,119.91999816894531,120.54000091552734,14209100
2019-04-12,114.04965209960938,120.94999694824219,120.9800033569336,120.37000274658203,120.63999938964844,19745100
2019-04-15,114.1439437866211,121.05000305175781,121.58000183105469,120.56999969482422,120.94000244140625,15792600
2019-04-16,113.87993621826172,120.7699966430664,121.6500015258789,120.0999984741211,121.63999938964844,14071800
2019-04-17,114.82289123535156,121.7699966430664,121.8499984741211,120.54000091552734,121.23999786376953,19300900
2019-04-18,116.33160400390625,123.37000274658203,123.5199966430664,121.30000305175781,122.19000244140625,27991000
2019-04-22,116.6993637084961,123.76000213623047,124.0,122.56999969482422,122.62000274658203,15648700
2019-04-23,118.28351593017578,125.44000244140625,125.58000183105469,123.83000183105469,124.0999984741211,24025500
2019-04-24,117.87804412841797,125.01000213623047,125.8499984741211,124.5199966430664,125.79000091552734,31257000
2019-04-25,121.78185272216797,129.14999389648438,131.3699951171875,128.8300018310547,130.05999755859375,38033900
2019-04-26,122.47966003417969,129.88999938964844,130.52000427246094,129.02000427246094,129.6999969482422,23654900
2019-04-29,122.36649322509766,129.77000427246094,130.17999267578125,129.35000610351562,129.89999389648438,16324200
2019-04-30,123.14916229248047,130.60000610351562,130.6999969482422,129.38999938964844,129.80999755859375,24166500
2019-05-01,120.58430480957031,127.87999725341797,130.64999389648438,127.69999694824219,130.52999877929688,26821700
2019-05-02,119.00959014892578,126.20999908447266,128.0,125.5199966430664,127.9800033569336,27350200
2019-05-03,121.54610443115234,128.89999389648438,129.42999267578125,127.25,127.36000061035156,24911100
2019-05-06,120.83890533447266,128.14999389648438,128.55999755859375,126.11000061035156,126.38999938964844,24239800
2019-05-07,118.35895538330078,125.5199966430664,127.18000030517578,124.22000122070312,126.45999908447266,36017700
2019-05-08,118.34952545166016,125.51000213623047,126.37000274658203,124.75,125.44000244140625,28419000
2019-05-09,118.34010314941406,125.5,125.79000091552734,123.56999969482422,124.29000091552734,27235800
2019-05-10,119.8770980834961,127.12999725341797,127.93000030517578,123.81999969482422,124.91000366210938,30915100
2019-05-13,116.312744140625,123.3499984741211,125.55000305175781,123.04000091552734,124.11000061035156,33944900
2019-05-14,117.6140365600586,124.7300033569336,125.87999725341797,123.69999694824219,123.87000274658203,25266300
2019-05-15,119.27027893066406,126.0199966430664,126.70999908447266,123.69999694824219,124.26000213623047,24722700
2019-05-16,122.0244140625,128.92999267578125,129.3800048828125,126.45999908447266,126.75,30112200
2019-05-17,121.21048736572266,128.07000732421875,130.4600067138672,127.91999816894531,128.30999755859375,25770500
2019-05-20,119.45960235595703,126.22000122070312,127.58999633789062,125.76000213623047,126.5199966430664,23706900
2019-05-21,120.1031723022461,126.9000015258789,127.52999877929688,126.58000183105469,127.43000030517578,15293300
2019-05-22,120.83190155029297,127.66999816894531,128.24000549316406,126.5199966430664,126.62000274658203,15396500
2019-05-23,119.42171478271484,126.18000030517578,126.29000091552734,124.73999786376953,126.19999694824219,23603800
2019-05-24,119.47850799560547,126.23999786376953,127.41999816894531,125.97000122070312,126.91000366210938,14123400
2019-05-28,119.40278625488281,126.16000366210938,128.0,126.05000305175781,126.9800033569336,23128400
2019-05-29,118.24812316894531,124.94000244140625,125.38999938964844,124.04000091552734,125.37999725341797,22763100
2019-05-30,118.9958267211914,125.7300033569336,125.76000213623047,124.77999877929688,125.26000213623047,16829600
2019-05-31,117.05562591552734,123.68000030517578,124.62000274658203,123.31999969482422,124.2300033569336,26646800
2019-06-03,113.42127990722656,119.83999633789062,124.37000274658203,119.01000213623047,123.8499984741211,37983600
2019-06-04,116.5634765625,123.16000366210938,123.27999877929688,120.6500015258789,121.27999877929688,29382600
2019-06-05,119.09046936035156,125.83000183105469,125.87000274658203,124.20999908447266,124.94999694824219,24926100
2019-06-06,120.973876953125,127.81999969482422,127.97000122070312,125.5999984741211,126.44000244140625,21459000
2019-06-07,124.36211395263672,131.39999389648438,132.25,128.25999450683594,129.19000244140625,33885600
2019-06-10,125.49787902832031,132.60000610351562,134.0800018310547,132.0,132.39999389648438,26477100
2019-06-11,125.02462768554688,132.10000610351562,134.24000549316406,131.27999877929688,133.8800048828125,23913700
2019-06-12,124.44731140136719,131.49000549316406,131.97000122070312,130.7100067138672,131.39999389648438,17092500
2019-06-13,125.23285675048828,132.32000732421875,133.0,131.55999755859375,131.97999572753906,17200800
2019-06-14,125.35591125488281,132.4499969482422,133.7899932861328,131.63999938964844,132.25999450683594,17821700
2019-06-17,125.73451232910156,132.85000610351562,133.72999572753906,132.52999877929688,132.6300048828125,14517800
2019-06-18,127.92073822021484,135.16000366210938,135.24000549316406,133.57000732421875,134.19000244140625,25934500
2019-06-19,128.42237854003906,135.69000244140625,135.92999267578125,133.80999755859375,135.0,23744400
2019-06-20,129.61483764648438,136.9499969482422,137.66000366210938,135.72000122070312,137.4499969482422,33042600
2019-06-21,129.6338348388672,136.97000122070312,137.72999572753906,136.4600067138672,136.5800018310547,36727900
2019-06-24,130.40040588378906,137.77999877929688,138.39999389648438,137.0,137.0,20628800
2019-06-25,126.28340148925781,133.42999267578125,137.58999633789062,132.72999572753906,137.25,33327400
2019-06-26,126.75657653808594,133.92999267578125,135.74000549316406,133.60000610351562,134.35000610351562,23657700
2019-06-27,126.96482849121094,134.14999389648438,134.7100067138672,133.50999450683594,134.13999938964844,16557500
2019-06-28,126.78504943847656,133.9600067138672,134.60000610351562,133.16000366210938,134.57000732421875,30043000
2019-07-01,128.41285705566406,135.67999267578125,136.6999969482422,134.97000122070312,136.6300048828125,22613500
2019-07-02,129.26467895507812,136.5800018310547,136.58999633789062,135.33999633789062,136.1199951171875,15237800
2019-07-03,130.09756469726562,137.4600067138672,137.74000549316406,136.2899932861328,136.8000030517578,13629300
2019-07-05,129.71897888183594,137.05999755859375,137.3300018310547,135.72000122070312,135.94000244140625,18141100
2019-07-08,129.62432861328125,136.9600067138672,137.10000610351562,135.3699951171875,136.39999389648438,16779700
2019-07-09,129.151123046875,136.4600067138672,136.97000122070312,135.8000030517578,136.0,19953100
2019-07-10,130.46665954589844,137.85000610351562,138.5800018310547,137.02000427246094,137.1300048828125,24204400
2019-07-11,130.9871826171875,138.39999389648438,139.22000122070312,137.8699951171875,138.1999969482422,22327900
2019-07-12,131.46041870117188,138.89999389648438,139.1300048828125,138.00999450683594,138.85000610351562,18936800
2019-07-15,131.46041870117188,138.89999389648438,139.5399932861328,138.4600067138672,139.44000244140625,16651500
2019-07-16,129.73794555664062,137.0800018310547,139.0500030517578,136.52000427246094,138.9600067138672,22726100
2019-07-17,128.97132873535156,136.27000427246094,137.92999267578125,136.22000122070312,137.6999969482422,20211000
2019-07-18,129.11328125,136.4199981689453,136.6199951171875,134.6699981689453,135.5500030517578,30381800
2019-07-19,129.30259704589844,136.6199951171875,140.6699981689453,136.4499969482422,140.22000122070312,48992400
2019-07-22,131.0155792236328,138.42999267578125,139.19000244140625,137.3300018310547,137.41000366210938,25074900
2019-07-23,131.82952880859375,139.2899932861328,139.99000549316406,138.02999877929688,139.75999450683594,18034600
2019-07-24,133.18296813964844,140.72000122070312,140.74000549316406,138.85000610351562,138.89999389648438,20738300
2019-07-25,132.68133544921875,140.19000244140625,140.61000061035156,139.32000732421875,140.42999267578125,18356900
2019-07-26,133.7697296142578,141.33999633789062,141.67999267578125,140.3000030517578,140.3699951171875,19037600
2019-07-29,133.47633361816406,141.02999877929688,141.50999450683594,139.3699951171875,141.5,16605900
2019-07-30,132.83274841308594,140.35000610351562,141.22000122070312,139.8000030517578,140.13999938964844,16846500
2019-07-31,128.97132873535156,136.27000427246094,140.49000549316406,135.0800018310547,140.3300018310547,38598800
2019-08-01,130.66542053222656,138.05999755859375,140.94000244140625,136.92999267578125,137.0,40557500
2019-08-02,129.5675048828125,136.89999389648438,138.32000732421875,135.25999450683594,138.08999633789062,30791600
2019-08-05,125.12874603271484,132.2100067138672,133.92999267578125,130.77999877929688,133.3000030517578,42749600
2019-08-06,127.47586822509766,134.69000244140625,135.67999267578125,133.2100067138672,133.8000030517578,32696700
2019-08-07,128.03428649902344,135.27999877929688,135.64999389648438,131.8300018310547,133.7899932861328,33414500
2019-08-08,131.45095825195312,138.88999938964844,138.99000549316406,135.92999267578125,136.60000610351562,27496500
2019-08-09,130.3341522216797,137.7100067138672,139.3800048828125,136.4600067138672,138.61000061035156,23466700
2019-08-12,128.5169677734375,135.7899932861328,137.86000061035156,135.24000549316406,137.07000732421875,20484300
2019-08-13,131.176513671875,138.60000610351562,138.8000030517578,135.0,136.0500030517578,25154600
2019-08-14,127.2261962890625,133.97999572753906,136.9199981689453,133.6699981689453,136.36000061035156,32527300
2019-08-15,126.94132232666016,133.67999267578125,134.5800018310547,132.25,134.38999938964844,28074400
2019-08-16,129.26783752441406,136.1300048828125,136.4600067138672,134.72000122070312,134.8800048828125,24449100
2019-08-19,131.4329071044922,138.41000366210938,138.5500030517578,136.88999938964844,137.85000610351562,24355700
2019-08-20,130.3408660888672,137.25999450683594,138.7100067138672,137.24000549316406,138.2100067138672,21170800
2019-08-21,131.79371643066406,138.7899932861328,139.49000549316406,138.0,138.5500030517578,14970300
2019-08-22,130.8346710205078,137.77999877929688,139.1999969482422,136.2899932861328,138.66000366210938,18697000
2019-08-23,126.66593170166016,133.38999938964844,138.35000610351562,132.8000030517578,137.19000244140625,38508600
2019-08-26,128.62213134765625,135.4499969482422,135.55999755859375,133.89999389648438,134.99000549316406,20312600
2019-08-27,128.89749145507812,135.74000549316406,136.72000122070312,134.66000366210938,136.38999938964844,23102100
2019-08-28,128.72650146484375,135.55999755859375,135.75999450683594,133.5500030517578,134.8800048828125,17393300
2019-08-29,131.157470703125,138.1199951171875,138.44000244140625,136.91000366210938,137.25,20168700
2019-08-30,130.91064453125,137.86000061035156,139.17999267578125,136.27000427246094,139.14999389648438,23940100
2019-09-03,129.1823272705078,136.0399932861328,137.1999969482422,135.6999969482422,136.61000061035156,18869300
2019-09-04,130.69224548339844,137.6300048828125,137.69000244140625,136.47999572753906,137.3000030517578,17995900
2019-09-05,132.99020385742188,140.0500030517578,140.3800048828125,138.75999450683594,139.11000061035156,26101800
2019-09-06,132.08810424804688,139.10000610351562,140.17999267578125,138.1999969482422,140.02999877929688,20824500
2019-09-09,130.58775329589844,137.52000427246094,139.75,136.4600067138672,139.58999633789062,25773900
2019-09-10,129.2203369140625,136.0800018310547,136.88999938964844,134.50999450683594,136.8000030517578,28903400
2019-09-11,129.25830078125,136.1199951171875,136.27000427246094,135.08999633789062,135.91000366210938,24726100
2019-09-12,130.58775329589844,137.52000427246094,138.4199981689453,136.8699951171875,137.85000610351562,27010000
2019-09-13,130.39781188964844,137.32000732421875,138.05999755859375,136.57000732421875,137.77999877929688,23363100
2019-09-16,129.45773315429688,136.3300018310547,136.6999969482422,135.66000366210938,135.8300018310547,16731400
2019-09-17,130.46429443359375,137.38999938964844,137.52000427246094,136.42999267578125,136.9600067138672,17814200
2019-09-18,131.53732299804688,138.52000427246094,138.6699981689453,136.52999877929688,137.36000061035156,23982100
2019-09-19,133.95884704589844,141.07000732421875,142.3699951171875,140.07000732421875,140.3000030517578,35772100
2019-09-20,132.41094970703125,139.44000244140625,141.64999389648438,138.25,141.00999450683594,39167300
2019-09-23,132.12608337402344,139.13999938964844,139.6300048828125,138.44000244140625,139.22999572753906,17139300
2019-09-24,130.45481872558594,137.3800048828125,140.69000244140625,136.8800048828125,140.36000061035156,29773200
2019-09-25,132.3350067138672,139.36000061035156,139.9600067138672,136.02999877929688,137.5,21382000
2019-09-26,132.5059051513672,139.5399932861328,140.17999267578125,138.44000244140625,139.44000244140625,17456600
2019-09-27,130.7871856689453,137.72999572753906,140.36000061035156,136.64999389648438,140.14999389648438,22477700
2019-09-30,132.02162170410156,139.02999877929688,139.22000122070312,137.77999877929688,138.0500030517578,17280900
2019-10-01,130.1604461669922,137.07000732421875,140.25,137.0,139.66000366210938,21466600
2019-10-02,127.86241912841797,134.64999389648438,136.3699951171875,133.5800018310547,136.25,30521700
2019-10-03,129.4102325439453,136.27999877929688,136.75,133.22000122070312,134.9499969482422,24132900
2019-10-04,131.157470703125,138.1199951171875,138.25,136.4199981689453,136.75,22897700
2019-10-07,130.20791625976562,137.1199951171875,138.17999267578125,137.02000427246094,137.13999938964844,15303700
2019-10-08,128.8310089111328,135.6699981689453,137.75999450683594,135.6199951171875,137.0800018310547,25550500
2019-10-09,131.271484375,138.24000549316406,138.6999969482422,136.97000122070312,137.4600067138672,19749900
2019-10-10,132.08810424804688,139.10000610351562,139.6699981689453,138.25,138.49000549316406,17654600
2019-10-11,132.6388397216797,139.67999267578125,141.02999877929688,139.5,140.1199951171875,25446000
2019-10-14,132.5154266357422,139.5500030517578,140.2899932861328,139.52000427246094,139.69000244140625,13304300
2019-10-15,134.43359375,141.57000732421875,141.7899932861328,139.80999755859375,140.05999755859375,19695700
2019-10-16,133.3320770263672,140.41000366210938,140.99000549316406,139.52999877929688,140.7899932861328,20751600
2019-10-17,132.6483917236328,139.69000244140625,141.4199981689453,139.02000427246094,140.9499969482422,21460600
2019-10-18,130.48329162597656,137.41000366210938,140.0,136.55999755859375,139.75999450683594,32273500
2019-10-21,131.45188903808594,138.42999267578125,138.5,137.00999450683594,138.4499969482422,20078200
2019-10-22,129.49574279785156,136.3699951171875,140.00999450683594,136.25999450683594,138.97000122070312,27431000
2019-10-23,130.32186889648438,137.24000549316406,137.4499969482422,135.61000061035156,136.8800048828125,29844600
2019-10-24,132.88580322265625,139.94000244140625,140.4199981689453,138.6699981689453,139.38999938964844,37029300
2019-10-25,133.63587951660156,140.72999572753906,141.13999938964844,139.1999969482422,139.33999633789062,25959700
2019-10-28,136.92152404785156,144.19000244140625,145.6699981689453,143.50999450683594,144.39999389648438,35280100
2019-10-29,135.63009643554688,142.8300018310547,144.5,142.64999389648438,144.0800018310547,20589500
2019-10-30,137.32034301757812,144.61000061035156,145.0,142.7899932861328,143.52000427246094,18496600
2019-10-31,136.14283752441406,143.3699951171875,144.92999267578125,142.99000549316406,144.89999389648438,24605100
2019-11-01,136.47525024414062,143.72000122070312,144.4199981689453,142.97000122070312,144.25999450683594,33128400
2019-11-04,137.26339721679688,144.5500030517578,145.0,144.16000366210938,144.8300018310547,16912000
2019-11-05,137.1779022216797,144.4600067138672,145.02000427246094,143.91000366210938,144.97000122070312,18250200
2019-11-06,136.79808044433594,144.05999755859375,144.52000427246094,143.1999969482422,144.3699951171875,16575800
2019-11-07,136.9879608154297,144.25999450683594,144.8800048828125,143.77000427246094,143.83999633789062,17786700
2019-11-08,138.60227966308594,145.9600067138672,145.99000549316406,143.75999450683594,143.97999572753906,16732700
2019-11-11,138.74473571777344,146.11000061035156,146.4199981689453,144.72999572753906,145.33999633789062,14362600
2019-11-12,139.65634155273438,147.07000732421875,147.57000732421875,146.05999755859375,146.27999877929688,18641600
2019-11-13,139.88421630859375,147.30999755859375,147.4600067138672,146.27999877929688,146.74000549316406,16919200
2019-11-14,140.596435546875,148.05999755859375,148.41000366210938,147.0,147.02000427246094,19729800
2019-11-15,142.41012573242188,149.97000122070312,149.99000549316406,148.27000427246094,148.92999267578125,23485700
2019-11-18,142.76148986816406,150.33999633789062,150.5500030517578,148.97999572753906,150.07000732421875,21534000
2019-11-19,142.80897521972656,150.38999938964844,151.3300018310547,150.1999969482422,150.8800048828125,23935700
2019-11-20,142.56124877929688,149.6199951171875,150.83999633789062,148.4600067138672,150.30999755859375,25696800
2019-11-21,142.42782592773438,149.47999572753906,149.8000030517578,148.5,149.39999389648438,18576100
2019-11-22,142.53268432617188,149.58999633789062,150.3000030517578,148.82000732421875,150.07000732421875,15901800
2019-11-25,144.0953369140625,151.22999572753906,151.35000610351562,149.9199981689453,150.0,22420900
2019-11-26,144.8575439453125,152.02999877929688,152.4199981689453,151.32000732421875,151.36000061035156,24620100
2019-11-27,145.1338653564453,152.32000732421875,152.5,151.52000427246094,152.3300018310547,15184400
2019-11-29,144.23826599121094,151.3800048828125,152.3000030517578,151.27999877929688,152.10000610351562,11977300
2019-12-02,142.4945526123047,149.5500030517578,151.8300018310547,148.32000732421875,151.80999755859375,27418400
2019-12-03,142.26585388183594,149.30999755859375,149.42999267578125,146.64999389648438,147.49000549316406,24066000
2019-12-04,142.78041076660156,149.85000610351562,150.17999267578125,149.1999969482422,150.13999938964844,17574700
2019-12-05,142.85662841796875,149.92999267578125,150.32000732421875,149.47999572753906,150.0500030517578,17869100
2019-12-06,144.59075927734375,151.75,151.8699951171875,150.27000427246094,150.99000549316406,16403500
2019-12-09,144.2191925048828,151.36000061035156,152.2100067138672,150.91000366210938,151.07000732421875,16687400
2019-12-10,144.00003051757812,151.1300048828125,151.88999938964844,150.75999450683594,151.2899932861328,16476100
2019-12-11,144.5431365966797,151.6999969482422,151.8699951171875,150.3300018310547,151.5399932861328,18856600
2019-12-12,146.0104522705078,153.24000549316406,153.44000244140625,151.02000427246094,151.64999389648438,24612100
2019-12-13,147.23959350585938,154.52999877929688,154.88999938964844,152.8300018310547,153.0,23845400
2019-12-16,148.1924285888672,155.52999877929688,155.89999389648438,154.82000732421875,155.11000061035156,24144200
2019-12-17,147.39208984375,154.69000244140625,155.7100067138672,154.4499969482422,155.4499969482422,25425600
2019-12-18,147.08718872070312,154.3699951171875,155.47999572753906,154.17999267578125,154.3000030517578,24129200
2019-12-19,148.3639373779297,155.7100067138672,155.77000427246094,153.75,154.0,24958900
2019-12-20,149.98373413085938,157.41000366210938,158.49000549316406,156.2899932861328,157.35000610351562,53477500
2019-12-23,149.98373413085938,157.41000366210938,158.1199951171875,157.27000427246094,158.1199951171875,17718200
2019-12-24,149.95516967773438,157.3800048828125,157.7100067138672,157.1199951171875,157.47999572753906,8989200
2019-12-26,151.18431091308594,158.6699981689453,158.72999572753906,157.39999389648438,157.55999755859375,14520600
2019-12-27,151.46060180664062,158.9600067138672,159.5500030517578,158.22000122070312,159.4499969482422,18412800
2019-12-30,150.15525817871094,157.58999633789062,159.02000427246094,156.72999572753906,158.99000549316406,16348400
2019-12-31,150.2600555419922,157.6999969482422,157.77000427246094,156.4499969482422,156.77000427246094,18369400
2020-01-02,153.0422821044922,160.6199951171875,160.72999572753906,158.3300018310547,158.77999877929688,22622100
2020-01-03,151.1366729736328,158.6199951171875,159.9499969482422,158.05999755859375,158.32000732421875,21116200
2020-01-06,151.52732849121094,159.02999877929688,159.10000610351562,156.50999450683594,157.0800018310547,20813700
2020-01-07,150.14569091796875,157.5800018310547,159.6699981689453,157.32000732421875,159.32000732421875,21634100
2020-01-08,152.53729248046875,160.08999633789062,160.8000030517578,157.9499969482422,158.92999267578125,27746500
2020-01-09,154.44293212890625,162.08999633789062,162.22000122070312,161.02999877929688,161.83999633789062,21385000
2020-01-10,153.7283477783203,161.33999633789062,163.22000122070312,161.17999267578125,162.82000732421875,20725900
2020-01-13,155.57679748535156,163.27999877929688,163.30999755859375,161.25999450683594,161.75999450683594,21626500
2020-01-14,154.48104858398438,162.1300048828125,163.60000610351562,161.72000122070312,163.38999938964844,23477400
2020-01-15,155.48150634765625,163.17999267578125,163.94000244140625,162.57000732421875,162.6199951171875,21417900
2020-01-16,158.33045959472656,166.1699981689453,166.24000549316406,164.02999877929688,164.35000610351562,23865400
2020-01-17,159.21665954589844,167.10000610351562,167.47000122070312,165.42999267578125,167.4199981689453,34371700
2020-01-21,158.6448974609375,166.5,168.19000244140625,166.42999267578125,166.67999267578125,29517200
2020-01-22,157.8826446533203,165.6999969482422,167.49000549316406,165.67999267578125,167.39999389648438,24138800
2020-01-23,158.8545379638672,166.72000122070312,166.8000030517578,165.27000427246094,166.19000244140625,19680800
2020-01-24,157.2537841796875,165.0399932861328,167.52999877929688,164.4499969482422,167.50999450683594,24918100
2020-01-27,154.62396240234375,162.27999877929688,163.3800048828125,160.1999969482422,161.14999389648438,32078100
2020-01-28,157.65399169921875,165.4600067138672,165.75999450683594,163.07000732421875,163.77999877929688,24899900
2020-01-29,160.11219787597656,168.0399932861328,168.75,165.69000244140625,167.83999633789062,34754500
2020-01-30,164.6286163330078,172.77999877929688,174.0500030517578,170.7899932861328,174.0500030517578,51597500
2020-01-31,162.19891357421875,170.22999572753906,172.39999389648438,169.5800018310547,172.2100067138672,36142700
2020-02-03,166.15310668945312,174.3800048828125,174.5,170.39999389648438,170.42999267578125,30107000
2020-02-04,171.62234497070312,180.1199951171875,180.63999938964844,176.30999755859375,177.13999938964844,36433300
2020-02-05,171.41270446777344,179.89999389648438,184.1999969482422,178.41000366210938,184.02999877929688,39186300
2020-02-06,174.9667510986328,183.6300048828125,183.82000732421875,180.05999755859375,180.97000122070312,27751400
2020-02-07,175.2144775390625,183.88999938964844,185.6300048828125,182.47999572753906,182.85000610351562,33529100
2020-02-10,179.7975311279297,188.6999969482422,188.83999633789062,183.25,183.5800018310547,35844300
2020-02-11,175.73854064941406,184.44000244140625,190.6999969482422,183.5,190.64999389648438,53159900
2020-02-12,175.9957733154297,184.7100067138672,185.85000610351562,181.85000610351562,185.5800018310547,47062900
2020-02-13,175.0430145263672,183.7100067138672,186.22999572753906,182.8699951171875,183.0800018310547,35295800
2020-02-14,176.60562133789062,185.35000610351562,185.41000366210938,182.64999389648438,183.25,23149500
2020-02-18,178.39688110351562,187.22999572753906,187.6999969482422,185.5,185.61000061035156,27792200
2020-02-19,178.93191528320312,187.27999877929688,188.17999267578125,186.47000122070312,188.05999755859375,29997500
2020-02-20,176.19943237304688,184.4199981689453,187.25,181.10000610351562,186.9499969482422,36862400
2020-02-21,170.62928771972656,178.58999633789062,183.5,177.25,183.1699981689453,48572600
2020-02-24,163.27252197265625,170.88999938964844,174.5500030517578,163.22999572753906,167.77000427246094,68311100
2020-02-25,160.57827758789062,168.07000732421875,174.83999633789062,167.64999389648438,174.1999969482422,68073300
2020-02-26,162.5846405029297,170.1699981689453,173.25999450683594,168.2100067138672,169.7100067138672,56206100
2020-02-27,151.12905883789062,158.17999267578125,167.02999877929688,157.97999572753906,163.32000732421875,93174900
2020-02-28,154.78834533691406,162.00999450683594,163.7100067138672,152.0,152.41000366210938,97012700
2020-03-02,165.0878448486328,172.7899932861328,172.9199981689453,162.30999755859375,165.30999755859375,71030800
2020-03-03,157.17694091796875,164.50999450683594,175.0,162.25999450683594,173.8000030517578,71677000
2020-03-04,162.94766235351562,170.5500030517578,170.6999969482422,165.6199951171875,168.49000549316406,49814400
2020-03-05,158.8584747314453,166.27000427246094,170.8699951171875,165.69000244140625,166.0500030517578,47817300
2020-03-06,154.36798095703125,161.57000732421875,163.11000061035156,156.0,162.61000061035156,72821100
2020-03-09,143.9060821533203,150.6199951171875,157.75,150.0,151.0,70419300
2020-03-10,153.74691772460938,160.9199981689453,161.02999877929688,152.5800018310547,158.16000366210938,65354400
2020-03-11,146.7819061279297,153.6300048828125,157.6999969482422,151.14999389648438,157.1300048828125,56371600
2020-03-12,132.861328125,139.05999755859375,153.47000122070312,138.5800018310547,145.3000030517578,93226400
2020-03-13,151.75009155273438,158.8300018310547,161.91000366210938,140.72999572753906,147.5,92727400
2020-03-16,129.3836212158203,135.4199981689453,149.35000610351562,135.0,140.0,87905900
2020-03-17,140.03663635253906,146.57000732421875,147.5,135.0,140.0,81059800
2020-03-18,134.1416015625,140.39999389648438,146.0,135.02000427246094,138.0,81593200
2020-03-19,136.3486785888672,142.7100067138672,150.14999389648438,139.0,142.77000427246094,85922700
2020-03-20,131.22756958007812,137.35000610351562,147.10000610351562,135.86000061035156,146.0,84866200
2020-03-23,129.9186553955078,135.97999572753906,140.57000732421875,132.52000427246094,137.00999450683594,78975200
2020-03-24,141.72769165039062,148.33999633789062,149.60000610351562,141.27000427246094,143.75,82516700
2020-03-25,140.37098693847656,146.9199981689453,154.3300018310547,144.44000244140625,148.91000366210938,75638200
2020-03-26,149.1513214111328,156.11000061035156,156.66000366210938,148.3699951171875,148.39999389648438,64568100
2020-03-27,143.02711486816406,149.6999969482422,154.88999938964844,149.1999969482422,151.75,57042300
2020-03-30,153.08766174316406,160.22999572753906,160.60000610351562,150.00999450683594,152.44000244140625,63420300
2020-03-31,150.68002319335938,157.7100067138672,164.77999877929688,156.55999755859375,159.39999389648438,77927200
2020-04-01,145.3296661376953,152.11000061035156,157.75,150.82000732421875,153.0,57969900
2020-04-02,148.33926391601562,155.25999450683594,155.47999572753906,150.36000061035156,151.86000061035156,49630700
2020-04-03,146.9729766845703,153.8300018310547,157.3800048828125,152.19000244140625,155.10000610351562,41243300
2020-04-06,157.9030303955078,165.27000427246094,166.5,157.5800018310547,160.32000732421875,67111700
2020-04-07,156.20236206054688,163.49000549316406,170.0,163.25999450683594,169.58999633789062,62769000
2020-04-08,157.769287109375,165.1300048828125,166.6699981689453,163.5,165.6699981689453,48318200
2020-04-09,157.77886962890625,165.13999938964844,167.3699951171875,163.3300018310547,166.36000061035156,51385100
2020-04-13,158.13232421875,165.50999450683594,165.57000732421875,162.3000030517578,164.35000610351562,41905300
2020-04-14,165.957275390625,173.6999969482422,173.75,168.0,169.0,52874300
2020-04-15,164.21839904785156,171.8800048828125,173.57000732421875,169.24000549316406,171.1999969482422,40940800
2020-04-16,169.1483917236328,177.0399932861328,177.27999877929688,172.89999389648438,174.3000030517578,50479600
2020-04-17,170.63885498046875,178.60000610351562,180.0,175.8699951171875,179.5,52765600
2020-04-20,167.25662231445312,175.05999755859375,178.75,174.99000549316406,176.6300048828125,36669600
2020-04-21,160.33937072753906,167.82000732421875,173.6699981689453,166.11000061035156,173.5,56203700
2020-04-22,165.78529357910156,173.52000427246094,174.0,170.82000732421875,171.38999938964844,34620200
2020-04-23,163.77890014648438,171.4199981689453,175.05999755859375,170.91000366210938,174.11000061035156,32790800
2020-04-24,166.76937866210938,174.5500030517578,174.55999755859375,170.7100067138672,172.05999755859375,34277600
2020-04-27,166.2917022705078,174.0500030517578,176.89999389648438,173.3000030517578,176.58999633789062,33194400
2020-04-28,162.24069213867188,169.80999755859375,175.6699981689453,169.38999938964844,175.58999633789062,34392700
2020-04-29,169.52099609375,177.42999267578125,177.67999267578125,171.8800048828125,173.22000122070312,51286600
2020-04-30,171.22164916992188,179.2100067138672,180.39999389648438,176.22999572753906,180.0,53875900
2020-05-01,166.78851318359375,174.57000732421875,178.63999938964844,174.00999450683594,175.8000030517578,39370500
2020-05-04,170.86814880371094,178.83999633789062,179.0,173.8000030517578,174.49000549316406,30372900
2020-05-05,172.70252990722656,180.75999450683594,183.64999389648438,179.89999389648438,180.6199951171875,36839200
2020-05-06,174.4032440185547,182.5399932861328,184.1999969482422,181.6300048828125,182.0800018310547,32139300
2020-05-07,175.41598510742188,183.60000610351562,184.5500030517578,182.5800018310547,184.1699981689453,28316000
2020-05-08,176.4478302001953,184.67999267578125,185.0,183.36000061035156,184.97999572753906,30877800
2020-05-11,178.41604614257812,186.74000549316406,187.50999450683594,182.85000610351562,183.14999389648438,30892700
2020-05-12,174.37451171875,182.50999450683594,187.0399932861328,182.3000030517578,186.8000030517578,32038200
2020-05-13,171.7376251220703,179.75,184.0500030517578,176.5399932861328,182.5500030517578,44711500
2020-05-14,172.48281860351562,180.52999877929688,180.69000244140625,175.67999267578125,177.5399932861328,41873900
2020-05-15,174.99559020996094,183.16000366210938,187.05999755859375,177.0,179.05999755859375,46610400
2020-05-18,176.66758728027344,184.91000366210938,186.1999969482422,183.9600067138672,185.75,35264500
2020-05-19,175.4446258544922,183.6300048828125,186.60000610351562,183.49000549316406,185.02999877929688,26799100
2020-05-20,177.87818908691406,185.66000366210938,185.85000610351562,183.94000244140625,184.80999755859375,31261300
2020-05-21,175.74163818359375,183.42999267578125,186.6699981689453,183.2899932861328,185.39999389648438,29119500
2020-05-22,175.8182830810547,183.50999450683594,184.4600067138672,182.5399932861328,183.19000244140625,20826900
2020-05-26,173.95960998535156,181.57000732421875,186.5,181.10000610351562,186.33999633789062,36073600
2020-05-27,174.1895294189453,181.80999755859375,181.99000549316406,176.60000610351562,180.1999969482422,39517100
2020-05-28,173.79672241210938,181.39999389648438,184.14999389648438,180.3800048828125,180.74000549316406,33810200
2020-05-29,175.56919860839844,183.25,184.27000427246094,180.41000366210938,182.72999572753906,42130400
2020-06-01,175.1667938232422,182.8300018310547,183.0,181.4600067138672,182.5399932861328,22622400
2020-06-02,177.1596221923828,184.91000366210938,185.0,181.35000610351562,184.25,30794600
2020-06-03,177.5907440185547,185.36000061035156,185.94000244140625,183.5800018310547,184.82000732421875,27311000
2020-06-04,175.25303649902344,182.9199981689453,185.83999633789062,182.3000030517578,184.3000030517578,28761800
2020-06-05,179.3536376953125,187.1999969482422,187.72999572753906,182.00999450683594,182.6199951171875,39893600
2020-06-08,180.4650115966797,188.36000061035156,188.5500030517578,184.44000244140625,185.94000244140625,33211600
2020-06-09,181.8446807861328,189.8000030517578,190.6999969482422,187.25999450683594,188.0,29783900
2020-06-10,188.58958435058594,196.83999633789062,198.52000427246094,191.00999450683594,191.1300048828125,43872300
2020-06-11,178.46263122558594,186.27000427246094,195.75999450683594,186.07000732421875,193.1300048828125,52854700
2020-06-12,179.87098693847656,187.74000549316406,191.72000122070312,185.17999267578125,190.5399932861328,43373600
2020-06-15,181.02069091796875,188.94000244140625,190.82000732421875,184.00999450683594,184.5800018310547,32770200
2020-06-16,185.45663452148438,193.57000732421875,195.5800018310547,191.4600067138672,192.88999938964844,42556700
2020-06-17,186.09857177734375,194.24000549316406,196.32000732421875,193.69000244140625,195.02999877929688,25687800
2020-06-18,188.0913543701172,196.32000732421875,196.49000549316406,194.0,194.0,23061600
2020-06-19,186.9703826904297,195.14999389648438,199.2899932861328,194.3699951171875,198.58999633789062,44441100
2020-06-22,192.16323852539062,200.57000732421875,200.75999450683594,195.22999572753906,195.7899932861328,32818900
2020-06-23,193.4470977783203,201.91000366210938,203.9499969482422,201.42999267578125,202.08999633789062,30917400
2020-06-24,189.54763793945312,197.83999633789062,203.25,196.55999755859375,201.60000610351562,36740600
2020-06-25,191.9429168701172,200.33999633789062,200.61000061035156,195.47000122070312,197.8000030517578,27803900
2020-06-26,188.10096740722656,196.3300018310547,199.88999938964844,194.8800048828125,199.72999572753906,54675800
2020-06-29,190.12252807617188,198.44000244140625,198.52999877929688,193.5500030517578,195.77999877929688,26701600
2020-06-30,194.98001098632812,203.50999450683594,204.39999389648438,197.74000549316406,197.8800048828125,34310300
2020-07-01,196.1201171875,204.6999969482422,206.35000610351562,201.77000427246094,203.13999938964844,32061200
2020-07-02,197.6147003173828,206.25999450683594,208.02000427246094,205.0,205.67999267578125,29315800
2020-07-06,201.86862182617188,210.6999969482422,211.1300048828125,208.08999633789062,208.8300018310547,31897600
2020-07-07,199.5213623046875,208.25,214.6699981689453,207.99000549316406,210.4499969482422,33600700
2020-07-08,203.90933227539062,212.8300018310547,213.25999450683594,208.69000244140625,210.07000732421875,33600000
2020-07-09,205.33692932128906,214.32000732421875,216.3800048828125,211.47000122070312,216.3300018310547,33121700
2020-07-10,204.71417236328125,213.6699981689453,214.0800018310547,211.0800018310547,213.6199951171875,26177600
2020-07-13,198.3908233642578,207.07000732421875,215.8000030517578,206.5,214.47999572753906,38135600
2020-07-14,199.61715698242188,208.35000610351562,208.85000610351562,202.02999877929688,206.1300048828125,37591800
2020-07-15,199.3201446533203,208.0399932861328,211.3300018310547,205.02999877929688,209.55999755859375,32179400
2020-07-16,195.37283325195312,203.9199981689453,205.6999969482422,202.30999755859375,205.39999389648438,29940700
2020-07-17,194.3764190673828,202.8800048828125,205.0399932861328,201.38999938964844,204.47000122070312,31635300
2020-07-20,202.73092651367188,211.60000610351562,212.3000030517578,203.00999450683594,205.0,36884800
2020-07-21,200.00033569335938,208.75,213.94000244140625,208.02999877929688,213.66000366210938,37990400
2020-07-22,202.87461853027344,211.75,212.3000030517578,208.38999938964844,209.1999969482422,49605700
2020-07-23,194.0506591796875,202.5399932861328,210.9199981689453,202.14999389648438,207.19000244140625,67457000
2020-07-24,192.86265563964844,201.3000030517578,202.86000061035156,197.50999450683594,200.4199981689453,39827000
2020-07-27,195.30577087402344,203.85000610351562,203.97000122070312,200.86000061035156,201.47000122070312,30160900
2020-07-28,193.55245971679688,202.02000427246094,204.6999969482422,201.74000549316406,203.61000061035156,23251400
2020-07-29,195.50692749023438,204.05999755859375,204.64999389648438,202.00999450683594,202.5,19632600
2020-07-30,195.35366821289062,203.89999389648438,204.4600067138672,199.57000732421875,201.0,25079600
2020-07-31,196.41709899902344,205.00999450683594,205.10000610351562,199.00999450683594,204.39999389648438,51044000
2020-08-03,207.46385192871094,216.5399932861328,217.63999938964844,210.44000244140625,211.52000427246094,78983000
2020-08-04,204.35006713867188,213.2899932861328,214.77000427246094,210.30999755859375,214.1699981689453,49280100
2020-08-05,204.01475524902344,212.94000244140625,215.0,211.57000732421875,214.89999389648438,28806400
2020-08-06,207.28182983398438,216.35000610351562,216.3699951171875,211.5500030517578,212.33999633789062,32656800
2020-08-07,203.57400512695312,212.47999572753906,215.6999969482422,210.92999267578125,214.85000610351562,27820400
2020-08-10,199.5213623046875,208.25,211.8800048828125,206.35000610351562,211.6699981689453,36716500
2020-08-11,194.8554229736328,203.3800048828125,207.64999389648438,203.13999938964844,207.16000366210938,36446500
2020-08-12,200.4219207763672,209.19000244140625,210.27999877929688,204.75,205.2899932861328,28013100
2020-08-13,199.9524688720703,208.6999969482422,211.35000610351562,208.14999389648438,209.44000244140625,22588900
2020-08-14,200.1440887451172,208.89999389648438,209.58999633789062,207.50999450683594,208.75999450683594,17958900
2020-08-17,201.4662322998047,210.27999877929688,211.19000244140625,208.9199981689453,209.60000610351562,20184800
2020-08-18,202.62554931640625,211.49000549316406,212.36000061035156,209.2100067138672,210.52999877929688,21336200
2020-08-19,201.3961944580078,209.6999969482422,212.10000610351562,209.25,211.49000549316406,27627600
2020-08-20,206.08299255371094,214.5800018310547,215.0,208.91000366210938,209.5399932861328,26981500
2020-08-21,204.5847625732422,213.02000427246094,216.25,212.85000610351562,213.86000061035156,36249300
2020-08-24,205.2282257080078,213.69000244140625,215.52000427246094,212.42999267578125,214.7899932861328,25460100
2020-08-25,207.8981475830078,216.47000122070312,216.61000061035156,213.10000610351562,213.10000610351562,23043700
2020-08-26,212.392822265625,221.14999389648438,222.08999633789062,217.36000061035156,217.8800048828125,39600800
2020-08-27,217.6078338623047,226.5800018310547,231.14999389648438,219.39999389648438,222.88999938964844,57602200
2020-08-28,219.84555053710938,228.91000366210938,230.63999938964844,226.5800018310547,228.17999267578125,26292900
2020-08-31,216.599365234375,225.52999877929688,228.6999969482422,224.30999755859375,227.0,28774200
2020-09-01,218.27052307128906,227.27000427246094,227.4499969482422,224.42999267578125,225.50999450683594,25725500
2020-09-02,222.47705078125,231.64999389648438,232.86000061035156,227.35000610351562,227.97000122070312,34080800
2020-09-03,208.6952667236328,217.3000030517578,229.30999755859375,214.9600067138672,229.27000427246094,58400300
2020-09-04,205.7660675048828,214.25,218.36000061035156,205.19000244140625,215.10000610351562,59664100
2020-09-08,194.635009765625,202.66000366210938,210.02999877929688,202.1999969482422,206.5,52924300
2020-09-09,202.9232940673828,211.2899932861328,214.83999633789062,206.6999969482422,207.60000610351562,45679000
2020-09-10,197.2376708984375,205.3699951171875,214.74000549316406,204.11000061035156,213.39999389648438,35461500
2020-09-11,195.9507598876953,204.02999877929688,208.6300048828125,201.24000549316406,207.1999969482422,33620100
2020-09-14,197.276123046875,205.41000366210938,209.1999969482422,204.02999877929688,204.24000549316406,30375800
2020-09-15,200.51266479492188,208.77999877929688,209.77999877929688,206.92999267578125,208.4199981689453,21823900
2020-09-16,196.93035888671875,205.0500030517578,210.64999389648438,204.63999938964844,210.6199951171875,26328100
2020-09-17,194.8751220703125,202.91000366210938,204.3300018310547,199.9600067138672,200.0500030517578,34011300
2020-09-18,192.4548797607422,200.38999938964844,203.64999389648438,196.25,202.8000030517578,55225300
2020-09-21,194.51974487304688,202.5399932861328,202.7100067138672,196.3800048828125,197.19000244140625,39839700
2020-09-22,199.20648193359375,207.4199981689453,208.10000610351562,202.0800018310547,205.05999755859375,33517100
2020-09-23,192.64695739746094,200.58999633789062,208.10000610351562,200.02999877929688,207.89999389648438,30803800
2020-09-24,195.14401245117188,203.19000244140625,205.57000732421875,199.1999969482422,199.85000610351562,31202500
2020-09-25,199.5906982421875,207.82000732421875,209.0399932861328,202.5399932861328,203.5500030517578,29437300
2020-09-28,201.14649963378906,209.44000244140625,212.57000732421875,208.05999755859375,210.8800048828125,32004900
2020-09-29,199.0528564453125,207.25999450683594,210.07000732421875,206.80999755859375,209.35000610351562,24221900
2020-09-30,202.00128173828125,210.3300018310547,211.97999572753906,206.5399932861328,207.72999572753906,33829100
2020-10-01,204.04696655273438,212.4600067138672,213.99000549316406,211.32000732421875,213.49000549316406,27158400
2020-10-02,198.02523803710938,206.19000244140625,210.99000549316406,205.5399932861328,208.0,33154800
2020-10-05,202.04930114746094,210.3800048828125,210.41000366210938,206.97999572753906,207.22000122070312,21331600
2020-10-06,197.7563018798828,205.91000366210938,210.17999267578125,204.82000732421875,208.82000732421875,28554300
2020-10-07,201.52108764648438,209.8300018310547,210.11000061035156,206.72000122070312,207.05999755859375,25681100
2020-10-08,202.2413787841797,210.5800018310547,211.19000244140625,208.32000732421875,210.50999450683594,19925800
2020-10-09,207.2642364501953,215.80999755859375,215.86000061035156,211.22999572753906,211.22999572753906,26458000
2020-10-12,212.63290405273438,221.39999389648438,223.86000061035156,216.80999755859375,218.7899932861328,40461400
2020-10-13,214.0351104736328,222.86000061035156,225.2100067138672,220.42999267578125,222.72000122070312,28950800
2020-10-14,212.1143341064453,220.86000061035156,224.22000122070312,219.1300048828125,223.0,23421700
2020-10-15,210.96182250976562,219.66000366210938,220.36000061035156,216.00999450683594,217.10000610351562,22733100
2020-10-16,210.96182250976562,219.66000366210938,222.2899932861328,219.32000732421875,220.14999389648438,26057900
2020-10-19,205.73724365234375,214.22000122070312,222.3000030517578,213.72000122070312,220.4199981689453,27625800
2020-10-20,206.15017700195312,214.64999389648438,217.3699951171875,213.08999633789062,215.8000030517578,22753500
2020-10-21,206.2943115234375,214.8000030517578,216.9199981689453,213.1199951171875,213.1199951171875,22724900
2020-10-22,206.38070678710938,214.88999938964844,216.05999755859375,211.6999969482422,213.92999267578125,22351500
2020-10-23,207.6676788330078,216.22999572753906,216.27999877929688,213.16000366210938,215.02999877929688,18879600
2020-10-26,201.76116943359375,210.0800018310547,216.33999633789062,208.10000610351562,213.85000610351562,37111600
2020-10-27,204.80564880371094,213.25,214.6699981689453,210.3300018310547,211.58999633789062,36700300
2020-10-28,194.65420532226562,202.67999267578125,208.83999633789062,202.10000610351562,207.6699981689453,51195600
2020-10-29,196.61341857910156,204.72000122070312,207.36000061035156,203.3699951171875,204.07000732421875,31432600
2020-10-30,194.45252990722656,202.47000122070312,204.2899932861328,199.6199951171875,203.5,36953700
2020-11-02,194.3180694580078,202.3300018310547,205.27999877929688,200.1199951171875,204.2899932861328,30842200
2020-11-03,198.25572204589844,206.42999267578125,208.1199951171875,203.1199951171875,203.88999938964844,27512000
2020-11-04,207.8212890625,216.38999938964844,218.32000732421875,212.4199981689453,214.02000427246094,42311800
2020-11-05,214.4480743408203,223.2899932861328,224.1199951171875,221.14999389648438,222.0399932861328,36080100
2020-11-06,214.8610382080078,223.72000122070312,224.36000061035156,218.02999877929688,222.25999450683594,25231900
2020-11-09,209.7421417236328,218.38999938964844,228.1199951171875,217.8800048828125,224.44000244140625,44395000
2020-11-10,202.65432739257812,211.00999450683594,216.5,209.72000122070312,214.5,44045100
2020-11-11,207.9749755859375,216.5500030517578,218.0399932861328,212.1999969482422,212.38999938964844,29440800
2020-11-12,206.908935546875,215.44000244140625,219.11000061035156,214.4600067138672,217.2100067138672,21593900
2020-11-13,207.93653869628906,216.50999450683594,217.4199981689453,214.16000366210938,216.36000061035156,18621100
2020-11-16,208.6280517578125,217.22999572753906,217.74000549316406,214.52000427246094,214.8699951171875,24953300
2020-11-17,205.96774291992188,214.4600067138672,217.67999267578125,214.0800018310547,216.10000610351562,24154100
2020-11-18,203.2523193359375,211.0800018310547,215.1699981689453,210.92999267578125,213.64999389648438,28372800
2020-11-19,204.5426025390625,212.4199981689453,213.02999877929688,209.92999267578125,211.3800048828125,24792700
2020-11-20,202.58787536621094,210.38999938964844,213.2899932861328,210.0,212.1999969482422,22843100
2020-11-23,202.31826782226562,210.11000061035156,212.2899932861328,208.16000366210938,210.9499969482422,25683500
2020-11-24,205.92921447753906,213.86000061035156,214.25,208.86000061035156,209.58999633789062,33979700
2020-11-25,205.9388427734375,213.8699951171875,215.2899932861328,212.4600067138672,215.11000061035156,21012900
2020-11-27,207.2484130859375,215.22999572753906,216.27000427246094,214.0399932861328,214.85000610351562,14512200
2020-11-30,206.1314697265625,214.07000732421875,214.75999450683594,210.83999633789062,214.10000610351562,33064800
2020-12-01,208.1920623779297,216.2100067138672,217.32000732421875,213.35000610351562,214.50999450683594,30904500
2020-12-02,207.3832244873047,215.3699951171875,215.47000122070312,212.8000030517578,214.8800048828125,23724500
2020-12-03,206.2951202392578,214.24000549316406,216.3800048828125,213.64999389648438,214.61000061035156,25120900
2020-12-04,206.41065979003906,214.36000061035156,215.3800048828125,213.17999267578125,214.22000122070312,24666000
2020-12-07,206.34324645996094,214.2899932861328,215.5399932861328,212.99000549316406,214.3699951171875,24620000
2020-12-08,207.99951171875,216.00999450683594,216.9499969482422,212.88999938964844,213.97000122070312,23284100
2020-12-09,203.94561767578125,211.8000030517578,215.22999572753906,211.2100067138672,215.16000366210938,32440600
2020-12-10,202.71307373046875,210.52000427246094,213.0800018310547,210.36000061035156,211.77000427246094,26733300
2020-12-11,205.35147094726562,213.25999450683594,213.32000732421875,209.11000061035156,210.0500030517578,30979400
2020-12-14,206.25662231445312,214.1999969482422,216.2100067138672,212.8800048828125,213.10000610351562,28798400
2020-12-15,206.18919372558594,214.1300048828125,215.4199981689453,212.24000549316406,215.1699981689453,27000600
2020-12-16,211.14822387695312,219.27999877929688,220.11000061035156,214.72000122070312,214.75,35023300
2020-12-17,211.28305053710938,219.4199981689453,220.88999938964844,217.9199981689453,219.8699951171875,32515800
2020-12-18,210.4838409423828,218.58999633789062,219.69000244140625,216.02000427246094,218.58999633789062,63354900
2020-12-21,214.33544921875,222.58999633789062,224.0,217.27999877929688,217.5500030517578,37181900
2020-12-22,215.6354217529297,223.94000244140625,225.6300048828125,221.85000610351562,222.69000244140625,22612200
2020-12-23,212.8236846923828,221.02000427246094,223.55999755859375,220.8000030517578,223.11000061035156,18699600
2020-12-24,214.48956298828125,222.75,223.61000061035156,221.1999969482422,221.4199981689453,10550600
2020-12-28,216.61758422851562,224.9600067138672,226.02999877929688,223.02000427246094,224.4499969482422,17933500
2020-12-29,215.83761596679688,224.14999389648438,227.17999267578125,223.5800018310547,226.30999755859375,17403200
2020-12-30,213.45924377441406,221.67999267578125,225.6300048828125,221.47000122070312,225.22999572753906,20272300
2020-12-31,214.17176818847656,222.4199981689453,223.0,219.67999267578125,221.6999969482422,20942100
2021-01-04,209.61717224121094,217.69000244140625,223.0,214.80999755859375,222.52999877929688,37130100
2021-01-05,209.81936645507812,217.89999389648438,218.52000427246094,215.6999969482422,217.25999450683594,23823000
2021-01-06,204.37892150878906,212.25,216.49000549316406,211.94000244140625,212.1699981689453,35930700
2021-01-07,210.1949462890625,218.2899932861328,219.33999633789062,213.7100067138672,214.0399932861328,27694500
2021-01-08,211.47555541992188,219.6199951171875,220.5800018310547,217.02999877929688,218.67999267578125,22956200
2021-01-11,209.42462158203125,217.49000549316406,218.91000366210938,216.72999572753906,218.47000122070312,23031300
2021-01-12,206.9595489501953,214.92999267578125,217.10000610351562,213.32000732421875,216.5,23249300
2021-01-13,208.31724548339844,216.33999633789062,216.75999450683594,213.92999267578125,214.02000427246094,20087100
2021-01-14,205.12039184570312,213.02000427246094,217.4600067138672,212.74000549316406,215.91000366210938,29480800
2021-01-15,204.76409912109375,212.64999389648438,214.50999450683594,212.02999877929688,213.52000427246094,31746500
2021-01-19,208.41354370117188,216.44000244140625,216.97999572753906,212.6300048828125,213.75,30480900
2021-01-20,216.0205535888672,224.33999633789062,225.7899932861328,217.2899932861328,217.6999969482422,37777300
2021-01-21,216.62718200683594,224.97000122070312,226.3000030517578,222.4199981689453,224.6999969482422,30709400
2021-01-22,217.57086181640625,225.9499969482422,230.07000732421875,225.8000030517578,227.0800018310547,30172700
2021-01-25,221.0181121826172,229.52999877929688,229.77999877929688,224.22000122070312,229.1199951171875,33152100
2021-01-26,223.71429443359375,232.3300018310547,234.17999267578125,230.0800018310547,231.86000061035156,49169600
2021-01-27,224.2631378173828,232.89999389648438,240.44000244140625,230.13999938964844,238.0,69870600
2021-01-28,230.06948852539062,238.92999267578125,242.63999938964844,235.08999633789062,235.61000061035156,49111200
2021-01-29,223.3579864501953,231.9600067138672,238.02000427246094,231.35000610351562,235.99000549316406,42503100
2021-02-01,230.76284790039062,239.64999389648438,242.5,232.42999267578125,235.05999755859375,33314200
2021-02-02,230.62802124023438,239.50999450683594,242.30999755859375,238.69000244140625,241.3000030517578,25916300
2021-02-03,233.98858642578125,243.0,245.08999633789062,239.25999450683594,239.57000732421875,27158100
2021-02-04,233.0353240966797,242.00999450683594,243.24000549316406,240.3699951171875,242.66000366210938,25296100
2021-02-05,233.21823120117188,242.1999969482422,243.27999877929688,240.4199981689453,242.22999572753906,18054800
2021-02-08,233.47825622558594,242.47000122070312,243.67999267578125,240.80999755859375,243.14999389648438,22211900
2021-02-09,234.73001098632812,243.77000427246094,244.75999450683594,241.3800048828125,241.8699951171875,23565000
2021-02-10,233.8152618408203,242.82000732421875,245.9199981689453,240.88999938964844,245.0,22186700
2021-02-11,235.42333984375,244.49000549316406,245.14999389648438,242.14999389648438,244.77999877929688,15751100
2021-02-12,235.90480041503906,244.99000549316406,245.3000030517578,242.72999572753906,243.92999267578125,16561100
2021-02-16,234.66261291503906,243.6999969482422,246.1300048828125,242.9199981689453,245.02999877929688,26728500
2021-02-17,235.68565368652344,244.1999969482422,244.30999755859375,240.94000244140625,241.32000732421875,21653500
2021-02-18,235.2899627685547,243.7899932861328,243.92999267578125,240.86000061035156,241.8000030517578,16925600
2021-02-19,232.56826782226562,240.97000122070312,243.86000061035156,240.17999267578125,243.75,25262600
2021-02-22,226.33352661132812,234.50999450683594,237.92999267578125,232.39999389648438,237.4199981689453,36446900
2021-02-23,225.13674926757812,233.27000427246094,234.8300018310547,228.72999572753906,230.3300018310547,30228700
2021-02-24,226.3721466064453,234.5500030517578,235.1999969482422,229.0,230.00999450683594,26339700
2021-02-25,221.0059814453125,228.99000549316406,234.58999633789062,227.8800048828125,232.0800018310547,39542200
2021-02-26,224.2777862548828,232.3800048828125,235.3699951171875,229.5399932861328,231.52999877929688,37819200
2021-03-01,228.6787872314453,236.94000244140625,237.47000122070312,233.14999389648438,235.89999389648438,25324000
2021-03-02,225.71583557128906,233.8699951171875,237.3000030517578,233.4499969482422,237.00999450683594,22812500
2021-03-03,219.62583923339844,227.55999755859375,233.5800018310547,227.25999450683594,232.16000366210938,34029500
2021-03-04,218.82473754882812,226.72999572753906,232.49000549316406,224.25999450683594,226.74000549316406,44727800
2021-03-05,223.5249786376953,231.60000610351562,233.27000427246094,226.4600067138672,229.52000427246094,41872800
2021-03-08,219.46176147460938,227.38999938964844,233.3699951171875,227.1300048828125,231.3699951171875,35267400
2021-03-09,225.62896728515625,233.77999877929688,235.3800048828125,231.6699981689453,232.8800048828125,33080500
2021-03-10,224.31639099121094,232.4199981689453,237.0,232.0399932861328,237.0,29746800
2021-03-11,228.86216735839844,237.1300048828125,239.1699981689453,234.30999755859375,234.9600067138672,29907600
2021-03-12,227.53030395507812,235.75,235.82000732421875,233.22999572753906,234.00999450683594,22653700
2021-03-15,226.62310791015625,234.80999755859375,235.19000244140625,231.80999755859375,234.9600067138672,26034900
2021-03-16,229.4219512939453,237.7100067138672,240.05999755859375,235.94000244140625,236.27999877929688,28092200
2021-03-17,228.77528381347656,237.0399932861328,238.5500030517578,233.22999572753906,236.14999389648438,29562100
2021-03-18,222.67567443847656,230.72000122070312,234.19000244140625,230.3300018310547,232.55999755859375,34833000
2021-03-19,222.31857299804688,230.35000610351562,232.47000122070312,229.35000610351562,231.02000427246094,46430700
2021-03-22,227.76193237304688,235.99000549316406,236.89999389648438,230.13999938964844,230.27000427246094,30127000
2021-03-23,229.29647827148438,237.5800018310547,241.0500030517578,237.07000732421875,237.49000549316406,31638400
2021-03-24,227.2504425048828,235.4600067138672,238.0,235.32000732421875,237.85000610351562,25620100
2021-03-25,224.23919677734375,232.33999633789062,236.94000244140625,231.57000732421875,235.3000030517578,34061900
2021-03-26,228.23483276367188,236.47999572753906,236.7100067138672,231.5500030517578,231.5500030517578,25479900
2021-03-29,227.0380859375,235.24000549316406,236.8000030517578,231.8800048828125,236.58999633789062,25227500
2021-03-30,223.7663116455078,231.85000610351562,233.85000610351562,231.10000610351562,233.52999877929688,24792000
2021-03-31,227.549560546875,235.77000427246094,239.10000610351562,232.38999938964844,232.91000366210938,43623500
2021-04-01,233.90017700195312,242.35000610351562,242.83999633789062,238.0500030517578,238.47000122070312,30338000
2021-04-05,240.38587951660156,249.07000732421875,249.9600067138672,242.6999969482422,242.75999450683594,36910600
2021-04-06,239.218017578125,247.86000061035156,249.39999389648438,246.8800048828125,247.61000061035156,22931900
2021-04-07,241.18692016601562,249.89999389648438,250.92999267578125,247.19000244140625,247.80999755859375,22719800
2021-04-08,244.4201202392578,253.25,254.13999938964844,252.0,252.77000427246094,23625200
2021-04-09,246.92950439453125,255.85000610351562,255.99000549316406,252.44000244140625,252.8699951171875,24326800
2021-04-12,246.9873504638672,255.91000366210938,257.6700134277344,254.6199951171875,254.7100067138672,27148700
2021-04-13,249.4774169921875,258.489990234375,259.19000244140625,256.8299865722656,257.260009765625,23837500
2021-04-14,246.6785430908203,255.58999633789062,258.8299865722656,255.16000366210938,257.4800109863281,23070900
2021-04-15,250.45220947265625,259.5,259.92999267578125,257.7300109863281,257.92999267578125,25627500
2021-04-16,251.64895629882812,260.739990234375,261.0,257.6000061035156,259.4700012207031,24878600
2021-04-19,249.71871948242188,258.739990234375,261.4800109863281,257.82000732421875,260.19000244140625,23209300
2021-04-20,249.25546264648438,258.260009765625,260.20001220703125,256.8399963378906,257.82000732421875,19722900
2021-04-21,251.49453735351562,260.5799865722656,260.67999267578125,257.25,258.94000244140625,24030400
2021-04-22,248.20343017578125,257.1700134277344,261.7799987792969,255.63999938964844,260.2099914550781,25606200
2021-04-23,252.04464721679688,261.1499938964844,261.510009765625,257.2699890136719,257.8800048828125,21462600
2021-04-26,252.43072509765625,261.54998779296875,262.44000244140625,260.1700134277344,261.6600036621094,19763300
2021-04-27,252.83609008789062,261.9700012207031,263.19000244140625,260.1199951171875,261.5799865722656,31014200
2021-04-28,245.68446350097656,254.55999755859375,256.5400085449219,252.9499969482422,256.0799865722656,46903100
2021-04-29,243.70594787597656,252.50999450683594,256.1000061035156,249.0,255.4600067138672,40589000
2021-04-30,243.38743591308594,252.17999267578125,253.0800018310547,249.60000610351562,249.74000549316406,30945100
2021-05-03,243.07861328125,251.86000061035156,254.35000610351562,251.1199951171875,253.39999389648438,19626600
2021-05-04,239.15049743652344,247.7899932861328,251.2100067138672,245.75999450683594,250.97000122070312,32756100
2021-05-05,237.8765106201172,246.47000122070312,249.5,245.82000732421875,249.05999755859375,21901300
2021-05-06,241.02279663085938,249.72999572753906,249.86000061035156,244.69000244140625,246.4499969482422,26491100
2021-05-07,243.65768432617188,252.4600067138672,254.3000030517578,251.1699981689453,252.14999389648438,27032900
2021-05-10,238.561767578125,247.17999267578125,251.72999572753906,247.1199951171875,250.8699951171875,29299900
2021-05-11,237.6448974609375,246.22999572753906,246.60000610351562,242.57000732421875,244.5500030517578,33641600
2021-05-12,230.66696166992188,239.0,244.3800048828125,238.07000732421875,242.1699981689453,36684400
2021-05-13,234.55645751953125,243.02999877929688,245.60000610351562,241.4199981689453,241.8000030517578,29624300
2021-05-14,239.49790954589844,248.14999389648438,249.17999267578125,245.49000549316406,245.5800018310547,23901100
2021-05-17,236.6314697265625,245.17999267578125,246.58999633789062,243.52000427246094,246.5500030517578,24970200
2021-05-18,234.60470581054688,243.0800018310547,246.41000366210938,242.89999389648438,246.27000427246094,20168000
2021-05-19,235.18515014648438,243.1199951171875,243.22999572753906,238.60000610351562,239.30999755859375,25739800
2021-05-20,238.43548583984375,246.47999572753906,247.9499969482422,243.86000061035156,243.9600067138672,21800700
2021-05-21,237.168212890625,245.1699981689453,248.3300018310547,244.74000549316406,247.57000732421875,21863100
2021-05-24,242.5951385498047,250.77999877929688,251.16000366210938,247.50999450683594,247.7899932861328,21411500
2021-05-25,243.50445556640625,251.72000122070312,252.75,250.82000732421875,251.77000427246094,17704300
2021-05-26,243.28196716308594,251.49000549316406,252.94000244140625,250.75,251.42999267578125,17771600
2021-05-27,241.17311096191406,249.30999755859375,251.47999572753906,249.25,251.1699981689453,24426200
2021-05-28,241.53102111816406,249.67999267578125,252.0800018310547,249.55999755859375,251.0,18270200
2021-06-01,239.32545471191406,247.39999389648438,251.2899932861328,246.9600067138672,251.22999572753906,23213300
2021-06-02,239.22872924804688,247.3000030517578,249.27000427246094,245.83999633789062,248.1300048828125,19406700
2021-06-03,237.69061279296875,245.7100067138672,246.33999633789062,243.0,245.22000122070312,25307700
2021-06-04,242.60479736328125,250.7899932861328,251.64999389648438,247.50999450683594,247.75999450683594,25281100
2021-06-07,245.5262451171875,253.80999755859375,254.08999633789062,249.80999755859375,249.97999572753906,23079200
2021-06-08,244.3267364501953,252.57000732421875,256.010009765625,252.50999450683594,255.16000366210938,22455000
2021-06-09,245.3134307861328,253.58999633789062,255.52999877929688,253.2100067138672,253.80999755859375,17937600
2021-06-10,248.8443145751953,257.239990234375,257.4599914550781,253.6699981689453,254.2899932861328,24563600
2021-06-11,249.4730682373047,257.8900146484375,258.489990234375,256.6099853515625,257.989990234375,18999700
2021-06-14,251.40785217285156,259.8900146484375,259.95001220703125,256.79998779296875,257.8999938964844,19150500
2021-06-15,249.92774963378906,258.3599853515625,259.989990234375,257.67999267578125,259.7699890136719,18038900
2021-06-16,248.979736328125,257.3800048828125,260.5799865722656,254.4199981689453,259.3999938964844,27220000
2021-06-17,252.38482666015625,260.8999938964844,261.75,256.010009765625,256.07000732421875,27565500
2021-06-18,250.96286010742188,259.42999267578125,262.29998779296875,258.75,259.6300048828125,37202200
2021-06-21,254.05833435058594,262.6300048828125,263.5199890136719,257.9200134277344,259.82000732421875,26696100
2021-06-22,256.8444519042969,265.510009765625,265.7900085449219,262.3999938964844,262.7200012207031,24694100
2021-06-23,256.6121520996094,265.2699890136719,266.8299865722656,264.42999267578125,265.989990234375,19518700
2021-06-24,257.98583984375,266.69000244140625,267.8500061035156,265.4700012207031,266.1600036621094,21446900
2021-06-25,256.370361328125,265.0199890136719,267.25,264.760009765625,266.2300109863281,25611100
2021-06-28,259.9495544433594,268.7200012207031,268.8999938964844,265.9100036621094,266.19000244140625,19590000
2021-06-29,262.54217529296875,271.3999938964844,271.6499938964844,267.9800109863281,268.8699951171875,19937800
2021-06-30,262.05841064453125,270.8999938964844,271.3599853515625,269.6000061035156,270.69000244140625,21656500
2021-07-01,262.735595703125,271.6000061035156,271.8399963378906,269.6000061035156,269.6099853515625,16725300
2021-07-02,268.5881652832031,277.6499938964844,278.0,272.5,272.82000732421875,26458000
2021-07-06,268.59783935546875,277.6600036621094,279.3699951171875,274.29998779296875,278.0299987792969,31565600
2021-07-07,270.793701171875,279.92999267578125,280.69000244140625,277.1499938964844,279.3999938964844,23260000
2021-07-08,268.3656311035156,277.4200134277344,278.7300109863281,274.8699951171875,276.8999938964844,24618600
2021-07-09,268.86871337890625,277.94000244140625,278.04998779296875,275.32000732421875,275.7200012207031,23916700
2021-07-12,268.2689208984375,277.32000732421875,279.7699890136719,276.5799865722656,279.1600036621094,18931700
2021-07-13,271.8094482421875,280.9800109863281,282.8500061035156,277.3900146484375,277.5199890136719,26120100
2021-07-14,273.28955078125,282.510009765625,283.6600036621094,280.54998779296875,282.3500061035156,23113700
2021-07-15,271.8578186035156,281.0299987792969,282.510009765625,279.8299865722656,282.0,22604200
2021-07-16,271.5869140625,280.75,284.1000061035156,279.4599914550781,282.07000732421875,26186800
2021-07-19,267.96905517578125,277.010009765625,280.3699951171875,274.45001220703125,278.92999267578125,32935600
2021-07-20,270.20361328125,279.32000732421875,280.9700012207031,276.260009765625,278.0299987792969,26259700
2021-07-21,272.2157897949219,281.3999938964844,281.5199890136719,277.2900085449219,278.8999938964844,24364300
2021-07-22,276.8011169433594,286.1400146484375,286.4200134277344,283.4200134277344,283.8399963378906,23384100
2021-07-23,280.21588134765625,289.6700134277344,289.989990234375,286.5,287.3699951171875,22768100
2021-07-26,279.6160888671875,289.04998779296875,289.69000244140625,286.6400146484375,289.0,23176100
2021-07-27,277.1880187988281,286.5400085449219,289.5799865722656,282.95001220703125,289.42999267578125,33604100
2021-07-28,276.87847900390625,286.2200012207031,290.1499938964844,283.8299865722656,288.989990234375,33566900
2021-07-29,277.1493225097656,286.5,288.6199951171875,286.0799865722656,286.239990234375,18168300
2021-07-30,275.6112060546875,284.9100036621094,286.6600036621094,283.9100036621094,285.1700134277344,20944800
2021-08-02,275.5241394042969,284.82000732421875,286.7699890136719,283.739990234375,286.3599853515625,16267400
2021-08-03,277.74908447265625,287.1199951171875,287.2300109863281,284.0,285.4200134277344,17879000
2021-08-04,277.15899658203125,286.510009765625,287.5899963378906,284.6499938964844,286.2200012207031,16191300
2021-08-05,280.07073974609375,289.5199890136719,289.6300048828125,286.1000061035156,286.8800048828125,13900200
2021-08-06,280.01275634765625,289.4599914550781,289.5,287.6199951171875,288.510009765625,16589300
2021-08-09,278.9195861816406,288.3299865722656,291.54998779296875,287.80999755859375,289.75,16117600
2021-08-10,277.09124755859375,286.44000244140625,289.25,285.20001220703125,288.79998779296875,18616600
2021-08-11,277.5846252441406,286.95001220703125,288.6600036621094,285.8599853515625,287.2099914550781,13955900
2021-08-12,280.351318359375,289.80999755859375,289.9700012207031,286.3399963378906,286.6300048828125,14561300
2021-08-13,283.2920837402344,292.8500061035156,292.8999938964844,289.29998779296875,289.4800109863281,18249000
2021-08-16,284.98492431640625,294.6000061035156,294.82000732421875,290.0199890136719,293.19000244140625,22507600
2021-08-17,283.5145568847656,293.0799865722656,293.42999267578125,291.0799865722656,292.3900146484375,20075300
2021-08-18,281.7796325683594,290.7300109863281,294.82000732421875,290.2699890136719,292.0400085449219,21813000
2021-08-19,287.6336364746094,296.7699890136719,297.4700012207031,288.6400146484375,288.69000244140625,29850500
2021-08-20,294.9900817871094,304.3599853515625,305.8399963378906,298.05999755859375,299.7200012207031,40817600
2021-08-23,295.2710876464844,304.6499938964844,305.3999938964844,301.8500061035156,303.25,22830200
2021-08-24,293.3035583496094,302.6199951171875,305.6499938964844,302.0,305.0199890136719,18175800
2021-08-25,292.7123718261719,302.010009765625,304.5899963378906,300.4200134277344,304.29998779296875,20006100
2021-08-26,289.8822326660156,299.0899963378906,302.42999267578125,298.95001220703125,300.989990234375,17666100
2021-08-27,290.4928894042969,299.7200012207031,300.8699951171875,296.8299865722656,298.989990234375,22605700
2021-08-30,294.2437744140625,303.5899963378906,304.2200012207031,301.05999755859375,301.1199951171875,16348100
2021-08-31,292.5864562988281,301.8800048828125,304.5,301.5,304.4200134277344,26285300
2021-09-01,292.5379333496094,301.8299865722656,305.19000244140625,301.489990234375,302.8699951171875,18983800
2021-09-02,291.8788757324219,301.1499938964844,303.3599853515625,300.17999267578125,302.20001220703125,16285600
2021-09-03,291.8691711425781,301.1400146484375,302.6000061035156,300.260009765625,300.989990234375,14747900
2021-09-07,290.9386901855469,300.17999267578125,301.0899963378906,298.20001220703125,301.010009765625,17180400
2021-09-08,290.9677734375,300.2099914550781,300.6099853515625,297.4700012207031,299.7799987792969,15046800
2021-09-09,288.0989074707031,297.25,302.1400146484375,297.0,300.82000732421875,19927000
2021-09-10,286.6063232421875,295.7099914550781,299.9200134277344,295.3800048828125,298.4200134277344,19633400
2021-09-13,287.84698486328125,296.989990234375,298.5400085449219,294.0799865722656,297.54998779296875,23652900
2021-09-14,290.5606994628906,299.7900085449219,301.3900146484375,298.1000061035156,299.55999755859375,21853400
2021-09-15,295.4359130859375,304.82000732421875,305.32000732421875,301.82000732421875,303.260009765625,28356300
2021-09-16,295.8236083984375,305.2200012207031,305.30999755859375,300.760009765625,303.760009765625,19550800
2021-09-17,290.6383056640625,299.8699951171875,304.5,299.5299987792969,304.1700134277344,41372500
2021-09-20,285.23968505859375,294.29998779296875,298.7200012207031,289.5199890136719,296.3299865722656,38278700
2021-09-21,285.7243347167969,294.79998779296875,297.5400085449219,294.07000732421875,295.69000244140625,22364100
2021-09-22,289.38800048828125,298.5799865722656,300.2200012207031,294.510009765625,296.7300109863281,26626300
2021-09-23,290.3377990722656,299.55999755859375,300.8999938964844,297.5299987792969,298.8500061035156,18604600
2021-09-24,290.1343078613281,299.3500061035156,299.79998779296875,296.92999267578125,298.2300109863281,14999000
2021-09-27,285.1138000488281,294.1700134277344,296.4700012207031,292.94000244140625,296.1400146484375,23571700
2021-09-28,274.7915954589844,283.5199890136719,290.7799987792969,282.75,289.79998779296875,43186200
2021-09-29,275.2568664550781,284.0,286.7699890136719,283.010009765625,285.1000061035156,26353700
2021-09-30,273.2409362792969,281.9200134277344,287.8299865722656,281.6199951171875,285.7099914550781,32343600
2021-10-01,280.1998596191406,289.1000061035156,289.9800109863281,281.2900085449219,282.1199951171875,30086300
2021-10-04,274.39422607421875,283.1099853515625,287.75,280.25,287.3999938964844,31350700
2021-10-05,279.870361328125,288.760009765625,290.3999938964844,284.04998779296875,284.04998779296875,24993000
2021-10-06,284.0863952636719,293.1099853515625,293.6300048828125,285.510009765625,285.7799987792969,28002600
2021-10-07,285.7728271484375,294.8500061035156,296.6400146484375,293.9200134277344,295.17999267578125,20430500
2021-10-08,285.7728271484375,294.8500061035156,296.6400146484375,293.760009765625,296.2200012207031,17685700
2021-10-11,285.1719665527344,294.2300109863281,297.9700012207031,292.75,292.9200134277344,19298600
2021-10-12,283.8634948730469,292.8800048828125,295.44000244140625,292.3500061035156,295.3399963378906,17974100
2021-10-13,287.1878967285156,296.30999755859375,297.2799987792969,293.489990234375,294.9100036621094,23416300
2021-10-14,293.4296875,302.75,303.2699890136719,297.8299865722656,299.2099914550781,27262900
2021-10-15,294.8446350097656,304.2099914550781,304.45001220703125,300.5199890136719,302.3399963378906,25384800
2021-10-18,297.82989501953125,307.2900085449219,308.2099914550781,302.69000244140625,303.57000732421875,22729300
2021-10-19,298.7408752441406,308.2300109863281,309.29998779296875,307.2200012207031,308.3500061035156,17682100
2021-10-20,297.9461669921875,307.4100036621094,309.70001220703125,306.1099853515625,309.2099914550781,16537100
2021-10-21,301.1930236816406,310.760009765625,311.0199890136719,306.3599853515625,307.1700134277344,16918100
2021-10-22,299.6423034667969,309.1600036621094,311.0899963378906,307.79998779296875,310.3999938964844,17449300
2021-10-25,298.64404296875,308.1300048828125,309.3999938964844,306.4599914550781,309.3599853515625,17554500
2021-10-26,300.5629577636719,310.1099853515625,312.3999938964844,308.6000061035156,311.0,28107300
2021-10-27,313.2209777832031,323.1700134277344,326.1000061035156,316.0,316.0,52588700
2021-10-28,314.36468505859375,324.3500061035156,324.8699951171875,321.3599853515625,324.3299865722656,26297900
2021-10-29,321.410888671875,331.6199951171875,332.0,323.8999938964844,324.1300048828125,34766000
2021-11-01,319.2301330566406,329.3699951171875,331.489990234375,326.3699951171875,331.3599853515625,27073200
2021-11-02,322.8743896484375,333.1300048828125,333.45001220703125,330.0,330.30999755859375,26487100
2021-11-03,323.717529296875,334.0,334.8999938964844,330.6499938964844,333.8999938964844,21500100
2021-11-04,326.0824279785156,336.44000244140625,336.5400085449219,329.510009765625,332.8900146484375,23992200
2021-11-05,325.7141418457031,336.05999755859375,338.7900085449219,334.4200134277344,338.510009765625,22570100
2021-11-08,326.6155090332031,336.989990234375,337.6499938964844,334.44000244140625,337.29998779296875,20897000
2021-11-09,325.6075744628906,335.95001220703125,338.7200012207031,334.5299987792969,337.1099853515625,21307400
2021-11-10,320.6161193847656,330.79998779296875,334.6300048828125,329.9200134277344,334.57000732421875,25500900
2021-11-11,322.1958923339844,332.42999267578125,333.7699890136719,330.510009765625,331.25,16849800
2021-11-12,326.35382080078125,336.7200012207031,337.2300109863281,333.7900085449219,333.9200134277344,23831000
2021-11-15,325.72381591796875,336.07000732421875,337.8800048828125,334.0299987792969,337.5400085449219,16723000
2021-11-16,329.0579833984375,339.510009765625,340.6700134277344,335.510009765625,335.67999267578125,20886800
2021-11-17,329.28125,339.1199951171875,342.19000244140625,338.0,338.94000244140625,19053400
2021-11-18,331.36883544921875,341.2699890136719,342.45001220703125,337.1199951171875,338.17999267578125,22463500
2021-11-19,333.1554870605469,343.1099853515625,345.1000061035156,342.20001220703125,342.6400146484375,21963400
2021-11-22,329.97064208984375,339.8299865722656,349.6700134277344,339.54998779296875,344.6199951171875,31031100
2021-11-23,327.8829345703125,337.67999267578125,339.45001220703125,333.55999755859375,337.04998779296875,30427600
2021-11-24,328.10638427734375,337.9100036621094,338.1600036621094,333.9100036621094,336.2799987792969,21661300
2021-11-26,320.1151123046875,329.67999267578125,337.92999267578125,328.1199951171875,334.3500061035156,24217200
2021-11-29,326.8635559082031,336.6300048828125,339.0299987792969,334.739990234375,334.94000244140625,28563500
2021-11-30,320.99871826171875,330.5899963378906,337.7799987792969,328.989990234375,335.32000732421875,42885600
2021-12-01,320.5035705566406,330.0799865722656,339.2799987792969,329.3900146484375,335.1300048828125,33337600
2021-12-02,319.9305725097656,329.489990234375,333.489990234375,327.79998779296875,330.29998779296875,30766000
2021-12-03,313.638671875,323.010009765625,332.70001220703125,318.0299987792969,331.989990234375,41779300
2021-12-06,316.7264099121094,326.19000244140625,327.45001220703125,319.2300109863281,323.95001220703125,30032600
2021-12-07,325.2030944824219,334.9200134277344,335.79998779296875,330.1000061035156,331.6400146484375,31021900
2021-12-08,325.2516784667969,334.9700012207031,335.5,330.79998779296875,335.30999755859375,24761000
2021-12-09,323.4359436035156,333.1000061035156,336.489990234375,332.1199951171875,334.4100036621094,22214200
2021-12-10,332.60205078125,342.5400085449219,343.0,334.7900085449219,334.9800109863281,38095700
2021-12-13,329.5531005859375,339.3999938964844,343.7900085449219,339.0799865722656,340.67999267578125,28899400
2021-12-14,318.8139953613281,328.3399963378906,334.6400146484375,324.1099853515625,333.2200012207031,44438700
2021-12-15,324.94097900390625,334.6499938964844,335.19000244140625,324.5,328.6099853515625,35381100
2021-12-16,315.473876953125,324.8999938964844,336.760009765625,323.0199890136719,335.7099914550781,35034800
2021-12-17,314.4057922363281,323.79998779296875,324.9200134277344,317.25,320.8800048828125,47750300
2021-12-20,310.6285705566406,319.9100036621094,322.79998779296875,317.57000732421875,320.04998779296875,28326500
2021-12-21,317.7945251464844,327.2900085449219,327.7300109863281,319.79998779296875,323.2900085449219,24740600
2021-12-22,323.5330505371094,333.20001220703125,333.6099853515625,325.75,328.29998779296875,24831500
2021-12-23,324.97979736328125,334.69000244140625,336.3900146484375,332.7300109863281,332.75,19617800
2021-12-27,332.5146789550781,342.45001220703125,342.4800109863281,335.42999267578125,335.4599914550781,19947000
2021-12-28,331.3494873046875,341.25,343.80999755859375,340.32000732421875,343.1499938964844,15661500
2021-12-29,332.02911376953125,341.95001220703125,344.29998779296875,339.67999267578125,341.29998779296875,15042000
2021-12-30,329.4754943847656,339.32000732421875,343.1300048828125,338.82000732421875,341.9100036621094,15994500
2021-12-31,326.5625,336.32000732421875,339.3599853515625,335.8500061035156,338.510009765625,18000800
2022-01-03,325.03802490234375,334.75,338.0,329.7799987792969,335.3500061035156,28865100
2022-01-04,319.464599609375,329.010009765625,335.20001220703125,326.1199951171875,334.8299865722656,32674300
2022-01-05,307.2009582519531,316.3800048828125,326.07000732421875,315.9800109863281,325.8599853515625,40054300
2022-01-06,304.7735290527344,313.8800048828125,318.70001220703125,311.489990234375,313.1499938964844,39646100
2022-01-07,304.928955078125,314.0400085449219,316.5,310.0899963378906,314.1499938964844,32720000
2022-01-10,305.1522216796875,314.2699890136719,314.7200012207031,304.69000244140625,309.489990234375,44289500
2022-01-11,305.84161376953125,314.9800109863281,316.6099853515625,309.8900146484375,313.3800048828125,29386800
2022-01-12,309.03619384765625,318.2699890136719,323.4100036621094,317.0799865722656,319.6700134277344,34372200
2022-01-13,295.95703125,304.79998779296875,320.8800048828125,304.0,320.4700012207031,45366000
2022-01-14,301.2003173828125,310.20001220703125,310.82000732421875,303.75,304.25,39846400
2022-01-18,293.8692626953125,302.6499938964844,309.79998779296875,301.739990234375,304.07000732421875,42333200
2022-01-19,294.5295715332031,303.3299865722656,313.9100036621094,302.70001220703125,306.2900085449219,45933900
2022-01-20,292.8498229980469,301.6000061035156,311.6499938964844,301.1400146484375,309.07000732421875,35380700
2022-01-21,287.4414367675781,296.0299987792969,304.1099853515625,295.6099853515625,302.69000244140625,57984400
2022-01-24,287.771484375,296.3699951171875,297.1099853515625,276.04998779296875,292.20001220703125,85731500
2022-01-25,280.1201477050781,288.489990234375,294.989990234375,285.1700134277344,291.5199890136719,72848600
2022-01-26,288.10174560546875,296.7099914550781,308.5,293.0299987792969,307.989990234375,90428900
2022-01-27,291.140869140625,299.8399963378906,307.29998779296875,297.92999267578125,302.6600036621094,53481300
2022-01-28,299.3165588378906,308.260009765625,308.4800109863281,294.45001220703125,300.2300109863281,49743700
2022-01-31,301.9576721191406,310.9800109863281,312.3800048828125,306.3699951171875,308.95001220703125,46444500
2022-02-01,299.80206298828125,308.760009765625,310.6300048828125,305.1300048828125,310.4100036621094,40950400
2022-02-02,304.36572265625,313.4599914550781,315.1199951171875,308.8800048828125,309.6300048828125,36636000
2022-02-03,292.5099792480469,301.25,311.2300109863281,299.9599914550781,309.489990234375,43730000
2022-02-04,297.0638732910156,305.94000244140625,308.79998779296875,299.9700012207031,300.2099914550781,35096500
2022-02-07,292.21868896484375,300.95001220703125,307.8399963378906,299.8999938964844,306.1700134277344,28533300
2022-02-08,295.7239685058594,304.55999755859375,305.55999755859375,299.95001220703125,301.25,32421200
2022-02-09,302.1809997558594,311.2099914550781,311.92999267578125,307.3900146484375,309.8699951171875,31284700
2022-02-10,293.6071472167969,302.3800048828125,309.1199951171875,300.70001220703125,304.0400085449219,45386200
2022-02-11,286.48016357421875,295.0400085449219,304.2900085449219,294.2200012207031,303.19000244140625,39175600
2022-02-14,286.4413146972656,295.0,296.760009765625,291.3500061035156,293.7699890136719,36359500
2022-02-15,291.7525939941406,300.4700012207031,300.79998779296875,297.0199890136719,300.010009765625,27058300
2022-02-16,291.41204833984375,299.5,300.8699951171875,293.67999267578125,298.3699951171875,29982100
2022-02-17,282.8788146972656,290.7300109863281,296.79998779296875,290.0,296.3599853515625,32461600
2022-02-18,280.1545104980469,287.92999267578125,293.8599853515625,286.30999755859375,293.04998779296875,34264000
2022-02-22,279.9501647949219,287.7200012207031,291.5400085449219,284.5,285.0,41736100
2022-02-23,272.7013244628906,280.2699890136719,291.70001220703125,280.1000061035156,290.17999267578125,37811200
2022-02-24,286.6346740722656,294.5899963378906,295.1600036621094,271.5199890136719,272.510009765625,56989700
2022-02-25,289.2812194824219,297.30999755859375,297.6300048828125,291.6499938964844,295.1400146484375,32546700
2022-02-28,290.72125244140625,298.7900085449219,299.1400146484375,293.0,294.30999755859375,34627500
2022-03-01,286.9848937988281,294.95001220703125,299.9700012207031,292.1499938964844,296.3999938964844,31217800
2022-03-02,292.08343505859375,300.19000244140625,301.4700012207031,293.70001220703125,295.3599853515625,31873000
2022-03-03,287.9287414550781,295.9200134277344,303.1300048828125,294.04998779296875,302.8900146484375,27314500
2022-03-04,282.0324401855469,289.8599853515625,295.6600036621094,287.1700134277344,294.2900085449219,32356500
2022-03-07,271.37811279296875,278.9100036621094,289.69000244140625,278.5299987792969,288.5299987792969,43157200
2022-03-08,268.4007263183594,275.8500061035156,283.9599914550781,270.0,277.79998779296875,48159500
2022-03-09,280.7091064453125,288.5,289.6000061035156,280.7799987792969,283.44000244140625,35204500
2022-03-10,277.877685546875,285.5899963378906,286.6000061035156,280.5799865722656,283.0199890136719,30628000
2022-03-11,272.50677490234375,280.07000732421875,289.510009765625,279.42999267578125,287.9599914550781,27209300
2022-03-14,268.9747619628906,276.44000244140625,285.3999938964844,275.82000732421875,280.3399963378906,30660700
2022-03-15,279.39556884765625,287.1499938964844,287.82000732421875,278.7300109863281,280.3500061035156,34245100
2022-03-16,286.4400329589844,294.3900146484375,294.57000732421875,283.20001220703125,289.1099853515625,37826300
2022-03-17,287.2476501464844,295.2200012207031,295.6099853515625,289.3699951171875,293.2900085449219,30816600
2022-03-18,292.3169250488281,300.42999267578125,301.0,292.7300109863281,295.3699951171875,43390600
2022-03-21,291.0812072753906,299.1600036621094,300.1400146484375,294.8999938964844,298.8900146484375,28351200
2022-03-22,295.84893798828125,304.05999755859375,305.0,298.7699890136719,299.79998779296875,27599700
2022-03-23,291.4022521972656,299.489990234375,303.2300109863281,297.7200012207031,300.510009765625,25715400
2022-03-24,295.8878479003906,304.1000061035156,304.20001220703125,298.32000732421875,299.1400146484375,24484500
2022-03-25,295.47918701171875,303.67999267578125,305.5,299.2900085449219,305.2300109863281,22566500
2022-03-28,302.3096618652344,310.70001220703125,310.79998779296875,304.3299865722656,304.3299865722656,29578200
2022-03-29,306.8924560546875,315.4100036621094,315.82000732421875,309.04998779296875,313.9100036621094,30393400
2022-03-30,305.38427734375,313.8599853515625,315.95001220703125,311.5799865722656,313.760009765625,28163600
2022-03-31,299.98419189453125,308.30999755859375,315.1400146484375,307.8900146484375,313.8999938964844,33422100
2022-04-01,301.0642395019531,309.4200134277344,310.1300048828125,305.5400085449219,309.3699951171875,27110500
2022-04-04,306.46429443359375,314.9700012207031,315.1099853515625,309.7099914550781,310.0899963378906,24289600
2022-04-05,302.4847412109375,310.8800048828125,314.8699951171875,309.8699951171875,313.2699890136719,23156700
2022-04-06,291.41204833984375,299.5,307.0,296.7099914550781,305.19000244140625,40110400
2022-04-07,293.2315368652344,301.3699951171875,303.6499938964844,296.3500061035156,296.6600036621094,31411200
2022-04-08,288.9504089355469,296.9700012207031,301.1199951171875,296.2799987792969,300.44000244140625,24361900
2022-04-11,277.5565490722656,285.260009765625,292.6099853515625,285.0,291.7900085449219,34569300
2022-04-12,274.4430236816406,282.05999755859375,290.739990234375,280.489990234375,289.239990234375,30966700
2022-04-13,279.8529052734375,287.6199951171875,288.5799865722656,281.29998779296875,282.7300109863281,21907200
2022-04-14,272.27325439453125,279.8299865722656,288.30999755859375,279.32000732421875,288.0899963378906,28221600
2022-04-18,272.9446105957031,280.5199890136719,282.4599914550781,278.3399963378906,278.9100036621094,20778000
2022-04-19,277.5955810546875,285.29998779296875,286.1700134277344,278.4100036621094,279.3800048828125,22297700
2022-04-20,278.62689208984375,286.3599853515625,289.70001220703125,285.3699951171875,289.3999938964844,22906700
2022-04-21,273.2267761230469,280.80999755859375,293.29998779296875,280.05999755859375,288.5799865722656,29454600
2022-04-22,266.6299133300781,274.0299987792969,283.20001220703125,273.3800048828125,281.67999267578125,29405800
2022-04-25,273.13922119140625,280.7200012207031,281.1099853515625,270.7699890136719,273.2900085449219,35678900
2022-04-26,262.9227294921875,270.2200012207031,278.3599853515625,270.0,277.5,46518400
2022-04-27,275.5716857910156,283.2200012207031,290.9700012207031,279.1600036621094,282.1000061035156,63477700
2022-04-28,281.80859375,289.6300048828125,290.9800109863281,281.4599914550781,285.19000244140625,33646600
2022-04-29,270.0256042480469,277.5199890136719,289.8800048828125,276.5,288.6099853515625,37073900
2022-05-02,276.7879638671875,284.4700012207031,284.94000244140625,276.2200012207031,277.7099914550781,35151100
2022-05-03,274.17059326171875,281.7799987792969,284.1300048828125,280.1499938964844,283.9599914550781,25978600
2022-05-04,282.149169921875,289.9800109863281,290.8800048828125,276.7300109863281,282.5899963378906,33599300
2022-05-05,269.8602294921875,277.3500061035156,286.3500061035156,274.3399963378906,285.5400085449219,43260400
2022-05-06,267.3109436035156,274.7300109863281,279.25,271.2699890136719,274.80999755859375,37780300
2022-05-09,257.43505859375,264.5799865722656,272.3599853515625,263.32000732421875,270.05999755859375,47726000
2022-05-10,262.2221984863281,269.5,273.75,265.07000732421875,271.69000244140625,39336400
2022-05-11,253.51390075683594,260.54998779296875,271.3599853515625,259.29998779296875,265.67999267578125,48975900
2022-05-12,248.45431518554688,255.35000610351562,259.8800048828125,250.02000427246094,257.69000244140625,51033800
2022-05-13,254.06854248046875,261.1199951171875,263.0400085449219,255.35000610351562,257.3500061035156,34925100
2022-05-16,254.43820190429688,261.5,265.82000732421875,255.77999877929688,259.9599914550781,32550900
2022-05-17,259.6146545410156,266.82000732421875,268.3299865722656,262.4599914550781,266.1099853515625,28828800
2022-05-18,247.7943878173828,254.0800018310547,263.6000061035156,252.77000427246094,263.0,31356000
2022-05-19,246.87765502929688,253.13999938964844,257.6700134277344,251.8800048828125,253.89999389648438,32692300
2022-05-20,246.31201171875,252.55999755859375,258.5400085449219,246.44000244140625,257.239990234375,39199300
2022-05-23,254.20191955566406,260.6499938964844,261.5,253.42999267578125,255.49000549316406,33175400
2022-05-24,253.19735717773438,259.6199951171875,261.3299865722656,253.5,257.8900146484375,29043900
2022-05-25,256.02557373046875,262.5199890136719,264.5799865722656,257.1300048828125,258.1400146484375,28547900
2022-05-26,259.3219909667969,265.8999938964844,267.1099853515625,261.42999267578125,262.2699890136719,25002100
2022-05-27,266.4803771972656,273.239990234375,273.3399963378906,267.55999755859375,268.4800109863281,26910800
2022-05-31,265.1443176269531,271.8699951171875,274.7699890136719,268.92999267578125,272.5299987792969,37827700
2022-06-01,265.68072509765625,272.4200134277344,277.69000244140625,270.0400085449219,275.20001220703125,25292200
2022-06-02,267.78729248046875,274.5799865722656,274.6499938964844,261.6000061035156,264.45001220703125,44008200
2022-06-03,263.3400573730469,270.0199890136719,273.45001220703125,268.4100036621094,270.30999755859375,28059000
2022-06-06,262.1015319824219,268.75,274.17999267578125,267.2200012207031,272.05999755859375,22400300
2022-06-07,265.7586975097656,272.5,273.1300048828125,265.94000244140625,266.6400146484375,22860700
2022-06-08,263.720458984375,270.4100036621094,273.0,269.6099853515625,271.7099914550781,17372300
2022-06-09,258.23944091796875,264.7900085449219,272.7099914550781,264.6300048828125,267.7799987792969,26439700
2022-06-10,246.7313690185547,252.99000549316406,260.5799865722656,252.52999877929688,260.5799865722656,31422800
2022-06-13,236.26681518554688,242.25999450683594,249.02000427246094,241.52999877929688,245.11000061035156,46135800
2022-06-14,238.44166564941406,244.49000549316406,245.74000549316406,241.50999450683594,243.86000061035156,28651500
2022-06-15,245.53179931640625,251.75999450683594,255.3000030517578,246.4199981689453,248.30999755859375,33111700
2022-06-16,238.90977478027344,244.97000122070312,247.4199981689453,243.02000427246094,245.97999572753906,33169200
2022-06-17,241.52349853515625,247.64999389648438,250.5,244.02999877929688,244.6999969482422,43084800
2022-06-21,247.46282958984375,253.74000549316406,254.75,249.50999450683594,250.25999450683594,29928300
2022-06-22,246.86793518066406,253.1300048828125,257.1700134277344,250.3699951171875,251.88999938964844,25939900
2022-06-23,252.4561309814453,258.8599853515625,259.3699951171875,253.6300048828125,255.57000732421875,25861400
2022-06-24,261.0774230957031,267.70001220703125,267.9800109863281,261.7200012207031,261.80999755859375,33923200
2022-06-27,258.3370666503906,264.8900146484375,268.29998779296875,263.2799987792969,268.2099914550781,24615100
2022-06-28,250.13507080078125,256.4800109863281,266.9100036621094,256.32000732421875,263.9800109863281,27295500
2022-06-29,253.821533203125,260.260009765625,261.9700012207031,255.75999450683594,257.5899963378906,20069800
2022-06-30,250.47637939453125,256.8299865722656,259.5299987792969,252.89999389648438,257.04998779296875,31730900
2022-07-01,253.15838623046875,259.5799865722656,259.7699890136719,254.61000061035156,256.3900146484375,22837700
2022-07-05,256.3475036621094,262.8500061035156,262.9800109863281,254.74000549316406,256.1600036621094,22941000
2022-07-06,259.62432861328125,266.2099914550781,267.989990234375,262.3999938964844,263.75,23824400
2022-07-07,261.76019287109375,268.3999938964844,269.05999755859375,265.0199890136719,265.1199951171875,20859900
2022-07-08,261.0384521484375,267.6600036621094,268.1000061035156,263.2900085449219,264.7900085449219,19658800
2022-07-11,257.96636962890625,264.510009765625,266.5299987792969,262.17999267578125,265.6499938964844,19455200
2022-07-12,247.39459228515625,253.6699981689453,265.94000244140625,252.0399932861328,265.8800048828125,35868500
2022-07-13,246.46804809570312,252.72000122070312,253.5500030517578,248.11000061035156,250.19000244140625,29497400
2022-07-14,247.7943878173828,254.0800018310547,255.13999938964844,245.94000244140625,250.57000732421875,25102800
2022-07-15,250.36912536621094,256.7200012207031,260.3699951171875,254.77000427246094,255.72000122070312,29774100
2022-07-18,247.96018981933594,254.25,260.8399963378906,253.3000030517578,259.75,20975000
2022-07-19,253.10958862304688,259.5299987792969,259.7200012207031,253.67999267578125,257.5799865722656,25012600
2022-07-20,255.78184509277344,262.2699890136719,264.8699951171875,258.9100036621094,259.8999938964844,22788300
2022-07-21,258.2882385253906,264.8399963378906,264.8900146484375,257.0299987792969,259.7900085449219,22404700
2022-07-22,253.91905212402344,260.3599853515625,265.3299865722656,259.07000732421875,265.239990234375,21881300
2022-07-25,252.42689514160156,258.8299865722656,261.5,256.80999755859375,261.0,21056000
2022-07-26,245.66831970214844,251.89999389648438,259.8800048828125,249.57000732421875,259.8599853515625,39348000
2022-07-27,262.09173583984375,268.739990234375,270.04998779296875,258.8500061035156,261.1600036621094,45994000
2022-07-28,269.57196044921875,276.4100036621094,277.8399963378906,267.8699951171875,269.75,33459300
2022-07-29,273.7948303222656,280.739990234375,282.0,276.6300048828125,277.70001220703125,32152800
2022-08-01,271.1324462890625,278.010009765625,281.2799987792969,275.8399963378906,277.82000732421875,21539600
2022-08-02,268.0213623046875,274.82000732421875,277.8900146484375,272.3800048828125,276.0,22754200
2022-08-03,275.4820861816406,282.4700012207031,283.5,276.6099853515625,276.760009765625,23518900
2022-08-04,276.6329040527344,283.6499938964844,283.79998779296875,280.1700134277344,281.79998779296875,18098700
2022-08-05,275.9112243652344,282.9100036621094,283.6499938964844,278.67999267578125,279.1499938964844,16774600
2022-08-08,273.38531494140625,280.32000732421875,285.9200134277344,279.32000732421875,284.04998779296875,18739200
2022-08-09,275.3162536621094,282.29998779296875,283.0799865722656,277.6099853515625,279.6400146484375,23405200
2022-08-10,282.006591796875,289.1600036621094,289.80999755859375,286.94000244140625,288.1700134277344,24687800
2022-08-11,279.91949462890625,287.0199890136719,291.2099914550781,286.510009765625,290.8500061035156,20065900
2022-08-12,284.6885681152344,291.9100036621094,291.9100036621094,286.94000244140625,288.4800109863281,22619700
2022-08-15,286.2099609375,293.4700012207031,294.17999267578125,290.1099853515625,291.0,18085700
2022-08-16,285.4687805175781,292.7099914550781,294.0400085449219,290.4200134277344,291.989990234375,18102900
2022-08-17,284.7162170410156,291.32000732421875,293.3500061035156,289.4700012207031,289.739990234375,18253400
2022-08-18,283.5923156738281,290.1700134277344,291.9100036621094,289.0799865722656,290.19000244140625,17186200
2022-08-19,279.6633605957031,286.1499938964844,289.25,285.55999755859375,288.8999938964844,20570000
2022-08-22,271.45379638671875,277.75,282.4599914550781,277.2200012207031,282.0799865722656,25061100
2022-08-23,270.1734924316406,276.44000244140625,278.8599853515625,275.3999938964844,276.44000244140625,17527400
2022-08-24,269.53826904296875,275.7900085449219,277.2300109863281,275.1099853515625,275.4100036621094,18137000
2022-08-25,272.5289306640625,278.8500061035156,279.0199890136719,274.5199890136719,277.3299865722656,16583400
2022-08-26,262.0127868652344,268.0899963378906,280.3399963378906,267.9800109863281,279.0799865722656,27549300
2022-08-29,259.2176513671875,265.2300109863281,267.3999938964844,263.8500061035156,265.8500061035156,20338500
2022-08-30,257.00885009765625,262.9700012207031,267.04998779296875,260.6600036621094,266.6700134277344,22767100
2022-08-31,255.54286193847656,261.4700012207031,267.1099853515625,261.3299865722656,265.3900146484375,24791800
2022-09-01,254.4971160888672,260.3999938964844,260.8900146484375,255.41000366210938,258.8699951171875,23263400
2022-09-02,250.2554931640625,256.05999755859375,264.739990234375,254.47000122070312,261.70001220703125,22855400
2022-09-06,247.5092010498047,253.25,257.8299865722656,251.94000244140625,256.20001220703125,21328200
2022-09-07,252.2394561767578,258.0899963378906,258.8299865722656,253.22000122070312,254.6999969482422,24126700
2022-09-08,252.6597442626953,258.5199890136719,260.42999267578125,254.7899932861328,257.510009765625,20319900
2022-09-09,258.465087890625,264.4599914550781,265.2300109863281,260.2900085449219,260.5,22084700
2022-09-12,260.60540771484375,266.6499938964844,267.45001220703125,265.1600036621094,265.7799987792969,18747700
2022-09-13,246.2777557373047,251.99000549316406,260.3999938964844,251.58999633789062,258.8399963378906,33353300
2022-09-14,246.50253295898438,252.22000122070312,254.22999572753906,249.86000061035156,253.52999877929688,23913000
2022-09-15,239.81764221191406,245.3800048828125,251.39999389648438,244.02000427246094,249.77000427246094,31530900
2022-09-16,239.19210815429688,244.74000549316406,245.3000030517578,242.05999755859375,244.25999450683594,39791800
2022-09-19,238.97708129882812,244.52000427246094,245.13999938964844,240.85000610351562,242.47000122070312,26826900
2022-09-20,236.9540252685547,242.4499969482422,243.50999450683594,239.63999938964844,242.07000732421875,26660300
2022-09-21,233.5333251953125,238.9499969482422,247.66000366210938,238.89999389648438,244.27000427246094,28625600
2022-09-22,235.51736450195312,240.97999572753906,243.86000061035156,237.57000732421875,237.8699951171875,31061200
2022-09-23,232.5266876220703,237.9199981689453,241.1300048828125,235.1999969482422,239.5399932861328,34176000
2022-09-26,232.06735229492188,237.4499969482422,241.4499969482422,236.89999389648438,237.0500030517578,27694200
2022-09-27,231.05093383789062,236.41000366210938,241.8000030517578,234.5,239.97999572753906,27018700
2022-09-28,235.60531616210938,241.07000732421875,242.3300018310547,234.72999572753906,236.80999755859375,29029700
2022-09-29,232.11624145507812,237.5,239.9499969482422,234.41000366210938,238.88999938964844,27484200
2022-09-30,227.6204833984375,232.89999389648438,240.5399932861328,232.72999572753906,238.2899932861328,35694800
2022-10-03,235.2827911376953,240.74000549316406,241.61000061035156,234.66000366210938,235.41000366210938,28880400
2022-10-04,243.23829650878906,248.8800048828125,250.36000061035156,244.97999572753906,245.08999633789062,34888400
2022-10-05,243.551025390625,249.1999969482422,250.5800018310547,244.10000610351562,245.99000549316406,20347100
2022-10-06,241.19561767578125,246.7899932861328,250.33999633789062,246.0800018310547,247.92999267578125,20239900
2022-10-07,228.93014526367188,234.24000549316406,241.32000732421875,233.1699981689453,240.89999389648438,37769600
2022-10-10,224.05325317382812,229.25,234.55999755859375,226.72999572753906,233.0500030517578,29743600
2022-10-11,220.30032348632812,225.41000366210938,229.05999755859375,224.11000061035156,227.6199951171875,30474000
2022-10-12,220.63255310058594,225.75,227.86000061035156,223.9600067138672,225.39999389648438,21903900
2022-10-13,228.93014526367188,234.24000549316406,236.10000610351562,219.1300048828125,219.85000610351562,42551800
2022-10-14,223.37887573242188,228.55999755859375,237.24000549316406,228.33999633789062,235.5399932861328,30198600
2022-10-17,232.1455535888672,237.52999877929688,238.9600067138672,235.13999938964844,235.82000732421875,28142300
2022-10-18,233.0935516357422,238.5,243.92999267578125,235.3699951171875,243.24000549316406,26329600
2022-10-19,231.1193389892578,236.47999572753906,239.61000061035156,234.2899932861328,237.0399932861328,19985700
2022-10-20,230.79681396484375,236.14999389648438,241.30999755859375,234.8699951171875,235.77000427246094,21811000
2022-10-21,236.63150024414062,242.1199951171875,243.0,234.5,234.74000549316406,26299700
2022-10-24,241.6452178955078,247.25,247.83999633789062,241.3000030517578,243.75999450683594,24911200
2022-10-25,244.9779052734375,250.66000366210938,251.0399932861328,245.8300018310547,247.25999450683594,34775500
2022-10-26,226.07632446289062,231.32000732421875,238.3000030517578,230.05999755859375,231.1699981689453,82543200
2022-10-27,221.6099090576172,226.75,233.69000244140625,225.77999877929688,231.0399932861328,40424600
2022-10-28,230.52317810058594,235.8699951171875,236.60000610351562,226.0500030517578,226.24000549316406,40647700
2022-10-31,226.86795043945312,232.1300048828125,234.9199981689453,231.14999389648438,233.75999450683594,28357300
2022-11-01,222.9977264404297,228.1699981689453,235.74000549316406,227.3300018310547,234.60000610351562,30592300
2022-11-02,215.1106414794922,220.10000610351562,231.3000030517578,220.0399932861328,229.4600067138672,38407000
2022-11-03,209.39328002929688,214.25,220.41000366210938,213.97999572753906,220.08999633789062,36633900
2022-11-04,216.37139892578125,221.38999938964844,221.58999633789062,213.42999267578125,217.5500030517578,36789100
2022-11-07,222.7045135498047,227.8699951171875,228.41000366210938,221.27999877929688,221.99000549316406,33498000
2022-11-08,223.6818389892578,228.8699951171875,231.64999389648438,225.83999633789062,228.6999969482422,28192500
2022-11-09,219.42068481445312,224.50999450683594,228.6300048828125,224.3300018310547,227.3699951171875,27852900
2022-11-10,237.47201538085938,242.97999572753906,243.3300018310547,235.0,235.42999267578125,46268000
2022-11-11,241.50839233398438,247.11000061035156,247.99000549316406,241.92999267578125,242.99000549316406,34620200
2022-11-14,236.07444763183594,241.5500030517578,243.91000366210938,239.2100067138672,241.99000549316406,31123300
2022-11-15,236.4849090576172,241.97000122070312,247.0,240.02999877929688,245.66000366210938,31390100
2022-11-16,236.91610717773438,241.72999572753906,243.8000030517578,240.4199981689453,242.7899932861328,24093300
2022-11-17,236.8671112060547,241.67999267578125,243.25,237.6300048828125,237.77999877929688,23123500
2022-11-18,236.41627502441406,241.22000122070312,243.74000549316406,239.02999877929688,243.50999450683594,27613500
2022-11-21,237.2297821044922,242.0500030517578,244.6699981689453,241.19000244140625,241.42999267578125,26394700
2022-11-22,240.15042114257812,245.02999877929688,245.30999755859375,240.7100067138672,243.58999633789062,19665700
2022-11-23,242.64962768554688,247.5800018310547,248.27999877929688,244.27000427246094,245.11000061035156,19508500
2022-11-25,242.5614471435547,247.49000549316406,248.6999969482422,246.72999572753906,247.30999755859375,9200800
2022-11-28,236.94554138183594,241.75999450683594,246.64999389648438,240.8000030517578,246.0800018310547,24778200
2022-11-29,235.5440216064453,240.3300018310547,242.7899932861328,238.2100067138672,241.39999389648438,17956300
2022-11-30,250.05906677246094,255.13999938964844,255.3300018310547,239.86000061035156,240.57000732421875,47594200
2022-12-01,249.6180419921875,254.69000244140625,256.1199951171875,250.9199981689453,253.8699951171875,26041500
2022-12-02,249.94146728515625,255.02000427246094,256.05999755859375,249.69000244140625,249.82000732421875,21528500
2022-12-05,245.2174530029297,250.1999969482422,253.82000732421875,248.05999755859375,252.00999450683594,23435300
2022-12-06,240.23863220214844,245.1199951171875,251.86000061035156,243.77999877929688,250.82000732421875,22463700
2022-12-07,239.50357055664062,244.3699951171875,246.16000366210938,242.2100067138672,244.8300018310547,20481500
2022-12-08,242.47323608398438,247.39999389648438,248.74000549316406,243.05999755859375,244.83999633789062,22611800
2022-12-09,240.53265380859375,245.4199981689453,248.30999755859375,244.16000366210938,244.6999969482422,20609700
2022-12-12,247.48143005371094,252.50999450683594,252.5399932861328,247.1699981689453,247.4499969482422,30665100
2022-12-13,251.8036346435547,256.9200134277344,263.9200134277344,253.07000732421875,261.69000244140625,42196900
2022-12-14,252.09767150878906,257.2200012207031,262.5899963378906,254.30999755859375,257.1300048828125,35410900
2022-12-15,244.0511474609375,249.00999450683594,254.1999969482422,247.33999633789062,253.72000122070312,35560400
2022-12-16,239.8172149658203,244.69000244140625,249.83999633789062,243.50999450683594,248.5500030517578,86102000
2022-12-19,235.66162109375,240.4499969482422,245.2100067138672,238.7100067138672,244.86000061035156,29696400
2022-12-20,236.9847412109375,241.8000030517578,242.91000366210938,238.4199981689453,239.39999389648438,25150800
2022-12-21,239.56236267089844,244.42999267578125,245.6199951171875,240.11000061035156,241.69000244140625,23690600
2022-12-22,233.4466552734375,238.19000244140625,241.99000549316406,233.8699951171875,241.25999450683594,28651700
2022-12-23,233.97589111328125,238.72999572753906,238.8699951171875,233.94000244140625,236.11000061035156,21207000
2022-12-27,232.24111938476562,236.9600067138672,238.92999267578125,235.8300018310547,238.6999969482422,16688600
2022-12-28,229.85951232910156,234.52999877929688,239.72000122070312,234.1699981689453,236.88999938964844,17457100
2022-12-29,236.2104949951172,241.00999450683594,241.9199981689453,235.64999389648438,235.64999389648438,19770700
2022-12-30,235.04417419433594,239.82000732421875,239.9600067138672,236.66000366210938,238.2100067138672,21938500
