Price,Adj Close,Close,High,Low,Open,Volume
Ticker,MSFT,MSFT,MSFT,MSFT,MSFT,MSFT
Date,,,,,,
2020-01-02,152.7910919189453,160.6199951171875,160.72999572753906,158.3300018310547,158.77999877929688,22622100
2020-01-03,150.88858032226562,158.6199951171875,159.9499969482422,158.05999755859375,158.32000732421875,21116200
2020-01-06,151.27867126464844,159.02999877929688,159.10000610351562,156.50999450683594,157.0800018310547,20813700
2020-01-07,149.89930725097656,157.5800018310547,159.6699981689453,157.32000732421875,159.32000732421875,21634100
2020-01-08,152.28695678710938,160.08999633789062,160.8000030517578,157.9499969482422,158.92999267578125,27746500
2020-01-09,154.18946838378906,162.08999633789062,162.22000122070312,161.02999877929688,161.83999633789062,21385000
2020-01-10,153.4759979248047,161.33999633789062,163.22000122070312,161.17999267578125,162.82000732421875,20725900
2020-01-13,155.32147216796875,163.27999877929688,163.30999755859375,161.25999450683594,161.75999450683594,21626500
2020-01-14,154.2275390625,162.1300048828125,163.60000610351562,161.72000122070312,163.38999938964844,23477400
2020-01-15,155.226318359375,163.17999267578125,163.94000244140625,162.57000732421875,162.6199951171875,21417900
2020-01-16,158.0706024169922,166.1699981689453,166.24000549316406,164.02999877929688,164.35000610351562,23865400
2020-01-17,158.95530700683594,167.10000610351562,167.47000122070312,165.42999267578125,167.4199981689453,34371700
2020-01-21,158.38453674316406,166.5,168.19000244140625,166.42999267578125,166.67999267578125,29517200
2020-01-22,157.62353515625,165.6999969482422,167.49000549316406,165.67999267578125,167.39999389648438,24138800
2020-01-23,158.5937957763672,166.72000122070312,166.8000030517578,165.27000427246094,166.19000244140625,19680800
2020-01-24,156.9957275390625,165.0399932861328,167.52999877929688,164.4499969482422,167.50999450683594,24918100
2020-01-27,154.37022399902344,162.27999877929688,163.3800048828125,160.1999969482422,161.14999389648438,32078100
2020-01-28,157.3952178955078,165.4600067138672,165.75999450683594,163.07000732421875,163.77999877929688,24899900
2020-01-29,159.84947204589844,168.0399932861328,168.75,165.69000244140625,167.83999633789062,34754500
2020-01-30,164.35842895507812,172.77999877929688,174.0500030517578,170.7899932861328,174.0500030517578,51597500
2020-01-31,161.93275451660156,170.22999572753906,172.39999389648438,169.5800018310547,172.2100067138672,36142700
2020-02-03,165.8804473876953,174.3800048828125,174.5,170.39999389648438,170.42999267578125,30107000
2020-02-04,171.34066772460938,180.1199951171875,180.63999938964844,176.30999755859375,177.13999938964844,36433300
2020-02-05,171.1313934326172,179.89999389648438,184.1999969482422,178.41000366210938,184.02999877929688,39186300
2020-02-06,174.67959594726562,183.6300048828125,183.82000732421875,180.05999755859375,180.97000122070312,27751400
2020-02-07,174.92691040039062,183.88999938964844,185.6300048828125,182.47999572753906,182.85000610351562,33529100
2020-02-10,179.50245666503906,188.6999969482422,188.83999633789062,183.25,183.5800018310547,35844300
2020-02-11,175.45008850097656,184.44000244140625,190.6999969482422,183.5,190.64999389648438,53159900
2020-02-12,175.7069549560547,184.7100067138672,185.85000610351562,181.85000610351562,185.5800018310547,47062900
2020-02-13,174.7556915283203,183.7100067138672,186.22999572753906,182.8699951171875,183.0800018310547,35295800
2020-02-14,176.31578063964844,185.35000610351562,185.41000366210938,182.64999389648438,183.25,23149500
2020-02-18,178.10411071777344,187.22999572753906,187.6999969482422,185.5,185.61000061035156,27792200
2020-02-19,178.63827514648438,187.27999877929688,188.17999267578125,186.47000122070312,188.05999755859375,29997500
2020-02-20,175.9102325439453,184.4199981689453,187.25,181.10000610351562,186.9499969482422,36862400
2020-02-21,170.3492431640625,178.58999633789062,183.5,177.25,183.1699981689453,48572600
2020-02-24,163.0045623779297,170.88999938964844,174.5500030517578,163.22999572753906,167.77000427246094,68311100
2020-02-25,160.31471252441406,168.07000732421875,174.83999633789062,167.64999389648438,174.1999969482422,68073300
2020-02-26,162.31777954101562,170.1699981689453,173.25999450683594,168.2100067138672,169.7100067138672,56206100
2020-02-27,150.88104248046875,158.17999267578125,167.02999877929688,157.97999572753906,163.32000732421875,93174900
2020-02-28,154.53431701660156,162.00999450683594,163.7100067138672,152.0,152.41000366210938,97012700
2020-03-02,164.81687927246094,172.7899932861328,172.9199981689453,162.30999755859375,165.30999755859375,71030800
2020-03-03,156.91896057128906,164.50999450683594,175.0,162.25999450683594,173.8000030517578,71677000
2020-03-04,162.6802520751953,170.5500030517578,170.6999969482422,165.6199951171875,168.49000549316406,49814400
2020-03-05,158.59776306152344,166.27000427246094,170.8699951171875,165.69000244140625,166.0500030517578,47817300
2020-03-06,154.1146240234375,161.57000732421875,163.11000061035156,156.0,162.61000061035156,72821100
2020-03-09,143.66986083984375,150.6199951171875,157.75,150.0,151.0,70419300
2020-03-10,153.49461364746094,160.9199981689453,161.02999877929688,152.5800018310547,158.16000366210938,65354400
2020-03-11,146.541015625,153.6300048828125,157.6999969482422,151.14999389648438,157.1300048828125,56371600
2020-03-12,132.64332580566406,139.05999755859375,153.47000122070312,138.5800018310547,145.3000030517578,93226400
2020-03-13,151.50106811523438,158.8300018310547,161.91000366210938,140.72999572753906,147.5,92727400
2020-03-16,129.17129516601562,135.4199981689453,149.35000610351562,135.0,140.0,87905900
2020-03-17,139.80679321289062,146.57000732421875,147.5,135.0,140.0,81059800
2020-03-18,133.92149353027344,140.39999389648438,146.0,135.02000427246094,138.0,81593200
2020-03-19,136.1249237060547,142.7100067138672,150.14999389648438,139.0,142.77000427246094,85922700
2020-03-20,131.0122528076172,137.35000610351562,147.10000610351562,135.86000061035156,146.0,84866200
2020-03-23,129.7054443359375,135.97999572753906,140.57000732421875,132.52000427246094,137.00999450683594,78975200
2020-03-24,141.49508666992188,148.33999633789062,149.60000610351562,141.27000427246094,143.75,82516700
2020-03-25,140.140625,146.9199981689453,154.3300018310547,144.44000244140625,148.91000366210938,75638200
2020-03-26,148.90658569335938,156.11000061035156,156.66000366210938,148.3699951171875,148.39999389648438,64568100
2020-03-27,142.79238891601562,149.6999969482422,154.88999938964844,149.1999969482422,151.75,57042300
2020-03-30,152.83644104003906,160.22999572753906,160.60000610351562,150.00999450683594,152.44000244140625,63420300
2020-03-31,150.43275451660156,157.7100067138672,164.77999877929688,156.55999755859375,159.39999389648438,77927200
2020-04-01,145.0911407470703,152.11000061035156,157.75,150.82000732421875,153.0,57969900
2020-04-02,148.0957794189453,155.25999450683594,155.47999572753906,150.36000061035156,151.86000061035156,49630700
2020-04-03,146.7318115234375,153.8300018310547,157.3800048828125,152.19000244140625,155.10000610351562,41243300
2020-04-06,157.64390563964844,165.27000427246094,166.5,157.5800018310547,160.32000732421875,67111700
2020-04-07,155.94602966308594,163.49000549316406,170.0,163.25999450683594,169.58999633789062,62769000
2020-04-08,157.5103759765625,165.1300048828125,166.6699981689453,163.5,165.6699981689453,48318200
2020-04-09,157.51991271972656,165.13999938964844,167.3699951171875,163.3300018310547,166.36000061035156,51385100
2020-04-13,157.87283325195312,165.50999450683594,165.57000732421875,162.3000030517578,164.35000610351562,41905300
2020-04-14,165.68492126464844,173.6999969482422,173.75,168.0,169.0,52874300
2020-04-15,163.94891357421875,171.8800048828125,173.57000732421875,169.24000549316406,171.1999969482422,40940800
2020-04-16,168.87078857421875,177.0399932861328,177.27999877929688,172.89999389648438,174.3000030517578,50479600
2020-04-17,170.35882568359375,178.60000610351562,180.0,175.8699951171875,179.5,52765600
2020-04-20,166.98214721679688,175.05999755859375,178.75,174.99000549316406,176.6300048828125,36669600
2020-04-21,160.0762481689453,167.82000732421875,173.6699981689453,166.11000061035156,173.5,56203700
2020-04-22,165.51321411132812,173.52000427246094,174.0,170.82000732421875,171.38999938964844,34620200
2020-04-23,163.51010131835938,171.4199981689453,175.05999755859375,170.91000366210938,174.11000061035156,32790800
2020-04-24,166.49566650390625,174.5500030517578,174.55999755859375,170.7100067138672,172.05999755859375,34277600
2020-04-27,166.0187530517578,174.0500030517578,176.89999389648438,173.3000030517578,176.58999633789062,33194400
2020-04-28,161.97439575195312,169.80999755859375,175.6699981689453,169.38999938964844,175.58999633789062,34392700
2020-04-29,169.24276733398438,177.42999267578125,177.67999267578125,171.8800048828125,173.22000122070312,51286600
2020-04-30,170.94064331054688,179.2100067138672,180.39999389648438,176.22999572753906,180.0,53875900
2020-05-01,166.51473999023438,174.57000732421875,178.63999938964844,174.00999450683594,175.8000030517578,39370500
2020-05-04,170.5877227783203,178.83999633789062,179.0,173.8000030517578,174.49000549316406,30372900
2020-05-05,172.4191131591797,180.75999450683594,183.64999389648438,179.89999389648438,180.6199951171875,36839200
2020-05-06,174.11695861816406,182.5399932861328,184.1999969482422,181.6300048828125,182.0800018310547,32139300
2020-05-07,175.12808227539062,183.60000610351562,184.5500030517578,182.5800018310547,184.1699981689453,28316000
2020-05-08,176.158203125,184.67999267578125,185.0,183.36000061035156,184.97999572753906,30877800
2020-05-11,178.12318420410156,186.74000549316406,187.50999450683594,182.85000610351562,183.14999389648438,30892700
2020-05-12,174.08837890625,182.50999450683594,187.0399932861328,182.3000030517578,186.8000030517578,32038200
2020-05-13,171.45571899414062,179.75,184.0500030517578,176.5399932861328,182.5500030517578,44711500
2020-05-14,172.19967651367188,180.52999877929688,180.69000244140625,175.67999267578125,177.5399932861328,41873900
2020-05-15,174.70838928222656,183.16000366210938,187.05999755859375,177.0,179.05999755859375,46610400
2020-05-18,176.3776092529297,184.91000366210938,186.1999969482422,183.9600067138672,185.75,35264500
2020-05-19,175.15670776367188,183.6300048828125,186.60000610351562,183.49000549316406,185.02999877929688,26799100
2020-05-20,177.5862579345703,185.66000366210938,185.85000610351562,183.94000244140625,184.80999755859375,31261300
2020-05-21,175.45323181152344,183.42999267578125,186.6699981689453,183.2899932861328,185.39999389648438,29119500
2020-05-22,175.52969360351562,183.50999450683594,184.4600067138672,182.5399932861328,183.19000244140625,20826900
2020-05-26,173.6741180419922,181.57000732421875,186.5,181.10000610351562,186.33999633789062,36073600
2020-05-27,173.90365600585938,181.80999755859375,181.99000549316406,176.60000610351562,180.1999969482422,39517100
2020-05-28,173.51148986816406,181.39999389648438,184.14999389648438,180.3800048828125,180.74000549316406,33810200
2020-05-29,175.28106689453125,183.25,184.27000427246094,180.41000366210938,182.72999572753906,42130400
2020-06-01,174.87928771972656,182.8300018310547,183.0,181.4600067138672,182.5399932861328,22622400
2020-06-02,176.86883544921875,184.91000366210938,185.0,181.35000610351562,184.25,30794600
2020-06-03,177.29930114746094,185.36000061035156,185.94000244140625,183.5800018310547,184.82000732421875,27311000
2020-06-04,174.9653778076172,182.9199981689453,185.83999633789062,182.3000030517578,184.3000030517578,28761800
2020-06-05,179.0592498779297,187.1999969482422,187.72999572753906,182.00999450683594,182.6199951171875,39893600
2020-06-08,180.1688232421875,188.36000061035156,188.5500030517578,184.44000244140625,185.94000244140625,33211600
2020-06-09,181.5462188720703,189.8000030517578,190.6999969482422,187.25999450683594,188.0,29783900
2020-06-10,188.28005981445312,196.83999633789062,198.52000427246094,191.00999450683594,191.1300048828125,43872300
2020-06-11,178.16973876953125,186.27000427246094,195.75999450683594,186.07000732421875,193.1300048828125,52854700
2020-06-12,179.5758056640625,187.74000549316406,191.72000122070312,185.17999267578125,190.5399932861328,43373600
2020-06-15,180.72360229492188,188.94000244140625,190.82000732421875,184.00999450683594,184.5800018310547,32770200
2020-06-16,185.15228271484375,193.57000732421875,195.5800018310547,191.4600067138672,192.88999938964844,42556700
2020-06-17,185.79310607910156,194.24000549316406,196.32000732421875,193.69000244140625,195.02999877929688,25687800
2020-06-18,187.7826385498047,196.32000732421875,196.49000549316406,194.0,194.0,23061600
2020-06-19,186.66358947753906,195.14999389648438,199.2899932861328,194.3699951171875,198.58999633789062,44441100
2020-06-22,191.84786987304688,200.57000732421875,200.75999450683594,195.22999572753906,195.7899932861328,32818900
2020-06-23,193.1295623779297,201.91000366210938,203.9499969482422,201.42999267578125,202.08999633789062,30917400
2020-06-24,189.23658752441406,197.83999633789062,203.25,196.55999755859375,201.60000610351562,36740600
2020-06-25,191.62789916992188,200.33999633789062,200.61000061035156,195.47000122070312,197.8000030517578,27803900
2020-06-26,187.79225158691406,196.3300018310547,199.88999938964844,194.8800048828125,199.72999572753906,54675800
2020-06-29,189.8105010986328,198.44000244140625,198.52999877929688,193.5500030517578,195.77999877929688,26701600
2020-06-30,194.66001892089844,203.50999450683594,204.39999389648438,197.74000549316406,197.8800048828125,34310300
2020-07-01,195.7982635498047,204.6999969482422,206.35000610351562,201.77000427246094,203.13999938964844,32061200
2020-07-02,197.29042053222656,206.25999450683594,208.02000427246094,205.0,205.67999267578125,29315800
2020-07-06,201.53729248046875,210.6999969482422,211.1300048828125,208.08999633789062,208.8300018310547,31897600
2020-07-07,199.19386291503906,208.25,214.6699981689453,207.99000549316406,210.4499969482422,33600700
2020-07-08,203.57470703125,212.8300018310547,213.25999450683594,208.69000244140625,210.07000732421875,33600000
2020-07-09,204.99990844726562,214.32000732421875,216.3800048828125,211.47000122070312,216.3300018310547,33121700
2020-07-10,204.37815856933594,213.6699981689453,214.0800018310547,211.0800018310547,213.6199951171875,26177600
2020-07-13,198.06520080566406,207.07000732421875,215.8000030517578,206.5,214.47999572753906,38135600
2020-07-14,199.28953552246094,208.35000610351562,208.85000610351562,202.02999877929688,206.1300048828125,37591800
2020-07-15,198.99295043945312,208.0399932861328,211.3300018310547,205.02999877929688,209.55999755859375,32179400
2020-07-16,195.05218505859375,203.9199981689453,205.6999969482422,202.30999755859375,205.39999389648438,29940700
2020-07-17,194.05740356445312,202.8800048828125,205.0399932861328,201.38999938964844,204.47000122070312,31635300
2020-07-20,202.39817810058594,211.60000610351562,212.3000030517578,203.00999450683594,205.0,36884800
2020-07-21,199.67214965820312,208.75,213.94000244140625,208.02999877929688,213.66000366210938,37990400
2020-07-22,202.54165649414062,211.75,212.3000030517578,208.38999938964844,209.1999969482422,49605700
2020-07-23,193.732177734375,202.5399932861328,210.9199981689453,202.14999389648438,207.19000244140625,67457000
2020-07-24,192.54612731933594,201.3000030517578,202.86000061035156,197.50999450683594,200.4199981689453,39827000
2020-07-27,194.98521423339844,203.85000610351562,203.97000122070312,200.86000061035156,201.47000122070312,30160900
2020-07-28,193.23480224609375,202.02000427246094,204.6999969482422,201.74000549316406,203.61000061035156,23251400
2020-07-29,195.1860809326172,204.05999755859375,204.64999389648438,202.00999450683594,202.5,19632600
2020-07-30,195.0330810546875,203.89999389648438,204.4600067138672,199.57000732421875,201.0,25079600
2020-07-31,196.09474182128906,205.00999450683594,205.10000610351562,199.00999450683594,204.39999389648438,51044000
2020-08-03,207.12335205078125,216.5399932861328,217.63999938964844,210.44000244140625,211.52000427246094,78983000
2020-08-04,204.0146942138672,213.2899932861328,214.77000427246094,210.30999755859375,214.1699981689453,49280100
2020-08-05,203.67991638183594,212.94000244140625,215.0,211.57000732421875,214.89999389648438,28806400
2020-08-06,206.9416046142578,216.35000610351562,216.3699951171875,211.5500030517578,212.33999633789062,32656800
2020-08-07,203.23995971679688,212.47999572753906,215.6999969482422,210.92999267578125,214.85000610351562,27820400
2020-08-10,199.19386291503906,208.25,211.8800048828125,206.35000610351562,211.6699981689453,36716500
2020-08-11,194.53565979003906,203.3800048828125,207.64999389648438,203.13999938964844,207.16000366210938,36446500
2020-08-12,200.0929718017578,209.19000244140625,210.27999877929688,204.75,205.2899932861328,28013100
2020-08-13,199.6243133544922,208.6999969482422,211.35000610351562,208.14999389648438,209.44000244140625,22588900
2020-08-14,199.81561279296875,208.89999389648438,209.58999633789062,207.50999450683594,208.75999450683594,17958900
2020-08-17,201.13555908203125,210.27999877929688,211.19000244140625,208.9199981689453,209.60000610351562,20184800
2020-08-18,202.29302978515625,211.49000549316406,212.36000061035156,209.2100067138672,210.52999877929688,21336200
2020-08-19,201.065673828125,209.6999969482422,212.10000610351562,209.25,211.49000549316406,27627600
2020-08-20,205.7447509765625,214.5800018310547,215.0,208.91000366210938,209.5399932861328,26981500
2020-08-21,204.24899291992188,213.02000427246094,216.25,212.85000610351562,213.86000061035156,36249300
2020-08-24,204.8914031982422,213.69000244140625,215.52000427246094,212.42999267578125,214.7899932861328,25460100
2020-08-25,207.55697631835938,216.47000122070312,216.61000061035156,213.10000610351562,213.10000610351562,23043700
2020-08-26,212.04420471191406,221.14999389648438,222.08999633789062,217.36000061035156,217.8800048828125,39600800
2020-08-27,217.2506561279297,226.5800018310547,231.14999389648438,219.39999389648438,222.88999938964844,57602200
2020-08-28,219.48472595214844,228.91000366210938,230.63999938964844,226.5800018310547,228.17999267578125,26292900
2020-08-31,216.24391174316406,225.52999877929688,228.6999969482422,224.30999755859375,227.0,28774200
2020-09-01,217.9122314453125,227.27000427246094,227.4499969482422,224.42999267578125,225.50999450683594,25725500
2020-09-02,222.1118927001953,231.64999389648438,232.86000061035156,227.35000610351562,227.97000122070312,34080800
2020-09-03,208.35275268554688,217.3000030517578,229.30999755859375,214.9600067138672,229.27000427246094,58400300
2020-09-04,205.4283447265625,214.25,218.36000061035156,205.19000244140625,215.10000610351562,59664100
2020-09-08,194.31556701660156,202.66000366210938,210.02999877929688,202.1999969482422,206.5,52924300
2020-09-09,202.59022521972656,211.2899932861328,214.83999633789062,206.6999969482422,207.60000610351562,45679000
2020-09-10,196.9139862060547,205.3699951171875,214.74000549316406,204.11000061035156,213.39999389648438,35461500
2020-09-11,195.62916564941406,204.02999877929688,208.6300048828125,201.24000549316406,207.1999969482422,33620100
2020-09-14,196.9523468017578,205.41000366210938,209.1999969482422,204.02999877929688,204.24000549316406,30375800
2020-09-15,200.18356323242188,208.77999877929688,209.77999877929688,206.92999267578125,208.4199981689453,21823900
2020-09-16,196.60714721679688,205.0500030517578,210.64999389648438,204.63999938964844,210.6199951171875,26328100
2020-09-17,194.55528259277344,202.91000366210938,204.3300018310547,199.9600067138672,200.0500030517578,34011300
2020-09-18,192.13902282714844,200.38999938964844,203.64999389648438,196.25,202.8000030517578,55225300
2020-09-21,194.2004852294922,202.5399932861328,202.7100067138672,196.3800048828125,197.19000244140625,39839700
2020-09-22,198.87954711914062,207.4199981689453,208.10000610351562,202.0800018310547,205.05999755859375,33517100
2020-09-23,192.33079528808594,200.58999633789062,208.10000610351562,200.02999877929688,207.89999389648438,30803800
2020-09-24,194.82371520996094,203.19000244140625,205.57000732421875,199.1999969482422,199.85000610351562,31202500
2020-09-25,199.26309204101562,207.82000732421875,209.0399932861328,202.5399932861328,203.5500030517578,29437300
2020-09-28,200.81640625,209.44000244140625,212.57000732421875,208.05999755859375,210.8800048828125,32004900
2020-09-29,198.72613525390625,207.25999450683594,210.07000732421875,206.80999755859375,209.35000610351562,24221900
2020-09-30,201.66973876953125,210.3300018310547,211.97999572753906,206.5399932861328,207.72999572753906,33829100
2020-10-01,203.71205139160156,212.4600067138672,213.99000549316406,211.32000732421875,213.49000549316406,27158400
2020-10-02,197.70022583007812,206.19000244140625,210.99000549316406,205.5399932861328,208.0,33154800
2020-10-05,201.7176971435547,210.3800048828125,210.41000366210938,206.97999572753906,207.22000122070312,21331600
2020-10-06,197.43177795410156,205.91000366210938,210.17999267578125,204.82000732421875,208.82000732421875,28554300
2020-10-07,201.19032287597656,209.8300018310547,210.11000061035156,206.72000122070312,207.05999755859375,25681100
2020-10-08,201.90945434570312,210.5800018310547,211.19000244140625,208.32000732421875,210.50999450683594,19925800
2020-10-09,206.92408752441406,215.80999755859375,215.86000061035156,211.22999572753906,211.22999572753906,26458000
2020-10-12,212.283935546875,221.39999389648438,223.86000061035156,216.80999755859375,218.7899932861328,40461400
2020-10-13,213.6837921142578,222.86000061035156,225.2100067138672,220.42999267578125,222.72000122070312,28950800
2020-10-14,211.7661895751953,220.86000061035156,224.22000122070312,219.1300048828125,223.0,23421700
2020-10-15,210.6156005859375,219.66000366210938,220.36000061035156,216.00999450683594,217.10000610351562,22733100
2020-10-16,210.6156005859375,219.66000366210938,222.2899932861328,219.32000732421875,220.14999389648438,26057900
2020-10-19,205.39956665039062,214.22000122070312,222.3000030517578,213.72000122070312,220.4199981689453,27625800
2020-10-20,205.81187438964844,214.64999389648438,217.3699951171875,213.08999633789062,215.8000030517578,22753500
2020-10-21,205.95571899414062,214.8000030517578,216.9199981689453,213.1199951171875,213.1199951171875,22724900
2020-10-22,206.04200744628906,214.88999938964844,216.05999755859375,211.6999969482422,213.92999267578125,22351500
2020-10-23,207.32679748535156,216.22999572753906,216.27999877929688,213.16000366210938,215.02999877929688,18879600
2020-10-26,201.43006896972656,210.0800018310547,216.33999633789062,208.10000610351562,213.85000610351562,37111600
2020-10-27,204.4695281982422,213.25,214.6699981689453,210.3300018310547,211.58999633789062,36700300
2020-10-28,194.33474731445312,202.67999267578125,208.83999633789062,202.10000610351562,207.6699981689453,51195600
2020-10-29,196.29074096679688,204.72000122070312,207.36000061035156,203.3699951171875,204.07000732421875,31432600
2020-10-30,194.13340759277344,202.47000122070312,204.2899932861328,199.6199951171875,203.5,36953700
2020-11-02,193.9991455078125,202.3300018310547,205.27999877929688,200.1199951171875,204.2899932861328,30842200
2020-11-03,197.9303436279297,206.42999267578125,208.1199951171875,203.1199951171875,203.88999938964844,27512000
2020-11-04,207.48019409179688,216.38999938964844,218.32000732421875,212.4199981689453,214.02000427246094,42311800
2020-11-05,214.09613037109375,223.2899932861328,224.1199951171875,221.14999389648438,222.0399932861328,36080100
2020-11-06,214.50840759277344,223.72000122070312,224.36000061035156,218.02999877929688,222.25999450683594,25231900
2020-11-09,209.39788818359375,218.38999938964844,228.1199951171875,217.8800048828125,224.44000244140625,44395000
2020-11-10,202.32174682617188,211.00999450683594,216.5,209.72000122070312,214.5,44045100
2020-11-11,207.6336669921875,216.5500030517578,218.0399932861328,212.1999969482422,212.38999938964844,29440800
2020-11-12,206.5693817138672,215.44000244140625,219.11000061035156,214.4600067138672,217.2100067138672,21593900
2020-11-13,207.5952606201172,216.50999450683594,217.4199981689453,214.16000366210938,216.36000061035156,18621100
2020-11-16,208.28564453125,217.22999572753906,217.74000549316406,214.52000427246094,214.8699951171875,24953300
2020-11-17,205.62966918945312,214.4600067138672,217.67999267578125,214.0800018310547,216.10000610351562,24154100
2020-11-18,202.91873168945312,211.0800018310547,215.1699981689453,210.92999267578125,213.64999389648438,28372800
2020-11-19,204.2069091796875,212.4199981689453,213.02999877929688,209.92999267578125,211.3800048828125,24792700
2020-11-20,202.25540161132812,210.38999938964844,213.2899932861328,210.0,212.1999969482422,22843100
2020-11-23,201.9862060546875,210.11000061035156,212.2899932861328,208.16000366210938,210.9499969482422,25683500
2020-11-24,205.5912628173828,213.86000061035156,214.25,208.86000061035156,209.58999633789062,33979700
2020-11-25,205.60081481933594,213.8699951171875,215.2899932861328,212.4600067138672,215.11000061035156,21012900
2020-11-27,206.9082794189453,215.22999572753906,216.27000427246094,214.0399932861328,214.85000610351562,14512200
2020-11-30,205.79315185546875,214.07000732421875,214.75999450683594,210.83999633789062,214.10000610351562,33064800
2020-12-01,207.85040283203125,216.2100067138672,217.32000732421875,213.35000610351562,214.50999450683594,30904500
2020-12-02,207.0428924560547,215.3699951171875,215.47000122070312,212.8000030517578,214.8800048828125,23724500
2020-12-03,205.95660400390625,214.24000549316406,216.3800048828125,213.64999389648438,214.61000061035156,25120900
2020-12-04,206.07192993164062,214.36000061035156,215.3800048828125,213.17999267578125,214.22000122070312,24666000
2020-12-07,206.00462341308594,214.2899932861328,215.5399932861328,212.99000549316406,214.3699951171875,24620000
2020-12-08,207.6581268310547,216.00999450683594,216.9499969482422,212.88999938964844,213.97000122070312,23284100
2020-12-09,203.6108856201172,211.8000030517578,215.22999572753906,211.2100067138672,215.16000366210938,32440600
2020-12-10,202.38040161132812,210.52000427246094,213.0800018310547,210.36000061035156,211.77000427246094,26733300
2020-12-11,205.01441955566406,213.25999450683594,213.32000732421875,209.11000061035156,210.0500030517578,30979400
2020-12-14,205.9180908203125,214.1999969482422,216.2100067138672,212.8800048828125,213.10000610351562,28798400
2020-12-15,205.85081481933594,214.1300048828125,215.4199981689453,212.24000549316406,215.1699981689453,27000600
2020-12-16,210.8016815185547,219.27999877929688,220.11000061035156,214.72000122070312,214.75,35023300
2020-12-17,210.9362335205078,219.4199981689453,220.88999938964844,217.9199981689453,219.8699951171875,32515800
2020-12-18,210.1383819580078,218.58999633789062,219.69000244140625,216.02000427246094,218.58999633789062,63354900
2020-12-21,213.98370361328125,222.58999633789062,224.0,217.27999877929688,217.5500030517578,37181900
2020-12-22,215.281494140625,223.94000244140625,225.6300048828125,221.85000610351562,222.69000244140625,22612200
2020-12-23,212.4744110107422,221.02000427246094,223.55999755859375,220.8000030517578,223.11000061035156,18699600
2020-12-24,214.13751220703125,222.75,223.61000061035156,221.1999969482422,221.4199981689453,10550600
2020-12-28,216.2620849609375,224.9600067138672,226.02999877929688,223.02000427246094,224.4499969482422,17933500
2020-12-29,215.48338317871094,224.14999389648438,227.17999267578125,223.5800018310547,226.30999755859375,17403200
2020-12-30,213.10888671875,221.67999267578125,225.6300048828125,221.47000122070312,225.22999572753906,20272300
2020-12-31,213.82028198242188,222.4199981689453,223.0,219.67999267578125,221.6999969482422,20942100
2021-01-04,209.27316284179688,217.69000244140625,223.0,214.80999755859375,222.52999877929688,37130100
2021-01-05,209.4750518798828,217.89999389648438,218.52000427246094,215.6999969482422,217.25999450683594,23823000
2021-01-06,204.04351806640625,212.25,216.49000549316406,211.94000244140625,212.1699981689453,35930700
2021-01-07,209.84991455078125,218.2899932861328,219.33999633789062,213.7100067138672,214.0399932861328,27694500
2021-01-08,211.1285400390625,219.6199951171875,220.5800018310547,217.02999877929688,218.67999267578125,22956200
2021-01-11,209.0809326171875,217.49000549316406,218.91000366210938,216.72999572753906,218.47000122070312,23031300
2021-01-12,206.61981201171875,214.92999267578125,217.10000610351562,213.32000732421875,216.5,23249300
2021-01-13,207.975341796875,216.33999633789062,216.75999450683594,213.92999267578125,214.02000427246094,20087100
2021-01-14,204.78372192382812,213.02000427246094,217.4600067138672,212.74000549316406,215.91000366210938,29480800
2021-01-15,204.4280548095703,212.64999389648438,214.50999450683594,212.02999877929688,213.52000427246094,31746500
2021-01-19,208.07150268554688,216.44000244140625,216.97999572753906,212.6300048828125,213.75,30480900
2021-01-20,215.666015625,224.33999633789062,225.7899932861328,217.2899932861328,217.6999969482422,37777300
2021-01-21,216.2716827392578,224.97000122070312,226.3000030517578,222.4199981689453,224.6999969482422,30709400
2021-01-22,217.2137908935547,225.9499969482422,230.07000732421875,225.8000030517578,227.0800018310547,30172700
2021-01-25,220.65538024902344,229.52999877929688,229.77999877929688,224.22000122070312,229.1199951171875,33152100
2021-01-26,223.3470916748047,232.3300018310547,234.17999267578125,230.0800018310547,231.86000061035156,49169600
2021-01-27,223.89511108398438,232.89999389648438,240.44000244140625,230.13999938964844,238.0,69870600
2021-01-28,229.69189453125,238.92999267578125,242.63999938964844,235.08999633789062,235.61000061035156,49111200
2021-01-29,222.99143981933594,231.9600067138672,238.02000427246094,231.35000610351562,235.99000549316406,42503100
2021-02-01,230.38412475585938,239.64999389648438,242.5,232.42999267578125,235.05999755859375,33314200
2021-02-02,230.24948120117188,239.50999450683594,242.30999755859375,238.69000244140625,241.3000030517578,25916300
2021-02-03,233.60455322265625,243.0,245.08999633789062,239.25999450683594,239.57000732421875,27158100
2021-02-04,232.65284729003906,242.00999450683594,243.24000549316406,240.3699951171875,242.66000366210938,25296100
2021-02-05,232.83547973632812,242.1999969482422,243.27999877929688,240.4199981689453,242.22999572753906,18054800
2021-02-08,233.09507751464844,242.47000122070312,243.67999267578125,240.80999755859375,243.14999389648438,22211900
2021-02-09,234.34481811523438,243.77000427246094,244.75999450683594,241.3800048828125,241.8699951171875,23565000
2021-02-10,233.43150329589844,242.82000732421875,245.9199981689453,240.88999938964844,245.0,22186700
2021-02-11,235.03697204589844,244.49000549316406,245.14999389648438,242.14999389648438,244.77999877929688,15751100
2021-02-12,235.5176239013672,244.99000549316406,245.3000030517578,242.72999572753906,243.92999267578125,16561100
2021-02-16,234.27752685546875,243.6999969482422,246.1300048828125,242.9199981689453,245.02999877929688,26728500
2021-02-17,235.29884338378906,244.1999969482422,244.30999755859375,240.94000244140625,241.32000732421875,21653500
2021-02-18,234.9037628173828,243.7899932861328,243.92999267578125,240.86000061035156,241.8000030517578,16925600
2021-02-19,232.1865997314453,240.97000122070312,243.86000061035156,240.17999267578125,243.75,25262600
2021-02-22,225.9620819091797,234.50999450683594,237.92999267578125,232.39999389648438,237.4199981689453,36446900
2021-02-23,224.7672576904297,233.27000427246094,234.8300018310547,228.72999572753906,230.3300018310547,30228700
2021-02-24,226.0006103515625,234.5500030517578,235.1999969482422,229.0,230.00999450683594,26339700
2021-02-25,220.6432647705078,228.99000549316406,234.58999633789062,227.8800048828125,232.0800018310547,39542200
2021-02-26,223.90972900390625,232.3800048828125,235.3699951171875,229.5399932861328,231.52999877929688,37819200
2021-03-01,228.30345153808594,236.94000244140625,237.47000122070312,233.14999389648438,235.89999389648438,25324000
2021-03-02,225.3453826904297,233.8699951171875,237.3000030517578,233.4499969482422,237.00999450683594,22812500
2021-03-03,219.265380859375,227.55999755859375,233.5800018310547,227.25999450683594,232.16000366210938,34029500
2021-03-04,218.46560668945312,226.72999572753906,232.49000549316406,224.25999450683594,226.74000549316406,44727800
2021-03-05,223.15811157226562,231.60000610351562,233.27000427246094,226.4600067138672,229.52000427246094,41872800
2021-03-08,219.10157775878906,227.38999938964844,233.3699951171875,227.1300048828125,231.3699951171875,35267400
2021-03-09,225.2586669921875,233.77999877929688,235.3800048828125,231.6699981689453,232.8800048828125,33080500
2021-03-10,223.94822692871094,232.4199981689453,237.0,232.0399932861328,237.0,29746800
2021-03-11,228.48658752441406,237.1300048828125,239.1699981689453,234.30999755859375,234.9600067138672,29907600
2021-03-12,227.15684509277344,235.75,235.82000732421875,233.22999572753906,234.00999450683594,22653700
2021-03-15,226.2510986328125,234.80999755859375,235.19000244140625,231.80999755859375,234.9600067138672,26034900
2021-03-16,229.04544067382812,237.7100067138672,240.05999755859375,235.94000244140625,236.27999877929688,28092200
2021-03-17,228.39981079101562,237.0399932861328,238.5500030517578,233.22999572753906,236.14999389648438,29562100
2021-03-18,222.3102264404297,230.72000122070312,234.19000244140625,230.3300018310547,232.55999755859375,34833000
2021-03-19,221.95372009277344,230.35000610351562,232.47000122070312,229.35000610351562,231.02000427246094,46430700
2021-03-22,227.38812255859375,235.99000549316406,236.89999389648438,230.13999938964844,230.27000427246094,30127000
2021-03-23,228.92015075683594,237.5800018310547,241.0500030517578,237.07000732421875,237.49000549316406,31638400
2021-03-24,226.87741088867188,235.4600067138672,238.0,235.32000732421875,237.85000610351562,25620100
2021-03-25,223.87118530273438,232.33999633789062,236.94000244140625,231.57000732421875,235.3000030517578,34061900
2021-03-26,227.86024475097656,236.47999572753906,236.7100067138672,231.5500030517578,231.5500030517578,25479900
2021-03-29,226.66546630859375,235.24000549316406,236.8000030517578,231.8800048828125,236.58999633789062,25227500
2021-03-30,223.3990478515625,231.85000610351562,233.85000610351562,231.10000610351562,233.52999877929688,24792000
2021-03-31,227.17617797851562,235.77000427246094,239.10000610351562,232.38999938964844,232.91000366210938,43623500
2021-04-01,233.5163116455078,242.35000610351562,242.83999633789062,238.0500030517578,238.47000122070312,30338000
2021-04-05,239.9913330078125,249.07000732421875,249.9600067138672,242.6999969482422,242.75999450683594,36910600
2021-04-06,238.825439453125,247.86000061035156,249.39999389648438,246.8800048828125,247.61000061035156,22931900
2021-04-07,240.79110717773438,249.89999389648438,250.92999267578125,247.19000244140625,247.80999755859375,22719800
2021-04-08,244.0189971923828,253.25,254.13999938964844,252.0,252.77000427246094,23625200
2021-04-09,246.5242462158203,255.85000610351562,255.99000549316406,252.44000244140625,252.8699951171875,24326800
2021-04-12,246.58201599121094,255.91000366210938,257.6700134277344,254.6199951171875,254.7100067138672,27148700
2021-04-13,249.0680389404297,258.489990234375,259.19000244140625,256.8299865722656,257.260009765625,23837500
2021-04-14,246.273681640625,255.58999633789062,258.8299865722656,255.16000366210938,257.4800109863281,23070900
2021-04-15,250.04116821289062,259.5,259.92999267578125,257.7300109863281,257.92999267578125,25627500
2021-04-16,251.2360076904297,260.739990234375,261.0,257.6000061035156,259.4700012207031,24878600
2021-04-19,249.30889892578125,258.739990234375,261.4800109863281,257.82000732421875,260.19000244140625,23209300
2021-04-20,248.84642028808594,258.260009765625,260.20001220703125,256.8399963378906,257.82000732421875,19722900
2021-04-21,251.081787109375,260.5799865722656,260.67999267578125,257.25,258.94000244140625,24030400
2021-04-22,247.79611206054688,257.1700134277344,261.7799987792969,255.63999938964844,260.2099914550781,25606200
2021-04-23,251.63104248046875,261.1499938964844,261.510009765625,257.2699890136719,257.8800048828125,21462600
2021-04-26,252.01644897460938,261.54998779296875,262.44000244140625,260.1700134277344,261.6600036621094,19763300
2021-04-27,252.42111206054688,261.9700012207031,263.19000244140625,260.1199951171875,261.5799865722656,31014200
2021-04-28,245.28123474121094,254.55999755859375,256.5400085449219,252.9499969482422,256.0799865722656,46903100
2021-04-29,243.30593872070312,252.50999450683594,256.1000061035156,249.0,255.4600067138672,40589000
2021-04-30,242.9879913330078,252.17999267578125,253.0800018310547,249.60000610351562,249.74000549316406,30945100
2021-05-03,242.6796112060547,251.86000061035156,254.35000610351562,251.1199951171875,253.39999389648438,19626600
2021-05-04,238.7580108642578,247.7899932861328,251.2100067138672,245.75999450683594,250.97000122070312,32756100
2021-05-05,237.48614501953125,246.47000122070312,249.5,245.82000732421875,249.05999755859375,21901300
2021-05-06,240.6272735595703,249.72999572753906,249.86000061035156,244.69000244140625,246.4499969482422,26491100
2021-05-07,243.25779724121094,252.4600067138672,254.3000030517578,251.1699981689453,252.14999389648438,27032900
2021-05-10,238.1702423095703,247.17999267578125,251.72999572753906,247.1199951171875,250.8699951171875,29299900
2021-05-11,237.2548828125,246.22999572753906,246.60000610351562,242.57000732421875,244.5500030517578,33641600
2021-05-12,230.28842163085938,239.0,244.3800048828125,238.07000732421875,242.1699981689453,36684400
2021-05-13,234.17147827148438,243.02999877929688,245.60000610351562,241.4199981689453,241.8000030517578,29624300
2021-05-14,239.10484313964844,248.14999389648438,249.17999267578125,245.49000549316406,245.5800018310547,23901100
2021-05-17,236.24313354492188,245.17999267578125,246.58999633789062,243.52000427246094,246.5500030517578,24970200
2021-05-18,234.21966552734375,243.0800018310547,246.41000366210938,242.89999389648438,246.27000427246094,20168000
2021-05-19,234.7991180419922,243.1199951171875,243.22999572753906,238.60000610351562,239.30999755859375,25739800
2021-05-20,238.0441436767578,246.47999572753906,247.9499969482422,243.86000061035156,243.9600067138672,21800700
2021-05-21,236.77896118164062,245.1699981689453,248.3300018310547,244.74000549316406,247.57000732421875,21863100
2021-05-24,242.1969757080078,250.77999877929688,251.16000366210938,247.50999450683594,247.7899932861328,21411500
2021-05-25,243.10479736328125,251.72000122070312,252.75,250.82000732421875,251.77000427246094,17704300
2021-05-26,242.88265991210938,251.49000549316406,252.94000244140625,250.75,251.42999267578125,17771600
2021-05-27,240.77731323242188,249.30999755859375,251.47999572753906,249.25,251.1699981689453,24426200
2021-05-28,241.1346435546875,249.67999267578125,252.0800018310547,249.55999755859375,251.0,18270200
2021-06-01,238.9326629638672,247.39999389648438,251.2899932861328,246.9600067138672,251.22999572753906,23213300
2021-06-02,238.83607482910156,247.3000030517578,249.27000427246094,245.83999633789062,248.1300048828125,19406700
2021-06-03,237.30050659179688,245.7100067138672,246.33999633789062,243.0,245.22000122070312,25307700
2021-06-04,242.20660400390625,250.7899932861328,251.64999389648438,247.50999450683594,247.75999450683594,25281100
2021-06-07,245.12327575683594,253.80999755859375,254.08999633789062,249.80999755859375,249.97999572753906,23079200
2021-06-08,243.9257354736328,252.57000732421875,256.010009765625,252.50999450683594,255.16000366210938,22455000
2021-06-09,244.9108123779297,253.58999633789062,255.52999877929688,253.2100067138672,253.80999755859375,17937600
2021-06-10,248.43588256835938,257.239990234375,257.4599914550781,253.6699981689453,254.2899932861328,24563600
2021-06-11,249.0636749267578,257.8900146484375,258.489990234375,256.6099853515625,257.989990234375,18999700
2021-06-14,250.9951629638672,259.8900146484375,259.95001220703125,256.79998779296875,257.8999938964844,19150500
2021-06-15,249.51759338378906,258.3599853515625,259.989990234375,257.67999267578125,259.7699890136719,18038900
2021-06-16,248.57110595703125,257.3800048828125,260.5799865722656,254.4199981689453,259.3999938964844,27220000
2021-06-17,251.97064208984375,260.8999938964844,261.75,256.010009765625,256.07000732421875,27565500
2021-06-18,250.55093383789062,259.42999267578125,262.29998779296875,258.75,259.6300048828125,37202200
2021-06-21,253.64141845703125,262.6300048828125,263.5199890136719,257.9200134277344,259.82000732421875,26696100
2021-06-22,256.4228210449219,265.510009765625,265.7900085449219,262.3999938964844,262.7200012207031,24694100
2021-06-23,256.1910400390625,265.2699890136719,266.8299865722656,264.42999267578125,265.989990234375,19518700
2021-06-24,257.5624694824219,266.69000244140625,267.8500061035156,265.4700012207031,266.1600036621094,21446900
2021-06-25,255.9495391845703,265.0199890136719,267.25,264.760009765625,266.2300109863281,25611100
2021-06-28,259.52301025390625,268.7200012207031,268.8999938964844,265.9100036621094,266.19000244140625,19590000
2021-06-29,262.1112060546875,271.3999938964844,271.6499938964844,267.9800109863281,268.8699951171875,19937800
2021-06-30,261.6284484863281,270.8999938964844,271.3599853515625,269.6000061035156,270.69000244140625,21656500
2021-07-01,262.30438232421875,271.6000061035156,271.8399963378906,269.6000061035156,269.6099853515625,16725300
2021-07-02,268.1473388671875,277.6499938964844,278.0,272.5,272.82000732421875,26458000
2021-07-06,268.156982421875,277.6600036621094,279.3699951171875,274.29998779296875,278.0299987792969,31565600
2021-07-07,270.3492736816406,279.92999267578125,280.69000244140625,277.1499938964844,279.3999938964844,23260000
2021-07-08,267.9253234863281,277.4200134277344,278.7300109863281,274.8699951171875,276.8999938964844,24618600
2021-07-09,268.4273681640625,277.94000244140625,278.04998779296875,275.32000732421875,275.7200012207031,23916700
2021-07-12,267.8287048339844,277.32000732421875,279.7699890136719,276.5799865722656,279.1600036621094,18931700
2021-07-13,271.3633117675781,280.9800109863281,282.8500061035156,277.3900146484375,277.5199890136719,26120100
2021-07-14,272.8410949707031,282.510009765625,283.6600036621094,280.54998779296875,282.3500061035156,23113700
2021-07-15,271.4116516113281,281.0299987792969,282.510009765625,279.8299865722656,282.0,22604200
2021-07-16,271.1412353515625,280.75,284.1000061035156,279.4599914550781,282.07000732421875,26186800
2021-07-19,267.529296875,277.010009765625,280.3699951171875,274.45001220703125,278.92999267578125,32935600
2021-07-20,269.76019287109375,279.32000732421875,280.9700012207031,276.260009765625,278.0299987792969,26259700
2021-07-21,271.76898193359375,281.3999938964844,281.5199890136719,277.2900085449219,278.8999938964844,24364300
2021-07-22,276.3468017578125,286.1400146484375,286.4200134277344,283.4200134277344,283.8399963378906,23384100
2021-07-23,279.7559814453125,289.6700134277344,289.989990234375,286.5,287.3699951171875,22768100
2021-07-26,279.1571350097656,289.04998779296875,289.69000244140625,286.6400146484375,289.0,23176100
2021-07-27,276.7330322265625,286.5400085449219,289.5799865722656,282.95001220703125,289.42999267578125,33604100
2021-07-28,276.42401123046875,286.2200012207031,290.1499938964844,283.8299865722656,288.989990234375,33566900
2021-07-29,276.6944885253906,286.5,288.6199951171875,286.0799865722656,286.239990234375,18168300
2021-07-30,275.15887451171875,284.9100036621094,286.6600036621094,283.9100036621094,285.1700134277344,20944800
2021-08-02,275.0719299316406,284.82000732421875,286.7699890136719,283.739990234375,286.3599853515625,16267400
2021-08-03,277.293212890625,287.1199951171875,287.2300109863281,284.0,285.4200134277344,17879000
2021-08-04,276.7041320800781,286.510009765625,287.5899963378906,284.6499938964844,286.2200012207031,16191300
2021-08-05,279.6111145019531,289.5199890136719,289.6300048828125,286.1000061035156,286.8800048828125,13900200
2021-08-06,279.55316162109375,289.4599914550781,289.5,287.6199951171875,288.510009765625,16589300
2021-08-09,278.4617919921875,288.3299865722656,291.54998779296875,287.80999755859375,289.75,16117600
2021-08-10,276.6365051269531,286.44000244140625,289.25,285.20001220703125,288.79998779296875,18616600
2021-08-11,277.12908935546875,286.95001220703125,288.6600036621094,285.8599853515625,287.2099914550781,13955900
2021-08-12,279.89117431640625,289.80999755859375,289.9700012207031,286.3399963378906,286.6300048828125,14561300
2021-08-13,282.8271789550781,292.8500061035156,292.8999938964844,289.29998779296875,289.4800109863281,18249000
2021-08-16,284.51727294921875,294.6000061035156,294.82000732421875,290.0199890136719,293.19000244140625,22507600
2021-08-17,283.0492248535156,293.0799865722656,293.42999267578125,291.0799865722656,292.3900146484375,20075300
2021-08-18,281.317138671875,290.7300109863281,294.82000732421875,290.2699890136719,292.0400085449219,21813000
2021-08-19,287.16162109375,296.7699890136719,297.4700012207031,288.6400146484375,288.69000244140625,29850500
2021-08-20,294.5058898925781,304.3599853515625,305.8399963378906,298.05999755859375,299.7200012207031,40817600
2021-08-23,294.7865905761719,304.6499938964844,305.3999938964844,301.8500061035156,303.25,22830200
2021-08-24,292.822265625,302.6199951171875,305.6499938964844,302.0,305.0199890136719,18175800
2021-08-25,292.2320556640625,302.010009765625,304.5899963378906,300.4200134277344,304.29998779296875,20006100
2021-08-26,289.4065246582031,299.0899963378906,302.42999267578125,298.95001220703125,300.989990234375,17666100
2021-08-27,290.0160827636719,299.7200012207031,300.8699951171875,296.8299865722656,298.989990234375,22605700
2021-08-30,293.7608947753906,303.5899963378906,304.2200012207031,301.05999755859375,301.1199951171875,16348100
2021-08-31,292.1062316894531,301.8800048828125,304.5,301.5,304.4200134277344,26285300
2021-09-01,292.05780029296875,301.8299865722656,305.19000244140625,301.489990234375,302.8699951171875,18983800
2021-09-02,291.3997802734375,301.1499938964844,303.3599853515625,300.17999267578125,302.20001220703125,16285600
2021-09-03,291.39019775390625,301.1400146484375,302.6000061035156,300.260009765625,300.989990234375,14747900
2021-09-07,290.4613037109375,300.17999267578125,301.0899963378906,298.20001220703125,301.010009765625,17180400
2021-09-08,290.49029541015625,300.2099914550781,300.6099853515625,297.4700012207031,299.7799987792969,15046800
2021-09-09,287.6260986328125,297.25,302.1400146484375,297.0,300.82000732421875,19927000
2021-09-10,286.13592529296875,295.7099914550781,299.9200134277344,295.3800048828125,298.4200134277344,19633400
2021-09-13,287.37451171875,296.989990234375,298.5400085449219,294.0799865722656,297.54998779296875,23652900
2021-09-14,290.0838623046875,299.7900085449219,301.3900146484375,298.1000061035156,299.55999755859375,21853400
2021-09-15,294.9510803222656,304.82000732421875,305.32000732421875,301.82000732421875,303.260009765625,28356300
2021-09-16,295.3380432128906,305.2200012207031,305.30999755859375,300.760009765625,303.760009765625,19550800
2021-09-17,290.1612854003906,299.8699951171875,304.5,299.5299987792969,304.1700134277344,41372500
2021-09-20,284.7716369628906,294.29998779296875,298.7200012207031,289.5199890136719,296.3299865722656,38278700
2021-09-21,285.25543212890625,294.79998779296875,297.5400085449219,294.07000732421875,295.69000244140625,22364100
2021-09-22,288.9130554199219,298.5799865722656,300.2200012207031,294.510009765625,296.7300109863281,26626300
2021-09-23,289.8612976074219,299.55999755859375,300.8999938964844,297.5299987792969,298.8500061035156,18604600
2021-09-24,289.6580810546875,299.3500061035156,299.79998779296875,296.92999267578125,298.2300109863281,14999000
2021-09-27,284.6458740234375,294.1700134277344,296.4700012207031,292.94000244140625,296.1400146484375,23571700
2021-09-28,274.3406066894531,283.5199890136719,290.7799987792969,282.75,289.79998779296875,43186200
2021-09-29,274.8050537109375,284.0,286.7699890136719,283.010009765625,285.1000061035156,26353700
2021-09-30,272.79248046875,281.9200134277344,287.8299865722656,281.6199951171875,285.7099914550781,32343600
2021-10-01,279.739990234375,289.1000061035156,289.9800109863281,281.2900085449219,282.1199951171875,30086300
2021-10-04,273.9438781738281,283.1099853515625,287.75,280.25,287.3999938964844,31350700
2021-10-05,279.41094970703125,288.760009765625,290.3999938964844,284.04998779296875,284.04998779296875,24993000
2021-10-06,283.62017822265625,293.1099853515625,293.6300048828125,285.510009765625,285.7799987792969,28002600
2021-10-07,285.3038635253906,294.8500061035156,296.6400146484375,293.9200134277344,295.17999267578125,20430500
2021-10-08,285.3038635253906,294.8500061035156,296.6400146484375,293.760009765625,296.2200012207031,17685700
2021-10-11,284.7038879394531,294.2300109863281,297.9700012207031,292.75,292.9200134277344,19298600
2021-10-12,283.39764404296875,292.8800048828125,295.44000244140625,292.3500061035156,295.3399963378906,17974100
2021-10-13,286.716552734375,296.30999755859375,297.2799987792969,293.489990234375,294.9100036621094,23416300
2021-10-14,292.9480285644531,302.75,303.2699890136719,297.8299865722656,299.2099914550781,27262900
2021-10-15,294.3608093261719,304.2099914550781,304.45001220703125,300.5199890136719,302.3399963378906,25384800
2021-10-18,297.341064453125,307.2900085449219,308.2099914550781,302.69000244140625,303.57000732421875,22729300
2021-10-19,298.2506408691406,308.2300109863281,309.29998779296875,307.2200012207031,308.3500061035156,17682100
2021-10-20,297.4571838378906,307.4100036621094,309.70001220703125,306.1099853515625,309.2099914550781,16537100
2021-10-21,300.69873046875,310.760009765625,311.0199890136719,306.3599853515625,307.1700134277344,16918100
2021-10-22,299.1505432128906,309.1600036621094,311.0899963378906,307.79998779296875,310.3999938964844,17449300
2021-10-25,298.15380859375,308.1300048828125,309.3999938964844,306.4599914550781,309.3599853515625,17554500
2021-10-26,300.0697937011719,310.1099853515625,312.3999938964844,308.6000061035156,311.0,28107300
2021-10-27,312.7069091796875,323.1700134277344,326.1000061035156,316.0,316.0,52588700
2021-10-28,313.8487548828125,324.3500061035156,324.8699951171875,321.3599853515625,324.3299865722656,26297900
2021-10-29,320.88336181640625,331.6199951171875,332.0,323.8999938964844,324.1300048828125,34766000
2021-11-01,318.7062072753906,329.3699951171875,331.489990234375,326.3699951171875,331.3599853515625,27073200
2021-11-02,322.344482421875,333.1300048828125,333.45001220703125,330.0,330.30999755859375,26487100
2021-11-03,323.1862487792969,334.0,334.8999938964844,330.6499938964844,333.8999938964844,21500100
2021-11-04,325.5472412109375,336.44000244140625,336.5400085449219,329.510009765625,332.8900146484375,23992200
2021-11-05,325.1795349121094,336.05999755859375,338.7900085449219,334.4200134277344,338.510009765625,22570100
2021-11-08,326.0794982910156,336.989990234375,337.6499938964844,334.44000244140625,337.29998779296875,20897000
2021-11-09,325.0731506347656,335.95001220703125,338.7200012207031,334.5299987792969,337.1099853515625,21307400
2021-11-10,320.08984375,330.79998779296875,334.6300048828125,329.9200134277344,334.57000732421875,25500900
2021-11-11,321.66705322265625,332.42999267578125,333.7699890136719,330.510009765625,331.25,16849800
2021-11-12,325.8182067871094,336.7200012207031,337.2300109863281,333.7900085449219,333.9200134277344,23831000
2021-11-15,325.18927001953125,336.07000732421875,337.8800048828125,334.0299987792969,337.5400085449219,16723000
2021-11-16,328.51788330078125,339.510009765625,340.6700134277344,335.510009765625,335.67999267578125,20886800
2021-11-17,328.7408142089844,339.1199951171875,342.19000244140625,338.0,338.94000244140625,19053400
2021-11-18,330.8250427246094,341.2699890136719,342.45001220703125,337.1199951171875,338.17999267578125,22463500
2021-11-19,332.60870361328125,343.1099853515625,345.1000061035156,342.20001220703125,342.6400146484375,21963400
2021-11-22,329.4290771484375,339.8299865722656,349.6700134277344,339.54998779296875,344.6199951171875,31031100
2021-11-23,327.3448181152344,337.67999267578125,339.45001220703125,333.55999755859375,337.04998779296875,30427600
2021-11-24,327.5679016113281,337.9100036621094,338.1600036621094,333.9100036621094,336.2799987792969,21661300
2021-11-26,319.5898132324219,329.67999267578125,337.92999267578125,328.1199951171875,334.3500061035156,24217200
2021-11-29,326.3270568847656,336.6300048828125,339.0299987792969,334.739990234375,334.94000244140625,28563500
2021-11-30,320.4718933105469,330.5899963378906,337.7799987792969,328.989990234375,335.32000732421875,42885600
2021-12-01,319.9775695800781,330.0799865722656,339.2799987792969,329.3900146484375,335.1300048828125,33337600
2021-12-02,319.4054870605469,329.489990234375,333.489990234375,327.79998779296875,330.29998779296875,30766000
2021-12-03,313.1239318847656,323.010009765625,332.70001220703125,318.0299987792969,331.989990234375,41779300
2021-12-06,316.20660400390625,326.19000244140625,327.45001220703125,319.2300109863281,323.95001220703125,30032600
2021-12-07,324.6694030761719,334.9200134277344,335.79998779296875,330.1000061035156,331.6400146484375,31021900
2021-12-08,324.7178955078125,334.9700012207031,335.5,330.79998779296875,335.30999755859375,24761000
2021-12-09,322.9050598144531,333.1000061035156,336.489990234375,332.1199951171875,334.4100036621094,22214200
2021-12-10,332.0561828613281,342.5400085449219,343.0,334.7900085449219,334.9800109863281,38095700
2021-12-13,329.0122375488281,339.3999938964844,343.7900085449219,339.0799865722656,340.67999267578125,28899400
2021-12-14,318.2907409667969,328.3399963378906,334.6400146484375,324.1099853515625,333.2200012207031,44438700
2021-12-15,324.40765380859375,334.6499938964844,335.19000244140625,324.5,328.6099853515625,35381100
2021-12-16,314.9560852050781,324.8999938964844,336.760009765625,323.0199890136719,335.7099914550781,35034800
2021-12-17,313.8897399902344,323.79998779296875,324.9200134277344,317.25,320.8800048828125,47750300
2021-12-20,310.1187438964844,319.9100036621094,322.79998779296875,317.57000732421875,320.04998779296875,28326500
2021-12-21,317.2729187011719,327.2900085449219,327.7300109863281,319.79998779296875,323.2900085449219,24740600
2021-12-22,323.00201416015625,333.20001220703125,333.6099853515625,325.75,328.29998779296875,24831500
2021-12-23,324.44647216796875,334.69000244140625,336.3900146484375,332.7300109863281,332.75,19617800
2021-12-27,331.9689025878906,342.45001220703125,342.4800109863281,335.42999267578125,335.4599914550781,19947000
2021-12-28,330.8056335449219,341.25,343.80999755859375,340.32000732421875,343.1499938964844,15661500
2021-12-29,331.4842834472656,341.95001220703125,344.29998779296875,339.67999267578125,341.29998779296875,15042000
2021-12-30,328.9347229003906,339.32000732421875,343.1300048828125,338.82000732421875,341.9100036621094,15994500
2021-12-31,326.02655029296875,336.32000732421875,339.3599853515625,335.8500061035156,338.510009765625,18000800
2022-01-03,324.5045471191406,334.75,338.0,329.7799987792969,335.3500061035156,28865100
2022-01-04,318.94024658203125,329.010009765625,335.20001220703125,326.1199951171875,334.8299865722656,32674300
2022-01-05,306.6968078613281,316.3800048828125,326.07000732421875,315.9800109863281,325.8599853515625,40054300
2022-01-06,304.27337646484375,313.8800048828125,318.70001220703125,311.489990234375,313.1499938964844,39646100
2022-01-07,304.428466796875,314.0400085449219,316.5,310.0899963378906,314.1499938964844,32720000
2022-01-10,304.6513977050781,314.2699890136719,314.7200012207031,304.69000244140625,309.489990234375,44289500
2022-01-11,305.3396911621094,314.9800109863281,316.6099853515625,309.8900146484375,313.3800048828125,29386800
2022-01-12,308.52899169921875,318.2699890136719,323.4100036621094,317.0799865722656,319.6700134277344,34372200
2022-01-13,295.4712219238281,304.79998779296875,320.8800048828125,304.0,320.4700012207031,45366000
2022-01-14,300.7060241699219,310.20001220703125,310.82000732421875,303.75,304.25,39846400
2022-01-18,293.3871154785156,302.6499938964844,309.79998779296875,301.739990234375,304.07000732421875,42333200
2022-01-19,294.0462646484375,303.3299865722656,313.9100036621094,302.70001220703125,306.2900085449219,45933900
2022-01-20,292.369140625,301.6000061035156,311.6499938964844,301.1400146484375,309.07000732421875,35380700
2022-01-21,286.9697265625,296.0299987792969,304.1099853515625,295.6099853515625,302.69000244140625,57984400
2022-01-24,287.29925537109375,296.3699951171875,297.1099853515625,276.04998779296875,292.20001220703125,85731500
2022-01-25,279.6604309082031,288.489990234375,294.989990234375,285.1700134277344,291.5199890136719,72848600
2022-01-26,287.6287841796875,296.7099914550781,308.5,293.0299987792969,307.989990234375,90428900
2022-01-27,290.6629943847656,299.8399963378906,307.29998779296875,297.92999267578125,302.6600036621094,53481300
2022-01-28,298.8253479003906,308.260009765625,308.4800109863281,294.45001220703125,300.2300109863281,49743700
2022-01-31,301.4620666503906,310.9800109863281,312.3800048828125,306.3699951171875,308.95001220703125,46444500
2022-02-01,299.3100891113281,308.760009765625,310.6300048828125,305.1300048828125,310.4100036621094,40950400
2022-02-02,303.8661804199219,313.4599914550781,315.1199951171875,308.8800048828125,309.6300048828125,36636000
2022-02-03,292.0299072265625,301.25,311.2300109863281,299.9599914550781,309.489990234375,43730000
2022-02-04,296.576416015625,305.94000244140625,308.79998779296875,299.9700012207031,300.2099914550781,35096500
2022-02-07,291.739013671875,300.95001220703125,307.8399963378906,299.8999938964844,306.1700134277344,28533300
2022-02-08,295.23858642578125,304.55999755859375,305.55999755859375,299.95001220703125,301.25,32421200
2022-02-09,301.68499755859375,311.2099914550781,311.92999267578125,307.3900146484375,309.8699951171875,31284700
2022-02-10,293.1253356933594,302.3800048828125,309.1199951171875,300.70001220703125,304.0400085449219,45386200
2022-02-11,286.0099792480469,295.0400085449219,304.2900085449219,294.2200012207031,303.19000244140625,39175600
2022-02-14,285.9712219238281,295.0,296.760009765625,291.3500061035156,293.7699890136719,36359500
2022-02-15,291.2737731933594,300.4700012207031,300.79998779296875,297.0199890136719,300.010009765625,27058300
2022-02-16,290.9337463378906,299.5,300.8699951171875,293.67999267578125,298.3699951171875,29982100
2022-02-17,282.4146423339844,290.7300109863281,296.79998779296875,290.0,296.3599853515625,32461600
2022-02-18,279.6947326660156,287.92999267578125,293.8599853515625,286.30999755859375,293.04998779296875,34264000
2022-02-22,279.49072265625,287.7200012207031,291.5400085449219,284.5,285.0,41736100
2022-02-23,272.2538146972656,280.2699890136719,291.70001220703125,280.1000061035156,290.17999267578125,37811200
2022-02-24,286.1641845703125,294.5899963378906,295.1600036621094,271.5199890136719,272.510009765625,56989700
2022-02-25,288.80645751953125,297.30999755859375,297.6300048828125,291.6499938964844,295.1400146484375,32546700
2022-02-28,290.2441101074219,298.7900085449219,299.1400146484375,293.0,294.30999755859375,34627500
2022-03-01,286.51397705078125,294.95001220703125,299.9700012207031,292.1499938964844,296.3999938964844,31217800
2022-03-02,291.60406494140625,300.19000244140625,301.4700012207031,293.70001220703125,295.3599853515625,31873000
2022-03-03,287.45623779296875,295.9200134277344,303.1300048828125,294.04998779296875,302.8900146484375,27314500
2022-03-04,281.5694885253906,289.8599853515625,295.6600036621094,287.1700134277344,294.2900085449219,32356500
2022-03-07,270.9326477050781,278.9100036621094,289.69000244140625,278.5299987792969,288.5299987792969,43157200
2022-03-08,267.96026611328125,275.8500061035156,283.9599914550781,270.0,277.79998779296875,48159500
2022-03-09,280.2484436035156,288.5,289.6000061035156,280.7799987792969,283.44000244140625,35204500
2022-03-10,277.421630859375,285.5899963378906,286.6000061035156,280.5799865722656,283.0199890136719,30628000
2022-03-11,272.0594787597656,280.07000732421875,289.510009765625,279.42999267578125,287.9599914550781,27209300
2022-03-14,268.5333557128906,276.44000244140625,285.3999938964844,275.82000732421875,280.3399963378906,30660700
2022-03-15,278.93707275390625,287.1499938964844,287.82000732421875,278.7300109863281,280.3500061035156,34245100
2022-03-16,285.969970703125,294.3900146484375,294.57000732421875,283.20001220703125,289.1099853515625,37826300
2022-03-17,286.7761535644531,295.2200012207031,295.6099853515625,289.3699951171875,293.2900085449219,30816600
2022-03-18,291.83721923828125,300.42999267578125,301.0,292.7300109863281,295.3699951171875,43390600
2022-03-21,290.6034851074219,299.1600036621094,300.1400146484375,294.8999938964844,298.8900146484375,28351200
2022-03-22,295.3633728027344,304.05999755859375,305.0,298.7699890136719,299.79998779296875,27599700
2022-03-23,290.924072265625,299.489990234375,303.2300109863281,297.7200012207031,300.510009765625,25715400
2022-03-24,295.4022216796875,304.1000061035156,304.20001220703125,298.32000732421875,299.1400146484375,24484500
2022-03-25,294.99420166015625,303.67999267578125,305.5,299.2900085449219,305.2300109863281,22566500
2022-03-28,301.81341552734375,310.70001220703125,310.79998779296875,304.3299865722656,304.3299865722656,29578200
2022-03-29,306.3887634277344,315.4100036621094,315.82000732421875,309.04998779296875,313.9100036621094,30393400
2022-03-30,304.8830261230469,313.8599853515625,315.95001220703125,311.5799865722656,313.760009765625,28163600
2022-03-31,299.4918212890625,308.30999755859375,315.1400146484375,307.8900146484375,313.8999938964844,33422100
2022-04-01,300.570068359375,309.4200134277344,310.1300048828125,305.5400085449219,309.3699951171875,27110500
2022-04-04,305.96136474609375,314.9700012207031,315.1099853515625,309.7099914550781,310.0899963378906,24289600
2022-04-05,301.98828125,310.8800048828125,314.8699951171875,309.8699951171875,313.2699890136719,23156700
2022-04-06,290.9337463378906,299.5,307.0,296.7099914550781,305.19000244140625,40110400
2022-04-07,292.75030517578125,301.3699951171875,303.6499938964844,296.3500061035156,296.6600036621094,31411200
2022-04-08,288.47613525390625,296.9700012207031,301.1199951171875,296.2799987792969,300.44000244140625,24361900
2022-04-11,277.1011047363281,285.260009765625,292.6099853515625,285.0,291.7900085449219,34569300
2022-04-12,273.99261474609375,282.05999755859375,290.739990234375,280.489990234375,289.239990234375,30966700
2022-04-13,279.3935546875,287.6199951171875,288.5799865722656,281.29998779296875,282.7300109863281,21907200
2022-04-14,271.82635498046875,279.8299865722656,288.30999755859375,279.32000732421875,288.0899963378906,28221600
2022-04-18,272.4966735839844,280.5199890136719,282.4599914550781,278.3399963378906,278.9100036621094,20778000
2022-04-19,277.1399230957031,285.29998779296875,286.1700134277344,278.4100036621094,279.3800048828125,22297700
2022-04-20,278.16961669921875,286.3599853515625,289.70001220703125,285.3699951171875,289.3999938964844,22906700
2022-04-21,272.7783508300781,280.80999755859375,293.29998779296875,280.05999755859375,288.5799865722656,29454600
2022-04-22,266.1922912597656,274.0299987792969,283.20001220703125,273.3800048828125,281.67999267578125,29405800
2022-04-25,272.69097900390625,280.7200012207031,281.1099853515625,270.7699890136719,273.2900085449219,35678900
2022-04-26,262.4913024902344,270.2200012207031,278.3599853515625,270.0,277.5,46518400
2022-04-27,275.1194763183594,283.2200012207031,290.9700012207031,279.1600036621094,282.1000061035156,63477700
2022-04-28,281.3460693359375,289.6300048828125,290.9800109863281,281.4599914550781,285.19000244140625,33646600
2022-04-29,269.58245849609375,277.5199890136719,289.8800048828125,276.5,288.6099853515625,37073900
2022-05-02,276.3336486816406,284.4700012207031,284.94000244140625,276.2200012207031,277.7099914550781,35151100
2022-05-03,273.7206115722656,281.7799987792969,284.1300048828125,280.1499938964844,283.9599914550781,25978600
2022-05-04,281.6861267089844,289.9800109863281,290.8800048828125,276.7300109863281,282.5899963378906,33599300
2022-05-05,269.4173278808594,277.3500061035156,286.3500061035156,274.3399963378906,285.5400085449219,43260400
2022-05-06,266.8722839355469,274.7300109863281,279.25,271.2699890136719,274.80999755859375,37780300
2022-05-09,257.0124816894531,264.5799865722656,272.3599853515625,263.32000732421875,270.05999755859375,47726000
2022-05-10,261.7917785644531,269.5,273.75,265.07000732421875,271.69000244140625,39336400
2022-05-11,253.0978546142578,260.54998779296875,271.3599853515625,259.29998779296875,265.67999267578125,48975900
2022-05-12,248.04656982421875,255.35000610351562,259.8800048828125,250.02000427246094,257.69000244140625,51033800
2022-05-13,253.65150451660156,261.1199951171875,263.0400085449219,255.35000610351562,257.3500061035156,34925100
2022-05-16,254.02066040039062,261.5,265.82000732421875,255.77999877929688,259.9599914550781,32550900
2022-05-17,259.18853759765625,266.82000732421875,268.3299865722656,262.4599914550781,266.1099853515625,28828800
2022-05-18,247.3877410888672,254.0800018310547,263.6000061035156,252.77000427246094,263.0,31356000
2022-05-19,246.47251892089844,253.13999938964844,257.6700134277344,251.8800048828125,253.89999389648438,32692300
2022-05-20,245.9077911376953,252.55999755859375,258.5400085449219,246.44000244140625,257.239990234375,39199300
2022-05-23,253.78472900390625,260.6499938964844,261.5,253.42999267578125,255.49000549316406,33175400
2022-05-24,252.78179931640625,259.6199951171875,261.3299865722656,253.5,257.8900146484375,29043900
2022-05-25,255.60545349121094,262.5199890136719,264.5799865722656,257.1300048828125,258.1400146484375,28547900
2022-05-26,258.89642333984375,265.8999938964844,267.1099853515625,261.42999267578125,262.2699890136719,25002100
2022-05-27,266.0430603027344,273.239990234375,273.3399963378906,267.55999755859375,268.4800109863281,26910800
2022-05-31,264.7091369628906,271.8699951171875,274.7699890136719,268.92999267578125,272.5299987792969,37827700
2022-06-01,265.2447204589844,272.4200134277344,277.69000244140625,270.0400085449219,275.20001220703125,25292200
2022-06-02,267.3477783203125,274.5799865722656,274.6499938964844,261.6000061035156,264.45001220703125,44008200
2022-06-03,262.9078369140625,270.0199890136719,273.45001220703125,268.4100036621094,270.30999755859375,28059000
2022-06-06,261.6713562011719,268.75,274.17999267578125,267.2200012207031,272.05999755859375,22400300
2022-06-07,265.322509765625,272.5,273.1300048828125,265.94000244140625,266.6400146484375,22860700
2022-06-08,263.2876892089844,270.4100036621094,273.0,269.6099853515625,271.7099914550781,17372300
2022-06-09,257.8157043457031,264.7900085449219,272.7099914550781,264.6300048828125,267.7799987792969,26439700
2022-06-10,246.32644653320312,252.99000549316406,260.5799865722656,252.52999877929688,260.5799865722656,31422800
2022-06-13,235.8790740966797,242.25999450683594,249.02000427246094,241.52999877929688,245.11000061035156,46135800
2022-06-14,238.05035400390625,244.49000549316406,245.74000549316406,241.50999450683594,243.86000061035156,28651500
2022-06-15,245.12879943847656,251.75999450683594,255.3000030517578,246.4199981689453,248.30999755859375,33111700
2022-06-16,238.51768493652344,244.97000122070312,247.4199981689453,243.02000427246094,245.97999572753906,33169200
2022-06-17,241.12709045410156,247.64999389648438,250.5,244.02999877929688,244.6999969482422,43084800
2022-06-21,247.0567169189453,253.74000549316406,254.75,249.50999450683594,250.25999450683594,29928300
2022-06-22,246.46275329589844,253.1300048828125,257.1700134277344,250.3699951171875,251.88999938964844,25939900
2022-06-23,252.04183959960938,258.8599853515625,259.3699951171875,253.6300048828125,255.57000732421875,25861400
2022-06-24,260.6489562988281,267.70001220703125,267.9800109863281,261.7200012207031,261.80999755859375,33923200
2022-06-27,257.91302490234375,264.8900146484375,268.29998779296875,263.2799987792969,268.2099914550781,24615100
2022-06-28,249.72454833984375,256.4800109863281,266.9100036621094,256.32000732421875,263.9800109863281,27295500
2022-06-29,253.40492248535156,260.260009765625,261.9700012207031,255.75999450683594,257.5899963378906,20069800
2022-06-30,250.0652618408203,256.8299865722656,259.5299987792969,252.89999389648438,257.04998779296875,31730900
2022-07-01,252.7428741455078,259.5799865722656,259.7699890136719,254.61000061035156,256.3900146484375,22837700
2022-07-05,255.9267578125,262.8500061035156,262.9800109863281,254.74000549316406,256.1600036621094,22941000
2022-07-06,259.1982421875,266.2099914550781,267.989990234375,262.3999938964844,263.75,23824400
2022-07-07,261.3304748535156,268.3999938964844,269.05999755859375,265.0199890136719,265.1199951171875,20859900
2022-07-08,260.6100769042969,267.6600036621094,268.1000061035156,263.2900085449219,264.7900085449219,19658800
2022-07-11,257.5429992675781,264.510009765625,266.5299987792969,262.17999267578125,265.6499938964844,19455200
2022-07-12,246.98854064941406,253.6699981689453,265.94000244140625,252.0399932861328,265.8800048828125,35868500
2022-07-13,246.06358337402344,252.72000122070312,253.5500030517578,248.11000061035156,250.19000244140625,29497400
2022-07-14,247.3877410888672,254.0800018310547,255.13999938964844,245.94000244140625,250.57000732421875,25102800
2022-07-15,249.95822143554688,256.7200012207031,260.3699951171875,254.77000427246094,255.72000122070312,29774100
2022-07-18,247.55322265625,254.25,260.8399963378906,253.3000030517578,259.75,20975000
2022-07-19,252.6942138671875,259.5299987792969,259.7200012207031,253.67999267578125,257.5799865722656,25012600
2022-07-20,255.3619842529297,262.2699890136719,264.8699951171875,258.9100036621094,259.8999938964844,22788300
2022-07-21,257.8643493652344,264.8399963378906,264.8900146484375,257.0299987792969,259.7900085449219,22404700
2022-07-22,253.50233459472656,260.3599853515625,265.3299865722656,259.07000732421875,265.239990234375,21881300
2022-07-25,252.01258850097656,258.8299865722656,261.5,256.80999755859375,261.0,21056000
2022-07-26,245.26516723632812,251.89999389648438,259.8800048828125,249.57000732421875,259.8599853515625,39348000
2022-07-27,261.66156005859375,268.739990234375,270.04998779296875,258.8500061035156,261.1600036621094,45994000
2022-07-28,269.1295471191406,276.4100036621094,277.8399963378906,267.8699951171875,269.75,33459300
2022-07-29,273.34552001953125,280.739990234375,282.0,276.6300048828125,277.70001220703125,32152800
2022-08-01,270.68743896484375,278.010009765625,281.2799987792969,275.8399963378906,277.82000732421875,21539600
2022-08-02,267.5814208984375,274.82000732421875,277.8900146484375,272.3800048828125,276.0,22754200
2022-08-03,275.0299987792969,282.4700012207031,283.5,276.6099853515625,276.760009765625,23518900
2022-08-04,276.1789245605469,283.6499938964844,283.79998779296875,280.1700134277344,281.79998779296875,18098700
2022-08-05,275.4583435058594,282.9100036621094,283.6499938964844,278.67999267578125,279.1499938964844,16774600
2022-08-08,272.9366149902344,280.32000732421875,285.9200134277344,279.32000732421875,284.04998779296875,18739200
2022-08-09,274.8644104003906,282.29998779296875,283.0799865722656,277.6099853515625,279.6400146484375,23405200
2022-08-10,281.5437316894531,289.1600036621094,289.80999755859375,286.94000244140625,288.1700134277344,24687800
2022-08-11,279.4601135253906,287.0199890136719,291.2099914550781,286.510009765625,290.8500061035156,20065900
2022-08-12,284.2212829589844,291.9100036621094,291.9100036621094,286.94000244140625,288.4800109863281,22619700
2022-08-15,285.740234375,293.4700012207031,294.17999267578125,290.1099853515625,291.0,18085700
2022-08-16,285.0002136230469,292.7099914550781,294.0400085449219,290.4200134277344,291.989990234375,18102900
2022-08-17,284.2489318847656,291.32000732421875,293.3500061035156,289.4700012207031,289.739990234375,18253400
2022-08-18,283.1268310546875,290.1700134277344,291.9100036621094,289.0799865722656,290.19000244140625,17186200
2022-08-19,279.2044372558594,286.1499938964844,289.25,285.55999755859375,288.8999938964844,20570000
2022-08-22,271.00830078125,277.75,282.4599914550781,277.2200012207031,282.0799865722656,25061100
2022-08-23,269.7301025390625,276.44000244140625,278.8599853515625,275.3999938964844,276.44000244140625,17527400
2022-08-24,269.09588623046875,275.7900085449219,277.2300109863281,275.1099853515625,275.4100036621094,18137000
2022-08-25,272.08160400390625,278.8500061035156,279.0199890136719,274.5199890136719,277.3299865722656,16583400
2022-08-26,261.5827941894531,268.0899963378906,280.3399963378906,267.9800109863281,279.0799865722656,27549300
2022-08-29,258.7922668457031,265.2300109863281,267.3999938964844,263.8500061035156,265.8500061035156,20338500
2022-08-30,256.5870666503906,262.9700012207031,267.04998779296875,260.6600036621094,266.6700134277344,22767100
2022-08-31,255.12347412109375,261.4700012207031,267.1099853515625,261.3299865722656,265.3900146484375,24791800
2022-09-01,254.0794219970703,260.3999938964844,260.8900146484375,255.41000366210938,258.8699951171875,23263400
2022-09-02,249.8448028564453,256.05999755859375,264.739990234375,254.47000122070312,261.70001220703125,22855400
2022-09-06,247.10296630859375,253.25,257.8299865722656,251.94000244140625,256.20001220703125,21328200
2022-09-07,251.8254852294922,258.0899963378906,258.8299865722656,253.22000122070312,254.6999969482422,24126700
2022-09-08,252.2450408935547,258.5199890136719,260.42999267578125,254.7899932861328,257.510009765625,20319900
2022-09-09,258.0408935546875,264.4599914550781,265.2300109863281,260.2900085449219,260.5,22084700
2022-09-12,260.177734375,266.6499938964844,267.45001220703125,265.1600036621094,265.7799987792969,18747700
2022-09-13,245.87356567382812,251.99000549316406,260.3999938964844,251.58999633789062,258.8399963378906,33353300
2022-09-14,246.09799194335938,252.22000122070312,254.22999572753906,249.86000061035156,253.52999877929688,23913000
2022-09-15,239.42401123046875,245.3800048828125,251.39999389648438,244.02000427246094,249.77000427246094,31530900
2022-09-16,238.79953002929688,244.74000549316406,245.3000030517578,242.05999755859375,244.25999450683594,39791800
2022-09-19,238.5848846435547,244.52000427246094,245.13999938964844,240.85000610351562,242.47000122070312,26826900
2022-09-20,236.5651092529297,242.4499969482422,243.50999450683594,239.63999938964844,242.07000732421875,26660300
2022-09-21,233.1500701904297,238.9499969482422,247.66000366210938,238.89999389648438,244.27000427246094,28625600
2022-09-22,235.1308135986328,240.97999572753906,243.86000061035156,237.57000732421875,237.8699951171875,31061200
2022-09-23,232.14508056640625,237.9199981689453,241.1300048828125,235.1999969482422,239.5399932861328,34176000
2022-09-26,231.6864776611328,237.4499969482422,241.4499969482422,236.89999389648438,237.0500030517578,27694200
2022-09-27,230.6717529296875,236.41000366210938,241.8000030517578,234.5,239.97999572753906,27018700
2022-09-28,235.21864318847656,241.07000732421875,242.3300018310547,234.72999572753906,236.80999755859375,29029700
2022-09-29,231.73529052734375,237.5,239.9499969482422,234.41000366210938,238.88999938964844,27484200
2022-09-30,227.2469482421875,232.89999389648438,240.5399932861328,232.72999572753906,238.2899932861328,35694800
2022-10-03,234.89662170410156,240.74000549316406,241.61000061035156,234.66000366210938,235.41000366210938,28880400
2022-10-04,242.8390655517578,248.8800048828125,250.36000061035156,244.97999572753906,245.08999633789062,34888400
2022-10-05,243.1512908935547,249.1999969482422,250.5800018310547,244.10000610351562,245.99000549316406,20347100
2022-10-06,240.7998046875,246.7899932861328,250.33999633789062,246.0800018310547,247.92999267578125,20239900
2022-10-07,228.55441284179688,234.24000549316406,241.32000732421875,233.1699981689453,240.89999389648438,37769600
2022-10-10,223.68553161621094,229.25,234.55999755859375,226.72999572753906,233.0500030517578,29743600
2022-10-11,219.93873596191406,225.41000366210938,229.05999755859375,224.11000061035156,227.6199951171875,30474000
2022-10-12,220.27049255371094,225.75,227.86000061035156,223.9600067138672,225.39999389648438,21903900
2022-10-13,228.55441284179688,234.24000549316406,236.10000610351562,219.1300048828125,219.85000610351562,42551800
2022-10-14,223.01226806640625,228.55999755859375,237.24000549316406,228.33999633789062,235.5399932861328,30198600
2022-10-17,231.76455688476562,237.52999877929688,238.9600067138672,235.13999938964844,235.82000732421875,28142300
2022-10-18,232.71099853515625,238.5,243.92999267578125,235.3699951171875,243.24000549316406,26329600
2022-10-19,230.7400665283203,236.47999572753906,239.61000061035156,234.2899932861328,237.0399932861328,19985700
2022-10-20,230.4180145263672,236.14999389648438,241.30999755859375,234.8699951171875,235.77000427246094,21811000
2022-10-21,236.24313354492188,242.1199951171875,243.0,234.5,234.74000549316406,26299700
2022-10-24,241.2486114501953,247.25,247.83999633789062,241.3000030517578,243.75999450683594,24911200
2022-10-25,244.5758514404297,250.66000366210938,251.0399932861328,245.8300018310547,247.25999450683594,34775500
2022-10-26,225.7052764892578,231.32000732421875,238.3000030517578,230.05999755859375,231.1699981689453,82543200
2022-10-27,221.2462158203125,226.75,233.69000244140625,225.77999877929688,231.0399932861328,40424600
2022-10-28,230.1448211669922,235.8699951171875,236.60000610351562,226.0500030517578,226.24000549316406,40647700
2022-10-31,226.49563598632812,232.1300048828125,234.9199981689453,231.14999389648438,233.75999450683594,28357300
2022-11-01,222.63172912597656,228.1699981689453,235.74000549316406,227.3300018310547,234.60000610351562,30592300
2022-11-02,214.7576141357422,220.10000610351562,231.3000030517578,220.0399932861328,229.4600067138672,38407000
2022-11-03,209.04962158203125,214.25,220.41000366210938,213.97999572753906,220.08999633789062,36633900
2022-11-04,216.0163116455078,221.38999938964844,221.58999633789062,213.42999267578125,217.5500030517578,36789100
2022-11-07,222.33900451660156,227.8699951171875,228.41000366210938,221.27999877929688,221.99000549316406,33498000
2022-11-08,223.31472778320312,228.8699951171875,231.64999389648438,225.83999633789062,228.6999969482422,28192500
2022-11-09,219.06057739257812,224.50999450683594,228.6300048828125,224.3300018310547,227.3699951171875,27852900
2022-11-10,237.08224487304688,242.97999572753906,243.3300018310547,235.0,235.42999267578125,46268000
2022-11-11,241.1120147705078,247.11000061035156,247.99000549316406,241.92999267578125,242.99000549316406,34620200
2022-11-14,235.6869659423828,241.5500030517578,243.91000366210938,239.2100067138672,241.99000549316406,31123300
2022-11-15,236.09678649902344,241.97000122070312,247.0,240.02999877929688,245.66000366210938,31390100
2022-11-16,236.5272979736328,241.72999572753906,243.8000030517578,240.4199981689453,242.7899932861328,24093300
2022-11-17,236.4783935546875,241.67999267578125,243.25,237.6300048828125,237.77999877929688,23123500
2022-11-18,236.0282745361328,241.22000122070312,243.74000549316406,239.02999877929688,243.50999450683594,27613500
2022-11-21,236.8404083251953,242.0500030517578,244.6699981689453,241.19000244140625,241.42999267578125,26394700
2022-11-22,239.75625610351562,245.02999877929688,245.30999755859375,240.7100067138672,243.58999633789062,19665700
2022-11-23,242.25140380859375,247.5800018310547,248.27999877929688,244.27000427246094,245.11000061035156,19508500
2022-11-25,242.16334533691406,247.49000549316406,248.6999969482422,246.72999572753906,247.30999755859375,9200800
2022-11-28,236.55665588378906,241.75999450683594,246.64999389648438,240.8000030517578,246.0800018310547,24778200
2022-11-29,235.15744018554688,240.3300018310547,242.7899932861328,238.2100067138672,241.39999389648438,17956300
2022-11-30,249.64871215820312,255.13999938964844,255.3300018310547,239.86000061035156,240.57000732421875,47594200
2022-12-01,249.20838928222656,254.69000244140625,256.1199951171875,250.9199981689453,253.8699951171875,26041500
2022-12-02,249.53126525878906,255.02000427246094,256.05999755859375,249.69000244140625,249.82000732421875,21528500
2022-12-05,244.8149871826172,250.1999969482422,253.82000732421875,248.05999755859375,252.00999450683594,23435300
2022-12-06,239.8443603515625,245.1199951171875,251.86000061035156,243.77999877929688,250.82000732421875,22463700
2022-12-07,239.11048889160156,244.3699951171875,246.16000366210938,242.2100067138672,244.8300018310547,20481500
2022-12-08,242.0752716064453,247.39999389648438,248.74000549316406,243.05999755859375,244.83999633789062,22611800
2022-12-09,240.1378936767578,245.4199981689453,248.30999755859375,244.16000366210938,244.6999969482422,20609700
2022-12-12,247.07528686523438,252.50999450683594,252.5399932861328,247.1699981689453,247.4499969482422,30665100
2022-12-13,251.390380859375,256.9200134277344,263.9200134277344,253.07000732421875,261.69000244140625,42196900
2022-12-14,251.6839141845703,257.2200012207031,262.5899963378906,254.30999755859375,257.1300048828125,35410900
2022-12-15,243.65057373046875,249.00999450683594,254.1999969482422,247.33999633789062,253.72000122070312,35560400
2022-12-16,239.423583984375,244.69000244140625,249.83999633789062,243.50999450683594,248.5500030517578,86102000
2022-12-19,235.27484130859375,240.4499969482422,245.2100067138672,238.7100067138672,244.86000061035156,29696400
2022-12-20,236.5957794189453,241.8000030517578,242.91000366210938,238.4199981689453,239.39999389648438,25150800
2022-12-21,239.16917419433594,244.42999267578125,245.6199951171875,240.11000061035156,241.69000244140625,23690600
2022-12-22,233.06350708007812,238.19000244140625,241.99000549316406,233.8699951171875,241.25999450683594,28651700
2022-12-23,233.59188842773438,238.72999572753906,238.8699951171875,233.94000244140625,236.11000061035156,21207000
2022-12-27,231.85997009277344,236.9600067138672,238.92999267578125,235.8300018310547,238.6999969482422,16688600
2022-12-28,229.48226928710938,234.52999877929688,239.72000122070312,234.1699981689453,236.88999938964844,17457100
2022-12-29,235.82281494140625,241.00999450683594,241.9199981689453,235.64999389648438,235.64999389648438,19770700
2022-12-30,234.65843200683594,239.82000732421875,239.9600067138672,236.66000366210938,238.2100067138672,21938500
2023-01-03,234.42356872558594,239.5800018310547,245.75,237.39999389648438,243.0800018310547,25740000
2023-01-04,224.1691436767578,229.10000610351562,232.8699951171875,225.9600067138672,232.27999877929688,50623400
2023-01-05,217.5252685546875,222.30999755859375,227.5500030517578,221.75999450683594,227.1999969482422,39585600
2023-01-06,220.0888671875,224.92999267578125,225.75999450683594,219.35000610351562,223.0,43613600
2023-01-09,222.23175048828125,227.1199951171875,231.24000549316406,226.41000366210938,226.4499969482422,27369800
2023-01-10,223.9245147705078,228.85000610351562,231.30999755859375,227.3300018310547,227.75999450683594,27033900
2023-01-11,230.69558715820312,235.77000427246094,235.9499969482422,231.11000061035156,231.2899932861328,28669300
2023-01-12,233.37660217285156,238.50999450683594,239.89999389648438,233.55999755859375,235.25999450683594,27269500
2023-01-13,234.08111572265625,239.22999572753906,239.3699951171875,234.9199981689453,237.0,21333300
2023-01-17,235.17698669433594,240.35000610351562,240.91000366210938,237.08999633789062,237.97000122070312,29831300
2023-01-18,230.73471069335938,235.80999755859375,242.3800048828125,235.52000427246094,241.57000732421875,30028700
2023-01-19,226.938232421875,231.92999267578125,235.52000427246094,230.67999267578125,233.77999877929688,28623000
2023-01-20,235.04977416992188,240.22000122070312,240.74000549316406,234.50999450683594,234.86000061035156,35389800
2023-01-23,237.35899353027344,242.5800018310547,245.1699981689453,239.64999389648438,241.10000610351562,31934000
2023-01-24,236.83062744140625,242.0399932861328,243.9499969482422,240.44000244140625,242.5,40234400
2023-01-25,235.43141174316406,240.61000061035156,243.3000030517578,230.89999389648438,234.47999572753906,66526600
2023-01-26,242.66236877441406,248.0,248.30999755859375,242.0,243.64999389648438,33454500
2023-01-27,242.8189239501953,248.16000366210938,249.8300018310547,246.8300018310547,248.99000549316406,26498900
2023-01-30,237.4862060546875,242.7100067138672,245.60000610351562,242.1999969482422,244.50999450683594,25867400
2023-01-31,242.4764404296875,247.80999755859375,247.9499969482422,242.9499969482422,243.4499969482422,26541100
2023-02-01,247.31011962890625,252.75,255.17999267578125,245.47000122070312,248.0,31259900
2023-02-02,258.9050598144531,264.6000061035156,264.69000244140625,257.25,258.82000732421875,39940400
2023-02-03,252.78956604003906,258.3500061035156,264.20001220703125,257.1000061035156,259.5400085449219,29077300
2023-02-06,251.2435760498047,256.7699890136719,258.29998779296875,254.77999877929688,257.44000244140625,22518000
2023-02-07,261.8013610839844,267.55999755859375,268.7699890136719,260.0799865722656,260.5299987792969,50841400
2023-02-08,260.9892883300781,266.7300109863281,276.760009765625,266.2099914550781,273.20001220703125,54686000
2023-02-09,257.94622802734375,263.6199951171875,273.9800109863281,262.79998779296875,273.79998779296875,42375100
2023-02-10,257.4373474121094,263.1000061035156,264.0899963378906,260.6600036621094,261.5299987792969,25818500
2023-02-13,265.48046875,271.32000732421875,274.6000061035156,267.1499938964844,267.6400146484375,44630900
2023-02-14,266.3121032714844,272.1700134277344,274.9700012207031,269.2799987792969,272.6700134277344,37047900
2023-02-15,264.18353271484375,269.32000732421875,270.7300109863281,266.17999267578125,268.32000732421875,28922400
2023-02-16,257.1502685546875,262.1499938964844,266.739990234375,261.8999938964844,264.0199890136719,29603600
2023-02-17,253.13824462890625,258.05999755859375,260.0899963378906,256.0,259.3900146484375,30000100
2023-02-21,247.85107421875,252.6699981689453,255.49000549316406,251.58999633789062,254.47999572753906,28397400
2023-02-22,246.71319580078125,251.50999450683594,254.33999633789062,250.33999633789062,254.08999633789062,22491100
2023-02-23,249.91104125976562,254.77000427246094,256.8399963378906,250.47999572753906,255.55999755859375,29219100
2023-02-24,244.46688842773438,249.22000122070312,251.0,248.10000610351562,249.9600067138672,24990900
2023-02-27,245.38894653320312,250.16000366210938,252.82000732421875,249.38999938964844,252.4600067138672,21190000
2023-02-28,244.6630859375,249.4199981689453,251.49000549316406,248.72999572753906,249.07000732421875,22491000
2023-03-01,241.57313537597656,246.27000427246094,250.92999267578125,245.7899932861328,250.75999450683594,27565300
2023-03-02,246.3208465576172,251.11000061035156,251.39999389648438,245.61000061035156,246.5500030517578,24808200
2023-03-03,250.42111206054688,255.2899932861328,255.6199951171875,251.38999938964844,252.19000244140625,30760100
2023-03-06,251.9709930419922,256.8699951171875,260.1199951171875,255.97999572753906,256.42999267578125,24109800
2023-03-07,249.3028564453125,254.14999389648438,257.69000244140625,253.38999938964844,256.29998779296875,21473200
2023-03-08,248.86143493652344,253.6999969482422,254.5399932861328,250.80999755859375,254.0399932861328,17340200
2023-03-09,247.5077667236328,252.32000732421875,259.55999755859375,251.5800018310547,255.82000732421875,26653400
2023-03-10,243.84889221191406,248.58999633789062,252.7899932861328,247.60000610351562,251.0800018310547,28333900
2023-03-13,249.07723999023438,253.9199981689453,257.9100036621094,245.72999572753906,247.39999389648438,33339700
2023-03-14,255.81619262695312,260.7900085449219,261.07000732421875,255.86000061035156,256.75,33620300
2023-03-15,260.3775329589844,265.44000244140625,266.4800109863281,259.2099914550781,259.9800109863281,46028000
2023-03-16,270.93231201171875,276.20001220703125,276.55999755859375,263.2799987792969,265.2099914550781,54768800
2023-03-17,274.1006774902344,279.42999267578125,283.3299865722656,276.32000732421875,278.260009765625,69527400
2023-03-20,267.0380554199219,272.2300109863281,277.4800109863281,269.8500061035156,276.9800109863281,43466600
2023-03-21,268.5584411621094,273.7799987792969,275.0,269.5199890136719,274.8800048828125,34558700
2023-03-22,267.096923828125,272.2900085449219,281.0400085449219,272.17999267578125,273.3999938964844,34873300
2023-03-23,272.3644714355469,277.6600036621094,281.05999755859375,275.20001220703125,277.94000244140625,36610900
2023-03-24,275.218994140625,280.57000732421875,280.6300048828125,275.2799987792969,277.239990234375,28172000
2023-03-27,271.1089172363281,276.3800048828125,281.4599914550781,275.5199890136719,280.5,26840200
2023-03-28,269.9808349609375,275.2300109863281,276.1400146484375,272.04998779296875,275.7900085449219,21878600
2023-03-29,275.16015625,280.510009765625,281.1400146484375,278.4100036621094,278.9599914550781,25087000
2023-03-30,278.63262939453125,284.04998779296875,284.4599914550781,281.4800109863281,284.2300109863281,25053400
2023-03-31,282.80157470703125,288.29998779296875,289.2699890136719,283.0,283.7300109863281,32766000
2023-04-03,281.7519836425781,287.2300109863281,288.2699890136719,283.95001220703125,286.5199890136719,24883300
2023-04-04,281.70294189453125,287.17999267578125,290.45001220703125,285.6700134277344,287.2300109863281,25824300
2023-04-05,278.91705322265625,284.3399963378906,287.1499938964844,282.9200134277344,285.8500061035156,22064800
2023-04-06,286.03863525390625,291.6000061035156,292.0799865722656,282.0299987792969,283.2099914550781,29770300
2023-04-10,283.8707580566406,289.3900146484375,289.6000061035156,284.7099914550781,289.2099914550781,23103000
2023-04-11,277.4359130859375,282.8299865722656,285.9800109863281,281.6400146484375,285.75,27276600
2023-04-12,278.083251953125,283.489990234375,287.010009765625,281.9599914550781,284.7900085449219,27403400
2023-04-13,284.31219482421875,289.8399963378906,289.8999938964844,283.1700134277344,283.5899963378906,24222700
2023-04-14,280.6827697753906,286.1400146484375,288.4800109863281,283.69000244140625,287.0,20987900
2023-04-17,283.29205322265625,288.79998779296875,291.6000061035156,286.1600036621094,289.92999267578125,23836200
2023-04-18,282.8702392578125,288.3699951171875,291.760009765625,287.010009765625,291.57000732421875,20161800
2023-04-19,282.94873046875,288.45001220703125,289.04998779296875,284.5400085449219,285.989990234375,17150300
2023-04-20,280.6533203125,286.1099853515625,289.0299987792969,285.0799865722656,285.25,23244400
2023-04-21,280.3100280761719,285.760009765625,286.2699890136719,283.05999755859375,285.010009765625,21676400
2023-04-24,276.3960876464844,281.7699890136719,284.95001220703125,278.7200012207031,282.0899963378906,26611000
2023-04-25,270.167236328125,275.4200134277344,281.6000061035156,275.3699951171875,279.510009765625,45772200
2023-04-26,289.7366943359375,295.3699951171875,299.57000732421875,292.7300109863281,296.70001220703125,64599200
2023-04-27,299.0162353515625,304.8299865722656,305.20001220703125,295.25,295.9700012207031,46462600
2023-04-28,301.3999938964844,307.260009765625,308.92999267578125,303.30999755859375,304.010009765625,36469600
2023-05-01,299.7323913574219,305.55999755859375,308.6000061035156,305.1499938964844,306.9700012207031,21294100
2023-05-02,299.5852355957031,305.4100036621094,309.17999267578125,303.9100036621094,307.760009765625,26404400
2023-05-03,298.5945129394531,304.3999938964844,308.6099853515625,304.0899963378906,306.6199951171875,22360800
2023-05-04,299.5852355957031,305.4100036621094,307.760009765625,303.3999938964844,306.239990234375,22519900
2023-05-05,304.7252502441406,310.6499938964844,311.9700012207031,304.2699890136719,305.7200012207031,28197100
2023-05-08,302.763427734375,308.6499938964844,310.20001220703125,306.0899963378906,310.1300048828125,21318600
2023-05-09,301.1449279785156,307.0,310.0400085449219,306.30999755859375,308.0,21340800
2023-05-10,306.3536376953125,312.30999755859375,313.0,307.6700134277344,308.6199951171875,30078000
2023-05-11,304.195556640625,310.1099853515625,311.1199951171875,306.260009765625,310.1000061035156,31680200
2023-05-12,303.0773620605469,308.9700012207031,310.6499938964844,306.6000061035156,310.54998779296875,19774700
2023-05-15,303.5579833984375,309.4599914550781,309.8999938964844,307.5899963378906,309.1000061035156,16336500
2023-05-16,305.7945556640625,311.739990234375,313.7099914550781,309.8299865722656,309.8299865722656,26730300
2023-05-17,308.6847229003906,314.0,314.42999267578125,310.739990234375,312.2900085449219,24315000
2023-05-18,313.1282043457031,318.5199890136719,319.0400085449219,313.7200012207031,314.5299987792969,27276000
2023-05-19,312.9512634277344,318.3399963378906,318.75,316.3699951171875,316.739990234375,27546700
2023-05-22,315.7431945800781,321.17999267578125,322.5899963378906,318.010009765625,318.6000061035156,24115700
2023-05-23,309.9234313964844,315.260009765625,322.7200012207031,315.25,320.0299987792969,30797200
2023-05-24,308.5372619628906,313.8500061035156,316.5,312.6099853515625,314.7300109863281,23384900
2023-05-25,320.4029846191406,325.9200134277344,326.8999938964844,320.0,323.239990234375,43301700
2023-05-26,327.2549743652344,332.8900146484375,333.3999938964844,323.8800048828125,324.0199890136719,36630600
2023-05-30,325.6033935546875,331.2099914550781,335.739990234375,330.5199890136719,335.2300109863281,29503100
2023-05-31,322.83111572265625,328.3900146484375,335.94000244140625,327.3299865722656,332.2900085449219,45950600
2023-06-01,326.9501953125,332.5799865722656,333.5299987792969,324.7200012207031,325.92999267578125,26773900
2023-06-02,329.72247314453125,335.3999938964844,337.5,332.54998779296875,334.25,25873800
2023-06-05,330.2533264160156,335.94000244140625,338.55999755859375,334.6600036621094,335.2200012207031,21307100
2023-06-06,328.0316162109375,333.67999267578125,335.3699951171875,332.1700134277344,335.3299865722656,20396200
2023-06-07,317.9059753417969,323.3800048828125,334.489990234375,322.5,331.6499938964844,40717100
2023-06-08,319.754150390625,325.260009765625,326.6400146484375,323.3500061035156,323.94000244140625,23277700
2023-06-09,321.25823974609375,326.7900085449219,329.989990234375,324.4100036621094,324.989990234375,22529000
2023-06-12,326.2325134277344,331.8500061035156,332.1000061035156,325.1600036621094,328.5799865722656,24260300
2023-06-13,328.63128662109375,334.2900085449219,336.9800109863281,330.3900146484375,334.4700012207031,22951300
2023-06-14,331.6296081542969,337.3399963378906,339.0400085449219,332.80999755859375,334.3399963378906,26003800
2023-06-15,342.2075500488281,348.1000061035156,349.8399963378906,337.20001220703125,337.4800109863281,38899100
2023-06-16,336.53515625,342.3299865722656,351.4700012207031,341.95001220703125,351.32000732421875,46552000
2023-06-20,332.32763671875,338.04998779296875,342.0799865722656,335.8599853515625,339.30999755859375,26375400
2023-06-21,327.9136657714844,333.55999755859375,337.7300109863281,332.07000732421875,336.3699951171875,25117800
2023-06-22,333.9595642089844,339.7099914550781,340.1199951171875,333.3399963378906,334.1199951171875,23556800
2023-06-23,329.3489074707031,335.0199890136719,337.9599914550781,333.45001220703125,334.3599853515625,23146900
2023-06-26,323.0376281738281,328.6000061035156,336.1099853515625,328.489990234375,333.7200012207031,21520600
2023-06-27,328.9065246582031,334.57000732421875,336.1499938964844,329.29998779296875,331.8599853515625,24354100
2023-06-28,330.1648864746094,335.8500061035156,337.9800109863281,333.80999755859375,334.6600036621094,20259500
2023-06-29,329.3783874511719,335.04998779296875,336.1099853515625,332.6199951171875,334.7099914550781,16997000
2023-06-30,334.7755126953125,340.5400085449219,342.7300109863281,337.20001220703125,337.75,26832800
2023-07-03,332.2686462402344,337.989990234375,340.8999938964844,336.57000732421875,339.19000244140625,12508700
2023-07-05,332.4259338378906,338.1499938964844,341.6499938964844,334.7300109863281,335.0899963378906,18172400
2023-07-06,335.4931335449219,341.2699890136719,342.989990234375,335.5,337.29998779296875,28161200
2023-07-07,331.51165771484375,337.2200012207031,341.7900085449219,337.0,339.32000732421875,21214800
2023-07-10,326.2129211425781,331.8299865722656,335.2300109863281,327.5899963378906,334.6000061035156,32791400
2023-07-11,326.84210205078125,332.4700012207031,332.8599853515625,327.0,331.05999755859375,26698200
2023-07-12,331.49200439453125,337.20001220703125,341.6499938964844,335.6700134277344,336.6000061035156,29995300
2023-07-13,336.859619140625,342.6600036621094,343.739990234375,339.0199890136719,339.55999755859375,20567200
2023-07-14,339.3959045410156,345.239990234375,351.42999267578125,344.30999755859375,347.5899963378906,28352700
2023-07-17,339.8776550292969,345.7300109863281,346.989990234375,342.20001220703125,345.67999267578125,20363900
2023-07-18,353.4046936035156,359.489990234375,366.7799987792969,342.1700134277344,345.8299865722656,64738600
2023-07-19,349.0693054199219,355.0799865722656,362.4599914550781,352.44000244140625,361.75,39732900
2023-07-20,340.9983215332031,346.8699951171875,357.9700012207031,345.3699951171875,353.57000732421875,33778400
2023-07-21,337.9507751464844,343.7699890136719,350.29998779296875,339.8299865722656,349.1499938964844,69405400
2023-07-24,339.2680969238281,345.1099853515625,346.9200134277344,342.30999755859375,345.8500061035156,26678100
2023-07-25,345.0387878417969,350.9800109863281,351.8900146484375,345.07000732421875,347.1099853515625,41637700
2023-07-26,332.0523376464844,337.7699890136719,344.6700134277344,333.1099853515625,341.44000244140625,58383700
2023-07-27,325.1217041015625,330.7200012207031,341.3299865722656,329.04998779296875,340.4800109863281,39635300
2023-07-28,332.6422424316406,338.3699951171875,340.010009765625,333.1700134277344,333.6700134277344,28484900
2023-07-31,330.23370361328125,335.9200134277344,337.70001220703125,333.3599853515625,336.9200134277344,25446000
2023-08-01,330.6465759277344,336.3399963378906,338.5400085449219,333.70001220703125,335.19000244140625,18311900
2023-08-02,321.9562072753906,327.5,333.6300048828125,326.3599853515625,333.6300048828125,27761300
2023-08-03,321.1304016113281,326.6600036621094,329.8800048828125,325.95001220703125,326.0,18253700
2023-08-04,322.23150634765625,327.7799987792969,335.1400146484375,327.239990234375,331.8800048828125,23741500
2023-08-07,324.52197265625,330.1099853515625,331.1099853515625,327.5199890136719,328.3699951171875,17741500
2023-08-08,320.53076171875,326.04998779296875,328.75,323.0,326.9599914550781,22327600
2023-08-09,316.7754211425781,322.2300109863281,327.1099853515625,321.04998779296875,326.4700012207031,22373300
2023-08-10,317.4635925292969,322.92999267578125,328.260009765625,321.17999267578125,326.0199890136719,20113700
2023-08-11,315.5760803222656,321.010009765625,322.4100036621094,319.2099914550781,320.260009765625,24355500
2023-08-14,318.5547790527344,324.0400085449219,324.05999755859375,320.0799865722656,321.3900146484375,18836100
2023-08-15,316.4117126464844,321.8599853515625,325.0899963378906,320.8999938964844,323.0,16966300
2023-08-16,315.643310546875,320.3999938964844,324.4200134277344,319.79998779296875,320.79998779296875,20698900
2023-08-17,312.1755676269531,316.8800048828125,321.8699951171875,316.2099914550781,320.5400085449219,21257200
2023-08-18,311.781494140625,316.4800109863281,318.3800048828125,311.54998779296875,314.489990234375,24755000
2023-08-21,317.1013488769531,321.8800048828125,322.7699890136719,317.0400085449219,317.92999267578125,24040000
2023-08-22,317.67266845703125,322.4599914550781,326.0799865722656,321.4599914550781,325.5,16084600
2023-08-23,322.14532470703125,327.0,329.20001220703125,323.4599914550781,323.82000732421875,21166400
2023-08-24,315.2196350097656,319.9700012207031,332.9800109863281,319.9599914550781,332.8500061035156,23281400
2023-08-25,318.1849670410156,322.9800109863281,325.3599853515625,318.79998779296875,321.4700012207031,21684100
2023-08-28,318.89434814453125,323.70001220703125,326.1499938964844,321.7200012207031,325.6600036621094,14808500
2023-08-29,323.53436279296875,328.4100036621094,328.9800109863281,321.8800048828125,321.8800048828125,19284600
2023-08-30,323.9087219238281,328.7900085449219,329.80999755859375,326.45001220703125,328.6700134277344,15222100
2023-08-31,322.8940124511719,327.760009765625,330.9100036621094,326.7799987792969,329.20001220703125,26411000
2023-09-01,323.7806091308594,328.6600036621094,331.989990234375,326.7799987792969,331.30999755859375,14942000
2023-09-05,328.5980224609375,333.54998779296875,334.8500061035156,328.6600036621094,329.0,18553900
2023-09-06,327.9379577636719,332.8800048828125,334.4599914550781,330.17999267578125,333.3800048828125,17535800
2023-09-07,325.0121154785156,329.9100036621094,333.0799865722656,329.0299987792969,331.2900085449219,18381000
2023-09-08,329.3073425292969,334.2699890136719,336.1600036621094,329.4599914550781,330.0899963378906,19530100
2023-09-11,332.9228820800781,337.94000244140625,338.4200134277344,335.42999267578125,337.239990234375,16583300
2023-09-12,326.844482421875,331.7699890136719,336.7900085449219,331.4800109863281,335.82000732421875,17565500
2023-09-13,331.07080078125,336.05999755859375,336.8500061035156,331.1700134277344,331.30999755859375,16544400
2023-09-14,333.671630859375,338.70001220703125,340.8599853515625,336.57000732421875,339.1499938964844,20267000
2023-09-15,325.3175048828125,330.2200012207031,337.3999938964844,329.6499938964844,336.9200134277344,37679800
2023-09-18,324.1746826171875,329.05999755859375,330.3999938964844,326.3599853515625,327.79998779296875,16834200
2023-09-19,323.77081298828125,328.6499938964844,329.3900146484375,324.510009765625,326.1700134277344,16505900
2023-09-20,316.0078125,320.7699890136719,329.5899963378906,320.510009765625,329.510009765625,21436500
2023-09-21,314.78619384765625,319.5299987792969,325.3500061035156,315.0,319.260009765625,35560400
2023-09-22,312.3035888671875,317.010009765625,321.45001220703125,316.1499938964844,321.32000732421875,21447900
2023-09-25,312.82574462890625,317.5400085449219,317.6700134277344,315.0,316.5899963378906,17836000
2023-09-26,307.50592041015625,312.1400146484375,315.8800048828125,310.0199890136719,315.1300048828125,26297600
2023-09-27,308.146240234375,312.7900085449219,314.29998779296875,309.69000244140625,312.29998779296875,19410100
2023-09-28,308.98370361328125,313.6400146484375,315.4800109863281,309.45001220703125,310.989990234375,19683600
2023-09-29,311.0623474121094,315.75,319.4700012207031,314.9800109863281,317.75,24147300
2023-10-02,317.0224609375,321.79998779296875,321.8900146484375,315.17999267578125,316.2799987792969,20570000
2023-10-03,308.73736572265625,313.3900146484375,321.3900146484375,311.2099914550781,320.8299865722656,21033500
2023-10-04,314.22467041015625,318.9599914550781,320.0400085449219,314.0,314.0299987792969,20720100
2023-10-05,314.61871337890625,319.3599853515625,319.9800109863281,314.8999938964844,319.0899963378906,16965600
2023-10-06,322.4014587402344,327.260009765625,329.19000244140625,316.29998779296875,316.54998779296875,25673600
2023-10-09,324.9234313964844,329.82000732421875,330.29998779296875,323.17999267578125,324.75,19891200
2023-10-10,323.5146179199219,328.3900146484375,331.1000061035156,327.6700134277344,330.9599914550781,20557100
2023-10-11,327.4848327636719,332.4200134277344,332.82000732421875,329.1400146484375,331.2099914550781,20063200
2023-10-12,326.2435607910156,331.1600036621094,333.6300048828125,328.7200012207031,330.57000732421875,19313100
2023-10-13,322.86444091796875,327.7300109863281,333.8299865722656,326.3599853515625,332.3800048828125,21072400
2023-10-16,327.70159912109375,332.6400146484375,336.1400146484375,330.6000061035156,331.04998779296875,22158000
2023-10-17,327.1301574707031,332.05999755859375,333.4599914550781,327.4100036621094,329.5899963378906,18338500
2023-10-18,325.2091064453125,330.1099853515625,335.5899963378906,328.29998779296875,332.489990234375,23153600
2023-10-19,326.401123046875,331.32000732421875,336.8800048828125,330.9100036621094,332.1499938964844,25052100
2023-10-20,321.8201904296875,326.6700134277344,331.9200134277344,325.45001220703125,331.7200012207031,25027700
2023-10-23,324.43084716796875,329.32000732421875,332.7300109863281,324.3900146484375,325.4700012207031,24374700
2023-10-24,325.62286376953125,330.5299987792969,331.8399963378906,327.6000061035156,331.29998779296875,31153600
2023-10-25,335.61236572265625,340.6700134277344,346.20001220703125,337.6199951171875,345.0199890136719,55053800
2023-10-26,323.0220947265625,327.8900146484375,341.6300048828125,326.94000244140625,340.5400085449219,37828500
2023-10-27,324.91357421875,329.80999755859375,336.7200012207031,328.3999938964844,330.42999267578125,29856500
2023-10-30,332.3022155761719,337.30999755859375,339.45001220703125,331.8299865722656,333.4100036621094,22828100
2023-10-31,333.0903625488281,338.1099853515625,339.0,334.69000244140625,338.8500061035156,20265300
2023-11-01,340.9322204589844,346.07000732421875,347.4200134277344,339.6499938964844,339.7900085449219,28158800
2023-11-02,343.1487731933594,348.32000732421875,348.8299865722656,344.7699890136719,347.239990234375,24348100
2023-11-03,347.562255859375,352.79998779296875,354.3900146484375,347.3299865722656,349.6300048828125,23637700
2023-11-06,351.2368469238281,356.5299987792969,357.5400085449219,353.3500061035156,353.45001220703125,23828300
2023-11-07,355.1774597167969,360.5299987792969,362.4599914550781,357.6300048828125,359.3999938964844,25833900
2023-11-08,357.8078308105469,363.20001220703125,363.8699951171875,360.54998779296875,361.67999267578125,26767800
2023-11-09,355.33514404296875,360.69000244140625,364.7900085449219,360.3599853515625,362.29998779296875,24847300
2023-11-10,364.1817626953125,369.6700134277344,370.1000061035156,361.07000732421875,361.489990234375,28042100
2023-11-13,361.23614501953125,366.67999267578125,368.4700012207031,365.8999938964844,368.2200012207031,19986500
2023-11-14,364.7728576660156,370.2699890136719,371.95001220703125,367.3500061035156,371.010009765625,27683900
2023-11-15,364.9209899902344,369.6700134277344,373.1300048828125,367.1099853515625,371.2799987792969,26860100
2023-11-16,371.33746337890625,376.1700134277344,376.3500061035156,370.17999267578125,370.9599914550781,27182300
2023-11-17,365.0986633300781,369.8500061035156,374.3699951171875,367.0,373.6099853515625,40157000
2023-11-20,372.5911865234375,377.44000244140625,378.8699951171875,371.0,371.2200012207031,52465100
2023-11-21,368.27734375,373.07000732421875,376.2200012207031,371.1199951171875,375.6700134277344,28423100
2023-11-22,372.995849609375,377.8500061035156,379.7900085449219,374.9700012207031,378.0,23345300
2023-11-24,372.5812683105469,377.42999267578125,377.9700012207031,375.1400146484375,377.3299865722656,10176600
2023-11-27,373.74609375,378.6099853515625,380.6400146484375,376.20001220703125,376.7799987792969,22179200
2023-11-28,377.7835998535156,382.70001220703125,383.0,378.1600036621094,378.3500061035156,20453100
2023-11-29,373.9830627441406,378.8500061035156,384.29998779296875,377.44000244140625,383.760009765625,28963400
2023-11-30,374.042236328125,378.9100036621094,380.0899963378906,375.4700012207031,378.489990234375,30554400
2023-12-01,369.69879150390625,374.510009765625,378.1600036621094,371.30999755859375,376.760009765625,33040500
2023-12-04,364.39776611328125,369.1400146484375,369.5199890136719,362.8999938964844,369.1000061035156,32063300
2023-12-05,367.73431396484375,372.5199890136719,373.0799865722656,365.6199951171875,366.45001220703125,23065000
2023-12-06,364.0621337890625,368.79998779296875,374.17999267578125,368.0299987792969,373.5400085449219,21182100
2023-12-07,366.1845397949219,370.95001220703125,371.45001220703125,366.32000732421875,368.2300109863281,23118900
2023-12-08,369.4223937988281,374.2300109863281,374.4599914550781,368.2300109863281,369.20001220703125,20154400
2023-12-11,366.530029296875,371.29998779296875,371.6000061035156,366.1000061035156,368.4800109863281,27708800
2023-12-12,369.57049560546875,374.3800048828125,374.4200134277344,370.4599914550781,370.8500061035156,24838300
2023-12-13,369.560546875,374.3699951171875,377.6400146484375,370.7699890136719,376.0199890136719,30955500
2023-12-14,361.2290344238281,365.92999267578125,373.760009765625,364.1300048828125,373.30999755859375,43277500
2023-12-15,365.96734619140625,370.7300109863281,372.3999938964844,366.2799987792969,366.8500061035156,78502300
2023-12-18,367.8627014160156,372.6499938964844,373.0,368.67999267578125,369.45001220703125,21802900
2023-12-19,368.46484375,373.260009765625,373.260009765625,369.8399963378906,371.489990234375,20603700
2023-12-20,365.8587341308594,370.6199951171875,376.0299987792969,370.5299987792969,375.0,26316700
2023-12-21,368.7412414550781,373.5400085449219,374.4100036621094,370.0400085449219,372.55999755859375,17708000
2023-12-22,369.76788330078125,374.5799865722656,375.17999267578125,372.7099914550781,373.67999267578125,17107500
2023-12-26,369.8468322753906,374.6600036621094,376.94000244140625,373.5,375.0,12673100
2023-12-27,369.2644958496094,374.07000732421875,375.05999755859375,372.80999755859375,373.69000244140625,14905400
2023-12-28,370.4588928222656,375.2799987792969,376.4599914550781,374.1600036621094,375.3699951171875,14327000
2023-12-29,371.20916748046875,376.0400085449219,377.1600036621094,373.4800109863281,376.0,18730800
2024-01-02,366.1055603027344,370.8699951171875,375.8999938964844,366.7699890136719,373.8599853515625,25258600
2024-01-03,365.8389892578125,370.6000061035156,373.260009765625,368.510009765625,369.010009765625,23083500
2024-01-04,363.2131652832031,367.94000244140625,373.1000061035156,367.1700134277344,370.6700134277344,20901500
2024-01-05,363.025634765625,367.75,372.05999755859375,366.5,368.9700012207031,21004600
2024-01-08,369.87646484375,374.69000244140625,375.20001220703125,369.010009765625,369.29998779296875,23134000
2024-01-09,370.96234130859375,375.7900085449219,375.989990234375,371.19000244140625,372.010009765625,20830000
2024-01-10,377.8526306152344,382.7699890136719,384.1700134277344,376.32000732421875,376.3699951171875,25514200
2024-01-11,379.68878173828125,384.6300048828125,390.67999267578125,380.3800048828125,386.0,27850800
2024-01-12,383.47943115234375,388.4700012207031,388.67999267578125,384.6499938964844,385.489990234375,21661200
2024-01-16,385.2563171386719,390.2699890136719,394.0299987792969,387.6199951171875,393.6600036621094,27202300
2024-01-17,384.4665832519531,389.4700012207031,390.1099853515625,384.80999755859375,387.9800109863281,22234100
2024-01-18,388.81005859375,393.8699951171875,393.989990234375,390.1199951171875,391.7200012207031,23392100
2024-01-19,393.5484619140625,398.6700134277344,398.6700134277344,393.5,395.760009765625,29331100
2024-01-22,391.41619873046875,396.510009765625,400.6199951171875,393.5899963378906,400.0199890136719,27016900
2024-01-23,393.7754211425781,398.8999938964844,399.3800048828125,393.92999267578125,395.75,20525900
2024-01-24,397.3884582519531,402.55999755859375,405.6300048828125,400.45001220703125,401.5400085449219,24867000
2024-01-25,399.66876220703125,404.8699951171875,407.010009765625,402.5299987792969,404.32000732421875,21021200
2024-01-26,398.7408447265625,403.92999267578125,406.1700134277344,402.42999267578125,404.3699951171875,17803300
2024-01-29,404.45648193359375,409.7200012207031,409.9800109863281,404.3299865722656,406.05999755859375,24510200
2024-01-30,403.3409423828125,408.5899963378906,413.04998779296875,406.45001220703125,412.260009765625,33477600
2024-01-31,392.4723815917969,397.5799865722656,415.32000732421875,397.2099914550781,406.9599914550781,47871100
2024-02-01,398.5927734375,403.7799987792969,408.0,401.79998779296875,401.8299865722656,30657700
2024-02-02,405.9372253417969,411.2200012207031,412.6499938964844,403.55999755859375,403.80999755859375,28256700
2024-02-05,400.438720703125,405.6499938964844,411.1600036621094,403.989990234375,409.8999938964844,25352300
2024-02-06,400.2807922363281,405.489990234375,407.9700012207031,402.9100036621094,405.8800048828125,18382600
2024-02-07,408.7308044433594,414.04998779296875,414.29998779296875,407.3999938964844,407.44000244140625,22340500
2024-02-08,408.7900390625,414.1099853515625,415.55999755859375,412.5299987792969,414.04998779296875,21225300
2024-02-09,415.1473083496094,420.54998779296875,420.82000732421875,415.0899963378906,415.25,22032800
2024-02-12,409.9253234863281,415.260009765625,420.739990234375,414.75,420.55999755859375,21202900
2024-02-13,401.10009765625,406.32000732421875,410.07000732421875,403.3900146484375,404.94000244140625,27824900
2024-02-14,404.9769287109375,409.489990234375,409.8399963378906,404.57000732421875,408.07000732421875,20401200
2024-02-15,402.0791931152344,406.55999755859375,409.1300048828125,404.2900085449219,408.1400146484375,21825500
2024-02-16,399.6067199707031,404.05999755859375,408.2900085449219,403.44000244140625,407.9599914550781,22296500
2024-02-20,398.35076904296875,402.7900085449219,404.489990234375,398.010009765625,403.239990234375,24307900
2024-02-21,397.74749755859375,402.17999267578125,402.2900085449219,397.2200012207031,400.1700134277344,18518900
2024-02-22,407.11309814453125,411.6499938964844,412.8299865722656,408.57000732421875,410.19000244140625,27009900
2024-02-23,405.8175048828125,410.3399963378906,415.8599853515625,408.9700012207031,415.6700134277344,16295900
2024-02-26,403.0484619140625,407.5400085449219,412.1600036621094,407.3599853515625,411.4599914550781,16193500
2024-02-27,402.9891052246094,407.4800109863281,408.32000732421875,403.8500061035156,407.989990234375,14835800
2024-02-28,403.2264404296875,407.7200012207031,409.29998779296875,405.32000732421875,408.17999267578125,13183100
2024-02-29,409.0812072753906,413.6400146484375,414.20001220703125,405.9200134277344,408.6400146484375,31947300
2024-03-01,410.92071533203125,415.5,415.8699951171875,410.8800048828125,411.2699890136719,17823400
2024-03-04,410.3470764160156,414.9200134277344,417.3500061035156,412.32000732421875,413.44000244140625,17596000
2024-03-05,398.2123107910156,402.6499938964844,414.25,400.6400146484375,413.9599914550781,26919200
2024-03-06,397.65850830078125,402.0899963378906,405.1600036621094,398.3900146484375,402.9700012207031,22344100
2024-03-07,404.630859375,409.1400146484375,409.7799987792969,402.239990234375,406.1199951171875,18718500
2024-03-08,401.74298095703125,406.2200012207031,410.4200134277344,404.3299865722656,407.9599914550781,18002200
2024-03-11,400.0616760253906,404.5199890136719,405.67999267578125,401.260009765625,403.760009765625,16120800
2024-03-12,410.7031555175781,415.2799987792969,415.57000732421875,406.7900085449219,407.6199951171875,22457000
2024-03-13,410.5251159667969,415.1000061035156,418.17999267578125,411.45001220703125,418.1000061035156,17115900
2024-03-14,420.5335693359375,425.2200012207031,427.82000732421875,417.989990234375,420.239990234375,34157300
2024-03-15,411.83056640625,416.4200134277344,422.6000061035156,412.7900085449219,419.2900085449219,45079900
2024-03-18,412.7206115722656,417.32000732421875,420.7300109863281,413.7799987792969,414.25,20106000
2024-03-19,416.76556396484375,421.4100036621094,421.6700134277344,415.54998779296875,417.8299865722656,19837900
2024-03-20,420.54345703125,425.2300109863281,425.9599914550781,420.6600036621094,422.0,17860100
2024-03-21,424.6378479003906,429.3699951171875,430.82000732421875,427.1600036621094,429.8299865722656,21296200
2024-03-22,424.0148010253906,428.739990234375,429.8599853515625,426.07000732421875,429.70001220703125,17648500
2024-03-25,418.1995849609375,422.8599853515625,427.4100036621094,421.6099853515625,425.239990234375,18060500
2024-03-26,417.0028991699219,421.6499938964844,425.989990234375,421.3500061035156,425.6099853515625,16725600
2024-03-27,416.7853088378906,421.42999267578125,424.45001220703125,419.010009765625,424.44000244140625,16705000
2024-03-28,416.08319091796875,420.7200012207031,421.8699951171875,419.1199951171875,420.9599914550781,21871200
2024-04-01,419.8907775878906,424.57000732421875,427.8900146484375,422.2200012207031,423.95001220703125,16316000
2024-04-02,416.7952575683594,421.44000244140625,422.3800048828125,417.8399963378906,420.1099853515625,17912000
2024-04-03,415.8161315917969,420.45001220703125,423.260009765625,419.0899963378906,419.7300109863281,16502300
2024-04-04,413.2745361328125,417.8800048828125,428.6700134277344,417.57000732421875,424.989990234375,19370900
2024-04-05,420.8302307128906,425.5199890136719,426.510009765625,418.32000732421875,420.010009765625,16554800
2024-04-08,419.9104919433594,424.5899963378906,427.2799987792969,423.29998779296875,425.1700134277344,14272400
2024-04-09,421.5819091796875,426.2799987792969,427.739990234375,421.6199951171875,426.44000244140625,12496900
2024-04-10,418.5951232910156,423.260009765625,424.0299987792969,419.70001220703125,422.19000244140625,16216600
2024-04-11,423.21368408203125,427.92999267578125,429.3699951171875,422.3599853515625,425.82000732421875,17966400
2024-04-12,417.2501525878906,421.8999938964844,425.17999267578125,419.7699890136719,424.04998779296875,19253800
2024-04-15,409.0812072753906,413.6400146484375,426.82000732421875,413.42999267578125,426.6000061035156,20273500
2024-04-16,410.01080322265625,414.5799865722656,418.3999938964844,413.7300109863281,414.57000732421875,16765600
2024-04-17,407.3010559082031,411.8399963378906,418.8800048828125,410.3299865722656,417.25,15855500
2024-04-18,399.8144836425781,404.2699890136719,411.8900146484375,403.95001220703125,410.6300048828125,21029900
2024-04-19,394.7212219238281,399.1199951171875,405.4800109863281,397.7699890136719,404.0299987792969,30565800
2024-04-22,396.5409240722656,400.9599914550781,402.8500061035156,395.75,400.0799865722656,20286900
2024-04-23,403.0780944824219,407.57000732421875,408.20001220703125,403.05999755859375,404.239990234375,15734500
2024-04-24,404.5516662597656,409.05999755859375,412.4700012207031,406.7799987792969,409.55999755859375,15065300
2024-04-25,394.6421203613281,399.0400085449219,399.8900146484375,388.0299987792969,394.0299987792969,40586500
2024-04-26,401.84185791015625,406.32000732421875,413.0,405.760009765625,412.1700134277344,29694700
2024-04-29,397.81671142578125,402.25,406.32000732421875,399.19000244140625,405.25,19582100
2024-04-30,385.0390930175781,389.3299865722656,402.1600036621094,389.1700134277344,401.489990234375,28781400
2024-05-01,390.5872802734375,394.94000244140625,401.7200012207031,390.30999755859375,392.6099853515625,23562500
2024-05-02,393.455322265625,397.8399963378906,399.92999267578125,394.6499938964844,397.6600036621094,17709400
2024-05-03,402.1781005859375,406.6600036621094,407.1499938964844,401.8599853515625,402.2799987792969,17446700
2024-05-06,408.9822692871094,413.5400085449219,413.92999267578125,406.3699951171875,408.760009765625,16996600
2024-05-07,404.82861328125,409.3399963378906,414.6700134277344,409.0899963378906,414.6600036621094,20018200
2024-05-08,406.0153503417969,410.5400085449219,412.2300109863281,406.7099914550781,408.1700134277344,11792300
2024-05-09,407.7757873535156,412.32000732421875,412.7200012207031,409.1000061035156,410.57000732421875,14689700
2024-05-10,410.1690673828125,414.739990234375,415.3800048828125,411.79998779296875,412.94000244140625,13402300
2024-05-13,409.1603088378906,413.7200012207031,418.3500061035156,410.82000732421875,418.010009765625,15440200
2024-05-14,411.9690246582031,416.55999755859375,417.489990234375,411.54998779296875,412.0199890136719,15109300
2024-05-15,419.1718444824219,423.0799865722656,423.80999755859375,417.2699890136719,417.8999938964844,22239500
2024-05-16,417.10113525390625,420.989990234375,425.4200134277344,420.3500061035156,421.79998779296875,17530100
2024-05-17,416.328369140625,420.2099914550781,422.9200134277344,418.0299987792969,422.5400085449219,15352200
2024-05-20,421.4109802246094,425.3399963378906,426.7699890136719,419.989990234375,420.2099914550781,16272100
2024-05-21,425.07684326171875,429.0400085449219,432.9700012207031,424.8500061035156,426.8299865722656,21453300
2024-05-22,426.5431213378906,430.5199890136719,432.4100036621094,427.1300048828125,430.0899963378906,18073700
2024-05-23,423.0556640625,427.0,433.6000061035156,425.4200134277344,432.9700012207031,17211700
2024-05-24,426.18646240234375,430.1600036621094,431.05999755859375,424.4100036621094,427.19000244140625,11855300
2024-05-28,426.3450012207031,430.32000732421875,430.82000732421875,426.6000061035156,429.6300048828125,15718000
2024-05-29,425.2056579589844,429.1700134277344,430.94000244140625,425.69000244140625,425.69000244140625,15517100
2024-05-30,410.8395690917969,414.6700134277344,424.29998779296875,414.239990234375,424.29998779296875,28394500
2024-05-31,411.29534912109375,415.1300048828125,416.75,404.510009765625,416.75,47995300
2024-06-03,409.7001647949219,413.5199890136719,416.42999267578125,408.9200134277344,415.5299987792969,17484700
2024-06-04,412.22662353515625,416.07000732421875,416.44000244140625,409.67999267578125,412.42999267578125,14348900
2024-06-05,420.0932312011719,424.010009765625,424.0799865722656,416.29998779296875,417.80999755859375,16988000
2024-06-06,420.5985412597656,424.5199890136719,425.30999755859375,420.5799865722656,424.010009765625,14861300
2024-06-07,419.9347839355469,423.8500061035156,426.2799987792969,423.0,426.20001220703125,13621700
2024-06-10,423.9176025390625,427.8699951171875,428.0799865722656,423.8900146484375,424.70001220703125,13982900
2024-06-11,428.6831970214844,432.67999267578125,432.82000732421875,425.25,425.4800109863281,14551100
2024-06-12,436.9857482910156,441.05999755859375,443.3999938964844,433.25,435.32000732421875,22366200
2024-06-13,437.5009460449219,441.5799865722656,443.3900146484375,439.3699951171875,440.8500061035156,15960600
2024-06-14,438.4818115234375,442.57000732421875,443.1400146484375,436.7200012207031,438.2799987792969,13582000
2024-06-17,444.2283020019531,448.3699951171875,450.94000244140625,440.7200012207031,442.5899963378906,20790000
2024-06-18,442.217041015625,446.3399963378906,450.1400146484375,444.8900146484375,449.7099914550781,17112500
2024-06-20,441.5829162597656,445.70001220703125,446.5299987792969,441.2699890136719,446.29998779296875,19877400
2024-06-21,445.6252136230469,449.7799987792969,450.5799865722656,446.510009765625,447.3800048828125,34187100
2024-06-24,443.53472900390625,447.6700134277344,452.75,446.4100036621094,449.79998779296875,15913700
2024-06-25,446.7844543457031,450.95001220703125,451.4200134277344,446.75,448.25,16413400
2024-06-26,447.9832763671875,452.1600036621094,453.6000061035156,448.19000244140625,449.0,16507000
2024-06-27,448.6668395996094,452.8500061035156,456.1700134277344,451.7699890136719,452.17999267578125,14806300
2024-06-28,442.8213806152344,446.95001220703125,455.3800048828125,446.4100036621094,453.07000732421875,28362300
2024-07-01,452.510986328125,456.7300109863281,457.3699951171875,445.6600036621094,448.6600036621094,17662800
2024-07-02,455.0374450683594,459.2799987792969,459.5899963378906,453.1099853515625,453.20001220703125,13979800
2024-07-03,456.513671875,460.7699890136719,461.0199890136719,457.8800048828125,458.19000244140625,9932800
2024-07-05,463.240966796875,467.55999755859375,468.3500061035156,458.9700012207031,459.6099853515625,16000300
2024-07-08,461.93316650390625,466.239990234375,467.70001220703125,464.4599914550781,466.54998779296875,12962300
2024-07-09,455.2950439453125,459.5400085449219,467.3299865722656,458.0,467.0,17207200
2024-07-10,461.9430847167969,466.25,466.4599914550781,458.8599853515625,461.2200012207031,18196100
2024-07-11,450.4997863769531,454.70001220703125,464.7799987792969,451.54998779296875,462.9800109863281,23111200
2024-07-12,449.3603820800781,453.54998779296875,456.3599853515625,450.6499938964844,454.3299865722656,16324300
2024-07-15,449.7666015625,453.9599914550781,457.260009765625,451.42999267578125,453.29998779296875,14429400
2024-07-16,445.36761474609375,449.5199890136719,454.29998779296875,446.6600036621094,454.2200012207031,17175700
2024-07-17,439.42303466796875,443.5199890136719,444.8500061035156,439.17999267578125,442.5899963378906,21778000
2024-07-18,436.3020935058594,440.3699951171875,444.6499938964844,434.3999938964844,444.3399963378906,20794800
2024-07-19,433.0722961425781,437.1099853515625,441.1400146484375,432.0,433.1000061035156,20940400
2024-07-22,438.848388671875,442.94000244140625,444.6000061035156,438.9100036621094,441.7900085449219,15808800
2024-07-23,440.7407531738281,444.8500061035156,448.3900146484375,443.1000061035156,443.8999938964844,13107100
2024-07-24,424.9380798339844,428.8999938964844,441.4800109863281,427.5899963378906,440.45001220703125,26805800
2024-07-25,414.5351257324219,418.3999938964844,429.79998779296875,417.510009765625,428.79998779296875,29943800
2024-07-26,421.3415832519531,425.2699890136719,428.9200134277344,417.2699890136719,418.20001220703125,23583800
2024-07-29,422.78814697265625,426.7300109863281,432.1499938964844,424.70001220703125,431.5799865722656,15125800
2024-07-30,419.0133361816406,422.9200134277344,429.04998779296875,417.3599853515625,427.7200012207031,32687600
2024-07-31,414.4855651855469,418.3500061035156,421.7799987792969,412.2099914550781,420.5,42891400
2024-08-01,413.25701904296875,417.1099853515625,427.4599914550781,413.0899963378906,420.7900085449219,30296400
2024-08-02,404.71661376953125,408.489990234375,415.0,404.3399963378906,412.489990234375,29437900
2024-08-05,391.4998474121094,395.1499938964844,401.0400085449219,385.5799865722656,389.1700134277344,40709200
2024-08-06,395.9186706542969,399.6099853515625,405.6700134277344,398.5,400.0,24946500
2024-08-07,394.74957275390625,398.42999267578125,410.0799865722656,397.4700012207031,408.6400146484375,20650900
2024-08-08,398.97021484375,402.69000244140625,405.8599853515625,399.94000244140625,402.44000244140625,20203000
2024-08-09,402.26947021484375,406.0199890136719,408.04998779296875,402.260009765625,404.0299987792969,19276700
2024-08-12,403.0521545410156,406.80999755859375,408.760009765625,404.239990234375,407.05999755859375,16762900
2024-08-13,410.1856689453125,414.010009765625,414.95001220703125,409.57000732421875,409.5899963378906,19414300
2024-08-14,413.0093078613281,416.8599853515625,417.7200012207031,412.45001220703125,414.79998779296875,18267000
2024-08-15,417.89263916015625,421.0299987792969,421.1099853515625,417.6600036621094,419.79998779296875,20752100
2024-08-16,415.35174560546875,418.4700012207031,421.3399963378906,417.29998779296875,420.6000061035156,22775600
2024-08-19,418.388916015625,421.5299987792969,421.75,416.4599914550781,418.9599914550781,15234000
2024-08-20,421.63458251953125,424.79998779296875,425.8599853515625,421.6400146484375,421.70001220703125,16387600
2024-08-21,420.9794921875,424.1400146484375,426.3999938964844,421.7200012207031,424.0799865722656,16067300
2024-08-22,412.4534912109375,415.54998779296875,426.7900085449219,414.6099853515625,424.3599853515625,19361900
2024-08-23,413.68426513671875,416.7900085449219,419.260009765625,412.0899963378906,416.9800109863281,18493800
2024-08-26,410.4088439941406,413.489990234375,417.2799987792969,411.3399963378906,416.3699951171875,13152800
2024-08-27,410.7562255859375,413.8399963378906,414.3599853515625,410.25,412.8599853515625,13492900
2024-08-28,407.5403747558594,410.6000061035156,415.0,407.30999755859375,414.8800048828125,14882700
2024-08-29,410.0415954589844,413.1199951171875,422.04998779296875,410.6000061035156,414.94000244140625,17045200
2024-08-30,414.03167724609375,417.1400146484375,417.489990234375,412.1300048828125,415.6000061035156,24308300
2024-09-03,406.3890380859375,409.44000244140625,419.8800048828125,407.0299987792969,417.9100036621094,20313600
2024-09-04,405.8530578613281,408.8999938964844,411.239990234375,404.3699951171875,405.9100036621094,15135800
2024-09-05,405.34686279296875,408.3900146484375,413.1000061035156,406.1300048828125,407.6199951171875,14195500
2024-09-06,398.70672607421875,401.70001220703125,410.6499938964844,400.79998779296875,409.05999755859375,19609500
2024-09-09,402.69677734375,405.7200012207031,408.6499938964844,402.1499938964844,407.239990234375,15295100
2024-09-10,411.1136169433594,414.20001220703125,416.3299865722656,407.70001220703125,408.20001220703125,19594300
2024-09-11,419.8876953125,423.0400085449219,423.989990234375,409.5799865722656,415.5,19266900
2024-09-12,423.81817626953125,427.0,427.3699951171875,419.75,423.30999755859375,17395700
2024-09-13,427.3814392089844,430.5899963378906,431.8299865722656,425.4599914550781,425.8299865722656,15874600
2024-09-16,428.1258239746094,431.3399963378906,433.5299987792969,428.2200012207031,430.6000061035156,13834700
2024-09-17,431.9074401855469,435.1499938964844,441.8500061035156,432.2699890136719,440.2300109863281,18874200
2024-09-18,427.5997619628906,430.80999755859375,436.0299987792969,430.4100036621094,435.0,18898000
2024-09-19,435.4210510253906,438.69000244140625,441.5,436.8999938964844,441.2300109863281,21706600
2024-09-20,432.0265197753906,435.2699890136719,439.239990234375,434.2200012207031,437.2200012207031,55167100
2024-09-23,430.2796630859375,433.510009765625,436.4599914550781,430.3900146484375,434.2799987792969,15128900
2024-09-24,425.9720458984375,429.1700134277344,433.3500061035156,426.1000061035156,433.0,17015800
2024-09-25,428.8900451660156,432.1099853515625,433.1199951171875,428.57000732421875,429.8299865722656,13396400
2024-09-26,428.0960388183594,431.30999755859375,435.29998779296875,429.1300048828125,435.0899963378906,14492000
2024-09-27,424.8305358886719,428.0199890136719,431.8500061035156,427.4700012207031,431.5199890136719,14896100
2024-09-30,427.09356689453125,430.29998779296875,430.4200134277344,425.3699951171875,428.2099914550781,16807300
2024-10-01,417.5552062988281,420.69000244140625,428.4800109863281,418.80999755859375,428.45001220703125,19092900
2024-10-02,414.021728515625,417.1300048828125,422.82000732421875,416.7099914550781,422.5799865722656,16582300
2024-10-03,413.4361267089844,416.5400085449219,419.54998779296875,414.2900085449219,417.6300048828125,13686400
2024-10-04,412.959716796875,416.05999755859375,419.75,414.9700012207031,418.239990234375,19169700
2024-10-07,406.48828125,409.5400085449219,417.1099853515625,409.0,416.0,20919800
2024-10-08,411.6197204589844,414.7099914550781,415.6600036621094,408.1700134277344,410.8999938964844,19229300
2024-10-09,414.3492431640625,417.4599914550781,420.3800048828125,414.29998779296875,415.8599853515625,14974300
2024-10-10,412.7413330078125,415.8399963378906,417.3500061035156,413.1499938964844,415.2300109863281,13848400
2024-10-11,413.2177734375,416.32000732421875,417.1300048828125,413.25,416.1400146484375,14144900
2024-10-14,416.0167541503906,419.1400146484375,424.0400085449219,417.5199890136719,417.7699890136719,16653100
2024-10-15,415.61968994140625,418.739990234375,422.4800109863281,415.260009765625,422.17999267578125,18900200
2024-10-16,413.01922607421875,416.1199951171875,416.3599853515625,410.4800109863281,415.1700134277344,15508900
2024-10-17,413.6147766113281,416.7200012207031,422.5,415.5899963378906,422.3599853515625,14820000
2024-10-18,415.0440368652344,418.1600036621094,419.6499938964844,416.260009765625,417.1400146484375,17145300
2024-10-21,415.659423828125,418.7799987792969,418.9599914550781,413.75,416.1199951171875,14206100
2024-10-22,424.3243713378906,427.510009765625,430.5799865722656,418.0400085449219,418.489990234375,25482200
2024-10-23,421.4360656738281,424.6000061035156,431.0799865722656,422.5299987792969,430.8599853515625,19654400
2024-10-24,421.5650939941406,424.7300109863281,425.9800109863281,422.3999938964844,425.3299865722656,13581600
2024-10-25,424.9595947265625,428.1499938964844,432.5199890136719,426.57000732421875,426.760009765625,16899100
2024-10-28,423.41119384765625,426.5899963378906,431.94000244140625,426.29998779296875,431.6600036621094,14882400
2024-10-29,428.7313232421875,431.95001220703125,433.1700134277344,425.79998779296875,428.0,17644100
2024-10-30,429.3069763183594,432.5299987792969,438.5,432.1000061035156,437.44000244140625,29749100
2024-10-31,403.3220520019531,406.3500061035156,416.1600036621094,406.29998779296875,415.3599853515625,53971000
2024-11-01,407.31207275390625,410.3699951171875,415.5,407.5,409.010009765625,24230400
2024-11-04,405.4162902832031,408.4599914550781,410.4200134277344,405.57000732421875,409.79998779296875,19672300
2024-11-05,408.3939514160156,411.4599914550781,414.8999938964844,408.0799865722656,408.3699951171875,17626000
2024-11-06,417.04901123046875,420.17999267578125,420.45001220703125,410.5199890136719,412.4200134277344,26681800
2024-11-07,422.2598571777344,425.42999267578125,426.8500061035156,419.8800048828125,421.2799987792969,19901800
2024-11-08,419.3914489746094,422.5400085449219,426.5,421.7799987792969,425.32000732421875,16891400
2024-11-11,414.8951721191406,418.010009765625,424.80999755859375,416.0,422.5199890136719,24503300
2024-11-12,419.87774658203125,423.0299987792969,424.44000244140625,417.20001220703125,418.25,19401200
2024-11-13,422.0315856933594,425.20001220703125,429.3299865722656,418.2099914550781,421.6400146484375,21502200
2024-11-14,423.7090148925781,426.8900146484375,428.1700134277344,420.0,425.0,30246900
2024-11-15,411.9075927734375,415.0,422.79998779296875,413.6400146484375,419.82000732421875,28247600
2024-11-18,412.66192626953125,415.760009765625,418.3999938964844,412.1000061035156,414.8699951171875,24727000
2024-11-19,414.67681884765625,417.7900085449219,417.94000244140625,411.54998779296875,413.1099853515625,18133500
2024-11-20,412.3939208984375,415.489990234375,417.2900085449219,410.5799865722656,416.8699951171875,19191700
2024-11-21,410.6137390136719,412.8699951171875,419.7799987792969,410.2900085449219,419.5,20780200
2024-11-22,414.7211608886719,417.0,417.3999938964844,411.05999755859375,411.3699951171875,24814600
2024-11-25,416.5013732910156,418.7900085449219,421.0799865722656,414.8500061035156,418.3800048828125,27691100
2024-11-26,425.6510925292969,427.989990234375,429.0400085449219,418.8500061035156,419.5899963378906,23458900
2024-11-27,420.67840576171875,422.989990234375,427.2300109863281,422.0199890136719,425.1099853515625,18332400
2024-11-29,421.1458435058594,423.4599914550781,424.8800048828125,417.79998779296875,420.0899963378906,16271900
2024-12-02,428.624755859375,430.9800109863281,433.0,421.30999755859375,421.57000732421875,20207200
2024-12-03,428.84356689453125,431.20001220703125,432.4700012207031,427.739990234375,429.8399963378906,18302000
2024-12-04,435.0295715332031,437.4200134277344,439.6700134277344,432.6300048828125,433.0299987792969,26009400
2024-12-05,440.2011413574219,442.6199951171875,444.6600036621094,436.1700134277344,437.9200134277344,21697800
2024-12-06,441.1459655761719,443.57000732421875,446.1000061035156,441.7699890136719,442.29998779296875,18821000
2024-12-09,443.58251953125,446.0199890136719,448.3299865722656,440.5,442.6000061035156,19144400
2024-12-10,440.9072570800781,443.3299865722656,449.6199951171875,441.6000061035156,444.3900146484375,18469500
2024-12-11,446.5363464355469,448.989990234375,450.3500061035156,444.04998779296875,444.04998779296875,19200200
2024-12-12,447.1032409667969,449.55999755859375,456.1600036621094,449.1099853515625,449.1099853515625,20834800
2024-12-13,444.82574462890625,447.2699890136719,451.42999267578125,445.5799865722656,448.44000244140625,20177800
2024-12-16,449.12213134765625,451.5899963378906,452.17999267578125,445.2799987792969,447.2699890136719,23598800
2024-12-17,451.9764099121094,454.4599914550781,455.2900085449219,449.57000732421875,451.010009765625,22733500
2024-12-18,434.9997253417969,437.3900146484375,452.6499938964844,437.0199890136719,451.32000732421875,24444500
2024-12-19,434.6416931152344,437.0299987792969,443.17999267578125,436.32000732421875,441.6199951171875,22963700
2024-12-20,434.21405029296875,436.6000061035156,443.739990234375,428.6300048828125,433.1099853515625,64263700
2024-12-23,432.8714599609375,435.25,437.6499938964844,432.8299865722656,436.739990234375,19152500
2024-12-24,436.9291076660156,439.3299865722656,439.6000061035156,434.19000244140625,434.6499938964844,7164500
2024-12-26,435.7157897949219,438.1099853515625,440.94000244140625,436.6300048828125,439.0799865722656,8194200
2024-12-27,428.1772155761719,430.5299987792969,435.2200012207031,426.3500061035156,434.6000061035156,18117700
2024-12-30,422.50836181640625,424.8299865722656,427.54998779296875,421.8999938964844,426.05999755859375,13158700
