Price,Adj Close,Close,High,Low,Open,Volume
Ticker,MSFT,MSFT,MSFT,MSFT,MSFT,MSFT
Date,,,,,,
2018-01-02,79.19833374023438,85.94999694824219,86.30999755859375,85.5,86.12999725341797,22483800
2018-01-03,79.56690216064453,86.3499984741211,86.51000213623047,85.97000122070312,86.05999755859375,26061400
2018-01-04,80.2672119140625,87.11000061035156,87.66000366210938,86.56999969482422,86.58999633789062,21912000
2018-01-05,81.26237487792969,88.19000244140625,88.41000366210938,87.43000030517578,87.66000366210938,23407100
2018-01-08,81.34530639648438,88.27999877929688,88.58000183105469,87.5999984741211,88.19999694824219,22113000
2018-01-09,81.2900161743164,88.22000122070312,88.7300033569336,87.86000061035156,88.6500015258789,19484300
2018-01-10,80.92146301269531,87.81999969482422,88.19000244140625,87.41000366210938,87.86000061035156,18652200
2018-01-11,81.16101837158203,88.08000183105469,88.12999725341797,87.23999786376953,88.12999725341797,17808900
2018-01-12,82.56163024902344,89.5999984741211,89.77999877929688,88.44999694824219,88.66999816894531,24271500
2018-01-16,81.40980529785156,88.3499984741211,90.79000091552734,88.01000213623047,90.0999984741211,36599700
2018-01-17,83.05918884277344,90.13999938964844,90.27999877929688,88.75,89.08000183105469,25621200
2018-01-18,83.0223388671875,90.0999984741211,90.66999816894531,89.66000366210938,89.80000305175781,24159700
2018-01-19,82.93017578125,90.0,90.61000061035156,89.66000366210938,90.13999938964844,36875000
2018-01-22,84.41371154785156,91.61000061035156,91.62000274658203,89.73999786376953,90.0,23601600
2018-01-23,84.68093872070312,91.9000015258789,92.30000305175781,91.54000091552734,91.9000015258789,23412800
2018-01-24,84.60723114013672,91.81999969482422,93.43000030517578,91.58000183105469,92.55000305175781,33277500
2018-01-25,85.07714080810547,92.33000183105469,93.23999786376953,91.93000030517578,92.47000122070312,26383200
2018-01-26,86.67125701904297,94.05999755859375,94.05999755859375,92.58000183105469,93.12000274658203,29172200
2018-01-29,86.54224395751953,93.91999816894531,95.44999694824219,93.72000122070312,95.13999938964844,31569900
2018-01-30,85.45496368408203,92.73999786376953,93.66000366210938,92.0999984741211,93.30000305175781,38635100
2018-01-31,87.5466537475586,95.01000213623047,95.4000015258789,93.51000213623047,93.75,48756300
2018-02-01,86.85556030273438,94.26000213623047,96.06999969482422,93.58000183105469,94.79000091552734,47227900
2018-02-02,84.57036590576172,91.77999877929688,93.97000122070312,91.5,93.63999938964844,47867800
2018-02-05,81.0873031616211,88.0,93.23999786376953,88.0,90.55999755859375,51031500
2018-02-06,84.1557388305664,91.33000183105469,91.4800033569336,85.25,86.88999938964844,67998600
2018-02-07,82.57081604003906,89.61000061035156,91.7699966430664,89.19999694824219,90.48999786376953,41107600
2018-02-08,78.33216094970703,85.01000213623047,89.87999725341797,84.76000213623047,89.70999908447266,55628700
2018-02-09,81.2531509399414,88.18000030517578,88.93000030517578,83.83000183105469,86.30000305175781,63499100
2018-02-12,82.12852478027344,89.12999725341797,89.77999877929688,87.93000030517578,88.73999786376953,35720300
2018-02-13,82.77355194091797,89.83000183105469,90.0,87.80000305175781,88.93000030517578,26407700
2018-02-14,84.06963348388672,90.80999755859375,90.98999786376953,88.41000366210938,88.51000213623047,34960900
2018-02-15,85.78231048583984,92.66000366210938,92.72000122070312,90.62000274658203,91.20999908447266,27823900
2018-02-16,85.17132568359375,92.0,93.5,91.80000305175781,92.44999694824219,30596900
2018-02-20,85.8378677368164,92.72000122070312,93.05999755859375,91.01000213623047,91.4800033569336,30911700
2018-02-21,84.69915008544922,91.48999786376953,93.36000061035156,91.48999786376953,92.9800033569336,26922500
2018-02-22,84.92135620117188,91.7300033569336,92.7300033569336,91.36000061035156,92.05000305175781,24392800
2018-02-23,87.07839965820312,94.05999755859375,94.06999969482422,92.36000061035156,93.5999984741211,26329200
2018-02-26,88.33744812011719,95.41999816894531,95.44999694824219,94.25,94.4000015258789,30199800
2018-02-27,87.20800018310547,94.19999694824219,95.83999633789062,94.19999694824219,95.73999786376953,25869100
2018-02-28,86.80992889404297,93.7699966430664,95.70999908447266,93.62999725341797,94.83999633789062,31167300
2018-03-01,85.95821380615234,92.8499984741211,94.56999969482422,91.83999633789062,93.98999786376953,37135600
2018-03-02,86.14337921142578,93.05000305175781,93.1500015258789,90.86000061035156,91.58000183105469,32830400
2018-03-05,86.68958282470703,93.63999938964844,94.2699966430664,92.26000213623047,92.33999633789062,23901600
2018-03-06,86.3933334350586,93.31999969482422,94.48999786376953,92.94000244140625,94.33999633789062,22175800
2018-03-07,86.89324951171875,93.86000061035156,93.94000244140625,92.43000030517578,93.16000366210938,26716100
2018-03-08,87.42095947265625,94.43000030517578,95.0999984741211,93.7699966430664,94.2699966430664,25887800
2018-03-09,89.37432861328125,96.54000091552734,96.54000091552734,95.0,95.29000091552734,36937300
2018-03-12,89.58724975585938,96.7699966430664,97.20999908447266,96.04000091552734,96.5,26073700
2018-03-13,87.40242004394531,94.41000366210938,97.23999786376953,93.97000122070312,97.0,35387800
2018-03-14,86.88399505615234,93.8499984741211,95.41000366210938,93.5,95.12000274658203,32132000
2018-03-15,87.18949127197266,94.18000030517578,94.58000183105469,92.83000183105469,93.52999877929688,27611000
2018-03-16,87.57831573486328,94.5999984741211,95.37999725341797,93.91999816894531,94.68000030517578,49081300
2018-03-19,85.9952392578125,92.88999938964844,93.9000015258789,92.11000061035156,93.73999786376953,33344100
2018-03-20,86.2174301147461,93.12999725341797,93.7699966430664,93.0,93.05000305175781,23075200
2018-03-21,85.61567687988281,92.4800033569336,94.05000305175781,92.20999908447266,92.93000030517578,24457100
2018-03-22,83.12533569335938,89.79000091552734,91.75,89.66000366210938,91.2699966430664,38604700
2018-03-23,80.70906066894531,87.18000030517578,90.45999908447266,87.08000183105469,89.5,44068900
2018-03-26,86.81918334960938,93.77999877929688,94.0,90.4000015258789,90.61000061035156,56396800
2018-03-27,82.8290786743164,89.47000122070312,95.13999938964844,88.51000213623047,94.94000244140625,56569000
2018-03-28,82.75503540039062,89.38999938964844,91.2300033569336,88.87000274658203,89.81999969482422,52501100
2018-03-29,84.49547576904297,91.2699966430664,92.29000091552734,88.4000015258789,90.18000030517578,45867500
2018-04-02,81.94960021972656,88.5199966430664,90.87999725341797,87.51000213623047,90.47000122070312,48515400
2018-04-03,83.05125427246094,89.70999908447266,90.05000305175781,87.88999938964844,89.58000183105469,37213800
2018-04-04,85.47679901123047,92.33000183105469,92.76000213623047,87.7300033569336,87.8499984741211,35560000
2018-04-05,85.52310180664062,92.37999725341797,93.06999969482422,91.4000015258789,92.44000244140625,29771900
2018-04-06,83.53267669677734,90.2300033569336,92.45999908447266,89.4800033569336,91.48999786376953,38026000
2018-04-09,84.03258514404297,90.7699966430664,93.16999816894531,90.62000274658203,91.04000091552734,31533900
2018-04-10,85.98597717285156,92.87999725341797,93.27999877929688,91.63999938964844,92.38999938964844,26812000
2018-04-11,85.04169464111328,91.86000061035156,93.29000091552734,91.4800033569336,92.01000213623047,24872100
2018-04-12,86.63401794433594,93.58000183105469,94.16000366210938,92.43000030517578,92.43000030517578,26758900
2018-04-13,86.1711196899414,93.08000183105469,94.18000030517578,92.44000244140625,94.05000305175781,23346100
2018-04-16,87.18022155761719,94.16999816894531,94.66000366210938,93.41999816894531,94.06999969482422,20288100
2018-04-17,88.939208984375,96.06999969482422,96.54000091552734,94.87999725341797,95.0,26771000
2018-04-18,89.28177642822266,96.44000244140625,96.72000122070312,95.5199966430664,96.22000122070312,21043300
2018-04-19,88.97624206542969,96.11000061035156,97.06999969482422,95.33999633789062,96.44000244140625,23552500
2018-04-20,87.94864654541016,95.0,96.11000061035156,94.05000305175781,95.91000366210938,31154400
2018-04-23,88.27265930175781,95.3499984741211,96.29000091552734,94.62999725341797,95.73999786376953,22331800
2018-04-24,86.20818328857422,93.12000274658203,96.47000122070312,92.41000366210938,96.23999786376953,34524800
2018-04-25,85.45828247070312,92.30999755859375,93.30000305175781,90.27999877929688,93.30000305175781,33729300
2018-04-26,87.26358032226562,94.26000213623047,95.1500015258789,93.0999984741211,93.55000305175781,42529000
2018-04-27,88.70777130126953,95.81999969482422,97.9000015258789,93.91000366210938,97.5999984741211,48272800
2018-04-30,86.57848358154297,93.5199966430664,96.4000015258789,93.1500015258789,96.33000183105469,41523600
2018-05-01,87.94864654541016,95.0,95.29000091552734,92.79000091552734,93.20999908447266,31408900
2018-05-02,86.5692367553711,93.51000213623047,95.16999816894531,93.19000244140625,94.98999786376953,27471000
2018-05-03,87.08765411376953,94.06999969482422,94.93000030517578,92.44999694824219,92.95999908447266,31142500
2018-05-04,88.09675598144531,95.16000366210938,95.37000274658203,92.91999816894531,93.31999969482422,22531300
2018-05-07,89.07806396484375,96.22000122070312,96.70999908447266,95.0999984741211,95.16999816894531,24242000
2018-05-08,88.69850158691406,95.80999755859375,96.16000366210938,95.05999755859375,95.8499984741211,23484600
2018-05-09,89.74463653564453,96.94000244140625,96.97000122070312,95.05000305175781,96.01000213623047,27327400
2018-05-10,90.64263153076172,97.91000366210938,97.94999694824219,97.05000305175781,97.45999908447266,22388100
2018-05-11,90.4482192993164,97.69999694824219,97.87000274658203,97.04000091552734,97.80000305175781,16778300
2018-05-14,90.75372314453125,98.02999877929688,98.69000244140625,97.30999755859375,97.91999816894531,19454100
2018-05-15,90.09642791748047,97.31999969482422,97.8499984741211,96.33999633789062,97.23999786376953,24594000
2018-05-16,90.32889556884766,97.1500015258789,97.4000015258789,96.62000274658203,97.36000061035156,17384700
2018-05-17,89.42696380615234,96.18000030517578,97.54000091552734,95.83000183105469,96.76000213623047,17246700
2018-05-18,89.59434509277344,96.36000061035156,96.93000030517578,96.01000213623047,96.01000213623047,17865800
2018-05-21,90.74728393554688,97.5999984741211,98.01000213623047,96.80000305175781,97.0,19422500
2018-05-22,90.654296875,97.5,98.16999816894531,97.19999694824219,97.68000030517578,15441200
2018-05-23,91.73284912109375,98.66000366210938,98.7300033569336,96.31999969482422,96.70999908447266,21251200
2018-05-24,91.40742492675781,98.30999755859375,98.94000244140625,96.80999755859375,98.7300033569336,26649300
2018-05-25,91.45392608642578,98.36000061035156,98.9800033569336,97.86000061035156,98.30000305175781,18363900
2018-05-29,91.12850189208984,98.01000213623047,98.87999725341797,97.2300033569336,97.83999633789062,28671000
2018-05-30,92.00248718261719,98.94999694824219,99.25,97.91000366210938,98.30999755859375,22158500
2018-05-31,91.9002456665039,98.83999633789062,99.98999786376953,98.61000061035156,99.29000091552734,34140900
2018-06-01,93.7132797241211,100.79000091552734,100.86000061035156,99.16999816894531,99.27999877929688,28655600
2018-06-04,94.53152465820312,101.66999816894531,101.86000061035156,100.8499984741211,101.26000213623047,27281600
2018-06-05,95.0150375366211,102.19000244140625,102.33000183105469,101.52999877929688,102.0,23514400
2018-06-06,95.29393768310547,102.48999786376953,102.5999984741211,101.9000015258789,102.4800033569336,21122900
2018-06-07,93.79698181152344,100.87999725341797,102.69000244140625,100.37999725341797,102.6500015258789,28232200
2018-06-08,94.49430847167969,101.62999725341797,101.94999694824219,100.54000091552734,101.08999633789062,22165100
2018-06-11,93.95503997802734,101.05000305175781,101.58999633789062,100.66999816894531,101.01000213623047,23490900
2018-06-12,94.19679260253906,101.30999755859375,101.44999694824219,100.75,101.0999984741211,18325200
2018-06-13,93.76909637451172,100.8499984741211,102.01000213623047,100.55999755859375,101.72000122070312,29492900
2018-06-14,94.2990493774414,101.41999816894531,102.02999877929688,101.0,101.6500015258789,25691800
2018-06-15,93.09963989257812,100.12999725341797,101.52999877929688,100.06999969482422,101.51000213623047,65738600
2018-06-18,93.77838897705078,100.86000061035156,101.11000061035156,99.41999816894531,100.01000213623047,23586000
2018-06-19,93.77838897705078,100.86000061035156,101.0,99.5,99.6500015258789,28653100
2018-06-20,94.71748352050781,101.87000274658203,102.5199966430664,101.12000274658203,101.37000274658203,26180800
2018-06-21,94.0387191772461,101.13999938964844,102.45999908447266,100.87999725341797,102.08000183105469,23198200
2018-06-22,93.35999298095703,100.41000366210938,100.7699966430664,99.62999725341797,100.41000366210938,38923100
2018-06-25,91.48180389404297,98.38999938964844,100.11000061035156,97.30000305175781,100.0,35433300
2018-06-26,92.12335968017578,99.08000183105469,100.08000183105469,98.75,98.81999969482422,26897200
2018-06-27,90.69148254394531,97.54000091552734,100.0199966430664,97.4000015258789,99.58000183105469,31298400
2018-06-28,91.70497131347656,98.62999725341797,99.11000061035156,97.26000213623047,97.37999725341797,26650700
2018-06-29,91.6863784790039,98.61000061035156,99.91000366210938,98.33000183105469,98.93000030517578,28053200
2018-07-02,92.98806762695312,100.01000213623047,100.05999755859375,98.0,98.0999984741211,19564500
2018-07-03,92.095458984375,99.05000305175781,100.62999725341797,98.94000244140625,100.4800033569336,14670300
2018-07-05,92.75562286376953,99.76000213623047,99.91999816894531,99.02999877929688,99.5,18977400
2018-07-06,94.05732727050781,101.16000366210938,101.43000030517578,99.66999816894531,99.88999938964844,19234600
2018-07-09,94.69889068603516,101.8499984741211,102.25,101.25,101.6500015258789,18212000
2018-07-10,94.94993591308594,102.12000274658203,102.51000213623047,101.86000061035156,102.0,19293100
2018-07-11,94.81975555419922,101.9800033569336,102.33999633789062,101.0999984741211,101.1500015258789,19644600
2018-07-12,96.87458801269531,104.19000244140625,104.41000366210938,102.7300033569336,102.7699966430664,24335900
2018-07-13,98.02751922607422,105.43000030517578,105.5999984741211,104.08999633789062,104.37000274658203,24635200
2018-07-16,97.54403686523438,104.91000366210938,105.81999969482422,104.5199966430664,105.4000015258789,21786900
2018-07-17,98.51099395751953,105.94999694824219,106.5,104.31999969482422,104.61000061035156,25901700
2018-07-18,97.7392807006836,105.12000274658203,106.05000305175781,104.72000122070312,105.94000244140625,29493900
2018-07-19,97.0698471069336,104.4000015258789,105.30999755859375,103.88999938964844,104.93000030517578,40171600
2018-07-20,98.80852508544922,106.2699966430664,108.19999694824219,106.08000183105469,108.08000183105469,56004000
2018-07-23,100.3891830444336,107.97000122070312,108.13999938964844,106.12999725341797,106.30000305175781,29707000
2018-07-24,100.1009521484375,107.66000366210938,108.81999969482422,107.26000213623047,108.56999969482422,26316600
2018-07-25,103.04837799072266,110.83000183105469,111.1500015258789,107.5999984741211,107.95999908447266,30702100
2018-07-26,101.92330932617188,109.62000274658203,111.0,109.5,110.73999786376953,31372100
2018-07-27,100.11954498291016,107.68000030517578,110.18000030517578,106.13999938964844,110.18000030517578,37005300
2018-07-30,97.97174072265625,105.37000274658203,107.52999877929688,104.76000213623047,107.19000244140625,34668300
2018-07-31,98.63189697265625,106.08000183105469,106.72000122070312,105.37999725341797,106.48999786376953,27655200
2018-08-01,98.81781768798828,106.27999877929688,106.44999694824219,105.41999816894531,106.02999877929688,23628700
2018-08-02,100.01725006103516,107.56999969482422,108.08999633789062,104.83999633789062,105.4000015258789,26104300
2018-08-03,100.45426177978516,108.04000091552734,108.05000305175781,106.81999969482422,107.80000305175781,18659600
2018-08-06,100.5379409790039,108.12999725341797,108.41999816894531,107.55999755859375,108.12000274658203,20265900
2018-08-07,101.23527526855469,108.87999725341797,109.0999984741211,108.16999816894531,108.55999755859375,16080200
2018-08-08,101.80244445800781,109.48999786376953,109.75,108.76000213623047,109.33000183105469,15487500
2018-08-09,101.96980285644531,109.66999816894531,110.16000366210938,109.5999984741211,109.70999908447266,13677200
2018-08-10,101.34684753417969,109.0,109.69000244140625,108.37999725341797,109.41999816894531,18183700
2018-08-13,100.61233520507812,108.20999908447266,109.58000183105469,108.0999984741211,109.23999786376953,18472500
2018-08-14,101.86753845214844,109.55999755859375,109.75,108.04000091552734,108.55999755859375,16788300
2018-08-15,100.48616027832031,107.66000366210938,108.98999786376953,106.81999969482422,108.48999786376953,29982800
2018-08-16,100.46749114990234,107.63999938964844,108.86000061035156,107.30000305175781,108.30000305175781,21384300
2018-08-17,100.41149139404297,107.58000183105469,107.9000015258789,106.69000244140625,107.36000061035156,18061500
2018-08-20,99.74881744384766,106.87000274658203,107.9000015258789,106.4800033569336,107.51000213623047,17914200
2018-08-21,98.9181137084961,105.9800033569336,107.3499984741211,105.8499984741211,106.91999816894531,22881900
2018-08-22,99.92613220214844,107.05999755859375,107.33999633789062,105.77999877929688,105.8499984741211,18000600
2018-08-23,100.39281463623047,107.55999755859375,108.18000030517578,106.87000274658203,107.1500015258789,18167700
2018-08-24,101.17684936523438,108.4000015258789,108.55999755859375,107.55999755859375,107.66999816894531,17234000
2018-08-27,102.29690551757812,109.5999984741211,109.63999938964844,108.51000213623047,109.2699966430664,19662300
2018-08-28,102.91291809082031,110.26000213623047,110.5,109.79000091552734,109.94000244140625,19151500
2018-08-29,104.55563354492188,112.0199966430664,112.02999877929688,110.2699966430664,110.44999694824219,20818000
2018-08-30,104.49029541015625,111.94999694824219,112.61000061035156,111.44000244140625,111.66999816894531,22798700
2018-08-31,104.8449935913086,112.33000183105469,112.77999877929688,111.5199966430664,111.69000244140625,23222700
2018-09-04,104.26628875732422,111.70999908447266,111.95999908447266,110.22000122070312,110.8499984741211,22634600
2018-09-05,101.2608642578125,108.48999786376953,111.41999816894531,108.0999984741211,111.01000213623047,32872400
2018-09-06,101.49419403076172,108.73999786376953,108.98999786376953,107.51000213623047,108.25,23477600
2018-09-07,100.99954223632812,108.20999908447266,108.72000122070312,107.2300033569336,108.2300033569336,22498600
2018-09-10,102.09153747558594,109.37999725341797,109.63999938964844,108.36000061035156,108.83999633789062,20727900
2018-09-11,103.82759094238281,111.23999786376953,111.58999633789062,108.88999938964844,108.9000015258789,24301800
2018-09-12,104.26628875732422,111.70999908447266,111.8499984741211,110.51000213623047,111.43000030517578,18891100
2018-09-13,105.3863525390625,112.91000366210938,113.7300033569336,112.12000274658203,112.12000274658203,26055600
2018-09-14,105.81566619873047,113.37000274658203,113.7300033569336,112.44000244140625,113.36000061035156,19122300
2018-09-17,104.66764068603516,112.13999938964844,113.69999694824219,111.86000061035156,113.69000244140625,20736500
2018-09-18,105.6663589477539,113.20999908447266,113.69999694824219,111.72000122070312,112.19000244140625,22170900
2018-09-19,104.25695037841797,111.69999694824219,113.31999969482422,111.04000091552734,113.05000305175781,21728400
2018-09-20,106.00234985351562,113.56999969482422,113.80000305175781,111.93000030517578,112.27999877929688,23714500
2018-09-21,106.64639282226562,114.26000213623047,115.29000091552734,113.51000213623047,114.0,71229700
2018-09-24,107.02906036376953,114.66999816894531,114.9000015258789,112.22000122070312,113.02999877929688,27334500
2018-09-25,106.8237075805664,114.44999694824219,115.0999984741211,113.75,114.80000305175781,22668000
2018-09-26,106.38504028320312,113.9800033569336,115.05999755859375,113.73999786376953,114.47000122070312,19352000
2018-09-27,106.786376953125,114.41000366210938,114.91000366210938,114.19999694824219,114.77999877929688,19091300
2018-09-28,106.74903869628906,114.37000274658203,114.56999969482422,113.68000030517578,114.19000244140625,21647800
2018-10-01,107.90641784667969,115.61000061035156,115.68000030517578,114.7300033569336,114.75,18883100
2018-10-02,107.47705841064453,115.1500015258789,115.83999633789062,114.44000244140625,115.30000305175781,20787200
2018-10-03,107.49573516845703,115.16999816894531,116.18000030517578,114.93000030517578,115.41999816894531,16648000
2018-10-04,105.27433013916016,112.79000091552734,114.76000213623047,111.62999725341797,114.61000061035156,34821700
2018-10-05,104.65831756591797,112.12999725341797,113.16999816894531,110.63999938964844,112.62999725341797,29068900
2018-10-08,103.46358489990234,110.8499984741211,112.02999877929688,109.33999633789062,111.66000366210938,29640600
2018-10-09,104.77964782714844,112.26000213623047,113.08000183105469,110.80000305175781,111.13999938964844,26198600
2018-10-10,99.08611297607422,106.16000366210938,111.5,105.79000091552734,111.23999786376953,61376300
2018-10-11,98.852783203125,105.91000366210938,108.93000030517578,104.19999694824219,105.3499984741211,63904300
2018-10-12,102.26887512207031,109.56999969482422,111.23999786376953,107.12000274658203,109.01000213623047,47742100
2018-10-15,100.43016052246094,107.5999984741211,109.4800033569336,106.94999694824219,108.91000366210938,32068100
2018-10-16,103.60358428955078,111.0,111.41000366210938,108.94999694824219,109.54000091552734,31610200
2018-10-17,103.33292388916016,110.70999908447266,111.80999755859375,109.55000305175781,111.68000030517578,26548200
2018-10-18,101.27018737792969,108.5,110.52999877929688,107.83000183105469,110.0999984741211,32506200
2018-10-19,101.41952514648438,108.66000366210938,110.86000061035156,108.20999908447266,108.93000030517578,32785500
2018-10-22,102.32486724853516,109.62999725341797,110.54000091552734,108.23999786376953,109.31999969482422,26545600
2018-10-23,100.89686584472656,108.0999984741211,108.97000122070312,105.11000061035156,107.7699966430664,43770400
2018-10-24,95.50199127197266,102.31999969482422,108.48999786376953,101.58999633789062,108.41000366210938,63897800
2018-10-25,101.08351135253906,108.30000305175781,109.2699966430664,106.1500015258789,106.55000305175781,61646800
2018-10-26,99.83280181884766,106.95999908447266,108.75,104.76000213623047,105.69000244140625,55523100
2018-10-29,96.93004608154297,103.8499984741211,108.69999694824219,101.62999725341797,108.11000061035156,55162000
2018-10-30,96.81803131103516,103.7300033569336,104.37999725341797,100.11000061035156,103.66000366210938,65350900
2018-10-31,99.69281005859375,106.80999755859375,108.13999938964844,105.38999938964844,105.44000244140625,51062400
2018-11-01,98.86210632324219,105.91999816894531,107.31999969482422,105.52999877929688,107.05000305175781,33384200
2018-11-02,99.08611297607422,106.16000366210938,107.31999969482422,104.9800033569336,106.4800033569336,37680200
2018-11-05,100.3461685180664,107.51000213623047,107.73999786376953,105.9000015258789,106.37000274658203,27922100
2018-11-06,100.54218292236328,107.72000122070312,108.83999633789062,106.27999877929688,107.37999725341797,24340200
2018-11-07,104.49962615966797,111.95999908447266,112.23999786376953,109.4000015258789,109.44000244140625,37901700
2018-11-08,104.30362701416016,111.75,112.20999908447266,110.91000366210938,111.80000305175781,25644100
2018-11-09,102.26887512207031,109.56999969482422,111.44999694824219,108.76000213623047,110.8499984741211,32039200
2018-11-12,99.74881744384766,106.87000274658203,109.95999908447266,106.0999984741211,109.41999816894531,33621800
2018-11-13,99.81412506103516,106.94000244140625,108.73999786376953,106.63999938964844,107.55000305175781,35374600
2018-11-14,98.39866638183594,104.97000122070312,108.26000213623047,104.47000122070312,108.0999984741211,39495100
2018-11-15,100.56405639648438,107.27999877929688,107.80000305175781,103.91000366210938,104.98999786376953,38505200
2018-11-16,101.51082611083984,108.29000091552734,108.87999725341797,106.80000305175781,107.08000183105469,33502100
2018-11-19,98.07059478759766,104.62000274658203,108.55999755859375,103.55000305175781,108.2699966430664,44773900
2018-11-20,95.34273529052734,101.70999908447266,102.97000122070312,99.3499984741211,101.80000305175781,64052500
2018-11-21,96.65509033203125,103.11000061035156,104.43000030517578,102.23999786376953,103.5999984741211,28130600
2018-11-23,96.61759948730469,103.06999969482422,103.80999755859375,102.0,102.16999816894531,13823100
2018-11-26,99.80476379394531,106.47000122070312,106.62999725341797,104.58000183105469,104.79000091552734,32336200
2018-11-27,100.43282318115234,107.13999938964844,107.33000183105469,105.36000061035156,106.2699966430664,29124500
2018-11-28,104.16366577148438,111.12000274658203,111.33000183105469,107.86000061035156,107.88999938964844,46788500
2018-11-29,103.29188537597656,110.19000244140625,111.12000274658203,109.02999877929688,110.33000183105469,28123200
2018-11-30,103.94805145263672,110.88999938964844,110.97000122070312,109.36000061035156,110.69999694824219,33665600
2018-12-03,105.07293701171875,112.08999633789062,113.41999816894531,110.7300033569336,113.0,34732800
2018-12-04,101.7264404296875,108.5199966430664,112.63999938964844,108.20999908447266,111.94000244140625,45197000
2018-12-06,102.35448455810547,109.19000244140625,109.23999786376953,105.0,105.81999969482422,49107400
2018-12-07,98.258056640625,104.81999969482422,109.44999694824219,104.30000305175781,108.37999725341797,45044900
2018-12-10,100.85465240478516,107.58999633789062,107.9800033569336,103.88999938964844,104.80000305175781,40801500
2018-12-11,101.79203796386719,108.58999633789062,110.94999694824219,107.44000244140625,109.80000305175781,42381900
2018-12-12,102.25137329101562,109.08000183105469,111.2699966430664,109.04000091552734,110.88999938964844,36183000
2018-12-13,102.59819030761719,109.44999694824219,110.87000274658203,108.62999725341797,109.58000183105469,31333400
2018-12-14,99.3923110961914,106.02999877929688,109.26000213623047,105.5,108.25,47043100
2018-12-17,96.4488754272461,102.88999938964844,105.80000305175781,101.70999908447266,105.41000366210938,56957300
2018-12-18,97.46127319335938,103.97000122070312,104.51000213623047,102.5199966430664,103.75,49319200
2018-12-19,97.19881439208984,103.69000244140625,106.87999725341797,101.3499984741211,103.6500015258789,68198200
2018-12-20,95.1552734375,101.51000213623047,104.30999755859375,98.77999877929688,103.05000305175781,70334200
2018-12-21,92.08061981201172,98.2300033569336,103.0,97.45999908447266,101.62999725341797,111242100
2018-12-24,88.23724365234375,94.12999725341797,97.97000122070312,93.9800033569336,97.68000030517578,43935200
2018-12-26,94.2647476196289,100.55999755859375,100.69000244140625,93.95999908447266,95.13999938964844,51634800
2018-12-27,94.8459243774414,101.18000030517578,101.19000244140625,96.4000015258789,99.30000305175781,49498500
2018-12-28,94.10537719726562,100.38999938964844,102.41000366210938,99.5199966430664,102.08999633789062,38196300
2018-12-31,95.21150970458984,101.56999969482422,102.4000015258789,100.44000244140625,101.29000091552734,33173800
2019-01-02,94.78970336914062,101.12000274658203,101.75,98.94000244140625,99.55000305175781,35329300
2019-01-03,91.30258178710938,97.4000015258789,100.19000244140625,97.19999694824219,100.0999984741211,42579100
2019-01-04,95.54898071289062,101.93000030517578,102.51000213623047,98.93000030517578,99.72000122070312,44060600
2019-01-07,95.67085266113281,102.05999755859375,103.2699966430664,100.9800033569336,101.63999938964844,35656100
2019-01-08,96.36453247070312,102.80000305175781,103.97000122070312,101.70999908447266,103.04000091552734,31514400
2019-01-09,97.74248504638672,104.2699966430664,104.87999725341797,103.23999786376953,103.86000061035156,32280800
2019-01-10,97.11441802978516,103.5999984741211,103.75,102.37999725341797,103.22000122070312,30067600
2019-01-11,96.36453247070312,102.80000305175781,103.44000244140625,101.63999938964844,103.19000244140625,28314200
2019-01-14,95.66146087646484,102.05000305175781,102.87000274658203,101.26000213623047,101.9000015258789,28437100
2019-01-15,98.43616485595703,105.01000213623047,105.05000305175781,101.87999725341797,102.51000213623047,31587600
2019-01-16,98.78298950195312,105.37999725341797,106.26000213623047,104.95999908447266,105.26000213623047,29853900
2019-01-17,99.4766845703125,106.12000274658203,106.62999725341797,104.76000213623047,105.0,28393000
2019-01-18,100.9671401977539,107.70999908447266,107.9000015258789,105.91000366210938,107.45999908447266,37427600
2019-01-22,99.0642318725586,105.68000030517578,107.0999984741211,104.86000061035156,106.75,32371300
2019-01-23,100.0297622680664,106.70999908447266,107.04000091552734,105.33999633789062,106.12000274658203,25874300
2019-01-24,99.55167388916016,106.19999694824219,107.0,105.33999633789062,106.86000061035156,23164800
2019-01-25,100.46092987060547,107.16999816894531,107.87999725341797,106.19999694824219,107.23999786376953,31225600
2019-01-28,98.50175476074219,105.08000183105469,106.4800033569336,104.66000366210938,106.26000213623047,29476700
2019-01-29,96.49575805664062,102.94000244140625,104.97000122070312,102.16999816894531,104.87999725341797,31490500
2019-01-30,99.72040557861328,106.37999725341797,106.37999725341797,104.33000183105469,104.62000274658203,49471900
2019-01-31,97.89246368408203,104.43000030517578,105.22000122070312,103.18000030517578,103.80000305175781,55636400
2019-02-01,96.34574890136719,102.77999877929688,104.0999984741211,102.3499984741211,103.77999877929688,35535700
2019-02-04,99.12045288085938,105.73999786376953,105.80000305175781,102.7699966430664,102.87000274658203,31315100
2019-02-05,100.50779724121094,107.22000122070312,107.2699966430664,105.95999908447266,106.05999755859375,27325400
2019-02-06,99.3923110961914,106.02999877929688,107.0,105.52999877929688,107.0,20609800
2019-02-07,98.67988586425781,105.2699966430664,105.58999633789062,104.29000091552734,105.19000244140625,29760700
2019-02-08,99.05482482910156,105.66999816894531,105.77999877929688,104.26000213623047,104.38999938964844,21461100
2019-02-11,98.6611328125,105.25,106.58000183105469,104.97000122070312,106.19999694824219,18914100
2019-02-12,100.19847869873047,106.88999938964844,107.13999938964844,105.4800033569336,106.13999938964844,25056600
2019-02-13,100.12348175048828,106.80999755859375,107.77999877929688,106.70999908447266,107.5,18394900
2019-02-14,100.20783996582031,106.9000015258789,107.29000091552734,105.66000366210938,106.30999755859375,21784700
2019-02-15,101.44520568847656,108.22000122070312,108.30000305175781,107.36000061035156,107.91000366210938,26606900
2019-02-19,101.39836120605469,108.16999816894531,108.66000366210938,107.77999877929688,107.79000091552734,18038500
2019-02-20,100.87116241455078,107.1500015258789,107.94000244140625,106.29000091552734,107.86000061035156,21607700
2019-02-21,102.99872589111328,109.41000366210938,109.4800033569336,106.87000274658203,106.9000015258789,29063200
2019-02-22,104.46729278564453,110.97000122070312,111.19999694824219,109.81999969482422,110.05000305175781,27763200
2019-02-25,105.05097961425781,111.58999633789062,112.18000030517578,111.26000213623047,111.76000213623047,23750600
2019-02-26,105.77584838867188,112.36000061035156,113.23999786376953,111.16999816894531,111.26000213623047,21536700
2019-02-27,105.59698486328125,112.16999816894531,112.36000061035156,110.87999725341797,111.69000244140625,21487100
2019-02-28,105.46520233154297,112.02999877929688,112.87999725341797,111.7300033569336,112.04000091552734,29083900
2019-03-01,105.93586730957031,112.52999877929688,113.0199966430664,111.66999816894531,112.88999938964844,23501200
2019-03-04,105.68170928955078,112.26000213623047,113.25,110.80000305175781,113.0199966430664,26608000
2019-03-05,105.15452575683594,111.69999694824219,112.38999938964844,111.2300033569336,112.25,19538300
2019-03-06,105.20159912109375,111.75,112.66000366210938,111.43000030517578,111.87000274658203,17687000
2019-03-07,103.92127990722656,110.38999938964844,111.55000305175781,109.87000274658203,111.4000015258789,25339000
2019-03-08,104.03428649902344,110.51000213623047,110.70999908447266,108.80000305175781,109.16000366210938,22818400
2019-03-11,106.21832275390625,112.83000183105469,112.94999694824219,110.9800033569336,110.98999786376953,26491600
2019-03-12,106.96202087402344,113.62000274658203,113.98999786376953,112.6500015258789,112.81999969482422,26132700
2019-03-13,107.79045867919922,114.5,115.0,113.77999877929688,114.12999725341797,35513800
2019-03-14,107.87516784667969,114.58999633789062,115.19999694824219,114.33000183105469,114.54000091552734,30763400
2019-03-15,109.11783599853516,115.91000366210938,117.25,114.58999633789062,115.33999633789062,54681100
2019-03-18,110.68057250976562,117.56999969482422,117.61000061035156,116.05000305175781,116.16999816894531,31207600
2019-03-19,110.755859375,117.6500015258789,118.44000244140625,116.98999786376953,118.08999633789062,37588700
2019-03-20,110.63348388671875,117.5199966430664,118.75,116.70999908447266,117.38999938964844,28113300
2019-03-21,113.17526245117188,120.22000122070312,120.81999969482422,117.08999633789062,117.13999938964844,29854400
2019-03-22,110.19103240966797,117.05000305175781,119.58999633789062,117.04000091552734,119.5,33624500
2019-03-25,110.76526641845703,117.66000366210938,118.01000213623047,116.31999969482422,116.55999755859375,27067100
2019-03-26,111.00064849853516,117.91000366210938,118.70999908447266,116.8499984741211,118.62000274658203,26097700
2019-03-27,109.92740631103516,116.7699966430664,118.20999908447266,115.5199966430664,117.87999725341797,22733400
2019-03-28,110.07806396484375,116.93000030517578,117.58000183105469,116.12999725341797,117.44000244140625,18334800
2019-03-29,111.02888488769531,117.94000244140625,118.31999969482422,116.95999908447266,118.06999969482422,25399800
2019-04-01,112.04559326171875,119.0199966430664,119.11000061035156,118.0999984741211,118.94999694824219,22789100
2019-04-02,112.20562744140625,119.19000244140625,119.4800033569336,118.5199966430664,119.05999755859375,18142300
2019-04-03,112.93988037109375,119.97000122070312,120.43000030517578,119.1500015258789,119.86000061035156,22860700
2019-04-04,112.36566925048828,119.36000061035156,120.2300033569336,118.37999725341797,120.0999984741211,20112800
2019-04-05,112.86459350585938,119.88999938964844,120.2300033569336,119.37000274658203,119.38999938964844,15826200
2019-04-08,112.90228271484375,119.93000030517578,120.0199966430664,118.63999938964844,119.80999755859375,15116200
2019-04-09,112.29035949707031,119.27999877929688,119.54000091552734,118.58000183105469,118.62999725341797,17612000
2019-04-10,113.14704132080078,120.19000244140625,120.3499984741211,119.54000091552734,119.76000213623047,16477200
2019-04-11,113.27882385253906,120.33000183105469,120.8499984741211,119.91999816894531,120.54000091552734,14209100
2019-04-12,113.86250305175781,120.94999694824219,120.9800033569336,120.37000274658203,120.63999938964844,19745100
2019-04-15,113.95663452148438,121.05000305175781,121.58000183105469,120.56999969482422,120.94000244140625,15792600
2019-04-16,113.69303131103516,120.7699966430664,121.6500015258789,120.0999984741211,121.63999938964844,14071800
2019-04-17,114.63444519042969,121.7699966430664,121.8499984741211,120.54000091552734,121.23999786376953,19300900
2019-04-18,116.14070129394531,123.37000274658203,123.5199966430664,121.30000305175781,122.19000244140625,27991000
2019-04-22,116.50782775878906,123.76000213623047,124.0,122.56999969482422,122.62000274658203,15648700
2019-04-23,118.08939361572266,125.44000244140625,125.58000183105469,123.83000183105469,124.0999984741211,24025500
2019-04-24,117.68457794189453,125.01000213623047,125.8499984741211,124.5199966430664,125.79000091552734,31257000
2019-04-25,121.58199310302734,129.14999389648438,131.3699951171875,128.8300018310547,130.05999755859375,38033900
2019-04-26,122.27861022949219,129.88999938964844,130.52000427246094,129.02000427246094,129.6999969482422,23654900
2019-04-29,122.16565704345703,129.77000427246094,130.17999267578125,129.35000610351562,129.89999389648438,16324200
2019-04-30,122.94701385498047,130.60000610351562,130.6999969482422,129.38999938964844,129.80999755859375,24166500
2019-05-01,120.38638305664062,127.87999725341797,130.64999389648438,127.69999694824219,130.52999877929688,26821700
2019-05-02,118.81427001953125,126.20999908447266,128.0,125.5199966430664,127.9800033569336,27350200
2019-05-03,121.34661102294922,128.89999389648438,129.42999267578125,127.25,127.36000061035156,24911100
2019-05-06,120.64060974121094,128.14999389648438,128.55999755859375,126.11000061035156,126.38999938964844,24239800
2019-05-07,118.16468811035156,125.5199966430664,127.18000030517578,124.22000122070312,126.45999908447266,36017700
2019-05-08,118.15528106689453,125.51000213623047,126.37000274658203,124.75,125.44000244140625,28419000
2019-05-09,118.1458740234375,125.5,125.79000091552734,123.56999969482422,124.29000091552734,27235800
2019-05-10,119.68035888671875,127.12999725341797,127.93000030517578,123.81999969482422,124.91000366210938,30915100
2019-05-13,116.12187194824219,123.3499984741211,125.55000305175781,123.04000091552734,124.11000061035156,33944900
2019-05-14,117.4209976196289,124.7300033569336,125.87999725341797,123.69999694824219,123.87000274658203,25266300
2019-05-15,119.07455444335938,126.0199966430664,126.70999908447266,123.69999694824219,124.26000213623047,24722700
2019-05-16,121.82416534423828,128.92999267578125,129.3800048828125,126.45999908447266,126.75,30112200
2019-05-17,121.01158142089844,128.07000732421875,130.4600067138672,127.91999816894531,128.30999755859375,25770500
2019-05-20,119.2635269165039,126.22000122070312,127.58999633789062,125.76000213623047,126.5199966430664,23706900
2019-05-21,119.90603637695312,126.9000015258789,127.52999877929688,126.58000183105469,127.43000030517578,15293300
2019-05-22,120.63359832763672,127.66999816894531,128.24000549316406,126.5199966430664,126.62000274658203,15396500
2019-05-23,119.22572326660156,126.18000030517578,126.29000091552734,124.73999786376953,126.19999694824219,23603800
2019-05-24,119.28240966796875,126.23999786376953,127.41999816894531,125.97000122070312,126.91000366210938,14123400
2019-05-28,119.20683288574219,126.16000366210938,128.0,126.05000305175781,126.9800033569336,23128400
2019-05-29,118.0540542602539,124.94000244140625,125.38999938964844,124.04000091552734,125.37999725341797,22763100
2019-05-30,118.800537109375,125.7300033569336,125.76000213623047,124.77999877929688,125.26000213623047,16829600
2019-05-31,116.86349487304688,123.68000030517578,124.62000274658203,123.31999969482422,124.2300033569336,26646800
2019-06-03,113.23515319824219,119.83999633789062,124.37000274658203,119.01000213623047,123.8499984741211,37983600
2019-06-04,116.3721923828125,123.16000366210938,123.27999877929688,120.6500015258789,121.27999877929688,29382600
2019-06-05,118.89503479003906,125.83000183105469,125.87000274658203,124.20999908447266,124.94999694824219,24926100
2019-06-06,120.77532958984375,127.81999969482422,127.97000122070312,125.5999984741211,126.44000244140625,21459000
2019-06-07,124.15798950195312,131.39999389648438,132.25,128.25999450683594,129.19000244140625,33885600
2019-06-10,125.29190826416016,132.60000610351562,134.0800018310547,132.0,132.39999389648438,26477100
2019-06-11,124.81946563720703,132.10000610351562,134.24000549316406,131.27999877929688,133.8800048828125,23913700
2019-06-12,124.24307250976562,131.49000549316406,131.97000122070312,130.7100067138672,131.39999389648438,17092500
2019-06-13,125.02730560302734,132.32000732421875,133.0,131.55999755859375,131.97999572753906,17200800
2019-06-14,125.15018463134766,132.4499969482422,133.7899932861328,131.63999938964844,132.25999450683594,17821700
2019-06-17,125.52813720703125,132.85000610351562,133.72999572753906,132.52999877929688,132.6300048828125,14517800
2019-06-18,127.71080780029297,135.16000366210938,135.24000549316406,133.57000732421875,134.19000244140625,25934500
2019-06-19,128.21163940429688,135.69000244140625,135.92999267578125,133.80999755859375,135.0,23744400
2019-06-20,129.40213012695312,136.9499969482422,137.66000366210938,135.72000122070312,137.4499969482422,33042600
2019-06-21,129.4210205078125,136.97000122070312,137.72999572753906,136.4600067138672,136.5800018310547,36727900
2019-06-24,130.18638610839844,137.77999877929688,138.39999389648438,137.0,137.0,20628800
2019-06-25,126.07611083984375,133.42999267578125,137.58999633789062,132.72999572753906,137.25,33327400
2019-06-26,126.548583984375,133.92999267578125,135.74000549316406,133.60000610351562,134.35000610351562,23657700
2019-06-27,126.75646209716797,134.14999389648438,134.7100067138672,133.50999450683594,134.13999938964844,16557500
2019-06-28,126.57697296142578,133.9600067138672,134.60000610351562,133.16000366210938,134.57000732421875,30043000
2019-07-01,128.2021484375,135.67999267578125,136.6999969482422,134.97000122070312,136.6300048828125,22613500
2019-07-02,129.05252075195312,136.5800018310547,136.58999633789062,135.33999633789062,136.1199951171875,15237800
2019-07-03,129.884033203125,137.4600067138672,137.74000549316406,136.2899932861328,136.8000030517578,13629300
2019-07-05,129.50608825683594,137.05999755859375,137.3300018310547,135.72000122070312,135.94000244140625,18141100
2019-07-08,129.41160583496094,136.9600067138672,137.10000610351562,135.3699951171875,136.39999389648438,16779700
2019-07-09,128.93914794921875,136.4600067138672,136.97000122070312,135.8000030517578,136.0,19953100
2019-07-10,130.2525634765625,137.85000610351562,138.5800018310547,137.02000427246094,137.1300048828125,24204400
2019-07-11,130.772216796875,138.39999389648438,139.22000122070312,137.8699951171875,138.1999969482422,22327900
2019-07-12,131.24465942382812,138.89999389648438,139.1300048828125,138.00999450683594,138.85000610351562,18936800
2019-07-15,131.24465942382812,138.89999389648438,139.5399932861328,138.4600067138672,139.44000244140625,16651500
2019-07-16,129.52499389648438,137.0800018310547,139.0500030517578,136.52000427246094,138.9600067138672,22726100
2019-07-17,128.75965881347656,136.27000427246094,137.92999267578125,136.22000122070312,137.6999969482422,20211000
2019-07-18,128.90138244628906,136.4199981689453,136.6199951171875,134.6699981689453,135.5500030517578,30381800
2019-07-19,129.09031677246094,136.6199951171875,140.6699981689453,136.4499969482422,140.22000122070312,48992400
2019-07-22,130.80056762695312,138.42999267578125,139.19000244140625,137.3300018310547,137.41000366210938,25074900
2019-07-23,131.6132049560547,139.2899932861328,139.99000549316406,138.02999877929688,139.75999450683594,18034600
2019-07-24,132.96435546875,140.72000122070312,140.74000549316406,138.85000610351562,138.89999389648438,20738300
2019-07-25,132.46356201171875,140.19000244140625,140.61000061035156,139.32000732421875,140.42999267578125,18356900
2019-07-26,133.55020141601562,141.33999633789062,141.67999267578125,140.3000030517578,140.3699951171875,19037600
2019-07-29,133.2572784423828,141.02999877929688,141.50999450683594,139.3699951171875,141.5,16605900
2019-07-30,132.6147918701172,140.35000610351562,141.22000122070312,139.8000030517578,140.13999938964844,16846500
2019-07-31,128.75965881347656,136.27000427246094,140.49000549316406,135.0800018310547,140.3300018310547,38598800
2019-08-01,130.45098876953125,138.05999755859375,140.94000244140625,136.92999267578125,137.0,40557500
2019-08-02,129.3549041748047,136.89999389648438,138.32000732421875,135.25999450683594,138.08999633789062,30791600
2019-08-05,124.92340850830078,132.2100067138672,133.92999267578125,130.77999877929688,133.3000030517578,42749600
2019-08-06,127.2667007446289,134.69000244140625,135.67999267578125,133.2100067138672,133.8000030517578,32696700
2019-08-07,127.82417297363281,135.27999877929688,135.64999389648438,131.8300018310547,133.7899932861328,33414500
2019-08-08,131.23524475097656,138.88999938964844,138.99000549316406,135.92999267578125,136.60000610351562,27496500
2019-08-09,130.1202392578125,137.7100067138672,139.3800048828125,136.4600067138672,138.61000061035156,23466700
2019-08-12,128.30606079101562,135.7899932861328,137.86000061035156,135.24000549316406,137.07000732421875,20484300
2019-08-13,130.9612274169922,138.60000610351562,138.8000030517578,135.0,136.0500030517578,25154600
2019-08-14,127.0173568725586,133.97999572753906,136.9199981689453,133.6699981689453,136.36000061035156,32527300
2019-08-15,126.73299407958984,133.67999267578125,134.5800018310547,132.25,134.38999938964844,28074400
2019-08-16,129.05567932128906,136.1300048828125,136.4600067138672,134.72000122070312,134.8800048828125,24449100
2019-08-19,131.21717834472656,138.41000366210938,138.5500030517578,136.88999938964844,137.85000610351562,24355700
2019-08-20,130.126953125,137.25999450683594,138.7100067138672,137.24000549316406,138.2100067138672,21170800
2019-08-21,131.57745361328125,138.7899932861328,139.49000549316406,138.0,138.5500030517578,14970300
2019-08-22,130.6199188232422,137.77999877929688,139.1999969482422,136.2899932861328,138.66000366210938,18697000
2019-08-23,126.45805358886719,133.38999938964844,138.35000610351562,132.8000030517578,137.19000244140625,38508600
2019-08-26,128.41099548339844,135.4499969482422,135.55999755859375,133.89999389648438,134.99000549316406,20312600
2019-08-27,128.68592834472656,135.74000549316406,136.72000122070312,134.66000366210938,136.38999938964844,23102100
2019-08-28,128.51527404785156,135.55999755859375,135.75999450683594,133.5500030517578,134.8800048828125,17393300
2019-08-29,130.94224548339844,138.1199951171875,138.44000244140625,136.91000366210938,137.25,20168700
2019-08-30,130.6957550048828,137.86000061035156,139.17999267578125,136.27000427246094,139.14999389648438,23940100
2019-09-03,128.9702911376953,136.0399932861328,137.1999969482422,135.6999969482422,136.61000061035156,18869300
2019-09-04,130.47769165039062,137.6300048828125,137.69000244140625,136.47999572753906,137.3000030517578,17995900
2019-09-05,132.77194213867188,140.0500030517578,140.3800048828125,138.75999450683594,139.11000061035156,26101800
2019-09-06,131.87132263183594,139.10000610351562,140.17999267578125,138.1999969482422,140.02999877929688,20824500
2019-09-09,130.3734588623047,137.52000427246094,139.75,136.4600067138672,139.58999633789062,25773900
2019-09-10,129.00823974609375,136.0800018310547,136.88999938964844,134.50999450683594,136.8000030517578,28903400
2019-09-11,129.04617309570312,136.1199951171875,136.27000427246094,135.08999633789062,135.91000366210938,24726100
2019-09-12,130.3734588623047,137.52000427246094,138.4199981689453,136.8699951171875,137.85000610351562,27010000
2019-09-13,130.18382263183594,137.32000732421875,138.05999755859375,136.57000732421875,137.77999877929688,23363100
2019-09-16,129.24526977539062,136.3300018310547,136.6999969482422,135.66000366210938,135.8300018310547,16731400
2019-09-17,130.25018310546875,137.38999938964844,137.52000427246094,136.42999267578125,136.9600067138672,17814200
2019-09-18,131.3214569091797,138.52000427246094,138.6699981689453,136.52999877929688,137.36000061035156,23982100
2019-09-19,133.73895263671875,141.07000732421875,142.3699951171875,140.07000732421875,140.3000030517578,35772100
2019-09-20,132.19363403320312,139.44000244140625,141.64999389648438,138.25,141.00999450683594,39167300
2019-09-23,131.9092254638672,139.13999938964844,139.6300048828125,138.44000244140625,139.22999572753906,17139300
2019-09-24,130.24069213867188,137.3800048828125,140.69000244140625,136.8800048828125,140.36000061035156,29773200
2019-09-25,132.11781311035156,139.36000061035156,139.9600067138672,136.02999877929688,137.5,21382000
2019-09-26,132.2884521484375,139.5399932861328,140.17999267578125,138.44000244140625,139.44000244140625,17456600
2019-09-27,130.5725555419922,137.72999572753906,140.36000061035156,136.64999389648438,140.14999389648438,22477700
2019-09-30,131.80499267578125,139.02999877929688,139.22000122070312,137.77999877929688,138.0500030517578,17280900
2019-10-01,129.94677734375,137.07000732421875,140.25,137.0,139.66000366210938,21466600
2019-10-02,127.65259552001953,134.64999389648438,136.3699951171875,133.5800018310547,136.25,30521700
2019-10-03,129.1978302001953,136.27999877929688,136.75,133.22000122070312,134.9499969482422,24132900
2019-10-04,130.94224548339844,138.1199951171875,138.25,136.4199981689453,136.75,22897700
2019-10-07,129.99424743652344,137.1199951171875,138.17999267578125,137.02000427246094,137.13999938964844,15303700
2019-10-08,128.6195831298828,135.6699981689453,137.75999450683594,135.6199951171875,137.0800018310547,25550500
2019-10-09,131.05601501464844,138.24000549316406,138.6999969482422,136.97000122070312,137.4600067138672,19749900
2019-10-10,131.87132263183594,139.10000610351562,139.6699981689453,138.25,138.49000549316406,17654600
2019-10-11,132.4211883544922,139.67999267578125,141.02999877929688,139.5,140.1199951171875,25446000
2019-10-14,132.29794311523438,139.5500030517578,140.2899932861328,139.52000427246094,139.69000244140625,13304300
2019-10-15,134.21295166015625,141.57000732421875,141.7899932861328,139.80999755859375,140.05999755859375,19695700
2019-10-16,133.11325073242188,140.41000366210938,140.99000549316406,139.52999877929688,140.7899932861328,20751600
2019-10-17,132.4307098388672,139.69000244140625,141.4199981689453,139.02000427246094,140.9499969482422,21460600
2019-10-18,130.2691650390625,137.41000366210938,140.0,136.55999755859375,139.75999450683594,32273500
2019-10-21,131.23609924316406,138.42999267578125,138.5,137.00999450683594,138.4499969482422,20078200
2019-10-22,129.283203125,136.3699951171875,140.00999450683594,136.25999450683594,138.97000122070312,27431000
2019-10-23,130.1079864501953,137.24000549316406,137.4499969482422,135.61000061035156,136.8800048828125,29844600
2019-10-24,132.6676788330078,139.94000244140625,140.4199981689453,138.6699981689453,139.38999938964844,37029300
2019-10-25,133.4166259765625,140.72999572753906,141.13999938964844,139.1999969482422,139.33999633789062,25959700
2019-10-28,136.69680786132812,144.19000244140625,145.6699981689453,143.50999450683594,144.39999389648438,35280100
2019-10-29,135.40748596191406,142.8300018310547,144.5,142.64999389648438,144.0800018310547,20589500
2019-10-30,137.09500122070312,144.61000061035156,145.0,142.7899932861328,143.52000427246094,18496600
2019-10-31,135.9193878173828,143.3699951171875,144.92999267578125,142.99000549316406,144.89999389648438,24605100
2019-11-01,136.25125122070312,143.72000122070312,144.4199981689453,142.97000122070312,144.25999450683594,33128400
2019-11-04,137.03810119628906,144.5500030517578,145.0,144.16000366210938,144.8300018310547,16912000
2019-11-05,136.95277404785156,144.4600067138672,145.02000427246094,143.91000366210938,144.97000122070312,18250200
2019-11-06,136.57354736328125,144.05999755859375,144.52000427246094,143.1999969482422,144.3699951171875,16575800
2019-11-07,136.76318359375,144.25999450683594,144.8800048828125,143.77000427246094,143.83999633789062,17786700
2019-11-08,138.37478637695312,145.9600067138672,145.99000549316406,143.75999450683594,143.97999572753906,16732700
2019-11-11,138.51702880859375,146.11000061035156,146.4199981689453,144.72999572753906,145.33999633789062,14362600
2019-11-12,139.4271697998047,147.07000732421875,147.57000732421875,146.05999755859375,146.27999877929688,18641600
2019-11-13,139.65464782714844,147.30999755859375,147.4600067138672,146.27999877929688,146.74000549316406,16919200
2019-11-14,140.36572265625,148.05999755859375,148.41000366210938,147.0,147.02000427246094,19729800
2019-11-15,142.1763916015625,149.97000122070312,149.99000549316406,148.27000427246094,148.92999267578125,23485700
2019-11-18,142.5272216796875,150.33999633789062,150.5500030517578,148.97999572753906,150.07000732421875,21534000
2019-11-19,142.5745849609375,150.38999938964844,151.3300018310547,150.1999969482422,150.8800048828125,23935700
2019-11-20,142.32728576660156,149.6199951171875,150.83999633789062,148.4600067138672,150.30999755859375,25696800
2019-11-21,142.19407653808594,149.47999572753906,149.8000030517578,148.5,149.39999389648438,18576100
2019-11-22,142.2987823486328,149.58999633789062,150.3000030517578,148.82000732421875,150.07000732421875,15901800
2019-11-25,143.85882568359375,151.22999572753906,151.35000610351562,149.9199981689453,150.0,22420900
2019-11-26,144.61981201171875,152.02999877929688,152.4199981689453,151.32000732421875,151.36000061035156,24620100
2019-11-27,144.8956756591797,152.32000732421875,152.5,151.52000427246094,152.3300018310547,15184400
2019-11-29,144.00149536132812,151.3800048828125,152.3000030517578,151.27999877929688,152.10000610351562,11977300
2019-12-02,142.2607421875,149.5500030517578,151.8300018310547,148.32000732421875,151.80999755859375,27418400
2019-12-03,142.03236389160156,149.30999755859375,149.42999267578125,146.64999389648438,147.49000549316406,24066000
2019-12-04,142.54608154296875,149.85000610351562,150.17999267578125,149.1999969482422,150.13999938964844,17574700
2019-12-05,142.6221923828125,149.92999267578125,150.32000732421875,149.47999572753906,150.0500030517578,17869100
2019-12-06,144.35348510742188,151.75,151.8699951171875,150.27000427246094,150.99000549316406,16403500
2019-12-09,143.98248291015625,151.36000061035156,152.2100067138672,150.91000366210938,151.07000732421875,16687400
2019-12-10,143.76370239257812,151.1300048828125,151.88999938964844,150.75999450683594,151.2899932861328,16476100
2019-12-11,144.30589294433594,151.6999969482422,151.8699951171875,150.3300018310547,151.5399932861328,18856600
2019-12-12,145.77084350585938,153.24000549316406,153.44000244140625,151.02000427246094,151.64999389648438,24612100
2019-12-13,146.99795532226562,154.52999877929688,154.88999938964844,152.8300018310547,153.0,23845400
2019-12-16,147.94920349121094,155.52999877929688,155.89999389648438,154.82000732421875,155.11000061035156,24144200
2019-12-17,147.150146484375,154.69000244140625,155.7100067138672,154.4499969482422,155.4499969482422,25425600
2019-12-18,146.84579467773438,154.3699951171875,155.47999572753906,154.17999267578125,154.3000030517578,24129200
2019-12-19,148.1204833984375,155.7100067138672,155.77000427246094,153.75,154.0,24958900
2019-12-20,149.7376251220703,157.41000366210938,158.49000549316406,156.2899932861328,157.35000610351562,53477500
2019-12-23,149.7376251220703,157.41000366210938,158.1199951171875,157.27000427246094,158.1199951171875,17718200
2019-12-24,149.7090301513672,157.3800048828125,157.7100067138672,157.1199951171875,157.47999572753906,8989200
2019-12-26,150.9361572265625,158.6699981689453,158.72999572753906,157.39999389648438,157.55999755859375,14520600
2019-12-27,151.21205139160156,158.9600067138672,159.5500030517578,158.22000122070312,159.4499969482422,18412800
2019-12-30,149.90879821777344,157.58999633789062,159.02000427246094,156.72999572753906,158.99000549316406,16348400
2019-12-31,150.01345825195312,157.6999969482422,157.77000427246094,156.4499969482422,156.77000427246094,18369400
2020-01-02,152.79112243652344,160.6199951171875,160.72999572753906,158.3300018310547,158.77999877929688,22622100
2020-01-03,150.8886260986328,158.6199951171875,159.9499969482422,158.05999755859375,158.32000732421875,21116200
2020-01-06,151.27862548828125,159.02999877929688,159.10000610351562,156.50999450683594,157.0800018310547,20813700
2020-01-07,149.89932250976562,157.5800018310547,159.6699981689453,157.32000732421875,159.32000732421875,21634100
2020-01-08,152.2869415283203,160.08999633789062,160.8000030517578,157.9499969482422,158.92999267578125,27746500
2020-01-09,154.18946838378906,162.08999633789062,162.22000122070312,161.02999877929688,161.83999633789062,21385000
2020-01-10,153.47604370117188,161.33999633789062,163.22000122070312,161.17999267578125,162.82000732421875,20725900
2020-01-13,155.3214874267578,163.27999877929688,163.30999755859375,161.25999450683594,161.75999450683594,21626500
2020-01-14,154.2275390625,162.1300048828125,163.60000610351562,161.72000122070312,163.38999938964844,23477400
2020-01-15,155.2263641357422,163.17999267578125,163.94000244140625,162.57000732421875,162.6199951171875,21417900
2020-01-16,158.07061767578125,166.1699981689453,166.24000549316406,164.02999877929688,164.35000610351562,23865400
2020-01-17,158.9552764892578,167.10000610351562,167.47000122070312,165.42999267578125,167.4199981689453,34371700
2020-01-21,158.3845672607422,166.5,168.19000244140625,166.42999267578125,166.67999267578125,29517200
2020-01-22,157.62351989746094,165.6999969482422,167.49000549316406,165.67999267578125,167.39999389648438,24138800
2020-01-23,158.5937957763672,166.72000122070312,166.8000030517578,165.27000427246094,166.19000244140625,19680800
2020-01-24,156.99566650390625,165.0399932861328,167.52999877929688,164.4499969482422,167.50999450683594,24918100
2020-01-27,154.37022399902344,162.27999877929688,163.3800048828125,160.1999969482422,161.14999389648438,32078100
2020-01-28,157.39524841308594,165.4600067138672,165.75999450683594,163.07000732421875,163.77999877929688,24899900
2020-01-29,159.84945678710938,168.0399932861328,168.75,165.69000244140625,167.83999633789062,34754500
2020-01-30,164.3584442138672,172.77999877929688,174.0500030517578,170.7899932861328,174.0500030517578,51597500
2020-01-31,161.93272399902344,170.22999572753906,172.39999389648438,169.5800018310547,172.2100067138672,36142700
2020-02-03,165.88043212890625,174.3800048828125,174.5,170.39999389648438,170.42999267578125,30107000
2020-02-04,171.3406982421875,180.1199951171875,180.63999938964844,176.30999755859375,177.13999938964844,36433300
2020-02-05,171.1313934326172,179.89999389648438,184.1999969482422,178.41000366210938,184.02999877929688,39186300
2020-02-06,174.67955017089844,183.6300048828125,183.82000732421875,180.05999755859375,180.97000122070312,27751400
2020-02-07,174.92686462402344,183.88999938964844,185.6300048828125,182.47999572753906,182.85000610351562,33529100
2020-02-10,179.50244140625,188.6999969482422,188.83999633789062,183.25,183.5800018310547,35844300
2020-02-11,175.45010375976562,184.44000244140625,190.6999969482422,183.5,190.64999389648438,53159900
2020-02-12,175.7069549560547,184.7100067138672,185.85000610351562,181.85000610351562,185.5800018310547,47062900
2020-02-13,174.7556915283203,183.7100067138672,186.22999572753906,182.8699951171875,183.0800018310547,35295800
2020-02-14,176.31573486328125,185.35000610351562,185.41000366210938,182.64999389648438,183.25,23149500
2020-02-18,178.10409545898438,187.22999572753906,187.6999969482422,185.5,185.61000061035156,27792200
2020-02-19,178.6383056640625,187.27999877929688,188.17999267578125,186.47000122070312,188.05999755859375,29997500
2020-02-20,175.91024780273438,184.4199981689453,187.25,181.10000610351562,186.9499969482422,36862400
2020-02-21,170.34922790527344,178.58999633789062,183.5,177.25,183.1699981689453,48572600
2020-02-24,163.00457763671875,170.88999938964844,174.5500030517578,163.22999572753906,167.77000427246094,68311100
2020-02-25,160.31471252441406,168.07000732421875,174.83999633789062,167.64999389648438,174.1999969482422,68073300
2020-02-26,162.3177490234375,170.1699981689453,173.25999450683594,168.2100067138672,169.7100067138672,56206100
2020-02-27,150.8810272216797,158.17999267578125,167.02999877929688,157.97999572753906,163.32000732421875,93174900
2020-02-28,154.5343475341797,162.00999450683594,163.7100067138672,152.0,152.41000366210938,97012700
2020-03-02,164.81690979003906,172.7899932861328,172.9199981689453,162.30999755859375,165.30999755859375,71030800
2020-03-03,156.91893005371094,164.50999450683594,175.0,162.25999450683594,173.8000030517578,71677000
2020-03-04,162.68023681640625,170.5500030517578,170.6999969482422,165.6199951171875,168.49000549316406,49814400
2020-03-05,158.59771728515625,166.27000427246094,170.8699951171875,165.69000244140625,166.0500030517578,47817300
2020-03-06,154.1146240234375,161.57000732421875,163.11000061035156,156.0,162.61000061035156,72821100
2020-03-09,143.6698760986328,150.6199951171875,157.75,150.0,151.0,70419300
2020-03-10,153.49461364746094,160.9199981689453,161.02999877929688,152.5800018310547,158.16000366210938,65354400
2020-03-11,146.541015625,153.6300048828125,157.6999969482422,151.14999389648438,157.1300048828125,56371600
2020-03-12,132.6432647705078,139.05999755859375,153.47000122070312,138.5800018310547,145.3000030517578,93226400
2020-03-13,151.50106811523438,158.8300018310547,161.91000366210938,140.72999572753906,147.5,92727400
2020-03-16,129.17124938964844,135.4199981689453,149.35000610351562,135.0,140.0,87905900
2020-03-17,139.8067626953125,146.57000732421875,147.5,135.0,140.0,81059800
2020-03-18,133.92147827148438,140.39999389648438,146.0,135.02000427246094,138.0,81593200
2020-03-19,136.12489318847656,142.7100067138672,150.14999389648438,139.0,142.77000427246094,85922700
2020-03-20,131.01222229003906,137.35000610351562,147.10000610351562,135.86000061035156,146.0,84866200
2020-03-23,129.70541381835938,135.97999572753906,140.57000732421875,132.52000427246094,137.00999450683594,78975200
2020-03-24,141.49510192871094,148.33999633789062,149.60000610351562,141.27000427246094,143.75,82516700
2020-03-25,140.14064025878906,146.9199981689453,154.3300018310547,144.44000244140625,148.91000366210938,75638200
2020-03-26,148.90660095214844,156.11000061035156,156.66000366210938,148.3699951171875,148.39999389648438,64568100
2020-03-27,142.7923583984375,149.6999969482422,154.88999938964844,149.1999969482422,151.75,57042300
2020-03-30,152.83644104003906,160.22999572753906,160.60000610351562,150.00999450683594,152.44000244140625,63420300
2020-03-31,150.43275451660156,157.7100067138672,164.77999877929688,156.55999755859375,159.39999389648438,77927200
2020-04-01,145.0911102294922,152.11000061035156,157.75,150.82000732421875,153.0,57969900
2020-04-02,148.0957794189453,155.25999450683594,155.47999572753906,150.36000061035156,151.86000061035156,49630700
2020-04-03,146.73175048828125,153.8300018310547,157.3800048828125,152.19000244140625,155.10000610351562,41243300
2020-04-06,157.6438751220703,165.27000427246094,166.5,157.5800018310547,160.32000732421875,67111700
2020-04-07,155.946044921875,163.49000549316406,170.0,163.25999450683594,169.58999633789062,62769000
2020-04-08,157.5103759765625,165.1300048828125,166.6699981689453,163.5,165.6699981689453,48318200
2020-04-09,157.5198974609375,165.13999938964844,167.3699951171875,163.3300018310547,166.36000061035156,51385100
2020-04-13,157.872802734375,165.50999450683594,165.57000732421875,162.3000030517578,164.35000610351562,41905300
2020-04-14,165.6848907470703,173.6999969482422,173.75,168.0,169.0,52874300
2020-04-15,163.9488525390625,171.8800048828125,173.57000732421875,169.24000549316406,171.1999969482422,40940800
2020-04-16,168.87075805664062,177.0399932861328,177.27999877929688,172.89999389648438,174.3000030517578,50479600
2020-04-17,170.3588104248047,178.60000610351562,180.0,175.8699951171875,179.5,52765600
2020-04-20,166.98214721679688,175.05999755859375,178.75,174.99000549316406,176.6300048828125,36669600
2020-04-21,160.07623291015625,167.82000732421875,173.6699981689453,166.11000061035156,173.5,56203700
2020-04-22,165.51318359375,173.52000427246094,174.0,170.82000732421875,171.38999938964844,34620200
2020-04-23,163.51011657714844,171.4199981689453,175.05999755859375,170.91000366210938,174.11000061035156,32790800
2020-04-24,166.4956512451172,174.5500030517578,174.55999755859375,170.7100067138672,172.05999755859375,34277600
2020-04-27,166.0187225341797,174.0500030517578,176.89999389648438,173.3000030517578,176.58999633789062,33194400
2020-04-28,161.9744110107422,169.80999755859375,175.6699981689453,169.38999938964844,175.58999633789062,34392700
2020-04-29,169.2427520751953,177.42999267578125,177.67999267578125,171.8800048828125,173.22000122070312,51286600
2020-04-30,170.940673828125,179.2100067138672,180.39999389648438,176.22999572753906,180.0,53875900
2020-05-01,166.5147705078125,174.57000732421875,178.63999938964844,174.00999450683594,175.8000030517578,39370500
2020-05-04,170.58773803710938,178.83999633789062,179.0,173.8000030517578,174.49000549316406,30372900
2020-05-05,172.4191131591797,180.75999450683594,183.64999389648438,179.89999389648438,180.6199951171875,36839200
2020-05-06,174.1169891357422,182.5399932861328,184.1999969482422,181.6300048828125,182.0800018310547,32139300
2020-05-07,175.12811279296875,183.60000610351562,184.5500030517578,182.5800018310547,184.1699981689453,28316000
2020-05-08,176.15823364257812,184.67999267578125,185.0,183.36000061035156,184.97999572753906,30877800
2020-05-11,178.12319946289062,186.74000549316406,187.50999450683594,182.85000610351562,183.14999389648438,30892700
2020-05-12,174.08839416503906,182.50999450683594,187.0399932861328,182.3000030517578,186.8000030517578,32038200
2020-05-13,171.4557647705078,179.75,184.0500030517578,176.5399932861328,182.5500030517578,44711500
2020-05-14,172.19970703125,180.52999877929688,180.69000244140625,175.67999267578125,177.5399932861328,41873900
2020-05-15,174.7083740234375,183.16000366210938,187.05999755859375,177.0,179.05999755859375,46610400
2020-05-18,176.3776397705078,184.91000366210938,186.1999969482422,183.9600067138672,185.75,35264500
2020-05-19,175.1566619873047,183.6300048828125,186.60000610351562,183.49000549316406,185.02999877929688,26799100
2020-05-20,177.5862274169922,185.66000366210938,185.85000610351562,183.94000244140625,184.80999755859375,31261300
2020-05-21,175.45326232910156,183.42999267578125,186.6699981689453,183.2899932861328,185.39999389648438,29119500
2020-05-22,175.5297393798828,183.50999450683594,184.4600067138672,182.5399932861328,183.19000244140625,20826900
2020-05-26,173.6741180419922,181.57000732421875,186.5,181.10000610351562,186.33999633789062,36073600
2020-05-27,173.90365600585938,181.80999755859375,181.99000549316406,176.60000610351562,180.1999969482422,39517100
2020-05-28,173.51150512695312,181.39999389648438,184.14999389648438,180.3800048828125,180.74000549316406,33810200
2020-05-29,175.2810516357422,183.25,184.27000427246094,180.41000366210938,182.72999572753906,42130400
2020-06-01,174.8793182373047,182.8300018310547,183.0,181.4600067138672,182.5399932861328,22622400
2020-06-02,176.86886596679688,184.91000366210938,185.0,181.35000610351562,184.25,30794600
2020-06-03,177.29928588867188,185.36000061035156,185.94000244140625,183.5800018310547,184.82000732421875,27311000
2020-06-04,174.96536254882812,182.9199981689453,185.83999633789062,182.3000030517578,184.3000030517578,28761800
2020-06-05,179.05926513671875,187.1999969482422,187.72999572753906,182.00999450683594,182.6199951171875,39893600
2020-06-08,180.1688232421875,188.36000061035156,188.5500030517578,184.44000244140625,185.94000244140625,33211600
2020-06-09,181.5462188720703,189.8000030517578,190.6999969482422,187.25999450683594,188.0,29783900
2020-06-10,188.28001403808594,196.83999633789062,198.52000427246094,191.00999450683594,191.1300048828125,43872300
2020-06-11,178.16970825195312,186.27000427246094,195.75999450683594,186.07000732421875,193.1300048828125,52854700
2020-06-12,179.57579040527344,187.74000549316406,191.72000122070312,185.17999267578125,190.5399932861328,43373600
2020-06-15,180.7236328125,188.94000244140625,190.82000732421875,184.00999450683594,184.5800018310547,32770200
2020-06-16,185.15231323242188,193.57000732421875,195.5800018310547,191.4600067138672,192.88999938964844,42556700
2020-06-17,185.79310607910156,194.24000549316406,196.32000732421875,193.69000244140625,195.02999877929688,25687800
2020-06-18,187.78265380859375,196.32000732421875,196.49000549316406,194.0,194.0,23061600
2020-06-19,186.66355895996094,195.14999389648438,199.2899932861328,194.3699951171875,198.58999633789062,44441100
2020-06-22,191.8478240966797,200.57000732421875,200.75999450683594,195.22999572753906,195.7899932861328,32818900
2020-06-23,193.1295623779297,201.91000366210938,203.9499969482422,201.42999267578125,202.08999633789062,30917400
2020-06-24,189.236572265625,197.83999633789062,203.25,196.55999755859375,201.60000610351562,36740600
2020-06-25,191.6278533935547,200.33999633789062,200.61000061035156,195.47000122070312,197.8000030517578,27803900
2020-06-26,187.79220581054688,196.3300018310547,199.88999938964844,194.8800048828125,199.72999572753906,54675800
2020-06-29,189.8104705810547,198.44000244140625,198.52999877929688,193.5500030517578,195.77999877929688,26701600
2020-06-30,194.66000366210938,203.50999450683594,204.39999389648438,197.74000549316406,197.8800048828125,34310300
2020-07-01,195.7982177734375,204.6999969482422,206.35000610351562,201.77000427246094,203.13999938964844,32061200
2020-07-02,197.29039001464844,206.25999450683594,208.02000427246094,205.0,205.67999267578125,29315800
2020-07-06,201.53733825683594,210.6999969482422,211.1300048828125,208.08999633789062,208.8300018310547,31897600
2020-07-07,199.1938934326172,208.25,214.6699981689453,207.99000549316406,210.4499969482422,33600700
2020-07-08,203.57469177246094,212.8300018310547,213.25999450683594,208.69000244140625,210.07000732421875,33600000
2020-07-09,204.9999237060547,214.32000732421875,216.3800048828125,211.47000122070312,216.3300018310547,33121700
2020-07-10,204.37818908691406,213.6699981689453,214.0800018310547,211.0800018310547,213.6199951171875,26177600
2020-07-13,198.06521606445312,207.07000732421875,215.8000030517578,206.5,214.47999572753906,38135600
2020-07-14,199.28955078125,208.35000610351562,208.85000610351562,202.02999877929688,206.1300048828125,37591800
2020-07-15,198.99301147460938,208.0399932861328,211.3300018310547,205.02999877929688,209.55999755859375,32179400
2020-07-16,195.05221557617188,203.9199981689453,205.6999969482422,202.30999755859375,205.39999389648438,29940700
2020-07-17,194.0574188232422,202.8800048828125,205.0399932861328,201.38999938964844,204.47000122070312,31635300
2020-07-20,202.39816284179688,211.60000610351562,212.3000030517578,203.00999450683594,205.0,36884800
2020-07-21,199.67214965820312,208.75,213.94000244140625,208.02999877929688,213.66000366210938,37990400
2020-07-22,202.5417022705078,211.75,212.3000030517578,208.38999938964844,209.1999969482422,49605700
2020-07-23,193.732177734375,202.5399932861328,210.9199981689453,202.14999389648438,207.19000244140625,67457000
2020-07-24,192.5460968017578,201.3000030517578,202.86000061035156,197.50999450683594,200.4199981689453,39827000
2020-07-27,194.98521423339844,203.85000610351562,203.97000122070312,200.86000061035156,201.47000122070312,30160900
2020-07-28,193.2348175048828,202.02000427246094,204.6999969482422,201.74000549316406,203.61000061035156,23251400
2020-07-29,195.1860809326172,204.05999755859375,204.64999389648438,202.00999450683594,202.5,19632600
2020-07-30,195.03302001953125,203.89999389648438,204.4600067138672,199.57000732421875,201.0,25079600
2020-07-31,196.09475708007812,205.00999450683594,205.10000610351562,199.00999450683594,204.39999389648438,51044000
2020-08-03,207.12335205078125,216.5399932861328,217.63999938964844,210.44000244140625,211.52000427246094,78983000
2020-08-04,204.01470947265625,213.2899932861328,214.77000427246094,210.30999755859375,214.1699981689453,49280100
2020-08-05,203.67994689941406,212.94000244140625,215.0,211.57000732421875,214.89999389648438,28806400
2020-08-06,206.94163513183594,216.35000610351562,216.3699951171875,211.5500030517578,212.33999633789062,32656800
2020-08-07,203.23992919921875,212.47999572753906,215.6999969482422,210.92999267578125,214.85000610351562,27820400
2020-08-10,199.1938934326172,208.25,211.8800048828125,206.35000610351562,211.6699981689453,36716500
2020-08-11,194.53565979003906,203.3800048828125,207.64999389648438,203.13999938964844,207.16000366210938,36446500
2020-08-12,200.09300231933594,209.19000244140625,210.27999877929688,204.75,205.2899932861328,28013100
2020-08-13,199.62429809570312,208.6999969482422,211.35000610351562,208.14999389648438,209.44000244140625,22588900
2020-08-14,199.81558227539062,208.89999389648438,209.58999633789062,207.50999450683594,208.75999450683594,17958900
2020-08-17,201.13560485839844,210.27999877929688,211.19000244140625,208.9199981689453,209.60000610351562,20184800
2020-08-18,202.29299926757812,211.49000549316406,212.36000061035156,209.2100067138672,210.52999877929688,21336200
2020-08-19,201.06565856933594,209.6999969482422,212.10000610351562,209.25,211.49000549316406,27627600
2020-08-20,205.7447509765625,214.5800018310547,215.0,208.91000366210938,209.5399932861328,26981500
2020-08-21,204.2489776611328,213.02000427246094,216.25,212.85000610351562,213.86000061035156,36249300
2020-08-24,204.89141845703125,213.69000244140625,215.52000427246094,212.42999267578125,214.7899932861328,25460100
2020-08-25,207.5569305419922,216.47000122070312,216.61000061035156,213.10000610351562,213.10000610351562,23043700
2020-08-26,212.04417419433594,221.14999389648438,222.08999633789062,217.36000061035156,217.8800048828125,39600800
2020-08-27,217.2506561279297,226.5800018310547,231.14999389648438,219.39999389648438,222.88999938964844,57602200
2020-08-28,219.48471069335938,228.91000366210938,230.63999938964844,226.5800018310547,228.17999267578125,26292900
2020-08-31,216.24391174316406,225.52999877929688,228.6999969482422,224.30999755859375,227.0,28774200
2020-09-01,217.91229248046875,227.27000427246094,227.4499969482422,224.42999267578125,225.50999450683594,25725500
2020-09-02,222.11187744140625,231.64999389648438,232.86000061035156,227.35000610351562,227.97000122070312,34080800
2020-09-03,208.35276794433594,217.3000030517578,229.30999755859375,214.9600067138672,229.27000427246094,58400300
2020-09-04,205.42835998535156,214.25,218.36000061035156,205.19000244140625,215.10000610351562,59664100
2020-09-08,194.31556701660156,202.66000366210938,210.02999877929688,202.1999969482422,206.5,52924300
2020-09-09,202.59022521972656,211.2899932861328,214.83999633789062,206.6999969482422,207.60000610351562,45679000
2020-09-10,196.9139404296875,205.3699951171875,214.74000549316406,204.11000061035156,213.39999389648438,35461500
2020-09-11,195.62913513183594,204.02999877929688,208.6300048828125,201.24000549316406,207.1999969482422,33620100
2020-09-14,196.95233154296875,205.41000366210938,209.1999969482422,204.02999877929688,204.24000549316406,30375800
2020-09-15,200.18357849121094,208.77999877929688,209.77999877929688,206.92999267578125,208.4199981689453,21823900
2020-09-16,196.60716247558594,205.0500030517578,210.64999389648438,204.63999938964844,210.6199951171875,26328100
2020-09-17,194.55526733398438,202.91000366210938,204.3300018310547,199.9600067138672,200.0500030517578,34011300
2020-09-18,192.1390380859375,200.38999938964844,203.64999389648438,196.25,202.8000030517578,55225300
2020-09-21,194.20050048828125,202.5399932861328,202.7100067138672,196.3800048828125,197.19000244140625,39839700
2020-09-22,198.8795623779297,207.4199981689453,208.10000610351562,202.0800018310547,205.05999755859375,33517100
2020-09-23,192.3307647705078,200.58999633789062,208.10000610351562,200.02999877929688,207.89999389648438,30803800
2020-09-24,194.82371520996094,203.19000244140625,205.57000732421875,199.1999969482422,199.85000610351562,31202500
2020-09-25,199.26307678222656,207.82000732421875,209.0399932861328,202.5399932861328,203.5500030517578,29437300
2020-09-28,200.81642150878906,209.44000244140625,212.57000732421875,208.05999755859375,210.8800048828125,32004900
2020-09-29,198.7261505126953,207.25999450683594,210.07000732421875,206.80999755859375,209.35000610351562,24221900
2020-09-30,201.66973876953125,210.3300018310547,211.97999572753906,206.5399932861328,207.72999572753906,33829100
2020-10-01,203.71205139160156,212.4600067138672,213.99000549316406,211.32000732421875,213.49000549316406,27158400
2020-10-02,197.7001953125,206.19000244140625,210.99000549316406,205.5399932861328,208.0,33154800
2020-10-05,201.71771240234375,210.3800048828125,210.41000366210938,206.97999572753906,207.22000122070312,21331600
2020-10-06,197.4317626953125,205.91000366210938,210.17999267578125,204.82000732421875,208.82000732421875,28554300
2020-10-07,201.1903533935547,209.8300018310547,210.11000061035156,206.72000122070312,207.05999755859375,25681100
2020-10-08,201.90945434570312,210.5800018310547,211.19000244140625,208.32000732421875,210.50999450683594,19925800
2020-10-09,206.92410278320312,215.80999755859375,215.86000061035156,211.22999572753906,211.22999572753906,26458000
2020-10-12,212.28396606445312,221.39999389648438,223.86000061035156,216.80999755859375,218.7899932861328,40461400
2020-10-13,213.683837890625,222.86000061035156,225.2100067138672,220.42999267578125,222.72000122070312,28950800
2020-10-14,211.76617431640625,220.86000061035156,224.22000122070312,219.1300048828125,223.0,23421700
2020-10-15,210.61561584472656,219.66000366210938,220.36000061035156,216.00999450683594,217.10000610351562,22733100
2020-10-16,210.61561584472656,219.66000366210938,222.2899932861328,219.32000732421875,220.14999389648438,26057900
2020-10-19,205.3995819091797,214.22000122070312,222.3000030517578,213.72000122070312,220.4199981689453,27625800
2020-10-20,205.81185913085938,214.64999389648438,217.3699951171875,213.08999633789062,215.8000030517578,22753500
2020-10-21,205.95565795898438,214.8000030517578,216.9199981689453,213.1199951171875,213.1199951171875,22724900
2020-10-22,206.04196166992188,214.88999938964844,216.05999755859375,211.6999969482422,213.92999267578125,22351500
2020-10-23,207.3267822265625,216.22999572753906,216.27999877929688,213.16000366210938,215.02999877929688,18879600
2020-10-26,201.4300537109375,210.0800018310547,216.33999633789062,208.10000610351562,213.85000610351562,37111600
2020-10-27,204.4695281982422,213.25,214.6699981689453,210.3300018310547,211.58999633789062,36700300
2020-10-28,194.334716796875,202.67999267578125,208.83999633789062,202.10000610351562,207.6699981689453,51195600
2020-10-29,196.2906951904297,204.72000122070312,207.36000061035156,203.3699951171875,204.07000732421875,31432600
2020-10-30,194.1333465576172,202.47000122070312,204.2899932861328,199.6199951171875,203.5,36953700
2020-11-02,193.9991455078125,202.3300018310547,205.27999877929688,200.1199951171875,204.2899932861328,30842200
2020-11-03,197.93028259277344,206.42999267578125,208.1199951171875,203.1199951171875,203.88999938964844,27512000
2020-11-04,207.48020935058594,216.38999938964844,218.32000732421875,212.4199981689453,214.02000427246094,42311800
2020-11-05,214.09616088867188,223.2899932861328,224.1199951171875,221.14999389648438,222.0399932861328,36080100
2020-11-06,214.50840759277344,223.72000122070312,224.36000061035156,218.02999877929688,222.25999450683594,25231900
2020-11-09,209.39788818359375,218.38999938964844,228.1199951171875,217.8800048828125,224.44000244140625,44395000
2020-11-10,202.32176208496094,211.00999450683594,216.5,209.72000122070312,214.5,44045100
2020-11-11,207.6336669921875,216.5500030517578,218.0399932861328,212.1999969482422,212.38999938964844,29440800
2020-11-12,206.56939697265625,215.44000244140625,219.11000061035156,214.4600067138672,217.2100067138672,21593900
2020-11-13,207.5952606201172,216.50999450683594,217.4199981689453,214.16000366210938,216.36000061035156,18621100
2020-11-16,208.28565979003906,217.22999572753906,217.74000549316406,214.52000427246094,214.8699951171875,24953300
2020-11-17,205.62969970703125,214.4600067138672,217.67999267578125,214.0800018310547,216.10000610351562,24154100
2020-11-18,202.9187469482422,211.0800018310547,215.1699981689453,210.92999267578125,213.64999389648438,28372800
2020-11-19,204.2069091796875,212.4199981689453,213.02999877929688,209.92999267578125,211.3800048828125,24792700
2020-11-20,202.2554168701172,210.38999938964844,213.2899932861328,210.0,212.1999969482422,22843100
2020-11-23,201.9862823486328,210.11000061035156,212.2899932861328,208.16000366210938,210.9499969482422,25683500
2020-11-24,205.59124755859375,213.86000061035156,214.25,208.86000061035156,209.58999633789062,33979700
2020-11-25,205.60084533691406,213.8699951171875,215.2899932861328,212.4600067138672,215.11000061035156,21012900
2020-11-27,206.90829467773438,215.22999572753906,216.27000427246094,214.0399932861328,214.85000610351562,14512200
2020-11-30,205.79312133789062,214.07000732421875,214.75999450683594,210.83999633789062,214.10000610351562,33064800
2020-12-01,207.85040283203125,216.2100067138672,217.32000732421875,213.35000610351562,214.50999450683594,30904500
2020-12-02,207.04287719726562,215.3699951171875,215.47000122070312,212.8000030517578,214.8800048828125,23724500
2020-12-03,205.95654296875,214.24000549316406,216.3800048828125,213.64999389648438,214.61000061035156,25120900
2020-12-04,206.0718994140625,214.36000061035156,215.3800048828125,213.17999267578125,214.22000122070312,24666000
2020-12-07,206.00462341308594,214.2899932861328,215.5399932861328,212.99000549316406,214.3699951171875,24620000
2020-12-08,207.65811157226562,216.00999450683594,216.9499969482422,212.88999938964844,213.97000122070312,23284100
2020-12-09,203.61090087890625,211.8000030517578,215.22999572753906,211.2100067138672,215.16000366210938,32440600
2020-12-10,202.38043212890625,210.52000427246094,213.0800018310547,210.36000061035156,211.77000427246094,26733300
2020-12-11,205.01443481445312,213.25999450683594,213.32000732421875,209.11000061035156,210.0500030517578,30979400
2020-12-14,205.91807556152344,214.1999969482422,216.2100067138672,212.8800048828125,213.10000610351562,28798400
2020-12-15,205.85079956054688,214.1300048828125,215.4199981689453,212.24000549316406,215.1699981689453,27000600
2020-12-16,210.8016815185547,219.27999877929688,220.11000061035156,214.72000122070312,214.75,35023300
2020-12-17,210.93629455566406,219.4199981689453,220.88999938964844,217.9199981689453,219.8699951171875,32515800
2020-12-18,210.13836669921875,218.58999633789062,219.69000244140625,216.02000427246094,218.58999633789062,63354900
2020-12-21,213.98365783691406,222.58999633789062,224.0,217.27999877929688,217.5500030517578,37181900
2020-12-22,215.281494140625,223.94000244140625,225.6300048828125,221.85000610351562,222.69000244140625,22612200
2020-12-23,212.4744110107422,221.02000427246094,223.55999755859375,220.8000030517578,223.11000061035156,18699600
2020-12-24,214.1375274658203,222.75,223.61000061035156,221.1999969482422,221.4199981689453,10550600
2020-12-28,216.2620849609375,224.9600067138672,226.02999877929688,223.02000427246094,224.4499969482422,17933500
2020-12-29,215.4833526611328,224.14999389648438,227.17999267578125,223.5800018310547,226.30999755859375,17403200
2020-12-30,213.10887145996094,221.67999267578125,225.6300048828125,221.47000122070312,225.22999572753906,20272300
2020-12-31,213.82028198242188,222.4199981689453,223.0,219.67999267578125,221.6999969482422,20942100
2021-01-04,209.27316284179688,217.69000244140625,223.0,214.80999755859375,222.52999877929688,37130100
2021-01-05,209.47503662109375,217.89999389648438,218.52000427246094,215.6999969482422,217.25999450683594,23823000
2021-01-06,204.04348754882812,212.25,216.49000549316406,211.94000244140625,212.1699981689453,35930700
2021-01-07,209.84994506835938,218.2899932861328,219.33999633789062,213.7100067138672,214.0399932861328,27694500
2021-01-08,211.12855529785156,219.6199951171875,220.5800018310547,217.02999877929688,218.67999267578125,22956200
2021-01-11,209.08091735839844,217.49000549316406,218.91000366210938,216.72999572753906,218.47000122070312,23031300
2021-01-12,206.61985778808594,214.92999267578125,217.10000610351562,213.32000732421875,216.5,23249300
2021-01-13,207.9753875732422,216.33999633789062,216.75999450683594,213.92999267578125,214.02000427246094,20087100
2021-01-14,204.78370666503906,213.02000427246094,217.4600067138672,212.74000549316406,215.91000366210938,29480800
2021-01-15,204.42803955078125,212.64999389648438,214.50999450683594,212.02999877929688,213.52000427246094,31746500
2021-01-19,208.07147216796875,216.44000244140625,216.97999572753906,212.6300048828125,213.75,30480900
2021-01-20,215.66604614257812,224.33999633789062,225.7899932861328,217.2899932861328,217.6999969482422,37777300
2021-01-21,216.27169799804688,224.97000122070312,226.3000030517578,222.4199981689453,224.6999969482422,30709400
2021-01-22,217.21376037597656,225.9499969482422,230.07000732421875,225.8000030517578,227.0800018310547,30172700
2021-01-25,220.65536499023438,229.52999877929688,229.77999877929688,224.22000122070312,229.1199951171875,33152100
2021-01-26,223.3470916748047,232.3300018310547,234.17999267578125,230.0800018310547,231.86000061035156,49169600
2021-01-27,223.8950958251953,232.89999389648438,240.44000244140625,230.13999938964844,238.0,69870600
2021-01-28,229.6919403076172,238.92999267578125,242.63999938964844,235.08999633789062,235.61000061035156,49111200
2021-01-29,222.99142456054688,231.9600067138672,238.02000427246094,231.35000610351562,235.99000549316406,42503100
2021-02-01,230.38404846191406,239.64999389648438,242.5,232.42999267578125,235.05999755859375,33314200
2021-02-02,230.24951171875,239.50999450683594,242.30999755859375,238.69000244140625,241.3000030517578,25916300
2021-02-03,233.6045684814453,243.0,245.08999633789062,239.25999450683594,239.57000732421875,27158100
2021-02-04,232.65286254882812,242.00999450683594,243.24000549316406,240.3699951171875,242.66000366210938,25296100
2021-02-05,232.83547973632812,242.1999969482422,243.27999877929688,240.4199981689453,242.22999572753906,18054800
2021-02-08,233.09503173828125,242.47000122070312,243.67999267578125,240.80999755859375,243.14999389648438,22211900
2021-02-09,234.3448028564453,243.77000427246094,244.75999450683594,241.3800048828125,241.8699951171875,23565000
2021-02-10,233.4315185546875,242.82000732421875,245.9199981689453,240.88999938964844,245.0,22186700
2021-02-11,235.03697204589844,244.49000549316406,245.14999389648438,242.14999389648438,244.77999877929688,15751100
2021-02-12,235.51760864257812,244.99000549316406,245.3000030517578,242.72999572753906,243.92999267578125,16561100
2021-02-16,234.27748107910156,243.6999969482422,246.1300048828125,242.9199981689453,245.02999877929688,26728500
2021-02-17,235.29884338378906,244.1999969482422,244.30999755859375,240.94000244140625,241.32000732421875,21653500
2021-02-18,234.90379333496094,243.7899932861328,243.92999267578125,240.86000061035156,241.8000030517578,16925600
2021-02-19,232.18658447265625,240.97000122070312,243.86000061035156,240.17999267578125,243.75,25262600
2021-02-22,225.96209716796875,234.50999450683594,237.92999267578125,232.39999389648438,237.4199981689453,36446900
2021-02-23,224.76727294921875,233.27000427246094,234.8300018310547,228.72999572753906,230.3300018310547,30228700
2021-02-24,226.00062561035156,234.5500030517578,235.1999969482422,229.0,230.00999450683594,26339700
2021-02-25,220.6432647705078,228.99000549316406,234.58999633789062,227.8800048828125,232.0800018310547,39542200
2021-02-26,223.9097137451172,232.3800048828125,235.3699951171875,229.5399932861328,231.52999877929688,37819200
2021-03-01,228.3035125732422,236.94000244140625,237.47000122070312,233.14999389648438,235.89999389648438,25324000
2021-03-02,225.34536743164062,233.8699951171875,237.3000030517578,233.4499969482422,237.00999450683594,22812500
2021-03-03,219.26541137695312,227.55999755859375,233.5800018310547,227.25999450683594,232.16000366210938,34029500
2021-03-04,218.4656524658203,226.72999572753906,232.49000549316406,224.25999450683594,226.74000549316406,44727800
2021-03-05,223.1581268310547,231.60000610351562,233.27000427246094,226.4600067138672,229.52000427246094,41872800
2021-03-08,219.10159301757812,227.38999938964844,233.3699951171875,227.1300048828125,231.3699951171875,35267400
2021-03-09,225.25865173339844,233.77999877929688,235.3800048828125,231.6699981689453,232.8800048828125,33080500
2021-03-10,223.94822692871094,232.4199981689453,237.0,232.0399932861328,237.0,29746800
2021-03-11,228.48660278320312,237.1300048828125,239.1699981689453,234.30999755859375,234.9600067138672,29907600
2021-03-12,227.15682983398438,235.75,235.82000732421875,233.22999572753906,234.00999450683594,22653700
2021-03-15,226.25111389160156,234.80999755859375,235.19000244140625,231.80999755859375,234.9600067138672,26034900
2021-03-16,229.04542541503906,237.7100067138672,240.05999755859375,235.94000244140625,236.27999877929688,28092200
2021-03-17,228.39984130859375,237.0399932861328,238.5500030517578,233.22999572753906,236.14999389648438,29562100
2021-03-18,222.31024169921875,230.72000122070312,234.19000244140625,230.3300018310547,232.55999755859375,34833000
2021-03-19,221.9536895751953,230.35000610351562,232.47000122070312,229.35000610351562,231.02000427246094,46430700
2021-03-22,227.38812255859375,235.99000549316406,236.89999389648438,230.13999938964844,230.27000427246094,30127000
2021-03-23,228.9201202392578,237.5800018310547,241.0500030517578,237.07000732421875,237.49000549316406,31638400
2021-03-24,226.87742614746094,235.4600067138672,238.0,235.32000732421875,237.85000610351562,25620100
2021-03-25,223.87115478515625,232.33999633789062,236.94000244140625,231.57000732421875,235.3000030517578,34061900
2021-03-26,227.8602294921875,236.47999572753906,236.7100067138672,231.5500030517578,231.5500030517578,25479900
2021-03-29,226.6654510498047,235.24000549316406,236.8000030517578,231.8800048828125,236.58999633789062,25227500
2021-03-30,223.3990020751953,231.85000610351562,233.85000610351562,231.10000610351562,233.52999877929688,24792000
2021-03-31,227.17616271972656,235.77000427246094,239.10000610351562,232.38999938964844,232.91000366210938,43623500
2021-04-01,233.51629638671875,242.35000610351562,242.83999633789062,238.0500030517578,238.47000122070312,30338000
2021-04-05,239.99136352539062,249.07000732421875,249.9600067138672,242.6999969482422,242.75999450683594,36910600
2021-04-06,238.825439453125,247.86000061035156,249.39999389648438,246.8800048828125,247.61000061035156,22931900
2021-04-07,240.79104614257812,249.89999389648438,250.92999267578125,247.19000244140625,247.80999755859375,22719800
2021-04-08,244.01898193359375,253.25,254.13999938964844,252.0,252.77000427246094,23625200
2021-04-09,246.52423095703125,255.85000610351562,255.99000549316406,252.44000244140625,252.8699951171875,24326800
2021-04-12,246.58204650878906,255.91000366210938,257.6700134277344,254.6199951171875,254.7100067138672,27148700
2021-04-13,249.06802368164062,258.489990234375,259.19000244140625,256.8299865722656,257.260009765625,23837500
2021-04-14,246.273681640625,255.58999633789062,258.8299865722656,255.16000366210938,257.4800109863281,23070900
2021-04-15,250.04116821289062,259.5,259.92999267578125,257.7300109863281,257.92999267578125,25627500
2021-04-16,251.23594665527344,260.739990234375,261.0,257.6000061035156,259.4700012207031,24878600
2021-04-19,249.3088836669922,258.739990234375,261.4800109863281,257.82000732421875,260.19000244140625,23209300
2021-04-20,248.84634399414062,258.260009765625,260.20001220703125,256.8399963378906,257.82000732421875,19722900
2021-04-21,251.0818328857422,260.5799865722656,260.67999267578125,257.25,258.94000244140625,24030400
2021-04-22,247.79612731933594,257.1700134277344,261.7799987792969,255.63999938964844,260.2099914550781,25606200
2021-04-23,251.63099670410156,261.1499938964844,261.510009765625,257.2699890136719,257.8800048828125,21462600
2021-04-26,252.01638793945312,261.54998779296875,262.44000244140625,260.1700134277344,261.6600036621094,19763300
2021-04-27,252.421142578125,261.9700012207031,263.19000244140625,260.1199951171875,261.5799865722656,31014200
2021-04-28,245.2812042236328,254.55999755859375,256.5400085449219,252.9499969482422,256.0799865722656,46903100
2021-04-29,243.3059844970703,252.50999450683594,256.1000061035156,249.0,255.4600067138672,40589000
2021-04-30,242.9879608154297,252.17999267578125,253.0800018310547,249.60000610351562,249.74000549316406,30945100
2021-05-03,242.6796417236328,251.86000061035156,254.35000610351562,251.1199951171875,253.39999389648438,19626600
2021-05-04,238.75799560546875,247.7899932861328,251.2100067138672,245.75999450683594,250.97000122070312,32756100
2021-05-05,237.48611450195312,246.47000122070312,249.5,245.82000732421875,249.05999755859375,21901300
2021-05-06,240.6272735595703,249.72999572753906,249.86000061035156,244.69000244140625,246.4499969482422,26491100
2021-05-07,243.2577667236328,252.4600067138672,254.3000030517578,251.1699981689453,252.14999389648438,27032900
2021-05-10,238.17022705078125,247.17999267578125,251.72999572753906,247.1199951171875,250.8699951171875,29299900
2021-05-11,237.25486755371094,246.22999572753906,246.60000610351562,242.57000732421875,244.5500030517578,33641600
2021-05-12,230.28839111328125,239.0,244.3800048828125,238.07000732421875,242.1699981689453,36684400
2021-05-13,234.17147827148438,243.02999877929688,245.60000610351562,241.4199981689453,241.8000030517578,29624300
2021-05-14,239.1048583984375,248.14999389648438,249.17999267578125,245.49000549316406,245.5800018310547,23901100
2021-05-17,236.2430877685547,245.17999267578125,246.58999633789062,243.52000427246094,246.5500030517578,24970200
2021-05-18,234.2196807861328,243.0800018310547,246.41000366210938,242.89999389648438,246.27000427246094,20168000
2021-05-19,234.7991180419922,243.1199951171875,243.22999572753906,238.60000610351562,239.30999755859375,25739800
2021-05-20,238.04415893554688,246.47999572753906,247.9499969482422,243.86000061035156,243.9600067138672,21800700
2021-05-21,236.7789764404297,245.1699981689453,248.3300018310547,244.74000549316406,247.57000732421875,21863100
2021-05-24,242.19699096679688,250.77999877929688,251.16000366210938,247.50999450683594,247.7899932861328,21411500
2021-05-25,243.10482788085938,251.72000122070312,252.75,250.82000732421875,251.77000427246094,17704300
2021-05-26,242.88267517089844,251.49000549316406,252.94000244140625,250.75,251.42999267578125,17771600
2021-05-27,240.77728271484375,249.30999755859375,251.47999572753906,249.25,251.1699981689453,24426200
2021-05-28,241.1345977783203,249.67999267578125,252.0800018310547,249.55999755859375,251.0,18270200
2021-06-01,238.93263244628906,247.39999389648438,251.2899932861328,246.9600067138672,251.22999572753906,23213300
2021-06-02,238.8361053466797,247.3000030517578,249.27000427246094,245.83999633789062,248.1300048828125,19406700
2021-06-03,237.30050659179688,245.7100067138672,246.33999633789062,243.0,245.22000122070312,25307700
2021-06-04,242.20664978027344,250.7899932861328,251.64999389648438,247.50999450683594,247.75999450683594,25281100
2021-06-07,245.123291015625,253.80999755859375,254.08999633789062,249.80999755859375,249.97999572753906,23079200
2021-06-08,243.92575073242188,252.57000732421875,256.010009765625,252.50999450683594,255.16000366210938,22455000
2021-06-09,244.9108123779297,253.58999633789062,255.52999877929688,253.2100067138672,253.80999755859375,17937600
2021-06-10,248.43588256835938,257.239990234375,257.4599914550781,253.6699981689453,254.2899932861328,24563600
2021-06-11,249.0636444091797,257.8900146484375,258.489990234375,256.6099853515625,257.989990234375,18999700
2021-06-14,250.9951934814453,259.8900146484375,259.95001220703125,256.79998779296875,257.8999938964844,19150500
2021-06-15,249.5175323486328,258.3599853515625,259.989990234375,257.67999267578125,259.7699890136719,18038900
2021-06-16,248.5710906982422,257.3800048828125,260.5799865722656,254.4199981689453,259.3999938964844,27220000
2021-06-17,251.97061157226562,260.8999938964844,261.75,256.010009765625,256.07000732421875,27565500
2021-06-18,250.55091857910156,259.42999267578125,262.29998779296875,258.75,259.6300048828125,37202200
2021-06-21,253.64138793945312,262.6300048828125,263.5199890136719,257.9200134277344,259.82000732421875,26696100
2021-06-22,256.4228210449219,265.510009765625,265.7900085449219,262.3999938964844,262.7200012207031,24694100
2021-06-23,256.1910095214844,265.2699890136719,266.8299865722656,264.42999267578125,265.989990234375,19518700
2021-06-24,257.5625,266.69000244140625,267.8500061035156,265.4700012207031,266.1600036621094,21446900
2021-06-25,255.9495849609375,265.0199890136719,267.25,264.760009765625,266.2300109863281,25611100
2021-06-28,259.52301025390625,268.7200012207031,268.8999938964844,265.9100036621094,266.19000244140625,19590000
2021-06-29,262.1112365722656,271.3999938964844,271.6499938964844,267.9800109863281,268.8699951171875,19937800
2021-06-30,261.62835693359375,270.8999938964844,271.3599853515625,269.6000061035156,270.69000244140625,21656500
2021-07-01,262.3044128417969,271.6000061035156,271.8399963378906,269.6000061035156,269.6099853515625,16725300
2021-07-02,268.1473693847656,277.6499938964844,278.0,272.5,272.82000732421875,26458000
2021-07-06,268.156982421875,277.6600036621094,279.3699951171875,274.29998779296875,278.0299987792969,31565600
2021-07-07,270.34930419921875,279.92999267578125,280.69000244140625,277.1499938964844,279.3999938964844,23260000
2021-07-08,267.9251708984375,277.4200134277344,278.7300109863281,274.8699951171875,276.8999938964844,24618600
2021-07-09,268.4274597167969,277.94000244140625,278.04998779296875,275.32000732421875,275.7200012207031,23916700
2021-07-12,267.82867431640625,277.32000732421875,279.7699890136719,276.5799865722656,279.1600036621094,18931700
2021-07-13,271.3633728027344,280.9800109863281,282.8500061035156,277.3900146484375,277.5199890136719,26120100
2021-07-14,272.8409729003906,282.510009765625,283.6600036621094,280.54998779296875,282.3500061035156,23113700
2021-07-15,271.4116516113281,281.0299987792969,282.510009765625,279.8299865722656,282.0,22604200
2021-07-16,271.1412658691406,280.75,284.1000061035156,279.4599914550781,282.07000732421875,26186800
2021-07-19,267.52923583984375,277.010009765625,280.3699951171875,274.45001220703125,278.92999267578125,32935600
2021-07-20,269.76019287109375,279.32000732421875,280.9700012207031,276.260009765625,278.0299987792969,26259700
2021-07-21,271.7689514160156,281.3999938964844,281.5199890136719,277.2900085449219,278.8999938964844,24364300
2021-07-22,276.3467102050781,286.1400146484375,286.4200134277344,283.4200134277344,283.8399963378906,23384100
2021-07-23,279.7559509277344,289.6700134277344,289.989990234375,286.5,287.3699951171875,22768100
2021-07-26,279.1572265625,289.04998779296875,289.69000244140625,286.6400146484375,289.0,23176100
2021-07-27,276.7330322265625,286.5400085449219,289.5799865722656,282.95001220703125,289.42999267578125,33604100
2021-07-28,276.4240417480469,286.2200012207031,290.1499938964844,283.8299865722656,288.989990234375,33566900
2021-07-29,276.6944885253906,286.5,288.6199951171875,286.0799865722656,286.239990234375,18168300
2021-07-30,275.1588134765625,284.9100036621094,286.6600036621094,283.9100036621094,285.1700134277344,20944800
2021-08-02,275.0718994140625,284.82000732421875,286.7699890136719,283.739990234375,286.3599853515625,16267400
2021-08-03,277.293212890625,287.1199951171875,287.2300109863281,284.0,285.4200134277344,17879000
2021-08-04,276.70404052734375,286.510009765625,287.5899963378906,284.6499938964844,286.2200012207031,16191300
2021-08-05,279.611083984375,289.5199890136719,289.6300048828125,286.1000061035156,286.8800048828125,13900200
2021-08-06,279.5531005859375,289.4599914550781,289.5,287.6199951171875,288.510009765625,16589300
2021-08-09,278.4617919921875,288.3299865722656,291.54998779296875,287.80999755859375,289.75,16117600
2021-08-10,276.636474609375,286.44000244140625,289.25,285.20001220703125,288.79998779296875,18616600
2021-08-11,277.12908935546875,286.95001220703125,288.6600036621094,285.8599853515625,287.2099914550781,13955900
2021-08-12,279.89117431640625,289.80999755859375,289.9700012207031,286.3399963378906,286.6300048828125,14561300
2021-08-13,282.8270568847656,292.8500061035156,292.8999938964844,289.29998779296875,289.4800109863281,18249000
2021-08-16,284.5173034667969,294.6000061035156,294.82000732421875,290.0199890136719,293.19000244140625,22507600
2021-08-17,283.04925537109375,293.0799865722656,293.42999267578125,291.0799865722656,292.3900146484375,20075300
2021-08-18,281.31719970703125,290.7300109863281,294.82000732421875,290.2699890136719,292.0400085449219,21813000
2021-08-19,287.16168212890625,296.7699890136719,297.4700012207031,288.6400146484375,288.69000244140625,29850500
2021-08-20,294.505859375,304.3599853515625,305.8399963378906,298.05999755859375,299.7200012207031,40817600
2021-08-23,294.7865905761719,304.6499938964844,305.3999938964844,301.8500061035156,303.25,22830200
2021-08-24,292.82220458984375,302.6199951171875,305.6499938964844,302.0,305.0199890136719,18175800
2021-08-25,292.2320251464844,302.010009765625,304.5899963378906,300.4200134277344,304.29998779296875,20006100
2021-08-26,289.4065246582031,299.0899963378906,302.42999267578125,298.95001220703125,300.989990234375,17666100
2021-08-27,290.0161437988281,299.7200012207031,300.8699951171875,296.8299865722656,298.989990234375,22605700
2021-08-30,293.7608947753906,303.5899963378906,304.2200012207031,301.05999755859375,301.1199951171875,16348100
2021-08-31,292.1062316894531,301.8800048828125,304.5,301.5,304.4200134277344,26285300
2021-09-01,292.0578308105469,301.8299865722656,305.19000244140625,301.489990234375,302.8699951171875,18983800
2021-09-02,291.39984130859375,301.1499938964844,303.3599853515625,300.17999267578125,302.20001220703125,16285600
2021-09-03,291.3902282714844,301.1400146484375,302.6000061035156,300.260009765625,300.989990234375,14747900
2021-09-07,290.46124267578125,300.17999267578125,301.0899963378906,298.20001220703125,301.010009765625,17180400
2021-09-08,290.49029541015625,300.2099914550781,300.6099853515625,297.4700012207031,299.7799987792969,15046800
2021-09-09,287.62603759765625,297.25,302.1400146484375,297.0,300.82000732421875,19927000
2021-09-10,286.1360168457031,295.7099914550781,299.9200134277344,295.3800048828125,298.4200134277344,19633400
2021-09-13,287.3746032714844,296.989990234375,298.5400085449219,294.0799865722656,297.54998779296875,23652900
2021-09-14,290.0838623046875,299.7900085449219,301.3900146484375,298.1000061035156,299.55999755859375,21853400
2021-09-15,294.9510803222656,304.82000732421875,305.32000732421875,301.82000732421875,303.260009765625,28356300
2021-09-16,295.33807373046875,305.2200012207031,305.30999755859375,300.760009765625,303.760009765625,19550800
2021-09-17,290.1612548828125,299.8699951171875,304.5,299.5299987792969,304.1700134277344,41372500
2021-09-20,284.7715759277344,294.29998779296875,298.7200012207031,289.5199890136719,296.3299865722656,38278700
2021-09-21,285.25543212890625,294.79998779296875,297.5400085449219,294.07000732421875,295.69000244140625,22364100
2021-09-22,288.9130554199219,298.5799865722656,300.2200012207031,294.510009765625,296.7300109863281,26626300
2021-09-23,289.8612976074219,299.55999755859375,300.8999938964844,297.5299987792969,298.8500061035156,18604600
2021-09-24,289.6581115722656,299.3500061035156,299.79998779296875,296.92999267578125,298.2300109863281,14999000
2021-09-27,284.6458740234375,294.1700134277344,296.4700012207031,292.94000244140625,296.1400146484375,23571700
2021-09-28,274.34063720703125,283.5199890136719,290.7799987792969,282.75,289.79998779296875,43186200
2021-09-29,274.8050842285156,284.0,286.7699890136719,283.010009765625,285.1000061035156,26353700
2021-09-30,272.79248046875,281.9200134277344,287.8299865722656,281.6199951171875,285.7099914550781,32343600
2021-10-01,279.7399597167969,289.1000061035156,289.9800109863281,281.2900085449219,282.1199951171875,30086300
2021-10-04,273.9439697265625,283.1099853515625,287.75,280.25,287.3999938964844,31350700
2021-10-05,279.4109802246094,288.760009765625,290.3999938964844,284.04998779296875,284.04998779296875,24993000
2021-10-06,283.6201477050781,293.1099853515625,293.6300048828125,285.510009765625,285.7799987792969,28002600
2021-10-07,285.3038024902344,294.8500061035156,296.6400146484375,293.9200134277344,295.17999267578125,20430500
2021-10-08,285.3038024902344,294.8500061035156,296.6400146484375,293.760009765625,296.2200012207031,17685700
2021-10-11,284.7038879394531,294.2300109863281,297.9700012207031,292.75,292.9200134277344,19298600
2021-10-12,283.3975524902344,292.8800048828125,295.44000244140625,292.3500061035156,295.3399963378906,17974100
2021-10-13,286.71661376953125,296.30999755859375,297.2799987792969,293.489990234375,294.9100036621094,23416300
2021-10-14,292.9480285644531,302.75,303.2699890136719,297.8299865722656,299.2099914550781,27262900
2021-10-15,294.36077880859375,304.2099914550781,304.45001220703125,300.5199890136719,302.3399963378906,25384800
2021-10-18,297.34100341796875,307.2900085449219,308.2099914550781,302.69000244140625,303.57000732421875,22729300
2021-10-19,298.2506408691406,308.2300109863281,309.29998779296875,307.2200012207031,308.3500061035156,17682100
2021-10-20,297.4571838378906,307.4100036621094,309.70001220703125,306.1099853515625,309.2099914550781,16537100
2021-10-21,300.69873046875,310.760009765625,311.0199890136719,306.3599853515625,307.1700134277344,16918100
2021-10-22,299.1505432128906,309.1600036621094,311.0899963378906,307.79998779296875,310.3999938964844,17449300
2021-10-25,298.1538391113281,308.1300048828125,309.3999938964844,306.4599914550781,309.3599853515625,17554500
2021-10-26,300.0696716308594,310.1099853515625,312.3999938964844,308.6000061035156,311.0,28107300
2021-10-27,312.7069091796875,323.1700134277344,326.1000061035156,316.0,316.0,52588700
2021-10-28,313.84869384765625,324.3500061035156,324.8699951171875,321.3599853515625,324.3299865722656,26297900
2021-10-29,320.8833312988281,331.6199951171875,332.0,323.8999938964844,324.1300048828125,34766000
2021-11-01,318.7061767578125,329.3699951171875,331.489990234375,326.3699951171875,331.3599853515625,27073200
2021-11-02,322.344482421875,333.1300048828125,333.45001220703125,330.0,330.30999755859375,26487100
2021-11-03,323.186279296875,334.0,334.8999938964844,330.6499938964844,333.8999938964844,21500100
2021-11-04,325.54730224609375,336.44000244140625,336.5400085449219,329.510009765625,332.8900146484375,23992200
2021-11-05,325.1795959472656,336.05999755859375,338.7900085449219,334.4200134277344,338.510009765625,22570100
2021-11-08,326.0794677734375,336.989990234375,337.6499938964844,334.44000244140625,337.29998779296875,20897000
2021-11-09,325.0731506347656,335.95001220703125,338.7200012207031,334.5299987792969,337.1099853515625,21307400
2021-11-10,320.08984375,330.79998779296875,334.6300048828125,329.9200134277344,334.57000732421875,25500900
2021-11-11,321.6671142578125,332.42999267578125,333.7699890136719,330.510009765625,331.25,16849800
2021-11-12,325.81817626953125,336.7200012207031,337.2300109863281,333.7900085449219,333.9200134277344,23831000
2021-11-15,325.18927001953125,336.07000732421875,337.8800048828125,334.0299987792969,337.5400085449219,16723000
2021-11-16,328.5178527832031,339.510009765625,340.6700134277344,335.510009765625,335.67999267578125,20886800
2021-11-17,328.7408142089844,339.1199951171875,342.19000244140625,338.0,338.94000244140625,19053400
2021-11-18,330.82501220703125,341.2699890136719,342.45001220703125,337.1199951171875,338.17999267578125,22463500
2021-11-19,332.60870361328125,343.1099853515625,345.1000061035156,342.20001220703125,342.6400146484375,21963400
2021-11-22,329.42913818359375,339.8299865722656,349.6700134277344,339.54998779296875,344.6199951171875,31031100
2021-11-23,327.344970703125,337.67999267578125,339.45001220703125,333.55999755859375,337.04998779296875,30427600
2021-11-24,327.5679016113281,337.9100036621094,338.1600036621094,333.9100036621094,336.2799987792969,21661300
2021-11-26,319.5898132324219,329.67999267578125,337.92999267578125,328.1199951171875,334.3500061035156,24217200
2021-11-29,326.32708740234375,336.6300048828125,339.0299987792969,334.739990234375,334.94000244140625,28563500
2021-11-30,320.471923828125,330.5899963378906,337.7799987792969,328.989990234375,335.32000732421875,42885600
2021-12-01,319.9775695800781,330.0799865722656,339.2799987792969,329.3900146484375,335.1300048828125,33337600
2021-12-02,319.40557861328125,329.489990234375,333.489990234375,327.79998779296875,330.29998779296875,30766000
2021-12-03,313.1239318847656,323.010009765625,332.70001220703125,318.0299987792969,331.989990234375,41779300
2021-12-06,316.20660400390625,326.19000244140625,327.45001220703125,319.2300109863281,323.95001220703125,30032600
2021-12-07,324.66943359375,334.9200134277344,335.79998779296875,330.1000061035156,331.6400146484375,31021900
2021-12-08,324.7178649902344,334.9700012207031,335.5,330.79998779296875,335.30999755859375,24761000
2021-12-09,322.9051513671875,333.1000061035156,336.489990234375,332.1199951171875,334.4100036621094,22214200
2021-12-10,332.05615234375,342.5400085449219,343.0,334.7900085449219,334.9800109863281,38095700
2021-12-13,329.01226806640625,339.3999938964844,343.7900085449219,339.0799865722656,340.67999267578125,28899400
2021-12-14,318.290771484375,328.3399963378906,334.6400146484375,324.1099853515625,333.2200012207031,44438700
2021-12-15,324.4076843261719,334.6499938964844,335.19000244140625,324.5,328.6099853515625,35381100
2021-12-16,314.9560241699219,324.8999938964844,336.760009765625,323.0199890136719,335.7099914550781,35034800
2021-12-17,313.8896789550781,323.79998779296875,324.9200134277344,317.25,320.8800048828125,47750300
2021-12-20,310.1187744140625,319.9100036621094,322.79998779296875,317.57000732421875,320.04998779296875,28326500
2021-12-21,317.27294921875,327.2900085449219,327.7300109863281,319.79998779296875,323.2900085449219,24740600
2021-12-22,323.0020446777344,333.20001220703125,333.6099853515625,325.75,328.29998779296875,24831500
2021-12-23,324.4464416503906,334.69000244140625,336.3900146484375,332.7300109863281,332.75,19617800
2021-12-27,331.9689636230469,342.45001220703125,342.4800109863281,335.42999267578125,335.4599914550781,19947000
2021-12-28,330.8057556152344,341.25,343.80999755859375,340.32000732421875,343.1499938964844,15661500
2021-12-29,331.4842224121094,341.95001220703125,344.29998779296875,339.67999267578125,341.29998779296875,15042000
2021-12-30,328.9347229003906,339.32000732421875,343.1300048828125,338.82000732421875,341.9100036621094,15994500
2021-12-31,326.0265197753906,336.32000732421875,339.3599853515625,335.8500061035156,338.510009765625,18000800
2022-01-03,324.5046081542969,334.75,338.0,329.7799987792969,335.3500061035156,28865100
2022-01-04,318.94024658203125,329.010009765625,335.20001220703125,326.1199951171875,334.8299865722656,32674300
2022-01-05,306.69683837890625,316.3800048828125,326.07000732421875,315.9800109863281,325.8599853515625,40054300
2022-01-06,304.2733154296875,313.8800048828125,318.70001220703125,311.489990234375,313.1499938964844,39646100
2022-01-07,304.4284362792969,314.0400085449219,316.5,310.0899963378906,314.1499938964844,32720000
2022-01-10,304.6513977050781,314.2699890136719,314.7200012207031,304.69000244140625,309.489990234375,44289500
2022-01-11,305.33966064453125,314.9800109863281,316.6099853515625,309.8900146484375,313.3800048828125,29386800
2022-01-12,308.5289611816406,318.2699890136719,323.4100036621094,317.0799865722656,319.6700134277344,34372200
2022-01-13,295.47125244140625,304.79998779296875,320.8800048828125,304.0,320.4700012207031,45366000
2022-01-14,300.7059631347656,310.20001220703125,310.82000732421875,303.75,304.25,39846400
2022-01-18,293.38702392578125,302.6499938964844,309.79998779296875,301.739990234375,304.07000732421875,42333200
2022-01-19,294.0462341308594,303.3299865722656,313.9100036621094,302.70001220703125,306.2900085449219,45933900
2022-01-20,292.369140625,301.6000061035156,311.6499938964844,301.1400146484375,309.07000732421875,35380700
2022-01-21,286.96966552734375,296.0299987792969,304.1099853515625,295.6099853515625,302.69000244140625,57984400
2022-01-24,287.29925537109375,296.3699951171875,297.1099853515625,276.04998779296875,292.20001220703125,85731500
2022-01-25,279.66046142578125,288.489990234375,294.989990234375,285.1700134277344,291.5199890136719,72848600
2022-01-26,287.6288146972656,296.7099914550781,308.5,293.0299987792969,307.989990234375,90428900
2022-01-27,290.6630859375,299.8399963378906,307.29998779296875,297.92999267578125,302.6600036621094,53481300
2022-01-28,298.8253479003906,308.260009765625,308.4800109863281,294.45001220703125,300.2300109863281,49743700
2022-01-31,301.46209716796875,310.9800109863281,312.3800048828125,306.3699951171875,308.95001220703125,46444500
2022-02-01,299.31005859375,308.760009765625,310.6300048828125,305.1300048828125,310.4100036621094,40950400
2022-02-02,303.8662414550781,313.4599914550781,315.1199951171875,308.8800048828125,309.6300048828125,36636000
2022-02-03,292.0299377441406,301.25,311.2300109863281,299.9599914550781,309.489990234375,43730000
2022-02-04,296.5762634277344,305.94000244140625,308.79998779296875,299.9700012207031,300.2099914550781,35096500
2022-02-07,291.73907470703125,300.95001220703125,307.8399963378906,299.8999938964844,306.1700134277344,28533300
2022-02-08,295.23858642578125,304.55999755859375,305.55999755859375,299.95001220703125,301.25,32421200
2022-02-09,301.68511962890625,311.2099914550781,311.92999267578125,307.3900146484375,309.8699951171875,31284700
2022-02-10,293.12530517578125,302.3800048828125,309.1199951171875,300.70001220703125,304.0400085449219,45386200
2022-02-11,286.0099792480469,295.0400085449219,304.2900085449219,294.2200012207031,303.19000244140625,39175600
2022-02-14,285.9712219238281,295.0,296.760009765625,291.3500061035156,293.7699890136719,36359500
2022-02-15,291.2737731933594,300.4700012207031,300.79998779296875,297.0199890136719,300.010009765625,27058300
2022-02-16,290.933837890625,299.5,300.8699951171875,293.67999267578125,298.3699951171875,29982100
2022-02-17,282.4147033691406,290.7300109863281,296.79998779296875,290.0,296.3599853515625,32461600
2022-02-18,279.6946716308594,287.92999267578125,293.8599853515625,286.30999755859375,293.04998779296875,34264000
2022-02-22,279.4907531738281,287.7200012207031,291.5400085449219,284.5,285.0,41736100
2022-02-23,272.2537841796875,280.2699890136719,291.70001220703125,280.1000061035156,290.17999267578125,37811200
2022-02-24,286.1642150878906,294.5899963378906,295.1600036621094,271.5199890136719,272.510009765625,56989700
2022-02-25,288.8063659667969,297.30999755859375,297.6300048828125,291.6499938964844,295.1400146484375,32546700
2022-02-28,290.2441711425781,298.7900085449219,299.1400146484375,293.0,294.30999755859375,34627500
2022-03-01,286.5139465332031,294.95001220703125,299.9700012207031,292.1499938964844,296.3999938964844,31217800
2022-03-02,291.60400390625,300.19000244140625,301.4700012207031,293.70001220703125,295.3599853515625,31873000
2022-03-03,287.45623779296875,295.9200134277344,303.1300048828125,294.04998779296875,302.8900146484375,27314500
2022-03-04,281.5694885253906,289.8599853515625,295.6600036621094,287.1700134277344,294.2900085449219,32356500
2022-03-07,270.93267822265625,278.9100036621094,289.69000244140625,278.5299987792969,288.5299987792969,43157200
2022-03-08,267.9601745605469,275.8500061035156,283.9599914550781,270.0,277.79998779296875,48159500
2022-03-09,280.24835205078125,288.5,289.6000061035156,280.7799987792969,283.44000244140625,35204500
2022-03-10,277.421630859375,285.5899963378906,286.6000061035156,280.5799865722656,283.0199890136719,30628000
2022-03-11,272.0594787597656,280.07000732421875,289.510009765625,279.42999267578125,287.9599914550781,27209300
2022-03-14,268.53338623046875,276.44000244140625,285.3999938964844,275.82000732421875,280.3399963378906,30660700
2022-03-15,278.93701171875,287.1499938964844,287.82000732421875,278.7300109863281,280.3500061035156,34245100
2022-03-16,285.9699401855469,294.3900146484375,294.57000732421875,283.20001220703125,289.1099853515625,37826300
2022-03-17,286.7761535644531,295.2200012207031,295.6099853515625,289.3699951171875,293.2900085449219,30816600
2022-03-18,291.837158203125,300.42999267578125,301.0,292.7300109863281,295.3699951171875,43390600
2022-03-21,290.60357666015625,299.1600036621094,300.1400146484375,294.8999938964844,298.8900146484375,28351200
2022-03-22,295.36334228515625,304.05999755859375,305.0,298.7699890136719,299.79998779296875,27599700
2022-03-23,290.9239807128906,299.489990234375,303.2300109863281,297.7200012207031,300.510009765625,25715400
2022-03-24,295.4022521972656,304.1000061035156,304.20001220703125,298.32000732421875,299.1400146484375,24484500
2022-03-25,294.99420166015625,303.67999267578125,305.5,299.2900085449219,305.2300109863281,22566500
2022-03-28,301.81341552734375,310.70001220703125,310.79998779296875,304.3299865722656,304.3299865722656,29578200
2022-03-29,306.3887023925781,315.4100036621094,315.82000732421875,309.04998779296875,313.9100036621094,30393400
2022-03-30,304.883056640625,313.8599853515625,315.95001220703125,311.5799865722656,313.760009765625,28163600
2022-03-31,299.4917907714844,308.30999755859375,315.1400146484375,307.8900146484375,313.8999938964844,33422100
2022-04-01,300.5700378417969,309.4200134277344,310.1300048828125,305.5400085449219,309.3699951171875,27110500
2022-04-04,305.9613037109375,314.9700012207031,315.1099853515625,309.7099914550781,310.0899963378906,24289600
2022-04-05,301.9883117675781,310.8800048828125,314.8699951171875,309.8699951171875,313.2699890136719,23156700
2022-04-06,290.933837890625,299.5,307.0,296.7099914550781,305.19000244140625,40110400
2022-04-07,292.7502746582031,301.3699951171875,303.6499938964844,296.3500061035156,296.6600036621094,31411200
2022-04-08,288.4761657714844,296.9700012207031,301.1199951171875,296.2799987792969,300.44000244140625,24361900
2022-04-11,277.10113525390625,285.260009765625,292.6099853515625,285.0,291.7900085449219,34569300
2022-04-12,273.9925537109375,282.05999755859375,290.739990234375,280.489990234375,289.239990234375,30966700
2022-04-13,279.3935546875,287.6199951171875,288.5799865722656,281.29998779296875,282.7300109863281,21907200
2022-04-14,271.82635498046875,279.8299865722656,288.30999755859375,279.32000732421875,288.0899963378906,28221600
2022-04-18,272.4966125488281,280.5199890136719,282.4599914550781,278.3399963378906,278.9100036621094,20778000
2022-04-19,277.13995361328125,285.29998779296875,286.1700134277344,278.4100036621094,279.3800048828125,22297700
2022-04-20,278.1695251464844,286.3599853515625,289.70001220703125,285.3699951171875,289.3999938964844,22906700
2022-04-21,272.7783508300781,280.80999755859375,293.29998779296875,280.05999755859375,288.5799865722656,29454600
2022-04-22,266.1922302246094,274.0299987792969,283.20001220703125,273.3800048828125,281.67999267578125,29405800
2022-04-25,272.69091796875,280.7200012207031,281.1099853515625,270.7699890136719,273.2900085449219,35678900
2022-04-26,262.4912414550781,270.2200012207031,278.3599853515625,270.0,277.5,46518400
2022-04-27,275.11944580078125,283.2200012207031,290.9700012207031,279.1600036621094,282.1000061035156,63477700
2022-04-28,281.34613037109375,289.6300048828125,290.9800109863281,281.4599914550781,285.19000244140625,33646600
2022-04-29,269.5824890136719,277.5199890136719,289.8800048828125,276.5,288.6099853515625,37073900
2022-05-02,276.3337097167969,284.4700012207031,284.94000244140625,276.2200012207031,277.7099914550781,35151100
2022-05-03,273.7205810546875,281.7799987792969,284.1300048828125,280.1499938964844,283.9599914550781,25978600
2022-05-04,281.6860656738281,289.9800109863281,290.8800048828125,276.7300109863281,282.5899963378906,33599300
2022-05-05,269.4173278808594,277.3500061035156,286.3500061035156,274.3399963378906,285.5400085449219,43260400
2022-05-06,266.8722229003906,274.7300109863281,279.25,271.2699890136719,274.80999755859375,37780300
2022-05-09,257.01251220703125,264.5799865722656,272.3599853515625,263.32000732421875,270.05999755859375,47726000
2022-05-10,261.7918395996094,269.5,273.75,265.07000732421875,271.69000244140625,39336400
2022-05-11,253.09788513183594,260.54998779296875,271.3599853515625,259.29998779296875,265.67999267578125,48975900
2022-05-12,248.04660034179688,255.35000610351562,259.8800048828125,250.02000427246094,257.69000244140625,51033800
2022-05-13,253.65158081054688,261.1199951171875,263.0400085449219,255.35000610351562,257.3500061035156,34925100
2022-05-16,254.0206756591797,261.5,265.82000732421875,255.77999877929688,259.9599914550781,32550900
2022-05-17,259.1884765625,266.82000732421875,268.3299865722656,262.4599914550781,266.1099853515625,28828800
2022-05-18,247.38772583007812,254.0800018310547,263.6000061035156,252.77000427246094,263.0,31356000
2022-05-19,246.4724884033203,253.13999938964844,257.6700134277344,251.8800048828125,253.89999389648438,32692300
2022-05-20,245.9077606201172,252.55999755859375,258.5400085449219,246.44000244140625,257.239990234375,39199300
2022-05-23,253.78468322753906,260.6499938964844,261.5,253.42999267578125,255.49000549316406,33175400
2022-05-24,252.78179931640625,259.6199951171875,261.3299865722656,253.5,257.8900146484375,29043900
2022-05-25,255.60543823242188,262.5199890136719,264.5799865722656,257.1300048828125,258.1400146484375,28547900
2022-05-26,258.8963928222656,265.8999938964844,267.1099853515625,261.42999267578125,262.2699890136719,25002100
2022-05-27,266.0430908203125,273.239990234375,273.3399963378906,267.55999755859375,268.4800109863281,26910800
2022-05-31,264.70916748046875,271.8699951171875,274.7699890136719,268.92999267578125,272.5299987792969,37827700
2022-06-01,265.24468994140625,272.4200134277344,277.69000244140625,270.0400085449219,275.20001220703125,25292200
2022-06-02,267.3477783203125,274.5799865722656,274.6499938964844,261.6000061035156,264.45001220703125,44008200
2022-06-03,262.90789794921875,270.0199890136719,273.45001220703125,268.4100036621094,270.30999755859375,28059000
2022-06-06,261.6713562011719,268.75,274.17999267578125,267.2200012207031,272.05999755859375,22400300
2022-06-07,265.32257080078125,272.5,273.1300048828125,265.94000244140625,266.6400146484375,22860700
2022-06-08,263.2876281738281,270.4100036621094,273.0,269.6099853515625,271.7099914550781,17372300
2022-06-09,257.815673828125,264.7900085449219,272.7099914550781,264.6300048828125,267.7799987792969,26439700
2022-06-10,246.32644653320312,252.99000549316406,260.5799865722656,252.52999877929688,260.5799865722656,31422800
2022-06-13,235.8790740966797,242.25999450683594,249.02000427246094,241.52999877929688,245.11000061035156,46135800
2022-06-14,238.05032348632812,244.49000549316406,245.74000549316406,241.50999450683594,243.86000061035156,28651500
2022-06-15,245.1288299560547,251.75999450683594,255.3000030517578,246.4199981689453,248.30999755859375,33111700
2022-06-16,238.5177001953125,244.97000122070312,247.4199981689453,243.02000427246094,245.97999572753906,33169200
2022-06-17,241.12709045410156,247.64999389648438,250.5,244.02999877929688,244.6999969482422,43084800
2022-06-21,247.05670166015625,253.74000549316406,254.75,249.50999450683594,250.25999450683594,29928300
2022-06-22,246.46275329589844,253.1300048828125,257.1700134277344,250.3699951171875,251.88999938964844,25939900
2022-06-23,252.0417938232422,258.8599853515625,259.3699951171875,253.6300048828125,255.57000732421875,25861400
2022-06-24,260.6490478515625,267.70001220703125,267.9800109863281,261.7200012207031,261.80999755859375,33923200
2022-06-27,257.9130554199219,264.8900146484375,268.29998779296875,263.2799987792969,268.2099914550781,24615100
2022-06-28,249.72451782226562,256.4800109863281,266.9100036621094,256.32000732421875,263.9800109863281,27295500
2022-06-29,253.40493774414062,260.260009765625,261.9700012207031,255.75999450683594,257.5899963378906,20069800
2022-06-30,250.06529235839844,256.8299865722656,259.5299987792969,252.89999389648438,257.04998779296875,31730900
2022-07-01,252.74285888671875,259.5799865722656,259.7699890136719,254.61000061035156,256.3900146484375,22837700
2022-07-05,255.92674255371094,262.8500061035156,262.9800109863281,254.74000549316406,256.1600036621094,22941000
2022-07-06,259.1982421875,266.2099914550781,267.989990234375,262.3999938964844,263.75,23824400
2022-07-07,261.3305969238281,268.3999938964844,269.05999755859375,265.0199890136719,265.1199951171875,20859900
2022-07-08,260.6100769042969,267.6600036621094,268.1000061035156,263.2900085449219,264.7900085449219,19658800
2022-07-11,257.54302978515625,264.510009765625,266.5299987792969,262.17999267578125,265.6499938964844,19455200
2022-07-12,246.988525390625,253.6699981689453,265.94000244140625,252.0399932861328,265.8800048828125,35868500
2022-07-13,246.0635528564453,252.72000122070312,253.5500030517578,248.11000061035156,250.19000244140625,29497400
2022-07-14,247.38772583007812,254.0800018310547,255.13999938964844,245.94000244140625,250.57000732421875,25102800
2022-07-15,249.95823669433594,256.7200012207031,260.3699951171875,254.77000427246094,255.72000122070312,29774100
2022-07-18,247.55323791503906,254.25,260.8399963378906,253.3000030517578,259.75,20975000
2022-07-19,252.6942138671875,259.5299987792969,259.7200012207031,253.67999267578125,257.5799865722656,25012600
2022-07-20,255.3619842529297,262.2699890136719,264.8699951171875,258.9100036621094,259.8999938964844,22788300
2022-07-21,257.86431884765625,264.8399963378906,264.8900146484375,257.0299987792969,259.7900085449219,22404700
2022-07-22,253.5023193359375,260.3599853515625,265.3299865722656,259.07000732421875,265.239990234375,21881300
2022-07-25,252.01260375976562,258.8299865722656,261.5,256.80999755859375,261.0,21056000
2022-07-26,245.26513671875,251.89999389648438,259.8800048828125,249.57000732421875,259.8599853515625,39348000
2022-07-27,261.6615905761719,268.739990234375,270.04998779296875,258.8500061035156,261.1600036621094,45994000
2022-07-28,269.12957763671875,276.4100036621094,277.8399963378906,267.8699951171875,269.75,33459300
2022-07-29,273.3454895019531,280.739990234375,282.0,276.6300048828125,277.70001220703125,32152800
2022-08-01,270.6875,278.010009765625,281.2799987792969,275.8399963378906,277.82000732421875,21539600
2022-08-02,267.5814514160156,274.82000732421875,277.8900146484375,272.3800048828125,276.0,22754200
2022-08-03,275.02996826171875,282.4700012207031,283.5,276.6099853515625,276.760009765625,23518900
2022-08-04,276.17889404296875,283.6499938964844,283.79998779296875,280.1700134277344,281.79998779296875,18098700
2022-08-05,275.4584045410156,282.9100036621094,283.6499938964844,278.67999267578125,279.1499938964844,16774600
2022-08-08,272.9366149902344,280.32000732421875,285.9200134277344,279.32000732421875,284.04998779296875,18739200
2022-08-09,274.86444091796875,282.29998779296875,283.0799865722656,277.6099853515625,279.6400146484375,23405200
2022-08-10,281.54376220703125,289.1600036621094,289.80999755859375,286.94000244140625,288.1700134277344,24687800
2022-08-11,279.4601135253906,287.0199890136719,291.2099914550781,286.510009765625,290.8500061035156,20065900
2022-08-12,284.2213134765625,291.9100036621094,291.9100036621094,286.94000244140625,288.4800109863281,22619700
2022-08-15,285.740234375,293.4700012207031,294.17999267578125,290.1099853515625,291.0,18085700
2022-08-16,285.0002746582031,292.7099914550781,294.0400085449219,290.4200134277344,291.989990234375,18102900
2022-08-17,284.2489013671875,291.32000732421875,293.3500061035156,289.4700012207031,289.739990234375,18253400
2022-08-18,283.1268310546875,290.1700134277344,291.9100036621094,289.0799865722656,290.19000244140625,17186200
2022-08-19,279.2043762207031,286.1499938964844,289.25,285.55999755859375,288.8999938964844,20570000
2022-08-22,271.0082702636719,277.75,282.4599914550781,277.2200012207031,282.0799865722656,25061100
2022-08-23,269.7301025390625,276.44000244140625,278.8599853515625,275.3999938964844,276.44000244140625,17527400
2022-08-24,269.09588623046875,275.7900085449219,277.2300109863281,275.1099853515625,275.4100036621094,18137000
2022-08-25,272.08160400390625,278.8500061035156,279.0199890136719,274.5199890136719,277.3299865722656,16583400
2022-08-26,261.582763671875,268.0899963378906,280.3399963378906,267.9800109863281,279.0799865722656,27549300
2022-08-29,258.792236328125,265.2300109863281,267.3999938964844,263.8500061035156,265.8500061035156,20338500
2022-08-30,256.5870666503906,262.9700012207031,267.04998779296875,260.6600036621094,266.6700134277344,22767100
2022-08-31,255.12353515625,261.4700012207031,267.1099853515625,261.3299865722656,265.3900146484375,24791800
2022-09-01,254.07945251464844,260.3999938964844,260.8900146484375,255.41000366210938,258.8699951171875,23263400
2022-09-02,249.84474182128906,256.05999755859375,264.739990234375,254.47000122070312,261.70001220703125,22855400
2022-09-06,247.10296630859375,253.25,257.8299865722656,251.94000244140625,256.20001220703125,21328200
2022-09-07,251.82550048828125,258.0899963378906,258.8299865722656,253.22000122070312,254.6999969482422,24126700
2022-09-08,252.24510192871094,258.5199890136719,260.42999267578125,254.7899932861328,257.510009765625,20319900
2022-09-09,258.0409240722656,264.4599914550781,265.2300109863281,260.2900085449219,260.5,22084700
2022-09-12,260.1777648925781,266.6499938964844,267.45001220703125,265.1600036621094,265.7799987792969,18747700
2022-09-13,245.8735809326172,251.99000549316406,260.3999938964844,251.58999633789062,258.8399963378906,33353300
2022-09-14,246.09799194335938,252.22000122070312,254.22999572753906,249.86000061035156,253.52999877929688,23913000
2022-09-15,239.42401123046875,245.3800048828125,251.39999389648438,244.02000427246094,249.77000427246094,31530900
2022-09-16,238.79953002929688,244.74000549316406,245.3000030517578,242.05999755859375,244.25999450683594,39791800
2022-09-19,238.5848846435547,244.52000427246094,245.13999938964844,240.85000610351562,242.47000122070312,26826900
2022-09-20,236.56515502929688,242.4499969482422,243.50999450683594,239.63999938964844,242.07000732421875,26660300
2022-09-21,233.15005493164062,238.9499969482422,247.66000366210938,238.89999389648438,244.27000427246094,28625600
2022-09-22,235.1308135986328,240.97999572753906,243.86000061035156,237.57000732421875,237.8699951171875,31061200
2022-09-23,232.1450958251953,237.9199981689453,241.1300048828125,235.1999969482422,239.5399932861328,34176000
2022-09-26,231.68650817871094,237.4499969482422,241.4499969482422,236.89999389648438,237.0500030517578,27694200
2022-09-27,230.67173767089844,236.41000366210938,241.8000030517578,234.5,239.97999572753906,27018700
2022-09-28,235.2186279296875,241.07000732421875,242.3300018310547,234.72999572753906,236.80999755859375,29029700
2022-09-29,231.7352752685547,237.5,239.9499969482422,234.41000366210938,238.88999938964844,27484200
2022-09-30,227.24693298339844,232.89999389648438,240.5399932861328,232.72999572753906,238.2899932861328,35694800
2022-10-03,234.89663696289062,240.74000549316406,241.61000061035156,234.66000366210938,235.41000366210938,28880400
2022-10-04,242.83905029296875,248.8800048828125,250.36000061035156,244.97999572753906,245.08999633789062,34888400
2022-10-05,243.15127563476562,249.1999969482422,250.5800018310547,244.10000610351562,245.99000549316406,20347100
2022-10-06,240.79978942871094,246.7899932861328,250.33999633789062,246.0800018310547,247.92999267578125,20239900
2022-10-07,228.55442810058594,234.24000549316406,241.32000732421875,233.1699981689453,240.89999389648438,37769600
2022-10-10,223.68556213378906,229.25,234.55999755859375,226.72999572753906,233.0500030517578,29743600
2022-10-11,219.93878173828125,225.41000366210938,229.05999755859375,224.11000061035156,227.6199951171875,30474000
2022-10-12,220.2704620361328,225.75,227.86000061035156,223.9600067138672,225.39999389648438,21903900
2022-10-13,228.55442810058594,234.24000549316406,236.10000610351562,219.1300048828125,219.85000610351562,42551800
2022-10-14,223.01226806640625,228.55999755859375,237.24000549316406,228.33999633789062,235.5399932861328,30198600
2022-10-17,231.7645263671875,237.52999877929688,238.9600067138672,235.13999938964844,235.82000732421875,28142300
2022-10-18,232.7110137939453,238.5,243.92999267578125,235.3699951171875,243.24000549316406,26329600
2022-10-19,230.74000549316406,236.47999572753906,239.61000061035156,234.2899932861328,237.0399932861328,19985700
2022-10-20,230.41807556152344,236.14999389648438,241.30999755859375,234.8699951171875,235.77000427246094,21811000
2022-10-21,236.24313354492188,242.1199951171875,243.0,234.5,234.74000549316406,26299700
2022-10-24,241.24864196777344,247.25,247.83999633789062,241.3000030517578,243.75999450683594,24911200
2022-10-25,244.57583618164062,250.66000366210938,251.0399932861328,245.8300018310547,247.25999450683594,34775500
2022-10-26,225.70530700683594,231.32000732421875,238.3000030517578,230.05999755859375,231.1699981689453,82543200
2022-10-27,221.2461700439453,226.75,233.69000244140625,225.77999877929688,231.0399932861328,40424600
2022-10-28,230.1448211669922,235.8699951171875,236.60000610351562,226.0500030517578,226.24000549316406,40647700
2022-10-31,226.49562072753906,232.1300048828125,234.9199981689453,231.14999389648438,233.75999450683594,28357300
2022-11-01,222.6317596435547,228.1699981689453,235.74000549316406,227.3300018310547,234.60000610351562,30592300
2022-11-02,214.75762939453125,220.10000610351562,231.3000030517578,220.0399932861328,229.4600067138672,38407000
2022-11-03,209.04962158203125,214.25,220.41000366210938,213.97999572753906,220.08999633789062,36633900
2022-11-04,216.0163116455078,221.38999938964844,221.58999633789062,213.42999267578125,217.5500030517578,36789100
2022-11-07,222.3390350341797,227.8699951171875,228.41000366210938,221.27999877929688,221.99000549316406,33498000
2022-11-08,223.31472778320312,228.8699951171875,231.64999389648438,225.83999633789062,228.6999969482422,28192500
2022-11-09,219.0605926513672,224.50999450683594,228.6300048828125,224.3300018310547,227.3699951171875,27852900
2022-11-10,237.0822296142578,242.97999572753906,243.3300018310547,235.0,235.42999267578125,46268000
2022-11-11,241.11204528808594,247.11000061035156,247.99000549316406,241.92999267578125,242.99000549316406,34620200
2022-11-14,235.68698120117188,241.5500030517578,243.91000366210938,239.2100067138672,241.99000549316406,31123300
2022-11-15,236.0968017578125,241.97000122070312,247.0,240.02999877929688,245.66000366210938,31390100
2022-11-16,236.52728271484375,241.72999572753906,243.8000030517578,240.4199981689453,242.7899932861328,24093300
2022-11-17,236.47836303710938,241.67999267578125,243.25,237.6300048828125,237.77999877929688,23123500
2022-11-18,236.02825927734375,241.22000122070312,243.74000549316406,239.02999877929688,243.50999450683594,27613500
2022-11-21,236.84039306640625,242.0500030517578,244.6699981689453,241.19000244140625,241.42999267578125,26394700
2022-11-22,239.7563018798828,245.02999877929688,245.30999755859375,240.7100067138672,243.58999633789062,19665700
2022-11-23,242.2514190673828,247.5800018310547,248.27999877929688,244.27000427246094,245.11000061035156,19508500
2022-11-25,242.16336059570312,247.49000549316406,248.6999969482422,246.72999572753906,247.30999755859375,9200800
2022-11-28,236.55667114257812,241.75999450683594,246.64999389648438,240.8000030517578,246.0800018310547,24778200
2022-11-29,235.15745544433594,240.3300018310547,242.7899932861328,238.2100067138672,241.39999389648438,17956300
2022-11-30,249.648681640625,255.13999938964844,255.3300018310547,239.86000061035156,240.57000732421875,47594200
2022-12-01,249.2083740234375,254.69000244140625,256.1199951171875,250.9199981689453,253.8699951171875,26041500
2022-12-02,249.53125,255.02000427246094,256.05999755859375,249.69000244140625,249.82000732421875,21528500
2022-12-05,244.8149871826172,250.1999969482422,253.82000732421875,248.05999755859375,252.00999450683594,23435300
2022-12-06,239.84432983398438,245.1199951171875,251.86000061035156,243.77999877929688,250.82000732421875,22463700
2022-12-07,239.1104736328125,244.3699951171875,246.16000366210938,242.2100067138672,244.8300018310547,20481500
2022-12-08,242.07525634765625,247.39999389648438,248.74000549316406,243.05999755859375,244.83999633789062,22611800
2022-12-09,240.1378631591797,245.4199981689453,248.30999755859375,244.16000366210938,244.6999969482422,20609700
2022-12-12,247.07528686523438,252.50999450683594,252.5399932861328,247.1699981689453,247.4499969482422,30665100
2022-12-13,251.39039611816406,256.9200134277344,263.9200134277344,253.07000732421875,261.69000244140625,42196900
2022-12-14,251.68392944335938,257.2200012207031,262.5899963378906,254.30999755859375,257.1300048828125,35410900
2022-12-15,243.6505889892578,249.00999450683594,254.1999969482422,247.33999633789062,253.72000122070312,35560400
2022-12-16,239.42361450195312,244.69000244140625,249.83999633789062,243.50999450683594,248.5500030517578,86102000
2022-12-19,235.2748565673828,240.4499969482422,245.2100067138672,238.7100067138672,244.86000061035156,29696400
2022-12-20,236.59580993652344,241.8000030517578,242.91000366210938,238.4199981689453,239.39999389648438,25150800
2022-12-21,239.169189453125,244.42999267578125,245.6199951171875,240.11000061035156,241.69000244140625,23690600
2022-12-22,233.06346130371094,238.19000244140625,241.99000549316406,233.8699951171875,241.25999450683594,28651700
2022-12-23,233.59185791015625,238.72999572753906,238.8699951171875,233.94000244140625,236.11000061035156,21207000
2022-12-27,231.85997009277344,236.9600067138672,238.92999267578125,235.8300018310547,238.6999969482422,16688600
2022-12-28,229.4822540283203,234.52999877929688,239.72000122070312,234.1699981689453,236.88999938964844,17457100
2022-12-29,235.8227996826172,241.00999450683594,241.9199981689453,235.64999389648438,235.64999389648438,19770700
2022-12-30,234.65843200683594,239.82000732421875,239.9600067138672,236.66000366210938,238.2100067138672,21938500
2023-01-03,234.42356872558594,239.5800018310547,245.75,237.39999389648438,243.0800018310547,25740000
2023-01-04,224.16917419433594,229.10000610351562,232.8699951171875,225.9600067138672,232.27999877929688,50623400
2023-01-05,217.52525329589844,222.30999755859375,227.5500030517578,221.75999450683594,227.1999969482422,39585600
2023-01-06,220.08888244628906,224.92999267578125,225.75999450683594,219.35000610351562,223.0,43613600
2023-01-09,222.2317352294922,227.1199951171875,231.24000549316406,226.41000366210938,226.4499969482422,27369800
2023-01-10,223.9245147705078,228.85000610351562,231.30999755859375,227.3300018310547,227.75999450683594,27033900
2023-01-11,230.69557189941406,235.77000427246094,235.9499969482422,231.11000061035156,231.2899932861328,28669300
2023-01-12,233.3765869140625,238.50999450683594,239.89999389648438,233.55999755859375,235.25999450683594,27269500
2023-01-13,234.0811004638672,239.22999572753906,239.3699951171875,234.9199981689453,237.0,21333300
2023-01-17,235.17698669433594,240.35000610351562,240.91000366210938,237.08999633789062,237.97000122070312,29831300
2023-01-18,230.73471069335938,235.80999755859375,242.3800048828125,235.52000427246094,241.57000732421875,30028700
2023-01-19,226.93820190429688,231.92999267578125,235.52000427246094,230.67999267578125,233.77999877929688,28623000
2023-01-20,235.0498046875,240.22000122070312,240.74000549316406,234.50999450683594,234.86000061035156,35389800
2023-01-23,237.3590087890625,242.5800018310547,245.1699981689453,239.64999389648438,241.10000610351562,31934000
2023-01-24,236.8306427001953,242.0399932861328,243.9499969482422,240.44000244140625,242.5,40234400
2023-01-25,235.43141174316406,240.61000061035156,243.3000030517578,230.89999389648438,234.47999572753906,66526600
2023-01-26,242.66236877441406,248.0,248.30999755859375,242.0,243.64999389648438,33454500
2023-01-27,242.81893920898438,248.16000366210938,249.8300018310547,246.8300018310547,248.99000549316406,26498900
2023-01-30,237.48622131347656,242.7100067138672,245.60000610351562,242.1999969482422,244.50999450683594,25867400
2023-01-31,242.47642517089844,247.80999755859375,247.9499969482422,242.9499969482422,243.4499969482422,26541100
2023-02-01,247.31015014648438,252.75,255.17999267578125,245.47000122070312,248.0,31259900
2023-02-02,258.9050598144531,264.6000061035156,264.69000244140625,257.25,258.82000732421875,39940400
2023-02-03,252.7896270751953,258.3500061035156,264.20001220703125,257.1000061035156,259.5400085449219,29077300
2023-02-06,251.24362182617188,256.7699890136719,258.29998779296875,254.77999877929688,257.44000244140625,22518000
2023-02-07,261.8014221191406,267.55999755859375,268.7699890136719,260.0799865722656,260.5299987792969,50841400
2023-02-08,260.9892272949219,266.7300109863281,276.760009765625,266.2099914550781,273.20001220703125,54686000
2023-02-09,257.9461669921875,263.6199951171875,273.9800109863281,262.79998779296875,273.79998779296875,42375100
2023-02-10,257.4374084472656,263.1000061035156,264.0899963378906,260.6600036621094,261.5299987792969,25818500
2023-02-13,265.4804992675781,271.32000732421875,274.6000061035156,267.1499938964844,267.6400146484375,44630900
2023-02-14,266.3121337890625,272.1700134277344,274.9700012207031,269.2799987792969,272.6700134277344,37047900
2023-02-15,264.18359375,269.32000732421875,270.7300109863281,266.17999267578125,268.32000732421875,28922400
2023-02-16,257.1502990722656,262.1499938964844,266.739990234375,261.8999938964844,264.0199890136719,29603600
2023-02-17,253.13827514648438,258.05999755859375,260.0899963378906,256.0,259.3900146484375,30000100
2023-02-21,247.85108947753906,252.6699981689453,255.49000549316406,251.58999633789062,254.47999572753906,28397400
2023-02-22,246.7132110595703,251.50999450683594,254.33999633789062,250.33999633789062,254.08999633789062,22491100
2023-02-23,249.91104125976562,254.77000427246094,256.8399963378906,250.47999572753906,255.55999755859375,29219100
2023-02-24,244.46688842773438,249.22000122070312,251.0,248.10000610351562,249.9600067138672,24990900
2023-02-27,245.38894653320312,250.16000366210938,252.82000732421875,249.38999938964844,252.4600067138672,21190000
2023-02-28,244.66307067871094,249.4199981689453,251.49000549316406,248.72999572753906,249.07000732421875,22491000
2023-03-01,241.57315063476562,246.27000427246094,250.92999267578125,245.7899932861328,250.75999450683594,27565300
2023-03-02,246.3208465576172,251.11000061035156,251.39999389648438,245.61000061035156,246.5500030517578,24808200
2023-03-03,250.4210968017578,255.2899932861328,255.6199951171875,251.38999938964844,252.19000244140625,30760100
2023-03-06,251.97100830078125,256.8699951171875,260.1199951171875,255.97999572753906,256.42999267578125,24109800
2023-03-07,249.3028564453125,254.14999389648438,257.69000244140625,253.38999938964844,256.29998779296875,21473200
2023-03-08,248.86141967773438,253.6999969482422,254.5399932861328,250.80999755859375,254.0399932861328,17340200
2023-03-09,247.50775146484375,252.32000732421875,259.55999755859375,251.5800018310547,255.82000732421875,26653400
2023-03-10,243.84890747070312,248.58999633789062,252.7899932861328,247.60000610351562,251.0800018310547,28333900
2023-03-13,249.0772705078125,253.9199981689453,257.9100036621094,245.72999572753906,247.39999389648438,33339700
2023-03-14,255.81622314453125,260.7900085449219,261.07000732421875,255.86000061035156,256.75,33620300
2023-03-15,260.3775634765625,265.44000244140625,266.4800109863281,259.2099914550781,259.9800109863281,46028000
2023-03-16,270.932373046875,276.20001220703125,276.55999755859375,263.2799987792969,265.2099914550781,54768800
2023-03-17,274.1007385253906,279.42999267578125,283.3299865722656,276.32000732421875,278.260009765625,69527400
2023-03-20,267.0380554199219,272.2300109863281,277.4800109863281,269.8500061035156,276.9800109863281,43466600
2023-03-21,268.5584411621094,273.7799987792969,275.0,269.5199890136719,274.8800048828125,34558700
2023-03-22,267.096923828125,272.2900085449219,281.0400085449219,272.17999267578125,273.3999938964844,34873300
2023-03-23,272.364501953125,277.6600036621094,281.05999755859375,275.20001220703125,277.94000244140625,36610900
2023-03-24,275.2189636230469,280.57000732421875,280.6300048828125,275.2799987792969,277.239990234375,28172000
2023-03-27,271.1088562011719,276.3800048828125,281.4599914550781,275.5199890136719,280.5,26840200
2023-03-28,269.9808349609375,275.2300109863281,276.1400146484375,272.04998779296875,275.7900085449219,21878600
2023-03-29,275.1601257324219,280.510009765625,281.1400146484375,278.4100036621094,278.9599914550781,25087000
2023-03-30,278.6325988769531,284.04998779296875,284.4599914550781,281.4800109863281,284.2300109863281,25053400
2023-03-31,282.801513671875,288.29998779296875,289.2699890136719,283.0,283.7300109863281,32766000
2023-04-03,281.7519836425781,287.2300109863281,288.2699890136719,283.95001220703125,286.5199890136719,24883300
2023-04-04,281.702880859375,287.17999267578125,290.45001220703125,285.6700134277344,287.2300109863281,25824300
2023-04-05,278.9171142578125,284.3399963378906,287.1499938964844,282.9200134277344,285.8500061035156,22064800
2023-04-06,286.03863525390625,291.6000061035156,292.0799865722656,282.0299987792969,283.2099914550781,29770300
2023-04-10,283.8707580566406,289.3900146484375,289.6000061035156,284.7099914550781,289.2099914550781,23103000
2023-04-11,277.43585205078125,282.8299865722656,285.9800109863281,281.6400146484375,285.75,27276600
2023-04-12,278.0832824707031,283.489990234375,287.010009765625,281.9599914550781,284.7900085449219,27403400
2023-04-13,284.3121337890625,289.8399963378906,289.8999938964844,283.1700134277344,283.5899963378906,24222700
2023-04-14,280.6827392578125,286.1400146484375,288.4800109863281,283.69000244140625,287.0,20987900
2023-04-17,283.2919921875,288.79998779296875,291.6000061035156,286.1600036621094,289.92999267578125,23836200
2023-04-18,282.8702087402344,288.3699951171875,291.760009765625,287.010009765625,291.57000732421875,20161800
2023-04-19,282.9486999511719,288.45001220703125,289.04998779296875,284.5400085449219,285.989990234375,17150300
2023-04-20,280.6532897949219,286.1099853515625,289.0299987792969,285.0799865722656,285.25,23244400
2023-04-21,280.30999755859375,285.760009765625,286.2699890136719,283.05999755859375,285.010009765625,21676400
2023-04-24,276.39605712890625,281.7699890136719,284.95001220703125,278.7200012207031,282.0899963378906,26611000
2023-04-25,270.167236328125,275.4200134277344,281.6000061035156,275.3699951171875,279.510009765625,45772200
2023-04-26,289.7367248535156,295.3699951171875,299.57000732421875,292.7300109863281,296.70001220703125,64599200
2023-04-27,299.0162658691406,304.8299865722656,305.20001220703125,295.25,295.9700012207031,46462600
2023-04-28,301.3999938964844,307.260009765625,308.92999267578125,303.30999755859375,304.010009765625,36469600
2023-05-01,299.73236083984375,305.55999755859375,308.6000061035156,305.1499938964844,306.9700012207031,21294100
2023-05-02,299.5852355957031,305.4100036621094,309.17999267578125,303.9100036621094,307.760009765625,26404400
2023-05-03,298.594482421875,304.3999938964844,308.6099853515625,304.0899963378906,306.6199951171875,22360800
2023-05-04,299.5852355957031,305.4100036621094,307.760009765625,303.3999938964844,306.239990234375,22519900
2023-05-05,304.72528076171875,310.6499938964844,311.9700012207031,304.2699890136719,305.7200012207031,28197100
2023-05-08,302.7633972167969,308.6499938964844,310.20001220703125,306.0899963378906,310.1300048828125,21318600
2023-05-09,301.1449279785156,307.0,310.0400085449219,306.30999755859375,308.0,21340800
2023-05-10,306.3536071777344,312.30999755859375,313.0,307.6700134277344,308.6199951171875,30078000
2023-05-11,304.195556640625,310.1099853515625,311.1199951171875,306.260009765625,310.1000061035156,31680200
2023-05-12,303.07733154296875,308.9700012207031,310.6499938964844,306.6000061035156,310.54998779296875,19774700
2023-05-15,303.5579528808594,309.4599914550781,309.8999938964844,307.5899963378906,309.1000061035156,16336500
2023-05-16,305.79449462890625,311.739990234375,313.7099914550781,309.8299865722656,309.8299865722656,26730300
2023-05-17,308.6847839355469,314.0,314.42999267578125,310.739990234375,312.2900085449219,24315000
2023-05-18,313.12823486328125,318.5199890136719,319.0400085449219,313.7200012207031,314.5299987792969,27276000
2023-05-19,312.9512939453125,318.3399963378906,318.75,316.3699951171875,316.739990234375,27546700
2023-05-22,315.7431945800781,321.17999267578125,322.5899963378906,318.010009765625,318.6000061035156,24115700
2023-05-23,309.92340087890625,315.260009765625,322.7200012207031,315.25,320.0299987792969,30797200
2023-05-24,308.53729248046875,313.8500061035156,316.5,312.6099853515625,314.7300109863281,23384900
2023-05-25,320.4029846191406,325.9200134277344,326.8999938964844,320.0,323.239990234375,43301700
2023-05-26,327.2550048828125,332.8900146484375,333.3999938964844,323.8800048828125,324.0199890136719,36630600
2023-05-30,325.60345458984375,331.2099914550781,335.739990234375,330.5199890136719,335.2300109863281,29503100
2023-05-31,322.8311462402344,328.3900146484375,335.94000244140625,327.3299865722656,332.2900085449219,45950600
2023-06-01,326.9501953125,332.5799865722656,333.5299987792969,324.7200012207031,325.92999267578125,26773900
2023-06-02,329.7225036621094,335.3999938964844,337.5,332.54998779296875,334.25,25873800
2023-06-05,330.2533264160156,335.94000244140625,338.55999755859375,334.6600036621094,335.2200012207031,21307100
2023-06-06,328.0316162109375,333.67999267578125,335.3699951171875,332.1700134277344,335.3299865722656,20396200
2023-06-07,317.9059753417969,323.3800048828125,334.489990234375,322.5,331.6499938964844,40717100
2023-06-08,319.754150390625,325.260009765625,326.6400146484375,323.3500061035156,323.94000244140625,23277700
2023-06-09,321.25823974609375,326.7900085449219,329.989990234375,324.4100036621094,324.989990234375,22529000
2023-06-12,326.2325439453125,331.8500061035156,332.1000061035156,325.1600036621094,328.5799865722656,24260300
2023-06-13,328.63128662109375,334.2900085449219,336.9800109863281,330.3900146484375,334.4700012207031,22951300
2023-06-14,331.6296691894531,337.3399963378906,339.0400085449219,332.80999755859375,334.3399963378906,26003800
2023-06-15,342.20751953125,348.1000061035156,349.8399963378906,337.20001220703125,337.4800109863281,38899100
2023-06-16,336.5351257324219,342.3299865722656,351.4700012207031,341.95001220703125,351.32000732421875,46552000
2023-06-20,332.32757568359375,338.04998779296875,342.0799865722656,335.8599853515625,339.30999755859375,26375400
2023-06-21,327.9136657714844,333.55999755859375,337.7300109863281,332.07000732421875,336.3699951171875,25117800
2023-06-22,333.95953369140625,339.7099914550781,340.1199951171875,333.3399963378906,334.1199951171875,23556800
2023-06-23,329.3489074707031,335.0199890136719,337.9599914550781,333.45001220703125,334.3599853515625,23146900
2023-06-26,323.03765869140625,328.6000061035156,336.1099853515625,328.489990234375,333.7200012207031,21520600
2023-06-27,328.90655517578125,334.57000732421875,336.1499938964844,329.29998779296875,331.8599853515625,24354100
2023-06-28,330.16485595703125,335.8500061035156,337.9800109863281,333.80999755859375,334.6600036621094,20259500
2023-06-29,329.37835693359375,335.04998779296875,336.1099853515625,332.6199951171875,334.7099914550781,16997000
2023-06-30,334.7754821777344,340.5400085449219,342.7300109863281,337.20001220703125,337.75,26832800
2023-07-03,332.2686462402344,337.989990234375,340.8999938964844,336.57000732421875,339.19000244140625,12508700
2023-07-05,332.4259338378906,338.1499938964844,341.6499938964844,334.7300109863281,335.0899963378906,18172400
2023-07-06,335.4931640625,341.2699890136719,342.989990234375,335.5,337.29998779296875,28161200
2023-07-07,331.5116882324219,337.2200012207031,341.7900085449219,337.0,339.32000732421875,21214800
2023-07-10,326.2129211425781,331.8299865722656,335.2300109863281,327.5899963378906,334.6000061035156,32791400
2023-07-11,326.84210205078125,332.4700012207031,332.8599853515625,327.0,331.05999755859375,26698200
2023-07-12,331.4920654296875,337.20001220703125,341.6499938964844,335.6700134277344,336.6000061035156,29995300
2023-07-13,336.859619140625,342.6600036621094,343.739990234375,339.0199890136719,339.55999755859375,20567200
2023-07-14,339.3959045410156,345.239990234375,351.42999267578125,344.30999755859375,347.5899963378906,28352700
2023-07-17,339.8776550292969,345.7300109863281,346.989990234375,342.20001220703125,345.67999267578125,20363900
2023-07-18,353.4046936035156,359.489990234375,366.7799987792969,342.1700134277344,345.8299865722656,64738600
2023-07-19,349.0693664550781,355.0799865722656,362.4599914550781,352.44000244140625,361.75,39732900
2023-07-20,340.99835205078125,346.8699951171875,357.9700012207031,345.3699951171875,353.57000732421875,33778400
2023-07-21,337.9507751464844,343.7699890136719,350.29998779296875,339.8299865722656,349.1499938964844,69405400
2023-07-24,339.2681579589844,345.1099853515625,346.9200134277344,342.30999755859375,345.8500061035156,26678100
2023-07-25,345.03875732421875,350.9800109863281,351.8900146484375,345.07000732421875,347.1099853515625,41637700
2023-07-26,332.0523681640625,337.7699890136719,344.6700134277344,333.1099853515625,341.44000244140625,58383700
2023-07-27,325.1217041015625,330.7200012207031,341.3299865722656,329.04998779296875,340.4800109863281,39635300
2023-07-28,332.6422119140625,338.3699951171875,340.010009765625,333.1700134277344,333.6700134277344,28484900
2023-07-31,330.233642578125,335.9200134277344,337.70001220703125,333.3599853515625,336.9200134277344,25446000
2023-08-01,330.6466064453125,336.3399963378906,338.5400085449219,333.70001220703125,335.19000244140625,18311900
2023-08-02,321.95623779296875,327.5,333.6300048828125,326.3599853515625,333.6300048828125,27761300
2023-08-03,321.13043212890625,326.6600036621094,329.8800048828125,325.95001220703125,326.0,18253700
2023-08-04,322.2314453125,327.7799987792969,335.1400146484375,327.239990234375,331.8800048828125,23741500
2023-08-07,324.5220031738281,330.1099853515625,331.1099853515625,327.5199890136719,328.3699951171875,17741500
2023-08-08,320.5307922363281,326.04998779296875,328.75,323.0,326.9599914550781,22327600
2023-08-09,316.7754211425781,322.2300109863281,327.1099853515625,321.04998779296875,326.4700012207031,22373300
2023-08-10,317.4635925292969,322.92999267578125,328.260009765625,321.17999267578125,326.0199890136719,20113700
2023-08-11,315.5761413574219,321.010009765625,322.4100036621094,319.2099914550781,320.260009765625,24355500
2023-08-14,318.5548095703125,324.0400085449219,324.05999755859375,320.0799865722656,321.3900146484375,18836100
2023-08-15,316.4116516113281,321.8599853515625,325.0899963378906,320.8999938964844,323.0,16966300
2023-08-16,315.6432189941406,320.3999938964844,324.4200134277344,319.79998779296875,320.79998779296875,20698900
2023-08-17,312.1755065917969,316.8800048828125,321.8699951171875,316.2099914550781,320.5400085449219,21257200
2023-08-18,311.781494140625,316.4800109863281,318.3800048828125,311.54998779296875,314.489990234375,24755000
2023-08-21,317.1013488769531,321.8800048828125,322.7699890136719,317.0400085449219,317.92999267578125,24040000
2023-08-22,317.67266845703125,322.4599914550781,326.0799865722656,321.4599914550781,325.5,16084600
2023-08-23,322.1452941894531,327.0,329.20001220703125,323.4599914550781,323.82000732421875,21166400
2023-08-24,315.2196350097656,319.9700012207031,332.9800109863281,319.9599914550781,332.8500061035156,23281400
2023-08-25,318.18499755859375,322.9800109863281,325.3599853515625,318.79998779296875,321.4700012207031,21684100
2023-08-28,318.894287109375,323.70001220703125,326.1499938964844,321.7200012207031,325.6600036621094,14808500
2023-08-29,323.53436279296875,328.4100036621094,328.9800109863281,321.8800048828125,321.8800048828125,19284600
2023-08-30,323.9087219238281,328.7900085449219,329.80999755859375,326.45001220703125,328.6700134277344,15222100
2023-08-31,322.8940124511719,327.760009765625,330.9100036621094,326.7799987792969,329.20001220703125,26411000
2023-09-01,323.7806396484375,328.6600036621094,331.989990234375,326.7799987792969,331.30999755859375,14942000
2023-09-05,328.5979919433594,333.54998779296875,334.8500061035156,328.6600036621094,329.0,18553900
2023-09-06,327.93798828125,332.8800048828125,334.4599914550781,330.17999267578125,333.3800048828125,17535800
2023-09-07,325.0120849609375,329.9100036621094,333.0799865722656,329.0299987792969,331.2900085449219,18381000
2023-09-08,329.30731201171875,334.2699890136719,336.1600036621094,329.4599914550781,330.0899963378906,19530100
2023-09-11,332.9228820800781,337.94000244140625,338.4200134277344,335.42999267578125,337.239990234375,16583300
2023-09-12,326.84442138671875,331.7699890136719,336.7900085449219,331.4800109863281,335.82000732421875,17565500
2023-09-13,331.07080078125,336.05999755859375,336.8500061035156,331.1700134277344,331.30999755859375,16544400
2023-09-14,333.6716003417969,338.70001220703125,340.8599853515625,336.57000732421875,339.1499938964844,20267000
2023-09-15,325.3174743652344,330.2200012207031,337.3999938964844,329.6499938964844,336.9200134277344,37679800
2023-09-18,324.1747131347656,329.05999755859375,330.3999938964844,326.3599853515625,327.79998779296875,16834200
2023-09-19,323.77081298828125,328.6499938964844,329.3900146484375,324.510009765625,326.1700134277344,16505900
2023-09-20,316.00775146484375,320.7699890136719,329.5899963378906,320.510009765625,329.510009765625,21436500
2023-09-21,314.78619384765625,319.5299987792969,325.3500061035156,315.0,319.260009765625,35560400
2023-09-22,312.3036193847656,317.010009765625,321.45001220703125,316.1499938964844,321.32000732421875,21447900
2023-09-25,312.8258056640625,317.5400085449219,317.6700134277344,315.0,316.5899963378906,17836000
2023-09-26,307.5059509277344,312.1400146484375,315.8800048828125,310.0199890136719,315.1300048828125,26297600
2023-09-27,308.14630126953125,312.7900085449219,314.29998779296875,309.69000244140625,312.29998779296875,19410100
2023-09-28,308.983642578125,313.6400146484375,315.4800109863281,309.45001220703125,310.989990234375,19683600
2023-09-29,311.06231689453125,315.75,319.4700012207031,314.9800109863281,317.75,24147300
2023-10-02,317.0224609375,321.79998779296875,321.8900146484375,315.17999267578125,316.2799987792969,20570000
2023-10-03,308.7373352050781,313.3900146484375,321.3900146484375,311.2099914550781,320.8299865722656,21033500
2023-10-04,314.224609375,318.9599914550781,320.0400085449219,314.0,314.0299987792969,20720100
2023-10-05,314.6186828613281,319.3599853515625,319.9800109863281,314.8999938964844,319.0899963378906,16965600
2023-10-06,322.40142822265625,327.260009765625,329.19000244140625,316.29998779296875,316.54998779296875,25673600
2023-10-09,324.9234313964844,329.82000732421875,330.29998779296875,323.17999267578125,324.75,19891200
2023-10-10,323.5146484375,328.3900146484375,331.1000061035156,327.6700134277344,330.9599914550781,20557100
2023-10-11,327.4848327636719,332.4200134277344,332.82000732421875,329.1400146484375,331.2099914550781,20063200
2023-10-12,326.2435607910156,331.1600036621094,333.6300048828125,328.7200012207031,330.57000732421875,19313100
2023-10-13,322.8644714355469,327.7300109863281,333.8299865722656,326.3599853515625,332.3800048828125,21072400
2023-10-16,327.70159912109375,332.6400146484375,336.1400146484375,330.6000061035156,331.04998779296875,22158000
2023-10-17,327.1301574707031,332.05999755859375,333.4599914550781,327.4100036621094,329.5899963378906,18338500
2023-10-18,325.2090759277344,330.1099853515625,335.5899963378906,328.29998779296875,332.489990234375,23153600
2023-10-19,326.4011535644531,331.32000732421875,336.8800048828125,330.9100036621094,332.1499938964844,25052100
2023-10-20,321.82025146484375,326.6700134277344,331.9200134277344,325.45001220703125,331.7200012207031,25027700
2023-10-23,324.4308776855469,329.32000732421875,332.7300109863281,324.3900146484375,325.4700012207031,24374700
2023-10-24,325.6228942871094,330.5299987792969,331.8399963378906,327.6000061035156,331.29998779296875,31153600
2023-10-25,335.6123962402344,340.6700134277344,346.20001220703125,337.6199951171875,345.0199890136719,55053800
2023-10-26,323.02203369140625,327.8900146484375,341.6300048828125,326.94000244140625,340.5400085449219,37828500
2023-10-27,324.91357421875,329.80999755859375,336.7200012207031,328.3999938964844,330.42999267578125,29856500
2023-10-30,332.30218505859375,337.30999755859375,339.45001220703125,331.8299865722656,333.4100036621094,22828100
2023-10-31,333.09033203125,338.1099853515625,339.0,334.69000244140625,338.8500061035156,20265300
2023-11-01,340.9321594238281,346.07000732421875,347.4200134277344,339.6499938964844,339.7900085449219,28158800
2023-11-02,343.1487121582031,348.32000732421875,348.8299865722656,344.7699890136719,347.239990234375,24348100
2023-11-03,347.56219482421875,352.79998779296875,354.3900146484375,347.3299865722656,349.6300048828125,23637700
2023-11-06,351.23687744140625,356.5299987792969,357.5400085449219,353.3500061035156,353.45001220703125,23828300
2023-11-07,355.1774597167969,360.5299987792969,362.4599914550781,357.6300048828125,359.3999938964844,25833900
2023-11-08,357.807861328125,363.20001220703125,363.8699951171875,360.54998779296875,361.67999267578125,26767800
2023-11-09,355.33514404296875,360.69000244140625,364.7900085449219,360.3599853515625,362.29998779296875,24847300
2023-11-10,364.1817932128906,369.6700134277344,370.1000061035156,361.07000732421875,361.489990234375,28042100
2023-11-13,361.2361145019531,366.67999267578125,368.4700012207031,365.8999938964844,368.2200012207031,19986500
2023-11-14,364.7728271484375,370.2699890136719,371.95001220703125,367.3500061035156,371.010009765625,27683900
2023-11-15,364.92095947265625,369.6700134277344,373.1300048828125,367.1099853515625,371.2799987792969,26860100
2023-11-16,371.33746337890625,376.1700134277344,376.3500061035156,370.17999267578125,370.9599914550781,27182300
2023-11-17,365.0986633300781,369.8500061035156,374.3699951171875,367.0,373.6099853515625,40157000
2023-11-20,372.5911560058594,377.44000244140625,378.8699951171875,371.0,371.2200012207031,52465100
2023-11-21,368.27728271484375,373.07000732421875,376.2200012207031,371.1199951171875,375.6700134277344,28423100
2023-11-22,372.9958801269531,377.8500061035156,379.7900085449219,374.9700012207031,378.0,23345300
2023-11-24,372.5812683105469,377.42999267578125,377.9700012207031,375.1400146484375,377.3299865722656,10176600
2023-11-27,373.7461242675781,378.6099853515625,380.6400146484375,376.20001220703125,376.7799987792969,22179200
2023-11-28,377.7835693359375,382.70001220703125,383.0,378.1600036621094,378.3500061035156,20453100
2023-11-29,373.9830017089844,378.8500061035156,384.29998779296875,377.44000244140625,383.760009765625,28963400
2023-11-30,374.0422668457031,378.9100036621094,380.0899963378906,375.4700012207031,378.489990234375,30554400
2023-12-01,369.69879150390625,374.510009765625,378.1600036621094,371.30999755859375,376.760009765625,33040500
2023-12-04,364.3977355957031,369.1400146484375,369.5199890136719,362.8999938964844,369.1000061035156,32063300
2023-12-05,367.73431396484375,372.5199890136719,373.0799865722656,365.6199951171875,366.45001220703125,23065000
2023-12-06,364.0621337890625,368.79998779296875,374.17999267578125,368.0299987792969,373.5400085449219,21182100
2023-12-07,366.1845703125,370.95001220703125,371.45001220703125,366.32000732421875,368.2300109863281,23118900
2023-12-08,369.4223937988281,374.2300109863281,374.4599914550781,368.2300109863281,369.20001220703125,20154400
2023-12-11,366.5299987792969,371.29998779296875,371.6000061035156,366.1000061035156,368.4800109863281,27708800
2023-12-12,369.5704650878906,374.3800048828125,374.4200134277344,370.4599914550781,370.8500061035156,24838300
2023-12-13,369.5605773925781,374.3699951171875,377.6400146484375,370.7699890136719,376.0199890136719,30955500
2023-12-14,361.22900390625,365.92999267578125,373.760009765625,364.1300048828125,373.30999755859375,43277500
2023-12-15,365.96734619140625,370.7300109863281,372.3999938964844,366.2799987792969,366.8500061035156,78502300
2023-12-18,367.8626708984375,372.6499938964844,373.0,368.67999267578125,369.45001220703125,21802900
2023-12-19,368.4648742675781,373.260009765625,373.260009765625,369.8399963378906,371.489990234375,20603700
2023-12-20,365.8587341308594,370.6199951171875,376.0299987792969,370.5299987792969,375.0,26316700
2023-12-21,368.7412414550781,373.5400085449219,374.4100036621094,370.0400085449219,372.55999755859375,17708000
2023-12-22,369.7679138183594,374.5799865722656,375.17999267578125,372.7099914550781,373.67999267578125,17107500
2023-12-26,369.84686279296875,374.6600036621094,376.94000244140625,373.5,375.0,12673100
2023-12-27,369.2644348144531,374.07000732421875,375.05999755859375,372.80999755859375,373.69000244140625,14905400
2023-12-28,370.45892333984375,375.2799987792969,376.4599914550781,374.1600036621094,375.3699951171875,14327000
2023-12-29,371.20916748046875,376.0400085449219,377.1600036621094,373.4800109863281,376.0,18730800
