Price,Adj Close,Close,High,Low,Open,Volume
Ticker,NVDA,NVDA,NVDA,NVDA,NVDA,NVDA
Date,,,,,,
2014-01-02,0.37390583753585815,0.39649999141693115,0.3995000123977661,0.3930000066757202,0.39800000190734863,260092000
2014-01-03,0.36942657828330994,0.3917500078678131,0.39800000190734863,0.390500009059906,0.3972499966621399,259332000
2014-01-06,0.37437742948532104,0.3970000147819519,0.4000000059604645,0.3919999897480011,0.3957499861717224,409492000
2014-01-07,0.3805069923400879,0.4034999907016754,0.4050000011920929,0.398250013589859,0.4009999930858612,333288000
2014-01-08,0.38569357991218567,0.4090000092983246,0.41100001335144043,0.4034999907016754,0.4050000011920929,308192000
2014-01-09,0.37131267786026,0.39375001192092896,0.4034999907016754,0.39250001311302185,0.4027499854564667,292172000
2014-01-10,0.37084105610847473,0.3932499885559082,0.39774999022483826,0.38975000381469727,0.39500001072883606,218492000
2014-01-13,0.3621181547641754,0.3840000033378601,0.3957499861717224,0.38324999809265137,0.3932499885559082,243332000
2014-01-14,0.37343427538871765,0.3959999978542328,0.39675000309944153,0.3842499852180481,0.38600000739097595,241828000
2014-01-15,0.3774421215057373,0.40024998784065247,0.40174999833106995,0.3959999978542328,0.39774999022483826,175044000
2014-01-16,0.37862104177474976,0.40149998664855957,0.4022499918937683,0.398499995470047,0.40024998784065247,220652000
2014-01-17,0.3769705891609192,0.3997499942779541,0.40625,0.3972499966621399,0.40149998664855957,340400000
2014-01-21,0.37838518619537354,0.4012500047683716,0.4037500023841858,0.3970000147819519,0.40024998784065247,246076000
2014-01-22,0.3779137432575226,0.4007500112056732,0.4025000035762787,0.3959999978542328,0.4020000100135803,337940000
2014-01-23,0.376499205827713,0.39925000071525574,0.4037500023841858,0.39625000953674316,0.3995000123977661,185028000
2014-01-24,0.36683329939842224,0.3889999985694885,0.39750000834465027,0.3889999985694885,0.3959999978542328,246696000
2014-01-27,0.36447569727897644,0.3865000009536743,0.3944999873638153,0.3842499852180481,0.3889999985694885,233812000
2014-01-28,0.36801204085350037,0.39024999737739563,0.390500009059906,0.3842499852180481,0.3857499957084656,167996000
2014-01-29,0.36447569727897644,0.3865000009536743,0.39100000262260437,0.38624998927116394,0.38874998688697815,162944000
2014-01-30,0.37060534954071045,0.3930000066757202,0.39375001192092896,0.38749998807907104,0.38874998688697815,202896000
2014-01-31,0.3701338469982147,0.39250001311302185,0.3947499990463257,0.38725000619888306,0.38749998807907104,335348000
2014-02-03,0.36518290638923645,0.38725000619888306,0.3957499861717224,0.3857499957084656,0.39524999260902405,431728000
2014-02-04,0.36730480194091797,0.3894999921321869,0.39024999737739563,0.38499999046325684,0.3869999945163727,280692000
2014-02-05,0.3640042841434479,0.38600000739097595,0.3880000114440918,0.382999986410141,0.3867500126361847,214676000
2014-02-06,0.3687192499637604,0.39100000262260437,0.3919999897480011,0.38600000739097595,0.3865000009536743,168380000
2014-02-07,0.37414172291755676,0.39675000309944153,0.3972499966621399,0.38850000500679016,0.3919999897480011,157248000
2014-02-10,0.3753204643726349,0.39800000190734863,0.4032500088214874,0.3959999978542328,0.39625000953674316,324372000
2014-02-11,0.3831002414226532,0.40625,0.40724998712539673,0.398250013589859,0.40024998784065247,235384000
2014-02-12,0.39677396416664124,0.4207499921321869,0.42375001311302185,0.4074999988079071,0.4074999988079071,744528000
2014-02-13,0.40926894545555115,0.4339999854564667,0.43650001287460327,0.42375001311302185,0.4312500059604645,902836000
2014-02-14,0.4222354292869568,0.4477500021457672,0.44874998927116394,0.429749995470047,0.4300000071525574,817536000
2014-02-18,0.4219996929168701,0.44749999046325684,0.4494999945163727,0.4437499940395355,0.4480000138282776,428988000
2014-02-19,0.4276578724384308,0.45350000262260437,0.45750001072883606,0.445499986410141,0.44749999046325684,450340000
2014-02-20,0.442746102809906,0.46950000524520874,0.47049999237060547,0.45375001430511475,0.4544999897480011,398088000
2014-02-21,0.4394455552101135,0.4659999907016754,0.47475001215934753,0.46299999952316284,0.46875,451052000
2014-02-24,0.4458107352256775,0.4727500081062317,0.4762499928474426,0.460750013589859,0.4650000035762787,403112000
2014-02-25,0.44379791617393494,0.4684999883174896,0.47200000286102295,0.4634999930858612,0.4699999988079071,242184000
2014-02-26,0.44308745861053467,0.46775001287460327,0.47450000047683716,0.4662500023841858,0.4675000011920929,360884000
2014-02-27,0.438114196062088,0.4625000059604645,0.4724999964237213,0.4612500071525574,0.46775001287460327,388848000
2014-02-28,0.4352724850177765,0.4595000147819519,0.4645000100135803,0.45274999737739563,0.46000000834465027,321692000
2014-03-03,0.4331411123275757,0.4572499990463257,0.4572499990463257,0.445250004529953,0.4492500126361847,375948000
2014-03-04,0.4376406967639923,0.4620000123977661,0.4650000035762787,0.45875000953674316,0.4595000147819519,260344000
2014-03-05,0.4414297342300415,0.4659999907016754,0.4662500023841858,0.4595000147819519,0.46149998903274536,241472000
2014-03-06,0.4352724850177765,0.4595000147819519,0.46924999356269836,0.45875000953674316,0.46674999594688416,290144000
2014-03-07,0.43479880690574646,0.45899999141693115,0.4622499942779541,0.4555000066757202,0.46149998903274536,268452000
2014-03-10,0.42840471863746643,0.45225000381469727,0.4595000147819519,0.4502499997615814,0.45750001072883606,300888000
2014-03-11,0.43266740441322327,0.4567500054836273,0.460750013589859,0.453000009059906,0.4544999897480011,297220000
2014-03-12,0.4338514804840088,0.4580000042915344,0.460750013589859,0.45274999737739563,0.4544999897480011,239428000
2014-03-13,0.4201160669326782,0.44350001215934753,0.460750013589859,0.4412499964237213,0.45899999141693115,385172000
2014-03-14,0.422010600566864,0.445499986410141,0.4494999945163727,0.4390000104904175,0.4390000104904175,460048000
2014-03-17,0.422010600566864,0.445499986410141,0.44999998807907104,0.4449999928474426,0.4467499852180481,299656000
2014-03-18,0.4319569766521454,0.4560000002384186,0.45899999141693115,0.445250004529953,0.44725000858306885,293904000
2014-03-19,0.43953508138656616,0.46399998664855957,0.4727500081062317,0.4582499861717224,0.4595000147819519,366168000
2014-03-20,0.4397718906402588,0.46424999833106995,0.46825000643730164,0.4595000147819519,0.46149998903274536,191800000
2014-03-21,0.4390614628791809,0.4634999930858612,0.47200000286102295,0.460999995470047,0.46825000643730164,566116000
2014-03-24,0.4369300901889801,0.4612500071525574,0.4675000011920929,0.4544999897480011,0.4637500047683716,306096000
2014-03-25,0.4369300901889801,0.4612500071525574,0.46674999594688416,0.45774999260902405,0.4662500023841858,304424000
2014-03-26,0.42698386311531067,0.4507499933242798,0.4742499887943268,0.4467499852180481,0.46549999713897705,557756000
2014-03-27,0.4213000535964966,0.44475001096725464,0.45350000262260437,0.43974998593330383,0.44975000619888306,540728000
2014-03-28,0.4239051640033722,0.44749999046325684,0.4502499997615814,0.4427500069141388,0.4440000057220459,398820000
2014-03-31,0.42414191365242004,0.4477500021457672,0.45225000381469727,0.445250004529953,0.4482499957084656,273404000
2014-04-01,0.44166648387908936,0.4662500023841858,0.4717499911785126,0.45649999380111694,0.4620000123977661,656272000
2014-04-02,0.43882468342781067,0.4632500112056732,0.4672499895095825,0.4612500071525574,0.4662500023841858,239948000
2014-04-03,0.44356104731559753,0.46825000643730164,0.4794999957084656,0.46399998664855957,0.46424999833106995,599548000
2014-04-04,0.42982569336891174,0.45375001430511475,0.47350001335144043,0.4517500102519989,0.47075000405311584,368032000
2014-04-07,0.43124648928642273,0.45524999499320984,0.46399998664855957,0.4514999985694885,0.45399999618530273,428576000
2014-04-08,0.4466397166252136,0.4715000092983246,0.4727500081062317,0.4544999897480011,0.45524999499320984,470692000
2014-04-09,0.4461660385131836,0.47099998593330383,0.4777500033378601,0.4672499895095825,0.4737499952316284,421968000
2014-04-10,0.4352724850177765,0.4595000147819519,0.4754999876022339,0.4580000042915344,0.4690000116825104,372748000
2014-04-11,0.4291151463985443,0.453000009059906,0.46299999952316284,0.44699999690055847,0.4560000002384186,353112000
2014-04-14,0.4338514804840088,0.4580000042915344,0.4597499966621399,0.453000009059906,0.4560000002384186,290184000
2014-04-15,0.4369300901889801,0.4612500071525574,0.4637500047683716,0.45399999618530273,0.4584999978542328,304636000
2014-04-16,0.4378774166107178,0.4622499942779541,0.46399998664855957,0.45649999380111694,0.4634999930858612,235136000
2014-04-17,0.43953508138656616,0.46399998664855957,0.46825000643730164,0.4595000147819519,0.46050000190734863,153532000
2014-04-21,0.44308745861053467,0.46775001287460327,0.4690000116825104,0.4612500071525574,0.46424999833106995,117004000
2014-04-22,0.44687652587890625,0.4717499911785126,0.47475001215934753,0.4659999907016754,0.4684999883174896,255120000
2014-04-23,0.45208650827407837,0.47725000977516174,0.47850000858306885,0.4717499911785126,0.4724999964237213,261580000
2014-04-24,0.45611241459846497,0.4814999997615814,0.48649999499320984,0.4805000126361847,0.4805000126361847,391492000
2014-04-25,0.44356104731559753,0.46825000643730164,0.48500001430511475,0.4672499895095825,0.4805000126361847,313600000
2014-04-28,0.44166648387908936,0.4662500023841858,0.47450000047683716,0.46050000190734863,0.47200000286102295,226788000
2014-04-29,0.4426136910915375,0.4672499895095825,0.4690000116825104,0.4620000123977661,0.46799999475479126,171300000
2014-04-30,0.43740376830101013,0.46175000071525574,0.46700000762939453,0.460750013589859,0.46650001406669617,305740000
2014-05-01,0.4397718906402588,0.46424999833106995,0.46974998712539673,0.46050000190734863,0.46875,198104000
2014-05-02,0.436456561088562,0.460750013589859,0.46650001406669617,0.4580000042915344,0.46650001406669617,156376000
2014-05-05,0.4411929249763489,0.4657500088214874,0.46924999356269836,0.4597499966621399,0.46024999022483826,239260000
2014-05-06,0.432193785905838,0.45625001192092896,0.4742499887943268,0.45500001311302185,0.4702500104904175,416188000
2014-05-07,0.43266740441322327,0.4567500054836273,0.46050000190734863,0.4517500102519989,0.45625001192092896,293900000
2014-05-08,0.438114196062088,0.4625000059604645,0.46974998712539673,0.45274999737739563,0.45500001311302185,432728000
2014-05-09,0.42745739221572876,0.45124998688697815,0.45274999737739563,0.4427500069141388,0.44850000739097595,539532000
2014-05-12,0.4400086998939514,0.4645000100135803,0.46549999713897705,0.4519999921321869,0.45225000381469727,299856000
2014-05-13,0.4329042434692383,0.4569999873638153,0.4657500088214874,0.4555000066757202,0.4582499861717224,221104000
2014-05-14,0.42864155769348145,0.45249998569488525,0.45899999141693115,0.45225000381469727,0.4572499990463257,214320000
2014-05-15,0.42627331614494324,0.44999998807907104,0.45399999618530273,0.445499986410141,0.4514999985694885,325896000
2014-05-16,0.4253261387348175,0.4490000009536743,0.45225000381469727,0.4465000033378601,0.4465000033378601,283960000
2014-05-19,0.4390614628791809,0.4634999930858612,0.4659999907016754,0.4517500102519989,0.45375001430511475,360076000
2014-05-20,0.4339464604854584,0.4560000002384186,0.46274998784065247,0.45375001430511475,0.46149998903274536,256200000
2014-05-21,0.4339464604854584,0.4560000002384186,0.46175000071525574,0.453249990940094,0.45774999260902405,216712000
2014-05-22,0.43584972620010376,0.4580000042915344,0.46050000190734863,0.45500001311302185,0.45500001311302185,130364000
2014-05-23,0.4398941695690155,0.4622499942779541,0.4645000100135803,0.45774999260902405,0.46050000190734863,182656000
2014-05-27,0.44774505496025085,0.47049999237060547,0.47049999237060547,0.4634999930858612,0.4650000035762787,209680000
2014-05-28,0.45155179500579834,0.47450000047683716,0.47749999165534973,0.46775001287460327,0.4722500145435333,224676000
2014-05-29,0.4508380889892578,0.4737499952316284,0.47824999690055847,0.4727500081062317,0.4742499887943268,171884000
2014-05-30,0.4520275890827179,0.4749999940395355,0.4762499928474426,0.4712499976158142,0.4737499952316284,239128000
2014-06-02,0.4506000876426697,0.47350001335144043,0.4794999957084656,0.46950000524520874,0.476500004529953,181500000
2014-06-03,0.4486968219280243,0.4715000092983246,0.4749999940395355,0.4652499854564667,0.47450000047683716,243212000
2014-06-04,0.44917261600494385,0.47200000286102295,0.4754999876022339,0.4699999988079071,0.4702500104904175,161236000
2014-06-05,0.45107606053352356,0.4740000069141388,0.4754999876022339,0.4699999988079071,0.4727500081062317,188696000
2014-06-06,0.45274126529693604,0.47574999928474426,0.47999998927116394,0.47450000047683716,0.4762499928474426,161052000
2014-06-09,0.45321720838546753,0.4762499928474426,0.4807499945163727,0.47200000286102295,0.4752500057220459,247456000
2014-06-10,0.4555962383747101,0.47874999046325684,0.48100000619888306,0.4724999964237213,0.47450000047683716,217608000
2014-06-11,0.4615439474582672,0.48500001430511475,0.48625001311302185,0.47699999809265137,0.47699999809265137,266228000
2014-06-12,0.4643990099430084,0.4880000054836273,0.49024999141693115,0.4807499945163727,0.48500001430511475,337148000
2014-06-13,0.4648747146129608,0.4884999990463257,0.4932500123977661,0.48374998569488525,0.49300000071525574,227852000
2014-06-16,0.4634471833705902,0.4869999885559082,0.49024999141693115,0.4827499985694885,0.48625001311302185,198620000
2014-06-17,0.46654003858566284,0.49024999141693115,0.492249995470047,0.48500001430511475,0.48750001192092896,157608000
2014-06-18,0.4660641849040985,0.4897499978542328,0.492000013589859,0.484499990940094,0.48899999260902405,215536000
2014-06-19,0.45535826683044434,0.47850000858306885,0.4832499921321869,0.4749999940395355,0.4807499945163727,474592000
2014-06-20,0.4503622055053711,0.47325000166893005,0.4814999997615814,0.46950000524520874,0.47975000739097595,353148000
2014-06-23,0.4451281428337097,0.46775001287460327,0.46799999475479126,0.46149998903274536,0.46700000762939453,414200000
2014-06-24,0.4382288157939911,0.46050000190734863,0.47075000405311584,0.4584999978542328,0.46700000762939453,275780000
2014-06-25,0.4427490532398224,0.4652499854564667,0.46549999713897705,0.45750001072883606,0.46175000071525574,215420000
2014-06-26,0.43680134415626526,0.45899999141693115,0.46549999713897705,0.45750001072883606,0.4652499854564667,256908000
2014-06-27,0.43727728724479675,0.4595000147819519,0.4622499942779541,0.4557499885559082,0.4584999978542328,302820000
2014-06-30,0.441083699464798,0.4634999930858612,0.4647499918937683,0.45774999260902405,0.45774999260902405,180512000
2014-07-01,0.44607987999916077,0.46875,0.4715000092983246,0.46149998903274536,0.46299999952316284,321180000
2014-07-02,0.4444144666194916,0.46700000762939453,0.4690000116825104,0.46424999833106995,0.46700000762939453,179284000
2014-07-03,0.4484589397907257,0.4712499976158142,0.4724999964237213,0.46274998784065247,0.46274998784065247,136892000
2014-07-07,0.44489026069641113,0.4675000011920929,0.4722500145435333,0.46674999594688416,0.47200000286102295,127496000
2014-07-08,0.4413216710090637,0.4637500047683716,0.46825000643730164,0.45925000309944153,0.4662500023841858,221940000
2014-07-09,0.4546445608139038,0.4777500033378601,0.47975000739097595,0.46424999833106995,0.46775001287460327,387668000
2014-07-10,0.45226553082466125,0.4752500057220459,0.47725000977516174,0.4650000035762787,0.46875,266308000
2014-07-11,0.45321720838546753,0.4762499928474426,0.4777500033378601,0.4740000069141388,0.47574999928474426,191188000
2014-07-14,0.4589270353317261,0.48225000500679016,0.48350000381469727,0.476500004529953,0.47824999690055847,272636000
2014-07-15,0.4608302116394043,0.484250009059906,0.4855000078678131,0.47975000739097595,0.4830000102519989,395440000
2014-07-16,0.46035438776016235,0.48374998569488525,0.49000000953674316,0.48100000619888306,0.48625001311302185,319728000
2014-07-17,0.4591648280620575,0.48249998688697815,0.48750001192092896,0.47824999690055847,0.47824999690055847,324832000
2014-07-18,0.43870458006858826,0.460999995470047,0.4762499928474426,0.46024999022483826,0.4724999964237213,567816000
2014-07-21,0.4413216710090637,0.4637500047683716,0.46700000762939453,0.45925000309944153,0.45925000309944153,243364000
2014-07-22,0.43941837549209595,0.46175000071525574,0.46974998712539673,0.460750013589859,0.4672499895095825,298816000
2014-07-23,0.4301399290561676,0.4519999921321869,0.4622499942779541,0.4514999985694885,0.4620000123977661,297352000
2014-07-24,0.43085363507270813,0.45274999737739563,0.4557499885559082,0.4494999945163727,0.4544999897480011,254576000
2014-07-25,0.42324045300483704,0.44475001096725464,0.45225000381469727,0.4440000057220459,0.45124998688697815,266132000
2014-07-28,0.4215751588344574,0.4429999887943268,0.4467499852180481,0.43549999594688416,0.4467499852180481,330352000
2014-07-29,0.423002690076828,0.44449999928474426,0.4505000114440918,0.4429999887943268,0.44325000047683716,217972000
2014-07-30,0.4301399290561676,0.4519999921321869,0.453249990940094,0.44600000977516174,0.44725000858306885,246184000
2014-07-31,0.4163411557674408,0.4375,0.44999998807907104,0.43674999475479126,0.4465000033378601,401880000
2014-08-01,0.4208614230155945,0.44225001335144043,0.44475001096725464,0.4359999895095825,0.4375,219884000
2014-08-04,0.41990983486175537,0.4412499964237213,0.445499986410141,0.4390000104904175,0.4417499899864197,241724000
2014-08-05,0.4201478064060211,0.4415000081062317,0.4480000138282776,0.4362500011920929,0.4399999976158142,298136000
2014-08-06,0.41967201232910156,0.4410000145435333,0.4465000033378601,0.43525001406669617,0.43849998712539673,223456000
2014-08-07,0.4153895378112793,0.43650001287460327,0.44874998927116394,0.4334999918937683,0.44475001096725464,407696000
2014-08-08,0.4520275890827179,0.4749999940395355,0.47749999165534973,0.4555000066757202,0.4555000066757202,894348000
2014-08-11,0.44964849948883057,0.4724999964237213,0.47749999165534973,0.4712499976158142,0.4754999876022339,344624000
2014-08-12,0.44964849948883057,0.4724999964237213,0.4749999940395355,0.4672499895095825,0.4722500145435333,296152000
2014-08-13,0.45226553082466125,0.4752500057220459,0.4792500138282776,0.4702500104904175,0.47325000166893005,256596000
2014-08-14,0.4472694396972656,0.4699999988079071,0.47699999809265137,0.46799999475479126,0.47699999809265137,255992000
2014-08-15,0.4529791474342346,0.47600001096725464,0.47874999046325684,0.46700000762939453,0.4715000092983246,369796000
2014-08-18,0.4591648280620575,0.48249998688697815,0.4830000102519989,0.47325000166893005,0.4779999852180481,284076000
2014-08-19,0.46286872029304504,0.484250009059906,0.4867500066757202,0.47874999046325684,0.4805000126361847,248260000
2014-08-20,0.4600011706352234,0.48124998807907104,0.48475000262260437,0.47999998927116394,0.48249998688697815,221468000
2014-08-21,0.45569998025894165,0.476749986410141,0.48249998688697815,0.47600001096725464,0.47999998927116394,272796000
2014-08-22,0.45593875646591187,0.47699999809265137,0.48100000619888306,0.47325000166893005,0.4762499928474426,251224000
2014-08-25,0.45665568113327026,0.4777500033378601,0.48225000500679016,0.476749986410141,0.4790000021457672,153380000
2014-08-26,0.46478042006492615,0.48625001311302185,0.4872500002384186,0.47725000977516174,0.4790000021457672,269636000
2014-08-27,0.4595232605934143,0.4807499945163727,0.4869999885559082,0.47999998927116394,0.4832499921321869,182972000
2014-08-28,0.4633467197418213,0.48475000262260437,0.4857499897480011,0.47824999690055847,0.47975000739097595,179704000
2014-08-29,0.46478042006492615,0.48625001311302185,0.4872500002384186,0.48124998807907104,0.48649999499320984,207932000
2014-09-02,0.46597525477409363,0.48750001192092896,0.48750001192092896,0.4830000102519989,0.48750001192092896,192636000
2014-09-03,0.4702765643596649,0.492000013589859,0.4937500059604645,0.4867500066757202,0.49000000953674316,259456000
2014-09-04,0.47864022850990295,0.5007500052452087,0.5037500262260437,0.4909999966621399,0.49125000834465027,491832000
2014-09-05,0.4772065281867981,0.49924999475479126,0.5024999976158142,0.4959999918937683,0.500249981880188,253792000
2014-09-08,0.47290515899658203,0.4947499930858612,0.4997499883174896,0.49274998903274536,0.4987500011920929,319288000
2014-09-09,0.4669310450553894,0.4884999990463257,0.4957500100135803,0.4880000054836273,0.4925000071525574,198588000
2014-09-10,0.46860378980636597,0.49024999141693115,0.492000013589859,0.4857499897480011,0.49125000834465027,172376000
2014-09-11,0.4638245701789856,0.48524999618530273,0.4884999990463257,0.47999998927116394,0.4867500066757202,250720000
2014-09-12,0.45689475536346436,0.4779999852180481,0.4882499873638153,0.47749999165534973,0.4882499873638153,262536000
2014-09-15,0.45068174600601196,0.4715000092983246,0.4802500009536743,0.46950000524520874,0.4794999957084656,294152000
2014-09-16,0.4573725759983063,0.47850000858306885,0.48100000619888306,0.46875,0.4702500104904175,219936000
2014-09-17,0.457611620426178,0.47874999046325684,0.4832499921321869,0.4749999940395355,0.47725000977516174,173584000
2014-09-18,0.4645414650440216,0.4860000014305115,0.48649999499320984,0.4802500009536743,0.4817500114440918,219604000
2014-09-19,0.45593875646591187,0.47699999809265137,0.4880000054836273,0.4762499928474426,0.48750001192092896,601316000
2014-09-22,0.4513985812664032,0.4722500145435333,0.4867500066757202,0.4717499911785126,0.4867500066757202,221464000
2014-09-23,0.4494868516921997,0.4702500104904175,0.4754999876022339,0.46799999475479126,0.46974998712539673,196144000
2014-09-24,0.45211541652679443,0.4729999899864197,0.47450000047683716,0.46950000524520874,0.4699999988079071,159592000
2014-09-25,0.44231799244880676,0.46274998784065247,0.4737499952316284,0.46175000071525574,0.4724999964237213,298440000
2014-09-26,0.44327399134635925,0.4637500047683716,0.4672499895095825,0.4622499942779541,0.46424999833106995,241188000
2014-09-29,0.4425570070743561,0.46299999952316284,0.4662500023841858,0.4555000066757202,0.46000000834465027,208540000
2014-09-30,0.4408842623233795,0.4612500071525574,0.4645000100135803,0.4557499885559082,0.460999995470047,277204000
2014-10-01,0.4365830421447754,0.4567500054836273,0.4652499854564667,0.4555000066757202,0.4620000123977661,350976000
2014-10-02,0.4346713125705719,0.4547500014305115,0.4582499861717224,0.4442499876022339,0.4560000002384186,288996000
2014-10-03,0.4356270134449005,0.4557499885559082,0.4637500047683716,0.4557499885559082,0.45750001072883606,239140000
2014-10-06,0.43299856781959534,0.453000009059906,0.4612500071525574,0.44999998807907104,0.45750001072883606,199032000
2014-10-07,0.42845824360847473,0.4482499957084656,0.4555000066757202,0.4477500021457672,0.45100000500679016,301896000
2014-10-08,0.43634408712387085,0.45649999380111694,0.45875000953674316,0.4442499876022339,0.4477500021457672,260172000
2014-10-09,0.42798030376434326,0.4477500021457672,0.45500001311302185,0.4440000057220459,0.4544999897480011,306956000
2014-10-10,0.4026504158973694,0.42124998569488525,0.44574999809265137,0.42100000381469727,0.4442499876022339,691376000
2014-10-13,0.40121668577194214,0.41975000500679016,0.4325000047683716,0.4192500114440918,0.42399999499320984,397628000
2014-10-14,0.4105362594127655,0.429500013589859,0.4412499964237213,0.4230000078678131,0.4255000054836273,376620000
2014-10-15,0.41674914956092834,0.4359999895095825,0.43825000524520874,0.4205000102519989,0.4232499897480011,404428000
2014-10-16,0.4169880747795105,0.4362500011920929,0.4412499964237213,0.4272499978542328,0.4282500147819519,351116000
2014-10-17,0.41627123951911926,0.43549999594688416,0.4465000033378601,0.4337500035762787,0.4415000081062317,290716000
2014-10-20,0.419855535030365,0.43924999237060547,0.44325000047683716,0.4325000047683716,0.43549999594688416,200336000
2014-10-21,0.43777769804000854,0.4580000042915344,0.4584999978542328,0.4412499964237213,0.4424999952316284,351092000
2014-10-22,0.42750242352485657,0.44725000858306885,0.45875000953674316,0.44725000858306885,0.4572499990463257,239512000
2014-10-23,0.4370609223842621,0.4572499990463257,0.46050000190734863,0.4517500102519989,0.45500001311302185,214476000
2014-10-24,0.4416012763977051,0.4620000123977661,0.4647499918937683,0.4572499990463257,0.46000000834465027,210156000
2014-10-27,0.4418400526046753,0.4622499942779541,0.46399998664855957,0.4567500054836273,0.46175000071525574,145092000
2014-10-28,0.45235440135002136,0.47325000166893005,0.4737499952316284,0.46050000190734863,0.460999995470047,192580000
2014-10-29,0.4494868516921997,0.4702500104904175,0.4740000069141388,0.4659999907016754,0.4712499976158142,168340000
2014-10-30,0.4466192424297333,0.4672499895095825,0.47099998593330383,0.4612500071525574,0.4690000116825104,170260000
2014-10-31,0.4669310450553894,0.4884999990463257,0.48875001072883606,0.4754999876022339,0.4779999852180481,256316000
2014-11-03,0.4748168885707855,0.49674999713897705,0.5015000104904175,0.49424999952316284,0.4997499883174896,308732000
2014-11-04,0.4810299873352051,0.503250002861023,0.5049999952316284,0.49175000190734863,0.5,360196000
2014-11-05,0.4810299873352051,0.503250002861023,0.5065000057220459,0.49950000643730164,0.5062500238418579,335652000
2014-11-06,0.4831804037094116,0.5055000185966492,0.5062500238418579,0.4964999854564667,0.5042499899864197,394088000
2014-11-07,0.47290515899658203,0.4947499930858612,0.5172500014305115,0.4897499978542328,0.5112500190734863,450800000
2014-11-10,0.47840121388435364,0.5005000233650208,0.5037500262260437,0.49300000071525574,0.49424999952316284,293388000
2014-11-11,0.4726661145687103,0.4945000112056732,0.500249981880188,0.49024999141693115,0.4975000023841858,212992000
2014-11-12,0.4695596396923065,0.49125000834465027,0.49399998784065247,0.484499990940094,0.49274998903274536,204584000
2014-11-13,0.46717002987861633,0.48875001072883606,0.4937500059604645,0.48475000262260437,0.49300000071525574,225328000
2014-11-14,0.47290515899658203,0.4947499930858612,0.4947499930858612,0.484499990940094,0.4892500042915344,160248000
2014-11-17,0.47075438499450684,0.4925000071525574,0.49775001406669617,0.4892500042915344,0.4925000071525574,158732000
2014-11-18,0.4819857180118561,0.5042499899864197,0.5055000185966492,0.49149999022483826,0.49274998903274536,207772000
2014-11-19,0.4801858365535736,0.500249981880188,0.5040000081062317,0.4950000047683716,0.5024999976158142,240300000
2014-11-20,0.48810485005378723,0.5084999799728394,0.5090000033378601,0.49524998664855957,0.49674999713897705,220968000
2014-11-21,0.4907446503639221,0.5112500190734863,0.5137500166893005,0.5070000290870667,0.5130000114440918,198976000
2014-11-24,0.4938644766807556,0.5145000219345093,0.5167499780654907,0.5105000138282776,0.512499988079071,136004000
2014-11-25,0.4936244487762451,0.5142499804496765,0.5180000066757202,0.512499988079071,0.5134999752044678,190240000
2014-11-26,0.5020232796669006,0.5230000019073486,0.5235000252723694,0.5109999775886536,0.5112500190734863,219264000
2014-11-28,0.5032233595848083,0.5242499709129333,0.5272499918937683,0.5199999809265137,0.5247499942779541,124832000
2014-12-01,0.4938644766807556,0.5145000219345093,0.5249999761581421,0.5137500166893005,0.5220000147819519,190060000
2014-12-02,0.4945841431617737,0.515250027179718,0.5174999833106995,0.5092499852180481,0.5139999985694885,245952000
2014-12-03,0.5073029398918152,0.5285000205039978,0.5287500023841858,0.5162500143051147,0.5177500247955322,284424000
2014-12-04,0.5027432441711426,0.5237500071525574,0.5297499895095825,0.5202500224113464,0.5277500152587891,185332000
2014-12-05,0.5056230425834656,0.5267500281333923,0.5295000076293945,0.5237500071525574,0.5239999890327454,165680000
2014-12-08,0.4991437494754791,0.5199999809265137,0.53125,0.515749990940094,0.5260000228881836,226944000
2014-12-09,0.4974638819694519,0.5182499885559082,0.5195000171661377,0.5090000033378601,0.5167499780654907,239448000
2014-12-10,0.4864251911640167,0.5067499876022339,0.518750011920929,0.5062500238418579,0.5167499780654907,204364000
2014-12-11,0.4861849248409271,0.5065000057220459,0.5132499933242798,0.5055000185966492,0.5097500085830688,135652000
2014-12-12,0.4710668623447418,0.4907500147819519,0.5042499899864197,0.49024999141693115,0.4997499883174896,323964000
2014-12-15,0.4696269929409027,0.4892500042915344,0.5055000185966492,0.48774999380111694,0.4964999854564667,254696000
2014-12-16,0.46434763073921204,0.48374998569488525,0.4964999854564667,0.48350000381469727,0.48875001072883606,185308000
2014-12-17,0.483305424451828,0.5034999847412109,0.5042499899864197,0.47749999165534973,0.4934999942779541,345596000
2014-12-18,0.4852253198623657,0.5055000185966492,0.515749990940094,0.5007500052452087,0.5097500085830688,226156000
2014-12-19,0.49002477526664734,0.5105000138282776,0.512499988079071,0.5042499899864197,0.5090000033378601,325528000
2014-12-22,0.49866363406181335,0.5195000171661377,0.5195000171661377,0.5082499980926514,0.5099999904632568,148976000
2014-12-23,0.4955441355705261,0.5162500143051147,0.5260000228881836,0.515749990940094,0.5235000252723694,109280000
2014-12-24,0.4936244487762451,0.5142499804496765,0.5182499885559082,0.5137500166893005,0.5174999833106995,45644000
2014-12-26,0.49410420656204224,0.5147500038146973,0.5174999833106995,0.5130000114440918,0.5142499804496765,52636000
2014-12-29,0.49338436126708984,0.5139999985694885,0.5174999833106995,0.5107499957084656,0.5132499933242798,82944000
2014-12-30,0.48882484436035156,0.5092499852180481,0.5130000114440918,0.5084999799728394,0.5105000138282776,112120000
2014-12-31,0.48114579916000366,0.5012500286102295,0.5127500295639038,0.4997499883174896,0.5099999904632568,166300000
2015-01-02,0.4830656945705414,0.503250002861023,0.5070000290870667,0.49524998664855957,0.503250002861023,113680000
2015-01-05,0.4749065339565277,0.4947499930858612,0.5047500133514404,0.4925000071525574,0.503250002861023,197952000
2015-01-06,0.46050819754600525,0.47975000739097595,0.4959999918937683,0.4792500138282776,0.49549999833106995,197764000
2015-01-07,0.4593081772327423,0.47850000858306885,0.48750001192092896,0.47699999809265137,0.4832499921321869,321808000
2015-01-08,0.4765862226486206,0.4964999854564667,0.49950000643730164,0.48374998569488525,0.48399999737739563,283780000
2015-01-09,0.4785059988498688,0.4984999895095825,0.5022500157356262,0.49149999022483826,0.49825000762939453,209540000
2015-01-12,0.47250673174858093,0.492249995470047,0.5,0.48774999380111694,0.4997499883174896,190732000
2015-01-13,0.4717867374420166,0.49149999022483826,0.5059999823570251,0.4880000054836273,0.4959999918937683,236720000
2015-01-14,0.47370657324790955,0.4934999942779541,0.4950000047683716,0.48500001430511475,0.48625001311302185,155260000
2015-01-15,0.47034695744514465,0.49000000953674316,0.5,0.4897499978542328,0.4970000088214874,188932000
2015-01-16,0.4789859652519226,0.49900001287460327,0.49950000643730164,0.48774999380111694,0.4892500042915344,181512000
2015-01-20,0.4804258644580841,0.5005000233650208,0.5052499771118164,0.49424999952316284,0.5024999976158142,140308000
2015-01-21,0.4871450960636139,0.5074999928474426,0.5087500214576721,0.49424999952316284,0.49775001406669617,144780000
2015-01-22,0.4955441355705261,0.5162500143051147,0.5177500247955322,0.503250002861023,0.5084999799728394,159712000
2015-01-23,0.4969837963581085,0.5177500247955322,0.518750011920929,0.512499988079071,0.5167499780654907,120416000
2015-01-26,0.4948243796825409,0.515500009059906,0.5180000066757202,0.5122500061988831,0.515500009059906,133240000
2015-01-27,0.4710668623447418,0.4907500147819519,0.5080000162124634,0.4897499978542328,0.5074999928474426,357948000
2015-01-28,0.46338778734207153,0.4827499985694885,0.4987500011920929,0.48249998688697815,0.49674999713897705,272728000
2015-01-29,0.47466644644737244,0.4945000112056732,0.4972499907016754,0.4807499945163727,0.4830000102519989,235340000
2015-01-30,0.4607480764389038,0.47999998927116394,0.49674999713897705,0.4792500138282776,0.4909999966621399,298200000
2015-02-02,0.4708269536495209,0.49050000309944153,0.4925000071525574,0.47350001335144043,0.4830000102519989,259604000
2015-02-03,0.4825855791568756,0.5027499794960022,0.503250002861023,0.49149999022483826,0.49399998784065247,183468000
2015-02-04,0.4837855398654938,0.5040000081062317,0.5097500085830688,0.4997499883174896,0.5012500286102295,181516000
2015-02-05,0.491704523563385,0.5122500061988831,0.512499988079071,0.5040000081062317,0.5044999718666077,140448000
2015-02-06,0.48954492807388306,0.5099999904632568,0.5177500247955322,0.5077499747276306,0.5117499828338623,210524000
2015-02-09,0.4890648126602173,0.5095000267028809,0.5109999775886536,0.5037500262260437,0.5070000290870667,273944000
2015-02-10,0.5027432441711426,0.5237500071525574,0.5239999890327454,0.5077499747276306,0.5099999904632568,226204000
2015-02-11,0.49938371777534485,0.5202500224113464,0.5249999761581421,0.5167499780654907,0.5249999761581421,320832000
2015-02-12,0.5351396799087524,0.5575000047683716,0.5625,0.546750009059906,0.550000011920929,676904000
2015-02-13,0.5353797674179077,0.5577499866485596,0.5584999918937683,0.5477499961853027,0.5562499761581421,310084000
2015-02-17,0.5370595455169678,0.559499979019165,0.562250018119812,0.5532500147819519,0.5567499995231628,203340000
2015-02-18,0.5308200716972351,0.5529999732971191,0.5597500205039978,0.5519999861717224,0.5587499737739563,170948000
2015-02-19,0.5322600603103638,0.5544999837875366,0.5609999895095825,0.5519999861717224,0.5600000023841858,169432000
2015-02-20,0.5360997319221497,0.5584999918937683,0.5587499737739563,0.550000011920929,0.5540000200271606,157752000
2015-02-23,0.5317800641059875,0.5540000200271606,0.5582500100135803,0.5512499809265137,0.5582500100135803,125008000
2015-02-24,0.5374412536621094,0.5577499866485596,0.5577499866485596,0.5490000247955322,0.5540000200271606,149356000
2015-02-25,0.5333459973335266,0.5534999966621399,0.5580000281333923,0.5509999990463257,0.5554999709129333,123820000
2015-02-26,0.5347910523414612,0.5550000071525574,0.5582500100135803,0.5504999756813049,0.5540000200271606,152864000
2015-02-27,0.5314187407493591,0.5515000224113464,0.5547500252723694,0.5494999885559082,0.5534999966621399,157492000
2015-03-02,0.544427216053009,0.5649999976158142,0.5680000185966492,0.5492500066757202,0.550000011920929,301512000
2015-03-03,0.5343096256256104,0.5544999837875366,0.5634999871253967,0.5527499914169312,0.5607500076293945,160344000
2015-03-04,0.5403319001197815,0.5607500076293945,0.5619999766349792,0.5502499938011169,0.5525000095367432,226840000
2015-03-05,0.5506903529167175,0.5715000033378601,0.5724999904632568,0.559249997138977,0.5607500076293945,323056000
2015-03-06,0.5432227253913879,0.5637500286102295,0.5709999799728394,0.5632500052452087,0.5682500004768372,257392000
2015-03-09,0.5446679592132568,0.5652499794960022,0.5695000290870667,0.562749981880188,0.5640000104904175,222388000
2015-03-10,0.554063081741333,0.574999988079071,0.5787500143051147,0.5667499899864197,0.5677499771118164,527212000
2015-03-11,0.5511724352836609,0.5720000267028809,0.5824999809265137,0.5705000162124634,0.574999988079071,262120000
2015-03-12,0.5461133718490601,0.5667499899864197,0.5707499980926514,0.5559999942779541,0.5665000081062317,406972000
2015-03-13,0.5468361973762512,0.5674999952316284,0.5690000057220459,0.5562499761581421,0.5640000104904175,359288000
2015-03-16,0.5533403158187866,0.5742499828338623,0.577750027179718,0.5682500004768372,0.5720000267028809,236956000
2015-03-17,0.5600854158401489,0.581250011920929,0.5814999938011169,0.5690000057220459,0.5730000138282776,299900000
2015-03-18,0.5509313941001892,0.5717499852180481,0.5842499732971191,0.5665000081062317,0.581250011920929,413844000
2015-03-19,0.5593627691268921,0.5805000066757202,0.5824999809265137,0.5695000290870667,0.5737500190734863,310756000
2015-03-20,0.5653849840164185,0.5867499709129333,0.5902500152587891,0.5797500014305115,0.5852500200271606,462084000
2015-03-23,0.5470768213272095,0.5677499771118164,0.5767499804496765,0.5674999952316284,0.5692499876022339,426012000
2015-03-24,0.5396091341972351,0.5600000023841858,0.5699999928474426,0.5575000047683716,0.5659999847412109,330480000
2015-03-25,0.5068472027778625,0.5260000228881836,0.5597500205039978,0.5242499709129333,0.5597500205039978,542552000
2015-03-26,0.5051611065864563,0.5242499709129333,0.5264999866485596,0.5115000009536743,0.515250027179718,311920000
2015-03-27,0.5150377154350281,0.534500002861023,0.5364999771118164,0.518750011920929,0.5272499918937683,318288000
2015-03-30,0.517206072807312,0.5367500185966492,0.5394999980926514,0.5299999713897705,0.5370000004768372,253252000
2015-03-31,0.5041974186897278,0.5232499837875366,0.5357499718666077,0.5227500200271606,0.5352500081062317,357276000
2015-04-01,0.5061246156692505,0.5252500176429749,0.5270000100135803,0.5162500143051147,0.5252500176429749,330768000
2015-04-02,0.5073288679122925,0.5264999866485596,0.5297499895095825,0.5220000147819519,0.528249979019165,192204000
2015-04-06,0.5220236778259277,0.5417500138282776,0.5435000061988831,0.518750011920929,0.5242499709129333,515864000
2015-04-07,0.5266008377075195,0.546500027179718,0.5525000095367432,0.5387499928474426,0.5417500138282776,413964000
2015-04-08,0.5304551124572754,0.5504999756813049,0.5525000095367432,0.5417500138282776,0.546999990940094,366432000
2015-04-09,0.5427410006523132,0.5632500052452087,0.5649999976158142,0.5460000038146973,0.5462499856948853,379432000
2015-04-10,0.5482817888259888,0.5690000057220459,0.5692499876022339,0.5617499947547913,0.5637500286102295,258728000
2015-04-13,0.5432227253913879,0.5637500286102295,0.5709999799728394,0.5612499713897705,0.5677499771118164,236724000
2015-04-14,0.5386456251144409,0.5590000152587891,0.5637500286102295,0.5534999966621399,0.5615000128746033,220276000
2015-04-15,0.5451499223709106,0.565750002861023,0.5699999928474426,0.5577499866485596,0.5605000257492065,243560000
2015-04-16,0.5417772531509399,0.562250018119812,0.5672500133514404,0.5582500100135803,0.5625,155284000
2015-04-17,0.5347910523414612,0.5550000071525574,0.5605000257492065,0.5502499938011169,0.5504999756813049,293636000
2015-04-20,0.532141387462616,0.5522500276565552,0.5609999895095825,0.5512499809265137,0.5575000047683716,231624000
2015-04-21,0.5314187407493591,0.5515000224113464,0.5590000152587891,0.5487499833106995,0.5590000152587891,230456000
2015-04-22,0.5374412536621094,0.5577499866485596,0.5584999918937683,0.5462499856948853,0.5547500252723694,207420000
2015-04-23,0.5352729558944702,0.5554999709129333,0.5607500076293945,0.5412499904632568,0.5475000143051147,259380000
2015-04-24,0.5306961536407471,0.5507500171661377,0.5554999709129333,0.5444999933242798,0.5552499890327454,240960000
2015-04-27,0.5347910523414612,0.5550000071525574,0.5647500157356262,0.5477499961853027,0.5525000095367432,248456000
2015-04-28,0.5374412536621094,0.5577499866485596,0.5597500205039978,0.5487499833106995,0.5540000200271606,234484000
2015-04-29,0.5333459973335266,0.5534999966621399,0.559249997138977,0.5512499809265137,0.5537499785423279,195156000
2015-04-30,0.5347910523414612,0.5550000071525574,0.5577499866485596,0.5494999885559082,0.5507500171661377,218844000
2015-05-01,0.5480406880378723,0.5687500238418579,0.5705000162124634,0.5569999814033508,0.559499979019165,256968000
2015-05-04,0.5446679592132568,0.5652499794960022,0.5720000267028809,0.5634999871253967,0.5682500004768372,200720000
2015-05-05,0.5306961536407471,0.5507500171661377,0.5640000104904175,0.5482500195503235,0.5632500052452087,292928000
2015-05-06,0.5323823094367981,0.5525000095367432,0.5590000152587891,0.5452499985694885,0.5537499785423279,316484000
2015-05-07,0.5417772531509399,0.562250018119812,0.5640000104904175,0.5485000014305115,0.5502499938011169,534564000
2015-05-08,0.501788318157196,0.5207499861717224,0.5460000038146973,0.5122500061988831,0.5252500176429749,1146552000
2015-05-11,0.49697035551071167,0.515749990940094,0.5210000276565552,0.5095000267028809,0.5134999752044678,544144000
2015-05-12,0.501788318157196,0.5207499861717224,0.5249999761581421,0.5117499828338623,0.5120000243186951,388800000
2015-05-13,0.5046789646148682,0.5237500071525574,0.5285000205039978,0.518750011920929,0.5245000123977661,308524000
2015-05-14,0.5128699541091919,0.5322499871253967,0.5350000262260437,0.5239999890327454,0.5252500176429749,293052000
2015-05-15,0.5131104588508606,0.5325000286102295,0.5370000004768372,0.5292500257492065,0.534500002861023,215824000
2015-05-18,0.5123878717422485,0.5317500233650208,0.5350000262260437,0.5287500023841858,0.53125,324972000
2015-05-19,0.5091933012008667,0.5260000228881836,0.5317500233650208,0.5249999761581421,0.5299999713897705,253808000
2015-05-20,0.5091933012008667,0.5260000228881836,0.5325000286102295,0.5254999995231628,0.5262500047683716,196824000
2015-05-21,0.5055630207061768,0.5222499966621399,0.5285000205039978,0.5217499732971191,0.5262500047683716,239692000
2015-05-22,0.5048370957374573,0.5214999914169312,0.5254999995231628,0.5202500224113464,0.5235000252723694,212592000
2015-05-26,0.5016908645629883,0.5182499885559082,0.5224999785423279,0.5142499804496765,0.5189999938011169,259732000
2015-05-27,0.528554379940033,0.5460000038146973,0.5485000014305115,0.5199999809265137,0.5217499732971191,432332000
2015-05-28,0.535814642906189,0.5534999966621399,0.5552499890327454,0.5450000166893005,0.5460000038146973,327656000
2015-05-29,0.5355726480484009,0.5532500147819519,0.5569999814033508,0.5525000095367432,0.5534999966621399,335168000
2015-06-01,0.5416229963302612,0.559499979019165,0.5649999976158142,0.5532500147819519,0.5567499995231628,372660000
2015-06-02,0.5309743285179138,0.5485000014305115,0.5590000152587891,0.5479999780654907,0.5559999942779541,224304000
2015-06-03,0.5251660943031311,0.5425000190734863,0.5542500019073486,0.5414999723434448,0.550000011920929,250788000
2015-06-04,0.5346046090126038,0.5522500276565552,0.5540000200271606,0.5392500162124634,0.5392500162124634,323712000
2015-06-05,0.5387188792228699,0.5565000176429749,0.5590000152587891,0.5447499752044678,0.5504999756813049,313320000
2015-06-08,0.5263761281967163,0.543749988079071,0.5584999918937683,0.5375000238418579,0.5547500252723694,342812000
2015-06-09,0.5290383696556091,0.546500027179718,0.5504999756813049,0.5432500243186951,0.5442500114440918,256888000
2015-06-10,0.5196000933647156,0.5367500185966492,0.5435000061988831,0.5337499976158142,0.5400000214576721,529460000
2015-06-11,0.5251660943031311,0.5425000190734863,0.5462499856948853,0.5367500185966492,0.5367500185966492,283052000
2015-06-12,0.5108875036239624,0.5277500152587891,0.5422499775886536,0.5264999866485596,0.5389999747276306,323728000
2015-06-15,0.5099192261695862,0.5267500281333923,0.5292500257492065,0.5210000276565552,0.5249999761581421,306548000
2015-06-16,0.516211748123169,0.5332499742507935,0.5339999794960022,0.5205000042915344,0.5257499814033508,256892000
2015-06-17,0.5222618579864502,0.5394999980926514,0.5425000190734863,0.5317500233650208,0.5329999923706055,233544000
2015-06-18,0.5309743285179138,0.5485000014305115,0.5519999861717224,0.5425000190734863,0.5440000295639038,299404000
2015-06-19,0.5292803049087524,0.546750009059906,0.5529999732971191,0.5417500138282776,0.5485000014305115,355656000
2015-06-22,0.5271021127700806,0.5444999933242798,0.5507500171661377,0.5362499952316284,0.5477499961853027,514236000
2015-06-23,0.5135495066642761,0.5304999947547913,0.5497499704360962,0.5262500047683716,0.5454999804496765,414064000
2015-06-24,0.5084672570228577,0.5252500176429749,0.5325000286102295,0.5227500200271606,0.5297499895095825,253368000
2015-06-25,0.5123394131660461,0.5292500257492065,0.5325000286102295,0.5252500176429749,0.5252500176429749,350460000
2015-06-26,0.5019329190254211,0.5184999704360962,0.5254999995231628,0.5162500143051147,0.5249999761581421,421296000
2015-06-29,0.48692822456359863,0.503000020980835,0.5177500247955322,0.5022500157356262,0.512499988079071,391724000
2015-06-30,0.4866861402988434,0.5027499794960022,0.5082499980926514,0.49924999475479126,0.5059999823570251,315916000
2015-07-01,0.4937046468257904,0.5099999904632568,0.5224999785423279,0.5055000185966492,0.515250027179718,302892000
2015-07-02,0.4941887855529785,0.5105000138282776,0.5137500166893005,0.5072500109672546,0.5097500085830688,145764000
2015-07-06,0.4881382882595062,0.5042499899864197,0.5132499933242798,0.5005000233650208,0.5062500238418579,214776000
2015-07-07,0.4789418578147888,0.4947499930858612,0.503250002861023,0.4790000021457672,0.5012500286102295,594252000
2015-07-08,0.47555357217788696,0.49125000834465027,0.4950000047683716,0.4872500002384186,0.492000013589859,332492000
2015-07-09,0.4697452783584595,0.48524999618530273,0.5012500286102295,0.48225000500679016,0.49900001287460327,357588000
2015-07-10,0.4779737591743469,0.4937500059604645,0.49825000762939453,0.49024999141693115,0.49149999022483826,216708000
2015-07-13,0.481119841337204,0.4970000088214874,0.4997499883174896,0.4937500059604645,0.4987500011920929,212472000
2015-07-14,0.4813619554042816,0.4972499907016754,0.49825000762939453,0.4907500147819519,0.49775001406669617,249216000
2015-07-15,0.4779737591743469,0.4937500059604645,0.49924999475479126,0.4892500042915344,0.4959999918937683,265732000
2015-07-16,0.48862224817276,0.5047500133514404,0.5047500133514404,0.4950000047683716,0.49674999713897705,282848000
2015-07-17,0.4857180416584015,0.5017499923706055,0.5034999847412109,0.49524998664855957,0.503000020980835,220372000
2015-07-20,0.4767635762691498,0.4925000071525574,0.5037500262260437,0.49125000834465027,0.5017499923706055,188412000
2015-07-21,0.4789418578147888,0.4947499930858612,0.5017499923706055,0.49149999022483826,0.49149999022483826,149720000
2015-07-22,0.4697452783584595,0.48524999618530273,0.49125000834465027,0.4792500138282776,0.49125000834465027,356472000
2015-07-23,0.47555357217788696,0.49125000834465027,0.4984999895095825,0.48524999618530273,0.48625001311302185,169916000
2015-07-24,0.4699874520301819,0.4855000078678131,0.49524998664855957,0.48350000381469727,0.4947499930858612,188844000
2015-07-27,0.46732524037361145,0.4827499985694885,0.4882499873638153,0.47725000977516174,0.48124998807907104,192420000
2015-07-28,0.477489709854126,0.4932500123977661,0.4964999854564667,0.4790000021457672,0.48399999737739563,198308000
2015-07-29,0.4832979738712311,0.49924999475479126,0.503250002861023,0.49024999141693115,0.492249995470047,232680000
2015-07-30,0.48450809717178345,0.5005000233650208,0.5055000185966492,0.49799999594688416,0.49799999594688416,190180000
2015-07-31,0.4828139543533325,0.4987500011920929,0.5027499794960022,0.4957500100135803,0.5024999976158142,218340000
2015-08-03,0.49104243516921997,0.5072500109672546,0.5077499747276306,0.4962500035762787,0.5027499794960022,397132000
2015-08-04,0.4929784834384918,0.5092499852180481,0.5107499957084656,0.5034999847412109,0.5055000185966492,260100000
2015-08-05,0.4980609714984894,0.5145000219345093,0.5222499966621399,0.5134999752044678,0.5217499732971191,234628000
2015-08-06,0.49491456151008606,0.5112500190734863,0.5170000195503235,0.5027499794960022,0.5132499933242798,655676000
2015-08-07,0.5561437606811523,0.5745000243186951,0.5842499732971191,0.546999990940094,0.5615000128746033,1405248000
2015-08-10,0.5755046606063843,0.5945000052452087,0.5987499952316284,0.5669999718666077,0.5705000162124634,662304000
2015-08-11,0.5726003646850586,0.5914999842643738,0.5972499847412109,0.5857499837875366,0.5857499837875366,435008000
2015-08-12,0.5740524530410767,0.5929999947547913,0.5972499847412109,0.5820000171661377,0.5820000171661377,384048000
2015-08-13,0.5692123174667358,0.5879999995231628,0.5950000286102295,0.5864999890327454,0.59375,276884000
2015-08-14,0.5696963667869568,0.5885000228881836,0.5920000076293945,0.5839999914169312,0.5874999761581421,214652000
2015-08-17,0.5660660266876221,0.5847499966621399,0.5874999761581421,0.5774999856948853,0.5874999761581421,273880000
2015-08-18,0.5609140396118164,0.5770000219345093,0.5845000147819519,0.5724999904632568,0.5805000066757202,287084000
2015-08-19,0.5587266087532043,0.5747500061988831,0.5827500224113464,0.5684999823570251,0.5762500166893005,249248000
2015-08-20,0.5385550856590271,0.5540000200271606,0.5709999799728394,0.5512499809265137,0.5682500004768372,426932000
2015-08-21,0.5217862725257874,0.5367500185966492,0.559249997138977,0.5362499952316284,0.550000011920929,382664000
2015-08-24,0.5033156275749207,0.5177500247955322,0.5457500219345093,0.5,0.5067499876022339,682284000
2015-08-25,0.49286550283432007,0.5070000290870667,0.5425000190734863,0.5070000290870667,0.5404999852180481,622684000
2015-08-26,0.5300490260124207,0.5452499985694885,0.5457500219345093,0.5195000171661377,0.5235000252723694,614976000
2015-08-27,0.5499775409698486,0.565750002861023,0.5659999847412109,0.5477499961853027,0.5509999990463257,463764000
2015-08-28,0.5524078607559204,0.5682500004768372,0.5717499852180481,0.5617499947547913,0.565750002861023,320944000
2015-08-31,0.5463319420814514,0.5619999766349792,0.5695000290870667,0.5597500205039978,0.565500020980835,219352000
2015-09-01,0.5239734649658203,0.5389999747276306,0.5550000071525574,0.5350000262260437,0.5457500219345093,353408000
2015-09-02,0.5397703051567078,0.5552499890327454,0.5554999709129333,0.5444999933242798,0.5537499785423279,344044000
2015-09-03,0.5412284135818481,0.5567499995231628,0.5662500262260437,0.5557500123977661,0.5634999871253967,262556000
2015-09-04,0.5285908579826355,0.543749988079071,0.5559999942779541,0.5435000061988831,0.547249972820282,287972000
2015-09-08,0.5511927008628845,0.5669999718666077,0.5692499876022339,0.5547500252723694,0.5569999814033508,238448000
2015-09-09,0.5402562618255615,0.5557500123977661,0.5734999775886536,0.5544999837875366,0.5687500238418579,289392000
2015-09-10,0.5487621426582336,0.5644999742507935,0.5715000033378601,0.550000011920929,0.5525000095367432,357076000
2015-09-11,0.5504636168479919,0.5662500262260437,0.5699999928474426,0.5559999942779541,0.5582500100135803,301584000
2015-09-14,0.5514357686042786,0.5672500133514404,0.5707499980926514,0.5642499923706055,0.5690000057220459,192460000
2015-09-15,0.5575113296508789,0.5734999775886536,0.5764999985694885,0.565750002861023,0.5674999952316284,327976000
2015-09-16,0.5613999366760254,0.5774999856948853,0.5807499885559082,0.5682500004768372,0.5724999904632568,173508000
2015-09-17,0.5665035247802734,0.5827500224113464,0.5927500128746033,0.5814999938011169,0.5874999761581421,268712000
2015-09-18,0.5660176873207092,0.5822499990463257,0.5872499942779541,0.5712500214576721,0.5747500061988831,326412000
2015-09-21,0.5718502998352051,0.5882499814033508,0.5895000100135803,0.5799999833106995,0.5830000042915344,281840000
2015-09-22,0.5562961101531982,0.5722500085830688,0.5795000195503235,0.5692499876022339,0.5755000114440918,228356000
2015-09-23,0.5589697360992432,0.574999988079071,0.578499972820282,0.5705000162124634,0.5727499723434448,161632000
2015-09-24,0.5696631073951721,0.5860000252723694,0.5920000076293945,0.5625,0.5715000033378601,382440000
2015-09-25,0.5737946629524231,0.5902500152587891,0.6017500162124634,0.5845000147819519,0.5932499766349792,369692000
2015-09-28,0.5662604570388794,0.5824999809265137,0.593999981880188,0.5787500143051147,0.5902500152587891,395584000
2015-09-29,0.5762248039245605,0.5927500128746033,0.59375,0.5805000066757202,0.5887500047683716,380736000
2015-09-30,0.5990695357322693,0.6162499785423279,0.6169999837875366,0.5947499871253967,0.5982499718666077,556380000
2015-10-01,0.5874040126800537,0.6042500138282776,0.6179999709129333,0.5867499709129333,0.6162499785423279,489296000
2015-10-02,0.602715253829956,0.6200000047683716,0.6200000047683716,0.5947499871253967,0.6010000109672546,386144000
2015-10-05,0.6177830696105957,0.6355000138282776,0.6432499885559082,0.6207500100135803,0.6240000128746033,482024000
2015-10-06,0.6258028745651245,0.643750011920929,0.6464999914169312,0.6262500286102295,0.6287500262260437,453216000
2015-10-07,0.6323648691177368,0.6504999995231628,0.6570000052452087,0.6347500085830688,0.6452500224113464,310152000
2015-10-08,0.6360104084014893,0.6542500257492065,0.656000018119812,0.6367499828338623,0.6477500200271606,460068000
2015-10-09,0.6335799694061279,0.6517500281333923,0.6570000052452087,0.6395000219345093,0.6507499814033508,423248000
2015-10-12,0.6403847336769104,0.6587499976158142,0.6625000238418579,0.6477500200271606,0.6524999737739563,227588000
2015-10-13,0.6416001915931702,0.6600000262260437,0.6639999747276306,0.6512500047683716,0.6535000205039978,298444000
2015-10-14,0.6649309992790222,0.6840000152587891,0.6947500109672546,0.6600000262260437,0.6607499718666077,612148000
2015-10-15,0.6666319370269775,0.6857500076293945,0.6997500061988831,0.6782500147819519,0.6852499842643738,526048000
2015-10-16,0.6770824790000916,0.6965000033378601,0.703000009059906,0.6862499713897705,0.6880000233650208,448396000
2015-10-19,0.6758671998977661,0.6952499747276306,0.7020000219345093,0.687250018119812,0.6987500190734863,294712000
2015-10-20,0.6748949885368347,0.6942499876022339,0.6974999904632568,0.6869999766349792,0.6922500133514404,264824000
2015-10-21,0.6661459803581238,0.6852499842643738,0.702750027179718,0.6840000152587891,0.6984999775886536,386280000
2015-10-22,0.6902060508728027,0.7099999785423279,0.7122499942779541,0.6922500133514404,0.6932500004768372,306884000
2015-10-23,0.6948233246803284,0.7147499918937683,0.7195000052452087,0.7055000066757202,0.7162500023841858,381776000
2015-10-26,0.6916642189025879,0.7114999890327454,0.7170000076293945,0.7049999833106995,0.7152500152587891,247436000
2015-10-27,0.6911782622337341,0.7110000252723694,0.715499997138977,0.7074999809265137,0.7080000042915344,208268000
2015-10-28,0.6967677474021912,0.7167500257492065,0.7167500257492065,0.7049999833106995,0.715499997138977,217036000
2015-10-29,0.672707736492157,0.6919999718666077,0.7124999761581421,0.690750002861023,0.7052500247955322,327168000
2015-10-30,0.6894769072532654,0.7092499732971191,0.7142500281333923,0.6942499876022339,0.6995000243186951,301160000
2015-11-02,0.697496771812439,0.7174999713897705,0.7182499766349792,0.7072499990463257,0.7114999890327454,190088000
2015-11-03,0.692636251449585,0.7124999761581421,0.7172499895095825,0.7045000195503235,0.7132499814033508,376768000
2015-11-04,0.6812137365341187,0.7007499933242798,0.715749979019165,0.6974999904632568,0.7105000019073486,442264000
2015-11-05,0.6734365820884705,0.6927499771118164,0.706250011920929,0.690750002861023,0.7042499780654907,478800000
2015-11-06,0.766760528087616,0.7887499928474426,0.7985000014305115,0.7455000281333923,0.7612500190734863,1172272000
2015-11-09,0.7633581757545471,0.7852500081062317,0.7875000238418579,0.7742499709129333,0.781000018119812,492568000
2015-11-10,0.748776376247406,0.7702500224113464,0.7792500257492065,0.7537500262260437,0.7749999761581421,552260000
2015-11-11,0.7414853572845459,0.7627500295639038,0.7762500047683716,0.7599999904632568,0.7707499861717224,619896000
2015-11-12,0.7388120293617249,0.7599999904632568,0.7680000066757202,0.7567499876022339,0.7609999775886536,291080000
2015-11-13,0.7242303490638733,0.7450000047683716,0.7639999985694885,0.7412499785423279,0.7607499957084656,292940000
2015-11-16,0.7388120293617249,0.7599999904632568,0.7605000138282776,0.7487499713897705,0.7547500133514404,344280000
2015-11-17,0.7388120293617249,0.7599999904632568,0.7664999961853027,0.7567499876022339,0.7620000243186951,257048000
2015-11-18,0.756986677646637,0.7757499814033508,0.7767500281333923,0.7519999742507935,0.7602499723434448,350216000
2015-11-19,0.7591819763183594,0.777999997138977,0.7857499718666077,0.7722499966621399,0.7785000205039978,254072000
2015-11-20,0.7657690048217773,0.7847499847412109,0.7892500162124634,0.7789999842643738,0.7837499976158142,239744000
2015-11-23,0.7543030977249146,0.7730000019073486,0.7912499904632568,0.7702500224113464,0.7912499904632568,242552000
2015-11-24,0.7604020833969116,0.7792500257492065,0.7860000133514404,0.7695000171661377,0.7730000019073486,195428000
2015-11-25,0.759425938129425,0.778249979019165,0.7870000004768372,0.7754999995231628,0.7777500152587891,138300000
2015-11-27,0.7657690048217773,0.7847499847412109,0.7872499823570251,0.7757499814033508,0.7797499895095825,86996000
2015-11-30,0.7738193869590759,0.7929999828338623,0.796500027179718,0.7847499847412109,0.7854999899864197,327244000
2015-12-01,0.7989463806152344,0.8187500238418579,0.8195000290870667,0.7992500066757202,0.800000011920929,409496000
2015-12-02,0.7928475737571716,0.8125,0.828499972820282,0.8107500076293945,0.8199999928474426,294240000
2015-12-03,0.7911400198936462,0.8107500076293945,0.8274999856948853,0.8067499995231628,0.8190000057220459,246656000
2015-12-04,0.8233418464660645,0.84375,0.8452500104904175,0.8107500076293945,0.8107500076293945,458756000
2015-12-07,0.8077290058135986,0.827750027179718,0.843500018119812,0.8252500295639038,0.843500018119812,333588000
2015-12-08,0.818706750869751,0.8389999866485596,0.8424999713897705,0.812250018119812,0.8174999952316284,314488000
2015-12-09,0.7979706525802612,0.8177499771118164,0.84375,0.809249997138977,0.8387500047683716,372676000
2015-12-10,0.8045575022697449,0.8245000243186951,0.8289999961853027,0.8174999952316284,0.8202499747276306,236596000
2015-12-11,0.7926035523414612,0.812250018119812,0.8220000267028809,0.8105000257492065,0.8162500262260437,227320000
2015-12-14,0.794555127620697,0.8142499923706055,0.8187500238418579,0.8044999837875366,0.8130000233650208,275892000
2015-12-15,0.8043131828308105,0.8242499828338623,0.8299999833106995,0.8190000057220459,0.8234999775886536,307296000
2015-12-16,0.8091924786567688,0.8292499780654907,0.8320000171661377,0.8187500238418579,0.8259999752044678,236356000
2015-12-17,0.7969948649406433,0.8167499899864197,0.8389999866485596,0.8162500262260437,0.8305000066757202,254160000
2015-12-18,0.784065306186676,0.8034999966621399,0.8192499876022339,0.8025000095367432,0.8109999895095825,395896000
2015-12-21,0.8026058077812195,0.8224999904632568,0.8232499957084656,0.8050000071525574,0.812250018119812,284216000
2015-12-22,0.8033376336097717,0.8232499957084656,0.8314999938011169,0.8182500004768372,0.824999988079071,130012000
2015-12-23,0.8065088987350464,0.8264999985694885,0.8297500014305115,0.8230000138282776,0.8245000243186951,122524000
2015-12-24,0.8091924786567688,0.8292499780654907,0.831250011920929,0.8227499723434448,0.8240000009536743,52448000
2015-12-28,0.8084605932235718,0.828499972820282,0.828499972820282,0.8090000152587891,0.8205000162124634,142024000
2015-12-29,0.8216342329978943,0.8420000076293945,0.8445000052452087,0.8267499804496765,0.8289999961853027,203660000
2015-12-30,0.8145594596862793,0.8347499966621399,0.8485000133514404,0.8345000147819519,0.8412500023841858,180344000
2015-12-31,0.8040696382522583,0.8240000009536743,0.8372499942779541,0.8240000009536743,0.8335000276565552,148528000
2016-01-04,0.789676308631897,0.809249997138977,0.8144999742507935,0.8009999990463257,0.8072500228881836,358076000
2016-01-05,0.8023616671562195,0.8222500085830688,0.8360000252723694,0.8125,0.8245000243186951,490272000
2016-01-06,0.7691843509674072,0.7882500290870667,0.8125,0.7789999842643738,0.8087499737739563,449344000
2016-01-07,0.7386902570724487,0.7570000290870667,0.7737500071525574,0.746999979019165,0.7684999704360962,645304000
2016-01-08,0.7228332161903381,0.7407500147819519,0.7674999833106995,0.7392500042915344,0.7667499780654907,398472000
2016-01-11,0.7240527272224426,0.7419999837875366,0.7472500205039978,0.7287499904632568,0.7415000200271606,409372000
2016-01-12,0.7362504601478577,0.7544999718666077,0.765500009059906,0.7492499947547913,0.7552499771118164,469356000
2016-01-13,0.7138068079948425,0.7315000295639038,0.765250027179718,0.7307500243186951,0.7602499723434448,481672000
2016-01-14,0.6994134187698364,0.7167500257492065,0.7250000238418579,0.6955000162124634,0.7164999842643738,600236000
2016-01-15,0.6613569259643555,0.6777499914169312,0.6962500214576721,0.6660000085830688,0.6880000233650208,841452000
2016-01-19,0.6667238473892212,0.6832500100135803,0.7112500071525574,0.6804999709129333,0.6917499899864197,457140000
2016-01-20,0.6703831553459167,0.6869999766349792,0.6957499980926514,0.6612499952316284,0.6702499985694885,481180000
2016-01-21,0.6781895756721497,0.6949999928474426,0.7057499885559082,0.6802499890327454,0.6945000290870667,481456000
2016-01-22,0.694046676158905,0.7112500071525574,0.7160000205039978,0.7067499756813049,0.7082499861717224,257996000
2016-01-25,0.6933147311210632,0.7105000019073486,0.7192500233650208,0.7089999914169312,0.7110000252723694,270728000
2016-01-26,0.7001453638076782,0.7174999713897705,0.7204999923706055,0.7047500014305115,0.7120000123977661,227944000
2016-01-27,0.6918509602546692,0.7089999914169312,0.71875,0.6955000162124634,0.7164999842643738,231700000
2016-01-28,0.684288501739502,0.7012500166893005,0.7172499895095825,0.6875,0.7147499918937683,276776000
2016-01-29,0.7145386934280396,0.7322499752044678,0.7337499856948853,0.7045000195503235,0.7072499990463257,310504000
2016-02-01,0.7147825956344604,0.7325000166893005,0.7362499833106995,0.7252500057220459,0.7315000295639038,289884000
2016-02-02,0.6845324635505676,0.7014999985694885,0.7287499904632568,0.6965000033378601,0.7250000238418579,341908000
2016-02-03,0.687947690486908,0.7049999833106995,0.7112500071525574,0.6887500286102295,0.7070000171661377,326772000
2016-02-04,0.6881917715072632,0.7052500247955322,0.7212499976158142,0.6982499957084656,0.7059999704360962,348140000
2016-02-05,0.6447679400444031,0.6607499718666077,0.7082499861717224,0.6587499976158142,0.7005000114440918,600428000
2016-02-08,0.6152499914169312,0.6305000185966492,0.6539999842643738,0.6212499737739563,0.6507499814033508,608852000
2016-02-09,0.6218364834785461,0.6372500061988831,0.6637499928474426,0.6200000047683716,0.6230000257492065,425372000
2016-02-10,0.6203728318214417,0.6357499957084656,0.6597499847412109,0.6322500109672546,0.6412500143051147,335800000
2016-02-11,0.6172012686729431,0.6324999928474426,0.6389999985694885,0.6194999814033508,0.6194999814033508,340144000
2016-02-12,0.6276913285255432,0.6432499885559082,0.6445000171661377,0.6187499761581421,0.6424999833106995,340816000
2016-02-16,0.6584296226501465,0.6747499704360962,0.6757500171661377,0.6504999995231628,0.6524999737739563,485352000
2016-02-17,0.6747744083404541,0.6915000081062317,0.6980000138282776,0.6804999709129333,0.6832500100135803,771468000
2016-02-18,0.7328351736068726,0.7509999871253967,0.7745000123977661,0.7475000023841858,0.7482500076293945,1068660000
2016-02-19,0.7425934076309204,0.7609999775886536,0.7677500247955322,0.7412499785423279,0.746999979019165,525628000
2016-02-22,0.768940269947052,0.7879999876022339,0.796750009059906,0.7705000042915344,0.7720000147819519,449668000
2016-02-23,0.7708917856216431,0.7900000214576721,0.7975000143051147,0.777999997138977,0.7817500233650208,369380000
2016-02-24,0.7762587666511536,0.7954999804496765,0.796750009059906,0.7649999856948853,0.7867500185966492,336852000
2016-02-25,0.7779666185379028,0.797249972820282,0.8012499809265137,0.7829999923706055,0.7985000014305115,349616000
2016-02-26,0.7728435397148132,0.7919999957084656,0.8029999732971191,0.7839999794960022,0.8009999990463257,361964000
2016-02-29,0.7678242325782776,0.7839999794960022,0.8004999756813049,0.7835000157356262,0.7902500033378601,323344000
2016-03-01,0.8018574118614197,0.8187500238418579,0.8187500238418579,0.7847499847412109,0.7860000133514404,348700000
2016-03-02,0.8065091371536255,0.8234999775886536,0.8264999985694885,0.812749981880188,0.8142499923706055,233812000
2016-03-03,0.7994089722633362,0.8162500262260437,0.8259999752044678,0.8052499890327454,0.8224999904632568,302004000
2016-03-04,0.7969603538513184,0.8137500286102295,0.8232499957084656,0.8075000047683716,0.8224999904632568,175304000
2016-03-07,0.7918186783790588,0.8084999918937683,0.8147500157356262,0.7979999780654907,0.809249997138977,239968000
2016-03-08,0.7773730754852295,0.793749988079071,0.8050000071525574,0.7912499904632568,0.8002499938011169,274940000
2016-03-09,0.7768835425376892,0.7932500243186951,0.8019999861717224,0.7829999923706055,0.8007500171661377,222788000
2016-03-10,0.7756590247154236,0.7919999957084656,0.8025000095367432,0.7760000228881836,0.7979999780654907,286084000
2016-03-11,0.7888807058334351,0.8054999709129333,0.8057500123977661,0.7942500114440918,0.8037499785423279,277400000
2016-03-14,0.790839433670044,0.8075000047683716,0.8107500076293945,0.7979999780654907,0.8017500042915344,190312000
2016-03-15,0.7869219779968262,0.8034999966621399,0.8084999918937683,0.7892500162124634,0.8032500147819519,226216000
2016-03-16,0.8104268312454224,0.8274999856948853,0.8302500247955322,0.793749988079071,0.7975000143051147,363644000
2016-03-17,0.8035712242126465,0.8205000162124634,0.828499972820282,0.809249997138977,0.8245000243186951,353680000
2016-03-18,0.827810525894165,0.8452500104904175,0.856249988079071,0.824999988079071,0.8302500247955322,545512000
2016-03-21,0.8302590847015381,0.8477500081062317,0.8479999899864197,0.8287500143051147,0.8377500176429749,337780000
2016-03-22,0.8287899494171143,0.8462499976158142,0.8522499799728394,0.8357499837875366,0.8450000286102295,242012000
2016-03-23,0.8429906964302063,0.8607500195503235,0.8669999837875366,0.8462499976158142,0.8500000238418579,429008000
2016-03-24,0.844214916229248,0.8619999885559082,0.8634999990463257,0.8502500057220459,0.8529999852180481,244956000
2016-03-28,0.8527843356132507,0.8707500100135803,0.8744999766349792,0.859499990940094,0.8604999780654907,265388000
2016-03-29,0.8664955496788025,0.8847500085830688,0.8867499828338623,0.8650000095367432,0.8669999837875366,261812000
2016-03-30,0.8755545616149902,0.8939999938011169,0.90625,0.887499988079071,0.8880000114440918,376700000
2016-03-31,0.8723717927932739,0.890749990940094,0.8999999761581421,0.8837500214576721,0.8980000019073486,379884000
2016-04-01,0.8851035237312317,0.9037500023841858,0.9042500257492065,0.8784999847412109,0.8852499723434448,348292000
2016-04-04,0.8765339255332947,0.8949999809265137,0.9160000085830688,0.8914999961853027,0.9112499952316284,393940000
2016-04-05,0.8753098249435425,0.893750011920929,0.9020000100135803,0.8834999799728394,0.8870000243186951,339568000
2016-04-06,0.8765339255332947,0.8949999809265137,0.8955000042915344,0.8657500147819519,0.8824999928474426,453376000
2016-04-07,0.8674748539924622,0.8857499957084656,0.8972499966621399,0.8820000290870667,0.8892499804496765,378104000
2016-04-08,0.8731063604354858,0.8914999961853027,0.8987500071525574,0.8827499747276306,0.8930000066757202,255936000
2016-04-11,0.8784927129745483,0.8970000147819519,0.9117500185966492,0.8939999938011169,0.8967499732971191,387524000
2016-04-12,0.877513587474823,0.8960000276565552,0.9012500047683716,0.8784999847412109,0.8999999761581421,292764000
2016-04-13,0.8995491862297058,0.9185000061988831,0.918749988079071,0.8999999761581421,0.8999999761581421,350716000
2016-04-14,0.9019975662231445,0.9210000038146973,0.925000011920929,0.9122499823570251,0.9160000085830688,416564000
2016-04-15,0.9090979099273682,0.9282500147819519,0.9365000128746033,0.9177500009536743,0.9207500219345093,436972000
2016-04-18,0.9051805138587952,0.9242500066757202,0.9265000224113464,0.9152500033378601,0.9265000224113464,307320000
2016-04-19,0.8890208601951599,0.9077500104904175,0.9294999837875366,0.9020000100135803,0.9277499914169312,309152000
2016-04-20,0.8924486637115479,0.9112499952316284,0.9167500138282776,0.9052500128746033,0.90625,200172000
2016-04-21,0.8914693593978882,0.9102500081062317,0.9157500267028809,0.90625,0.9114999771118164,178280000
2016-04-22,0.8880414962768555,0.9067500233650208,0.9194999933242798,0.9037500023841858,0.9132500290870667,223540000
2016-04-25,0.8924486637115479,0.9112499952316284,0.9162499904632568,0.9045000076293945,0.9070000052452087,191972000
2016-04-26,0.8931832909584045,0.9120000004768372,0.9272500276565552,0.9079999923706055,0.9167500138282776,214536000
2016-04-27,0.9135050177574158,0.9327499866485596,0.9332500100135803,0.9079999923706055,0.9097499847412109,352396000
2016-04-28,0.8863276243209839,0.9049999713897705,0.9325000047683716,0.9027500152587891,0.9269999861717224,381224000
2016-04-29,0.8699233531951904,0.8882499933242798,0.903249979019165,0.8784999847412109,0.9012500047683716,321904000
2016-05-02,0.8814308643341064,0.8999999761581421,0.9054999947547913,0.8924999833106995,0.8967499732971191,256076000
2016-05-03,0.8709025979042053,0.8892499804496765,0.8934999704360962,0.8815000057220459,0.8897500038146973,224024000
2016-05-04,0.8510702848434448,0.8690000176429749,0.8792499899864197,0.8600000143051147,0.8784999847412109,525764000
2016-05-05,0.8562120199203491,0.8742499947547913,0.8845000267028809,0.8677499890327454,0.8762500286102295,246884000
2016-05-06,0.8650264739990234,0.8832499980926514,0.8855000138282776,0.8709999918937683,0.8727499842643738,183240000
2016-05-09,0.8638021945953369,0.8820000290870667,0.8892499804496765,0.874750018119812,0.8855000138282776,333336000
2016-05-10,0.8804515600204468,0.8989999890327454,0.9004999995231628,0.8790000081062317,0.887499988079071,269676000
2016-05-11,0.8829001188278198,0.9014999866485596,0.9114999771118164,0.8967499732971191,0.9017500281333923,328176000
2016-05-12,0.8709025979042053,0.8892499804496765,0.9120000004768372,0.8732500076293945,0.9079999923706055,670540000
2016-05-13,1.0033621788024902,1.0245000123977661,1.024999976158142,0.9750000238418579,0.9797499775886536,2110256000
2016-05-16,1.0329875946044922,1.0547499656677246,1.0700000524520874,1.0134999752044678,1.0167499780654907,973032000
2016-05-17,1.0351922512054443,1.0570000410079956,1.0644999742507935,1.0364999771118164,1.0499999523162842,628392000
2016-05-18,1.0616343021392822,1.0839999914169312,1.096250057220459,1.0499999523162842,1.0499999523162842,541072000
2016-05-19,1.0662866830825806,1.0887500047683716,1.096500039100647,1.0782500505447388,1.0797499418258667,398880000
2016-05-20,1.0853840112686157,1.1082500219345093,1.1127500534057617,1.09375,1.0954999923706055,391084000
2016-05-23,1.0870980024337769,1.1100000143051147,1.1172499656677246,1.1032500267028809,1.1130000352859497,413636000
2016-05-24,1.1134867668151855,1.1339999437332153,1.1375000476837158,1.1074999570846558,1.1104999780654907,415788000
2016-05-25,1.1088228225708008,1.1292500495910645,1.1422499418258667,1.1202499866485596,1.1375000476837158,458076000
2016-05-26,1.12060546875,1.1412500143051147,1.1495000123977661,1.128000020980835,1.131250023841858,309964000
2016-05-27,1.1267428398132324,1.1475000381469727,1.1492500305175781,1.1387499570846558,1.1425000429153442,277416000
2016-05-31,1.1468716859817505,1.1679999828338623,1.1705000400543213,1.1517499685287476,1.152500033378601,412524000
2016-06-01,1.1490809917449951,1.1702500581741333,1.18149995803833,1.159000039100647,1.162500023841858,387132000
2016-06-02,1.1571818590164185,1.1785000562667847,1.1885000467300415,1.1649999618530273,1.1764999628067017,329208000
2016-06-03,1.1409803628921509,1.1619999408721924,1.1684999465942383,1.1414999961853027,1.1670000553131104,461076000
2016-06-06,1.1350888013839722,1.156000018119812,1.1740000247955322,1.149999976158142,1.1649999618530273,322512000
2016-06-07,1.137298345565796,1.1582499742507935,1.1694999933242798,1.1577500104904175,1.1629999876022339,193400000
2016-06-08,1.1336160898208618,1.1545000076293945,1.162750005722046,1.1449999809265137,1.1584999561309814,234616000
2016-06-09,1.1630734205245972,1.184499979019165,1.1862499713897705,1.1480000019073486,1.1505000591278076,472168000
2016-06-10,1.134106993675232,1.1549999713897705,1.180999994277954,1.153499960899353,1.1705000400543213,400024000
2016-06-13,1.1485904455184937,1.1697499752044678,1.1924999952316284,1.15625,1.15625,475588000
2016-06-14,1.1507997512817383,1.1720000505447388,1.1775000095367432,1.1540000438690186,1.1670000553131104,298344000
2016-06-15,1.1625821590423584,1.184000015258789,1.1942499876022339,1.1687500476837158,1.1817500591278076,301036000
2016-06-16,1.1672463417053223,1.1887500286102295,1.190750002861023,1.1637500524520874,1.1752500534057617,246456000
2016-06-17,1.1468716859817505,1.1679999828338623,1.190500020980835,1.1632499694824219,1.190250039100647,471000000
2016-06-20,1.167492151260376,1.1890000104904175,1.2042499780654907,1.1859999895095825,1.186750054359436,293768000
2016-06-21,1.1603732109069824,1.1817500591278076,1.1972500085830688,1.1799999475479126,1.194000005722046,212508000
2016-06-22,1.1593914031982422,1.1807500123977661,1.1920000314712524,1.1787500381469727,1.184249997138977,202620000
2016-06-23,1.1903213262557983,1.212249994277954,1.2135000228881836,1.191249966621399,1.1920000314712524,297880000
2016-06-24,1.1225696802139282,1.1432499885559082,1.184000015258789,1.1325000524520874,1.162500023841858,1017684000
2016-06-27,1.110541582107544,1.13100004196167,1.1425000429153442,1.1142499446868896,1.1337499618530273,449088000
2016-06-28,1.1267428398132324,1.1475000381469727,1.153749942779541,1.1317499876022339,1.152500033378601,381920000
2016-06-29,1.1451537609100342,1.1662499904632568,1.1752500534057617,1.1545000076293945,1.1575000286102295,318932000
2016-06-30,1.1539909839630127,1.1752500534057617,1.1825000047683716,1.158750057220459,1.1682499647140503,430940000
2016-07-01,1.1453989744186401,1.1664999723434448,1.184000015258789,1.162500023841858,1.1687500476837158,218488000
2016-07-05,1.162337064743042,1.183750033378601,1.1857500076293945,1.1507500410079956,1.159999966621399,371084000
2016-07-06,1.1697012186050415,1.191249966621399,1.1982500553131104,1.1694999933242798,1.1755000352859497,273104000
2016-07-07,1.200140118598938,1.222249984741211,1.2265000343322754,1.193750023841858,1.1992499828338623,395400000
2016-07-08,1.2482539415359497,1.2712500095367432,1.277250051498413,1.2304999828338623,1.2352499961853027,481932000
2016-07-11,1.2769749164581299,1.3005000352859497,1.309999942779541,1.2879999876022339,1.2894999980926514,448776000
2016-07-12,1.2961225509643555,1.3200000524520874,1.3320000171661377,1.2984999418258667,1.315000057220459,436760000
2016-07-13,1.2956312894821167,1.3194999694824219,1.3300000429153442,1.3174999952316284,1.3224999904632568,324604000
2016-07-14,1.3088871240615845,1.3329999446868896,1.3450000286102295,1.315500020980835,1.3265000581741333,316892000
2016-07-15,1.2936675548553467,1.3174999952316284,1.3235000371932983,1.2960000038146973,1.315999984741211,428616000
2016-07-18,1.3002954721450806,1.3242499828338623,1.3357499837875366,1.3192499876022339,1.3337500095367432,252992000
2016-07-19,1.3137966394424438,1.3380000591278076,1.343250036239624,1.3209999799728394,1.3235000371932983,382652000
2016-07-20,1.3309801816940308,1.3554999828338623,1.3627500534057617,1.3370000123977661,1.3424999713897705,296460000
2016-07-21,1.3064323663711548,1.3305000066757202,1.3567500114440918,1.3259999752044678,1.3524999618530273,361308000
2016-07-22,1.3420264720916748,1.3667500019073486,1.3667500019073486,1.3255000114440918,1.3352500200271606,315768000
2016-07-25,1.3668196201324463,1.3919999599456787,1.3952499628067017,1.36899995803833,1.375,312528000
2016-07-26,1.390140414237976,1.4157500267028809,1.4229999780654907,1.402250051498413,1.4042500257492065,514508000
2016-07-27,1.3761478662490845,1.4014999866485596,1.4305000305175781,1.3930000066757202,1.4279999732971191,446676000
2016-07-28,1.379093885421753,1.4045000076293945,1.4149999618530273,1.40024995803833,1.4047499895095825,221916000
2016-07-29,1.4016778469085693,1.4275000095367432,1.431249976158142,1.3845000267028809,1.409749984741211,409588000
2016-08-01,1.3925952911376953,1.4182499647140503,1.4387500286102295,1.409000039100647,1.433500051498413,301120000
2016-08-02,1.375657081604004,1.4010000228881836,1.4257500171661377,1.3875000476837158,1.4249999523162842,282748000
2016-08-03,1.3793389797210693,1.4047499895095825,1.4075000286102295,1.3914999961853027,1.3992500305175781,299828000
2016-08-04,1.4048689603805542,1.4307500123977661,1.437250018119812,1.408750057220459,1.4114999771118164,272712000
2016-08-05,1.428680419921875,1.4550000429153442,1.4557499885559082,1.440250039100647,1.4472500085830688,371588000
2016-08-08,1.4419361352920532,1.468500018119812,1.4785000085830688,1.4529999494552612,1.475000023841858,305064000
2016-08-09,1.4456181526184082,1.472249984741211,1.4865000247955322,1.468500018119812,1.4757499694824219,372344000
2016-08-10,1.4362900257110596,1.46274995803833,1.4874999523162842,1.4579999446868896,1.4852499961853027,375740000
2016-08-11,1.4655017852783203,1.4924999475479126,1.4987499713897705,1.4674999713897705,1.4704999923706055,681064000
2016-08-12,1.5474917888641357,1.5759999752044678,1.5844999551773071,1.5157500505447388,1.5475000143051147,1425744000
2016-08-15,1.5460184812545776,1.5744999647140503,1.587499976158142,1.5532499551773071,1.5777499675750732,573304000
2016-08-16,1.5366904735565186,1.565000057220459,1.5747499465942383,1.5602500438690186,1.5722500085830688,287652000
2016-08-17,1.501096487045288,1.528749942779541,1.56850004196167,1.5164999961853027,1.565000057220459,595212000
2016-08-18,1.5244165658950806,1.5525000095367432,1.5549999475479126,1.5204999446868896,1.5264999866485596,331684000
2016-08-19,1.5283443927764893,1.55649995803833,1.5682499408721924,1.5449999570846558,1.5517499446868896,291560000
2016-08-22,1.5347262620925903,1.562999963760376,1.565250039100647,1.5427500009536743,1.5612499713897705,244748000
2016-08-23,1.5471460819244385,1.5727499723434448,1.5829999446868896,1.5682499408721924,1.5759999752044678,339764000
2016-08-24,1.5232911109924316,1.5484999418258667,1.5789999961853027,1.5412499904632568,1.5782500505447388,298448000
2016-08-25,1.5132074356079102,1.5382499694824219,1.5497499704360962,1.5190000534057617,1.5490000247955322,406032000
2016-08-26,1.5255043506622314,1.5507500171661377,1.559499979019165,1.5299999713897705,1.5422500371932983,300024000
2016-08-29,1.5245203971862793,1.5497499704360962,1.563249945640564,1.5472500324249268,1.5570000410079956,274652000
2016-08-30,1.5156669616699219,1.5407500267028809,1.555999994277954,1.5364999771118164,1.5477499961853027,285544000
2016-08-31,1.5085351467132568,1.5334999561309814,1.5479999780654907,1.5290000438690186,1.5437500476837158,388544000
2016-09-01,1.5530484914779663,1.5787500143051147,1.5844999551773071,1.5334999561309814,1.534749984741211,428492000
2016-09-02,1.5378003120422363,1.563249945640564,1.5837500095367432,1.5455000400543213,1.5820000171661377,323148000
2016-09-06,1.5523102283477783,1.5779999494552612,1.5779999494552612,1.5607500076293945,1.568750023841858,306812000
2016-09-07,1.529439091682434,1.5547499656677246,1.5807499885559082,1.5457500219345093,1.5729999542236328,397988000
2016-09-08,1.5405062437057495,1.565999984741211,1.56850004196167,1.5355000495910645,1.5532499551773071,315808000
2016-09-09,1.4637757539749146,1.4880000352859497,1.5575000047683716,1.475000023841858,1.5487500429153442,697760000
2016-09-12,1.4940249919891357,1.5187499523162842,1.5217499732971191,1.4329999685287476,1.468250036239624,598260000
2016-09-13,1.4723832607269287,1.496749997138977,1.5325000286102295,1.4882500171661377,1.5149999856948853,471768000
2016-09-14,1.4854176044464111,1.5099999904632568,1.5149999856948853,1.4877500534057617,1.500249981880188,319048000
2016-09-15,1.5417358875274658,1.5672500133514404,1.569000005722046,1.5089999437332153,1.5125000476837158,515212000
2016-09-16,1.545424461364746,1.5709999799728394,1.5812499523162842,1.5529999732971191,1.5727499723434448,902444000
2016-09-19,1.5658365488052368,1.5917500257492065,1.631500005722046,1.5802500247955322,1.587499976158142,417128000
2016-09-20,1.5515726804733276,1.5772500038146973,1.6100000143051147,1.56850004196167,1.6100000143051147,331112000
2016-09-21,1.595102310180664,1.621500015258789,1.624500036239624,1.5817500352859497,1.5820000171661377,336212000
2016-09-22,1.5990374088287354,1.625499963760376,1.6360000371932983,1.6162500381469727,1.63100004196167,308732000
2016-09-23,1.5973159074783325,1.6237499713897705,1.6322499513626099,1.6165000200271606,1.627500057220459,276132000
2016-09-26,1.582313895225525,1.6085000038146973,1.6150000095367432,1.5882500410079956,1.6052500009536743,230040000
2016-09-27,1.6364188194274902,1.6634999513626099,1.6660000085830688,1.6015000343322754,1.6022499799728394,402752000
2016-09-28,1.642321228981018,1.6694999933242798,1.6707500219345093,1.6482499837875366,1.6660000085830688,319788000
2016-09-29,1.6575688123703003,1.684999942779541,1.690250039100647,1.6512500047683716,1.6667499542236328,336684000
2016-09-30,1.6851128339767456,1.7130000591278076,1.7297500371932983,1.684249997138977,1.6942499876022339,429932000
2016-10-03,1.6833912134170532,1.7112499475479126,1.7377500534057617,1.7082500457763672,1.7130000591278076,242596000
2016-10-04,1.6797024011611938,1.7074999809265137,1.7424999475479126,1.6947499513626099,1.7137500047683716,281624000
2016-10-05,1.6779807806015015,1.7057499885559082,1.7395000457763672,1.7005000114440918,1.722000002861023,305440000
2016-10-06,1.6560930013656616,1.683500051498413,1.6957499980926514,1.656499981880188,1.6852500438690186,360212000
2016-10-07,1.6440424919128418,1.6712499856948853,1.6992499828338623,1.6664999723434448,1.6947499513626099,286260000
2016-10-10,1.650191068649292,1.6775000095367432,1.6890000104904175,1.6617499589920044,1.6799999475479126,287876000
2016-10-11,1.6263352632522583,1.653249979019165,1.6744999885559082,1.6404999494552612,1.6720000505447388,388540000
2016-10-12,1.6337138414382935,1.6607500314712524,1.6694999933242798,1.6327500343322754,1.6464999914169312,419920000
2016-10-13,1.607153058052063,1.6337499618530273,1.6449999809265137,1.5924999713897705,1.6412500143051147,390116000
2016-10-14,1.6228922605514526,1.649749994277954,1.6649999618530273,1.6399999856948853,1.653749942779541,330636000
2016-10-17,1.6135470867156982,1.6402499675750732,1.6649999618530273,1.6380000114440918,1.6495000123977661,195328000
2016-10-18,1.638140082359314,1.6652499437332153,1.6747499704360962,1.65625,1.6629999876022339,269372000
2016-10-19,1.6346971988677979,1.6617499589920044,1.6694999933242798,1.6454999446868896,1.6540000438690186,199060000
2016-10-20,1.6656843423843384,1.6932499408721924,1.6987500190734863,1.6575000286102295,1.681249976158142,312084000
2016-10-21,1.6610115766525269,1.6885000467300415,1.691499948501587,1.6725000143051147,1.687250018119812,279508000
2016-10-24,1.738971471786499,1.7677500247955322,1.7697499990463257,1.6997499465942383,1.7000000476837158,339836000
2016-10-25,1.7674989700317383,1.7967499494552612,1.8075000047683716,1.756250023841858,1.7647500038146973,397460000
2016-10-26,1.774631381034851,1.8040000200271606,1.8237500190734863,1.7799999713897705,1.781749963760376,333792000
2016-10-27,1.7382339239120483,1.7669999599456787,1.8212499618530273,1.7597500085830688,1.8177499771118164,388664000
2016-10-28,1.7352824211120605,1.7640000581741333,1.8025000095367432,1.7607500553131104,1.7755000591278076,290856000
2016-10-31,1.7500383853912354,1.7790000438690186,1.7907500267028809,1.7687499523162842,1.7697499990463257,252388000
2016-11-01,1.6981470584869385,1.7262500524520874,1.7952500581741333,1.7072499990463257,1.7855000495910645,473224000
2016-11-02,1.6910148859024048,1.718999981880188,1.7630000114440918,1.715999960899353,1.7395000457763672,295848000
2016-11-03,1.6713407039642334,1.6990000009536743,1.7285000085830688,1.6660000085830688,1.7269999980926514,309664000
2016-11-04,1.661749243736267,1.6892499923706055,1.718250036239624,1.6644999980926514,1.687749981880188,328780000
2016-11-07,1.7527437210083008,1.781749963760376,1.7929999828338623,1.7374999523162842,1.7387499809265137,487580000
2016-11-08,1.7500383853912354,1.7790000438690186,1.7942500114440918,1.7625000476837158,1.7884999513626099,429884000
2016-11-09,1.720526933670044,1.7489999532699585,1.7725000381469727,1.718000054359436,1.7307499647140503,456532000
2016-11-10,1.6666680574417114,1.6942499876022339,1.787500023841858,1.6690000295639038,1.78725004196167,869280000
2016-11-11,2.1634464263916016,2.1992499828338623,2.219249963760376,1.962499976158142,1.9877500534057617,2175344000
2016-11-14,2.056959390640259,2.0910000801086426,2.2047500610351562,2.0905001163482666,2.2022500038146973,1348796000
2016-11-15,2.1196720600128174,2.154750108718872,2.1862499713897705,2.098249912261963,2.1072499752044678,626092000
2016-11-16,2.2534565925598145,2.290750026702881,2.313999891281128,2.158750057220459,2.183500051498413,987984000
2016-11-17,2.272148370742798,2.3097500801086426,2.3697500228881836,2.266249895095825,2.3077499866485596,832988000
2016-11-18,2.2960033416748047,2.3340001106262207,2.3582499027252197,2.2950000762939453,2.3097500801086426,576060000
2016-11-21,2.2866573333740234,2.32450008392334,2.358750104904175,2.309999942779541,2.352250099182129,436436000
2016-11-22,2.303135395050049,2.341249942779541,2.3434998989105225,2.309499979019165,2.3324999809265137,330368000
2016-11-23,2.314465284347534,2.349250078201294,2.3812499046325684,2.3192501068115234,2.3429999351501465,443236000
2016-11-25,2.3191447257995605,2.3540000915527344,2.377500057220459,2.335249900817871,2.3605000972747803,195564000
2016-11-28,2.317913293838501,2.352750062942505,2.368499994277954,2.3399999141693115,2.346750020980835,278736000
2016-11-29,2.29673171043396,2.331249952316284,2.3610000610351562,2.3132500648498535,2.3499999046325684,444568000
2016-11-30,2.2708706855773926,2.305000066757202,2.3540000915527344,2.302500009536743,2.3399999141693115,440500000
2016-12-01,2.158557653427124,2.190999984741211,2.3042500019073486,2.1192500591278076,2.302500009536743,1035524000
2016-12-02,2.1785082817077637,2.211250066757202,2.2200000286102295,2.128000020980835,2.15625,478292000
2016-12-05,2.262988567352295,2.296999931335449,2.3152499198913574,2.2249999046325684,2.2497498989105225,602284000
2016-12-06,2.3001790046691895,2.334749937057495,2.343250036239624,2.289249897003174,2.3052499294281006,498796000
2016-12-07,2.341557025909424,2.3767499923706055,2.382499933242798,2.302500009536743,2.321000099182129,480804000
2016-12-08,2.3023955821990967,2.3369998931884766,2.4154999256134033,2.3262500762939453,2.3797500133514404,381544000
2016-12-09,2.2615108489990234,2.2955000400543213,2.356750011444092,2.2677500247955322,2.3550000190734863,382312000
2016-12-12,2.2065861225128174,2.2397499084472656,2.2487499713897705,2.188499927520752,2.2462499141693115,601332000
2016-12-13,2.2455015182495117,2.279249906539917,2.3072500228881836,2.2512500286102295,2.2522499561309814,387796000
2016-12-14,2.375547409057617,2.411250114440918,2.4277501106262207,2.289249897003174,2.313499927520752,983980000
2016-12-15,2.431210994720459,2.467750072479248,2.498500108718872,2.4149999618530273,2.422499895095825,746548000
2016-12-16,2.473081588745117,2.5102500915527344,2.5174999237060547,2.4432499408721924,2.4957499504089355,1089528000
2016-12-19,2.503129243850708,2.540750026702881,2.5612499713897705,2.4749999046325684,2.492500066757202,744656000
2016-12-20,2.5903189182281494,2.6292500495910645,2.653249979019165,2.6029999256134033,2.614500045776367,848056000
2016-12-21,2.606574296951294,2.645750045776367,2.648750066757202,2.592750072479248,2.6410000324249268,576136000
2016-12-22,2.63810133934021,2.6777501106262207,2.721750020980835,2.663249969482422,2.6705000400543213,718612000
2016-12-23,2.7038626670837402,2.744499921798706,2.746000051498413,2.656749963760376,2.6594998836517334,647692000
2016-12-27,2.889570951461792,2.933000087738037,2.934000015258789,2.7804999351501465,2.801500082015991,1194272000
2016-12-28,2.6908085346221924,2.731250047683716,2.9982500076293945,2.717250108718872,2.990000009536743,2295764000
2016-12-29,2.744502067565918,2.785749912261963,2.78725004196167,2.569999933242798,2.622499942779541,2175368000
2016-12-30,2.6289875507354736,2.6684999465942383,2.7980000972747803,2.6575000286102295,2.783750057220459,1212932000
2017-01-03,2.512489080429077,2.5502500534057617,2.659250020980835,2.484499931335449,2.609999895095825,1501996000
2017-01-04,2.5711071491241455,2.6097500324249268,2.637500047683716,2.538249969482422,2.5850000381469727,1199220000
2017-01-05,2.5058388710021973,2.5434999465942383,2.6454999446868896,2.526249885559082,2.6132500171661377,984296000
2017-01-06,2.539335012435913,2.577500104904175,2.606250047683716,2.5299999713897705,2.5712499618530273,822856000
2017-01-09,2.6422882080078125,2.681999921798706,2.700000047683716,2.5875000953674316,2.5875000953674316,916248000
2017-01-10,2.622337579727173,2.661750078201294,2.729749917984009,2.640749931335449,2.6952500343322754,880920000
2017-01-11,2.5900728702545166,2.628999948501587,2.6549999713897705,2.603749990463257,2.6500000953674316,525664000
2017-01-12,2.5477094650268555,2.5859999656677246,2.617500066757202,2.5404999256134033,2.60575008392334,625616000
2017-01-13,2.5474634170532227,2.585750102996826,2.625,2.5764999389648438,2.5899999141693115,457820000
2017-01-17,2.490321397781372,2.527750015258789,2.5799999237060547,2.5142500400543213,2.575000047683716,580612000
2017-01-18,2.5356409549713135,2.5737500190734863,2.580749988555908,2.477750062942505,2.50600004196167,654424000
2017-01-19,2.5900728702545166,2.628999948501587,2.6614999771118164,2.57450008392334,2.5767500400543213,644872000
2017-01-20,2.561748504638672,2.600250005722046,2.6700000762939453,2.578000068664551,2.6519999504089355,492024000
2017-01-23,2.5883491039276123,2.6272499561309814,2.6475000381469727,2.5924999713897705,2.5950000286102295,369904000
2017-01-24,2.6435186862945557,2.6832499504089355,2.689500093460083,2.622499942779541,2.637500047683716,428052000
2017-01-25,2.65484881401062,2.6947500705718994,2.7325000762939453,2.658250093460083,2.726249933242798,522760000
2017-01-26,2.7006607055664062,2.7412500381469727,2.7487499713897705,2.6675000190734863,2.697499990463257,458800000
2017-01-27,2.752875328063965,2.794250011444092,2.7972500324249268,2.721250057220459,2.7482500076293945,471996000
2017-01-30,2.709773540496826,2.750499963760376,2.77524995803833,2.6977500915527344,2.7730000019073486,496004000
2017-01-31,2.689084529876709,2.7295000553131104,2.7512500286102295,2.7049999237060547,2.723750114440918,362756000
2017-02-01,2.8065688610076904,2.848750114440918,2.8529999256134033,2.746500015258789,2.7644999027252197,590004000
2017-02-02,2.8420355319976807,2.8847498893737793,2.8935000896453857,2.801500082015991,2.8324999809265137,483240000
2017-02-03,2.817159652709961,2.859499931335449,2.8975000381469727,2.8475000858306885,2.8862500190734863,372744000
2017-02-06,2.8893253803253174,2.9327499866485596,2.9332499504089355,2.8499999046325684,2.8499999046325684,506768000
2017-02-07,2.9341509342193604,2.978250026702881,3.0230000019073486,2.947499990463257,2.9674999713897705,746224000
2017-02-08,2.9213435649871826,2.965250015258789,2.9827499389648438,2.9094998836517334,2.9600000381469727,449580000
2017-02-09,2.8664190769195557,2.9094998836517334,2.9765000343322754,2.890000104904175,2.9714999198913574,842568000
2017-02-10,2.7984416484832764,2.8405001163482666,3.0174999237060547,2.815000057220459,2.9982500076293945,1651092000
2017-02-13,2.6693809032440186,2.7095000743865967,2.8494999408721924,2.7049999237060547,2.834749937057495,1180724000
2017-02-14,2.6792330741882324,2.7195000648498535,2.7537500858306885,2.657249927520752,2.6997499465942383,850632000
2017-02-15,2.6846508979797363,2.7249999046325684,2.744999885559082,2.694000005722046,2.7225000858306885,373020000
2017-02-16,2.6415491104125977,2.6812500953674316,2.7360000610351562,2.6414999961853027,2.7347500324249268,647176000
2017-02-17,2.6410555839538574,2.6807498931884766,2.6852500438690186,2.6197500228881836,2.6675000190734863,563740000
2017-02-21,2.735635757446289,2.776750087738037,2.780750036239624,2.7054998874664307,2.705749988555908,551952000
2017-02-22,2.73144268989563,2.7690000534057617,2.7950000762939453,2.7497498989105225,2.7855000495910645,433772000
2017-02-23,2.4781746864318848,2.5122499465942383,2.659749984741211,2.492000102996826,2.637500047683716,1592888000
2017-02-24,2.502096176147461,2.5364999771118164,2.549999952316284,2.3924999237060547,2.4267499446868896,1029904000
2017-02-27,2.574846029281616,2.6102499961853027,2.625499963760376,2.5390000343322754,2.555000066757202,715400000
2017-02-28,2.502589702606201,2.5369999408721924,2.630000114440918,2.5195000171661377,2.619999885559082,625360000
2017-03-01,2.534895420074463,2.5697500705718994,2.609250068664551,2.527750015258789,2.594749927520752,504804000
2017-03-02,2.44143009185791,2.4749999046325684,2.571000099182129,2.472249984741211,2.5567500591278076,754332000
2017-03-03,2.4273734092712402,2.460750102996826,2.469249963760376,2.4054999351501465,2.464250087738037,864692000
2017-03-06,2.4086310863494873,2.4417500495910645,2.452500104904175,2.3792500495910645,2.4240000247955322,883568000
2017-03-07,2.435018539428711,2.4684998989105225,2.4882500171661377,2.4287500381469727,2.4417500495910645,603400000
2017-03-08,2.430579662322998,2.4639999866485596,2.5325000286102295,2.461750030517578,2.5174999237060547,638712000
2017-03-09,2.4300858974456787,2.4635000228881836,2.4862499237060547,2.434999942779541,2.4477500915527344,478060000
2017-03-10,2.444389581680298,2.4779999256134033,2.5022499561309814,2.4595000743865967,2.4902501106262207,499740000
2017-03-13,2.511713981628418,2.546250104904175,2.5562500953674316,2.4877500534057617,2.4885001182556152,774136000
2017-03-14,2.5099875926971436,2.5445001125335693,2.5687499046325684,2.5117499828338623,2.5592501163482666,522016000
2017-03-15,2.5289762020111084,2.5637500286102295,2.5747499465942383,2.507999897003174,2.5562500953674316,615036000
2017-03-16,2.560048818588257,2.595249891281128,2.595750093460083,2.5602500438690186,2.57450008392334,523100000
2017-03-17,2.6157829761505127,2.651750087738037,2.6530001163482666,2.595249891281128,2.61299991607666,1119688000
2017-03-20,2.699136734008789,2.7362499237060547,2.7402501106262207,2.653249979019165,2.6695001125335693,748568000
2017-03-21,2.6118369102478027,2.647749900817871,2.749000072479248,2.6397500038146973,2.71875,913484000
2017-03-22,2.6651053428649902,2.7017500400543213,2.7065000534057617,2.632499933242798,2.6364998817443848,616764000
2017-03-23,2.6409363746643066,2.6772499084472656,2.7139999866485596,2.6675000190734863,2.6937499046325684,533940000
2017-03-24,2.6503078937530518,2.6867499351501465,2.7322499752044678,2.6605000495910645,2.724250078201294,439500000
2017-03-27,2.669543504714966,2.706249952316284,2.710249900817871,2.5894999504089355,2.6394999027252197,506644000
2017-03-28,2.655733108520508,2.6922500133514404,2.722249984741211,2.6817500591278076,2.7074999809265137,432444000
2017-03-29,2.647101640701294,2.683500051498413,2.712249994277954,2.6812500953674316,2.6997499465942383,349992000
2017-03-30,2.6979033946990967,2.734999895095825,2.75,2.684999942779541,2.6907498836517334,525532000
2017-03-31,2.6863131523132324,2.723249912261963,2.7472500801086426,2.7100000381469727,2.725250005722046,440808000
2017-04-03,2.6727497577667236,2.7095000743865967,2.7412500381469727,2.685499906539917,2.723750114440918,445232000
2017-04-04,2.4853265285491943,2.5195000171661377,2.6105000972747803,2.508500099182129,2.5850000381469727,1271280000
2017-04-05,2.4668314456939697,2.5007500648498535,2.5592501163482666,2.487499952316284,2.500499963760376,747048000
2017-04-06,2.4848337173461914,2.5190000534057617,2.53125,2.460249900817871,2.50600004196167,635120000
2017-04-07,2.474228620529175,2.5082499980926514,2.54325008392334,2.493000030517578,2.5255000591278076,429068000
2017-04-10,2.411097764968872,2.4442501068115234,2.515749931335449,2.440000057220459,2.509000062942505,756332000
2017-04-11,2.419728994369507,2.453000068664551,2.4725000858306885,2.408750057220459,2.413749933242798,618148000
2017-04-12,2.3997535705566406,2.4327499866485596,2.4674999713897705,2.427500009536743,2.453000068664551,414092000
2017-04-13,2.3548707962036133,2.3872499465942383,2.4302499294281006,2.3872499465942383,2.408250093460083,506892000
2017-04-17,2.4471025466918945,2.48075008392334,2.4809999465942383,2.3949999809265137,2.40024995803833,497292000
2017-04-18,2.4485819339752197,2.4822499752044678,2.4885001182556152,2.440000057220459,2.466249942779541,370116000
2017-04-19,2.4581995010375977,2.492000102996826,2.5244998931884766,2.4852499961853027,2.5,380828000
2017-04-20,2.497164249420166,2.5315001010894775,2.536250114440918,2.4852499961853027,2.5067501068115234,404016000
2017-04-21,2.507521390914917,2.5420000553131104,2.5447499752044678,2.509000062942505,2.5209999084472656,341896000
2017-04-24,2.5388407707214355,2.5737500190734863,2.5869998931884766,2.5527501106262207,2.5739998817443848,371820000
2017-04-25,2.5829837322235107,2.618499994277954,2.6332499980926514,2.5667500495910645,2.5885000228881836,388440000
2017-04-26,2.565227746963501,2.6005001068115234,2.6347498893737793,2.5985000133514404,2.6322500705718994,327004000
2017-04-27,2.6051793098449707,2.6410000324249268,2.6494998931884766,2.589750051498413,2.6080000400543213,319700000
2017-04-28,2.5721333026885986,2.6075000762939453,2.6410000324249268,2.601749897003174,2.634000062942505,348248000
2017-05-01,2.6298398971557617,2.6659998893737793,2.671250104904175,2.6112499237060547,2.618499994277954,307732000
2017-05-02,2.551910400390625,2.5869998931884766,2.640000104904175,2.563999891281128,2.6387500762939453,629972000
2017-05-03,2.570899724960327,2.606250047683716,2.615999937057495,2.565000057220459,2.5799999237060547,336904000
2017-05-04,2.5610361099243164,2.596250057220459,2.6237499713897705,2.588249921798706,2.612499952316284,209788000
2017-05-05,2.561282157897949,2.5964999198913574,2.603749990463257,2.5687499046325684,2.5845000743865967,228428000
2017-05-08,2.5344018936157227,2.5692501068115234,2.609999895095825,2.5577499866485596,2.6085000038146973,365240000
2017-05-09,2.5385942459106445,2.573499917984009,2.6232500076293945,2.566499948501587,2.575000047683716,847672000
2017-05-10,2.991121292114258,3.032249927520752,3.0455000400543213,2.8505001068115234,2.8572499752044678,2129096000
2017-05-11,3.11960506439209,3.1624999046325684,3.2607500553131104,2.9977500438690186,3.0012500286102295,1939792000
2017-05-12,3.153883218765259,3.1972498893737793,3.240000009536743,3.1445000171661377,3.165750026702881,962620000
2017-05-15,3.3122072219848633,3.3577499389648438,3.3602499961853027,3.234499931335449,3.239000082015991,1087540000
2017-05-16,3.3738603591918945,3.4202499389648438,3.436000108718872,3.3340001106262207,3.4094998836517334,1120700000
2017-05-17,3.1496918201446533,3.193000078201294,3.371500015258789,3.1887500286102295,3.3524999618530273,1271368000
2017-05-18,3.281627655029297,3.3267500400543213,3.335750102996826,3.1762499809265137,3.237499952316284,1156032000
2017-05-19,3.3574163913726807,3.4000000953674316,3.4554998874664307,3.380500078201294,3.4257500171661377,1018372000
2017-05-22,3.429008722305298,3.4725000858306885,3.486999988555908,3.4332499504089355,3.4442501068115234,836608000
2017-05-23,3.382843494415283,3.4257500171661377,3.4947500228881836,3.3927500247955322,3.492500066757202,681248000
2017-05-24,3.4208617210388184,3.464250087738037,3.526750087738037,3.4519999027252197,3.5239999294281006,815996000
2017-05-25,3.4132087230682373,3.4565000534057617,3.5007500648498535,3.4110000133514404,3.5,608228000
2017-05-26,3.5015876293182373,3.5460000038146973,3.631999969482422,3.4277501106262207,3.4482500553131104,779140000
2017-05-30,3.5763893127441406,3.6217501163482666,3.657249927520752,3.5762500762939453,3.5924999713897705,989652000
2017-05-31,3.5635523796081543,3.608750104904175,3.674999952316284,3.5512499809265137,3.667249917984009,887316000
2017-06-01,3.563798666000366,3.6089999675750732,3.6257500648498535,3.562999963760376,3.6247498989105225,503340000
2017-06-02,3.5460245609283447,3.5910000801086426,3.632499933242798,3.5850000381469727,3.6059999465942383,487456000
2017-06-05,3.653905153274536,3.7002499103546143,3.713249921798706,3.5627501010894775,3.57450008392334,817376000
2017-06-06,3.6373655796051025,3.683500051498413,3.7422499656677246,3.6700000762939453,3.695499897003174,758728000
2017-06-07,3.6813085079193115,3.7279999256134033,3.746999979019165,3.692500114440918,3.708250045776367,612612000
2017-06-08,3.948420763015747,3.998500108718872,4.0,3.7947499752044678,3.8364999294281006,1161744000
2017-06-09,3.693157911300659,3.740000009536743,4.212500095367432,3.5687499046325684,4.118500232696533,3692928000
2017-06-12,3.7022910118103027,3.7492499351501465,3.7925000190734863,3.5527501106262207,3.6470000743865967,1697532000
2017-06-13,3.7375948429107666,3.7850000858306885,3.8692500591278076,3.641249895095825,3.859999895095825,1672504000
2017-06-14,3.7454946041107178,3.7929999828338623,3.8515000343322754,3.7125000953674316,3.7880001068115234,1184640000
2017-06-15,3.7615411281585693,3.8092501163482666,3.8399999141693115,3.6624999046325684,3.6740000247955322,963824000
2017-06-16,3.743025779724121,3.7904999256134033,3.867500066757202,3.75600004196167,3.819000005722046,924960000
2017-06-19,3.8837406635284424,3.933000087738037,3.9382500648498535,3.8315000534057617,3.835249900817871,778176000
2017-06-20,3.8780627250671387,3.9272499084472656,4.043499946594238,3.9230000972747803,3.975749969482422,1095444000
2017-06-21,3.9368174076080322,3.9867498874664307,3.990499973297119,3.8924999237060547,3.9552500247955322,682652000
2017-06-22,3.9096620082855225,3.959249973297119,4.008500099182129,3.934999942779541,3.994999885559082,469132000
2017-06-23,3.797584295272827,3.845750093460083,3.9830000400543213,3.8304998874664307,3.9670000076293945,1088588000
2017-06-26,3.756110191345215,3.8037500381469727,3.9149999618530273,3.708250045776367,3.878999948501587,1063960000
2017-06-27,3.618603229522705,3.6644999980926514,3.7947499752044678,3.658750057220459,3.7860000133514404,999492000
2017-06-28,3.7462353706359863,3.793750047683716,3.7985000610351562,3.643749952316284,3.7330000400543213,994948000
2017-06-29,3.621072292327881,3.6670000553131104,3.7679998874664307,3.6019999980926514,3.765000104904175,1064424000
2017-06-30,3.5687360763549805,3.614000082015991,3.6982500553131104,3.5875000953674316,3.684499979019165,731060000
2017-07-03,3.4396228790283203,3.4832499027252197,3.641249895095825,3.4644999504089355,3.6262500286102295,709072000
2017-07-05,3.5314583778381348,3.5762500762939453,3.6054999828338623,3.528249979019165,3.547499895095825,820188000
2017-07-06,3.542074680328369,3.5869998931884766,3.634500026702881,3.49399995803833,3.546750068664551,746284000
2017-07-07,3.623047351837158,3.6689999103546143,3.6875,3.6212499141693115,3.6445000171661377,654972000
2017-07-10,3.794374465942383,3.8424999713897705,3.8499999046325684,3.7170000076293945,3.743499994277954,958492000
2017-07-11,3.848191022872925,3.8970000743865967,3.904750108718872,3.8037500381469727,3.846250057220459,757956000
2017-07-12,4.011865139007568,4.062749862670898,4.074999809265137,3.9140000343322754,3.9574999809265137,1145208000
2017-07-13,3.965453863143921,4.015749931335449,4.15749979019165,3.96875,4.074999809265137,1369132000
2017-07-14,4.072102069854736,4.12375020980835,4.125249862670898,4.02524995803833,4.032249927520752,941948000
2017-07-17,4.054819583892822,4.106249809265137,4.1875,4.043749809265137,4.158249855041504,930792000
2017-07-18,4.097034454345703,4.14900016784668,4.163750171661377,4.03249979019165,4.04449987411499,776640000
2017-07-19,4.075803756713867,4.127500057220459,4.184999942779541,4.115250110626221,4.158249855041504,687044000
2017-07-20,4.135054111480713,4.1875,4.187749862670898,4.097750186920166,4.148250102996826,699596000
2017-07-21,4.14986515045166,4.202499866485596,4.232500076293945,4.152249813079834,4.166749954223633,648332000
2017-07-24,4.101724624633789,4.153749942779541,4.2195000648498535,4.14300012588501,4.209750175476074,652524000
2017-07-25,4.08197546005249,4.133749961853027,4.148250102996826,4.0894999504089355,4.130499839782715,496556000
2017-07-26,4.129127502441406,4.18149995803833,4.2482500076293945,4.146249771118164,4.191999912261963,640404000
2017-07-27,3.992856025695801,4.043499946594238,4.218500137329102,3.938999891281128,4.20674991607666,782856000
2017-07-28,4.058278560638428,4.109749794006348,4.134500026702881,3.9820001125335693,4.00724983215332,513348000
2017-07-31,4.011865139007568,4.062749862670898,4.159999847412109,4.015500068664551,4.123499870300293,559672000
2017-08-01,4.060745716094971,4.112249851226807,4.113999843597412,4.025000095367432,4.053249835968018,431384000
2017-08-02,4.058278560638428,4.109749794006348,4.147749900817871,4.031750202178955,4.143750190734863,478444000
2017-08-03,4.1098737716674805,4.1620001792907715,4.165750026702881,4.0920000076293945,4.109250068664551,442420000
2017-08-04,4.127894401550293,4.18025016784668,4.2517499923706055,4.1620001792907715,4.184999942779541,589096000
2017-08-07,4.254785060882568,4.308750152587891,4.3092498779296875,4.199999809265137,4.209750175476074,717412000
2017-08-08,4.204174995422363,4.257500171661377,4.363999843597412,4.217750072479248,4.347249984741211,755336000
2017-08-09,4.248859405517578,4.302750110626221,4.30525016784668,4.1917500495910645,4.210750102996826,530784000
2017-08-10,4.0669169425964355,4.118500232696533,4.316500186920166,4.108250141143799,4.303999900817871,1328088000
2017-08-11,3.8501670360565186,3.8989999294281006,3.9749999046325684,3.8227500915527344,3.928499937057495,1497196000
2017-08-14,4.157271385192871,4.210000038146973,4.213749885559082,3.9800000190734863,3.9917500019073486,1279020000
2017-08-15,4.122215270996094,4.174499988555908,4.2417497634887695,4.139750003814697,4.215250015258789,764532000
2017-08-16,4.077038288116455,4.128749847412109,4.213500022888184,4.0960001945495605,4.1897501945495605,596632000
2017-08-17,3.986191749572754,4.036749839782715,4.137499809265137,4.0345001220703125,4.120250225067139,525444000
2017-08-18,3.986931085586548,4.037499904632568,4.109000205993652,3.990999937057495,4.091750144958496,601204000
2017-08-21,3.92891788482666,3.978749990463257,4.073750019073486,3.9342501163482666,4.062250137329102,623672000
2017-08-22,4.016386032104492,4.06374979019165,4.06974983215332,3.9927499294281006,4.012249946594238,450456000
2017-08-23,4.0966877937316895,4.144999980926514,4.15625,4.021249771118164,4.03000020980835,579520000
2017-08-24,4.081615924835205,4.129749774932861,4.182000160217285,4.103000164031982,4.177499771118164,469700000
2017-08-25,4.047519683837891,4.095250129699707,4.1645002365112305,4.088749885559082,4.154250144958496,357200000
2017-08-28,4.076180934906006,4.1242499351501465,4.127500057220459,4.0582499504089355,4.114500045776367,389496000
2017-08-29,4.069509506225586,4.117499828338623,4.139500141143799,4.05649995803833,4.0647501945495605,324096000
2017-08-30,4.093723773956299,4.142000198364258,4.153250217437744,4.106750011444092,4.137499809265137,384400000
2017-08-31,4.186629772186279,4.236000061035156,4.239999771118164,4.15500020980835,4.162499904632568,612684000
2017-09-01,4.211831092834473,4.261499881744385,4.297500133514404,4.239999771118164,4.24875020980835,445432000
2017-09-05,4.099408149719238,4.147749900817871,4.2144999504089355,4.089000225067139,4.209499835968018,695364000
2017-09-06,4.096936225891113,4.145249843597412,4.195000171661377,4.110000133514404,4.181000232696533,397672000
2017-09-07,4.115962505340576,4.1645002365112305,4.197249889373779,4.12375020980835,4.16225004196167,352868000
2017-09-08,4.044554233551025,4.092249870300293,4.167749881744385,4.067749977111816,4.152750015258789,498856000
2017-09-11,4.175756454467773,4.224999904632568,4.235750198364258,4.132999897003174,4.138500213623047,567444000
2017-09-12,4.190829753875732,4.240250110626221,4.25,4.17425012588501,4.25,411488000
2017-09-13,4.20960807800293,4.259250164031982,4.28849983215332,4.182000160217285,4.214749813079834,580960000
2017-09-14,4.185640811920166,4.235000133514404,4.314000129699707,4.195000171661377,4.219749927520752,513712000
2017-09-15,4.450268745422363,4.502749919891357,4.502749919891357,4.316249847412109,4.321499824523926,1364792000
2017-09-18,4.634101390838623,4.68874979019165,4.78000020980835,4.621500015258789,4.628499984741211,1684460000
2017-09-19,4.629159450531006,4.683750152587891,4.746250152587891,4.615499973297119,4.637750148773193,874280000
2017-09-20,4.591851711273193,4.645999908447266,4.735499858856201,4.605249881744385,4.6875,724920000
2017-09-21,4.466330528259277,4.519000053405762,4.567500114440918,4.440249919891357,4.540999889373779,1075600000
2017-09-22,4.422842025756836,4.474999904632568,4.557750225067139,4.465000152587891,4.507500171661377,491232000
2017-09-25,4.2251739501953125,4.275000095367432,4.445000171661377,4.254000186920166,4.443749904632568,874580000
2017-09-26,4.248893737792969,4.298999786376953,4.4670000076293945,4.258749961853027,4.411250114440918,1125620000
2017-09-27,4.34204626083374,4.393249988555908,4.406750202178955,4.318749904632568,4.390500068664551,713720000
2017-09-28,4.340809345245361,4.392000198364258,4.4045000076293945,4.343999862670898,4.4004998207092285,435244000
2017-09-29,4.417160511016846,4.469250202178955,4.493249893188477,4.431250095367432,4.4770002365112305,619092000
2017-10-02,4.422842025756836,4.474999904632568,4.549499988555908,4.425000190734863,4.519999980926514,503480000
2017-10-03,4.431984901428223,4.484250068664551,4.514500141143799,4.439499855041504,4.481249809265137,390332000
2017-10-04,4.469048976898193,4.521749973297119,4.544250011444092,4.453499794006348,4.490499973297119,427848000
2017-10-05,4.466577053070068,4.51924991607666,4.550000190734863,4.488999843597412,4.546500205993652,437364000
2017-10-06,4.479671955108643,4.53249979019165,4.546000003814697,4.474999904632568,4.491250038146973,318800000
2017-10-09,4.580732345581055,4.634749889373779,4.66825008392334,4.550749778747559,4.56974983215332,563492000
2017-10-10,4.66819953918457,4.723249912261963,4.823750019073486,4.68149995803833,4.785749912261963,974876000
2017-10-11,4.717863082885742,4.773499965667725,4.775000095367432,4.69350004196167,4.739999771118164,529508000
2017-10-12,4.72008752822876,4.775750160217285,4.827250003814697,4.7482500076293945,4.7769999504089355,528292000
2017-10-13,4.80804967880249,4.864749908447266,4.875,4.791250228881836,4.838749885559082,628728000
2017-10-16,4.8905768394470215,4.948249816894531,4.951250076293945,4.830999851226807,4.894999980926514,576640000
2017-10-17,4.886129856109619,4.943749904632568,4.972499847412109,4.908750057220459,4.927249908447266,478596000
2017-10-18,4.881927967071533,4.939499855041504,4.953499794006348,4.833000183105469,4.952750205993652,567316000
2017-10-19,4.88736629486084,4.945000171661377,4.949999809265137,4.81125020980835,4.861000061035156,570772000
2017-10-20,4.865128040313721,4.922500133514404,4.989749908447266,4.91349983215332,4.962250232696533,451620000
2017-10-23,4.858208656311035,4.915500164031982,4.971250057220459,4.894999980926514,4.944499969482422,428696000
2017-10-24,4.909108638763428,4.9670000076293945,4.96875,4.898499965667725,4.924749851226807,407244000
2017-10-25,4.78507137298584,4.8414998054504395,4.980500221252441,4.779250144958496,4.927000045776367,828160000
2017-10-26,4.835230350494385,4.892250061035156,4.9039998054504395,4.845250129699707,4.869500160217285,322744000
2017-10-27,4.987682819366455,5.046500205993652,5.046750068664551,4.918749809265137,4.945000171661377,572192000
2017-10-30,5.036605358123779,5.0960001945495605,5.152249813079834,5.0304999351501465,5.046500205993652,504056000
2017-10-31,5.109991073608398,5.170249938964844,5.197249889373779,5.122499942779541,5.1282501220703125,411908000
2017-11-01,5.119624614715576,5.179999828338623,5.2492499351501465,5.114999771118164,5.233749866485596,502576000
2017-11-02,5.088491916656494,5.148499965667725,5.195250034332275,5.091249942779541,5.150000095367432,342308000
2017-11-03,5.156440734863281,5.217249870300293,5.217249870300293,5.133500099182129,5.179999828338623,353640000
2017-11-06,5.179667949676514,5.240749835968018,5.249499797821045,5.167500019073486,5.179999828338623,389944000
2017-11-07,5.238967418670654,5.300749778747559,5.322500228881836,5.251500129699707,5.263750076293945,427700000
2017-11-08,5.168055534362793,5.229000091552734,5.300000190734863,5.181000232696533,5.296249866485596,522988000
2017-11-09,5.073173522949219,5.132999897003174,5.158249855041504,5.009250164031982,5.131750106811523,978564000
2017-11-10,5.340521812438965,5.403500080108643,5.466750144958496,5.290750026702881,5.327000141143799,1253256000
2017-11-13,5.2537946701049805,5.3157501220703125,5.4292497634887695,5.300250053405762,5.403500080108643,582376000
2017-11-14,5.292091369628906,5.354499816894531,5.369999885559082,5.280749797821045,5.324999809265137,529292000
2017-11-15,5.188315391540527,5.249499797821045,5.300000190734863,5.195000171661377,5.298749923706055,501948000
2017-11-16,5.228590488433838,5.290249824523926,5.355000019073486,5.28125,5.32450008392334,441768000
2017-11-17,5.222413063049316,5.283999919891357,5.383749961853027,5.268750190734863,5.3480000495910645,515664000
2017-11-20,5.289620399475098,5.3520002365112305,5.364250183105469,5.262499809265137,5.299749851226807,396100000
2017-11-21,5.338297367095947,5.401249885559082,5.413000106811523,5.360000133514404,5.392250061035156,399176000
2017-11-22,5.314312934875488,5.3732500076293945,5.425000190734863,5.340250015258789,5.425000190734863,356640000
2017-11-24,5.364506244659424,5.423999786376953,5.425000190734863,5.364999771118164,5.389750003814697,180752000
2017-11-27,5.294780254364014,5.353499889373779,5.434000015258789,5.350249767303467,5.432750225067139,422896000
2017-11-28,5.209970951080322,5.267749786376953,5.368249893188477,5.205999851226807,5.358749866485596,512752000
2017-11-29,4.8566389083862305,4.9105000495910645,5.252999782562256,4.780749797821045,5.250249862670898,1396788000
2017-11-30,4.96271276473999,5.017749786376953,5.066999912261963,4.916250228881836,4.980000019073486,823768000
2017-12-01,4.887794494628906,4.941999912261963,5.0032501220703125,4.8117499351501465,4.982749938964844,811548000
2017-12-04,4.615316390991211,4.666500091552734,5.007500171661377,4.612500190734863,5.00124979019165,1240844000
2017-12-05,4.6420183181762695,4.69350004196167,4.817500114440918,4.514500141143799,4.559999942779541,981488000
2017-12-06,4.679602146148682,4.731500148773193,4.753499984741211,4.620999813079834,4.642499923706055,467032000
2017-12-07,4.747103214263916,4.799749851226807,4.840000152587891,4.752999782562256,4.798999786376953,542600000
2017-12-08,4.734739303588867,4.78725004196167,4.869500160217285,4.778749942779541,4.850249767303467,466876000
2017-12-11,4.8131208419799805,4.866499900817871,4.869500160217285,4.7855000495910645,4.801499843597412,372748000
2017-12-12,4.7186689376831055,4.770999908447266,4.8460001945495605,4.747250080108643,4.822500228881836,455016000
2017-12-13,4.6034464836120605,4.6545000076293945,4.81374979019165,4.646999835968018,4.8125,554280000
2017-12-14,4.610616207122803,4.661749839782715,4.733500003814697,4.614999771118164,4.6479997634887695,438164000
2017-12-15,4.736473083496094,4.789000034332275,4.809500217437744,4.640500068664551,4.706250190734863,670036000
2017-12-18,4.8932342529296875,4.947500228881836,4.950500011444092,4.800000190734863,4.829999923706055,477704000
2017-12-19,4.84897518157959,4.902750015258789,4.9432501792907715,4.874000072479248,4.938000202178955,373100000
2017-12-20,4.866034030914307,4.920000076293945,4.951749801635742,4.863749980926514,4.942500114440918,288820000
2017-12-21,4.84353494644165,4.897250175476074,4.948750019073486,4.888750076293945,4.923500061035156,300904000
2017-12-22,4.828205108642578,4.881750106811523,4.891250133514404,4.78125,4.860000133514404,466276000
2017-12-26,4.881859302520752,4.935999870300293,4.943749904632568,4.795499801635742,4.82574987411499,355080000
2017-12-27,4.875183582305908,4.9292497634887695,4.9992499351501465,4.907750129699707,4.922500133514404,329488000
2017-12-28,4.880870342254639,4.934999942779541,4.984499931335449,4.928750038146973,4.953249931335449,240248000
2017-12-29,4.784440517425537,4.837500095367432,4.96150016784668,4.837500095367432,4.96150016784668,279964000
2018-01-02,4.9290852546691895,4.983749866485596,4.987500190734863,4.862500190734863,4.894499778747559,355616000
2018-01-03,5.253486633300781,5.3117499351501465,5.34250020980835,5.09375,5.102499961853027,914704000
2018-01-04,5.281179428100586,5.339749813079834,5.451250076293945,5.317249774932861,5.394000053405762,583268000
2018-01-05,5.325933456420898,5.385000228881836,5.422749996185303,5.2769999504089355,5.354750156402588,580124000
2018-01-08,5.489124774932861,5.550000190734863,5.625,5.4644999504089355,5.510000228881836,881216000
2018-01-09,5.487641334533691,5.548500061035156,5.5954999923706055,5.466000080108643,5.555500030517578,497000000
2018-01-10,5.530664443969727,5.5920000076293945,5.5954999923706055,5.400000095367432,5.454999923706055,582664000
2018-01-11,5.540554523468018,5.6020002365112305,5.656750202178955,5.580249786376953,5.625,406032000
2018-01-12,5.513354778289795,5.57450008392334,5.624750137329102,5.5335001945495605,5.590000152587891,359916000
2018-01-16,5.442393779754639,5.502749919891357,5.687749862670898,5.417250156402588,5.601250171661377,702348000
2018-01-17,5.556379795074463,5.618000030517578,5.627999782562256,5.422500133514404,5.517499923706055,538408000
2018-01-18,5.5494561195373535,5.611000061035156,5.665999889373779,5.566999912261963,5.598499774932861,408632000
2018-01-19,5.689651012420654,5.752749919891357,5.777249813079834,5.675000190734863,5.702250003814697,609380000
2018-01-22,5.778168678283691,5.842249870300293,5.843999862670898,5.702499866485596,5.760749816894531,550944000
2018-01-23,5.907236099243164,5.972750186920166,5.9957499504089355,5.877500057220459,5.896249771118164,475228000
2018-01-24,5.830341339111328,5.894999980926514,6.012249946594238,5.838749885559082,5.97599983215332,579972000
2018-01-25,5.843939304351807,5.908750057220459,5.993750095367432,5.893750190734863,5.949999809265137,409884000
2018-01-26,6.016526222229004,6.083250045776367,6.083499908447266,5.940000057220459,5.953000068664551,516356000
2018-01-29,6.103559494018555,6.171249866485596,6.202750205993652,6.015250205993652,6.06850004196167,455116000
2018-01-30,6.001441955566406,6.067999839782715,6.1605000495910645,5.960249900817871,6.027750015258789,570832000
2018-01-31,6.077597141265869,6.144999980926514,6.231750011444092,6.111249923706055,6.14424991607666,478576000
2018-02-01,5.946552276611328,6.012499809265137,6.172500133514404,5.951499938964844,5.9629998207092285,519224000
2018-02-02,5.773964881896973,5.8379998207092285,5.949250221252441,5.779250144958496,5.925000190734863,718464000
2018-02-05,5.283900737762451,5.34250020980835,5.830749988555908,5.125,5.675000190734863,1165204000
2018-02-06,5.577642917633057,5.639500141143799,5.642499923706055,5.099999904632568,5.110000133514404,1114800000
2018-02-07,5.657258987426758,5.71999979019165,5.8742499351501465,5.667500019073486,5.739500045776367,802932000
2018-02-08,5.378354549407959,5.438000202178955,5.880499839782715,5.437749862670898,5.8470001220703125,1144000000
2018-02-09,5.738358974456787,5.802000045776367,5.972249984741211,5.438000202178955,5.956250190734863,1674604000
2018-02-12,5.638221263885498,5.70074987411499,5.88700008392334,5.6257500648498535,5.883999824523926,1093172000
2018-02-13,5.751960754394531,5.8157501220703125,5.862500190734863,5.631249904632568,5.664000034332275,625524000
2018-02-14,5.969298839569092,6.0355000495910645,6.0647501945495605,5.763750076293945,5.775000095367432,744988000
2018-02-15,6.094907283782959,6.162499904632568,6.209249973297119,6.038000106811523,6.119750022888184,698900000
2018-02-16,6.029135704040527,6.0960001945495605,6.25,6.086750030517578,6.135000228881836,637656000
2018-02-20,6.158697605133057,6.2270002365112305,6.296750068664551,6.114999771118164,6.118750095367432,686240000
2018-02-21,5.971523761749268,6.037749767303467,6.29925012588501,6.033999919891357,6.292250156402588,892292000
2018-02-22,5.991069793701172,6.053750038146973,6.140749931335449,5.987500190734863,6.0682501792907715,534364000
2018-02-23,6.084591865539551,6.148250102996826,6.148250102996826,6.063000202178955,6.114250183105469,415300000
2018-02-26,6.100673675537109,6.1645002365112305,6.19950008392334,6.101500034332275,6.195000171661377,469312000
2018-02-27,6.0878071784973145,6.151500225067139,6.222750186920166,6.1282501220703125,6.137499809265137,455436000
2018-02-28,5.987359046936035,6.050000190734863,6.202499866485596,6.038249969482422,6.162499904632568,523116000
2018-03-01,5.745141506195068,5.80525016784668,6.102250099182129,5.703000068664551,6.047749996185303,1040120000
2018-03-02,5.852272033691406,5.91349983215332,5.920000076293945,5.546249866485596,5.696499824523926,913428000
2018-03-05,5.830254077911377,5.891250133514404,5.931250095367432,5.73799991607666,5.862750053405762,620776000
2018-03-06,5.991317272186279,6.053999900817871,6.073500156402588,5.934000015258789,5.977499961853027,636808000
2018-03-07,5.983399391174316,6.046000003814697,6.098750114440918,5.948750019073486,5.949999809265137,581208000
2018-03-08,5.967071533203125,6.0295000076293945,6.073750019073486,5.984749794006348,6.073750019073486,411912000
2018-03-09,6.069746017456055,6.1332502365112305,6.146249771118164,6.06125020980835,6.077499866485596,505524000
2018-03-12,6.17935037612915,6.24399995803833,6.324999809265137,6.166749954223633,6.175000190734863,605060000
2018-03-13,6.128629684448242,6.192749977111816,6.362500190734863,6.151000022888184,6.28725004196167,619772000
2018-03-14,6.15411376953125,6.218500137329102,6.263750076293945,6.1554999351501465,6.236249923706055,505496000
2018-03-15,6.168957710266113,6.233500003814697,6.315499782562256,6.190999984741211,6.232250213623047,401952000
2018-03-16,6.1971635818481445,6.26200008392334,6.28125,6.211999893188477,6.25,399456000
2018-03-19,5.962616920471191,6.025000095367432,6.233749866485596,5.925000190734863,6.204500198364258,713772000
2018-03-20,6.174895286560059,6.239500045776367,6.278749942779541,6.0279998779296875,6.0279998779296875,554696000
2018-03-21,6.149661540985107,6.214000225067139,6.300000190734863,6.1832499504089355,6.232999801635742,438688000
2018-03-22,5.98364782333374,6.046249866485596,6.197000026702881,6.008500099182129,6.150000095367432,551196000
2018-03-23,5.76394510269165,5.824250221252441,6.0625,5.813000202178955,6.059999942779541,735620000
2018-03-26,6.048717498779297,6.111999988555908,6.113249778747559,5.897500038146973,5.949999809265137,611424000
2018-03-27,5.579623222351074,5.638000011444092,6.25,5.496250152587891,6.193749904632568,1409000000
2018-03-28,5.476454257965088,5.533750057220459,5.734749794006348,5.425000190734863,5.603250026702881,945904000
2018-03-29,5.72980260848999,5.789750099182129,5.887499809265137,5.517499923706055,5.602749824523926,916628000
2018-04-02,5.4690327644348145,5.526249885559082,5.866250038146973,5.4375,5.718500137329102,922092000
2018-04-03,5.575418472290039,5.633749961853027,5.758749961853027,5.533750057220459,5.695000171661377,667432000
2018-04-04,5.597439289093018,5.656000137329102,5.666500091552734,5.349999904632568,5.375249862670898,789168000
2018-04-05,5.477195739746094,5.5345001220703125,5.728250026702881,5.462250232696533,5.715000152587891,701240000
2018-04-06,5.300790786743164,5.356249809265137,5.539999961853027,5.326749801635742,5.430749893188477,662988000
2018-04-09,5.329491138458252,5.385250091552734,5.54925012588501,5.364999771118164,5.420000076293945,499524000
2018-04-10,5.638754844665527,5.697750091552734,5.724999904632568,5.5602498054504395,5.618000030517578,761676000
2018-04-11,5.597439289093018,5.656000137329102,5.7245001792907715,5.623000144958496,5.682750225067139,460244000
2018-04-12,5.8042731285095215,5.864999771118164,5.882999897003174,5.705249786376953,5.75,593920000
2018-04-13,5.72757625579834,5.787499904632568,5.937749862670898,5.738749980926514,5.9292497634887695,503036000
2018-04-16,5.727330207824707,5.78725004196167,5.821000099182129,5.691999912261963,5.794250011444092,350792000
2018-04-17,5.877012729644775,5.938499927520752,5.960000038146973,5.783750057220459,5.840000152587891,447224000
2018-04-18,5.848066329956055,5.909249782562256,5.981249809265137,5.819250106811523,5.887499809265137,391364000
2018-04-19,5.666713714599609,5.72599983215332,5.827499866485596,5.670000076293945,5.793749809265137,471996000
2018-04-20,5.658550262451172,5.717750072479248,5.802499771118164,5.68625020980835,5.717249870300293,386200000
2018-04-23,5.5390496253967285,5.5970001220703125,5.787499904632568,5.5707502365112305,5.735750198364258,427508000
2018-04-24,5.472743988037109,5.53000020980835,5.71999979019165,5.464000225067139,5.623000144958496,414596000
2018-04-25,5.36041784286499,5.416500091552734,5.5395002365112305,5.257500171661377,5.5,588492000
2018-04-26,5.572201728820801,5.630499839782715,5.638750076293945,5.51324987411499,5.579999923706055,375824000
2018-04-27,5.599664211273193,5.658249855041504,5.757500171661377,5.615499973297119,5.737500190734863,400848000
2018-04-30,5.564285755157471,5.622499942779541,5.724999904632568,5.603000164031982,5.674749851226807,327844000
2018-05-01,5.619706153869629,5.678500175476074,5.681250095367432,5.554999828338623,5.614250183105469,253788000
2018-05-02,5.599170207977295,5.657750129699707,5.71999979019165,5.631249904632568,5.675000190734863,268248000
2018-05-03,5.764440536499023,5.824749946594238,5.851250171661377,5.64424991607666,5.690000057220459,443144000
2018-05-04,5.914620399475098,5.976500034332275,5.979750156402588,5.778250217437744,5.795750141143799,400660000
2018-05-07,6.152629852294922,6.2170000076293945,6.274750232696533,6.072249889373779,6.082250118255615,687616000
2018-05-08,6.19518518447876,6.260000228881836,6.262750148773193,6.167749881744385,6.217249870300293,506616000
2018-05-09,6.3282904624938965,6.394499778747559,6.396749973297119,6.252749919891357,6.280250072479248,596760000
2018-05-10,6.435916900634766,6.5032501220703125,6.512499809265137,6.429999828338623,6.447999954223633,994080000
2018-05-11,6.297365665435791,6.363249778747559,6.494750022888184,6.263500213623047,6.319499969482422,1214456000
2018-05-14,6.317901134490967,6.383999824523926,6.462250232696533,6.360000133514404,6.401750087738037,523140000
2018-05-15,6.075437068939209,6.138999938964844,6.322500228881836,6.037499904632568,6.31974983215332,963528000
2018-05-16,6.0865702629089355,6.15024995803833,6.2129998207092285,6.062749862670898,6.099999904632568,553828000
2018-05-17,6.128629684448242,6.192749977111816,6.287499904632568,6.135749816894531,6.1519999504089355,519784000
2018-05-18,6.084840774536133,6.148499965667725,6.3092498779296875,6.143499851226807,6.245250225067139,483716000
2018-05-21,6.042779445648193,6.105999946594238,6.2507500648498535,6.012249946594238,6.247000217437744,640624000
2018-05-22,6.0046772956848145,6.067500114440918,6.144999980926514,6.006249904632568,6.119500160217285,518264000
2018-05-23,6.128211975097656,6.188499927520752,6.1897501945495605,6.006249904632568,6.006999969482422,442956000
2018-05-24,6.131924629211426,6.192249774932861,6.235000133514404,6.13100004196167,6.184750080108643,437372000
2018-05-25,6.17128849029541,6.23199987411499,6.248499870300293,6.169000148773193,6.204999923706055,292112000
2018-05-29,6.154206275939941,6.214749813079834,6.2835001945495605,6.167500019073486,6.213749885559082,352684000
2018-05-30,6.2631354331970215,6.324749946594238,6.333499908447266,6.223750114440918,6.24875020980835,390996000
2018-05-31,6.243329048156738,6.304749965667725,6.380000114440918,6.281750202178955,6.292500019073486,493868000
2018-06-01,6.3777570724487305,6.440499782562256,6.446750164031982,6.341249942779541,6.349999904632568,421968000
2018-06-04,6.556746006011963,6.621250152587891,6.643499851226807,6.442500114440918,6.474999904632568,642024000
2018-06-05,6.562193393707275,6.6267499923706055,6.664750099182129,6.579249858856201,6.624499797821045,391712000
2018-06-06,6.564173698425293,6.628749847412109,6.631999969482422,6.51924991607666,6.535749912261963,371356000
2018-06-07,6.508472442626953,6.572500228881836,6.63700008392334,6.481249809265137,6.625,369448000
2018-06-08,6.493121147155762,6.557000160217285,6.599999904632568,6.480000019073486,6.499000072479248,360456000
2018-06-11,6.452026844024658,6.515500068664551,6.586249828338623,6.502500057220459,6.544250011444092,265372000
2018-06-12,6.500549793243408,6.564499855041504,6.576749801635742,6.491499900817871,6.542250156402588,319160000
2018-06-13,6.496092319488525,6.559999942779541,6.641749858856201,6.550749778747559,6.565999984741211,338208000
2018-06-14,6.607745170593262,6.672749996185303,6.730000019073486,6.5904998779296875,6.605500221252441,430016000
2018-06-15,6.566896915435791,6.631499767303467,6.686999797821045,6.583749771118164,6.614999771118164,432260000
2018-06-18,6.56268835067749,6.6272501945495605,6.644999980926514,6.559500217437744,6.586999893188477,356268000
2018-06-19,6.440885066986084,6.5042500495910645,6.591000080108643,6.375500202178955,6.5229997634887695,594932000
2018-06-20,6.493865966796875,6.557750225067139,6.611249923706055,6.506999969482422,6.545750141143799,369780000
2018-06-21,6.365131378173828,6.427750110626221,6.608500003814697,6.420000076293945,6.590000152587891,359516000
2018-06-22,6.212631702423096,6.273749828338623,6.462250232696533,6.2582502365112305,6.448750019073486,434160000
2018-06-25,5.91976261138916,5.978000164031982,6.170000076293945,5.888500213623047,6.166250228881836,665816000
2018-06-26,5.990814208984375,6.049749851226807,6.141250133514404,5.9977498054504395,6.09250020980835,478884000
2018-06-27,5.8355913162231445,5.89300012588501,6.160749912261963,5.887499809265137,6.09375,453892000
2018-06-28,5.962841033935547,6.021500110626221,6.0335001945495605,5.875249862670898,5.882999897003174,338012000
2018-06-29,5.864804744720459,5.922500133514404,6.099999904632568,5.921249866485596,6.087250232696533,392300000
2018-07-02,5.99700403213501,6.056000232696533,6.059750080108643,5.831500053405762,5.852250099182129,357572000
2018-07-03,5.863317966461182,5.921000003814697,6.0970001220703125,5.912499904632568,6.091000080108643,222732000
2018-07-05,6.009134769439697,6.0682501792907715,6.073249816894531,5.9375,5.976749897003174,306216000
2018-07-06,6.123013496398926,6.1832499504089355,6.1917500495910645,6.021999835968018,6.043499946594238,296352000
2018-07-09,6.170546531677246,6.231249809265137,6.26800012588501,6.151750087738037,6.2582502365112305,303880000
2018-07-10,6.269573211669922,6.331250190734863,6.353499889373779,6.203000068664551,6.243750095367432,360016000
2018-07-11,6.127964973449707,6.1882500648498535,6.272500038146973,6.177499771118164,6.237500190734863,367508000
2018-07-12,6.219564914703369,6.280749797821045,6.329249858856201,6.223999977111816,6.234000205993652,345508000
2018-07-13,6.172279357910156,6.232999801635742,6.299499988555908,6.190499782562256,6.299499988555908,246988000
2018-07-16,6.144550800323486,6.204999923706055,6.258500099182129,6.192500114440918,6.204999923706055,197036000
2018-07-17,6.280465126037598,6.342249870300293,6.357500076293945,6.129499912261963,6.155250072479248,362136000
2018-07-18,6.231198310852051,6.292500019073486,6.348750114440918,6.241000175476074,6.334750175476074,277640000
2018-07-19,6.2393693923950195,6.300749778747559,6.334750175476074,6.2582502365112305,6.273499965667725,235752000
2018-07-20,6.211147308349609,6.272250175476074,6.337500095367432,6.261250019073486,6.298250198364258,222352000
2018-07-23,6.174507141113281,6.235249996185303,6.247250080108643,6.081999778747559,6.245500087738037,301584000
2018-07-24,6.157177925109863,6.217750072479248,6.371250152587891,6.199999809265137,6.283750057220459,354620000
2018-07-25,6.235408306121826,6.296750068664551,6.309500217437744,6.168749809265137,6.227250099182129,319112000
2018-07-26,6.308933734893799,6.370999813079834,6.408249855041504,6.259500026702881,6.276500225067139,325124000
2018-07-27,6.239121913909912,6.30049991607666,6.414999961853027,6.245999813079834,6.4079999923706055,295420000
2018-07-30,6.043793678283691,6.103250026702881,6.3207502365112305,6.067999839782715,6.3147501945495605,340340000
2018-07-31,6.061864376068115,6.121500015258789,6.197000026702881,6.053500175476074,6.092750072479248,283988000
2018-08-01,6.1017231941223145,6.161749839782715,6.209000110626221,6.097249984741211,6.153250217437744,283556000
2018-08-02,6.204461574554443,6.265500068664551,6.269499778747559,6.030250072479248,6.089749813079834,269668000
2018-08-03,6.2411017417907715,6.302499771118164,6.326499938964844,6.273250102996826,6.290249824523926,214288000
2018-08-06,6.288882255554199,6.350749969482422,6.354249954223633,6.24275016784668,6.289750099182129,207508000
2018-08-07,6.361169338226318,6.423749923706055,6.442500114440918,6.373000144958496,6.400000095367432,258132000
2018-08-08,6.397562503814697,6.4604997634887695,6.50600004196167,6.389750003814697,6.425000190734863,262100000
2018-08-09,6.349039554595947,6.411499977111816,6.481249809265137,6.403749942779541,6.478499889373779,204280000
2018-08-10,6.30769681930542,6.369750022888184,6.402500152587891,6.317500114440918,6.328750133514404,256396000
2018-08-13,6.340623378753662,6.4029998779296875,6.525000095367432,6.3767499923706055,6.378499984741211,375208000
2018-08-14,6.472080707550049,6.535749912261963,6.550000190734863,6.42549991607666,6.509500026702881,466220000
2018-08-15,6.4139018058776855,6.4770002365112305,6.591000080108643,6.397500038146973,6.5567498207092285,591136000
2018-08-16,6.3733015060424805,6.435999870300293,6.550000190734863,6.375249862670898,6.547500133514404,801260000
2018-08-17,6.060874938964844,6.120500087738037,6.324250221252441,6.093249797821045,6.323500156402588,1143188000
2018-08-20,6.13563871383667,6.196000099182129,6.329999923706055,5.9679999351501465,6.079500198364258,854388000
2018-08-21,6.27130651473999,6.333000183105469,6.337500095367432,6.192500114440918,6.212500095367432,673988000
2018-08-22,6.506491184234619,6.570499897003174,6.575500011444092,6.296500205993652,6.300000190734863,749856000
2018-08-23,6.606011867523193,6.671000003814697,6.736999988555908,6.517499923706055,6.531499862670898,720684000
2018-08-24,6.73920202255249,6.805500030517578,6.820250034332275,6.675000190734863,6.679500102996826,531512000
2018-08-27,6.830305099487305,6.897500038146973,6.972499847412109,6.803750038146973,6.8354997634887695,505776000
2018-08-28,6.792675971984863,6.859499931335449,6.9145002365112305,6.738249778747559,6.891499996185303,475384000
2018-08-29,6.898195743560791,6.962250232696533,6.987500190734863,6.827000141143799,6.8480000495910645,420108000
2018-08-30,6.881352424621582,6.945250034332275,7.043000221252441,6.9079999923706055,6.930749893188477,346608000
2018-08-31,6.952442646026611,7.017000198364258,7.03000020980835,6.914999961853027,6.925000190734863,306592000
2018-09-04,7.027247428894043,7.09250020980835,7.130499839782715,6.974999904632568,7.003749847412109,391720000
2018-09-05,6.89646053314209,6.9604997634887695,7.110499858856201,6.878749847412109,7.074749946594238,393156000
2018-09-06,6.755273342132568,6.817999839782715,6.946499824523926,6.784749984741211,6.943999767303467,322796000
2018-09-07,6.7339701652526855,6.796500205993652,6.923250198364258,6.679749965667725,6.724999904632568,295420000
2018-09-10,6.8050618171691895,6.868249893188477,6.898250102996826,6.775000095367432,6.819250106811523,220140000
2018-09-11,6.757254600524902,6.820000171661377,6.909999847412109,6.80049991607666,6.821499824523926,243112000
2018-09-12,6.643311977386475,6.704999923706055,6.799499988555908,6.547999858856201,6.779749870300293,419092000
2018-09-13,6.721089839935303,6.7835001945495605,6.875,6.754000186920166,6.771500110626221,305536000
2018-09-14,6.84716796875,6.910749912261963,6.977499961853027,6.837500095367432,6.874750137329102,386936000
2018-09-17,6.785244464874268,6.848249912261963,6.934500217437744,6.828750133514404,6.885000228881836,205528000
2018-09-18,6.713164329528809,6.7754998207092285,6.955999851226807,6.768750190734863,6.852250099182129,299520000
2018-09-19,6.736942291259766,6.799499988555908,6.817500114440918,6.706250190734863,6.756750106811523,224860000
2018-09-20,6.5957536697387695,6.6570000648498535,6.718999862670898,6.602499961853027,6.676249980926514,430584000
2018-09-21,6.525655269622803,6.586249828338623,6.715000152587891,6.552750110626221,6.669000148773193,435128000
2018-09-24,6.581387042999268,6.642499923706055,6.645999908447266,6.4670000076293945,6.554999828338623,293912000
2018-09-25,6.648514270782471,6.710249900817871,6.735499858856201,6.6227498054504395,6.709249973297119,280388000
2018-09-26,6.611606121063232,6.672999858856201,6.75600004196167,6.6570000648498535,6.715250015258789,268548000
2018-09-27,6.6234965324401855,6.684999942779541,6.730000019073486,6.653250217437744,6.708499908447266,214428000
2018-09-28,6.960864067077637,7.0254998207092285,7.047999858856201,6.789999961853027,6.8182501792907715,709396000
2018-10-01,7.167445182800293,7.234000205993652,7.301499843597412,7.065000057220459,7.104000091552734,622060000
2018-10-02,7.096108913421631,7.1620001792907715,7.318999767303467,7.139500141143799,7.206250190734863,383964000
2018-10-03,7.102301597595215,7.16825008392334,7.240499973297119,7.0632500648498535,7.232999801635742,320552000
2018-10-04,6.918011665344238,6.982250213623047,7.15625,6.9045000076293945,7.131750106811523,391220000
2018-10-05,6.684429168701172,6.746500015258789,7.019999980926514,6.688499927520752,6.957250118255615,426636000
2018-10-08,6.583120346069336,6.64424991607666,6.7789998054504395,6.501999855041504,6.662499904632568,408612000
2018-10-09,6.577425003051758,6.638500213623047,6.718999862670898,6.570000171661377,6.623499870300293,273500000
2018-10-10,6.085738182067871,6.142250061035156,6.577750205993652,6.139999866485596,6.531499862670898,684940000
2018-10-11,5.824170112609863,5.8782501220703125,6.189000129699707,5.856500148773193,6.0542497634887695,725436000
2018-10-12,6.106794357299805,6.16349983215332,6.238500118255615,5.991250038146973,6.137750148773193,608236000
2018-10-15,5.830362319946289,5.884500026702881,6.150000095367432,5.883500099182129,6.150000095367432,449760000
2018-10-16,6.089208126068115,6.145750045776367,6.1570000648498535,5.948500156402588,5.9982500076293945,408712000
2018-10-17,6.020595073699951,6.076499938964844,6.247000217437744,6.0269999504089355,6.208499908447266,329668000
2018-10-18,5.933156490325928,5.988249778747559,6.1852498054504395,5.927249908447266,6.146500110626221,524020000
2018-10-19,5.676539421081543,5.729249954223633,6.06374979019165,5.692500114440918,6.044000148773193,613608000
2018-10-22,5.727317810058594,5.7804999351501465,5.882999897003174,5.676750183105469,5.7820000648498535,368844000
2018-10-23,5.475655555725098,5.526500225067139,5.604750156402588,5.417749881744385,5.510749816894531,626436000
2018-10-24,4.9393839836120605,4.985249996185303,5.534749984741211,4.971250057220459,5.487750053405762,884288000
2018-10-25,5.148194789886475,5.196000099182129,5.243750095367432,4.8420000076293945,4.886750221252441,951720000
2018-10-26,4.911641597747803,4.957250118255615,5.120999813079834,4.828000068664551,4.957749843597412,664784000
2018-10-29,4.597805976867676,4.640500068664551,5.103250026702881,4.40024995803833,5.09975004196167,758016000
2018-10-30,5.028309345245361,5.074999809265137,5.085000038146973,4.640500068664551,4.663750171661377,807192000
2018-10-31,5.222258567810059,5.270750045776367,5.3147501945495605,5.100249767303467,5.241250038146973,745772000
2018-11-01,5.40258264541626,5.452750205993652,5.462250232696533,5.179749965667725,5.307499885559082,566528000
2018-11-02,5.323566436767578,5.373000144958496,5.550000190734863,5.255249977111816,5.4432501792907715,452960000
2018-11-05,5.245541095733643,5.294250011444092,5.3832502365112305,5.131999969482422,5.359749794006348,379332000
2018-11-06,5.227957248687744,5.276500225067139,5.371250152587891,5.238999843597412,5.286250114440918,299012000
2018-11-07,5.295577049255371,5.344749927520752,5.4352498054504395,5.2795000076293945,5.34375,483812000
2018-11-08,5.102372169494629,5.149750232696533,5.285749912261963,5.095749855041504,5.284999847412109,511352000
2018-11-09,5.094444751739502,5.141749858856201,5.232999801635742,5.026000022888184,5.059999942779541,413240000
2018-11-12,4.694904804229736,4.738500118255615,5.071750164031982,4.7164998054504395,5.049499988555908,617116000
2018-11-13,4.9369072914123535,4.982749938964844,5.105249881744385,4.830999851226807,4.837250232696533,644712000
2018-11-14,4.884395599365234,4.929749965667725,5.171999931335449,4.8207502365112305,5.15749979019165,526580000
2018-11-15,5.013199806213379,5.059750080108643,5.132500171661377,4.887499809265137,4.923749923706055,840708000
2018-11-16,4.072929382324219,4.110750198364258,4.266499996185303,4.040249824523926,4.083000183105469,1963520000
2018-11-19,3.584218740463257,3.617500066757202,4.045499801635742,3.6157500743865967,4.044750213623047,1697820000
2018-11-20,3.6927106380462646,3.7269999980926514,3.8564999103546143,3.332750082015991,3.3515000343322754,1692032000
2018-11-21,3.584465742111206,3.6177499294281006,3.882499933242798,3.590250015258789,3.865499973297119,1025496000
2018-11-23,3.591649055480957,3.625,3.7397499084472656,3.5697500705718994,3.582750082015991,411968000
2018-11-26,3.7910478115081787,3.8262500762939453,3.836750030517578,3.6640000343322754,3.7472500801086426,814832000
2018-11-27,3.807891368865967,3.843250036239624,3.9252500534057617,3.7637500762939453,3.799999952316284,738060000
2018-11-28,3.964933156967163,4.0017499923706055,4.006999969482422,3.828249931335449,3.9619998931884766,804524000
2018-11-29,3.9017064571380615,3.934000015258789,4.037499904632568,3.9035000801086426,4.0,549172000
2018-11-30,4.052211761474609,4.085750102996826,4.096499919891357,3.8929998874664307,3.9437499046325684,729564000
2018-12-03,4.216103553771973,4.250999927520752,4.367000102996826,4.183499813079834,4.315000057220459,890804000
2018-12-04,3.895508050918579,3.9277501106262207,4.210999965667725,3.9124999046325684,4.205999851226807,812112000
2018-12-06,3.9247660636901855,3.9572501182556152,3.962249994277954,3.770250082015991,3.7860000133514404,692308000
2018-12-07,3.6599574089050293,3.6902499198913574,3.971750020980835,3.640500068664551,3.9614999294281006,681676000
2018-12-10,3.7653350830078125,3.7964999675750732,3.821500062942505,3.641249895095825,3.6449999809265137,629472000
2018-12-11,3.6743381023406982,3.7047500610351562,3.897249937057495,3.625,3.8889999389648438,671912000
2018-12-12,3.6919431686401367,3.7225000858306885,3.819499969482422,3.620500087738037,3.7105000019073486,654136000
2018-12-13,3.691694974899292,3.722249984741211,3.8345000743865967,3.686000108718872,3.7697501182556152,471384000
2018-12-14,3.631195068359375,3.661250114440918,3.7647500038146973,3.637500047683716,3.6802499294281006,471820000
2018-12-17,3.5600340366363525,3.5894999504089355,3.703749895095825,3.5309998989105225,3.63100004196167,662868000
2018-12-18,3.6433451175689697,3.6735000610351562,3.7582499980926514,3.606250047683716,3.6337499618530273,564372000
2018-12-19,3.4343245029449463,3.46274995803833,3.69350004196167,3.410749912261963,3.6394999027252197,745364000
2018-12-20,3.3497745990753174,3.377500057220459,3.5450000762939453,3.3172500133514404,3.4542500972747803,749588000
2018-12-21,3.2126593589782715,3.2392499446868896,3.4375,3.2114999294281006,3.404249906539917,863740000
2018-12-24,3.1509206295013428,3.177000045776367,3.249500036239624,3.112499952316284,3.16225004196167,463840000
2018-12-26,3.300185441970825,3.327500104904175,3.3285000324249268,3.1115000247955322,3.2235000133514404,695100000
2018-12-27,3.252330780029297,3.279249906539917,3.309499979019165,3.129499912261963,3.274749994277954,637044000
2018-12-28,3.3138225078582764,3.341249942779541,3.4347500801086426,3.2577500343322754,3.299999952316284,628728000
2018-12-31,3.310103178024292,3.3375000953674316,3.4177498817443848,3.30649995803833,3.384999990463257,465140000
2019-01-02,3.37754487991333,3.4054999351501465,3.4619998931884766,3.2512500286102295,3.2660000324249268,508752000
2019-01-03,3.1734836101531982,3.1997499465942383,3.378999948501587,3.1922500133514404,3.344749927520752,705552000
2019-01-04,3.376801013946533,3.404750108718872,3.4432499408721924,3.242500066757202,3.2734999656677246,585620000
2019-01-07,3.5555708408355713,3.5850000381469727,3.6222500801086426,3.410749912261963,3.4625000953674316,709160000
2019-01-08,3.4670543670654297,3.4957499504089355,3.6695001125335693,3.422499895095825,3.667249917984009,786016000
2019-01-09,3.5352396965026855,3.564500093460083,3.6122500896453857,3.496500015258789,3.547499895095825,617260000
2019-01-10,3.6009461879730225,3.6307499408721924,3.6394999027252197,3.4839999675750732,3.5450000762939453,523156000
2019-01-11,3.690207004547119,3.720750093460083,3.7437500953674316,3.5802500247955322,3.6082499027252197,874764000
2019-01-14,3.73012638092041,3.760999917984009,3.7864999771118164,3.64424991607666,3.6679999828338623,730168000
2019-01-15,3.7159934043884277,3.7467501163482666,3.833750009536743,3.728250026702881,3.7939999103546143,617012000
2019-01-16,3.6904549598693848,3.7209999561309814,3.807499885559082,3.7155001163482666,3.774250030517578,470104000
2019-01-17,3.761863946914673,3.7929999828338623,3.833250045776367,3.660249948501587,3.6877501010894775,493436000
2019-01-18,3.8910441398620605,3.9232499599456787,3.94950008392334,3.791249990463257,3.843250036239624,651336000
2019-01-22,3.6887192726135254,3.719249963760376,3.9045000076293945,3.6887500286102295,3.8927500247955322,661552000
2019-01-23,3.701613187789917,3.7322499752044678,3.864500045776367,3.7007501125335693,3.7750000953674316,591020000
2019-01-24,3.9136085510253906,3.946000099182129,3.963749885559082,3.8127501010894775,3.817500114440918,708972000
2019-01-25,3.97088360786438,4.003749847412109,4.021999835968018,3.7825000286102295,3.885999917984009,1154572000
2019-01-28,3.4219276905059814,3.4502499103546143,3.5409998893737793,3.2750000953674316,3.413749933242798,2511528000
2019-01-29,3.2629921436309814,3.2899999618530273,3.452500104904175,3.27524995803833,3.403749942779541,1153932000
2019-01-30,3.4065544605255127,3.4347500801086426,3.4492499828338623,3.2864999771118164,3.3667500019073486,974228000
2019-01-31,3.5642495155334473,3.59375,3.6297500133514404,3.4094998836517334,3.43149995803833,842852000
2019-02-01,3.588548183441162,3.6182498931884766,3.6697499752044678,3.564500093460083,3.612499952316284,625048000
2019-02-04,3.698885440826416,3.7295000553131104,3.7669999599456787,3.611999988555908,3.6342499256134033,528592000
2019-02-05,3.7179770469665527,3.7487499713897705,3.785749912261963,3.7074999809265137,3.741499900817871,542424000
2019-02-06,3.7936017513275146,3.825000047683716,3.890000104904175,3.776750087738037,3.782249927520752,702464000
2019-02-07,3.6552460193634033,3.685499906539917,3.7804999351501465,3.6422500610351562,3.778249979019165,637120000
2019-02-08,3.673842430114746,3.7042500972747803,3.7149999141693115,3.603250026702881,3.6177499294281006,461604000
2019-02-11,3.631195068359375,3.661250114440918,3.7144999504089355,3.612499952316284,3.659749984741211,495180000
2019-02-12,3.7482266426086426,3.779249906539917,3.7950000762939453,3.685499906539917,3.700000047683716,591060000
2019-02-13,3.7906253337860107,3.822000026702881,3.895750045776367,3.7952499389648438,3.809000015258789,605372000
2019-02-14,3.831538200378418,3.8632500171661377,3.8917500972747803,3.7774999141693115,3.821000099182129,827264000
2019-02-15,3.901210308074951,3.933500051498413,4.096749782562256,3.9105000495910645,4.073750019073486,1516748000
2019-02-19,3.8838541507720947,3.9159998893737793,3.9972500801086426,3.9035000801086426,3.9227499961853027,551892000
2019-02-20,3.9312117099761963,3.963749885559082,4.031499862670898,3.9342501163482666,3.945499897003174,540988000
2019-02-21,3.8622822761535645,3.89424991607666,4.00124979019165,3.879499912261963,3.9765000343322754,448548000
2019-02-22,3.947080373764038,3.979749917984009,3.9987499713897705,3.9327499866485596,3.946500062942505,401740000
2019-02-25,3.9346835613250732,3.967250108718872,4.131999969482422,3.9584999084472656,4.064000129699707,656020000
2019-02-26,3.8952598571777344,3.927500009536743,4.019000053405762,3.893749952316284,3.9625000953674316,488464000
2019-02-27,3.8533570766448975,3.8852500915527344,3.9397499561309814,3.8277499675750732,3.9130001068115234,500256000
2019-02-28,3.828784704208374,3.8564999103546143,3.8975000381469727,3.8340001106262207,3.875,324944000
2019-03-01,3.88314151763916,3.911250114440918,3.953749895095825,3.8480000495910645,3.906749963760376,357188000
2019-03-04,3.891331195831299,3.9195001125335693,3.9730000495910645,3.862499952316284,3.950000047683716,409992000
2019-03-05,3.8848776817321777,3.9130001068115234,3.9514999389648438,3.8489999771118164,3.903749942779541,362924000
2019-03-06,3.7739315032958984,3.8012499809265137,3.9124999046325684,3.7985000610351562,3.9040000438690186,403524000
2019-03-07,3.7046830654144287,3.7314999103546143,3.78725004196167,3.684999942779541,3.7774999141693115,450104000
2019-03-08,3.73893404006958,3.7660000324249268,3.776750087738037,3.619999885559082,3.6414999961853027,422416000
2019-03-11,3.9995481967926025,4.028500080108643,4.051499843597412,3.7422499656677246,3.789750099182129,859728000
2019-03-12,4.03380012512207,4.063000202178955,4.109749794006348,3.979749917984009,4.05649995803833,579576000
2019-03-13,4.18520450592041,4.2154998779296875,4.244999885559082,4.093249797821045,4.100749969482422,768900000
2019-03-14,4.109254360198975,4.138999938964844,4.23675012588501,4.131249904632568,4.22475004196167,519384000
2019-03-15,4.21474027633667,4.245250225067139,4.288249969482422,4.178999900817871,4.182499885559082,661484000
2019-03-18,4.193395137786865,4.223750114440918,4.331250190734863,4.196499824523926,4.2769999504089355,486992000
2019-03-19,4.361180782318115,4.392749786376953,4.4375,4.302000045776367,4.318999767303467,854972000
2019-03-20,4.3286662101745605,4.360000133514404,4.475749969482422,4.324999809265137,4.421999931335449,719148000
2019-03-21,4.565452575683594,4.598499774932861,4.625,4.3782501220703125,4.3832502365112305,824312000
2019-03-22,4.405609130859375,4.4375,4.619999885559082,4.423500061035156,4.571000099182129,747644000
2019-03-25,4.313277721405029,4.3445000648498535,4.461249828338623,4.277750015258789,4.396500110626221,525212000
2019-03-26,4.3899712562561035,4.421750068664551,4.543749809265137,4.364999771118164,4.487249851226807,703508000
2019-03-27,4.380788326263428,4.412499904632568,4.4942498207092285,4.34250020980835,4.447500228881836,474372000
2019-03-28,4.399404525756836,4.431250095367432,4.497499942779541,4.377749919891357,4.43874979019165,480264000
2019-03-29,4.456738471984863,4.488999843597412,4.513500213623047,4.447750091552734,4.498499870300293,456896000
2019-04-01,4.524250507354736,4.557000160217285,4.587500095367432,4.509250164031982,4.581500053405762,483824000
2019-04-02,4.542119979858398,4.574999809265137,4.619750022888184,4.538000106811523,4.581250190734863,440920000
2019-04-03,4.681611061096191,4.7154998779296875,4.775000095367432,4.619999885559082,4.625,783504000
2019-04-04,4.672675132751465,4.706500053405762,4.7492499351501465,4.643249988555908,4.699999809265137,457376000
2019-04-05,4.739443302154541,4.773749828338623,4.791250228881836,4.713250160217285,4.75,481744000
2019-04-08,4.760291576385498,4.794750213623047,4.820000171661377,4.71875,4.743000030517578,424192000
2019-04-09,4.6974968910217285,4.731500148773193,4.772250175476074,4.689000129699707,4.761000156402588,439972000
2019-04-10,4.767985820770264,4.802499771118164,4.828499794006348,4.726250171661377,4.73075008392334,444772000
2019-04-11,4.754085540771484,4.78849983215332,4.836750030517578,4.738749980926514,4.804999828338623,374600000
2019-04-12,4.716110706329346,4.750249862670898,4.831500053405762,4.741499900817871,4.827499866485596,471708000
2019-04-15,4.584316253662109,4.617499828338623,4.747499942779541,4.577499866485596,4.742499828338623,440092000
2019-04-16,4.671433925628662,4.705249786376953,4.724249839782715,4.624000072479248,4.6570000648498535,394964000
2019-04-17,4.648600101470947,4.682250022888184,4.761499881744385,4.659749984741211,4.740499973297119,351004000
2019-04-18,4.624026775360107,4.65749979019165,4.723249912261963,4.629499912261963,4.689000129699707,380988000
2019-04-22,4.6778883934021,4.711750030517578,4.727499961853027,4.6020002365112305,4.633749961853027,279936000
2019-04-23,4.732491970062256,4.766749858856201,4.798250198364258,4.715250015258789,4.724999904632568,346856000
2019-04-24,4.744903087615967,4.779250144958496,4.820250034332275,4.716000080108643,4.777249813079834,318204000
2019-04-25,4.639167308807373,4.672749996185303,4.761250019073486,4.59250020980835,4.738749980926514,499296000
2019-04-26,4.420253753662109,4.452250003814697,4.522250175476074,4.332499980926514,4.517749786376953,868988000
2019-04-29,4.451030731201172,4.483250141143799,4.511250019073486,4.387499809265137,4.460249900817871,391920000
2019-04-30,4.4924798011779785,4.525000095367432,4.550749778747559,4.43149995803833,4.45074987411499,362920000
2019-05-01,4.479325294494629,4.511750221252441,4.620250225067139,4.511499881744385,4.577750205993652,354280000
2019-05-02,4.5468363761901855,4.579750061035156,4.6217498779296875,4.478000164031982,4.521500110626221,394684000
2019-05-03,4.542368412017822,4.575250148773193,4.598249912261963,4.51324987411499,4.588250160217285,336824000
2019-05-06,4.4639363288879395,4.496250152587891,4.508500099182129,4.349999904632568,4.387499809265137,422176000
2019-05-07,4.296647548675537,4.327750205993652,4.447500228881836,4.279250144958496,4.447500228881836,555220000
2019-05-08,4.316751956939697,4.3480000495910645,4.428750038146973,4.288000106811523,4.300000190734863,419168000
2019-05-09,4.224171161651611,4.254749774932861,4.288249969482422,4.135000228881836,4.278500080108643,660248000
2019-05-10,4.1901679039001465,4.2204999923706055,4.289750099182129,4.099999904632568,4.223750114440918,569500000
2019-05-13,3.932781457901001,3.961250066757202,4.110750198364258,3.9452500343322754,4.087500095367432,656912000
2019-05-14,4.021886825561523,4.051000118255615,4.08650016784668,3.962249994277954,4.00124979019165,524880000
2019-05-15,3.9608287811279297,3.989500045776367,4.026249885559082,3.9352500438690186,3.994999885559082,502320000
2019-05-16,3.975968837738037,4.004749774932861,4.047749996185303,3.9412500858306885,3.9839999675750732,781088000
2019-05-17,3.8851265907287598,3.913249969482422,4.092750072479248,3.873500108718872,3.9625000953674316,1022068000
2019-05-20,3.7664856910705566,3.793750047683716,3.8692500591278076,3.768749952316284,3.8137500286102295,572064000
2019-05-21,3.8486409187316895,3.876499891281128,3.8924999237060547,3.815999984741211,3.8550000190734863,361848000
2019-05-22,3.7776546478271484,3.805000066757202,3.8637499809265137,3.7939999103546143,3.8375000953674316,325868000
2019-05-23,3.656531572341919,3.683000087738037,3.7422499656677246,3.6227500438690186,3.7422499656677246,591844000
2019-05-24,3.602670907974243,3.6287500858306885,3.737499952316284,3.621999979019165,3.7019999027252197,357584000
2019-05-28,3.5574984550476074,3.583250045776367,3.679500102996826,3.581249952316284,3.6465001106262207,428356000
2019-05-29,3.483285903930664,3.508500099182129,3.570499897003174,3.4735000133514404,3.535249948501587,559800000
2019-05-30,3.456697940826416,3.477750062942505,3.543750047683716,3.4392499923706055,3.5077500343322754,394300000
2019-05-31,3.365999460220337,3.3864998817443848,3.4962499141693115,3.3847498893737793,3.428499937057495,389720000
2019-06-03,3.324254274368286,3.3445000648498535,3.4367499351501465,3.315000057220459,3.397749900817871,478644000
2019-06-04,3.553359270095825,3.575000047683716,3.5802500247955322,3.3867499828338623,3.4089999198913574,641836000
2019-06-05,3.5106189250946045,3.5320000648498535,3.654750108718872,3.495500087738037,3.649250030517578,511616000
2019-06-06,3.5727410316467285,3.5945000648498535,3.6192500591278076,3.533750057220459,3.536250114440918,408140000
2019-06-07,3.615480899810791,3.637500047683716,3.671999931335449,3.581249952316284,3.6005001068115234,348856000
2019-06-10,3.688286542892456,3.710750102996826,3.779750108718872,3.694000005722046,3.694000005722046,402780000
2019-06-11,3.745936155319214,3.768749952316284,3.809000015258789,3.7290000915527344,3.7709999084472656,383872000
2019-06-12,3.6328742504119873,3.6549999713897705,3.731250047683716,3.6397500038146973,3.7249999046325684,358892000
2019-06-13,3.6840627193450928,3.7065000534057617,3.7249999046325684,3.6594998836517334,3.6772499084472656,308080000
2019-06-14,3.5941107273101807,3.615999937057495,3.6372499465942383,3.571000099182129,3.6127500534057617,394428000
2019-06-17,3.6038014888763428,3.6257500648498535,3.6630001068115234,3.591249942779541,3.6142499446868896,276040000
2019-06-18,3.798863410949707,3.822000026702881,3.8777499198913574,3.676500082015991,3.6875,581920000
2019-06-19,3.8048276901245117,3.828000068664551,3.86899995803833,3.8017499446868896,3.8575000762939453,331644000
2019-06-20,3.829179286956787,3.8524999618530273,3.9332499504089355,3.8380000591278076,3.919250011444092,350168000
2019-06-21,3.77103328704834,3.7939999103546143,3.88700008392334,3.7874999046325684,3.8375000953674316,434428000
2019-06-24,3.7933967113494873,3.816499948501587,3.846250057220459,3.7679998874664307,3.815500020980835,282948000
2019-06-25,3.764075756072998,3.7869999408721924,3.8970000743865967,3.784250020980835,3.821500062942505,311868000
2019-06-26,3.9573974609375,3.9814999103546143,4.043000221252441,3.902250051498413,3.915250062942505,584072000
2019-06-27,4.056047439575195,4.080749988555908,4.099999904632568,4.031499862670898,4.067749977111816,445440000
2019-06-28,4.080894947052002,4.10575008392334,4.134250164031982,4.058750152587891,4.125,397668000
2019-07-01,4.12910270690918,4.154250144958496,4.348750114440918,4.116499900817871,4.3142499923706055,709756000
2019-07-02,4.031198978424072,4.055749893188477,4.158750057220459,4.042500019073486,4.137499809265137,400228000
2019-07-03,4.044118404388428,4.068749904632568,4.085000038146973,4.008500099182129,4.079249858856201,246636000
2019-07-05,3.981501579284668,4.0057501792907715,4.014500141143799,3.941999912261963,4.010000228881836,396552000
2019-07-08,3.906458616256714,3.9302499294281006,3.964750051498413,3.9000000953674316,3.9457499980926514,329788000
2019-07-09,3.9089436531066895,3.9327499866485596,3.9609999656677246,3.875,3.8877499103546143,342860000
2019-07-10,3.9772770404815674,4.001500129699707,4.0592498779296875,3.9625000953674316,3.9765000343322754,452076000
2019-07-11,4.131835460662842,4.1570000648498535,4.197999954223633,4.037499904632568,4.074999809265137,682560000
2019-07-12,4.164884567260742,4.190249919891357,4.261750221252441,4.184999942779541,4.184999942779541,506392000
2019-07-15,4.156435489654541,4.1817498207092285,4.227749824523926,4.153250217437744,4.21150016784668,289840000
2019-07-16,4.15171480178833,4.177000045776367,4.204249858856201,4.120999813079834,4.166749954223633,341444000
2019-07-17,4.217067241668701,4.24275016784668,4.249750137329102,4.149250030517578,4.178750038146973,348204000
2019-07-18,4.228745460510254,4.254499912261963,4.317749977111816,4.196249961853027,4.2532501220703125,442192000
2019-07-19,4.185508728027344,4.210999965667725,4.299499988555908,4.204999923706055,4.293000221252441,344896000
2019-07-22,4.257072448730469,4.2829999923706055,4.296000003814697,4.224999904632568,4.232500076293945,315940000
2019-07-23,4.364915370941162,4.391499996185303,4.393499851226807,4.3067498207092285,4.322500228881836,428176000
2019-07-24,4.439462661743164,4.4664998054504395,4.472249984741211,4.358500003814697,4.434999942779541,366236000
2019-07-25,4.308260440826416,4.334499835968018,4.4375,4.310999870300293,4.424749851226807,392700000
2019-07-26,4.350255966186523,4.3767499923706055,4.423749923706055,4.36175012588501,4.36175012588501,274160000
2019-07-29,4.344043731689453,4.370500087738037,4.386750221252441,4.281750202178955,4.369500160217285,248160000
2019-07-30,4.359697341918945,4.386250019073486,4.398499965667725,4.3092498779296875,4.323750019073486,197772000
2019-07-31,4.192466735839844,4.2179999351501465,4.355500221252441,4.17549991607666,4.354499816894531,359416000
2019-08-01,4.098041534423828,4.123000144958496,4.319499969482422,4.070499897003174,4.228499889373779,421212000
2019-08-02,4.0053558349609375,4.029749870300293,4.0995001792907715,3.9820001125335693,4.029749870300293,428348000
2019-08-05,3.7469301223754883,3.7697501182556152,3.846250057220459,3.7225000858306885,3.8450000286102295,589156000
2019-08-06,3.7856929302215576,3.8087499141693115,3.890749931335449,3.7607500553131104,3.8450000286102295,361272000
2019-08-07,3.823960304260254,3.847249984741211,3.859250068664551,3.7300000190734863,3.747499942779541,372560000
2019-08-08,3.932548999786377,3.9565000534057617,3.957750082015991,3.8475000858306885,3.905250072479248,309300000
2019-08-09,3.8311667442321777,3.8545000553131104,3.918750047683716,3.8037500381469727,3.915250062942505,341816000
2019-08-12,3.7633297443389893,3.786250114440918,3.8545000553131104,3.7642500400543213,3.802000045776367,279200000
2019-08-13,3.877634048461914,3.901249885559082,3.947499990463257,3.745500087738037,3.784749984741211,351956000
2019-08-14,3.729038715362549,3.7517499923706055,3.8237500190734863,3.707750082015991,3.8125,419880000
2019-08-15,3.6967358589172363,3.719249963760376,3.790750026702881,3.6847500801086426,3.770750045776367,477200000
2019-08-16,3.9648525714874268,3.989000082015991,4.03849983215332,3.921999931335449,3.983750104904175,1007960000
2019-08-19,4.243654251098633,4.269499778747559,4.2855000495910645,4.086750030517578,4.103000164031982,815112000
2019-08-20,4.171346187591553,4.196750164031982,4.264500141143799,4.17549991607666,4.263999938964844,463188000
2019-08-21,4.254836559295654,4.280749797821045,4.336249828338623,4.241499900817871,4.26324987411499,427244000
2019-08-22,4.261049747467041,4.2870001792907715,4.333250045776367,4.247499942779541,4.290500164031982,303488000
2019-08-23,4.036417007446289,4.060999870300293,4.264750003814697,4.040999889373779,4.210000038146973,568056000
2019-08-26,4.111211776733398,4.136250019073486,4.1645002365112305,4.097750186920166,4.140250205993652,318208000
2019-08-27,4.02051305770874,4.045000076293945,4.177499771118164,4.015500068664551,4.174749851226807,290968000
2019-08-28,4.010066509246826,4.0304999351501465,4.083499908447266,3.9749999046325684,4.014500141143799,255612000
2019-08-29,4.153833389282227,4.175000190734863,4.207499980926514,4.11899995803833,4.122499942779541,357976000
2019-08-30,4.166519641876221,4.187749862670898,4.271500110626221,4.16949987411499,4.221499919891357,290616000
2019-09-03,4.083443641662598,4.104249954223633,4.147749900817871,4.081250190734863,4.114500045776367,296140000
2019-09-04,4.1976118087768555,4.218999862670898,4.226500034332275,4.165249824523926,4.165249824523926,227728000
2019-09-05,4.470719814300537,4.493500232696533,4.499750137329102,4.320000171661377,4.321750164031982,695676000
2019-09-06,4.443609237670898,4.466249942779541,4.527249813079834,4.427999973297119,4.46999979019165,376976000
2019-09-09,4.489622592926025,4.512499809265137,4.5995001792907715,4.495999813079834,4.497499942779541,417524000
2019-09-10,4.556283473968506,4.579500198364258,4.606249809265137,4.469749927520752,4.479499816894531,352812000
2019-09-11,4.5848870277404785,4.608250141143799,4.656750202178955,4.565000057220459,4.594250202178955,361512000
2019-09-12,4.583395004272461,4.606750011444092,4.710000038146973,4.598750114440918,4.65500020980835,327840000
2019-09-13,4.525440692901611,4.548500061035156,4.577000141143799,4.504499912261963,4.539750099182129,324592000
2019-09-16,4.482410907745361,4.505249977111816,4.539999961853027,4.462500095367432,4.4730000495910645,231832000
2019-09-17,4.503800392150879,4.526750087738037,4.531000137329102,4.465250015258789,4.51200008392334,223048000
2019-09-18,4.476689338684082,4.499499797821045,4.5355000495910645,4.412499904632568,4.519750118255615,258152000
2019-09-19,4.4010748863220215,4.423500061035156,4.52400016784668,4.412749767303467,4.505499839782715,245476000
2019-09-20,4.295362949371338,4.317249774932861,4.446249961853027,4.307000160217285,4.422500133514404,350244000
2019-09-23,4.348840713500977,4.370999813079834,4.416749954223633,4.31374979019165,4.317500114440918,249712000
2019-09-24,4.291383743286133,4.3132500648498535,4.432250022888184,4.277500152587891,4.402500152587891,317268000
2019-09-25,4.43316125869751,4.455749988555908,4.475500106811523,4.267749786376953,4.312749862670898,308432000
2019-09-26,4.411022186279297,4.433499813079834,4.454750061035156,4.38224983215332,4.446000099182129,234564000
2019-09-27,4.272231578826904,4.294000148773193,4.442500114440918,4.232999801635742,4.391499996185303,362056000
2019-09-30,4.329687595367432,4.351749897003174,4.361999988555908,4.28849983215332,4.320000171661377,186184000
2019-10-01,4.327946186065674,4.349999904632568,4.525000095367432,4.345250129699707,4.375,366008000
2019-10-02,4.304069995880127,4.326000213623047,4.340000152587891,4.2532501220703125,4.328000068664551,293372000
2019-10-03,4.509771347045898,4.532750129699707,4.539000034332275,4.300000190734863,4.33050012588501,450588000
2019-10-04,4.526187419891357,4.54925012588501,4.578750133514404,4.4695000648498535,4.534999847412109,265524000
2019-10-07,4.5848870277404785,4.608250141143799,4.708499908447266,4.60575008392334,4.614500045776367,480984000
2019-10-08,4.408287525177002,4.430749893188477,4.515999794006348,4.412499904632568,4.515999794006348,444436000
2019-10-09,4.494846820831299,4.517749786376953,4.567500114440918,4.479000091552734,4.507999897003174,292412000
2019-10-10,4.552553176879883,4.57574987411499,4.626999855041504,4.510250091552734,4.515500068664551,309124000
2019-10-11,4.62617826461792,4.649750232696533,4.733500003814697,4.641250133514404,4.660250186920166,446404000
2019-10-14,4.639608860015869,4.663249969482422,4.6842498779296875,4.609749794006348,4.640999794006348,200040000
2019-10-15,4.884361743927002,4.909249782562256,4.982250213623047,4.739999771118164,4.754000186920166,664124000
2019-10-16,4.8306355476379395,4.855249881744385,4.980500221252441,4.84375,4.875,428944000
2019-10-17,4.832626819610596,4.857250213623047,4.945250034332275,4.802499771118164,4.900000095367432,263436000
2019-10-18,4.738107681274414,4.762249946594238,4.890500068664551,4.6875,4.857749938964844,307440000
2019-10-21,4.87540864944458,4.90024995803833,4.913750171661377,4.804999828338623,4.823999881744385,261868000
2019-10-22,4.865458011627197,4.890250205993652,5.0632500648498535,4.882500171661377,4.957499980926514,328720000
2019-10-23,4.852525234222412,4.8772501945495605,4.891499996185303,4.775750160217285,4.807750225067139,279916000
2019-10-24,4.896549701690674,4.921500205993652,4.955249786376953,4.884500026702881,4.918749809265137,232020000
2019-10-25,5.087578296661377,5.113500118255615,5.134500026702881,4.994750022888184,5.002500057220459,423092000
2019-10-28,5.1435418128967285,5.169750213623047,5.222499847412109,5.127999782562256,5.15749979019165,330792000
2019-10-29,5.047281742095947,5.072999954223633,5.16225004196167,5.053500175476074,5.155749797821045,211236000
2019-10-30,5.049271583557129,5.074999809265137,5.10575008392334,5.006499767303467,5.099999904632568,205960000
2019-10-31,5.000023365020752,5.0254998207092285,5.074999809265137,4.945250034332275,5.053999900817871,209732000
2019-11-01,5.039073944091797,5.0647501945495605,5.097249984741211,4.964749813079834,4.989999771118164,283640000
2019-11-04,5.235820770263672,5.262499809265137,5.275000095367432,5.123000144958496,5.146249771118164,376716000
2019-11-05,5.21368408203125,5.240250110626221,5.28849983215332,5.191999912261963,5.262249946594238,300868000
2019-11-06,5.164434432983398,5.1907501220703125,5.2417497634887695,5.102749824523926,5.216000080108643,269012000
2019-11-07,5.182095050811768,5.208499908447266,5.292500019073486,5.16349983215332,5.277750015258789,280340000
2019-11-08,5.168165683746338,5.194499969482422,5.226250171661377,5.153749942779541,5.191500186920166,189100000
2019-11-11,5.178114414215088,5.204500198364258,5.227749824523926,5.10699987411499,5.193749904632568,243436000
2019-11-12,5.21368408203125,5.240250110626221,5.296500205993652,5.207749843597412,5.243000030517578,283504000
2019-11-13,5.187817096710205,5.214250087738037,5.236499786376953,5.147500038146973,5.208749771118164,300188000
2019-11-14,5.218161582946777,5.244750022888184,5.247000217437744,5.163000106811523,5.223249912261963,518080000
2019-11-15,5.078869819641113,5.104750156402588,5.29449987411499,5.015999794006348,5.242499828338623,1053628000
2019-11-18,5.28009557723999,5.307000160217285,5.333749771118164,5.094250202178955,5.097249984741211,574588000
2019-11-19,5.173388957977295,5.199749946594238,5.299499988555908,5.141250133514404,5.275750160217285,414564000
2019-11-20,5.252734184265137,5.2795000076293945,5.363749980926514,5.164000034332275,5.176750183105469,472588000
2019-11-21,5.2278618812561035,5.254499912261963,5.330999851226807,5.232749938964844,5.275000095367432,288388000
2019-11-22,5.245521545410156,5.272250175476074,5.323999881744385,5.248499870300293,5.277249813079834,224100000
2019-11-25,5.502213478088379,5.530250072479248,5.535250186920166,5.388000011444092,5.401000022888184,506476000
2019-11-26,5.397496700286865,5.425000190734863,5.517250061035156,5.418499946594238,5.512499809265137,385244000
2019-11-27,5.432345867156982,5.455999851226807,5.50124979019165,5.429500102996826,5.466750144958496,215784000
2019-11-29,5.395008087158203,5.418499946594238,5.453499794006348,5.394499778747559,5.425000190734863,141556000
2019-12-02,5.20857048034668,5.231249809265137,5.425000190734863,5.216000080108643,5.411499977111816,372036000
2019-12-03,5.1689934730529785,5.191500186920166,5.195499897003174,5.009250164031982,5.046750068664551,465232000
2019-12-04,5.212800025939941,5.235499858856201,5.297999858856201,5.20674991607666,5.2754998207092285,273424000
2019-12-05,5.195876598358154,5.218500137329102,5.273250102996826,5.187749862670898,5.257500171661377,184884000
2019-12-06,5.281253337860107,5.3042497634887695,5.337250232696533,5.2779998779296875,5.288000106811523,232236000
2019-12-09,5.281253337860107,5.3042497634887695,5.359250068664551,5.272500038146973,5.28125,211880000
2019-12-10,5.326307773590088,5.3495001792907715,5.401500225067139,5.281499862670898,5.334499835968018,256388000
2019-12-11,5.409943580627441,5.433499813079834,5.439000129699707,5.357500076293945,5.360000133514404,233796000
2019-12-12,5.577463150024414,5.601749897003174,5.619999885559082,5.395500183105469,5.4045000076293945,404348000
2019-12-13,5.575472831726074,5.59975004196167,5.7245001792907715,5.545499801635742,5.604750156402588,454704000
2019-12-16,5.6043477058410645,5.628749847412109,5.701499938964844,5.6192498207092285,5.647500038146973,320976000
2019-12-17,5.682507038116455,5.707250118255615,5.730000019073486,5.638000011444092,5.647500038146973,321196000
2019-12-18,5.712873458862305,5.737750053405762,5.798500061035156,5.733749866485596,5.742249965667725,343548000
2019-12-19,5.860977649688721,5.886499881744385,5.900000095367432,5.767499923706055,5.772500038146973,445360000
2019-12-20,5.958305835723877,5.984250068664551,6.009749889373779,5.934000015258789,5.953249931335449,603044000
2019-12-23,5.944613456726074,5.9704999923706055,6.045249938964844,5.959750175476074,6.013000011444092,355060000
2019-12-24,5.93963623046875,5.9654998779296875,5.982749938964844,5.920499801635742,5.954999923706055,138864000
2019-12-26,5.953824996948242,5.979750156402588,6.007999897003174,5.949999809265137,5.968999862670898,182852000
2019-12-27,5.89607572555542,5.921750068664551,6.008500099182129,5.895249843597412,5.994999885559082,254644000
2019-12-30,5.782820701599121,5.808000087738037,5.90500020980835,5.776500225067139,5.899750232696533,258056000
2019-12-31,5.856996536254883,5.882500171661377,5.892000198364258,5.7532501220703125,5.772500038146973,231004000
2020-01-02,5.971745491027832,5.9977498054504395,5.9977498054504395,5.918000221252441,5.96875,237536000
2020-01-03,5.876163005828857,5.901750087738037,5.9457502365112305,5.852499961853027,5.877500057220459,205384000
2020-01-06,5.900805473327637,5.926499843597412,5.9317498207092285,5.781750202178955,5.808000087738037,262636000
2020-01-07,5.972243309020996,5.9982500076293945,6.044250011444092,5.909749984741211,5.954999923706055,314856000
2020-01-08,5.983445644378662,6.009500026702881,6.051000118255615,5.953750133514404,5.99399995803833,277108000
2020-01-09,6.049159526824951,6.075500011444092,6.148250102996826,6.021500110626221,6.096250057220459,255112000
2020-01-10,6.081517219543457,6.107999801635742,6.213749885559082,6.09375,6.1832499504089355,316296000
2020-01-13,6.272188186645508,6.299499988555908,6.324749946594238,6.168749809265137,6.191500186920166,319840000
2020-01-14,6.1551995277404785,6.182000160217285,6.2820000648498535,6.168749809265137,6.256499767303467,359088000
2020-01-15,6.112634181976318,6.139249801635742,6.217249870300293,6.113249778747559,6.19474983215332,263104000
2020-01-16,6.1962690353393555,6.223249912261963,6.229249954223633,6.16949987411499,6.192999839782715,284192000
2020-01-17,6.204980850219727,6.23199987411499,6.25,6.1842498779296875,6.242499828338623,253792000
2020-01-21,6.171627521514893,6.198500156402588,6.232250213623047,6.164249897003174,6.195250034332275,217916000
2020-01-22,6.225640773773193,6.252749919891357,6.339749813079834,6.224999904632568,6.24399995803833,239240000
2020-01-23,6.294092655181885,6.321499824523926,6.329999923706055,6.203750133514404,6.293000221252441,244516000
2020-01-24,6.234851360321045,6.26200008392334,6.487500190734863,6.207499980926514,6.4375,373512000
2020-01-27,5.9789652824401855,6.005000114440918,6.056250095367432,5.805749893188477,5.955999851226807,470536000
2020-01-28,6.172372817993164,6.199250221252441,6.231750011444092,6.017749786376953,6.071249961853027,310976000
2020-01-29,6.111887454986572,6.138500213623047,6.2210001945495605,6.098499774932861,6.184750080108643,258848000
2020-01-30,6.118607521057129,6.145249843597412,6.158750057220459,5.985000133514404,6.040249824523926,290504000
2020-01-31,5.885122776031494,5.910749912261963,6.111249923706055,5.868750095367432,6.099249839782715,370420000
2020-02-03,5.982201099395752,6.0082502365112305,6.027750015258789,5.886250019073486,5.892499923706055,255564000
2020-02-04,6.151463031768799,6.178249835968018,6.197500228881836,6.100500106811523,6.150750160217285,271544000
2020-02-05,6.241821765899658,6.269000053405762,6.309999942779541,6.1852498054504395,6.299749851226807,208220000
2020-02-06,6.3286919593811035,6.356249809265137,6.356249809265137,6.2220001220703125,6.303500175476074,218284000
2020-02-07,6.262481212615967,6.289750099182129,6.338250160217285,6.264249801635742,6.315999984741211,189752000
2020-02-10,6.545747756958008,6.574250221252441,6.574999809265137,6.307499885559082,6.3125,529608000
2020-02-11,6.668214797973633,6.697249889373779,6.8125,6.6207499504089355,6.683000087738037,638556000
2020-02-12,6.783959865570068,6.813499927520752,6.820000171661377,6.711249828338623,6.750249862670898,374644000
2020-02-13,6.740149974822998,6.769499778747559,6.836999893188477,6.727749824523926,6.755249977111816,528016000
2020-02-14,7.213339328765869,7.244750022888184,7.3742499351501465,7.150000095367432,7.18149995803833,1041924000
2020-02-18,7.382105350494385,7.414249897003174,7.432750225067139,7.121500015258789,7.140999794006348,620164000
2020-02-19,7.8333892822265625,7.867499828338623,7.885250091552734,7.53725004196167,7.53725004196167,694332000
2020-02-20,7.684040069580078,7.71750020980835,7.9079999923706055,7.408750057220459,7.819250106811523,810052000
2020-02-21,7.319876194000244,7.351749897003174,7.630000114440918,7.266499996185303,7.604750156402588,768180000
2020-02-24,6.802379608154297,6.831999778747559,7.046750068664551,6.699999809265137,6.754749774932861,856916000
2020-02-25,6.522847652435303,6.551249980926514,6.969749927520752,6.448999881744385,6.90749979019165,1055496000
2020-02-26,6.662240028381348,6.691249847412109,6.886250019073486,6.550000190734863,6.551499843597412,747732000
2020-02-27,6.291382312774658,6.315000057220459,6.675000190734863,6.222249984741211,6.372499942779541,906416000
2020-02-28,6.726497173309326,6.7517499923706055,6.811500072479248,6.044750213623047,6.061500072479248,1133252000
2020-03-02,6.884904384613037,6.910749912261963,6.9397501945495605,6.525000095367432,6.922500133514404,890744000
2020-03-03,6.622389316558838,6.647250175476074,7.026750087738037,6.561500072479248,6.966750144958496,652792000
2020-03-04,7.086148262023926,7.112750053405762,7.122250080108643,6.679999828338623,6.755000114440918,597408000
2020-03-05,6.806697845458984,6.832250118255615,7.079999923706055,6.787499904632568,6.912499904632568,540328000
2020-03-06,6.626126289367676,6.651000022888184,6.709750175476074,6.449999809265137,6.6519999504089355,515412000
2020-03-09,6.113051891326904,6.136000156402588,6.485000133514404,5.954500198364258,5.997499942779541,614160000
2020-03-10,6.502589702606201,6.5269999504089355,6.5269999504089355,6.149750232696533,6.41349983215332,580648000
2020-03-11,6.138705730438232,6.161749839782715,6.414999961853027,6.0642499923706055,6.386499881744385,499964000
2020-03-12,5.387524604797363,5.407750129699707,5.9029998779296875,5.394999980926514,5.636499881744385,816540000
2020-03-13,5.998481750488281,6.020999908447266,6.0254998207092285,5.490250110626221,5.762499809265137,634836000
2020-03-16,4.891637325286865,4.909999847412109,5.652500152587891,4.849999904632568,5.3102498054504395,726972000
2020-03-17,5.411435604095459,5.4317498207092285,5.521500110626221,4.775000095367432,5.022749900817871,833632000
2020-03-18,5.051536560058594,5.070499897003174,5.248499870300293,4.517000198364258,5.002500057220459,874268000
2020-03-19,5.304337024688721,5.324250221252441,5.41825008392334,4.834750175476074,5.048999786376953,765512000
2020-03-20,5.124514579772949,5.143750190734863,5.757999897003174,5.1282501220703125,5.474999904632568,804636000
2020-03-23,5.297364234924316,5.317249774932861,5.4120001792907715,4.9629998207092285,5.142749786376953,643876000
2020-03-24,6.206202030181885,6.229499816894531,6.316500186920166,5.701250076293945,5.724999904632568,1101644000
2020-03-25,6.117535591125488,6.140500068664551,6.545499801635742,6.0914998054504395,6.34499979019165,793432000
2020-03-26,6.406948089599609,6.431000232696533,6.555500030517578,6.25,6.348499774932861,696108000
2020-03-27,6.294620513916016,6.3182501792907715,6.578000068664551,6.2170000076293945,6.25,638828000
2020-03-30,6.614917755126953,6.639750003814697,6.64900016784668,6.339749813079834,6.383999824523926,602252000
2020-03-31,6.5653533935546875,6.590000152587891,6.885000228881836,6.443749904632568,6.679999828338623,949960000
2020-04-01,6.05402135848999,6.076749801635742,6.538249969482422,6.0320000648498535,6.391250133514404,656912000
2020-04-02,6.3628644943237305,6.386750221252441,6.400000095367432,6.057750225067139,6.105999946594238,675764000
2020-04-03,6.074944019317627,6.097750186920166,6.390749931335449,5.959750175476074,6.348999977111816,663212000
2020-04-06,6.6849045753479,6.710000038146973,6.747000217437744,6.323249816894531,6.38100004196167,727884000
2020-04-07,6.451531410217285,6.475749969482422,6.956250190734863,6.432499885559082,6.932499885559082,784520000
2020-04-08,6.648791313171387,6.673749923706055,6.698750019073486,6.514999866485596,6.585249900817871,542444000
2020-04-09,6.549164295196533,6.573750019073486,6.822999954223633,6.510499954223633,6.800000190734863,525564000
2020-04-13,6.7210187911987305,6.746250152587891,6.755000114440918,6.425000190734863,6.513750076293945,398408000
2020-04-14,7.072202205657959,7.098750114440918,7.132999897003174,6.847249984741211,6.875,530948000
2020-04-15,6.994741916656494,7.020999908447266,7.104249954223633,6.884500026702881,6.929999828338623,366148000
2020-04-16,7.3399457931518555,7.367499828338623,7.474999904632568,7.163750171661377,7.177000045776367,745620000
2020-04-17,7.280668258666992,7.308000087738037,7.471499919891357,7.173500061035156,7.449999809265137,539120000
2020-04-20,7.149411201477051,7.176249980926514,7.337500095367432,7.131750106811523,7.181000232696533,449388000
2020-04-21,6.712551593780518,6.737750053405762,7.1192498207092285,6.677750110626221,7.057750225067139,735160000
2020-04-22,7.126994609832764,7.153749942779541,7.196750164031982,6.885000228881836,6.930749893188477,483356000
2020-04-23,7.073694705963135,7.100249767303467,7.328499794006348,7.074999809265137,7.196000099182129,424160000
2020-04-24,7.212674617767334,7.239749908447266,7.2417497634887695,7.014999866485596,7.090000152587891,352328000
2020-04-27,7.3992228507995605,7.427000045776367,7.587500095367432,7.349999904632568,7.374750137329102,479388000
2020-04-28,7.256757736206055,7.283999919891357,7.605000019073486,7.278500080108643,7.574999809265137,442904000
2020-04-29,7.433594703674316,7.46150016784668,7.514500141143799,7.34375,7.419250011444092,379160000
2020-04-30,7.279672145843506,7.307000160217285,7.46150016784668,7.293000221252441,7.407249927520752,375916000
2020-05-01,7.043059825897217,7.069499969482422,7.222499847412109,7.020999908447266,7.108749866485596,342096000
2020-05-04,7.255014419555664,7.282249927520752,7.296000003814697,7.021999835968018,7.021999835968018,317556000
2020-05-05,7.316036701202393,7.343500137329102,7.506750106811523,7.282249927520752,7.386750221252441,368896000
2020-05-06,7.416905879974365,7.44474983215332,7.550000190734863,7.385250091552734,7.423250198364258,323464000
2020-05-07,7.593244552612305,7.6217498779296875,7.6852498054504395,7.5329999923706055,7.584499835968018,373732000
2020-05-08,7.783280372619629,7.8125,7.818749904632568,7.659749984741211,7.693749904632568,339216000
2020-05-11,8.035335540771484,8.065500259399414,8.112500190734863,7.778749942779541,7.807499885559082,469060000
2020-05-12,7.773319244384766,7.802499771118164,8.172499656677246,7.792749881744385,8.123499870300293,493060000
2020-05-13,7.750903129577637,7.78000020980835,8.078499794006348,7.594749927520752,7.917500019073486,625852000
2020-05-14,8.000467300415039,8.030500411987305,8.03600025177002,7.6875,7.841750144958496,602312000
2020-05-15,8.458993911743164,8.490750312805176,8.500499725341797,7.874000072479248,7.889750003814697,987660000
2020-05-18,8.717523574829102,8.750249862670898,8.916500091552734,8.680500030517578,8.760499954223633,774460000
2020-05-19,8.772564888000488,8.805500030517578,9.087499618530273,8.762749671936035,8.790249824523926,717320000
2020-05-20,8.93645191192627,8.970000267028809,9.043000221252441,8.888750076293945,8.991000175476074,587536000
2020-05-21,8.742432594299316,8.775250434875488,9.052499771118164,8.737500190734863,9.05150032043457,761068000
2020-05-22,8.992493629455566,9.026249885559082,9.093000411987305,8.713250160217285,8.825249671936035,1038764000
2020-05-26,8.685148239135742,8.71774959564209,9.181750297546387,8.67199993133545,9.156749725341797,770780000
2020-05-27,8.493367195129395,8.525250434875488,8.632749557495117,7.9967498779296875,8.625,1175892000
2020-05-28,8.455260276794434,8.487000465393066,8.760499954223633,8.379249572753906,8.412249565124512,734896000
2020-05-29,8.842304229736328,8.875499725341797,8.875499725341797,8.484999656677246,8.554499626159668,745256000
2020-06-01,8.77331256866455,8.806249618530273,8.840749740600586,8.689499855041504,8.833250045776367,389876000
2020-06-02,8.792243957519531,8.825249671936035,8.837249755859375,8.657999992370605,8.796250343322754,391320000
2020-06-03,8.736699104309082,8.769499778747559,8.866250038146973,8.699999809265137,8.822250366210938,365440000
2020-06-04,8.737698554992676,8.766500473022461,8.943249702453613,8.677499771118164,8.727999687194824,424280000
2020-06-05,8.890695571899414,8.920000076293945,8.996999740600586,8.708000183105469,8.794500350952148,481748000
2020-06-08,8.776074409484863,8.805000305175781,8.889749526977539,8.685750007629395,8.877249717712402,387736000
2020-06-09,9.016278266906738,9.045999526977539,9.109749794006348,8.751250267028809,8.800000190734863,468488000
2020-06-10,9.335975646972656,9.36674976348877,9.5,9.153499603271484,9.167750358581543,632180000
2020-06-11,8.767352104187012,8.796250343322754,9.261249542236328,8.78600025177002,9.149999618530273,583652000
2020-06-12,8.903153419494629,8.932499885559082,9.187250137329102,8.70324993133545,9.162500381469727,570908000
2020-06-15,9.143611907958984,9.173749923706055,9.182250022888184,8.743749618530273,8.815250396728516,400004000
2020-06-16,9.038703918457031,9.068499565124512,9.26675033569336,8.838749885559082,9.225000381469727,535716000
2020-06-17,9.205656051635742,9.236000061035156,9.298999786376953,9.070249557495117,9.113750457763672,408304000
2020-06-18,9.187715530395508,9.218000411987305,9.282500267028809,9.114500045776367,9.22700023651123,254408000
2020-06-19,9.230825424194336,9.261249542236328,9.444999694824219,9.227250099182129,9.242500305175781,524160000
2020-06-22,9.495451927185059,9.526749610900879,9.53125,9.273249626159668,9.300000190734863,398468000
2020-06-23,9.418954849243164,9.449999809265137,9.642499923706055,9.407500267028809,9.550999641418457,375108000
2020-06-24,9.205158233642578,9.23550033569336,9.556500434875488,9.144499778747559,9.476249694824219,449372000
2020-06-25,9.458822250366211,9.489999771118164,9.505000114440918,9.182250022888184,9.35575008392334,376072000
2020-06-26,9.124921798706055,9.154999732971191,9.5,9.125,9.5,592084000
2020-06-29,9.169775009155273,9.199999809265137,9.204500198364258,8.899999618530273,9.169750213623047,342248000
2020-06-30,9.466546058654785,9.497750282287598,9.526249885559082,9.266500473022461,9.314000129699707,367892000
2020-07-01,9.49869155883789,9.529999732971191,9.575750350952148,9.413000106811523,9.520750045776367,326648000
2020-07-02,9.580673217773438,9.612250328063965,9.737500190734863,9.57824993133545,9.638999938964844,364056000
2020-07-06,9.806925773620605,9.839249610900879,9.9087495803833,9.712499618530273,9.74174976348877,315892000
2020-07-07,9.83931827545166,9.871749877929688,10.069999694824219,9.850749969482422,9.946249961853027,357800000
2020-07-08,10.182435989379883,10.215999603271484,10.225000381469727,9.965499877929688,9.993749618530273,365480000
2020-07-09,10.474475860595703,10.508999824523926,10.569999694824219,10.233499526977539,10.380249977111816,494548000
2020-07-10,10.444823265075684,10.479249954223633,10.65524959564209,10.37874984741211,10.588749885559082,497676000
2020-07-13,10.019225120544434,10.052249908447266,10.79224967956543,10.024999618530273,10.595000267028809,457076000
2020-07-14,10.342909812927246,10.376999855041504,10.402750015258789,9.785499572753906,10.074999809265137,542676000
2020-07-15,10.193649291992188,10.227250099182129,10.432999610900879,10.055749893188477,10.414250373840332,403984000
2020-07-16,10.10145378112793,10.134750366210938,10.20674991607666,9.895500183105469,10.015000343322754,344964000
2020-07-17,10.167983055114746,10.201499938964844,10.248499870300293,10.087750434875488,10.225500106811523,266284000
2020-07-20,10.476219177246094,10.510749816894531,10.53125,10.156749725341797,10.274250030517578,284852000
2020-07-21,10.294568061828613,10.328499794006348,10.5600004196167,10.286749839782715,10.512999534606934,277036000
2020-07-22,10.40445613861084,10.438750267028809,10.602499961853027,10.291500091552734,10.367500305175781,367292000
2020-07-23,10.09646987915039,10.12975025177002,10.54699993133545,10.03125,10.449999809265137,411660000
2020-07-24,10.161006927490234,10.194499969482422,10.364749908447266,9.777000427246094,9.875,473292000
2020-07-27,10.387263298034668,10.421500205993652,10.441749572753906,10.21774959564209,10.232250213623047,292132000
2020-07-28,10.181937217712402,10.215499877929688,10.381999969482422,10.209250450134277,10.374250411987305,271636000
2020-07-29,10.43111801147461,10.465499877929688,10.516249656677246,10.347000122070312,10.39074993133545,284508000
2020-07-30,10.579129219055176,10.61400032043457,10.623000144958496,10.295249938964844,10.375,308880000
2020-07-31,10.579876899719238,10.614749908447266,10.766500473022461,10.432999610900879,10.563249588012695,386080000
2020-08-03,10.974079132080078,11.010250091552734,11.098750114440918,10.715250015258789,10.732500076293945,412720000
2020-08-04,11.190862655639648,11.227749824523926,11.227749824523926,10.906000137329102,11.050000190734863,310336000
2020-08-05,11.249669075012207,11.286749839782715,11.371749877929688,11.166250228881836,11.244000434875488,249924000
2020-08-06,11.298257827758789,11.33549976348877,11.357999801635742,11.178750038146973,11.349749565124512,244316000
2020-08-07,11.16270923614502,11.19950008392334,11.50475025177002,11.037500381469727,11.3125,342516000
2020-08-10,11.128318786621094,11.164999961853027,11.408249855041504,10.856499671936035,11.334250450134277,427796000
2020-08-11,10.814355850219727,10.850000381469727,11.136750221252441,10.79574966430664,11.073749542236328,354512000
2020-08-12,11.402667045593262,11.440250396728516,11.467000007629395,10.958250045776367,10.990750312805176,464412000
2020-08-13,11.405406951904297,11.442999839782715,11.721750259399414,11.35575008392334,11.545999526977539,374460000
2020-08-14,11.526008605957031,11.564000129699707,11.704750061035156,11.440500259399414,11.529999732971191,366436000
2020-08-17,12.296469688415527,12.336999893188477,12.409749984741211,11.81725025177002,11.851249694824219,621300000
2020-08-18,12.22046947479248,12.260749816894531,12.496000289916992,12.086250305175781,12.449999809265137,503448000
2020-08-19,12.098620414733887,12.138500213623047,12.3149995803833,12.097999572753906,12.296500205993652,622624000
2020-08-20,12.101115226745605,12.140999794006348,12.375,11.87874984741211,11.975000381469727,921388000
2020-08-21,12.641831398010254,12.683500289916992,12.80875015258789,12.195249557495117,12.201749801635742,999868000
2020-08-24,12.678462028503418,12.720250129699707,12.912500381469727,12.507499694824219,12.883749961853027,490564000
2020-08-25,12.708111763000488,12.75,12.761249542236328,12.573749542236328,12.630749702453613,289076000
2020-08-26,12.731035232543945,12.77299976348877,12.868499755859375,12.677749633789062,12.799249649047852,321244000
2020-08-27,12.586764335632324,12.628250122070312,12.850000381469727,12.566499710083008,12.781499862670898,317604000
2020-08-28,13.104554176330566,13.147749900817871,13.14799976348877,12.642499923706055,12.675000190734863,537160000
2020-08-31,13.330559730529785,13.374500274658203,13.574999809265137,13.037750244140625,13.18274974822998,500840000
2020-09-01,13.779714584350586,13.821000099182129,13.993749618530273,13.43649959564209,13.479999542236328,511316000
2020-09-02,14.303645133972168,14.346500396728516,14.726750373840332,13.899999618530273,14.703749656677246,874012000
2020-09-03,12.976621627807617,13.01550006866455,13.884499549865723,12.87874984741211,13.828749656677246,945128000
2020-09-04,12.584795951843262,12.6225004196167,13.175000190734863,11.704750061035156,12.7837495803833,1463684000
2020-09-08,11.87741470336914,11.913000106811523,12.550000190734863,11.70425033569336,11.73449993133545,795728000
2020-09-09,12.677020072937012,12.71500015258789,12.809249877929688,12.231749534606934,12.399999618530273,736200000
2020-09-10,12.274972915649414,12.311750411987305,13.065250396728516,12.166999816894531,12.989250183105469,698684000
2020-09-11,12.128162384033203,12.16450023651123,12.65250015258789,11.895750045776367,12.48550033569336,636928000
2020-09-14,12.833800315856934,12.872249603271484,13.3149995803833,12.631250381469727,13.081000328063965,1201744000
2020-09-15,12.952193260192871,12.991000175476074,13.298749923706055,12.827750205993652,13.279999732971191,727556000
2020-09-16,12.477116584777832,12.51449966430664,13.09274959564209,12.513750076293945,12.957249641418457,556384000
2020-09-17,12.426270484924316,12.463500022888184,12.589750289916992,12.034749984741211,12.13224983215332,792512000
2020-09-18,12.152836799621582,12.189249992370605,12.632499694824219,11.988750457763672,12.59375,698460000
2020-09-21,12.479860305786133,12.517250061035156,12.522500038146973,11.904500007629395,11.925000190734863,721044000
2020-09-22,12.599998474121094,12.637749671936035,12.64799976348877,12.155500411987305,12.574999809265137,646452000
2020-09-23,12.087535858154297,12.123749732971191,12.72700023651123,12.07925033569336,12.575499534606934,647012000
2020-09-24,12.311116218566895,12.347999572753906,12.569499969482422,12.013999938964844,12.072250366210938,731240000
2020-09-25,12.835293769836426,12.873749732971191,12.883500099182129,12.245750427246094,12.447500228881836,588016000
2020-09-28,12.996063232421875,13.03499984741211,13.051750183105469,12.75,13.040249824523926,573808000
2020-09-29,13.18624210357666,13.225749969482422,13.442749977111816,12.933250427246094,12.9375,621460000
2020-09-30,13.490084648132324,13.530500411987305,13.6225004196167,13.150250434875488,13.157500267028809,689184000
2020-10-01,13.573831558227539,13.614500045776367,13.762749671936035,13.460749626159668,13.758000373840332,525004000
2020-10-02,13.023232460021973,13.062250137329102,13.519499778747559,13.050999641418457,13.225000381469727,552496000
2020-10-05,13.601749420166016,13.642499923706055,13.64424991607666,13.222749710083008,13.236000061035156,479820000
2020-10-06,13.695466995239258,13.736499786376953,14.142000198364258,13.664999961853027,13.829999923706055,784420000
2020-10-07,13.922286987304688,13.96399974822998,14.119250297546387,13.863499641418457,13.999750137329102,418084000
2020-10-08,13.797412872314453,13.838749885559082,14.084500312805176,13.758000373840332,14.074999809265137,378900000
2020-10-09,13.721640586853027,13.762749671936035,13.824250221252441,13.660750389099121,13.767000198364258,346892000
2020-10-12,14.183505058288574,14.22599983215332,14.347000122070312,13.912500381469727,13.989500045776367,434744000
2020-10-13,14.2056884765625,14.248250007629395,14.34850025177002,14.018750190734863,14.296500205993652,344604000
2020-10-14,14.053147315979004,14.095250129699707,14.34274959564209,13.960000038146973,14.290499687194824,276100000
2020-10-15,13.92827033996582,13.970000267028809,14.005749702453613,13.767749786376953,13.810750007629395,267224000
2020-10-16,13.770242691040039,13.81149959564209,14.121500015258789,13.792499542236328,14.036749839782715,242392000
2020-10-19,13.457430839538574,13.497750282287598,13.983499526977539,13.406749725341797,13.902999877929688,298068000
2020-10-20,13.604740142822266,13.645500183105469,13.799750328063965,13.506999969482422,13.583499908447266,229212000
2020-10-21,13.48435115814209,13.524749755859375,13.791500091552734,13.477499961853027,13.625,219596000
2020-10-22,13.321088790893555,13.361000061035156,13.611749649047852,13.231749534606934,13.522500038146973,290480000
2020-10-23,13.549652099609375,13.590250015258789,13.593250274658203,13.291250228881836,13.449999809265137,233484000
2020-10-26,13.101995468139648,13.141249656677246,13.692749977111816,13.03849983215332,13.427000045776367,336896000
2020-10-27,13.356732368469238,13.396750450134277,13.442000389099121,13.191499710083008,13.305999755859375,250520000
2020-10-28,12.589280128479004,12.626999855041504,13.260000228881836,12.609000205993652,13.197999954223633,376520000
2020-10-29,12.985095977783203,13.02400016784668,13.192749977111816,12.75,12.838500022888184,320080000
2020-10-30,12.49655818939209,12.534000396728516,12.93649959564209,12.300000190734863,12.850000381469727,416820000
2020-11-02,12.543172836303711,12.580750465393066,12.836750030517578,12.395000457763672,12.657750129699707,299652000
2020-11-03,12.980608940124512,13.019499778747559,13.104999542236328,12.602749824523926,12.708499908447266,272900000
2020-11-04,13.753044128417969,13.794249534606934,13.827500343322754,13.336999893188477,13.389249801635742,410228000
2020-11-05,14.11770248413086,14.15999984741211,14.33899974822998,13.991000175476074,14.162500381469727,319028000
2020-11-06,14.518501281738281,14.562000274658203,14.588749885559082,13.895000457763672,14.109749794006348,383348000
2020-11-09,13.590032577514648,13.630749702453613,14.691499710083008,13.610750198364258,14.552499771118164,582976000
2020-11-10,12.731853485107422,12.770000457763672,13.606499671936035,12.628250122070312,13.606499671936035,644068000
2020-11-11,13.377920150756836,13.418000221252441,13.4350004196167,12.948249816894531,13.053750038146973,404744000
2020-11-12,13.416553497314453,13.45674991607666,13.765999794006348,13.315999984741211,13.479000091552734,365812000
2020-11-13,13.257281303405762,13.29699993133545,13.668749809265137,13.059249877929688,13.627249717712402,346312000
2020-11-16,13.474878311157227,13.515250205993652,13.649499893188477,13.156000137329102,13.172499656677246,413776000
2020-11-17,13.382156372070312,13.422249794006348,13.5962495803833,13.303750038146973,13.552499771118164,312028000
2020-11-18,13.388636589050293,13.428750038146973,13.60575008392334,13.1850004196167,13.465250015258789,510924000
2020-11-19,13.400102615356445,13.440250396728516,13.487500190734863,13.100000381469727,13.212750434875488,565936000
2020-11-20,13.04865550994873,13.087750434875488,13.494500160217285,13.0649995803833,13.454000473022461,341088000
2020-11-23,13.100752830505371,13.140000343322754,13.382499694824219,13.01550006866455,13.171250343322754,361356000
2020-11-24,12.91904354095459,12.95775032043457,13.161999702453613,12.885000228881836,13.142499923706055,346500000
2020-11-25,13.195216178894043,13.234749794006348,13.269499778747559,13.020000457763672,13.032500267028809,259916000
2020-11-27,13.221635818481445,13.261249542236328,13.407500267028809,13.170499801635742,13.375,167276000
2020-11-30,13.361469268798828,13.40149974822998,13.412500381469727,12.972249984741211,13.265000343322754,286952000
2020-12-01,13.350004196166992,13.390000343322754,13.5287504196167,13.228249549865723,13.492250442504883,296948000
2020-12-02,13.504042625427246,13.544500350952148,13.673500061035156,13.23425006866455,13.350500106811523,283360000
2020-12-03,13.359930992126465,13.395999908447266,13.65999984741211,13.329000473022461,13.587499618530273,199520000
2020-12-04,13.521744728088379,13.558250427246094,13.5600004196167,13.388750076293945,13.44849967956543,202244000
2020-12-07,13.570110321044922,13.606749534606934,13.731249809265137,13.5,13.601249694824219,223244000
2020-12-08,13.314054489135742,13.350000381469727,13.598750114440918,13.281499862670898,13.585000038146973,271920000
2020-12-09,12.8959321975708,12.930749893188477,13.413999557495117,12.868249893188477,13.30049991607666,401300000
2020-12-10,12.937321662902832,12.972249984741211,13.068750381469727,12.849499702453613,12.869000434875488,207764000
2020-12-11,12.978211402893066,13.013250350952148,13.020000457763672,12.822999954223633,12.967249870300293,209264000
2020-12-14,13.272916793823242,13.30875015258789,13.388750076293945,13.077500343322754,13.088000297546387,270156000
2020-12-15,13.324525833129883,13.36050033569336,13.46399974822998,13.186750411987305,13.439749717712402,193016000
2020-12-16,13.206843376159668,13.242500305175781,13.437250137329102,13.212499618530273,13.422499656677246,223116000
2020-12-17,13.305327415466309,13.3412504196167,13.379500389099121,13.178500175476074,13.36674976348877,231384000
2020-12-18,13.236265182495117,13.272000312805176,13.404999732971191,13.070500373840332,13.378999710083008,342064000
2020-12-21,13.296350479125977,13.332249641418457,13.369999885559082,12.967499732971191,13.074749946594238,302332000
2020-12-22,13.242496490478516,13.278249740600586,13.337249755859375,13.053999900817871,13.319250106811523,185580000
2020-12-23,12.974222183227539,13.009249687194824,13.274999618530273,13.005000114440918,13.255999565124512,179144000
2020-12-24,12.95876407623291,12.993749618530273,13.132499694824219,12.938750267028809,13.037249565124512,97884000
2020-12-28,12.865264892578125,12.899999618530273,13.0625,12.763250350952148,13.0625,212564000
2020-12-29,12.90839958190918,12.943249702453613,13.072500228881836,12.842249870300293,12.925000190734863,170372000
2020-12-30,13.11035442352295,13.145750045776367,13.213749885559082,12.896750450134277,12.990249633789062,225396000
2020-12-31,13.019850730895996,13.055000305175781,13.151000022888184,12.914999961853027,13.136500358581543,192424000
2021-01-04,13.078191757202148,13.113499641418457,13.65250015258789,12.962499618530273,13.104249954223633,560640000
2021-01-05,13.368658065795898,13.404749870300293,13.443499565124512,13.086999893188477,13.099749565124512,322760000
2021-01-06,12.580534934997559,12.614500045776367,13.244999885559082,12.586000442504883,13.22249984741211,580424000
2021-01-07,13.30807113647461,13.343999862670898,13.377750396728516,12.886500358581543,12.967499732971191,461480000
2021-01-08,13.241003036499023,13.276749610900879,13.420999526977539,13.041999816894531,13.362500190734863,292528000
2021-01-11,13.584822654724121,13.621500015258789,13.961000442504883,13.362500190734863,13.418749809265137,518344000
2021-01-12,13.448441505432129,13.484749794006348,13.754500389099121,13.345000267028809,13.7524995803833,291476000
2021-01-13,13.495314598083496,13.531749725341797,13.625,13.385000228881836,13.489999771118164,210028000
2021-01-14,13.16470718383789,13.200249671936035,13.599749565124512,13.180500030517578,13.574999809265137,283120000
2021-01-15,12.824875831604004,12.85949993133545,13.325249671936035,12.84850025177002,13.227999687194824,277780000
2021-01-19,12.990180015563965,13.025250434875488,13.093999862670898,12.843999862670898,13.016249656677246,226188000
2021-01-20,13.32976245880127,13.365750312805176,13.430500030517578,13.056750297546387,13.111749649047852,258572000
2021-01-21,13.830162048339844,13.867500305175781,13.999250411987305,13.253000259399414,13.418499946594238,337780000
2021-01-22,13.675579071044922,13.712499618530273,13.841750144958496,13.627249717712402,13.739999771118164,246820000
2021-01-25,13.616487503051758,13.653249740600586,13.828499794006348,13.236499786376953,13.781749725341797,251112000
2021-01-26,13.399073600769043,13.435250282287598,13.644749641418457,13.387499809265137,13.580499649047852,163980000
2021-01-27,12.882967948913574,12.917750358581543,13.232749938964844,12.793749809265137,13.229999542236328,371272000
2021-01-28,13.015862464904785,13.050999641418457,13.339750289916992,12.96049976348877,12.99625015258789,228316000
2021-01-29,12.954774856567383,12.989749908447266,13.334750175476074,12.911499977111816,13.074999809265137,271552000
2021-02-01,13.201358795166016,13.237000465393066,13.270750045776367,12.902750015258789,13.053250312805176,217204000
2021-02-02,13.520247459411621,13.556750297546387,13.571999549865723,13.285499572753906,13.398750305175781,220440000
2021-02-03,13.49406909942627,13.530500411987305,13.931750297546387,13.516500473022461,13.63599967956543,245408000
2021-02-04,13.627459526062012,13.664250373840332,13.673500061035156,13.337750434875488,13.531000137329102,201340000
2021-02-05,13.554405212402344,13.590999603271484,13.737250328063965,13.54574966430664,13.725000381469727,169152000
2021-02-08,14.399873733520508,14.438750267028809,14.473750114440918,13.727250099182129,13.727250099182129,434624000
2021-02-09,14.22484302520752,14.263250350952148,14.583250045776367,14.22249984741211,14.340749740600586,287560000
2021-02-10,14.724494934082031,14.764249801635742,14.904999732971191,14.341500282287598,14.463250160217285,485352000
2021-02-11,15.209687232971191,15.250749588012695,15.272250175476074,14.925000190734863,14.980250358581543,450828000
2021-02-12,14.920968055725098,14.961250305175781,15.291250228881836,14.774999618530273,15.050000190734863,374756000
2021-02-16,15.288973808288574,15.330249786376953,15.3725004196167,14.949999809265137,15.064249992370605,321960000
2021-02-17,14.865866661071777,14.906000137329102,15.22350025177002,14.779999732971191,15.170999526977539,274756000
2021-02-18,14.78907299041748,14.829000473022461,14.873250007629395,14.574999809265137,14.729000091552734,233868000
2021-02-19,14.886310577392578,14.92650032043457,15.177000045776367,14.846750259399414,15.024499893188477,271724000
2021-02-22,14.317097663879395,14.35575008392334,15.13325023651123,14.324999809265137,14.774749755859375,325884000
2021-02-23,14.103922843933105,14.142000198364258,14.238750457763672,13.38949966430664,14.075249671936035,391780000
2021-02-24,14.459959983825684,14.49899959564209,14.506750106811523,13.755999565124512,14.122750282287598,448320000
2021-02-25,13.271668434143066,13.307499885559082,14.374750137329102,13.2162504196167,14.045499801635742,824436000
2021-02-26,13.677573204040527,13.714500427246094,13.854499816894531,13.361000061035156,13.7524995803833,500932000
2021-03-01,13.804479598999023,13.841750144958496,13.925000190734863,13.553250312805176,13.875,353184000
2021-03-02,13.370153427124023,13.40625,13.920499801635742,13.395999908447266,13.899999618530273,264116000
2021-03-03,12.770276069641113,12.804750442504883,13.451499938964844,12.798749923706055,13.426250457763672,377592000
2021-03-04,12.33694076538086,12.37024974822998,12.975000381469727,12.083749771118164,12.800749778747559,573344000
2021-03-05,12.427949905395508,12.46150016784668,12.550000190734863,11.67924976348877,12.550000190734863,542840000
2021-03-08,11.562033653259277,11.593250274658203,12.4712495803833,11.566499710083008,12.449999809265137,543112000
2021-03-09,12.49084758758545,12.52025032043457,12.61674976348877,12.059249877929688,12.130249977111816,521824000
2021-03-10,12.438972473144531,12.468250274658203,12.979999542236328,12.457500457763672,12.840499877929688,384376000
2021-03-11,12.962985038757324,12.993499755859375,13.046250343322754,12.73449993133545,12.949999809265137,299916000
2021-03-12,12.825809478759766,12.855999946594238,12.888750076293945,12.59000015258789,12.648249626159668,243964000
2021-03-15,13.160271644592285,13.19124984741211,13.20674991607666,12.767250061035156,12.864749908447266,221988000
2021-03-16,13.26003646850586,13.291250228881836,13.512499809265137,13.11674976348877,13.356499671936035,272128000
2021-03-17,13.309920310974121,13.3412504196167,13.45324993133545,12.989500045776367,13.039750099182129,243864000
2021-03-18,12.692623138427734,12.72249984741211,13.184000015258789,12.717000007629395,13.136500358581543,293896000
2021-03-19,12.815583229064941,12.845749855041504,12.921500205993652,12.612500190734863,12.75,299208000
2021-03-22,13.155284881591797,13.186249732971191,13.394499778747559,12.906749725341797,12.912750244140625,297804000
2021-03-23,13.040056228637695,13.07075023651123,13.344499588012695,13.021249771118164,13.254249572753906,222048000
2021-03-24,12.613310813903809,12.642999649047852,13.159250259399414,12.636750221252441,13.151249885559082,245840000
2021-03-25,12.505815505981445,12.535249710083008,12.714750289916992,12.272000312805176,12.499500274658203,295144000
2021-03-26,12.809100151062012,12.839249610900879,12.856249809265137,12.373499870300293,12.554499626159668,363968000
2021-03-29,12.917841911315918,12.948249816894531,13.0625,12.699999809265137,12.820249557495117,273520000
2021-03-30,12.841525077819824,12.871749877929688,12.975250244140625,12.704999923706055,12.842000007629395,200204000
2021-03-31,13.316906929016113,13.348250389099121,13.470499992370605,12.982500076293945,13.01550006866455,314776000
2021-04-01,13.779314994812012,13.811750411987305,13.869999885559082,13.511249542236328,13.572250366210938,308276000
2021-04-05,13.954652786254883,13.987500190734863,14.013999938964844,13.732999801635742,13.867500305175781,255672000
2021-04-06,13.828948974609375,13.861499786376953,14.05424976348877,13.773500442504883,13.999750137329102,191744000
2021-04-07,14.110288619995117,14.143500328063965,14.243499755859375,13.71150016784668,13.880749702453613,251284000
2021-04-08,14.283382415771484,14.317000389099121,14.471500396728516,14.24899959564209,14.252750396728516,244416000
2021-04-09,14.366185188293457,14.399999618530273,14.407999992370605,14.175000190734863,14.21399974822998,195172000
2021-04-12,15.173285484313965,15.208999633789062,15.352499961853027,14.139249801635742,14.289750099182129,869324000
2021-04-13,15.642678260803223,15.679499626159668,15.699999809265137,15.125749588012695,15.231499671936035,676212000
2021-04-14,15.24112606048584,15.277000427246094,15.720499992370605,15.227499961853027,15.625,385500000
2021-04-15,16.09935760498047,16.137250900268555,16.214250564575195,15.631500244140625,15.662500381469727,598480000
2021-04-16,15.875131607055664,15.912500381469727,16.16575050354004,15.865249633789062,16.05299949645996,335208000
2021-04-19,15.325675964355469,15.361749649047852,15.807499885559082,15.232999801635742,15.536499977111816,404420000
2021-04-20,15.135621070861816,15.171250343322754,15.496999740600586,14.963000297546387,15.323249816894531,334132000
2021-04-21,15.324429512023926,15.36050033569336,15.362500190734863,15.102250099182129,15.118749618530273,216776000
2021-04-22,14.815377235412598,14.850250244140625,15.43850040435791,14.783499717712402,15.375,277788000
2021-04-23,15.229401588439941,15.265250205993652,15.335000038146973,14.900250434875488,14.934249877929688,227500000
2021-04-26,15.44165325164795,15.477999687194824,15.479000091552734,15.125,15.1850004196167,197796000
2021-04-27,15.34562873840332,15.381750106811523,15.670499801635742,15.354499816894531,15.578499794006348,164572000
2021-04-28,15.240875244140625,15.276749610900879,15.53225040435791,15.215499877929688,15.364500045776367,209416000
2021-04-29,15.288763046264648,15.324749946594238,15.43649959564209,15.071499824523926,15.399999618530273,173196000
2021-04-30,14.974251747131348,15.009499549865723,15.364999771118164,14.996999740600586,15.174500465393066,201912000
2021-05-03,14.801909446716309,14.836750030517578,15.246749877929688,14.787500381469727,15.125,203912000
2021-05-04,14.317549705505371,14.351249694824219,14.637499809265137,14.010250091552734,14.637249946594238,405324000
2021-05-05,14.424548149108887,14.458499908447266,14.81350040435791,14.387499809265137,14.708999633789062,292024000
2021-05-06,14.488895416259766,14.52299976348877,14.571249961853027,14.218000411987305,14.49524974822998,193380000
2021-05-07,14.7774658203125,14.812250137329102,14.970749855041504,14.67175006866455,14.808250427246094,229328000
2021-05-10,14.232248306274414,14.26574993133545,14.805999755859375,14.25,14.787249565124512,268904000
2021-05-11,14.272655487060547,14.306249618530273,14.35474967956543,13.75,13.824999809265137,285584000
2021-05-12,13.726189613342285,13.758500099182129,14.260250091552734,13.709250450134277,14.009499549865723,303408000
2021-05-13,13.633159637451172,13.665249824523926,14.080750465393066,13.458999633789062,14.0337495803833,285404000
2021-05-14,14.209554672241211,14.243000030517578,14.32800006866455,13.748499870300293,13.890000343322754,258616000
2021-05-17,14.13223648071289,14.165499687194824,14.169249534606934,13.853500366210938,14.156999588012695,216980000
2021-05-18,13.982833862304688,14.01574993133545,14.404250144958496,14.003999710083008,14.267000198364258,186256000
2021-05-19,14.032720565795898,14.065750122070312,14.079500198364258,13.54325008392334,13.566499710083008,344000000
2021-05-20,14.578186988830566,14.612500190734863,14.68375015258789,14.270500183105469,14.302499771118164,321592000
2021-05-21,14.956544876098633,14.99174976348877,15.222000122070312,14.869500160217285,15.163749694824219,672992000
2021-05-24,15.575338363647461,15.612000465393066,15.744999885559082,15.175999641418457,15.212499618530273,554816000
2021-05-25,15.611001014709473,15.647749900817871,15.818499565124512,15.482500076293945,15.765999794006348,435408000
2021-05-26,15.663131713867188,15.699999809265137,15.793749809265137,15.586250305175781,15.73425006866455,370440000
2021-05-27,15.451629638671875,15.48799991607666,15.75,15.460000038146973,15.699749946594238,581476000
2021-05-28,16.20635223388672,16.24449920654297,16.27750015258789,15.50100040435791,15.50100040435791,644536000
2021-06-01,16.226303100585938,16.26449966430664,16.38825035095215,15.903249740600586,16.270000457763672,472804000
2021-06-02,16.738845825195312,16.778249740600586,16.918750762939453,16.23550033569336,16.25225067138672,594168000
2021-06-03,16.92989730834961,16.969749450683594,17.259000778198242,16.58300018310547,16.70075035095215,580008000
2021-06-04,17.536970138549805,17.578250885009766,17.660999298095703,17.095500946044922,17.112499237060547,617120000
2021-06-07,17.577625274658203,17.618999481201172,17.8125,17.192750930786133,17.571250915527344,575756000
2021-06-08,17.41600799560547,17.457000732421875,17.62150001525879,17.250999450683594,17.527250289916992,323848000
2021-06-09,17.321456909179688,17.35824966430664,17.575000762939453,17.25575065612793,17.515750885009766,381656000
2021-06-10,17.388063430786133,17.424999237060547,17.492000579833984,17.176000595092773,17.350000381469727,287772000
2021-06-11,17.7874698638916,17.82525062561035,17.939250946044922,17.443750381469727,17.47949981689453,416308000
2021-06-14,17.980554580688477,18.018749237060547,18.039499282836914,17.662750244140625,17.9060001373291,321376000
2021-06-15,17.750789642333984,17.78849983215332,18.016250610351562,17.72800064086914,17.915000915527344,243032000
2021-06-16,17.772497177124023,17.81024932861328,17.954750061035156,17.58449935913086,17.79075050354004,307124000
2021-06-17,18.617700576782227,18.657249450683594,18.834999084472656,17.756250381469727,17.774499893188477,809656000
2021-06-18,18.5992431640625,18.638750076293945,19.375,18.583999633789062,18.784000396728516,968856000
2021-06-21,18.38819122314453,18.427249908447266,18.536500930786133,17.822750091552734,18.43524932861328,672384000
2021-06-22,18.846715927124023,18.886749267578125,18.9637508392334,18.38599967956543,18.471500396728516,580144000
2021-06-23,19.016857147216797,19.057249069213867,19.15275001525879,18.90774917602539,19.007749557495117,332356000
2021-06-24,19.16478729248047,19.20549964904785,19.420000076293945,19.08824920654297,19.227750778198242,320924000
2021-06-25,18.990665435791016,19.0310001373291,19.345500946044922,18.894500732421875,19.280500411987305,278364000
2021-06-28,19.942638397216797,19.985000610351562,20.078750610351562,19.319000244140625,19.361249923706055,495436000
2021-06-29,19.98430061340332,20.026750564575195,20.0987491607666,19.656999588012695,19.88249969482422,367632000
2021-06-30,19.960098266601562,20.002500534057617,20.162500381469727,19.863750457763672,19.999250411987305,326568000
2021-07-01,20.169157028198242,20.211999893188477,20.45599937438965,20.018999099731445,20.125,480136000
2021-07-02,20.443574905395508,20.48699951171875,20.505250930786133,20.287750244140625,20.440250396728516,342764000
2021-07-06,20.654624938964844,20.69849967956543,20.841999053955078,20.350250244140625,20.737499237060547,446708000
2021-07-07,20.328567504882812,20.371749877929688,20.875,20.332000732421875,20.853500366210938,418428000
2021-07-08,19.86056137084961,19.90275001525879,20.132999420166016,19.70075035095215,19.85650062561035,503300000
2021-07-09,20.007749557495117,20.050249099731445,20.080249786376953,19.754249572753906,19.962499618530273,296624000
2021-07-12,20.469022750854492,20.512500762939453,20.53274917602539,20.1877498626709,20.239999771118164,321984000
2021-07-13,20.207075119018555,20.25,20.46125030517578,20.11400032043457,20.40049934387207,290708000
2021-07-14,19.7994441986084,19.84149932861328,20.417749404907227,19.752750396728516,20.357749938964844,380100000
2021-07-15,18.92604637145996,18.966249465942383,19.847000122070312,18.85849952697754,19.811750411987305,550564000
2021-07-16,18.12250518798828,18.160999298095703,19.156999588012695,18.072999954223633,19.030500411987305,688224000
2021-07-19,18.739946365356445,18.77975082397461,19.04199981689453,17.86549949645996,17.915250778198242,749060000
2021-07-20,18.572547912597656,18.61199951171875,18.83799934387207,18.163999557495117,18.729999542236328,434687000
2021-07-21,19.36885643005371,19.40999984741211,19.527000427246094,18.742000579833984,18.881999969482422,371017000
2021-07-22,19.552467346191406,19.5939998626709,19.886999130249023,19.275999069213867,19.642000198364258,323826000
2021-07-23,19.516538619995117,19.558000564575195,19.700000762939453,19.25,19.6560001373291,195672000
2021-07-26,19.253103256225586,19.29400062561035,19.441999435424805,18.913999557495117,19.31100082397461,203943000
2021-07-27,19.16728401184082,19.20800018310547,19.621999740600586,18.740999221801758,19.264999389648438,248863000
2021-07-28,19.461660385131836,19.503000259399414,19.645999908447266,18.9950008392334,19.319000244140625,202191000
2021-07-29,19.620323181152344,19.66200065612793,19.85300064086914,19.327999114990234,19.518999099731445,190781000
2021-07-30,19.45766830444336,19.499000549316406,19.6299991607666,19.26300048828125,19.417999267578125,183497000
2021-08-02,19.70813751220703,19.75,19.961000442504883,19.361000061035156,19.700000762939453,217444000
2021-08-03,19.772998809814453,19.815000534057617,20.222000122070312,19.219999313354492,19.739999771118164,301811000
2021-08-04,20.231027603149414,20.27400016784668,20.31800079345703,19.827999114990234,19.989999771118164,231309000
2021-08-05,20.593252182006836,20.636999130249023,20.732999801635742,20.341999053955078,20.5,211435000
2021-08-06,20.32282829284668,20.365999221801758,20.56999969482422,20.209999084472656,20.52400016784668,178497000
2021-08-09,20.251981735229492,20.295000076293945,20.507999420166016,20.14299964904785,20.445999145507812,146443000
2021-08-10,19.89374542236328,19.93600082397461,20.43000030517578,19.834999084472656,20.32200050354004,179238000
2021-08-11,19.657241821289062,19.698999404907227,20.048999786376953,19.43000030517578,20.042999267578125,185925000
2021-08-12,19.862812042236328,19.905000686645508,20.02899932861328,19.6200008392334,19.8700008392334,151652000
2021-08-13,20.14520835876465,20.187999725341797,20.214000701904297,19.85099983215332,19.905000686645508,183063000
2021-08-16,19.907712936401367,19.950000762939453,20.28700065612793,19.452999114990234,20.135000228881836,210876000
2021-08-17,19.416757583618164,19.45800018310547,19.770000457763672,19.267000198364258,19.684999465942383,204585000
2021-08-18,18.999643325805664,19.040000915527344,19.634000778198242,19.0,19.5,285913000
2021-08-19,19.75603675842285,19.79800033569336,20.4950008392334,18.761999130249023,19.493999481201172,766555000
2021-08-20,20.77187728881836,20.81599998474121,20.864999771118164,19.933000564575195,19.990999221801758,675741000
2021-08-23,21.911455154418945,21.95800018310547,21.996999740600586,20.950000762939453,20.97100067138672,575807000
2021-08-24,21.746807098388672,21.792999267578125,21.958999633789062,21.53499984741211,21.753000259399414,297299000
2021-08-25,22.16591453552246,22.21299934387207,22.469999313354492,21.722000122070312,21.73699951171875,347701000
2021-08-26,22.021223068237305,22.06800079345703,22.34000015258789,21.790000915527344,22.200000762939453,237940000
2021-08-27,22.5880184173584,22.63599967956543,22.722000122070312,22.16699981689453,22.18400001525879,304722000
2021-08-30,22.639909744262695,22.687999725341797,23.042999267578125,22.551000595092773,22.829999923706055,262580000
2021-08-31,22.341489791870117,22.385000228881836,22.69499969482422,22.1200008392334,22.69499969482422,259850000
2021-09-01,22.39737892150879,22.44099998474121,22.69700050354004,22.35700035095215,22.485000610351562,201767000
2021-09-02,22.352466583251953,22.395999908447266,22.593000411987305,22.295000076293945,22.51799964904785,187834000
2021-09-03,22.79859733581543,22.843000411987305,22.986000061035156,22.200000762939453,22.325000762939453,280532000
2021-09-07,22.61795425415039,22.66200065612793,22.89900016784668,22.52199935913086,22.83300018310547,198107000
2021-09-08,22.295581817626953,22.339000701904297,22.610000610351562,21.976999282836914,22.51300048828125,254434000
2021-09-09,22.133893966674805,22.177000045776367,22.538000106811523,22.131000518798828,22.312000274658203,196856000
2021-09-10,22.434307098388672,22.47800064086914,22.625999450683594,22.270000457763672,22.347999572753906,248376000
2021-09-13,22.10894203186035,22.152000427246094,22.964000701904297,21.857999801635742,22.68400001525879,297500000
2021-09-14,22.19877052307129,22.242000579833984,22.40999984741211,22.086000442504883,22.274999618530273,199755000
2021-09-15,22.297578811645508,22.340999603271484,22.367000579833984,21.965999603271484,22.30900001525879,166538000
2021-09-16,22.19877052307129,22.242000579833984,22.277000427246094,21.927000045776367,22.183000564575195,156033000
2021-09-17,21.857431411743164,21.899999618530273,22.320999145507812,21.829999923706055,22.299999237060547,294503000
2021-09-20,21.071962356567383,21.113000869750977,21.433000564575195,20.66200065612793,21.145999908447266,349440000
2021-09-21,21.204700469970703,21.246000289916992,21.424999237060547,20.950000762939453,21.41699981689453,204688000
2021-09-22,21.898351669311523,21.94099998474121,21.959999084472656,21.195999145507812,21.365999221801758,268726000
2021-09-23,22.438302993774414,22.48200035095215,22.53499984741211,21.889999389648438,22.139999389648438,248555000
2021-09-24,22.038082122802734,22.08099937438965,22.14900016784668,21.861000061035156,22.06999969482422,217655000
2021-09-27,21.61789894104004,21.65999984741211,21.798999786376953,21.325000762939453,21.709999084472656,245215000
2021-09-28,20.65876579284668,20.698999404907227,21.41900062561035,20.650999069213867,21.214000701904297,343069000
2021-09-29,20.47711753845215,20.517000198364258,21.017000198364258,20.466999053955078,20.940000534057617,218394000
2021-09-30,20.675735473632812,20.715999603271484,21.06599998474121,20.687999725341797,20.76799964904785,221009000
2021-10-01,20.70168113708496,20.742000579833984,20.858999252319336,20.202999114990234,20.75,240978000
2021-10-04,19.69364356994629,19.73200035095215,20.54199981689453,19.55500030517578,20.503999710083008,345635000
2021-10-05,20.41124725341797,20.451000213623047,20.648000717163086,19.854000091552734,19.950000762939453,279282000
2021-10-06,20.659765243530273,20.700000762939453,20.719999313354492,20.079999923706055,20.1200008392334,297202000
2021-10-07,21.034034729003906,21.075000762939453,21.32200050354004,20.972000122070312,21.091999053955078,256919000
2021-10-08,20.79050636291504,20.83099937438965,21.20599937438965,20.774999618530273,21.10099983215332,151258000
2021-10-11,20.65477752685547,20.69499969482422,21.062999725341797,20.51099967956543,20.575000762939453,163388000
2021-10-12,20.630823135375977,20.67099952697754,21.05699920654297,20.527999877929688,20.827999114990234,162134000
2021-10-13,20.89830207824707,20.93899917602539,20.989999771118164,20.71299934387207,20.917999267578125,180652000
2021-10-14,21.70372772216797,21.746000289916992,21.7549991607666,21.121999740600586,21.288000106811523,243589000
2021-10-15,21.819503784179688,21.86199951171875,21.930999755859375,21.66200065612793,21.809999465942383,226994000
2021-10-18,22.17880630493164,22.222000122070312,22.291000366210938,21.643999099731445,21.749000549316406,189494000
2021-10-19,22.246679306030273,22.290000915527344,22.378999710083008,22.03700065612793,22.275999069213867,161473000
2021-10-20,22.060041427612305,22.10300064086914,22.433000564575195,21.98200035095215,22.30500030517578,146276000
2021-10-21,22.64789390563965,22.691999435424805,22.711000442504883,22.08300018310547,22.097000122070312,187590000
2021-10-22,22.681827545166016,22.72599983215332,23.1299991607666,22.56100082397461,22.822999954223633,249384000
2021-10-25,23.1209716796875,23.166000366210938,23.354999542236328,22.770000457763672,22.972999572753906,230235000
2021-10-26,24.66895866394043,24.716999053955078,25.259000778198242,23.923999786376953,23.98900032043457,485898000
2021-10-27,24.403474807739258,24.451000213623047,25.09000015258789,24.281999588012695,24.474000930786133,245990000
2021-10-28,24.89252471923828,24.94099998474121,24.950000762939453,24.523000717163086,24.878000259399414,234204000
2021-10-29,25.517305374145508,25.566999435424805,25.708999633789062,25.0,25.000999450683594,292503000
2021-11-01,25.77680015563965,25.82699966430664,25.893999099731445,25.226999282836914,25.64900016784668,265740000
2021-11-02,26.34968376159668,26.400999069213867,26.67799949645996,25.799999237060547,25.82200050354004,294112000
2021-11-03,26.546300888061523,26.597999572753906,26.784000396728516,26.235000610351562,26.670000076293945,239910000
2021-11-04,29.743072509765625,29.801000595092773,31.364999771118164,27.118000030517578,27.229000091552734,1153631000
2021-11-05,29.694169998168945,29.75200080871582,31.399999618530273,29.40999984741211,30.187000274658203,851260000
2021-11-08,30.74412727355957,30.804000854492188,31.100000381469727,29.906999588012695,30.14900016784668,503101000
2021-11-09,30.597414016723633,30.656999588012695,32.310001373291016,29.964000701904297,32.28200149536133,646746000
2021-11-10,29.40174102783203,29.458999633789062,30.850000381469727,28.777999877929688,29.356000900268555,636206000
2021-11-11,30.330930709838867,30.389999389648438,30.59000015258789,29.777000427246094,30.468000411987305,332172000
2021-11-12,30.330930709838867,30.389999389648438,30.68000030517578,29.6299991607666,30.010000228881836,413054000
2021-11-15,29.966638565063477,30.024999618530273,30.643999099731445,29.246999740600586,30.552000045776367,384909000
2021-11-16,30.1442928314209,30.202999114990234,30.389999389648438,29.70599937438965,29.759000778198242,264484000
2021-11-17,29.204120635986328,29.26099967956543,30.509000778198242,28.799999237060547,30.417999267578125,428508000
2021-11-18,31.613433837890625,31.674999237060547,32.7599983215332,31.320999145507812,32.367000579833984,781711000
2021-11-19,32.92088317871094,32.98500061035156,33.0880012512207,31.905000686645508,32.24300003051758,533867000
2021-11-22,31.893882751464844,31.95599937438965,34.64699935913086,31.899999618530273,33.516998291015625,754335000
2021-11-23,31.684295654296875,31.746000289916992,32.36000061035156,30.8799991607666,31.53499984741211,532163000
2021-11-24,32.61049270629883,32.67399978637695,32.85499954223633,30.92799949645996,31.461000442504883,435162000
2021-11-26,31.441770553588867,31.503000259399414,32.709999084472656,31.350000381469727,32.599998474121094,283069000
2021-11-29,33.311126708984375,33.375999450683594,33.4119987487793,32.0359992980957,32.36600112915039,454964000
2021-11-30,32.612491607666016,32.67599868774414,33.35300064086914,31.86400032043457,33.16899871826172,622066000
2021-12-01,31.377737045288086,31.434999465942383,33.28900146484375,31.3799991607666,33.21900177001953,484368000
2021-12-02,32.06748580932617,32.125999450683594,32.47800064086914,31.024999618530273,31.214000701904297,472890000
2021-12-03,30.63709259033203,30.69300079345703,32.12900161743164,30.1299991607666,32.0,544325000
2021-12-06,29.982290267944336,30.03700065612793,30.240999221801758,28.038000106811523,29.8799991607666,658938000
2021-12-07,32.36792755126953,32.426998138427734,32.44900131225586,30.650999069213867,30.957000732421875,593053000
2021-12-08,31.76802635192871,31.826000213623047,32.290000915527344,31.42099952697754,31.999000549316406,475551000
2021-12-09,30.434463500976562,30.489999771118164,32.20500183105469,30.42799949645996,31.733999252319336,488507000
2021-12-10,30.14299201965332,30.197999954223633,31.30500030517578,29.861000061035156,31.149999618530273,488825000
2021-12-13,28.109704971313477,28.160999298095703,30.29400062561035,28.115999221801758,30.249000549316406,598344000
2021-12-14,28.285385131835938,28.336999893188477,28.67799949645996,27.25,27.698999404907227,667035000
2021-12-15,30.40351676940918,30.458999633789062,30.5,27.83799934387207,28.399999618530273,698297000
2021-12-16,28.33529281616211,28.386999130249023,31.15999984741211,28.093000411987305,31.152000427246094,707366000
2021-12-17,27.75035858154297,27.801000595092773,28.922000885009766,27.760000228881836,27.985000610351562,713758000
2021-12-20,27.668508529663086,27.7189998626709,28.143999099731445,27.145000457763672,27.30500030517578,461847000
2021-12-21,29.02204132080078,29.075000762939453,29.1200008392334,27.400999069213867,28.374000549316406,524385000
2021-12-22,29.346445083618164,29.399999618530273,29.55500030517578,28.448999404907227,28.891000747680664,395184000
2021-12-23,29.586009979248047,29.639999389648438,30.05900001525879,29.430999755859375,29.7549991607666,343022000
2021-12-27,30.888633728027344,30.94499969482422,31.086999893188477,29.639999389648438,29.65999984741211,403686000
2021-12-28,30.266775131225586,30.32200050354004,31.329999923706055,30.011999130249023,31.312000274658203,420591000
2021-12-29,29.946348190307617,30.000999450683594,30.54800033569336,29.365999221801758,30.273000717163086,343139000
2021-12-30,29.532106399536133,29.586000442504883,30.457000732421875,29.540000915527344,29.82699966430664,308864000
2021-12-31,29.35742950439453,29.410999298095703,30.030000686645508,29.33099937438965,29.673999786376953,266530000
2022-01-03,30.066137313842773,30.121000289916992,30.711000442504883,29.78499984741211,29.815000534057617,391547000
2022-01-04,29.236650466918945,29.290000915527344,30.468000411987305,28.349000930786133,30.277000427246094,527154000
2022-01-05,27.553722381591797,27.604000091552734,29.416000366210938,27.533000946044922,28.948999404907227,498064000
2022-01-06,28.12667465209961,28.17799949645996,28.437999725341797,27.065000534057617,27.639999389648438,454186000
2022-01-07,27.19737434387207,27.246999740600586,28.422000885009766,27.05699920654297,28.141000747680664,409939000
2022-01-10,27.35009002685547,27.399999618530273,27.4689998626709,25.643999099731445,26.58099937438965,594681000
2022-01-11,27.766332626342773,27.816999435424805,28.065000534057617,26.839000701904297,27.322999954223633,404089000
2022-01-12,27.948001861572266,27.999000549316406,28.594999313354492,27.607999801635742,28.066999435424805,383413000
2022-01-13,26.526594161987305,26.575000762939453,28.479999542236328,26.49799919128418,28.378999710083008,540171000
2022-01-14,26.892925262451172,26.941999435424805,27.19700050354004,26.209999084472656,26.299999237060547,395832000
2022-01-18,25.855817794799805,25.902999877929688,26.63800048828125,25.770000457763672,26.260000228881836,424270000
2022-01-19,25.02133560180664,25.066999435424805,26.542999267578125,25.052000045776367,26.07900047302246,488315000
2022-01-20,24.106008529663086,24.149999618530273,25.57900047302246,24.077999114990234,25.304000854492188,435181000
2022-01-21,23.3314266204834,23.374000549316406,24.822999954223633,23.26300048828125,23.506999969482422,718958000
2022-01-24,23.32942771911621,23.371999740600586,23.3799991607666,20.88800048828125,22.329999923706055,913982000
2022-01-25,22.283334732055664,22.323999404907227,22.94300079345703,22.0,22.54599952697754,664616000
2022-01-26,22.73052215576172,22.77199935913086,24.05699920654297,22.299999237060547,23.239999771118164,755959000
2022-01-27,21.90402603149414,21.944000244140625,23.9950008392334,21.674999237060547,23.56800079345703,573353000
2022-01-28,22.79839515686035,22.84000015258789,22.857999801635742,21.29599952697754,22.011999130249023,543774000
2022-01-31,24.441394805908203,24.486000061035156,24.509000778198242,23.052000045776367,23.18199920654297,564680000
2022-02-01,24.59312629699707,24.63800048828125,25.145000457763672,23.889999389648438,25.104000091552734,518925000
2022-02-02,25.196022033691406,25.242000579833984,25.816999435424805,24.55299949645996,25.79400062561035,543419000
2022-02-03,23.904375076293945,23.947999954223633,25.07699966430664,23.780000686645508,24.45800018310547,410178000
2022-02-04,24.274702072143555,24.319000244140625,24.635000228881836,23.631999969482422,23.972000122070312,354829000
2022-02-07,24.682960510253906,24.72800064086914,25.18199920654297,24.20199966430664,24.371999740600586,376868000
2022-02-08,25.062267303466797,25.107999801635742,25.229999542236328,23.979999542236328,24.358999252319336,410359000
2022-02-09,26.656354904174805,26.704999923706055,26.725000381469727,25.35300064086914,25.621999740600586,524282000
2022-02-10,25.776962280273438,25.823999404907227,26.924999237060547,25.600000381469727,25.9950008392334,513200000
2022-02-11,23.905372619628906,23.948999404907227,26.152000427246094,23.773000717163086,25.916000366210938,605472000
2022-02-14,24.22279930114746,24.267000198364258,24.875,23.7549991607666,23.93400001525879,440424000
2022-02-15,26.44673728942871,26.4950008392334,26.545000076293945,24.784000396728516,24.948999404907227,699869000
2022-02-16,26.462711334228516,26.51099967956543,26.582000732421875,25.552000045776367,26.259000778198242,732676000
2022-02-17,24.462356567382812,24.506999969482422,25.78499984741211,24.165000915527344,25.6299991607666,810595000
2022-02-18,23.59893798828125,23.642000198364258,24.986000061035156,23.100000381469727,24.667999267578125,761255000
2022-02-22,23.347394943237305,23.389999389648438,24.06399917602539,23.0,23.03499984741211,633422000
2022-02-23,22.346221923828125,22.386999130249023,24.155000686645508,22.301000595092773,23.802000045776367,566511000
2022-02-24,23.704742431640625,23.74799919128418,23.799999237060547,20.889999389648438,21.014999389648438,735801000
2022-02-25,24.11299705505371,24.156999588012695,24.216999053955078,23.381000518798828,23.72100067138672,528866000
2022-02-28,24.34058380126953,24.385000228881836,24.665000915527344,23.707000732421875,23.992000579833984,477319000
2022-03-01,23.434242248535156,23.476999282836914,24.37700080871582,23.131999969482422,24.291000366210938,412056000
2022-03-02,24.180004119873047,24.219999313354492,24.409000396728516,23.415000915527344,23.756000518798828,389642000
2022-03-03,23.674835205078125,23.714000701904297,24.326000213623047,23.4689998626709,24.261999130249023,365095000
2022-03-04,22.898122787475586,22.93600082397461,23.68000030517578,22.48200035095215,23.384000778198242,431415000
2022-03-07,21.316740036010742,21.351999282836914,23.033000946044922,21.329999923706055,22.816999435424805,450821000
2022-03-08,21.478471755981445,21.513999938964844,22.37299919128418,20.649999618530273,21.30900001525879,557467000
2022-03-09,22.975997924804688,23.013999938964844,23.219999313354492,22.246999740600586,22.386999130249023,492742000
2022-03-10,22.620582580566406,22.658000946044922,22.788000106811523,21.881999969482422,22.5310001373291,428066000
2022-03-11,22.063507080078125,22.100000381469727,23.145000457763672,22.04599952697754,23.02199935913086,367209000
2022-03-14,21.29477310180664,21.329999923706055,22.261999130249023,21.159000396728516,21.868999481201172,385354000
2022-03-15,22.935060501098633,22.972999572753906,23.038000106811523,21.32200050354004,21.51799964904785,491996000
2022-03-16,24.455547332763672,24.496000289916992,24.597000122070312,23.172000885009766,23.5,671422000
2022-03-17,24.725099563598633,24.766000747680664,24.841999053955078,23.9060001373291,24.1200008392334,471941000
2022-03-18,26.409311294555664,26.452999114990234,26.569000244140625,24.624000549316406,24.798999786376953,730719000
2022-03-21,26.689849853515625,26.733999252319336,27.152000427246094,25.966999053955078,26.506999969482422,591727000
2022-03-22,26.480199813842773,26.52400016784668,27.238000869750977,26.07200050354004,26.726999282836914,547007000
2022-03-23,25.591670989990234,25.634000778198242,26.61199951171875,25.575000762939453,26.125999450683594,502120000
2022-03-24,28.103511810302734,28.149999618530273,28.31999969482422,25.906999588012695,26.166000366210938,877379000
2022-03-25,27.64626693725586,27.691999435424805,28.357999801635742,27.270999908447266,27.88599967956543,579016000
2022-03-28,28.17239761352539,28.2189998626709,28.25,27.20599937438965,27.756000518798828,425494000
2022-03-29,28.608673095703125,28.6560001373291,28.945999145507812,27.979999542236328,28.69499969482422,488984000
2022-03-30,27.64427375793457,27.690000534057617,28.496000289916992,27.503000259399414,28.304000854492188,463487000
2022-03-31,27.240936279296875,27.285999298095703,28.24799919128418,27.270000457763672,27.781999588012695,523440000
2022-04-01,26.667888641357422,26.711999893188477,27.496000289916992,26.267000198364258,27.375,517235000
2022-04-04,27.3148193359375,27.360000610351562,27.558000564575195,26.613000869750977,26.72800064086914,397120000
2022-04-05,25.8881778717041,25.930999755859375,27.319000244140625,25.81999969482422,27.253999710083008,436615000
2022-04-06,24.366695404052734,24.406999588012695,25.299999237060547,24.003000259399414,24.93400001525879,703833000
2022-04-07,24.16802215576172,24.20800018310547,24.722000122070312,23.47800064086914,24.44099998474121,557992000
2022-04-08,23.080820083618164,23.118999481201172,23.92300033569336,23.062000274658203,23.91699981689453,524781000
2022-04-11,21.880809783935547,21.91699981689453,22.31999969482422,21.65999984741211,22.214000701904297,575207000
2022-04-12,21.468486785888672,21.503999710083008,22.725000381469727,21.281999588012695,22.53700065612793,662258000
2022-04-13,22.166332244873047,22.202999114990234,22.5,21.454999923706055,21.72800064086914,516943000
2022-04-14,21.222888946533203,21.257999420166016,22.777000427246094,21.163000106811523,22.5049991607666,569097000
2022-04-18,21.74703025817871,21.783000946044922,22.08799934387207,21.07900047302246,21.200000762939453,525701000
2022-04-19,22.161340713500977,22.197999954223633,22.37299919128418,21.31399917602539,21.719999313354492,512781000
2022-04-20,21.446517944335938,21.48200035095215,22.670000076293945,21.200000762939453,22.517000198364258,468974000
2022-04-21,20.149669647216797,20.183000564575195,22.392000198364258,20.0,21.708999633789062,656209000
2022-04-22,19.482772827148438,19.514999389648438,20.486000061035156,19.5,20.30299949645996,624713000
2022-04-25,19.86913299560547,19.902000427246094,19.94499969482422,19.09600067138672,19.20199966430664,641566000
2022-04-26,18.75697135925293,18.788000106811523,19.788000106811523,18.670000076293945,19.718000411987305,653143000
2022-04-27,18.38458824157715,18.415000915527344,19.16699981689453,18.290000915527344,18.597999572753906,499460000
2022-04-28,19.749326705932617,19.781999588012695,20.03700065612793,18.489999771118164,18.966999053955078,570327000
2022-04-29,18.516372680664062,18.547000885009766,20.128000259399414,18.517000198364258,19.402000427246094,500435000
2022-05-02,19.50074005126953,19.533000946044922,19.573999404907227,18.391000747680664,18.541000366210938,572049000
2022-05-03,19.569629669189453,19.601999282836914,19.825000762939453,19.132999420166016,19.399999618530273,475751000
2022-05-04,20.300418853759766,20.333999633789062,20.399999618530273,18.750999450683594,19.92300033569336,648855000
2022-05-05,18.81287956237793,18.8439998626709,19.924999237060547,18.5,19.867000579833984,626331000
2022-05-06,18.64415740966797,18.674999237060547,19.511999130249023,17.989999771118164,18.736000061035156,633297000
2022-05-09,16.922008514404297,16.950000762939453,18.2549991607666,16.82699966430664,18.034000396728516,644455000
2022-05-10,17.565942764282227,17.594999313354492,18.197999954223633,17.024999618530273,17.68899917602539,761474000
2022-05-11,16.602535247802734,16.6299991607666,17.753000259399414,16.56800079345703,17.347000122070312,670167000
2022-05-12,16.14828872680664,16.174999237060547,16.788000106811523,15.567000389099121,16.2189998626709,708728000
2022-05-13,17.676755905151367,17.70599937438965,17.92799949645996,16.593000411987305,16.788000106811523,670437000
2022-05-16,17.23548698425293,17.263999938964844,17.788000106811523,17.106000900268555,17.509000778198242,521446000
2022-05-17,18.14698028564453,18.177000045776367,18.371000289916992,17.634000778198242,18.073999404907227,585830000
2022-05-18,16.910030364990234,16.937999725341797,18.118000030517578,16.86400032043457,17.704999923706055,545161000
2022-05-19,17.095718383789062,17.124000549316406,17.687000274658203,16.733999252319336,16.937000274658203,621310000
2022-05-20,16.66643524169922,16.694000244140625,17.40999984741211,15.755000114440918,17.332000732421875,739105000
2022-05-23,16.870092391967773,16.898000717163086,16.915000915527344,16.179000854492188,16.27400016784668,639889000
2022-05-24,16.127317428588867,16.15399932861328,16.597000122070312,15.779999732971191,16.510000228881836,588550000
2022-05-25,16.94696807861328,16.975000381469727,17.111000061035156,16.0,16.020000457763672,781132000
2022-05-26,17.82151985168457,17.85099983215332,18.091999053955078,16.02199935913086,16.035999298095703,996575000
2022-05-27,18.77993392944336,18.81100082397461,18.881000518798828,18.100000381469727,18.18600082397461,738379000
2022-05-31,18.64116859436035,18.672000885009766,19.200000762939453,18.350000381469727,18.979999542236328,664100000
2022-06-01,18.289749145507812,18.31999969482422,19.05299949645996,18.121999740600586,18.724000930786133,544514000
2022-06-02,19.55964469909668,19.591999053955078,19.618999481201172,18.197999954223633,18.29199981689453,648656000
2022-06-03,18.689083099365234,18.719999313354492,19.332000732421875,18.52199935913086,19.082000732421875,598779000
2022-06-06,18.754972457885742,18.785999298095703,19.336999893188477,18.56399917602539,19.138999938964844,422406000
2022-06-07,18.894744873046875,18.926000595092773,19.0,18.187999725341797,18.472000122070312,388914000
2022-06-08,18.62114143371582,18.648000717163086,19.18000030517578,18.53499984741211,18.798999786376953,363252000
2022-06-09,18.022005081176758,18.04800033569336,18.933000564575195,18.041000366210938,18.481000900268555,395574000
2022-06-10,16.94955062866211,16.974000930786133,17.69700050354004,16.868999481201172,17.600000381469727,465248000
2022-06-13,15.624462127685547,15.647000312805176,16.312000274658203,15.605999946594238,16.0,604153000
2022-06-14,15.813190460205078,15.836000442504883,16.06599998474121,15.411999702453613,15.730999946594238,469680000
2022-06-15,16.50319480895996,16.527000427246094,16.868000030517578,15.925999641418457,16.094999313354492,563936000
2022-06-16,15.57852840423584,15.60099983215332,15.942000389099121,15.401000022888184,15.859999656677246,545749000
2022-06-17,15.857128143310547,15.880000114440918,15.994999885559082,15.32800006866455,15.64799976348877,630334000
2022-06-21,16.542137145996094,16.56599998474121,17.007999420166016,16.406999588012695,16.475000381469727,483089000
2022-06-22,16.336435317993164,16.360000610351562,16.66200065612793,16.18000030517578,16.22599983215332,437135000
2022-06-23,16.201627731323242,16.225000381469727,16.584999084472656,15.852999687194824,16.518999099731445,463680000
2022-06-24,17.101327896118164,17.125999450683594,17.139999389648438,16.309999465942383,16.5,472153000
2022-06-27,16.844701766967773,16.868999481201172,17.329999923706055,16.625999450683594,17.312000274658203,427968000
2022-06-28,15.958978652954102,15.982000350952148,17.20199966430664,15.944999694824219,16.899999618530273,461149000
2022-06-29,15.519613265991211,15.541999816894531,15.819999694824219,15.170000076293945,15.814000129699707,482352000
2022-06-30,15.137165069580078,15.159000396728516,15.567000389099121,14.862000465393066,15.361000061035156,686070000
2022-07-01,14.502080917358398,14.52299976348877,15.062999725341797,14.392000198364258,14.89900016784668,577610000
2022-07-05,14.942444801330566,14.96399974822998,14.970999717712402,14.055000305175781,14.175000190734863,651397000
2022-07-06,15.108207702636719,15.130000114440918,15.319000244140625,14.788999557495117,15.010000228881836,529066000
2022-07-07,15.83515739440918,15.857999801635742,15.944999694824219,15.388999938964844,15.456000328063965,492903000
2022-07-08,15.81518840789795,15.838000297546387,16.03700065612793,15.388999938964844,15.430000305175781,467972000
2022-07-11,15.130176544189453,15.152000427246094,15.527000427246094,15.038000106811523,15.526000022888184,437321000
2022-07-12,15.060275077819824,15.081999778747559,15.430999755859375,14.876999855041504,15.267999649047852,458483000
2022-07-13,15.142156600952148,15.163999557495117,15.375,14.46500015258789,14.59000015258789,521918000
2022-07-14,15.349859237670898,15.371999740600586,15.472999572753906,14.727999687194824,15.107999801635742,456235000
2022-07-15,15.739296913146973,15.76200008392334,15.781999588012695,15.444999694824219,15.659000396728516,385935000
2022-07-18,16.07780647277832,16.10099983215332,16.89699935913086,16.00200080871582,16.302000045776367,670517000
2022-07-19,16.967527389526367,16.992000579833984,17.110000610351562,16.172000885009766,16.486000061035156,702366000
2022-07-20,17.78135108947754,17.80699920654297,17.933000564575195,16.801000595092773,16.94700050354004,760538000
2022-07-21,18.024002075195312,18.049999237060547,18.143999099731445,17.545000076293945,17.885000228881836,557049000
2022-07-22,17.294055938720703,17.319000244140625,17.966999053955078,17.136999130249023,17.89299964904785,536671000
2022-07-25,16.999481201171875,17.02400016784668,17.124000549316406,16.64900016784668,17.018999099731445,480748000
2022-07-26,16.50918960571289,16.533000946044922,16.91900062561035,16.47800064086914,16.888999938964844,397865000
2022-07-27,17.764375686645508,17.790000915527344,17.93600082397461,16.913000106811523,17.031999588012695,569776000
2022-07-28,17.95809555053711,17.983999252319336,18.139999389648438,17.440000534057617,17.975000381469727,474646000
2022-07-29,18.136838912963867,18.163000106811523,18.243999481201172,17.691999435424805,17.812999725341797,435460000
2022-08-01,18.414438247680664,18.44099998474121,18.84600067138672,17.989999771118164,18.18199920654297,476469000
2022-08-02,18.499317169189453,18.525999069213867,18.937999725341797,18.091999053955078,18.121999740600586,489527000
2022-08-03,18.86578941345215,18.89299964904785,18.968000411987305,18.136999130249023,18.18400001525879,418146000
2022-08-04,19.187320709228516,19.21500015258789,19.27400016784668,18.760000228881836,18.849000930786133,409652000
2022-08-05,18.96164894104004,18.98900032043457,19.229000091552734,18.666000366210938,18.809999465942383,386068000
2022-08-08,17.767372131347656,17.792999267578125,18.23900032043457,17.242000579833984,17.50200080871582,981859000
2022-08-09,17.061389923095703,17.086000442504883,17.44700050354004,16.724000930786133,17.25200080871582,668263000
2022-08-10,18.07093620300293,18.097000122070312,18.118000030517578,17.316999435424805,17.697999954223633,597422000
2022-08-11,17.916154861450195,17.941999435424805,18.707000732421875,17.875999450683594,18.131000518798828,509327000
2022-08-12,18.68204689025879,18.708999633789062,18.718000411987305,17.952999114990234,18.15999984741211,478094000
2022-08-15,19.004587173461914,19.031999588012695,19.163999557495117,18.613000869750977,18.701000213623047,457666000
2022-08-16,18.851806640625,18.878999710083008,19.142000198364258,18.500999450683594,18.920000076293945,451240000
2022-08-17,18.30859375,18.334999084472656,18.687999725341797,18.145000457763672,18.523000717163086,446799000
2022-08-18,18.745962142944336,18.773000717163086,18.864999771118164,18.183000564575195,18.301000595092773,415447000
2022-08-19,17.82328987121582,17.849000930786133,18.520000457763672,17.770000457763672,18.4060001373291,441588000
2022-08-22,17.009464263916016,17.034000396728516,17.558000564575195,16.965999603271484,17.489999771118164,409593000
2022-08-23,17.15625,17.180999755859375,17.46500015258789,16.969999313354492,16.98900032043457,369986000
2022-08-24,17.19719123840332,17.222000122070312,17.4060001373291,16.895000457763672,17.011999130249023,522661000
2022-08-25,17.887197494506836,17.913000106811523,17.94700050354004,16.83300018310547,16.8439998626709,770691000
2022-08-26,16.23657989501953,16.260000228881836,17.923999786376953,16.23699951171875,17.85700035095215,769127000
2022-08-29,15.778239250183105,15.800999641418457,16.33799934387207,15.767000198364258,16.020000457763672,496132000
2022-08-30,15.445720672607422,15.468000411987305,16.038999557495117,15.182000160217285,15.960000038146973,530181000
2022-08-31,15.072259902954102,15.093999862670898,15.539999961853027,14.958999633789062,15.383999824523926,573710000
2022-09-01,13.916925430297852,13.937000274658203,14.380000114440918,13.270000457763672,14.208999633789062,1178865000
2022-09-02,13.627342224121094,13.647000312805176,14.170999526977539,13.590999603271484,14.100000381469727,743157000
2022-09-06,13.445606231689453,13.46500015258789,13.779000282287598,13.35099983215332,13.730999946594238,535751000
2022-09-07,13.698315620422363,13.71399974822998,13.838000297546387,13.345999717712402,13.562999725341797,512657000
2022-09-08,13.973999977111816,13.989999771118164,14.008000373840332,13.369000434875488,13.458999633789062,624873000
2022-09-09,14.3705472946167,14.38700008392334,14.473999977111816,14.12600040435791,14.156999588012695,486612000
2022-09-12,14.488409996032715,14.505000114440918,14.54699993133545,14.197999954223633,14.369000434875488,484159000
2022-09-13,13.115982055664062,13.130999565124512,13.92199993133545,13.098999977111816,13.802000045776367,714956000
2022-09-14,13.112988471984863,13.128000259399414,13.289999961853027,12.913000106811523,13.253999710083008,588507000
2022-09-15,12.914213180541992,12.928999900817871,13.232999801635742,12.789999961853027,13.015000343322754,523625000
2022-09-16,13.182904243469238,13.197999954223633,13.211999893188477,12.616999626159668,12.741999626159668,670751000
2022-09-19,13.366694450378418,13.381999969482422,13.463000297546387,13.010000228881836,13.01200008392334,569685000
2022-09-20,13.160929679870605,13.175999641418457,13.482999801635742,13.057000160217285,13.21500015258789,524818000
2022-09-21,13.245833396911621,13.26099967956543,14.031000137329102,13.109999656677246,13.213000297546387,807679000
2022-09-22,12.546634674072266,12.560999870300293,13.14900016784668,12.428000450134277,13.069999694824219,759162000
2022-09-23,12.501686096191406,12.515999794006348,12.611000061035156,12.256999969482422,12.420000076293945,663309000
2022-09-26,12.214015007019043,12.227999687194824,12.659000396728516,12.21399974822998,12.491000175476074,547343000
2022-09-27,12.398804664611816,12.413000106811523,12.736000061035156,12.258000373840332,12.506999969482422,553854000
2022-09-28,12.721434593200684,12.736000061035156,12.822999954223633,12.354000091552734,12.40999984741211,542414000
2022-09-29,12.206024169921875,12.220000267028809,12.5,11.946000099182129,12.447999954223633,532763000
2022-09-30,12.125117301940918,12.138999938964844,12.633000373840332,12.074999809265137,12.086999893188477,565638000
2022-10-03,12.49769115447998,12.51200008392334,12.678000450134277,12.104999542236328,12.347000122070312,547478000
2022-10-04,13.151942253112793,13.166999816894531,13.220000267028809,12.878999710083008,12.878999710083008,584182000
2022-10-05,13.193893432617188,13.208999633789062,13.321000099182129,12.621000289916992,12.91100025177002,507131000
2022-10-06,13.114983558654785,13.130000114440918,13.656000137329102,13.102999687194824,13.220000267028809,644157000
2022-10-07,12.062190055847168,12.076000213623047,12.670000076293945,12.022000312805176,12.505000114440918,672478000
2022-10-10,11.656654357910156,11.670000076293945,12.12399959564209,11.407999992370605,12.036999702453613,698699000
2022-10-11,11.572750091552734,11.586000442504883,11.845999717712402,11.282999992370605,11.560999870300293,667482000
2022-10-12,11.486848831176758,11.5,11.734999656677246,11.345000267028809,11.579000473022461,492590000
2022-10-13,11.946321487426758,11.960000038146973,12.07800006866455,10.812999725341797,10.970999717712402,850103000
2022-10-14,11.214159965515137,11.22700023651123,12.111000061035156,11.204000473022461,12.057000160217285,713432000
2022-10-17,11.87440299987793,11.887999534606934,11.947999954223633,11.517000198364258,11.517999649047852,580774000
2022-10-18,11.953313827514648,11.967000007629395,12.491999626159668,11.618000030517578,12.343999862670898,659362000
2022-10-19,12.03721809387207,12.050999641418457,12.350000381469727,11.833999633789062,11.878999710083008,523131000
2022-10-20,12.180054664611816,12.194000244140625,12.769000053405762,12.104999542236328,12.11299991607666,652398000
2022-10-21,12.451743125915527,12.465999603271484,12.498000144958496,11.88700008392334,12.097999572753906,609494000
2022-10-24,12.58459186553955,12.598999977111816,12.710000038146973,12.064000129699707,12.508000373840332,517457000
2022-10-25,13.245833396911621,13.26099967956543,13.300000190734863,12.663999557495117,12.694000244140625,505482000
2022-10-26,12.88124942779541,12.895999908447266,13.387999534606934,12.708000183105469,12.869000434875488,532953000
2022-10-27,13.160929679870605,13.175999641418457,13.838000297546387,13.121999740600586,13.630000114440918,583113000
2022-10-28,13.818177223205566,13.833999633789062,13.850000381469727,13.060999870300293,13.104000091552734,521040000
2022-10-31,13.48156452178955,13.496999740600586,13.838000297546387,13.29699993133545,13.777999877929688,486341000
2022-11-01,13.527512550354004,13.543000221252441,13.925000190734863,13.519000053405762,13.810999870300293,432817000
2022-11-02,13.203882217407227,13.218999862670898,14.210000038146973,13.211000442504883,13.850000381469727,672628000
2022-11-03,13.40565013885498,13.420999526977539,13.781000137329102,12.956000328063965,13.043000221252441,500065000
2022-11-04,14.139808654785156,14.156000137329102,14.229000091552734,13.696999549865723,13.986000061035156,612576000
2022-11-07,14.284645080566406,14.300999641418457,14.411999702453613,13.954000473022461,14.227999687194824,410061000
2022-11-08,14.58530044555664,14.60200023651123,14.890999794006348,14.215999603271484,14.800999641418457,595292000
2022-11-09,13.760245323181152,13.776000022888184,14.211000442504883,13.758999824523926,14.161999702453613,454414000
2022-11-10,15.731986999511719,15.75,15.77299976348877,14.54699993133545,14.800000190734863,700819000
2022-11-11,16.30832862854004,16.32699966430664,16.388999938964844,15.482000350952148,15.807000160217285,655487000
2022-11-14,16.276365280151367,16.295000076293945,16.540000915527344,15.92199993133545,16.218000411987305,527852000
2022-11-15,16.646942138671875,16.666000366210938,16.99799919128418,16.381999969482422,16.722000122070312,545876000
2022-11-16,15.891804695129395,15.90999984741211,16.36199951171875,15.873000144958496,16.16200065612793,649547000
2022-11-17,15.659070014953613,15.677000045776367,16.266000747680664,15.53499984741211,15.71500015258789,710894000
2022-11-18,15.391378402709961,15.409000396728516,16.00200080871582,15.119999885559082,15.965999603271484,492072000
2022-11-21,15.299480438232422,15.317000389099121,15.47700023651123,15.079999923706055,15.147000312805176,404739000
2022-11-22,16.019655227661133,16.038000106811523,16.058000564575195,15.121999740600586,15.32800006866455,472866000
2022-11-23,16.500104904174805,16.518999099731445,16.527000427246094,16.04800033569336,16.097999572753906,427241000
2022-11-25,16.25139045715332,16.270000457763672,16.48699951171875,16.172000885009766,16.31800079345703,167934000
2022-11-28,15.80889892578125,15.82699966430664,16.35700035095215,15.725000381469727,16.025999069213867,303741000
2022-11-29,15.621113777160645,15.638999938964844,15.932000160217285,15.520000457763672,15.82699966430664,298384000
2022-11-30,16.907970428466797,16.92300033569336,16.93000030517578,15.597000122070312,15.696999549865723,565298000
2022-12-01,17.119783401489258,17.135000228881836,17.264999389648438,16.635000228881836,16.999000549316406,470977000
2022-12-02,16.861013412475586,16.875999450683594,16.933000564575195,16.44499969482422,16.659000396728516,371389000
2022-12-05,16.59524917602539,16.610000610351562,16.9950008392334,16.472000122070312,16.679000854492188,352255000
2022-12-06,15.972801208496094,15.987000465393066,16.572999954223633,15.819000244140625,16.530000686645508,352694000
2022-12-07,16.105682373046875,16.1200008392334,16.18600082397461,15.666999816894531,15.772000312805176,372388000
2022-12-08,17.15375328063965,17.16900062561035,17.179000854492188,15.958999633789062,16.273000717163086,515456000
2022-12-09,16.98590087890625,17.000999450683594,17.58300018310547,16.975000381469727,17.15999984741211,465338000
2022-12-12,17.519428253173828,17.53499984741211,17.538000106811523,16.797000885009766,17.03700065612793,457328000
2022-12-13,18.05594825744629,18.07200050354004,18.790000915527344,17.711000442504883,18.5310001373291,656589000
2022-12-14,17.65830421447754,17.673999786376953,18.25200080871582,17.420000076293945,17.98699951171875,496888000
2022-12-15,16.93694305419922,16.95199966430664,17.31999969482422,16.700000762939453,17.145999908447266,478542000
2022-12-16,16.55628204345703,16.570999145507812,17.041000366210938,16.40999984741211,16.86400032043457,478232000
2022-12-19,16.239566802978516,16.253999710083008,16.608999252319336,16.145000457763672,16.57200050354004,354039000
2022-12-20,16.070716857910156,16.084999084472656,16.309999465942383,15.85200023651123,16.06399917602539,403260000
2022-12-21,16.486345291137695,16.500999450683594,16.62700080871582,16.101999282836914,16.11400032043457,325025000
2022-12-22,15.325376510620117,15.33899974822998,16.13800048828125,14.881999969482422,16.0939998626709,565045000
2022-12-23,15.192493438720703,15.206000328063965,15.33899974822998,14.883000373840332,15.196000099182129,349326000
2022-12-27,14.10845947265625,14.121000289916992,15.100000381469727,14.055999755859375,15.074000358581543,464902000
2022-12-28,14.02353286743164,14.03600025177002,14.26200008392334,13.883999824523926,13.927000045776367,351066000
2022-12-29,14.5900297164917,14.602999687194824,14.682999610900879,14.22700023651123,14.402000427246094,354923000
2022-12-30,14.601020812988281,14.61400032043457,14.628999710083008,14.232999801635742,14.333999633789062,310490000
2023-01-03,14.302285194396973,14.3149995803833,14.996000289916992,14.095999717712402,14.85099983215332,401277000
2023-01-04,14.735899925231934,14.74899959564209,14.852999687194824,14.241000175476074,14.567000389099121,431324000
2023-01-05,14.252331733703613,14.265000343322754,14.564000129699707,14.14799976348877,14.491000175476074,389168000
2023-01-06,14.845803260803223,14.859000205993652,15.010000228881836,14.034000396728516,14.473999977111816,405044000
2023-01-09,15.614121437072754,15.628000259399414,16.055999755859375,15.140999794006348,15.284000396728516,504231000
2023-01-10,15.894871711730957,15.909000396728516,15.961999893188477,15.472000122070312,15.506999969482422,384101000
2023-01-11,15.98678970336914,16.000999450683594,16.027999877929688,15.562999725341797,15.84000015258789,353285000
2023-01-12,16.496334075927734,16.51099967956543,16.636999130249023,15.491999626159668,16.100000381469727,551409000
2023-01-13,16.883995056152344,16.89900016784668,16.922000885009766,16.165000915527344,16.277999877929688,447287000
2023-01-17,17.686279296875,17.70199966430664,17.72800064086914,16.89900016784668,16.89900016784668,511102000
2023-01-18,17.361568450927734,17.37700080871582,17.87299919128418,17.281999588012695,17.66699981689453,439624000
2023-01-19,16.750110626220703,16.764999389648438,17.19700050354004,16.731000900268555,17.035999298095703,452932000
2023-01-20,17.823156356811523,17.839000701904297,17.856000900268555,16.825000762939453,17.01099967956543,564967000
2023-01-23,19.17595672607422,19.19300079345703,19.2450008392334,17.81800079345703,18.06399917602539,655163000
2023-01-24,19.247892379760742,19.264999389648438,19.4950008392334,18.81999969482422,18.82699966430664,496204000
2023-01-25,19.30584144592285,19.322999954223633,19.3700008392334,18.579999923706055,18.913000106811523,449537000
2023-01-26,19.784412384033203,19.802000045776367,20.166000366210938,19.277999877929688,19.701000213623047,489535000
2023-01-27,20.346914291381836,20.364999771118164,20.628000259399414,19.405000686645508,19.461999893188477,542142000
2023-01-30,19.144983291625977,19.16200065612793,20.139999389648438,19.149999618530273,19.950000762939453,488611000
2023-01-31,19.5196475982666,19.53700065612793,19.687000274658203,18.950000762939453,19.170000076293945,498017000
2023-02-01,20.924400329589844,20.94300079345703,21.191999435424805,19.611000061035156,19.69099998474121,660477000
2023-02-02,21.689720153808594,21.708999633789062,21.948999404907227,20.700000762939453,21.0,564276000
2023-02-03,21.081260681152344,21.100000381469727,21.7450008392334,20.788999557495117,21.0,429366000
2023-02-06,21.070274353027344,21.089000701904297,21.56999969482422,20.785999298095703,20.805999755859375,452197000
2023-02-07,22.15330696105957,22.17300033569336,22.259000778198242,21.149999618530273,21.381999969482422,664150000
2023-02-08,22.18528175354004,22.204999923706055,22.878000259399414,22.007999420166016,22.386999130249023,559651000
2023-02-09,22.31715965270996,22.336999893188477,23.020000457763672,22.1200008392334,22.606000900268555,523876000
2023-02-10,21.246110916137695,21.264999389648438,22.077999114990234,20.81100082397461,21.690000534057617,550737000
2023-02-13,21.768651962280273,21.788000106811523,22.04800033569336,20.961999893188477,21.538000106811523,474919000
2023-02-14,22.950599670410156,22.97100067138672,23.048999786376953,21.365999221801758,21.577999114990234,675474000
2023-02-15,22.743785858154297,22.763999938964844,22.854999542236328,22.106000900268555,22.548999786376953,420575000
2023-02-16,21.982458114624023,22.00200080871582,22.549999237060547,21.927000045776367,22.132999420166016,412026000
2023-02-17,21.36900520324707,21.38800048828125,21.739999771118164,20.975000381469727,21.631000518798828,465888000
2023-02-21,20.63665771484375,20.655000686645508,21.493999481201172,20.618000030517578,21.0,410015000
2023-02-22,20.735567092895508,20.753999710083008,21.104000091552734,20.42099952697754,20.707000732421875,513184000
2023-02-23,23.64298439025879,23.663999557495117,23.88800048828125,23.024999618530273,23.440000534057617,1117995000
2023-02-24,23.26531982421875,23.285999298095703,23.474000930786133,22.94700050354004,23.225000381469727,589716000
2023-02-27,23.480125427246094,23.500999450683594,23.8799991607666,23.45400047302246,23.670000076293945,452994000
2023-02-28,23.19538116455078,23.215999603271484,23.825000762939453,23.20599937438965,23.371999740600586,455963000
2023-03-01,22.677839279174805,22.697999954223633,23.256000518798828,22.507999420166016,23.191999435424805,460026000
2023-03-02,23.29329490661621,23.31399917602539,23.3799991607666,22.43199920654297,22.488000869750977,389415000
2023-03-03,23.868783950805664,23.889999389648438,23.899999618530273,23.1299991607666,23.31999969482422,412393000
2023-03-06,23.5330810546875,23.554000854492188,24.24799919128418,23.48699951171875,23.891000747680664,437429000
2023-03-07,23.271270751953125,23.288000106811523,24.125,23.240999221801758,23.600000381469727,515154000
2023-03-08,24.163625717163086,24.180999755859375,24.200000762939453,23.423999786376953,23.48699951171875,513573000
2023-03-09,23.419160842895508,23.43600082397461,24.45400047302246,23.382999420166016,24.174999237060547,501257000
2023-03-10,22.948501586914062,22.96500015258789,23.62700080871582,22.72599983215332,23.409000396728516,474866000
2023-03-13,22.949501037597656,22.965999603271484,23.29800033569336,22.297000885009766,22.75200080871582,421890000
2023-03-14,24.045711517333984,24.062999725341797,24.2189998626709,23.459999084472656,23.496000289916992,474910000
2023-03-15,24.210594177246094,24.22800064086914,24.285999298095703,23.360000610351562,23.76099967956543,524486000
2023-03-16,25.52265167236328,25.541000366210938,25.58799934387207,23.893999099731445,24.027000427246094,583253000
2023-03-17,25.70652198791504,25.725000381469727,26.39900016784668,25.667999267578125,25.98200035095215,848547000
2023-03-20,25.881391525268555,25.899999618530273,26.02400016784668,25.1299991607666,25.614999771118164,432747000
2023-03-21,26.180177688598633,26.198999404907227,26.392000198364258,25.381000518798828,26.18000030517578,547408000
2023-03-22,26.448984146118164,26.468000411987305,27.589000701904297,26.23699951171875,26.424999237060547,797295000
2023-03-23,27.171464920043945,27.19099998474121,27.499000549316406,26.690000534057617,27.114999771118164,564889000
2023-03-24,26.7597599029541,26.77899932861328,27.16699981689453,26.354999542236328,27.0310001373291,454920000
2023-03-27,26.511940002441406,26.5310001373291,27.0,26.364999771118164,26.836999893188477,361026000
2023-03-28,26.39102554321289,26.40999984741211,26.51300048828125,25.850000381469727,26.44700050354004,356104000
2023-03-29,26.96461296081543,26.983999252319336,27.077999114990234,26.597000122070312,26.825000762939453,393694000
2023-03-30,27.363327026367188,27.382999420166016,27.499000549316406,27.101999282836914,27.229000091552734,364516000
2023-03-31,27.757043838500977,27.777000427246094,27.833999633789062,27.104999542236328,27.139999389648438,433933000
2023-04-03,27.94491195678711,27.96500015258789,28.0,27.336000442504883,27.509000778198242,398716000
2023-04-04,27.433277130126953,27.452999114990234,28.0,27.30699920654297,27.965999603271484,368592000
2023-04-05,26.8616886138916,26.881000518798828,26.99799919128418,26.395000457763672,26.82900047302246,515015000
2023-04-06,27.017574310302734,27.03700065612793,27.079999923706055,26.427000045776367,26.583999633789062,397654000
2023-04-10,27.559186935424805,27.57900047302246,27.621000289916992,26.66900062561035,26.822999954223633,395279000
2023-04-11,27.14948081970215,27.16900062561035,27.790000915527344,27.125999450683594,27.724000930786133,314378000
2023-04-12,26.475967407226562,26.4950008392334,27.468000411987305,26.447999954223633,27.3700008392334,446259000
2023-04-13,26.443988800048828,26.46299934387207,26.886999130249023,26.32900047302246,26.733999252319336,353615000
2023-04-14,26.738773345947266,26.757999420166016,26.882999420166016,26.219999313354492,26.503999710083008,395660000
2023-04-17,26.98259925842285,27.00200080871582,27.006000518798828,26.433000564575195,26.565000534057617,321471000
2023-04-18,27.64712142944336,27.66699981689453,28.110000610351562,27.35700035095215,27.533000946044922,604812000
2023-04-19,27.910932540893555,27.930999755859375,28.0,27.23200035095215,27.361000061035156,358660000
2023-04-20,27.084529876708984,27.104000091552734,28.030000686645508,27.0,27.67099952697754,427713000
2023-04-21,27.099515914916992,27.118999481201172,27.183000564575195,26.722000122070312,26.95199966430664,345103000
2023-04-24,27.02256965637207,27.04199981689453,27.365999221801758,26.67099952697754,27.01300048828125,339282000
2023-04-25,26.22214698791504,26.240999221801758,27.246999740600586,26.225000381469727,27.077999114990234,378527000
2023-04-26,26.93663215637207,26.95599937438965,27.329999923706055,26.704999923706055,27.00200080871582,406337000
2023-04-27,27.206439971923828,27.22599983215332,27.4950008392334,26.625,27.363000869750977,377161000
2023-04-28,27.72906494140625,27.749000549316406,27.757999420166016,27.070999145507812,27.225000381469727,292216000
2023-05-01,28.889230728149414,28.90999984741211,29.058000564575195,27.780000686645508,27.84000015258789,570329000
2023-05-02,28.18973159790039,28.209999084472656,28.836000442504883,28.08300018310547,28.68000030517578,402730000
2023-05-03,27.782028198242188,27.802000045776367,28.367000579833984,27.472000122070312,27.84000015258789,383387000
2023-05-04,27.542198181152344,27.562000274658203,27.858999252319336,27.239999771118164,27.650999069213867,321850000
2023-05-05,28.65939712524414,28.68000030517578,28.7549991607666,27.731000900268555,27.826000213623047,361494000
2023-05-08,29.130056381225586,29.150999069213867,29.219999313354492,28.350000381469727,28.52199935913086,344979000
2023-05-09,28.550474166870117,28.570999145507812,28.972999572753906,28.450000762939453,28.89900016784668,314869000
2023-05-10,28.86425018310547,28.885000228881836,29.113000869750977,28.461000442504883,29.0049991607666,369350000
2023-05-11,28.55746841430664,28.577999114990234,28.950000762939453,28.246000289916992,28.895999908447266,322149000
2023-05-12,28.319639205932617,28.34000015258789,28.780000686645508,28.04599952697754,28.52899932861328,274222000
2023-05-15,28.93219757080078,28.952999114990234,28.9689998626709,28.152000427246094,28.507999420166016,293926000
2023-05-16,29.192012786865234,29.21299934387207,29.8700008392334,28.832000732421875,28.840999603271484,449405000
2023-05-17,30.15631866455078,30.17799949645996,30.198999404907227,29.43000030517578,29.583999633789062,432535000
2023-05-18,31.655242919921875,31.67799949645996,31.827999114990234,30.31999969482422,30.40999984741211,748725000
2023-05-19,31.241540908813477,31.263999938964844,31.579999923706055,30.916000366210938,31.535999298095703,473908000
2023-05-22,31.153602600097656,31.176000595092773,31.520000457763672,30.68000030517578,30.900999069213867,372000000
2023-05-23,30.665950775146484,30.687999725341797,31.288000106811523,30.631000518798828,31.0,356253000
2023-05-24,30.516063690185547,30.538000106811523,30.60700035095215,29.805999755859375,30.209999084472656,721419000
2023-05-25,37.95271301269531,37.97999954223633,39.47999954223633,36.6349983215332,38.52299880981445,1543911000
2023-05-26,38.91801834106445,38.94599914550781,39.16999816894531,37.54999923706055,37.88999938964844,714397000
2023-05-30,40.08218002319336,40.111000061035156,41.9379997253418,39.94900131225586,40.595001220703125,923401000
2023-05-31,37.80681610107422,37.83399963378906,40.29499816894531,37.821998596191406,39.487998962402344,1002580000
2023-06-01,39.741424560546875,39.77000045776367,40.04999923706055,38.34000015258789,38.48899841308594,635873000
2023-06-02,39.298744201660156,39.32699966430664,40.5,39.05799865722656,40.09700012207031,482731000
2023-06-05,39.14286422729492,39.17100143432617,39.564998626708984,38.707000732421875,38.909000396728516,396094000
2023-06-06,38.6262321472168,38.65399932861328,39.15999984741211,38.14799880981445,38.83000183105469,388729000
2023-06-07,37.45195388793945,37.474998474121094,39.499000549316406,37.35599899291992,38.915000915527344,511998000
2023-06-08,38.4863166809082,38.5099983215332,38.86399841308594,37.505001068115234,37.7239990234375,417772000
2023-06-09,38.74615478515625,38.77000045776367,39.71099853515625,38.56700134277344,39.0369987487793,427717000
2023-06-12,39.45771408081055,39.481998443603516,39.529998779296875,38.61800003051758,39.20000076293945,388701000
2023-06-13,40.996768951416016,41.02199935913086,41.10100173950195,39.7400016784668,40.18600082397461,613208000
2023-06-14,42.970558166503906,42.99700164794922,43.0,40.551998138427734,40.82400131225586,740465000
2023-06-15,42.62677001953125,42.65299987792969,43.28900146484375,42.14699935913086,42.60200119018555,568622000
2023-06-16,42.665740966796875,42.69200134277344,43.72100067138672,42.6609992980957,43.45000076293945,655709000
2023-06-20,43.78105926513672,43.80799865722656,43.9900016784668,42.67399978637695,42.99800109863281,451153000
2023-06-21,43.018524169921875,43.04499816894531,43.6150016784668,42.08000183105469,43.500999450683594,551603000
2023-06-22,42.998538970947266,43.025001525878906,43.42599868774414,42.23400115966797,42.25299835205078,417737000
2023-06-23,42.183048248291016,42.20899963378906,42.808998107910156,42.01499938964844,42.4640007019043,358140000
2023-06-26,40.60701370239258,40.63199996948242,42.763999938964844,40.099998474121094,42.46099853515625,594322000
2023-06-27,41.85024642944336,41.875999450683594,41.939998626708984,40.448001861572266,40.79899978637695,462175000
2023-06-28,41.091712951660156,41.117000579833984,41.845001220703125,40.518001556396484,40.65999984741211,582639000
2023-06-29,40.79689407348633,40.821998596191406,41.599998474121094,40.599998474121094,41.55799865722656,380514000
2023-06-30,42.27598190307617,42.301998138427734,42.54999923706055,41.500999450683594,41.68000030517578,501148000
2023-07-03,42.38691711425781,42.41299819946289,42.89799880981445,42.20199966430664,42.516998291015625,198209000
2023-07-05,42.290977478027344,42.31700134277344,43.176998138427734,42.084999084472656,42.1349983215332,323618000
2023-07-06,42.077110290527344,42.10300064086914,42.17900085449219,41.34600067138672,41.84400177001953,303582000
2023-07-07,42.47686004638672,42.50299835205078,43.2140007019043,42.18000030517578,42.321998596191406,355881000
2023-07-10,42.154056549072266,42.18000030517578,42.81100082397461,41.64899826049805,42.65700149536133,353908000
2023-07-11,42.3789176940918,42.404998779296875,42.757999420166016,42.06700134277344,42.48099899291992,298244000
2023-07-12,43.875,43.902000427246094,43.935001373291016,42.777000427246094,43.03300094604492,481277000
2023-07-13,45.94873046875,45.97700119018555,46.154998779296875,44.492000579833984,44.518001556396484,478204000
2023-07-14,45.4410400390625,45.46900177001953,48.0880012512207,45.060001373291016,46.58300018310547,772075000
2023-07-17,46.43242263793945,46.46099853515625,46.49599838256836,45.262001037597656,46.28900146484375,510488000
2023-07-18,47.46479034423828,47.49399948120117,47.895999908447266,45.73400115966797,46.70100021362305,569164000
2023-07-19,47.04804611206055,47.07699966430664,47.81800079345703,46.742000579833984,47.4640007019043,427502000
2023-07-20,45.49200439453125,45.52000045776367,47.08700180053711,45.0620002746582,46.50699996948242,537865000
2023-07-21,44.2817497253418,44.308998107910156,45.86600112915039,44.099998474121094,45.78799819946289,963769000
2023-07-24,44.584564208984375,44.61199951171875,45.10900115966797,44.040000915527344,44.73099899291992,382516000
2023-07-25,45.65091323852539,45.67900085449219,46.18299865722656,44.92300033569336,44.941001892089844,348081000
2023-07-26,45.42404556274414,45.45199966430664,46.053001403808594,44.630001068115234,46.020999908447266,364237000
2023-07-27,45.87177276611328,45.900001525878906,47.39500045776367,45.75,46.51900100708008,455976000
2023-07-28,46.721248626708984,46.75,47.027000427246094,46.38100051879883,46.667999267578125,331194000
2023-07-31,46.700260162353516,46.729000091552734,47.130001068115234,46.50600051879883,46.75400161743164,251055000
2023-08-01,46.4783935546875,46.50699996948242,46.900001525878906,46.027000427246094,46.459999084472656,237858000
2023-08-02,44.24176788330078,44.26900100708008,45.84000015258789,43.387001037597656,45.83100128173828,530142000
2023-08-03,44.48762130737305,44.51499938964844,45.11800003051758,43.79999923706055,43.79999923706055,324176000
2023-08-04,44.652523040771484,44.68000030517578,45.641998291015625,44.393001556396484,44.98500061035156,362666000
2023-08-07,45.38907241821289,45.41699981689453,45.540000915527344,44.5629997253418,45.111000061035156,322154000
2023-08-08,44.636531829833984,44.66400146484375,45.242000579833984,44.055999755859375,44.85300064086914,353843000
2023-08-09,42.527828216552734,42.55400085449219,44.3120002746582,42.13399887084961,44.27399826049805,586449000
2023-08-10,42.36193084716797,42.38800048828125,43.57400131225586,41.834999084472656,42.15999984741211,492705000
2023-08-11,40.829872131347656,40.85499954223633,42.018001556396484,40.638999938964844,41.750999450683594,533085000
2023-08-14,43.72608947753906,43.75299835205078,43.79999923706055,40.31100082397461,40.486000061035156,690286000
2023-08-15,43.9129753112793,43.939998626708984,45.268001556396484,43.709999084472656,44.560001373291016,676512000
2023-08-16,43.459259033203125,43.486000061035156,44.67499923706055,43.40599822998047,44.52000045776367,527451000
2023-08-17,43.31733703613281,43.34400177001953,44.0620002746582,43.000999450683594,43.970001220703125,452395000
2023-08-18,43.27236557006836,43.29899978637695,43.577999114990234,41.65999984741211,42.6349983215332,583768000
2023-08-21,46.938114166259766,46.96699905395508,47.064998626708984,44.22200012207031,44.49399948120117,692573000
2023-08-22,45.63991165161133,45.667999267578125,48.1870002746582,45.33300018310547,48.1349983215332,755293000
2023-08-23,47.08702087402344,47.11600112915039,47.20000076293945,45.20800018310547,45.86600112915039,779046000
2023-08-24,47.13399124145508,47.16299819946289,50.26599884033203,47.159000396728516,50.215999603271484,1156044000
2023-08-25,45.98970031738281,46.018001556396484,47.80500030517578,45.02399826049805,47.012001037597656,925341000
2023-08-28,46.80619430541992,46.834999084472656,46.97999954223633,44.88800048828125,46.481998443603516,685192000
2023-08-29,48.75399398803711,48.784000396728516,49.08100128173828,46.39099884033203,46.66600036621094,701397000
2023-08-30,49.23370361328125,49.263999938964844,49.926998138427734,48.42499923706055,49.04399871826172,735206000
2023-08-31,49.32464599609375,49.35499954223633,49.74399948120117,48.95800018310547,49.380001068115234,528570000
2023-09-01,48.479164123535156,48.50899887084961,49.79999923706055,48.141998291015625,49.762001037597656,463830000
2023-09-05,48.51813888549805,48.54800033569336,48.85100173950195,47.86000061035156,48.222999572753906,382653000
2023-09-06,47.03593444824219,47.06100082397461,48.54899978637695,46.58000183105469,48.441001892089844,468670000
2023-09-07,46.21636962890625,46.24100112915039,46.34400177001953,45.152000427246094,45.525001525878906,433330000
2023-09-08,45.547725677490234,45.571998596191406,46.60599899291992,45.270999908447266,45.94200134277344,473069000
2023-09-11,45.15393829345703,45.178001403808594,46.16299819946289,44.3120002746582,46.14799880981445,473966000
2023-09-12,44.846092224121094,44.869998931884766,45.67300033569336,44.53099822998047,44.737998962402344,349256000
2023-09-13,45.46076965332031,45.48500061035156,45.93000030517578,44.50299835205078,44.599998474121094,398355000
2023-09-14,45.55672073364258,45.58100128173828,45.98699951171875,45.13100051879883,45.95000076293945,370097000
2023-09-15,43.876617431640625,43.900001525878906,45.5989990234375,43.80799865722656,45.340999603271484,506831000
2023-09-18,43.94258117675781,43.965999603271484,44.242000579833984,42.0,42.74800109863281,500271000
2023-09-19,43.4968147277832,43.52000045776367,43.965999603271484,43.00199890136719,43.83300018310547,373064000
2023-09-20,42.21649932861328,42.23899841308594,43.90299987792969,42.222999572753906,43.599998474121094,367108000
2023-09-21,40.99514389038086,41.016998291015625,42.099998474121094,40.97999954223633,41.58300018310547,450736000
2023-09-22,41.587833404541016,41.61000061035156,42.1150016784668,41.23099899291992,41.571998596191406,479236000
2023-09-25,42.19950485229492,42.22200012207031,42.5359992980957,41.176998138427734,41.590999603271484,419091000
2023-09-26,41.888671875,41.9109992980957,42.81999969482422,41.654998779296875,42.000999450683594,402282000
2023-09-27,42.445377349853516,42.46799850463867,42.87200164794922,41.62900161743164,42.33000183105469,444935000
2023-09-28,43.06604766845703,43.0890007019043,43.44599914550781,42.1150016784668,42.459999084472656,424663000
2023-09-29,43.475830078125,43.499000549316406,44.14400100708008,43.30699920654297,43.82699966430664,397830000
2023-10-02,44.758148193359375,44.78200149536133,45.17499923706055,43.861000061035156,44.029998779296875,433298000
2023-10-03,43.493812561035156,43.516998291015625,45.130001068115234,43.24599838256836,44.80799865722656,470850000
2023-10-04,44.017539978027344,44.04100036621094,44.143001556396484,43.29199981689453,43.742000579833984,361821000
2023-10-05,44.6641960144043,44.6879997253418,44.900001525878906,43.88800048828125,44.04999923706055,393483000
2023-10-06,45.73762130737305,45.762001037597656,45.78900146484375,44.0260009765625,44.19300079345703,434436000
2023-10-09,45.24888610839844,45.27299880981445,45.60499954223633,44.36800003051758,44.84199905395508,409675000
2023-10-10,45.77360153198242,45.79800033569336,46.25899887084961,45.0880012512207,45.310001373291016,368582000
2023-10-11,46.78107452392578,46.805999755859375,46.85900115966797,46.04999923706055,46.19599914550781,378137000
2023-10-12,46.91999053955078,46.94499969482422,47.60900115966797,46.33000183105469,46.777000427246094,481325000
2023-10-13,45.43678665161133,45.46099853515625,47.11600112915039,45.279998779296875,46.959999084472656,474115000
2023-10-16,46.0704460144043,46.095001220703125,46.224998474121094,44.9119987487793,45.0629997253418,375099000
2023-10-17,43.91459274291992,43.9379997253418,44.75400161743164,42.47999954223633,44.0,812333000
2023-10-18,42.17352294921875,42.19599914550781,43.21900177001953,41.82500076293945,42.590999603271484,627294000
2023-10-19,42.078575134277344,42.10100173950195,43.297000885009766,41.88199996948242,42.81100082397461,501233000
2023-10-20,41.36494827270508,41.387001037597656,42.470001220703125,41.077999114990234,41.88999938964844,477266000
2023-10-23,42.95210647583008,42.974998474121094,43.24800109863281,40.94499969482422,41.229000091552734,478530000
2023-10-24,43.63973617553711,43.66299819946289,43.696998596191406,42.691001892089844,43.07699966430664,401463000
2023-10-25,41.75674057006836,41.77899932861328,43.650001525878906,41.55500030517578,43.39799880981445,398379000
2023-10-26,40.30451965332031,40.32600021362305,42.25600051879883,39.880001068115234,41.85300064086914,541001000
2023-10-27,40.478424072265625,40.5,41.20600128173828,40.01499938964844,41.130001068115234,416784000
2023-10-30,41.139076232910156,41.1609992980957,41.76599884033203,40.48099899291992,41.08700180053711,388028000
2023-10-31,40.75827407836914,40.779998779296875,40.87900161743164,39.22999954223633,40.45000076293945,517969000
2023-11-01,42.302459716796875,42.32500076293945,42.38100051879883,40.86899948120117,40.88399887084961,437593000
2023-11-02,43.482826232910156,43.50600051879883,43.88399887084961,42.89400100708008,43.327999114990234,409172000
2023-11-03,44.98102569580078,45.005001068115234,45.308998107910156,43.722999572753906,44.02000045776367,424610000
2023-11-06,45.726627349853516,45.750999450683594,45.935001373291016,44.89899826049805,45.28499984741211,400733000
2023-11-07,45.93052291870117,45.95500183105469,46.21799850463867,45.15800094604492,45.71900177001953,343165000
2023-11-08,46.5491943359375,46.57400131225586,46.867000579833984,45.96799850463867,46.099998474121094,346719000
2023-11-09,46.92498779296875,46.95000076293945,48.22999954223633,46.75,47.46699905395508,540496000
2023-11-10,48.30924987792969,48.334999084472656,48.47200012207031,47.28300094604492,47.5,421245000
2023-11-13,48.59410095214844,48.619998931884766,49.11600112915039,48.0989990234375,48.31999969482422,384136000
2023-11-14,49.629547119140625,49.65599822998047,49.83399963378906,49.040000915527344,49.68000030517578,416954000
2023-11-15,48.861961364746094,48.88800048828125,49.959999084472656,48.20000076293945,49.935001373291016,475497000
2023-11-16,49.45363998413086,49.47999954223633,49.525001525878906,48.33000183105469,48.67900085449219,339756000
2023-11-17,49.27174377441406,49.29800033569336,49.71699905395508,49.00699996948242,49.52399826049805,325205000
2023-11-20,50.38214874267578,50.409000396728516,50.54800033569336,49.180999755859375,49.3120002746582,414120000
2023-11-21,49.91739273071289,49.944000244140625,50.516998291015625,49.22200012207031,50.125999450683594,565747000
2023-11-22,48.6900520324707,48.715999603271484,50.334999084472656,47.689998626708984,49.85200119018555,899420000
2023-11-24,47.75054931640625,47.7760009765625,48.92100143432617,47.744998931884766,48.470001220703125,294645000
2023-11-27,48.216304779052734,48.242000579833984,48.529998779296875,47.652000427246094,47.79999923706055,395662000
2023-11-28,47.79552459716797,47.82099914550781,48.323001861572266,47.472999572753906,48.236000061035156,401491000
2023-11-29,48.114356994628906,48.13999938964844,48.762001037597656,47.86000061035156,48.37900161743164,382005000
2023-11-30,46.74508285522461,46.77000045776367,48.11000061035156,46.422000885009766,48.02399826049805,526247000
2023-12-01,46.74009323120117,46.76499938964844,47.20000076293945,46.1870002746582,46.525001525878906,369317000
2023-12-04,45.48575973510742,45.5099983215332,46.07699966430664,45.0099983215332,46.07699966430664,437543000
2023-12-05,46.545291900634766,46.566001892089844,46.599998474121094,45.270999908447266,45.465999603271484,371718000
2023-12-06,45.48276138305664,45.50299835205078,47.387001037597656,45.4119987487793,47.21500015258789,380590000
2023-12-07,46.57527160644531,46.59600067138672,46.62900161743164,45.604000091552734,45.70000076293945,350823000
2023-12-08,47.48487091064453,47.50600051879883,47.74100112915039,46.54999923706055,46.595001220703125,359224000
2023-12-11,46.606258392333984,46.62699890136719,47.53099822998047,45.83000183105469,47.49100112915039,509728000
2023-12-12,47.63580322265625,47.65700149536133,47.66600036621094,46.04600143432617,46.04600143432617,372387000
2023-12-13,48.066612243652344,48.0880012512207,48.59400177001953,47.608001708984375,47.62900161743164,447792000
2023-12-14,48.328495025634766,48.349998474121094,48.66999816894531,47.422000885009766,48.38999938964844,391232000
2023-12-15,48.868255615234375,48.88999938964844,49.40399932861328,48.119998931884766,48.194000244140625,479948000
2023-12-18,50.05472183227539,50.07699966430664,50.43299865722656,49.150001525878906,49.400001525878906,412587000
2023-12-19,49.581932067871094,49.604000091552734,49.70000076293945,48.89500045776367,49.42399978637695,464444000
2023-12-20,48.089595794677734,48.111000061035156,49.999000549316406,48.097999572753906,49.654998779296875,397894000
2023-12-21,48.96821212768555,48.9900016784668,49.095001220703125,48.41899871826172,48.81100082397461,300425000
2023-12-22,48.80828094482422,48.83000183105469,49.382999420166016,48.46699905395508,49.19499969482422,252507000
2023-12-26,49.257076263427734,49.27899932861328,49.599998474121094,48.959999084472656,48.96799850463867,244200000
2023-12-27,49.39501953125,49.41699981689453,49.68000030517578,49.084999084472656,49.51100158691406,233648000
2023-12-28,49.49997329711914,49.52199935913086,49.88399887084961,49.4119987487793,49.643001556396484,246587000
2023-12-29,49.49997329711914,49.52199935913086,49.99700164794922,48.750999450683594,49.8129997253418,389293000
