Price,Adj Close,Close,High,Low,Open,Volume
Ticker,NVDA,NVDA,NVDA,NVDA,NVDA,NVDA
Date,,,,,,
2018-01-02,4.929083824157715,4.983749866485596,4.987500190734863,4.862500190734863,4.894499778747559,355616000
2018-01-03,5.2534871101379395,5.3117499351501465,5.34250020980835,5.09375,5.102499961853027,914704000
2018-01-04,5.281180381774902,5.339749813079834,5.451250076293945,5.317249774932861,5.394000053405762,583268000
2018-01-05,5.325935363769531,5.385000228881836,5.422749996185303,5.2769999504089355,5.354750156402588,580124000
2018-01-08,5.489124774932861,5.550000190734863,5.625,5.4644999504089355,5.510000228881836,881216000
2018-01-09,5.487641334533691,5.548500061035156,5.5954999923706055,5.466000080108643,5.555500030517578,497000000
2018-01-10,5.530663967132568,5.5920000076293945,5.5954999923706055,5.400000095367432,5.454999923706055,582664000
2018-01-11,5.540553569793701,5.6020002365112305,5.656750202178955,5.580249786376953,5.625,406032000
2018-01-12,5.513355731964111,5.57450008392334,5.624750137329102,5.5335001945495605,5.590000152587891,359916000
2018-01-16,5.4423933029174805,5.502749919891357,5.687749862670898,5.417250156402588,5.601250171661377,702348000
2018-01-17,5.556379318237305,5.618000030517578,5.627999782562256,5.422500133514404,5.517499923706055,538408000
2018-01-18,5.5494561195373535,5.611000061035156,5.665999889373779,5.566999912261963,5.598499774932861,408632000
2018-01-19,5.689650058746338,5.752749919891357,5.777249813079834,5.675000190734863,5.702250003814697,609380000
2018-01-22,5.778168201446533,5.842249870300293,5.843999862670898,5.702499866485596,5.760749816894531,550944000
2018-01-23,5.9072370529174805,5.972750186920166,5.9957499504089355,5.877500057220459,5.896249771118164,475228000
2018-01-24,5.83034086227417,5.894999980926514,6.012249946594238,5.838749885559082,5.97599983215332,579972000
2018-01-25,5.843940734863281,5.908750057220459,5.993750095367432,5.893750190734863,5.949999809265137,409884000
2018-01-26,6.016526222229004,6.083250045776367,6.083499908447266,5.940000057220459,5.953000068664551,516356000
2018-01-29,6.1035614013671875,6.171249866485596,6.202750205993652,6.015250205993652,6.06850004196167,455116000
2018-01-30,6.0014424324035645,6.067999839782715,6.1605000495910645,5.960249900817871,6.027750015258789,570832000
2018-01-31,6.0775980949401855,6.144999980926514,6.231750011444092,6.111249923706055,6.14424991607666,478576000
2018-02-01,5.946551322937012,6.012499809265137,6.172500133514404,5.951499938964844,5.9629998207092285,519224000
2018-02-02,5.7739644050598145,5.8379998207092285,5.949250221252441,5.779250144958496,5.925000190734863,718464000
2018-02-05,5.283900260925293,5.34250020980835,5.830749988555908,5.125,5.675000190734863,1165204000
2018-02-06,5.577643394470215,5.639500141143799,5.642499923706055,5.099999904632568,5.110000133514404,1114800000
2018-02-07,5.6572585105896,5.71999979019165,5.8742499351501465,5.667500019073486,5.739500045776367,802932000
2018-02-08,5.378353595733643,5.438000202178955,5.880499839782715,5.437749862670898,5.8470001220703125,1144000000
2018-02-09,5.738361835479736,5.802000045776367,5.972249984741211,5.438000202178955,5.956250190734863,1674604000
2018-02-12,5.63822078704834,5.70074987411499,5.88700008392334,5.6257500648498535,5.883999824523926,1093172000
2018-02-13,5.751960277557373,5.8157501220703125,5.862500190734863,5.631249904632568,5.664000034332275,625524000
2018-02-14,5.969298839569092,6.0355000495910645,6.0647501945495605,5.763750076293945,5.775000095367432,744988000
2018-02-15,6.094906330108643,6.162499904632568,6.209249973297119,6.038000106811523,6.119750022888184,698900000
2018-02-16,6.029134273529053,6.0960001945495605,6.25,6.086750030517578,6.135000228881836,637656000
2018-02-20,6.1586995124816895,6.2270002365112305,6.296750068664551,6.114999771118164,6.118750095367432,686240000
2018-02-21,5.971523761749268,6.037749767303467,6.29925012588501,6.033999919891357,6.292250156402588,892292000
2018-02-22,5.9910712242126465,6.053750038146973,6.140749931335449,5.987500190734863,6.0682501792907715,534364000
2018-02-23,6.084590435028076,6.148250102996826,6.148250102996826,6.063000202178955,6.114250183105469,415300000
2018-02-26,6.100673675537109,6.1645002365112305,6.19950008392334,6.101500034332275,6.195000171661377,469312000
2018-02-27,6.087808132171631,6.151500225067139,6.222750186920166,6.1282501220703125,6.137499809265137,455436000
2018-02-28,5.987359046936035,6.050000190734863,6.202499866485596,6.038249969482422,6.162499904632568,523116000
2018-03-01,5.745143413543701,5.80525016784668,6.102250099182129,5.703000068664551,6.047749996185303,1040120000
2018-03-02,5.852271556854248,5.91349983215332,5.920000076293945,5.546249866485596,5.696499824523926,913428000
2018-03-05,5.8302531242370605,5.891250133514404,5.931250095367432,5.73799991607666,5.862750053405762,620776000
2018-03-06,5.991317272186279,6.053999900817871,6.073500156402588,5.934000015258789,5.977499961853027,636808000
2018-03-07,5.983400821685791,6.046000003814697,6.098750114440918,5.948750019073486,5.949999809265137,581208000
2018-03-08,5.967071533203125,6.0295000076293945,6.073750019073486,5.984749794006348,6.073750019073486,411912000
2018-03-09,6.069746494293213,6.1332502365112305,6.146249771118164,6.06125020980835,6.077499866485596,505524000
2018-03-12,6.17935037612915,6.24399995803833,6.324999809265137,6.166749954223633,6.175000190734863,605060000
2018-03-13,6.128631114959717,6.192749977111816,6.362500190734863,6.151000022888184,6.28725004196167,619772000
2018-03-14,6.154112339019775,6.218500137329102,6.263750076293945,6.1554999351501465,6.236249923706055,505496000
2018-03-15,6.168959140777588,6.233500003814697,6.315499782562256,6.190999984741211,6.232250213623047,401952000
2018-03-16,6.197164058685303,6.26200008392334,6.28125,6.211999893188477,6.25,399456000
2018-03-19,5.962616920471191,6.025000095367432,6.233749866485596,5.925000190734863,6.204500198364258,713772000
2018-03-20,6.174896717071533,6.239500045776367,6.278749942779541,6.0279998779296875,6.0279998779296875,554696000
2018-03-21,6.149660110473633,6.214000225067139,6.300000190734863,6.1832499504089355,6.232999801635742,438688000
2018-03-22,5.983646869659424,6.046249866485596,6.197000026702881,6.008500099182129,6.150000095367432,551196000
2018-03-23,5.763946533203125,5.824250221252441,6.0625,5.813000202178955,6.059999942779541,735620000
2018-03-26,6.0487165451049805,6.111999988555908,6.113249778747559,5.897500038146973,5.949999809265137,611424000
2018-03-27,5.579624176025391,5.638000011444092,6.25,5.496250152587891,6.193749904632568,1409000000
2018-03-28,5.47645378112793,5.533750057220459,5.734749794006348,5.425000190734863,5.603250026702881,945904000
2018-03-29,5.729804039001465,5.789750099182129,5.887499809265137,5.517499923706055,5.602749824523926,916628000
2018-04-02,5.469030380249023,5.526249885559082,5.866250038146973,5.4375,5.718500137329102,922092000
2018-04-03,5.5754194259643555,5.633749961853027,5.758749961853027,5.533750057220459,5.695000171661377,667432000
2018-04-04,5.597438812255859,5.656000137329102,5.666500091552734,5.349999904632568,5.375249862670898,789168000
2018-04-05,5.477195739746094,5.5345001220703125,5.728250026702881,5.462250232696533,5.715000152587891,701240000
2018-04-06,5.300791263580322,5.356249809265137,5.539999961853027,5.326749801635742,5.430749893188477,662988000
2018-04-09,5.329492092132568,5.385250091552734,5.54925012588501,5.364999771118164,5.420000076293945,499524000
2018-04-10,5.63875675201416,5.697750091552734,5.724999904632568,5.5602498054504395,5.618000030517578,761676000
2018-04-11,5.597438812255859,5.656000137329102,5.7245001792907715,5.623000144958496,5.682750225067139,460244000
2018-04-12,5.80427360534668,5.864999771118164,5.882999897003174,5.705249786376953,5.75,593920000
2018-04-13,5.727577209472656,5.787499904632568,5.937749862670898,5.738749980926514,5.9292497634887695,503036000
2018-04-16,5.727329254150391,5.78725004196167,5.821000099182129,5.691999912261963,5.794250011444092,350792000
2018-04-17,5.877013206481934,5.938499927520752,5.960000038146973,5.783750057220459,5.840000152587891,447224000
2018-04-18,5.84806489944458,5.909249782562256,5.981249809265137,5.819250106811523,5.887499809265137,391364000
2018-04-19,5.666713714599609,5.72599983215332,5.827499866485596,5.670000076293945,5.793749809265137,471996000
2018-04-20,5.658548355102539,5.717750072479248,5.802499771118164,5.68625020980835,5.717249870300293,386200000
2018-04-23,5.53904914855957,5.5970001220703125,5.787499904632568,5.5707502365112305,5.735750198364258,427508000
2018-04-24,5.472743511199951,5.53000020980835,5.71999979019165,5.464000225067139,5.623000144958496,414596000
2018-04-25,5.360416412353516,5.416500091552734,5.5395002365112305,5.257500171661377,5.5,588492000
2018-04-26,5.572203159332275,5.630499839782715,5.638750076293945,5.51324987411499,5.579999923706055,375824000
2018-04-27,5.599664688110352,5.658249855041504,5.757500171661377,5.615499973297119,5.737500190734863,400848000
2018-04-30,5.564284801483154,5.622499942779541,5.724999904632568,5.603000164031982,5.674749851226807,327844000
2018-05-01,5.619705677032471,5.678500175476074,5.681250095367432,5.554999828338623,5.614250183105469,253788000
2018-05-02,5.5991716384887695,5.657750129699707,5.71999979019165,5.631249904632568,5.675000190734863,268248000
2018-05-03,5.764441013336182,5.824749946594238,5.851250171661377,5.64424991607666,5.690000057220459,443144000
2018-05-04,5.9146199226379395,5.976500034332275,5.979750156402588,5.778250217437744,5.795750141143799,400660000
2018-05-07,6.152630805969238,6.2170000076293945,6.274750232696533,6.072249889373779,6.082250118255615,687616000
2018-05-08,6.195183753967285,6.260000228881836,6.262750148773193,6.167749881744385,6.217249870300293,506616000
2018-05-09,6.328291416168213,6.394499778747559,6.396749973297119,6.252749919891357,6.280250072479248,596760000
2018-05-10,6.435915946960449,6.5032501220703125,6.512499809265137,6.429999828338623,6.447999954223633,994080000
2018-05-11,6.297366142272949,6.363249778747559,6.494750022888184,6.263500213623047,6.319499969482422,1214456000
2018-05-14,6.317900657653809,6.383999824523926,6.462250232696533,6.360000133514404,6.401750087738037,523140000
2018-05-15,6.075436115264893,6.138999938964844,6.322500228881836,6.037499904632568,6.31974983215332,963528000
2018-05-16,6.0865702629089355,6.15024995803833,6.2129998207092285,6.062749862670898,6.099999904632568,553828000
2018-05-17,6.128631114959717,6.192749977111816,6.287499904632568,6.135749816894531,6.1519999504089355,519784000
2018-05-18,6.084839344024658,6.148499965667725,6.3092498779296875,6.143499851226807,6.245250225067139,483716000
2018-05-21,6.042779445648193,6.105999946594238,6.2507500648498535,6.012249946594238,6.247000217437744,640624000
2018-05-22,6.004678249359131,6.067500114440918,6.144999980926514,6.006249904632568,6.119500160217285,518264000
2018-05-23,6.128214359283447,6.188499927520752,6.1897501945495605,6.006249904632568,6.006999969482422,442956000
2018-05-24,6.131923675537109,6.192249774932861,6.235000133514404,6.13100004196167,6.184750080108643,437372000
2018-05-25,6.171287536621094,6.23199987411499,6.248499870300293,6.169000148773193,6.204999923706055,292112000
2018-05-29,6.154205322265625,6.214749813079834,6.2835001945495605,6.167500019073486,6.213749885559082,352684000
2018-05-30,6.263134479522705,6.324749946594238,6.333499908447266,6.223750114440918,6.24875020980835,390996000
2018-05-31,6.243330478668213,6.304749965667725,6.380000114440918,6.281750202178955,6.292500019073486,493868000
2018-06-01,6.377757549285889,6.440499782562256,6.446750164031982,6.341249942779541,6.349999904632568,421968000
2018-06-04,6.556746959686279,6.621250152587891,6.643499851226807,6.442500114440918,6.474999904632568,642024000
2018-06-05,6.562192916870117,6.6267499923706055,6.664750099182129,6.579249858856201,6.624499797821045,391712000
2018-06-06,6.564173221588135,6.628749847412109,6.631999969482422,6.51924991607666,6.535749912261963,371356000
2018-06-07,6.508472442626953,6.572500228881836,6.63700008392334,6.481249809265137,6.625,369448000
2018-06-08,6.493122577667236,6.557000160217285,6.599999904632568,6.480000019073486,6.499000072479248,360456000
2018-06-11,6.452026844024658,6.515500068664551,6.586249828338623,6.502500057220459,6.544250011444092,265372000
2018-06-12,6.500548362731934,6.564499855041504,6.576749801635742,6.491499900817871,6.542250156402588,319160000
2018-06-13,6.496092319488525,6.559999942779541,6.641749858856201,6.550749778747559,6.565999984741211,338208000
2018-06-14,6.60774564743042,6.672749996185303,6.730000019073486,6.5904998779296875,6.605500221252441,430016000
2018-06-15,6.566896438598633,6.631499767303467,6.686999797821045,6.583749771118164,6.614999771118164,432260000
2018-06-18,6.56268835067749,6.6272501945495605,6.644999980926514,6.559500217437744,6.586999893188477,356268000
2018-06-19,6.4408860206604,6.5042500495910645,6.591000080108643,6.375500202178955,6.5229997634887695,594932000
2018-06-20,6.4938645362854,6.557750225067139,6.611249923706055,6.506999969482422,6.545750141143799,369780000
2018-06-21,6.365131378173828,6.427750110626221,6.608500003814697,6.420000076293945,6.590000152587891,359516000
2018-06-22,6.212630748748779,6.273749828338623,6.462250232696533,6.2582502365112305,6.448750019073486,434160000
2018-06-25,5.91976261138916,5.978000164031982,6.170000076293945,5.888500213623047,6.166250228881836,665816000
2018-06-26,5.990814685821533,6.049749851226807,6.141250133514404,5.9977498054504395,6.09250020980835,478884000
2018-06-27,5.835590839385986,5.89300012588501,6.160749912261963,5.887499809265137,6.09375,453892000
2018-06-28,5.962839126586914,6.021500110626221,6.0335001945495605,5.875249862670898,5.882999897003174,338012000
2018-06-29,5.864804267883301,5.922500133514404,6.099999904632568,5.921249866485596,6.087250232696533,392300000
2018-07-02,5.997003078460693,6.056000232696533,6.059750080108643,5.831500053405762,5.852250099182129,357572000
2018-07-03,5.863318920135498,5.921000003814697,6.0970001220703125,5.912499904632568,6.091000080108643,222732000
2018-07-05,6.009134769439697,6.0682501792907715,6.073249816894531,5.9375,5.976749897003174,306216000
2018-07-06,6.123013973236084,6.1832499504089355,6.1917500495910645,6.021999835968018,6.043499946594238,296352000
2018-07-09,6.170547008514404,6.231249809265137,6.26800012588501,6.151750087738037,6.2582502365112305,303880000
2018-07-10,6.269571304321289,6.331250190734863,6.353499889373779,6.203000068664551,6.243750095367432,360016000
2018-07-11,6.127965927124023,6.1882500648498535,6.272500038146973,6.177499771118164,6.237500190734863,367508000
2018-07-12,6.219563007354736,6.280749797821045,6.329249858856201,6.223999977111816,6.234000205993652,345508000
2018-07-13,6.172277450561523,6.232999801635742,6.299499988555908,6.190499782562256,6.299499988555908,246988000
2018-07-16,6.1445512771606445,6.204999923706055,6.258500099182129,6.192500114440918,6.204999923706055,197036000
2018-07-17,6.280465126037598,6.342249870300293,6.357500076293945,6.129499912261963,6.155250072479248,362136000
2018-07-18,6.231200695037842,6.292500019073486,6.348750114440918,6.241000175476074,6.334750175476074,277640000
2018-07-19,6.239370346069336,6.300749778747559,6.334750175476074,6.2582502365112305,6.273499965667725,235752000
2018-07-20,6.211148262023926,6.272250175476074,6.337500095367432,6.261250019073486,6.298250198364258,222352000
2018-07-23,6.1745076179504395,6.235249996185303,6.247250080108643,6.081999778747559,6.245500087738037,301584000
2018-07-24,6.157177925109863,6.217750072479248,6.371250152587891,6.199999809265137,6.283750057220459,354620000
2018-07-25,6.235406398773193,6.296750068664551,6.309500217437744,6.168749809265137,6.227250099182129,319112000
2018-07-26,6.308935642242432,6.370999813079834,6.408249855041504,6.259500026702881,6.276500225067139,325124000
2018-07-27,6.239121913909912,6.30049991607666,6.414999961853027,6.245999813079834,6.4079999923706055,295420000
2018-07-30,6.043791770935059,6.103250026702881,6.3207502365112305,6.067999839782715,6.3147501945495605,340340000
2018-07-31,6.061864852905273,6.121500015258789,6.197000026702881,6.053500175476074,6.092750072479248,283988000
2018-08-01,6.101722240447998,6.161749839782715,6.209000110626221,6.097249984741211,6.153250217437744,283556000
2018-08-02,6.204462051391602,6.265500068664551,6.269499778747559,6.030250072479248,6.089749813079834,269668000
2018-08-03,6.241100311279297,6.302499771118164,6.326499938964844,6.273250102996826,6.290249824523926,214288000
2018-08-06,6.288882732391357,6.350749969482422,6.354249954223633,6.24275016784668,6.289750099182129,207508000
2018-08-07,6.361171722412109,6.423749923706055,6.442500114440918,6.373000144958496,6.400000095367432,258132000
2018-08-08,6.397562026977539,6.4604997634887695,6.50600004196167,6.389750003814697,6.425000190734863,262100000
2018-08-09,6.349040508270264,6.411499977111816,6.481249809265137,6.403749942779541,6.478499889373779,204280000
2018-08-10,6.30769681930542,6.369750022888184,6.402500152587891,6.317500114440918,6.328750133514404,256396000
2018-08-13,6.340623378753662,6.4029998779296875,6.525000095367432,6.3767499923706055,6.378499984741211,375208000
2018-08-14,6.472079277038574,6.535749912261963,6.550000190734863,6.42549991607666,6.509500026702881,466220000
2018-08-15,6.413901329040527,6.4770002365112305,6.591000080108643,6.397500038146973,6.5567498207092285,591136000
2018-08-16,6.373300552368164,6.435999870300293,6.550000190734863,6.375249862670898,6.547500133514404,801260000
2018-08-17,6.060874938964844,6.120500087738037,6.324250221252441,6.093249797821045,6.323500156402588,1143188000
2018-08-20,6.13563871383667,6.196000099182129,6.329999923706055,5.9679999351501465,6.079500198364258,854388000
2018-08-21,6.271304607391357,6.333000183105469,6.337500095367432,6.192500114440918,6.212500095367432,673988000
2018-08-22,6.506490230560303,6.570499897003174,6.575500011444092,6.296500205993652,6.300000190734863,749856000
2018-08-23,6.606011867523193,6.671000003814697,6.736999988555908,6.517499923706055,6.531499862670898,720684000
2018-08-24,6.73920202255249,6.805500030517578,6.820250034332275,6.675000190734863,6.679500102996826,531512000
2018-08-27,6.830305099487305,6.897500038146973,6.972499847412109,6.803750038146973,6.8354997634887695,505776000
2018-08-28,6.792674541473389,6.859499931335449,6.9145002365112305,6.738249778747559,6.891499996185303,475384000
2018-08-29,6.898196220397949,6.962250232696533,6.987500190734863,6.827000141143799,6.8480000495910645,420108000
2018-08-30,6.88135290145874,6.945250034332275,7.043000221252441,6.9079999923706055,6.930749893188477,346608000
2018-08-31,6.952442169189453,7.017000198364258,7.03000020980835,6.914999961853027,6.925000190734863,306592000
2018-09-04,7.027247428894043,7.09250020980835,7.130499839782715,6.974999904632568,7.003749847412109,391720000
2018-09-05,6.8964619636535645,6.9604997634887695,7.110499858856201,6.878749847412109,7.074749946594238,393156000
2018-09-06,6.75527286529541,6.817999839782715,6.946499824523926,6.784749984741211,6.943999767303467,322796000
2018-09-07,6.733970642089844,6.796500205993652,6.923250198364258,6.679749965667725,6.724999904632568,295420000
2018-09-10,6.805061340332031,6.868249893188477,6.898250102996826,6.775000095367432,6.819250106811523,220140000
2018-09-11,6.757255554199219,6.820000171661377,6.909999847412109,6.80049991607666,6.821499824523926,243112000
2018-09-12,6.643311500549316,6.704999923706055,6.799499988555908,6.547999858856201,6.779749870300293,419092000
2018-09-13,6.721089839935303,6.7835001945495605,6.875,6.754000186920166,6.771500110626221,305536000
2018-09-14,6.847169399261475,6.910749912261963,6.977499961853027,6.837500095367432,6.874750137329102,386936000
2018-09-17,6.785243511199951,6.848249912261963,6.934500217437744,6.828750133514404,6.885000228881836,205528000
2018-09-18,6.713162422180176,6.7754998207092285,6.955999851226807,6.768750190734863,6.852250099182129,299520000
2018-09-19,6.736942291259766,6.799499988555908,6.817500114440918,6.706250190734863,6.756750106811523,224860000
2018-09-20,6.5957536697387695,6.6570000648498535,6.718999862670898,6.602499961853027,6.676249980926514,430584000
2018-09-21,6.525655269622803,6.586249828338623,6.715000152587891,6.552750110626221,6.669000148773193,435128000
2018-09-24,6.581387042999268,6.642499923706055,6.645999908447266,6.4670000076293945,6.554999828338623,293912000
2018-09-25,6.6485137939453125,6.710249900817871,6.735499858856201,6.6227498054504395,6.709249973297119,280388000
2018-09-26,6.611605644226074,6.672999858856201,6.75600004196167,6.6570000648498535,6.715250015258789,268548000
2018-09-27,6.6234965324401855,6.684999942779541,6.730000019073486,6.653250217437744,6.708499908447266,214428000
2018-09-28,6.9608635902404785,7.0254998207092285,7.047999858856201,6.789999961853027,6.8182501792907715,709396000
2018-10-01,7.167445659637451,7.234000205993652,7.301499843597412,7.065000057220459,7.104000091552734,622060000
2018-10-02,7.096108913421631,7.1620001792907715,7.318999767303467,7.139500141143799,7.206250190734863,383964000
2018-10-03,7.10230016708374,7.16825008392334,7.240499973297119,7.0632500648498535,7.232999801635742,320552000
2018-10-04,6.9180121421813965,6.982250213623047,7.15625,6.9045000076293945,7.131750106811523,391220000
2018-10-05,6.684430122375488,6.746500015258789,7.019999980926514,6.688499927520752,6.957250118255615,426636000
2018-10-08,6.583121299743652,6.64424991607666,6.7789998054504395,6.501999855041504,6.662499904632568,408612000
2018-10-09,6.5774245262146,6.638500213623047,6.718999862670898,6.570000171661377,6.623499870300293,273500000
2018-10-10,6.085740089416504,6.142250061035156,6.577750205993652,6.139999866485596,6.531499862670898,684940000
2018-10-11,5.824169635772705,5.8782501220703125,6.189000129699707,5.856500148773193,6.0542497634887695,725436000
2018-10-12,6.106795310974121,6.16349983215332,6.238500118255615,5.991250038146973,6.137750148773193,608236000
2018-10-15,5.830362319946289,5.884500026702881,6.150000095367432,5.883500099182129,6.150000095367432,449760000
2018-10-16,6.089208602905273,6.145750045776367,6.1570000648498535,5.948500156402588,5.9982500076293945,408712000
2018-10-17,6.020595550537109,6.076499938964844,6.247000217437744,6.0269999504089355,6.208499908447266,329668000
2018-10-18,5.933156490325928,5.988249778747559,6.1852498054504395,5.927249908447266,6.146500110626221,524020000
2018-10-19,5.676540374755859,5.729249954223633,6.06374979019165,5.692500114440918,6.044000148773193,613608000
2018-10-22,5.727319240570068,5.7804999351501465,5.882999897003174,5.676750183105469,5.7820000648498535,368844000
2018-10-23,5.475655555725098,5.526500225067139,5.604750156402588,5.417749881744385,5.510749816894531,626436000
2018-10-24,4.939385890960693,4.985249996185303,5.534749984741211,4.971250057220459,5.487750053405762,884288000
2018-10-25,5.148194789886475,5.196000099182129,5.243750095367432,4.8420000076293945,4.886750221252441,951720000
2018-10-26,4.911642074584961,4.957250118255615,5.120999813079834,4.828000068664551,4.957749843597412,664784000
2018-10-29,4.597805500030518,4.640500068664551,5.103250026702881,4.40024995803833,5.09975004196167,758016000
2018-10-30,5.028307914733887,5.074999809265137,5.085000038146973,4.640500068664551,4.663750171661377,807192000
2018-10-31,5.2222580909729,5.270750045776367,5.3147501945495605,5.100249767303467,5.241250038146973,745772000
2018-11-01,5.402583122253418,5.452750205993652,5.462250232696533,5.179749965667725,5.307499885559082,566528000
2018-11-02,5.3235673904418945,5.373000144958496,5.550000190734863,5.255249977111816,5.4432501792907715,452960000
2018-11-05,5.245541095733643,5.294250011444092,5.3832502365112305,5.131999969482422,5.359749794006348,379332000
2018-11-06,5.227954864501953,5.276500225067139,5.371250152587891,5.238999843597412,5.286250114440918,299012000
2018-11-07,5.295578479766846,5.344749927520752,5.4352498054504395,5.2795000076293945,5.34375,483812000
2018-11-08,5.102371692657471,5.149750232696533,5.285749912261963,5.095749855041504,5.284999847412109,511352000
2018-11-09,5.094444751739502,5.141749858856201,5.232999801635742,5.026000022888184,5.059999942779541,413240000
2018-11-12,4.694904327392578,4.738500118255615,5.071750164031982,4.7164998054504395,5.049499988555908,617116000
2018-11-13,4.936906814575195,4.982749938964844,5.105249881744385,4.830999851226807,4.837250232696533,644712000
2018-11-14,4.884395122528076,4.929749965667725,5.171999931335449,4.8207502365112305,5.15749979019165,526580000
2018-11-15,5.013200283050537,5.059750080108643,5.132500171661377,4.887499809265137,4.923749923706055,840708000
2018-11-16,4.072930335998535,4.110750198364258,4.266499996185303,4.040249824523926,4.083000183105469,1963520000
2018-11-19,3.5842182636260986,3.617500066757202,4.045499801635742,3.6157500743865967,4.044750213623047,1697820000
2018-11-20,3.6927106380462646,3.7269999980926514,3.8564999103546143,3.332750082015991,3.3515000343322754,1692032000
2018-11-21,3.584465980529785,3.6177499294281006,3.882499933242798,3.590250015258789,3.865499973297119,1025496000
2018-11-23,3.591648817062378,3.625,3.7397499084472656,3.5697500705718994,3.582750082015991,411968000
2018-11-26,3.791048049926758,3.8262500762939453,3.836750030517578,3.6640000343322754,3.7472500801086426,814832000
2018-11-27,3.807891607284546,3.843250036239624,3.9252500534057617,3.7637500762939453,3.799999952316284,738060000
2018-11-28,3.964932918548584,4.0017499923706055,4.006999969482422,3.828249931335449,3.9619998931884766,804524000
2018-11-29,3.901705503463745,3.934000015258789,4.037499904632568,3.9035000801086426,4.0,549172000
2018-11-30,4.052210330963135,4.085750102996826,4.096499919891357,3.8929998874664307,3.9437499046325684,729564000
2018-12-03,4.216104030609131,4.250999927520752,4.367000102996826,4.183499813079834,4.315000057220459,890804000
2018-12-04,3.8955078125,3.9277501106262207,4.210999965667725,3.9124999046325684,4.205999851226807,812112000
2018-12-06,3.9247653484344482,3.9572501182556152,3.962249994277954,3.770250082015991,3.7860000133514404,692308000
2018-12-07,3.65995717048645,3.6902499198913574,3.971750020980835,3.640500068664551,3.9614999294281006,681676000
2018-12-10,3.7653348445892334,3.7964999675750732,3.821500062942505,3.641249895095825,3.6449999809265137,629472000
2018-12-11,3.6743392944335938,3.7047500610351562,3.897249937057495,3.625,3.8889999389648438,671912000
2018-12-12,3.6919422149658203,3.7225000858306885,3.819499969482422,3.620500087738037,3.7105000019073486,654136000
2018-12-13,3.691694498062134,3.722249984741211,3.8345000743865967,3.686000108718872,3.7697501182556152,471384000
2018-12-14,3.631195545196533,3.661250114440918,3.7647500038146973,3.637500047683716,3.6802499294281006,471820000
2018-12-17,3.5600342750549316,3.5894999504089355,3.703749895095825,3.5309998989105225,3.63100004196167,662868000
2018-12-18,3.6433448791503906,3.6735000610351562,3.7582499980926514,3.606250047683716,3.6337499618530273,564372000
2018-12-19,3.4343252182006836,3.46274995803833,3.69350004196167,3.410749912261963,3.6394999027252197,745364000
2018-12-20,3.3497748374938965,3.377500057220459,3.5450000762939453,3.3172500133514404,3.4542500972747803,749588000
2018-12-21,3.2126593589782715,3.2392499446868896,3.4375,3.2114999294281006,3.404249906539917,863740000
2018-12-24,3.150921106338501,3.177000045776367,3.249500036239624,3.112499952316284,3.16225004196167,463840000
2018-12-26,3.300184965133667,3.327500104904175,3.3285000324249268,3.1115000247955322,3.2235000133514404,695100000
2018-12-27,3.252331018447876,3.279249906539917,3.309499979019165,3.129499912261963,3.274749994277954,637044000
2018-12-28,3.313822031021118,3.341249942779541,3.4347500801086426,3.2577500343322754,3.299999952316284,628728000
2018-12-31,3.310103178024292,3.3375000953674316,3.4177498817443848,3.30649995803833,3.384999990463257,465140000
2019-01-02,3.377544403076172,3.4054999351501465,3.4619998931884766,3.2512500286102295,3.2660000324249268,508752000
2019-01-03,3.17348313331604,3.1997499465942383,3.378999948501587,3.1922500133514404,3.344749927520752,705552000
2019-01-04,3.376800298690796,3.404750108718872,3.4432499408721924,3.242500066757202,3.2734999656677246,585620000
2019-01-07,3.5555710792541504,3.5850000381469727,3.6222500801086426,3.410749912261963,3.4625000953674316,709160000
2019-01-08,3.4670541286468506,3.4957499504089355,3.6695001125335693,3.422499895095825,3.667249917984009,786016000
2019-01-09,3.5352392196655273,3.564500093460083,3.6122500896453857,3.496500015258789,3.547499895095825,617260000
2019-01-10,3.600944995880127,3.6307499408721924,3.6394999027252197,3.4839999675750732,3.5450000762939453,523156000
2019-01-11,3.690207004547119,3.720750093460083,3.7437500953674316,3.5802500247955322,3.6082499027252197,874764000
2019-01-14,3.7301266193389893,3.760999917984009,3.7864999771118164,3.64424991607666,3.6679999828338623,730168000
2019-01-15,3.715993881225586,3.7467501163482666,3.833750009536743,3.728250026702881,3.7939999103546143,617012000
2019-01-16,3.6904542446136475,3.7209999561309814,3.807499885559082,3.7155001163482666,3.774250030517578,470104000
2019-01-17,3.7618637084960938,3.7929999828338623,3.833250045776367,3.660249948501587,3.6877501010894775,493436000
2019-01-18,3.8910443782806396,3.9232499599456787,3.94950008392334,3.791249990463257,3.843250036239624,651336000
2019-01-22,3.6887192726135254,3.719249963760376,3.9045000076293945,3.6887500286102295,3.8927500247955322,661552000
2019-01-23,3.7016119956970215,3.7322499752044678,3.864500045776367,3.7007501125335693,3.7750000953674316,591020000
2019-01-24,3.9136078357696533,3.946000099182129,3.963749885559082,3.8127501010894775,3.817500114440918,708972000
2019-01-25,3.970883846282959,4.003749847412109,4.021999835968018,3.7825000286102295,3.885999917984009,1154572000
2019-01-28,3.4219272136688232,3.4502499103546143,3.5409998893737793,3.2750000953674316,3.413749933242798,2511528000
2019-01-29,3.2629928588867188,3.2899999618530273,3.452500104904175,3.27524995803833,3.403749942779541,1153932000
2019-01-30,3.4065544605255127,3.4347500801086426,3.4492499828338623,3.2864999771118164,3.3667500019073486,974228000
2019-01-31,3.5642495155334473,3.59375,3.6297500133514404,3.4094998836517334,3.43149995803833,842852000
2019-02-01,3.588547945022583,3.6182498931884766,3.6697499752044678,3.564500093460083,3.612499952316284,625048000
2019-02-04,3.698885679244995,3.7295000553131104,3.7669999599456787,3.611999988555908,3.6342499256134033,528592000
2019-02-05,3.717977523803711,3.7487499713897705,3.785749912261963,3.7074999809265137,3.741499900817871,542424000
2019-02-06,3.7936010360717773,3.825000047683716,3.890000104904175,3.776750087738037,3.782249927520752,702464000
2019-02-07,3.6552464962005615,3.685499906539917,3.7804999351501465,3.6422500610351562,3.778249979019165,637120000
2019-02-08,3.673842191696167,3.7042500972747803,3.7149999141693115,3.603250026702881,3.6177499294281006,461604000
2019-02-11,3.631195545196533,3.661250114440918,3.7144999504089355,3.612499952316284,3.659749984741211,495180000
2019-02-12,3.7482268810272217,3.779249906539917,3.7950000762939453,3.685499906539917,3.700000047683716,591060000
2019-02-13,3.79062557220459,3.822000026702881,3.895750045776367,3.7952499389648438,3.809000015258789,605372000
2019-02-14,3.8315370082855225,3.8632500171661377,3.8917500972747803,3.7774999141693115,3.821000099182129,827264000
2019-02-15,3.9012107849121094,3.933500051498413,4.096749782562256,3.9105000495910645,4.073750019073486,1516748000
2019-02-19,3.8838539123535156,3.9159998893737793,3.9972500801086426,3.9035000801086426,3.9227499961853027,551892000
2019-02-20,3.9312117099761963,3.963749885559082,4.031499862670898,3.9342501163482666,3.945499897003174,540988000
2019-02-21,3.8622825145721436,3.89424991607666,4.00124979019165,3.879499912261963,3.9765000343322754,448548000
2019-02-22,3.9470810890197754,3.979749917984009,3.9987499713897705,3.9327499866485596,3.946500062942505,401740000
2019-02-25,3.9346835613250732,3.967250108718872,4.131999969482422,3.9584999084472656,4.064000129699707,656020000
2019-02-26,3.895259380340576,3.927500009536743,4.019000053405762,3.893749952316284,3.9625000953674316,488464000
2019-02-27,3.853355884552002,3.8852500915527344,3.9397499561309814,3.8277499675750732,3.9130001068115234,500256000
2019-02-28,3.828784704208374,3.8564999103546143,3.8975000381469727,3.8340001106262207,3.875,324944000
2019-03-01,3.88314151763916,3.911250114440918,3.953749895095825,3.8480000495910645,3.906749963760376,357188000
2019-03-04,3.891331672668457,3.9195001125335693,3.9730000495910645,3.862499952316284,3.950000047683716,409992000
2019-03-05,3.884878635406494,3.9130001068115234,3.9514999389648438,3.8489999771118164,3.903749942779541,362924000
2019-03-06,3.7739312648773193,3.8012499809265137,3.9124999046325684,3.7985000610351562,3.9040000438690186,403524000
2019-03-07,3.7046825885772705,3.7314999103546143,3.78725004196167,3.684999942779541,3.7774999141693115,450104000
2019-03-08,3.7389347553253174,3.7660000324249268,3.776750087738037,3.619999885559082,3.6414999961853027,422416000
2019-03-11,3.99954891204834,4.028500080108643,4.051499843597412,3.7422499656677246,3.789750099182129,859728000
2019-03-12,4.03380012512207,4.063000202178955,4.109749794006348,3.979749917984009,4.05649995803833,579576000
2019-03-13,4.1852030754089355,4.2154998779296875,4.244999885559082,4.093249797821045,4.100749969482422,768900000
2019-03-14,4.109253883361816,4.138999938964844,4.23675012588501,4.131249904632568,4.22475004196167,519384000
2019-03-15,4.214740753173828,4.245250225067139,4.288249969482422,4.178999900817871,4.182499885559082,661484000
2019-03-18,4.193396091461182,4.223750114440918,4.331250190734863,4.196499824523926,4.2769999504089355,486992000
2019-03-19,4.361180305480957,4.392749786376953,4.4375,4.302000045776367,4.318999767303467,854972000
2019-03-20,4.328666687011719,4.360000133514404,4.475749969482422,4.324999809265137,4.421999931335449,719148000
2019-03-21,4.565450668334961,4.598499774932861,4.625,4.3782501220703125,4.3832502365112305,824312000
2019-03-22,4.405609130859375,4.4375,4.619999885559082,4.423500061035156,4.571000099182129,747644000
2019-03-25,4.313278675079346,4.3445000648498535,4.461249828338623,4.277750015258789,4.396500110626221,525212000
2019-03-26,4.3899712562561035,4.421750068664551,4.543749809265137,4.364999771118164,4.487249851226807,703508000
2019-03-27,4.380788326263428,4.412499904632568,4.4942498207092285,4.34250020980835,4.447500228881836,474372000
2019-03-28,4.399404525756836,4.431250095367432,4.497499942779541,4.377749919891357,4.43874979019165,480264000
2019-03-29,4.456739902496338,4.488999843597412,4.513500213623047,4.447750091552734,4.498499870300293,456896000
2019-04-01,4.524250030517578,4.557000160217285,4.587500095367432,4.509250164031982,4.581500053405762,483824000
2019-04-02,4.54211950302124,4.574999809265137,4.619750022888184,4.538000106811523,4.581250190734863,440920000
2019-04-03,4.681610107421875,4.7154998779296875,4.775000095367432,4.619999885559082,4.625,783504000
2019-04-04,4.672676086425781,4.706500053405762,4.7492499351501465,4.643249988555908,4.699999809265137,457376000
2019-04-05,4.739441871643066,4.773749828338623,4.791250228881836,4.713250160217285,4.75,481744000
2019-04-08,4.76029109954834,4.794750213623047,4.820000171661377,4.71875,4.743000030517578,424192000
2019-04-09,4.6974968910217285,4.731500148773193,4.772250175476074,4.689000129699707,4.761000156402588,439972000
2019-04-10,4.767984867095947,4.802499771118164,4.828499794006348,4.726250171661377,4.73075008392334,444772000
2019-04-11,4.754086017608643,4.78849983215332,4.836750030517578,4.738749980926514,4.804999828338623,374600000
2019-04-12,4.716111183166504,4.750249862670898,4.831500053405762,4.741499900817871,4.827499866485596,471708000
2019-04-15,4.584314823150635,4.617499828338623,4.747499942779541,4.577499866485596,4.742499828338623,440092000
2019-04-16,4.67143440246582,4.705249786376953,4.724249839782715,4.624000072479248,4.6570000648498535,394964000
2019-04-17,4.648599624633789,4.682250022888184,4.761499881744385,4.659749984741211,4.740499973297119,351004000
2019-04-18,4.62402868270874,4.65749979019165,4.723249912261963,4.629499912261963,4.689000129699707,380988000
2019-04-22,4.677889347076416,4.711750030517578,4.727499961853027,4.6020002365112305,4.633749961853027,279936000
2019-04-23,4.732492923736572,4.766749858856201,4.798250198364258,4.715250015258789,4.724999904632568,346856000
2019-04-24,4.744904041290283,4.779250144958496,4.820250034332275,4.716000080108643,4.777249813079834,318204000
2019-04-25,4.639167785644531,4.672749996185303,4.761250019073486,4.59250020980835,4.738749980926514,499296000
2019-04-26,4.420252323150635,4.452250003814697,4.522250175476074,4.332499980926514,4.517749786376953,868988000
2019-04-29,4.45103120803833,4.483250141143799,4.511250019073486,4.387499809265137,4.460249900817871,391920000
2019-04-30,4.4924798011779785,4.525000095367432,4.550749778747559,4.43149995803833,4.45074987411499,362920000
2019-05-01,4.479325294494629,4.511750221252441,4.620250225067139,4.511499881744385,4.577750205993652,354280000
2019-05-02,4.5468363761901855,4.579750061035156,4.6217498779296875,4.478000164031982,4.521500110626221,394684000
2019-05-03,4.5423688888549805,4.575250148773193,4.598249912261963,4.51324987411499,4.588250160217285,336824000
2019-05-06,4.463937759399414,4.496250152587891,4.508500099182129,4.349999904632568,4.387499809265137,422176000
2019-05-07,4.2966485023498535,4.327750205993652,4.447500228881836,4.279250144958496,4.447500228881836,555220000
2019-05-08,4.316751956939697,4.3480000495910645,4.428750038146973,4.288000106811523,4.300000190734863,419168000
2019-05-09,4.224172115325928,4.254749774932861,4.288249969482422,4.135000228881836,4.278500080108643,660248000
2019-05-10,4.190167427062988,4.2204999923706055,4.289750099182129,4.099999904632568,4.223750114440918,569500000
2019-05-13,3.9327809810638428,3.961250066757202,4.110750198364258,3.9452500343322754,4.087500095367432,656912000
2019-05-14,4.021886825561523,4.051000118255615,4.08650016784668,3.962249994277954,4.00124979019165,524880000
2019-05-15,3.9608287811279297,3.989500045776367,4.026249885559082,3.9352500438690186,3.994999885559082,502320000
2019-05-16,3.975968599319458,4.004749774932861,4.047749996185303,3.9412500858306885,3.9839999675750732,781088000
2019-05-17,3.8851263523101807,3.913249969482422,4.092750072479248,3.873500108718872,3.9625000953674316,1022068000
2019-05-20,3.7664852142333984,3.793750047683716,3.8692500591278076,3.768749952316284,3.8137500286102295,572064000
2019-05-21,3.848640203475952,3.876499891281128,3.8924999237060547,3.815999984741211,3.8550000190734863,361848000
2019-05-22,3.7776546478271484,3.805000066757202,3.8637499809265137,3.7939999103546143,3.8375000953674316,325868000
2019-05-23,3.6565322875976562,3.683000087738037,3.7422499656677246,3.6227500438690186,3.7422499656677246,591844000
2019-05-24,3.6026711463928223,3.6287500858306885,3.737499952316284,3.621999979019165,3.7019999027252197,357584000
2019-05-28,3.5574984550476074,3.583250045776367,3.679500102996826,3.581249952316284,3.6465001106262207,428356000
2019-05-29,3.4832851886749268,3.508500099182129,3.570499897003174,3.4735000133514404,3.535249948501587,559800000
2019-05-30,3.4566972255706787,3.477750062942505,3.543750047683716,3.4392499923706055,3.5077500343322754,394300000
2019-05-31,3.3660004138946533,3.3864998817443848,3.4962499141693115,3.3847498893737793,3.428499937057495,389720000
2019-06-03,3.324253559112549,3.3445000648498535,3.4367499351501465,3.315000057220459,3.397749900817871,478644000
2019-06-04,3.553359270095825,3.575000047683716,3.5802500247955322,3.3867499828338623,3.4089999198913574,641836000
2019-06-05,3.510618209838867,3.5320000648498535,3.654750108718872,3.495500087738037,3.649250030517578,511616000
2019-06-06,3.572740077972412,3.5945000648498535,3.6192500591278076,3.533750057220459,3.536250114440918,408140000
2019-06-07,3.615480422973633,3.637500047683716,3.671999931335449,3.581249952316284,3.6005001068115234,348856000
2019-06-10,3.688286781311035,3.710750102996826,3.779750108718872,3.694000005722046,3.694000005722046,402780000
2019-06-11,3.7459359169006348,3.768749952316284,3.809000015258789,3.7290000915527344,3.7709999084472656,383872000
2019-06-12,3.6328747272491455,3.6549999713897705,3.731250047683716,3.6397500038146973,3.7249999046325684,358892000
2019-06-13,3.684062957763672,3.7065000534057617,3.7249999046325684,3.6594998836517334,3.6772499084472656,308080000
2019-06-14,3.5941107273101807,3.615999937057495,3.6372499465942383,3.571000099182129,3.6127500534057617,394428000
2019-06-17,3.6038012504577637,3.6257500648498535,3.6630001068115234,3.591249942779541,3.6142499446868896,276040000
2019-06-18,3.798863172531128,3.822000026702881,3.8777499198913574,3.676500082015991,3.6875,581920000
2019-06-19,3.8048272132873535,3.828000068664551,3.86899995803833,3.8017499446868896,3.8575000762939453,331644000
2019-06-20,3.829179048538208,3.8524999618530273,3.9332499504089355,3.8380000591278076,3.919250011444092,350168000
2019-06-21,3.7710328102111816,3.7939999103546143,3.88700008392334,3.7874999046325684,3.8375000953674316,434428000
2019-06-24,3.79339599609375,3.816499948501587,3.846250057220459,3.7679998874664307,3.815500020980835,282948000
2019-06-25,3.76407527923584,3.7869999408721924,3.8970000743865967,3.784250020980835,3.821500062942505,311868000
2019-06-26,3.957397699356079,3.9814999103546143,4.043000221252441,3.902250051498413,3.915250062942505,584072000
2019-06-27,4.056047439575195,4.080749988555908,4.099999904632568,4.031499862670898,4.067749977111816,445440000
2019-06-28,4.080894947052002,4.10575008392334,4.134250164031982,4.058750152587891,4.125,397668000
2019-07-01,4.129101753234863,4.154250144958496,4.348750114440918,4.116499900817871,4.3142499923706055,709756000
2019-07-02,4.031198501586914,4.055749893188477,4.158750057220459,4.042500019073486,4.137499809265137,400228000
2019-07-03,4.044119834899902,4.068749904632568,4.085000038146973,4.008500099182129,4.079249858856201,246636000
2019-07-05,3.981502056121826,4.0057501792907715,4.014500141143799,3.941999912261963,4.010000228881836,396552000
2019-07-08,3.9064581394195557,3.9302499294281006,3.964750051498413,3.9000000953674316,3.9457499980926514,329788000
2019-07-09,3.9089434146881104,3.9327499866485596,3.9609999656677246,3.875,3.8877499103546143,342860000
2019-07-10,3.9772768020629883,4.001500129699707,4.0592498779296875,3.9625000953674316,3.9765000343322754,452076000
2019-07-11,4.131834983825684,4.1570000648498535,4.197999954223633,4.037499904632568,4.074999809265137,682560000
2019-07-12,4.164884567260742,4.190249919891357,4.261750221252441,4.184999942779541,4.184999942779541,506392000
2019-07-15,4.156435012817383,4.1817498207092285,4.227749824523926,4.153250217437744,4.21150016784668,289840000
2019-07-16,4.151713848114014,4.177000045776367,4.204249858856201,4.120999813079834,4.166749954223633,341444000
2019-07-17,4.217066764831543,4.24275016784668,4.249750137329102,4.149250030517578,4.178750038146973,348204000
2019-07-18,4.2287445068359375,4.254499912261963,4.317749977111816,4.196249961853027,4.2532501220703125,442192000
2019-07-19,4.1855082511901855,4.210999965667725,4.299499988555908,4.204999923706055,4.293000221252441,344896000
2019-07-22,4.257072925567627,4.2829999923706055,4.296000003814697,4.224999904632568,4.232500076293945,315940000
2019-07-23,4.364916801452637,4.391499996185303,4.393499851226807,4.3067498207092285,4.322500228881836,428176000
2019-07-24,4.439462661743164,4.4664998054504395,4.472249984741211,4.358500003814697,4.434999942779541,366236000
2019-07-25,4.308260440826416,4.334499835968018,4.4375,4.310999870300293,4.424749851226807,392700000
2019-07-26,4.350255012512207,4.3767499923706055,4.423749923706055,4.36175012588501,4.36175012588501,274160000
2019-07-29,4.344042778015137,4.370500087738037,4.386750221252441,4.281750202178955,4.369500160217285,248160000
2019-07-30,4.35969877243042,4.386250019073486,4.398499965667725,4.3092498779296875,4.323750019073486,197772000
2019-07-31,4.192465782165527,4.2179999351501465,4.355500221252441,4.17549991607666,4.354499816894531,359416000
2019-08-01,4.098042011260986,4.123000144958496,4.319499969482422,4.070499897003174,4.228499889373779,421212000
2019-08-02,4.005354881286621,4.029749870300293,4.0995001792907715,3.9820001125335693,4.029749870300293,428348000
2019-08-05,3.746929883956909,3.7697501182556152,3.846250057220459,3.7225000858306885,3.8450000286102295,589156000
2019-08-06,3.785693407058716,3.8087499141693115,3.890749931335449,3.7607500553131104,3.8450000286102295,361272000
2019-08-07,3.823960542678833,3.847249984741211,3.859250068664551,3.7300000190734863,3.747499942779541,372560000
2019-08-08,3.932548999786377,3.9565000534057617,3.957750082015991,3.8475000858306885,3.905250072479248,309300000
2019-08-09,3.8311665058135986,3.8545000553131104,3.918750047683716,3.8037500381469727,3.915250062942505,341816000
2019-08-12,3.7633302211761475,3.786250114440918,3.8545000553131104,3.7642500400543213,3.802000045776367,279200000
2019-08-13,3.877633810043335,3.901249885559082,3.947499990463257,3.745500087738037,3.784749984741211,351956000
2019-08-14,3.729038715362549,3.7517499923706055,3.8237500190734863,3.707750082015991,3.8125,419880000
2019-08-15,3.6967356204986572,3.719249963760376,3.790750026702881,3.6847500801086426,3.770750045776367,477200000
2019-08-16,3.964853048324585,3.989000082015991,4.03849983215332,3.921999931335449,3.983750104904175,1007960000
2019-08-19,4.243654251098633,4.269499778747559,4.2855000495910645,4.086750030517578,4.103000164031982,815112000
2019-08-20,4.171344757080078,4.196750164031982,4.264500141143799,4.17549991607666,4.263999938964844,463188000
2019-08-21,4.254836082458496,4.280749797821045,4.336249828338623,4.241499900817871,4.26324987411499,427244000
2019-08-22,4.261048793792725,4.2870001792907715,4.333250045776367,4.247499942779541,4.290500164031982,303488000
2019-08-23,4.036416530609131,4.060999870300293,4.264750003814697,4.040999889373779,4.210000038146973,568056000
2019-08-26,4.111210346221924,4.136250019073486,4.1645002365112305,4.097750186920166,4.140250205993652,318208000
2019-08-27,4.020513534545898,4.045000076293945,4.177499771118164,4.015500068664551,4.174749851226807,290968000
2019-08-28,4.010066509246826,4.0304999351501465,4.083499908447266,3.9749999046325684,4.014500141143799,255612000
2019-08-29,4.153834819793701,4.175000190734863,4.207499980926514,4.11899995803833,4.122499942779541,357976000
2019-08-30,4.166520595550537,4.187749862670898,4.271500110626221,4.16949987411499,4.221499919891357,290616000
2019-09-03,4.0834431648254395,4.104249954223633,4.147749900817871,4.081250190734863,4.114500045776367,296140000
2019-09-04,4.1976118087768555,4.218999862670898,4.226500034332275,4.165249824523926,4.165249824523926,227728000
2019-09-05,4.470719337463379,4.493500232696533,4.499750137329102,4.320000171661377,4.321750164031982,695676000
2019-09-06,4.443607807159424,4.466249942779541,4.527249813079834,4.427999973297119,4.46999979019165,376976000
2019-09-09,4.489623546600342,4.512499809265137,4.5995001792907715,4.495999813079834,4.497499942779541,417524000
2019-09-10,4.556284427642822,4.579500198364258,4.606249809265137,4.469749927520752,4.479499816894531,352812000
2019-09-11,4.584888458251953,4.608250141143799,4.656750202178955,4.565000057220459,4.594250202178955,361512000
2019-09-12,4.583395481109619,4.606750011444092,4.710000038146973,4.598750114440918,4.65500020980835,327840000
2019-09-13,4.525440692901611,4.548500061035156,4.577000141143799,4.504499912261963,4.539750099182129,324592000
2019-09-16,4.482409477233887,4.505249977111816,4.539999961853027,4.462500095367432,4.4730000495910645,231832000
2019-09-17,4.5038018226623535,4.526750087738037,4.531000137329102,4.465250015258789,4.51200008392334,223048000
2019-09-18,4.47668981552124,4.499499797821045,4.5355000495910645,4.412499904632568,4.519750118255615,258152000
2019-09-19,4.401073932647705,4.423500061035156,4.52400016784668,4.412749767303467,4.505499839782715,245476000
2019-09-20,4.29536247253418,4.317249774932861,4.446249961853027,4.307000160217285,4.422500133514404,350244000
2019-09-23,4.348840713500977,4.370999813079834,4.416749954223633,4.31374979019165,4.317500114440918,249712000
2019-09-24,4.291382312774658,4.3132500648498535,4.432250022888184,4.277500152587891,4.402500152587891,317268000
2019-09-25,4.433160305023193,4.455749988555908,4.475500106811523,4.267749786376953,4.312749862670898,308432000
2019-09-26,4.411023139953613,4.433499813079834,4.454750061035156,4.38224983215332,4.446000099182129,234564000
2019-09-27,4.272230625152588,4.294000148773193,4.442500114440918,4.232999801635742,4.391499996185303,362056000
2019-09-30,4.329687118530273,4.351749897003174,4.361999988555908,4.28849983215332,4.320000171661377,186184000
2019-10-01,4.327947616577148,4.349999904632568,4.525000095367432,4.345250129699707,4.375,366008000
2019-10-02,4.304069995880127,4.326000213623047,4.340000152587891,4.2532501220703125,4.328000068664551,293372000
2019-10-03,4.509770393371582,4.532750129699707,4.539000034332275,4.300000190734863,4.33050012588501,450588000
2019-10-04,4.526187896728516,4.54925012588501,4.578750133514404,4.4695000648498535,4.534999847412109,265524000
2019-10-07,4.584888458251953,4.608250141143799,4.708499908447266,4.60575008392334,4.614500045776367,480984000
2019-10-08,4.408288478851318,4.430749893188477,4.515999794006348,4.412499904632568,4.515999794006348,444436000
2019-10-09,4.494846820831299,4.517749786376953,4.567500114440918,4.479000091552734,4.507999897003174,292412000
2019-10-10,4.552551746368408,4.57574987411499,4.626999855041504,4.510250091552734,4.515500068664551,309124000
2019-10-11,4.62617826461792,4.649750232696533,4.733500003814697,4.641250133514404,4.660250186920166,446404000
2019-10-14,4.639608383178711,4.663249969482422,4.6842498779296875,4.609749794006348,4.640999794006348,200040000
2019-10-15,4.88436222076416,4.909249782562256,4.982250213623047,4.739999771118164,4.754000186920166,664124000
2019-10-16,4.830634593963623,4.855249881744385,4.980500221252441,4.84375,4.875,428944000
2019-10-17,4.8326263427734375,4.857250213623047,4.945250034332275,4.802499771118164,4.900000095367432,263436000
2019-10-18,4.738107681274414,4.762249946594238,4.890500068664551,4.6875,4.857749938964844,307440000
2019-10-21,4.8754072189331055,4.90024995803833,4.913750171661377,4.804999828338623,4.823999881744385,261868000
2019-10-22,4.8654584884643555,4.890250205993652,5.0632500648498535,4.882500171661377,4.957499980926514,328720000
2019-10-23,4.852524757385254,4.8772501945495605,4.891499996185303,4.775750160217285,4.807750225067139,279916000
2019-10-24,4.896550178527832,4.921500205993652,4.955249786376953,4.884500026702881,4.918749809265137,232020000
2019-10-25,5.087575912475586,5.113500118255615,5.134500026702881,4.994750022888184,5.002500057220459,423092000
2019-10-28,5.1435418128967285,5.169750213623047,5.222499847412109,5.127999782562256,5.15749979019165,330792000
2019-10-29,5.047281265258789,5.072999954223633,5.16225004196167,5.053500175476074,5.155749797821045,211236000
2019-10-30,5.0492706298828125,5.074999809265137,5.10575008392334,5.006499767303467,5.099999904632568,205960000
2019-10-31,5.000023365020752,5.0254998207092285,5.074999809265137,4.945250034332275,5.053999900817871,209732000
2019-11-01,5.039073467254639,5.0647501945495605,5.097249984741211,4.964749813079834,4.989999771118164,283640000
2019-11-04,5.235820293426514,5.262499809265137,5.275000095367432,5.123000144958496,5.146249771118164,376716000
2019-11-05,5.213685512542725,5.240250110626221,5.28849983215332,5.191999912261963,5.262249946594238,300868000
2019-11-06,5.164435386657715,5.1907501220703125,5.2417497634887695,5.102749824523926,5.216000080108643,269012000
2019-11-07,5.182094097137451,5.208499908447266,5.292500019073486,5.16349983215332,5.277750015258789,280340000
2019-11-08,5.1681647300720215,5.194499969482422,5.226250171661377,5.153749942779541,5.191500186920166,189100000
2019-11-11,5.1781158447265625,5.204500198364258,5.227749824523926,5.10699987411499,5.193749904632568,243436000
2019-11-12,5.213685512542725,5.240250110626221,5.296500205993652,5.207749843597412,5.243000030517578,283504000
2019-11-13,5.187814712524414,5.214250087738037,5.236499786376953,5.147500038146973,5.208749771118164,300188000
2019-11-14,5.218161106109619,5.244750022888184,5.247000217437744,5.163000106811523,5.223249912261963,518080000
2019-11-15,5.0788702964782715,5.104750156402588,5.29449987411499,5.015999794006348,5.242499828338623,1053628000
2019-11-18,5.280095100402832,5.307000160217285,5.333749771118164,5.094250202178955,5.097249984741211,574588000
2019-11-19,5.173389434814453,5.199749946594238,5.299499988555908,5.141250133514404,5.275750160217285,414564000
2019-11-20,5.252735614776611,5.2795000076293945,5.363749980926514,5.164000034332275,5.176750183105469,472588000
2019-11-21,5.2278618812561035,5.254499912261963,5.330999851226807,5.232749938964844,5.275000095367432,288388000
2019-11-22,5.2455220222473145,5.272250175476074,5.323999881744385,5.248499870300293,5.277249813079834,224100000
2019-11-25,5.502215385437012,5.530250072479248,5.535250186920166,5.388000011444092,5.401000022888184,506476000
2019-11-26,5.397496700286865,5.425000190734863,5.517250061035156,5.418499946594238,5.512499809265137,385244000
2019-11-27,5.432345867156982,5.455999851226807,5.50124979019165,5.429500102996826,5.466750144958496,215784000
2019-11-29,5.395008087158203,5.418499946594238,5.453499794006348,5.394499778747559,5.425000190734863,141556000
2019-12-02,5.2085700035095215,5.231249809265137,5.425000190734863,5.216000080108643,5.411499977111816,372036000
2019-12-03,5.168992042541504,5.191500186920166,5.195499897003174,5.009250164031982,5.046750068664551,465232000
2019-12-04,5.212801933288574,5.235499858856201,5.297999858856201,5.20674991607666,5.2754998207092285,273424000
2019-12-05,5.195874214172363,5.218500137329102,5.273250102996826,5.187749862670898,5.257500171661377,184884000
2019-12-06,5.281252861022949,5.3042497634887695,5.337250232696533,5.2779998779296875,5.288000106811523,232236000
2019-12-09,5.281252861022949,5.3042497634887695,5.359250068664551,5.272500038146973,5.28125,211880000
2019-12-10,5.326308727264404,5.3495001792907715,5.401500225067139,5.281499862670898,5.334499835968018,256388000
2019-12-11,5.409943580627441,5.433499813079834,5.439000129699707,5.357500076293945,5.360000133514404,233796000
2019-12-12,5.577462673187256,5.601749897003174,5.619999885559082,5.395500183105469,5.4045000076293945,404348000
2019-12-13,5.575471878051758,5.59975004196167,5.7245001792907715,5.545499801635742,5.604750156402588,454704000
2019-12-16,5.604346752166748,5.628749847412109,5.701499938964844,5.6192498207092285,5.647500038146973,320976000
2019-12-17,5.6825056076049805,5.707250118255615,5.730000019073486,5.638000011444092,5.647500038146973,321196000
2019-12-18,5.712874889373779,5.737750053405762,5.798500061035156,5.733749866485596,5.742249965667725,343548000
2019-12-19,5.860978603363037,5.886499881744385,5.900000095367432,5.767499923706055,5.772500038146973,445360000
2019-12-20,5.958305358886719,5.984250068664551,6.009749889373779,5.934000015258789,5.953249931335449,603044000
2019-12-23,5.944613933563232,5.9704999923706055,6.045249938964844,5.959750175476074,6.013000011444092,355060000
2019-12-24,5.939635753631592,5.9654998779296875,5.982749938964844,5.920499801635742,5.954999923706055,138864000
2019-12-26,5.953824520111084,5.979750156402588,6.007999897003174,5.949999809265137,5.968999862670898,182852000
2019-12-27,5.89607572555542,5.921750068664551,6.008500099182129,5.895249843597412,5.994999885559082,254644000
2019-12-30,5.782819747924805,5.808000087738037,5.90500020980835,5.776500225067139,5.899750232696533,258056000
2019-12-31,5.856997013092041,5.882500171661377,5.892000198364258,5.7532501220703125,5.772500038146973,231004000
2020-01-02,5.971745491027832,5.9977498054504395,5.9977498054504395,5.918000221252441,5.96875,237536000
2020-01-03,5.876163005828857,5.901750087738037,5.9457502365112305,5.852499961853027,5.877500057220459,205384000
2020-01-06,5.900805950164795,5.926499843597412,5.9317498207092285,5.781750202178955,5.808000087738037,262636000
2020-01-07,5.9722442626953125,5.9982500076293945,6.044250011444092,5.909749984741211,5.954999923706055,314856000
2020-01-08,5.983445644378662,6.009500026702881,6.051000118255615,5.953750133514404,5.99399995803833,277108000
2020-01-09,6.049159526824951,6.075500011444092,6.148250102996826,6.021500110626221,6.096250057220459,255112000
2020-01-10,6.081518173217773,6.107999801635742,6.213749885559082,6.09375,6.1832499504089355,316296000
2020-01-13,6.272189140319824,6.299499988555908,6.324749946594238,6.168749809265137,6.191500186920166,319840000
2020-01-14,6.155197620391846,6.182000160217285,6.2820000648498535,6.168749809265137,6.256499767303467,359088000
2020-01-15,6.112633228302002,6.139249801635742,6.217249870300293,6.113249778747559,6.19474983215332,263104000
2020-01-16,6.196269512176514,6.223249912261963,6.229249954223633,6.16949987411499,6.192999839782715,284192000
2020-01-17,6.204980850219727,6.23199987411499,6.25,6.1842498779296875,6.242499828338623,253792000
2020-01-21,6.171626091003418,6.198500156402588,6.232250213623047,6.164249897003174,6.195250034332275,217916000
2020-01-22,6.225641250610352,6.252749919891357,6.339749813079834,6.224999904632568,6.24399995803833,239240000
2020-01-23,6.294093132019043,6.321499824523926,6.329999923706055,6.203750133514404,6.293000221252441,244516000
2020-01-24,6.234851837158203,6.26200008392334,6.487500190734863,6.207499980926514,6.4375,373512000
2020-01-27,5.978965759277344,6.005000114440918,6.056250095367432,5.805749893188477,5.955999851226807,470536000
2020-01-28,6.172374248504639,6.199250221252441,6.231750011444092,6.017749786376953,6.071249961853027,310976000
2020-01-29,6.1118879318237305,6.138500213623047,6.2210001945495605,6.098499774932861,6.184750080108643,258848000
2020-01-30,6.118607044219971,6.145249843597412,6.158750057220459,5.985000133514404,6.040249824523926,290504000
2020-01-31,5.885124683380127,5.910749912261963,6.111249923706055,5.868750095367432,6.099249839782715,370420000
2020-02-03,5.982202529907227,6.0082502365112305,6.027750015258789,5.886250019073486,5.892499923706055,255564000
2020-02-04,6.151463985443115,6.178249835968018,6.197500228881836,6.100500106811523,6.150750160217285,271544000
2020-02-05,6.241820335388184,6.269000053405762,6.309999942779541,6.1852498054504395,6.299749851226807,208220000
2020-02-06,6.32869291305542,6.356249809265137,6.356249809265137,6.2220001220703125,6.303500175476074,218284000
2020-02-07,6.262481689453125,6.289750099182129,6.338250160217285,6.264249801635742,6.315999984741211,189752000
2020-02-10,6.545748710632324,6.574250221252441,6.574999809265137,6.307499885559082,6.3125,529608000
2020-02-11,6.668213844299316,6.697249889373779,6.8125,6.6207499504089355,6.683000087738037,638556000
2020-02-12,6.783959865570068,6.813499927520752,6.820000171661377,6.711249828338623,6.750249862670898,374644000
2020-02-13,6.740150451660156,6.769499778747559,6.836999893188477,6.727749824523926,6.755249977111816,528016000
2020-02-14,7.213338851928711,7.244750022888184,7.3742499351501465,7.150000095367432,7.18149995803833,1041924000
2020-02-18,7.382105350494385,7.414249897003174,7.432750225067139,7.121500015258789,7.140999794006348,620164000
2020-02-19,7.833390235900879,7.867499828338623,7.885250091552734,7.53725004196167,7.53725004196167,694332000
2020-02-20,7.684041976928711,7.71750020980835,7.9079999923706055,7.408750057220459,7.819250106811523,810052000
2020-02-21,7.319876194000244,7.351749897003174,7.630000114440918,7.266499996185303,7.604750156402588,768180000
2020-02-24,6.802379608154297,6.831999778747559,7.046750068664551,6.699999809265137,6.754749774932861,856916000
2020-02-25,6.522846698760986,6.551249980926514,6.969749927520752,6.448999881744385,6.90749979019165,1055496000
2020-02-26,6.662240982055664,6.691249847412109,6.886250019073486,6.550000190734863,6.551499843597412,747732000
2020-02-27,6.291382789611816,6.315000057220459,6.675000190734863,6.222249984741211,6.372499942779541,906416000
2020-02-28,6.726498126983643,6.7517499923706055,6.811500072479248,6.044750213623047,6.061500072479248,1133252000
2020-03-02,6.884903430938721,6.910749912261963,6.9397501945495605,6.525000095367432,6.922500133514404,890744000
2020-03-03,6.622389793395996,6.647250175476074,7.026750087738037,6.561500072479248,6.966750144958496,652792000
2020-03-04,7.086149215698242,7.112750053405762,7.122250080108643,6.679999828338623,6.755000114440918,597408000
2020-03-05,6.806697368621826,6.832250118255615,7.079999923706055,6.787499904632568,6.912499904632568,540328000
2020-03-06,6.626125812530518,6.651000022888184,6.709750175476074,6.449999809265137,6.6519999504089355,515412000
2020-03-09,6.113051891326904,6.136000156402588,6.485000133514404,5.954500198364258,5.997499942779541,614160000
2020-03-10,6.502589225769043,6.5269999504089355,6.5269999504089355,6.149750232696533,6.41349983215332,580648000
2020-03-11,6.138705253601074,6.161749839782715,6.414999961853027,6.0642499923706055,6.386499881744385,499964000
2020-03-12,5.3875250816345215,5.407750129699707,5.9029998779296875,5.394999980926514,5.636499881744385,816540000
2020-03-13,5.998480796813965,6.020999908447266,6.0254998207092285,5.490250110626221,5.762499809265137,634836000
2020-03-16,4.891635894775391,4.909999847412109,5.652500152587891,4.849999904632568,5.3102498054504395,726972000
2020-03-17,5.411436557769775,5.4317498207092285,5.521500110626221,4.775000095367432,5.022749900817871,833632000
2020-03-18,5.051536560058594,5.070499897003174,5.248499870300293,4.517000198364258,5.002500057220459,874268000
2020-03-19,5.3043365478515625,5.324250221252441,5.41825008392334,4.834750175476074,5.048999786376953,765512000
2020-03-20,5.124512672424316,5.143750190734863,5.757999897003174,5.1282501220703125,5.474999904632568,804636000
2020-03-23,5.297363758087158,5.317249774932861,5.4120001792907715,4.9629998207092285,5.142749786376953,643876000
2020-03-24,6.206201076507568,6.229499816894531,6.316500186920166,5.701250076293945,5.724999904632568,1101644000
2020-03-25,6.1175360679626465,6.140500068664551,6.545499801635742,6.0914998054504395,6.34499979019165,793432000
2020-03-26,6.406949043273926,6.431000232696533,6.555500030517578,6.25,6.348499774932861,696108000
2020-03-27,6.294620513916016,6.3182501792907715,6.578000068664551,6.2170000076293945,6.25,638828000
2020-03-30,6.614917755126953,6.639750003814697,6.64900016784668,6.339749813079834,6.383999824523926,602252000
2020-03-31,6.565354347229004,6.590000152587891,6.885000228881836,6.443749904632568,6.679999828338623,949960000
2020-04-01,6.054022789001465,6.076749801635742,6.538249969482422,6.0320000648498535,6.391250133514404,656912000
2020-04-02,6.362864017486572,6.386750221252441,6.400000095367432,6.057750225067139,6.105999946594238,675764000
2020-04-03,6.074944496154785,6.097750186920166,6.390749931335449,5.959750175476074,6.348999977111816,663212000
2020-04-06,6.6849045753479,6.710000038146973,6.747000217437744,6.323249816894531,6.38100004196167,727884000
2020-04-07,6.451530456542969,6.475749969482422,6.956250190734863,6.432499885559082,6.932499885559082,784520000
2020-04-08,6.64879035949707,6.673749923706055,6.698750019073486,6.514999866485596,6.585249900817871,542444000
2020-04-09,6.549164295196533,6.573750019073486,6.822999954223633,6.510499954223633,6.800000190734863,525564000
2020-04-13,6.7210187911987305,6.746250152587891,6.755000114440918,6.425000190734863,6.513750076293945,398408000
2020-04-14,7.072200298309326,7.098750114440918,7.132999897003174,6.847249984741211,6.875,530948000
2020-04-15,6.994741439819336,7.020999908447266,7.104249954223633,6.884500026702881,6.929999828338623,366148000
2020-04-16,7.339946269989014,7.367499828338623,7.474999904632568,7.163750171661377,7.177000045776367,745620000
2020-04-17,7.280668258666992,7.308000087738037,7.471499919891357,7.173500061035156,7.449999809265137,539120000
2020-04-20,7.149412155151367,7.176249980926514,7.337500095367432,7.131750106811523,7.181000232696533,449388000
2020-04-21,6.712551116943359,6.737750053405762,7.1192498207092285,6.677750110626221,7.057750225067139,735160000
2020-04-22,7.126996040344238,7.153749942779541,7.196750164031982,6.885000228881836,6.930749893188477,483356000
2020-04-23,7.073695659637451,7.100249767303467,7.328499794006348,7.074999809265137,7.196000099182129,424160000
2020-04-24,7.212673187255859,7.239749908447266,7.2417497634887695,7.014999866485596,7.090000152587891,352328000
2020-04-27,7.399223327636719,7.427000045776367,7.587500095367432,7.349999904632568,7.374750137329102,479388000
2020-04-28,7.256758689880371,7.283999919891357,7.605000019073486,7.278500080108643,7.574999809265137,442904000
2020-04-29,7.43359375,7.46150016784668,7.514500141143799,7.34375,7.419250011444092,379160000
2020-04-30,7.279672622680664,7.307000160217285,7.46150016784668,7.293000221252441,7.407249927520752,375916000
2020-05-01,7.043060779571533,7.069499969482422,7.222499847412109,7.020999908447266,7.108749866485596,342096000
2020-05-04,7.255013942718506,7.282249927520752,7.296000003814697,7.021999835968018,7.021999835968018,317556000
2020-05-05,7.316036224365234,7.343500137329102,7.506750106811523,7.282249927520752,7.386750221252441,368896000
2020-05-06,7.416906356811523,7.44474983215332,7.550000190734863,7.385250091552734,7.423250198364258,323464000
2020-05-07,7.593245506286621,7.6217498779296875,7.6852498054504395,7.5329999923706055,7.584499835968018,373732000
2020-05-08,7.783280849456787,7.8125,7.818749904632568,7.659749984741211,7.693749904632568,339216000
2020-05-11,8.035335540771484,8.065500259399414,8.112500190734863,7.778749942779541,7.807499885559082,469060000
2020-05-12,7.773319721221924,7.802499771118164,8.172499656677246,7.792749881744385,8.123499870300293,493060000
2020-05-13,7.750903606414795,7.78000020980835,8.078499794006348,7.594749927520752,7.917500019073486,625852000
2020-05-14,8.000466346740723,8.030500411987305,8.03600025177002,7.6875,7.841750144958496,602312000
2020-05-15,8.45899772644043,8.490750312805176,8.500499725341797,7.874000072479248,7.889750003814697,987660000
2020-05-18,8.717524528503418,8.750249862670898,8.916500091552734,8.680500030517578,8.760499954223633,774460000
2020-05-19,8.77256965637207,8.805500030517578,9.087499618530273,8.762749671936035,8.790249824523926,717320000
2020-05-20,8.93645191192627,8.970000267028809,9.043000221252441,8.888750076293945,8.991000175476074,587536000
2020-05-21,8.742430686950684,8.775250434875488,9.052499771118164,8.737500190734863,9.05150032043457,761068000
2020-05-22,8.992493629455566,9.026249885559082,9.093000411987305,8.713250160217285,8.825249671936035,1038764000
2020-05-26,8.685147285461426,8.71774959564209,9.181750297546387,8.67199993133545,9.156749725341797,770780000
2020-05-27,8.493364334106445,8.525250434875488,8.632749557495117,7.9967498779296875,8.625,1175892000
2020-05-28,8.455257415771484,8.487000465393066,8.760499954223633,8.379249572753906,8.412249565124512,734896000
2020-05-29,8.842305183410645,8.875499725341797,8.875499725341797,8.484999656677246,8.554499626159668,745256000
2020-06-01,8.7733154296875,8.806249618530273,8.840749740600586,8.689499855041504,8.833250045776367,389876000
2020-06-02,8.792241096496582,8.825249671936035,8.837249755859375,8.657999992370605,8.796250343322754,391320000
2020-06-03,8.736701965332031,8.769499778747559,8.866250038146973,8.699999809265137,8.822250366210938,365440000
2020-06-04,8.737699508666992,8.766500473022461,8.943249702453613,8.677499771118164,8.727999687194824,424280000
2020-06-05,8.89069938659668,8.920000076293945,8.996999740600586,8.708000183105469,8.794500350952148,481748000
2020-06-08,8.776073455810547,8.805000305175781,8.889749526977539,8.685750007629395,8.877249717712402,387736000
2020-06-09,9.016278266906738,9.045999526977539,9.109749794006348,8.751250267028809,8.800000190734863,468488000
2020-06-10,9.335978507995605,9.36674976348877,9.5,9.153499603271484,9.167750358581543,632180000
2020-06-11,8.767353057861328,8.796250343322754,9.261249542236328,8.78600025177002,9.149999618530273,583652000
2020-06-12,8.903156280517578,8.932499885559082,9.187250137329102,8.70324993133545,9.162500381469727,570908000
2020-06-15,9.143610954284668,9.173749923706055,9.182250022888184,8.743749618530273,8.815250396728516,400004000
2020-06-16,9.038704872131348,9.068499565124512,9.26675033569336,8.838749885559082,9.225000381469727,535716000
2020-06-17,9.205656051635742,9.236000061035156,9.298999786376953,9.070249557495117,9.113750457763672,408304000
2020-06-18,9.18771743774414,9.218000411987305,9.282500267028809,9.114500045776367,9.22700023651123,254408000
2020-06-19,9.230822563171387,9.261249542236328,9.444999694824219,9.227250099182129,9.242500305175781,524160000
2020-06-22,9.49544906616211,9.526749610900879,9.53125,9.273249626159668,9.300000190734863,398468000
2020-06-23,9.418954849243164,9.449999809265137,9.642499923706055,9.407500267028809,9.550999641418457,375108000
2020-06-24,9.205158233642578,9.23550033569336,9.556500434875488,9.144499778747559,9.476249694824219,449372000
2020-06-25,9.458822250366211,9.489999771118164,9.505000114440918,9.182250022888184,9.35575008392334,376072000
2020-06-26,9.124921798706055,9.154999732971191,9.5,9.125,9.5,592084000
2020-06-29,9.16977596282959,9.199999809265137,9.204500198364258,8.899999618530273,9.169750213623047,342248000
2020-06-30,9.466547012329102,9.497750282287598,9.526249885559082,9.266500473022461,9.314000129699707,367892000
2020-07-01,9.498690605163574,9.529999732971191,9.575750350952148,9.413000106811523,9.520750045776367,326648000
2020-07-02,9.580670356750488,9.612250328063965,9.737500190734863,9.57824993133545,9.638999938964844,364056000
2020-07-06,9.806923866271973,9.839249610900879,9.9087495803833,9.712499618530273,9.74174976348877,315892000
2020-07-07,9.839317321777344,9.871749877929688,10.069999694824219,9.850749969482422,9.946249961853027,357800000
2020-07-08,10.1824369430542,10.215999603271484,10.225000381469727,9.965499877929688,9.993749618530273,365480000
2020-07-09,10.474475860595703,10.508999824523926,10.569999694824219,10.233499526977539,10.380249977111816,494548000
2020-07-10,10.444820404052734,10.479249954223633,10.65524959564209,10.37874984741211,10.588749885559082,497676000
2020-07-13,10.019224166870117,10.052249908447266,10.79224967956543,10.024999618530273,10.595000267028809,457076000
2020-07-14,10.342907905578613,10.376999855041504,10.402750015258789,9.785499572753906,10.074999809265137,542676000
2020-07-15,10.193649291992188,10.227250099182129,10.432999610900879,10.055749893188477,10.414250373840332,403984000
2020-07-16,10.10145378112793,10.134750366210938,10.20674991607666,9.895500183105469,10.015000343322754,344964000
2020-07-17,10.167984008789062,10.201499938964844,10.248499870300293,10.087750434875488,10.225500106811523,266284000
2020-07-20,10.476218223571777,10.510749816894531,10.53125,10.156749725341797,10.274250030517578,284852000
2020-07-21,10.29456615447998,10.328499794006348,10.5600004196167,10.286749839782715,10.512999534606934,277036000
2020-07-22,10.404454231262207,10.438750267028809,10.602499961853027,10.291500091552734,10.367500305175781,367292000
2020-07-23,10.096470832824707,10.12975025177002,10.54699993133545,10.03125,10.449999809265137,411660000
2020-07-24,10.161009788513184,10.194499969482422,10.364749908447266,9.777000427246094,9.875,473292000
2020-07-27,10.387264251708984,10.421500205993652,10.441749572753906,10.21774959564209,10.232250213623047,292132000
2020-07-28,10.181941032409668,10.215499877929688,10.381999969482422,10.209250450134277,10.374250411987305,271636000
2020-07-29,10.431118965148926,10.465499877929688,10.516249656677246,10.347000122070312,10.39074993133545,284508000
2020-07-30,10.579130172729492,10.61400032043457,10.623000144958496,10.295249938964844,10.375,308880000
2020-07-31,10.579877853393555,10.614749908447266,10.766500473022461,10.432999610900879,10.563249588012695,386080000
2020-08-03,10.974077224731445,11.010250091552734,11.098750114440918,10.715250015258789,10.732500076293945,412720000
2020-08-04,11.190861701965332,11.227749824523926,11.227749824523926,10.906000137329102,11.050000190734863,310336000
2020-08-05,11.249669075012207,11.286749839782715,11.371749877929688,11.166250228881836,11.244000434875488,249924000
2020-08-06,11.298258781433105,11.33549976348877,11.357999801635742,11.178750038146973,11.349749565124512,244316000
2020-08-07,11.162705421447754,11.19950008392334,11.50475025177002,11.037500381469727,11.3125,342516000
2020-08-10,11.128318786621094,11.164999961853027,11.408249855041504,10.856499671936035,11.334250450134277,427796000
2020-08-11,10.814353942871094,10.850000381469727,11.136750221252441,10.79574966430664,11.073749542236328,354512000
2020-08-12,11.402666091918945,11.440250396728516,11.467000007629395,10.958250045776367,10.990750312805176,464412000
2020-08-13,11.40540599822998,11.442999839782715,11.721750259399414,11.35575008392334,11.545999526977539,374460000
2020-08-14,11.526008605957031,11.564000129699707,11.704750061035156,11.440500259399414,11.529999732971191,366436000
2020-08-17,12.296469688415527,12.336999893188477,12.409749984741211,11.81725025177002,11.851249694824219,621300000
2020-08-18,12.220468521118164,12.260749816894531,12.496000289916992,12.086250305175781,12.449999809265137,503448000
2020-08-19,12.09862232208252,12.138500213623047,12.3149995803833,12.097999572753906,12.296500205993652,622624000
2020-08-20,12.10111141204834,12.140999794006348,12.375,11.87874984741211,11.975000381469727,921388000
2020-08-21,12.641830444335938,12.683500289916992,12.80875015258789,12.195249557495117,12.201749801635742,999868000
2020-08-24,12.678460121154785,12.720250129699707,12.912500381469727,12.507499694824219,12.883749961853027,490564000
2020-08-25,12.708111763000488,12.75,12.761249542236328,12.573749542236328,12.630749702453613,289076000
2020-08-26,12.731036186218262,12.77299976348877,12.868499755859375,12.677749633789062,12.799249649047852,321244000
2020-08-27,12.586762428283691,12.628250122070312,12.850000381469727,12.566499710083008,12.781499862670898,317604000
2020-08-28,13.104557037353516,13.147749900817871,13.14799976348877,12.642499923706055,12.675000190734863,537160000
2020-08-31,13.330558776855469,13.374500274658203,13.574999809265137,13.037750244140625,13.18274974822998,500840000
2020-09-01,13.779716491699219,13.821000099182129,13.993749618530273,13.43649959564209,13.479999542236328,511316000
2020-09-02,14.303646087646484,14.346500396728516,14.726750373840332,13.899999618530273,14.703749656677246,874012000
2020-09-03,12.976621627807617,13.01550006866455,13.884499549865723,12.87874984741211,13.828749656677246,945128000
2020-09-04,12.584796905517578,12.6225004196167,13.175000190734863,11.704750061035156,12.7837495803833,1463684000
2020-09-08,11.877415657043457,11.913000106811523,12.550000190734863,11.70425033569336,11.73449993133545,795728000
2020-09-09,12.677019119262695,12.71500015258789,12.809249877929688,12.231749534606934,12.399999618530273,736200000
2020-09-10,12.274972915649414,12.311750411987305,13.065250396728516,12.166999816894531,12.989250183105469,698684000
2020-09-11,12.12816333770752,12.16450023651123,12.65250015258789,11.895750045776367,12.48550033569336,636928000
2020-09-14,12.833799362182617,12.872249603271484,13.3149995803833,12.631250381469727,13.081000328063965,1201744000
2020-09-15,12.952195167541504,12.991000175476074,13.298749923706055,12.827750205993652,13.279999732971191,727556000
2020-09-16,12.477115631103516,12.51449966430664,13.09274959564209,12.513750076293945,12.957249641418457,556384000
2020-09-17,12.426271438598633,12.463500022888184,12.589750289916992,12.034749984741211,12.13224983215332,792512000
2020-09-18,12.152838706970215,12.189249992370605,12.632499694824219,11.988750457763672,12.59375,698460000
2020-09-21,12.479860305786133,12.517250061035156,12.522500038146973,11.904500007629395,11.925000190734863,721044000
2020-09-22,12.59999942779541,12.637749671936035,12.64799976348877,12.155500411987305,12.574999809265137,646452000
2020-09-23,12.08753490447998,12.123749732971191,12.72700023651123,12.07925033569336,12.575499534606934,647012000
2020-09-24,12.311112403869629,12.347999572753906,12.569499969482422,12.013999938964844,12.072250366210938,731240000
2020-09-25,12.835291862487793,12.873749732971191,12.883500099182129,12.245750427246094,12.447500228881836,588016000
2020-09-28,12.996062278747559,13.03499984741211,13.051750183105469,12.75,13.040249824523926,573808000
2020-09-29,13.186243057250977,13.225749969482422,13.442749977111816,12.933250427246094,12.9375,621460000
2020-09-30,13.490084648132324,13.530500411987305,13.6225004196167,13.150250434875488,13.157500267028809,689184000
2020-10-01,13.573833465576172,13.614500045776367,13.762749671936035,13.460749626159668,13.758000373840332,525004000
2020-10-02,13.023232460021973,13.062250137329102,13.519499778747559,13.050999641418457,13.225000381469727,552496000
2020-10-05,13.6017484664917,13.642499923706055,13.64424991607666,13.222749710083008,13.236000061035156,479820000
2020-10-06,13.695466995239258,13.736499786376953,14.142000198364258,13.664999961853027,13.829999923706055,784420000
2020-10-07,13.922286987304688,13.96399974822998,14.119250297546387,13.863499641418457,13.999750137329102,418084000
2020-10-08,13.797411918640137,13.838749885559082,14.084500312805176,13.758000373840332,14.074999809265137,378900000
2020-10-09,13.721636772155762,13.762749671936035,13.824250221252441,13.660750389099121,13.767000198364258,346892000
2020-10-12,14.18350601196289,14.22599983215332,14.347000122070312,13.912500381469727,13.989500045776367,434744000
2020-10-13,14.2056884765625,14.248250007629395,14.34850025177002,14.018750190734863,14.296500205993652,344604000
2020-10-14,14.053146362304688,14.095250129699707,14.34274959564209,13.960000038146973,14.290499687194824,276100000
2020-10-15,13.92827033996582,13.970000267028809,14.005749702453613,13.767749786376953,13.810750007629395,267224000
2020-10-16,13.770244598388672,13.81149959564209,14.121500015258789,13.792499542236328,14.036749839782715,242392000
2020-10-19,13.457430839538574,13.497750282287598,13.983499526977539,13.406749725341797,13.902999877929688,298068000
2020-10-20,13.604740142822266,13.645500183105469,13.799750328063965,13.506999969482422,13.583499908447266,229212000
2020-10-21,13.48435115814209,13.524749755859375,13.791500091552734,13.477499961853027,13.625,219596000
2020-10-22,13.321086883544922,13.361000061035156,13.611749649047852,13.231749534606934,13.522500038146973,290480000
2020-10-23,13.549654960632324,13.590250015258789,13.593250274658203,13.291250228881836,13.449999809265137,233484000
2020-10-26,13.101994514465332,13.141249656677246,13.692749977111816,13.03849983215332,13.427000045776367,336896000
2020-10-27,13.356732368469238,13.396750450134277,13.442000389099121,13.191499710083008,13.305999755859375,250520000
2020-10-28,12.589282989501953,12.626999855041504,13.260000228881836,12.609000205993652,13.197999954223633,376520000
2020-10-29,12.985093116760254,13.02400016784668,13.192749977111816,12.75,12.838500022888184,320080000
2020-10-30,12.496560096740723,12.534000396728516,12.93649959564209,12.300000190734863,12.850000381469727,416820000
2020-11-02,12.543170928955078,12.580750465393066,12.836750030517578,12.395000457763672,12.657750129699707,299652000
2020-11-03,12.980608940124512,13.019499778747559,13.104999542236328,12.602749824523926,12.708499908447266,272900000
2020-11-04,13.753045082092285,13.794249534606934,13.827500343322754,13.336999893188477,13.389249801635742,410228000
2020-11-05,14.117703437805176,14.15999984741211,14.33899974822998,13.991000175476074,14.162500381469727,319028000
2020-11-06,14.518503189086914,14.562000274658203,14.588749885559082,13.895000457763672,14.109749794006348,383348000
2020-11-09,13.590032577514648,13.630749702453613,14.691499710083008,13.610750198364258,14.552499771118164,582976000
2020-11-10,12.731856346130371,12.770000457763672,13.606499671936035,12.628250122070312,13.606499671936035,644068000
2020-11-11,13.377921104431152,13.418000221252441,13.4350004196167,12.948249816894531,13.053750038146973,404744000
2020-11-12,13.416553497314453,13.45674991607666,13.765999794006348,13.315999984741211,13.479000091552734,365812000
2020-11-13,13.257282257080078,13.29699993133545,13.668749809265137,13.059249877929688,13.627249717712402,346312000
2020-11-16,13.474879264831543,13.515250205993652,13.649499893188477,13.156000137329102,13.172499656677246,413776000
2020-11-17,13.382157325744629,13.422249794006348,13.5962495803833,13.303750038146973,13.552499771118164,312028000
2020-11-18,13.388635635375977,13.428750038146973,13.60575008392334,13.1850004196167,13.465250015258789,510924000
2020-11-19,13.400104522705078,13.440250396728516,13.487500190734863,13.100000381469727,13.212750434875488,565936000
2020-11-20,13.048656463623047,13.087750434875488,13.494500160217285,13.0649995803833,13.454000473022461,341088000
2020-11-23,13.100749015808105,13.140000343322754,13.382499694824219,13.01550006866455,13.171250343322754,361356000
2020-11-24,12.919041633605957,12.95775032043457,13.161999702453613,12.885000228881836,13.142499923706055,346500000
2020-11-25,13.195216178894043,13.234749794006348,13.269499778747559,13.020000457763672,13.032500267028809,259916000
2020-11-27,13.221634864807129,13.261249542236328,13.407500267028809,13.170499801635742,13.375,167276000
2020-11-30,13.361470222473145,13.40149974822998,13.412500381469727,12.972249984741211,13.265000343322754,286952000
2020-12-01,13.350003242492676,13.390000343322754,13.5287504196167,13.228249549865723,13.492250442504883,296948000
2020-12-02,13.50404167175293,13.544500350952148,13.673500061035156,13.23425006866455,13.350500106811523,283360000
2020-12-03,13.359932899475098,13.395999908447266,13.65999984741211,13.329000473022461,13.587499618530273,199520000
2020-12-04,13.521742820739746,13.558250427246094,13.5600004196167,13.388750076293945,13.44849967956543,202244000
2020-12-07,13.570112228393555,13.606749534606934,13.731249809265137,13.5,13.601249694824219,223244000
2020-12-08,13.314054489135742,13.350000381469727,13.598750114440918,13.281499862670898,13.585000038146973,271920000
2020-12-09,12.895933151245117,12.930749893188477,13.413999557495117,12.868249893188477,13.30049991607666,401300000
2020-12-10,12.937322616577148,12.972249984741211,13.068750381469727,12.849499702453613,12.869000434875488,207764000
2020-12-11,12.978211402893066,13.013250350952148,13.020000457763672,12.822999954223633,12.967249870300293,209264000
2020-12-14,13.272913932800293,13.30875015258789,13.388750076293945,13.077500343322754,13.088000297546387,270156000
2020-12-15,13.324528694152832,13.36050033569336,13.46399974822998,13.186750411987305,13.439749717712402,193016000
2020-12-16,13.206843376159668,13.242500305175781,13.437250137329102,13.212499618530273,13.422499656677246,223116000
2020-12-17,13.305328369140625,13.3412504196167,13.379500389099121,13.178500175476074,13.36674976348877,231384000
2020-12-18,13.236265182495117,13.272000312805176,13.404999732971191,13.070500373840332,13.378999710083008,342064000
2020-12-21,13.296351432800293,13.332249641418457,13.369999885559082,12.967499732971191,13.074749946594238,302332000
2020-12-22,13.242497444152832,13.278249740600586,13.337249755859375,13.053999900817871,13.319250106811523,185580000
2020-12-23,12.974220275878906,13.009249687194824,13.274999618530273,13.005000114440918,13.255999565124512,179144000
2020-12-24,12.95876407623291,12.993749618530273,13.132499694824219,12.938750267028809,13.037249565124512,97884000
2020-12-28,12.865266799926758,12.899999618530273,13.0625,12.763250350952148,13.0625,212564000
2020-12-29,12.90839958190918,12.943249702453613,13.072500228881836,12.842249870300293,12.925000190734863,170372000
2020-12-30,13.11035442352295,13.145750045776367,13.213749885559082,12.896750450134277,12.990249633789062,225396000
2020-12-31,13.019848823547363,13.055000305175781,13.151000022888184,12.914999961853027,13.136500358581543,192424000
2021-01-04,13.078190803527832,13.113499641418457,13.65250015258789,12.962499618530273,13.104249954223633,560640000
2021-01-05,13.368657112121582,13.404749870300293,13.443499565124512,13.086999893188477,13.099749565124512,322760000
2021-01-06,12.580535888671875,12.614500045776367,13.244999885559082,12.586000442504883,13.22249984741211,580424000
2021-01-07,13.30807113647461,13.343999862670898,13.377750396728516,12.886500358581543,12.967499732971191,461480000
2021-01-08,13.241003036499023,13.276749610900879,13.420999526977539,13.041999816894531,13.362500190734863,292528000
2021-01-11,13.584822654724121,13.621500015258789,13.961000442504883,13.362500190734863,13.418749809265137,518344000
2021-01-12,13.448443412780762,13.484749794006348,13.754500389099121,13.345000267028809,13.7524995803833,291476000
2021-01-13,13.495315551757812,13.531749725341797,13.625,13.385000228881836,13.489999771118164,210028000
2021-01-14,13.164705276489258,13.200249671936035,13.599749565124512,13.180500030517578,13.574999809265137,283120000
2021-01-15,12.824878692626953,12.85949993133545,13.325249671936035,12.84850025177002,13.227999687194824,277780000
2021-01-19,12.990180015563965,13.025250434875488,13.093999862670898,12.843999862670898,13.016249656677246,226188000
2021-01-20,13.329761505126953,13.365750312805176,13.430500030517578,13.056750297546387,13.111749649047852,258572000
2021-01-21,13.830163955688477,13.867500305175781,13.999250411987305,13.253000259399414,13.418499946594238,337780000
2021-01-22,13.675578117370605,13.712499618530273,13.841750144958496,13.627249717712402,13.739999771118164,246820000
2021-01-25,13.616486549377441,13.653249740600586,13.828499794006348,13.236499786376953,13.781749725341797,251112000
2021-01-26,13.399075508117676,13.435250282287598,13.644749641418457,13.387499809265137,13.580499649047852,163980000
2021-01-27,12.882969856262207,12.917750358581543,13.232749938964844,12.793749809265137,13.229999542236328,371272000
2021-01-28,13.015857696533203,13.050999641418457,13.339750289916992,12.96049976348877,12.99625015258789,228316000
2021-01-29,12.9547758102417,12.989749908447266,13.334750175476074,12.911499977111816,13.074999809265137,271552000
2021-02-01,13.2013578414917,13.237000465393066,13.270750045776367,12.902750015258789,13.053250312805176,217204000
2021-02-02,13.520249366760254,13.556750297546387,13.571999549865723,13.285499572753906,13.398750305175781,220440000
2021-02-03,13.49406909942627,13.530500411987305,13.931750297546387,13.516500473022461,13.63599967956543,245408000
2021-02-04,13.627460479736328,13.664250373840332,13.673500061035156,13.337750434875488,13.531000137329102,201340000
2021-02-05,13.554405212402344,13.590999603271484,13.737250328063965,13.54574966430664,13.725000381469727,169152000
2021-02-08,14.399873733520508,14.438750267028809,14.473750114440918,13.727250099182129,13.727250099182129,434624000
2021-02-09,14.224844932556152,14.263250350952148,14.583250045776367,14.22249984741211,14.340749740600586,287560000
2021-02-10,14.72449779510498,14.764249801635742,14.904999732971191,14.341500282287598,14.463250160217285,485352000
2021-02-11,15.209687232971191,15.250749588012695,15.272250175476074,14.925000190734863,14.980250358581543,450828000
2021-02-12,14.920966148376465,14.961250305175781,15.291250228881836,14.774999618530273,15.050000190734863,374756000
2021-02-16,15.288973808288574,15.330249786376953,15.3725004196167,14.949999809265137,15.064249992370605,321960000
2021-02-17,14.865864753723145,14.906000137329102,15.22350025177002,14.779999732971191,15.170999526977539,274756000
2021-02-18,14.789070129394531,14.829000473022461,14.873250007629395,14.574999809265137,14.729000091552734,233868000
2021-02-19,14.886311531066895,14.92650032043457,15.177000045776367,14.846750259399414,15.024499893188477,271724000
2021-02-22,14.317097663879395,14.35575008392334,15.13325023651123,14.324999809265137,14.774749755859375,325884000
2021-02-23,14.103921890258789,14.142000198364258,14.238750457763672,13.38949966430664,14.075249671936035,391780000
2021-02-24,14.4599609375,14.49899959564209,14.506750106811523,13.755999565124512,14.122750282287598,448320000
2021-02-25,13.27166748046875,13.307499885559082,14.374750137329102,13.2162504196167,14.045499801635742,824436000
2021-02-26,13.677571296691895,13.714500427246094,13.854499816894531,13.361000061035156,13.7524995803833,500932000
2021-03-01,13.80448055267334,13.841750144958496,13.925000190734863,13.553250312805176,13.875,353184000
2021-03-02,13.37015438079834,13.40625,13.920499801635742,13.395999908447266,13.899999618530273,264116000
2021-03-03,12.770272254943848,12.804750442504883,13.451499938964844,12.798749923706055,13.426250457763672,377592000
2021-03-04,12.336942672729492,12.37024974822998,12.975000381469727,12.083749771118164,12.800749778747559,573344000
2021-03-05,12.427947998046875,12.46150016784668,12.550000190734863,11.67924976348877,12.550000190734863,542840000
2021-03-08,11.56203556060791,11.593250274658203,12.4712495803833,11.566499710083008,12.449999809265137,543112000
2021-03-09,12.490849494934082,12.52025032043457,12.61674976348877,12.059249877929688,12.130249977111816,521824000
2021-03-10,12.438969612121582,12.468250274658203,12.979999542236328,12.457500457763672,12.840499877929688,384376000
2021-03-11,12.962987899780273,12.993499755859375,13.046250343322754,12.73449993133545,12.949999809265137,299916000
2021-03-12,12.825810432434082,12.855999946594238,12.888750076293945,12.59000015258789,12.648249626159668,243964000
2021-03-15,13.160273551940918,13.19124984741211,13.20674991607666,12.767250061035156,12.864749908447266,221988000
2021-03-16,13.260038375854492,13.291250228881836,13.512499809265137,13.11674976348877,13.356499671936035,272128000
2021-03-17,13.309920310974121,13.3412504196167,13.45324993133545,12.989500045776367,13.039750099182129,243864000
2021-03-18,12.692623138427734,12.72249984741211,13.184000015258789,12.717000007629395,13.136500358581543,293896000
2021-03-19,12.815585136413574,12.845749855041504,12.921500205993652,12.612500190734863,12.75,299208000
2021-03-22,13.15528392791748,13.186249732971191,13.394499778747559,12.906749725341797,12.912750244140625,297804000
2021-03-23,13.040053367614746,13.07075023651123,13.344499588012695,13.021249771118164,13.254249572753906,222048000
2021-03-24,12.613308906555176,12.642999649047852,13.159250259399414,12.636750221252441,13.151249885559082,245840000
2021-03-25,12.505812644958496,12.535249710083008,12.714750289916992,12.272000312805176,12.499500274658203,295144000
2021-03-26,12.809100151062012,12.839249610900879,12.856249809265137,12.373499870300293,12.554499626159668,363968000
2021-03-29,12.917841911315918,12.948249816894531,13.0625,12.699999809265137,12.820249557495117,273520000
2021-03-30,12.841524124145508,12.871749877929688,12.975250244140625,12.704999923706055,12.842000007629395,200204000
2021-03-31,13.316903114318848,13.348250389099121,13.470499992370605,12.982500076293945,13.01550006866455,314776000
2021-04-01,13.779317855834961,13.811750411987305,13.869999885559082,13.511249542236328,13.572250366210938,308276000
2021-04-05,13.954651832580566,13.987500190734863,14.013999938964844,13.732999801635742,13.867500305175781,255672000
2021-04-06,13.828948020935059,13.861499786376953,14.05424976348877,13.773500442504883,13.999750137329102,191744000
2021-04-07,14.110285758972168,14.143500328063965,14.243499755859375,13.71150016784668,13.880749702453613,251284000
2021-04-08,14.283379554748535,14.317000389099121,14.471500396728516,14.24899959564209,14.252750396728516,244416000
2021-04-09,14.366183280944824,14.399999618530273,14.407999992370605,14.175000190734863,14.21399974822998,195172000
2021-04-12,15.173284530639648,15.208999633789062,15.352499961853027,14.139249801635742,14.289750099182129,869324000
2021-04-13,15.642678260803223,15.679499626159668,15.699999809265137,15.125749588012695,15.231499671936035,676212000
2021-04-14,15.24112606048584,15.277000427246094,15.720499992370605,15.227499961853027,15.625,385500000
2021-04-15,16.099353790283203,16.137250900268555,16.214250564575195,15.631500244140625,15.662500381469727,598480000
2021-04-16,15.87513256072998,15.912500381469727,16.16575050354004,15.865249633789062,16.05299949645996,335208000
2021-04-19,15.325675964355469,15.361749649047852,15.807499885559082,15.232999801635742,15.536499977111816,404420000
2021-04-20,15.135623931884766,15.171250343322754,15.496999740600586,14.963000297546387,15.323249816894531,334132000
2021-04-21,15.324429512023926,15.36050033569336,15.362500190734863,15.102250099182129,15.118749618530273,216776000
2021-04-22,14.815377235412598,14.850250244140625,15.43850040435791,14.783499717712402,15.375,277788000
2021-04-23,15.229402542114258,15.265250205993652,15.335000038146973,14.900250434875488,14.934249877929688,227500000
2021-04-26,15.441649436950684,15.477999687194824,15.479000091552734,15.125,15.1850004196167,197796000
2021-04-27,15.34562873840332,15.381750106811523,15.670499801635742,15.354499816894531,15.578499794006348,164572000
2021-04-28,15.240875244140625,15.276749610900879,15.53225040435791,15.215499877929688,15.364500045776367,209416000
2021-04-29,15.288763046264648,15.324749946594238,15.43649959564209,15.071499824523926,15.399999618530273,173196000
2021-04-30,14.974254608154297,15.009499549865723,15.364999771118164,14.996999740600586,15.174500465393066,201912000
2021-05-03,14.801907539367676,14.836750030517578,15.246749877929688,14.787500381469727,15.125,203912000
2021-05-04,14.317548751831055,14.351249694824219,14.637499809265137,14.010250091552734,14.637249946594238,405324000
2021-05-05,14.424549102783203,14.458499908447266,14.81350040435791,14.387499809265137,14.708999633789062,292024000
2021-05-06,14.48889446258545,14.52299976348877,14.571249961853027,14.218000411987305,14.49524974822998,193380000
2021-05-07,14.77746868133545,14.812250137329102,14.970749855041504,14.67175006866455,14.808250427246094,229328000
2021-05-10,14.232250213623047,14.26574993133545,14.805999755859375,14.25,14.787249565124512,268904000
2021-05-11,14.27265453338623,14.306249618530273,14.35474967956543,13.75,13.824999809265137,285584000
2021-05-12,13.726191520690918,13.758500099182129,14.260250091552734,13.709250450134277,14.009499549865723,303408000
2021-05-13,13.633159637451172,13.665249824523926,14.080750465393066,13.458999633789062,14.0337495803833,285404000
2021-05-14,14.209553718566895,14.243000030517578,14.32800006866455,13.748499870300293,13.890000343322754,258616000
2021-05-17,14.132232666015625,14.165499687194824,14.169249534606934,13.853500366210938,14.156999588012695,216980000
2021-05-18,13.982836723327637,14.01574993133545,14.404250144958496,14.003999710083008,14.267000198364258,186256000
2021-05-19,14.032718658447266,14.065750122070312,14.079500198364258,13.54325008392334,13.566499710083008,344000000
2021-05-20,14.578185081481934,14.612500190734863,14.68375015258789,14.270500183105469,14.302499771118164,321592000
2021-05-21,14.956544876098633,14.99174976348877,15.222000122070312,14.869500160217285,15.163749694824219,672992000
2021-05-24,15.575337409973145,15.612000465393066,15.744999885559082,15.175999641418457,15.212499618530273,554816000
2021-05-25,15.611004829406738,15.647749900817871,15.818499565124512,15.482500076293945,15.765999794006348,435408000
2021-05-26,15.663129806518555,15.699999809265137,15.793749809265137,15.586250305175781,15.73425006866455,370440000
2021-05-27,15.451628684997559,15.48799991607666,15.75,15.460000038146973,15.699749946594238,581476000
2021-05-28,16.20635223388672,16.24449920654297,16.27750015258789,15.50100040435791,15.50100040435791,644536000
2021-06-01,16.226306915283203,16.26449966430664,16.38825035095215,15.903249740600586,16.270000457763672,472804000
2021-06-02,16.738849639892578,16.778249740600586,16.918750762939453,16.23550033569336,16.25225067138672,594168000
2021-06-03,16.929901123046875,16.969749450683594,17.259000778198242,16.58300018310547,16.70075035095215,580008000
2021-06-04,17.536968231201172,17.578250885009766,17.660999298095703,17.095500946044922,17.112499237060547,617120000
2021-06-07,17.577627182006836,17.618999481201172,17.8125,17.192750930786133,17.571250915527344,575756000
2021-06-08,17.41600799560547,17.457000732421875,17.62150001525879,17.250999450683594,17.527250289916992,323848000
2021-06-09,17.321453094482422,17.35824966430664,17.575000762939453,17.25575065612793,17.515750885009766,381656000
2021-06-10,17.388065338134766,17.424999237060547,17.492000579833984,17.176000595092773,17.350000381469727,287772000
2021-06-11,17.78746223449707,17.82525062561035,17.939250946044922,17.443750381469727,17.47949981689453,416308000
2021-06-14,17.98055648803711,18.018749237060547,18.039499282836914,17.662750244140625,17.9060001373291,321376000
2021-06-15,17.750791549682617,17.78849983215332,18.016250610351562,17.72800064086914,17.915000915527344,243032000
2021-06-16,17.772497177124023,17.81024932861328,17.954750061035156,17.58449935913086,17.79075050354004,307124000
2021-06-17,18.617698669433594,18.657249450683594,18.834999084472656,17.756250381469727,17.774499893188477,809656000
2021-06-18,18.599241256713867,18.638750076293945,19.375,18.583999633789062,18.784000396728516,968856000
2021-06-21,18.388185501098633,18.427249908447266,18.536500930786133,17.822750091552734,18.43524932861328,672384000
2021-06-22,18.846712112426758,18.886749267578125,18.9637508392334,18.38599967956543,18.471500396728516,580144000
2021-06-23,19.0168514251709,19.057249069213867,19.15275001525879,18.90774917602539,19.007749557495117,332356000
2021-06-24,19.164794921875,19.20549964904785,19.420000076293945,19.08824920654297,19.227750778198242,320924000
2021-06-25,18.990659713745117,19.0310001373291,19.345500946044922,18.894500732421875,19.280500411987305,278364000
2021-06-28,19.942636489868164,19.985000610351562,20.078750610351562,19.319000244140625,19.361249923706055,495436000
2021-06-29,19.98430061340332,20.026750564575195,20.0987491607666,19.656999588012695,19.88249969482422,367632000
2021-06-30,19.960100173950195,20.002500534057617,20.162500381469727,19.863750457763672,19.999250411987305,326568000
2021-07-01,20.16915512084961,20.211999893188477,20.45599937438965,20.018999099731445,20.125,480136000
2021-07-02,20.443574905395508,20.48699951171875,20.505250930786133,20.287750244140625,20.440250396728516,342764000
2021-07-06,20.654626846313477,20.69849967956543,20.841999053955078,20.350250244140625,20.737499237060547,446708000
2021-07-07,20.328571319580078,20.371749877929688,20.875,20.332000732421875,20.853500366210938,418428000
2021-07-08,19.860559463500977,19.90275001525879,20.132999420166016,19.70075035095215,19.85650062561035,503300000
2021-07-09,20.007747650146484,20.050249099731445,20.080249786376953,19.754249572753906,19.962499618530273,296624000
2021-07-12,20.46902084350586,20.512500762939453,20.53274917602539,20.1877498626709,20.239999771118164,321984000
2021-07-13,20.207077026367188,20.25,20.46125030517578,20.11400032043457,20.40049934387207,290708000
2021-07-14,19.7994441986084,19.84149932861328,20.417749404907227,19.752750396728516,20.357749938964844,380100000
2021-07-15,18.926042556762695,18.966249465942383,19.847000122070312,18.85849952697754,19.811750411987305,550564000
2021-07-16,18.122501373291016,18.160999298095703,19.156999588012695,18.072999954223633,19.030500411987305,688224000
2021-07-19,18.739944458007812,18.77975082397461,19.04199981689453,17.86549949645996,17.915250778198242,749060000
2021-07-20,18.572547912597656,18.61199951171875,18.83799934387207,18.163999557495117,18.729999542236328,434687000
2021-07-21,19.36885643005371,19.40999984741211,19.527000427246094,18.742000579833984,18.881999969482422,371017000
2021-07-22,19.552467346191406,19.5939998626709,19.886999130249023,19.275999069213867,19.642000198364258,323826000
2021-07-23,19.51654624938965,19.558000564575195,19.700000762939453,19.25,19.6560001373291,195672000
2021-07-26,19.253103256225586,19.29400062561035,19.441999435424805,18.913999557495117,19.31100082397461,203943000
2021-07-27,19.167287826538086,19.20800018310547,19.621999740600586,18.740999221801758,19.264999389648438,248863000
2021-07-28,19.46165657043457,19.503000259399414,19.645999908447266,18.9950008392334,19.319000244140625,202191000
2021-07-29,19.620323181152344,19.66200065612793,19.85300064086914,19.327999114990234,19.518999099731445,190781000
2021-07-30,19.457670211791992,19.499000549316406,19.6299991607666,19.26300048828125,19.417999267578125,183497000
2021-08-02,19.7081356048584,19.75,19.961000442504883,19.361000061035156,19.700000762939453,217444000
2021-08-03,19.77300262451172,19.815000534057617,20.222000122070312,19.219999313354492,19.739999771118164,301811000
2021-08-04,20.23102378845215,20.27400016784668,20.31800079345703,19.827999114990234,19.989999771118164,231309000
2021-08-05,20.593252182006836,20.636999130249023,20.732999801635742,20.341999053955078,20.5,211435000
2021-08-06,20.322830200195312,20.365999221801758,20.56999969482422,20.209999084472656,20.52400016784668,178497000
2021-08-09,20.251981735229492,20.295000076293945,20.507999420166016,20.14299964904785,20.445999145507812,146443000
2021-08-10,19.89374351501465,19.93600082397461,20.43000030517578,19.834999084472656,20.32200050354004,179238000
2021-08-11,19.657241821289062,19.698999404907227,20.048999786376953,19.43000030517578,20.042999267578125,185925000
2021-08-12,19.862808227539062,19.905000686645508,20.02899932861328,19.6200008392334,19.8700008392334,151652000
2021-08-13,20.14521026611328,20.187999725341797,20.214000701904297,19.85099983215332,19.905000686645508,183063000
2021-08-16,19.907712936401367,19.950000762939453,20.28700065612793,19.452999114990234,20.135000228881836,210876000
2021-08-17,19.4167537689209,19.45800018310547,19.770000457763672,19.267000198364258,19.684999465942383,204585000
2021-08-18,18.999645233154297,19.040000915527344,19.634000778198242,19.0,19.5,285913000
2021-08-19,19.756032943725586,19.79800033569336,20.4950008392334,18.761999130249023,19.493999481201172,766555000
2021-08-20,20.771875381469727,20.81599998474121,20.864999771118164,19.933000564575195,19.990999221801758,675741000
2021-08-23,21.91145133972168,21.95800018310547,21.996999740600586,20.950000762939453,20.97100067138672,575807000
2021-08-24,21.746803283691406,21.792999267578125,21.958999633789062,21.53499984741211,21.753000259399414,297299000
2021-08-25,22.165918350219727,22.21299934387207,22.469999313354492,21.722000122070312,21.73699951171875,347701000
2021-08-26,22.021223068237305,22.06800079345703,22.34000015258789,21.790000915527344,22.200000762939453,237940000
2021-08-27,22.58802032470703,22.63599967956543,22.722000122070312,22.16699981689453,22.18400001525879,304722000
2021-08-30,22.639907836914062,22.687999725341797,23.042999267578125,22.551000595092773,22.829999923706055,262580000
2021-08-31,22.341493606567383,22.385000228881836,22.69499969482422,22.1200008392334,22.69499969482422,259850000
2021-09-01,22.397380828857422,22.44099998474121,22.69700050354004,22.35700035095215,22.485000610351562,201767000
2021-09-02,22.352466583251953,22.395999908447266,22.593000411987305,22.295000076293945,22.51799964904785,187834000
2021-09-03,22.798599243164062,22.843000411987305,22.986000061035156,22.200000762939453,22.325000762939453,280532000
2021-09-07,22.617952346801758,22.66200065612793,22.89900016784668,22.52199935913086,22.83300018310547,198107000
2021-09-08,22.295583724975586,22.339000701904297,22.610000610351562,21.976999282836914,22.51300048828125,254434000
2021-09-09,22.133893966674805,22.177000045776367,22.538000106811523,22.131000518798828,22.312000274658203,196856000
2021-09-10,22.43431282043457,22.47800064086914,22.625999450683594,22.270000457763672,22.347999572753906,248376000
2021-09-13,22.108943939208984,22.152000427246094,22.964000701904297,21.857999801635742,22.68400001525879,297500000
2021-09-14,22.198768615722656,22.242000579833984,22.40999984741211,22.086000442504883,22.274999618530273,199755000
2021-09-15,22.297576904296875,22.340999603271484,22.367000579833984,21.965999603271484,22.30900001525879,166538000
2021-09-16,22.198768615722656,22.242000579833984,22.277000427246094,21.927000045776367,22.183000564575195,156033000
2021-09-17,21.857433319091797,21.899999618530273,22.320999145507812,21.829999923706055,22.299999237060547,294503000
2021-09-20,21.07196807861328,21.113000869750977,21.433000564575195,20.66200065612793,21.145999908447266,349440000
2021-09-21,21.20470428466797,21.246000289916992,21.424999237060547,20.950000762939453,21.41699981689453,204688000
2021-09-22,21.898353576660156,21.94099998474121,21.959999084472656,21.195999145507812,21.365999221801758,268726000
2021-09-23,22.438302993774414,22.48200035095215,22.53499984741211,21.889999389648438,22.139999389648438,248555000
2021-09-24,22.03807830810547,22.08099937438965,22.14900016784668,21.861000061035156,22.06999969482422,217655000
2021-09-27,21.61789894104004,21.65999984741211,21.798999786376953,21.325000762939453,21.709999084472656,245215000
2021-09-28,20.658769607543945,20.698999404907227,21.41900062561035,20.650999069213867,21.214000701904297,343069000
2021-09-29,20.477121353149414,20.517000198364258,21.017000198364258,20.466999053955078,20.940000534057617,218394000
2021-09-30,20.675735473632812,20.715999603271484,21.06599998474121,20.687999725341797,20.76799964904785,221009000
2021-10-01,20.701688766479492,20.742000579833984,20.858999252319336,20.202999114990234,20.75,240978000
2021-10-04,19.693647384643555,19.73200035095215,20.54199981689453,19.55500030517578,20.503999710083008,345635000
2021-10-05,20.411252975463867,20.451000213623047,20.648000717163086,19.854000091552734,19.950000762939453,279282000
2021-10-06,20.659767150878906,20.700000762939453,20.719999313354492,20.079999923706055,20.1200008392334,297202000
2021-10-07,21.034038543701172,21.075000762939453,21.32200050354004,20.972000122070312,21.091999053955078,256919000
2021-10-08,20.79051399230957,20.83099937438965,21.20599937438965,20.774999618530273,21.10099983215332,151258000
2021-10-11,20.65477752685547,20.69499969482422,21.062999725341797,20.51099967956543,20.575000762939453,163388000
2021-10-12,20.630826950073242,20.67099952697754,21.05699920654297,20.527999877929688,20.827999114990234,162134000
2021-10-13,20.898296356201172,20.93899917602539,20.989999771118164,20.71299934387207,20.917999267578125,180652000
2021-10-14,21.7037296295166,21.746000289916992,21.7549991607666,21.121999740600586,21.288000106811523,243589000
2021-10-15,21.81950569152832,21.86199951171875,21.930999755859375,21.66200065612793,21.809999465942383,226994000
2021-10-18,22.178804397583008,22.222000122070312,22.291000366210938,21.643999099731445,21.749000549316406,189494000
2021-10-19,22.246675491333008,22.290000915527344,22.378999710083008,22.03700065612793,22.275999069213867,161473000
2021-10-20,22.06003761291504,22.10300064086914,22.433000564575195,21.98200035095215,22.30500030517578,146276000
2021-10-21,22.64789390563965,22.691999435424805,22.711000442504883,22.08300018310547,22.097000122070312,187590000
2021-10-22,22.681827545166016,22.72599983215332,23.1299991607666,22.56100082397461,22.822999954223633,249384000
2021-10-25,23.120969772338867,23.166000366210938,23.354999542236328,22.770000457763672,22.972999572753906,230235000
2021-10-26,24.668956756591797,24.716999053955078,25.259000778198242,23.923999786376953,23.98900032043457,485898000
2021-10-27,24.40347671508789,24.451000213623047,25.09000015258789,24.281999588012695,24.474000930786133,245990000
2021-10-28,24.89252471923828,24.94099998474121,24.950000762939453,24.523000717163086,24.878000259399414,234204000
2021-10-29,25.517303466796875,25.566999435424805,25.708999633789062,25.0,25.000999450683594,292503000
2021-11-01,25.776798248291016,25.82699966430664,25.893999099731445,25.226999282836914,25.64900016784668,265740000
2021-11-02,26.349681854248047,26.400999069213867,26.67799949645996,25.799999237060547,25.82200050354004,294112000
2021-11-03,26.546300888061523,26.597999572753906,26.784000396728516,26.235000610351562,26.670000076293945,239910000
2021-11-04,29.743074417114258,29.801000595092773,31.364999771118164,27.118000030517578,27.229000091552734,1153631000
2021-11-05,29.694171905517578,29.75200080871582,31.399999618530273,29.40999984741211,30.187000274658203,851260000
2021-11-08,30.744129180908203,30.804000854492188,31.100000381469727,29.906999588012695,30.14900016784668,503101000
2021-11-09,30.597408294677734,30.656999588012695,32.310001373291016,29.964000701904297,32.28200149536133,646746000
2021-11-10,29.401737213134766,29.458999633789062,30.850000381469727,28.777999877929688,29.356000900268555,636206000
2021-11-11,30.3309326171875,30.389999389648438,30.59000015258789,29.777000427246094,30.468000411987305,332172000
2021-11-12,30.3309326171875,30.389999389648438,30.68000030517578,29.6299991607666,30.010000228881836,413054000
2021-11-15,29.966636657714844,30.024999618530273,30.643999099731445,29.246999740600586,30.552000045776367,384909000
2021-11-16,30.1442928314209,30.202999114990234,30.389999389648438,29.70599937438965,29.759000778198242,264484000
2021-11-17,29.204124450683594,29.26099967956543,30.509000778198242,28.799999237060547,30.417999267578125,428508000
2021-11-18,31.613428115844727,31.674999237060547,32.7599983215332,31.320999145507812,32.367000579833984,781711000
2021-11-19,32.92089080810547,32.98500061035156,33.0880012512207,31.905000686645508,32.24300003051758,533867000
2021-11-22,31.893884658813477,31.95599937438965,34.64699935913086,31.899999618530273,33.516998291015625,754335000
2021-11-23,31.68429183959961,31.746000289916992,32.36000061035156,30.8799991607666,31.53499984741211,532163000
2021-11-24,32.61048889160156,32.67399978637695,32.85499954223633,30.92799949645996,31.461000442504883,435162000
2021-11-26,31.441768646240234,31.503000259399414,32.709999084472656,31.350000381469727,32.599998474121094,283069000
2021-11-29,33.31112289428711,33.375999450683594,33.4119987487793,32.0359992980957,32.36600112915039,454964000
2021-11-30,32.61248016357422,32.67599868774414,33.35300064086914,31.86400032043457,33.16899871826172,622066000
2021-12-01,31.377737045288086,31.434999465942383,33.28900146484375,31.3799991607666,33.21900177001953,484368000
2021-12-02,32.067474365234375,32.125999450683594,32.47800064086914,31.024999618530273,31.214000701904297,472890000
2021-12-03,30.6370906829834,30.69300079345703,32.12900161743164,30.1299991607666,32.0,544325000
2021-12-06,29.982288360595703,30.03700065612793,30.240999221801758,28.038000106811523,29.8799991607666,658938000
2021-12-07,32.36793518066406,32.426998138427734,32.44900131225586,30.650999069213867,30.957000732421875,593053000
2021-12-08,31.76803207397461,31.826000213623047,32.290000915527344,31.42099952697754,31.999000549316406,475551000
2021-12-09,30.43446159362793,30.489999771118164,32.20500183105469,30.42799949645996,31.733999252319336,488507000
2021-12-10,30.142993927001953,30.197999954223633,31.30500030517578,29.861000061035156,31.149999618530273,488825000
2021-12-13,28.109703063964844,28.160999298095703,30.29400062561035,28.115999221801758,30.249000549316406,598344000
2021-12-14,28.285385131835938,28.336999893188477,28.67799949645996,27.25,27.698999404907227,667035000
2021-12-15,30.403518676757812,30.458999633789062,30.5,27.83799934387207,28.399999618530273,698297000
2021-12-16,28.33528709411621,28.386999130249023,31.15999984741211,28.093000411987305,31.152000427246094,707366000
2021-12-17,27.750356674194336,27.801000595092773,28.922000885009766,27.760000228881836,27.985000610351562,713758000
2021-12-20,27.668508529663086,27.7189998626709,28.143999099731445,27.145000457763672,27.30500030517578,461847000
2021-12-21,29.022037506103516,29.075000762939453,29.1200008392334,27.400999069213867,28.374000549316406,524385000
2021-12-22,29.346445083618164,29.399999618530273,29.55500030517578,28.448999404907227,28.891000747680664,395184000
2021-12-23,29.58601188659668,29.639999389648438,30.05900001525879,29.430999755859375,29.7549991607666,343022000
2021-12-27,30.888635635375977,30.94499969482422,31.086999893188477,29.639999389648438,29.65999984741211,403686000
2021-12-28,30.266765594482422,30.32200050354004,31.329999923706055,30.011999130249023,31.312000274658203,420591000
2021-12-29,29.94635009765625,30.000999450683594,30.54800033569336,29.365999221801758,30.273000717163086,343139000
2021-12-30,29.5321102142334,29.586000442504883,30.457000732421875,29.540000915527344,29.82699966430664,308864000
2021-12-31,29.3574275970459,29.410999298095703,30.030000686645508,29.33099937438965,29.673999786376953,266530000
2022-01-03,30.066133499145508,30.121000289916992,30.711000442504883,29.78499984741211,29.815000534057617,391547000
2022-01-04,29.236650466918945,29.290000915527344,30.468000411987305,28.349000930786133,30.277000427246094,527154000
2022-01-05,27.5537166595459,27.604000091552734,29.416000366210938,27.533000946044922,28.948999404907227,498064000
2022-01-06,28.12667465209961,28.17799949645996,28.437999725341797,27.065000534057617,27.639999389648438,454186000
2022-01-07,27.197368621826172,27.246999740600586,28.422000885009766,27.05699920654297,28.141000747680664,409939000
2022-01-10,27.350088119506836,27.399999618530273,27.4689998626709,25.643999099731445,26.58099937438965,594681000
2022-01-11,27.76633071899414,27.816999435424805,28.065000534057617,26.839000701904297,27.322999954223633,404089000
2022-01-12,27.947999954223633,27.999000549316406,28.594999313354492,27.607999801635742,28.066999435424805,383413000
2022-01-13,26.526596069335938,26.575000762939453,28.479999542236328,26.49799919128418,28.378999710083008,540171000
2022-01-14,26.89292335510254,26.941999435424805,27.19700050354004,26.209999084472656,26.299999237060547,395832000
2022-01-18,25.855817794799805,25.902999877929688,26.63800048828125,25.770000457763672,26.260000228881836,424270000
2022-01-19,25.02134132385254,25.066999435424805,26.542999267578125,25.052000045776367,26.07900047302246,488315000
2022-01-20,24.10601043701172,24.149999618530273,25.57900047302246,24.077999114990234,25.304000854492188,435181000
2022-01-21,23.331422805786133,23.374000549316406,24.822999954223633,23.26300048828125,23.506999969482422,718958000
2022-01-24,23.329425811767578,23.371999740600586,23.3799991607666,20.88800048828125,22.329999923706055,913982000
2022-01-25,22.28333854675293,22.323999404907227,22.94300079345703,22.0,22.54599952697754,664616000
2022-01-26,22.73052215576172,22.77199935913086,24.05699920654297,22.299999237060547,23.239999771118164,755959000
2022-01-27,21.904029846191406,21.944000244140625,23.9950008392334,21.674999237060547,23.56800079345703,573353000
2022-01-28,22.798398971557617,22.84000015258789,22.857999801635742,21.29599952697754,22.011999130249023,543774000
2022-01-31,24.4414005279541,24.486000061035156,24.509000778198242,23.052000045776367,23.18199920654297,564680000
2022-02-01,24.59312629699707,24.63800048828125,25.145000457763672,23.889999389648438,25.104000091552734,518925000
2022-02-02,25.19602394104004,25.242000579833984,25.816999435424805,24.55299949645996,25.79400062561035,543419000
2022-02-03,23.90437889099121,23.947999954223633,25.07699966430664,23.780000686645508,24.45800018310547,410178000
2022-02-04,24.274702072143555,24.319000244140625,24.635000228881836,23.631999969482422,23.972000122070312,354829000
2022-02-07,24.682958602905273,24.72800064086914,25.18199920654297,24.20199966430664,24.371999740600586,376868000
2022-02-08,25.06226348876953,25.107999801635742,25.229999542236328,23.979999542236328,24.358999252319336,410359000
2022-02-09,26.656354904174805,26.704999923706055,26.725000381469727,25.35300064086914,25.621999740600586,524282000
2022-02-10,25.77695655822754,25.823999404907227,26.924999237060547,25.600000381469727,25.9950008392334,513200000
2022-02-11,23.905376434326172,23.948999404907227,26.152000427246094,23.773000717163086,25.916000366210938,605472000
2022-02-14,24.22279930114746,24.267000198364258,24.875,23.7549991607666,23.93400001525879,440424000
2022-02-15,26.446741104125977,26.4950008392334,26.545000076293945,24.784000396728516,24.948999404907227,699869000
2022-02-16,26.46270751953125,26.51099967956543,26.582000732421875,25.552000045776367,26.259000778198242,732676000
2022-02-17,24.462358474731445,24.506999969482422,25.78499984741211,24.165000915527344,25.6299991607666,810595000
2022-02-18,23.598936080932617,23.642000198364258,24.986000061035156,23.100000381469727,24.667999267578125,761255000
2022-02-22,23.347393035888672,23.389999389648438,24.06399917602539,23.0,23.03499984741211,633422000
2022-02-23,22.346221923828125,22.386999130249023,24.155000686645508,22.301000595092773,23.802000045776367,566511000
2022-02-24,23.70474624633789,23.74799919128418,23.799999237060547,20.889999389648438,21.014999389648438,735801000
2022-02-25,24.112998962402344,24.156999588012695,24.216999053955078,23.381000518798828,23.72100067138672,528866000
2022-02-28,24.340579986572266,24.385000228881836,24.665000915527344,23.707000732421875,23.992000579833984,477319000
2022-03-01,23.434236526489258,23.476999282836914,24.37700080871582,23.131999969482422,24.291000366210938,412056000
2022-03-02,24.180004119873047,24.219999313354492,24.409000396728516,23.415000915527344,23.756000518798828,389642000
2022-03-03,23.67483901977539,23.714000701904297,24.326000213623047,23.4689998626709,24.261999130249023,365095000
2022-03-04,22.89812469482422,22.93600082397461,23.68000030517578,22.48200035095215,23.384000778198242,431415000
2022-03-07,21.316736221313477,21.351999282836914,23.033000946044922,21.329999923706055,22.816999435424805,450821000
2022-03-08,21.478471755981445,21.513999938964844,22.37299919128418,20.649999618530273,21.30900001525879,557467000
2022-03-09,22.97599220275879,23.013999938964844,23.219999313354492,22.246999740600586,22.386999130249023,492742000
2022-03-10,22.62058448791504,22.658000946044922,22.788000106811523,21.881999969482422,22.5310001373291,428066000
2022-03-11,22.063505172729492,22.100000381469727,23.145000457763672,22.04599952697754,23.02199935913086,367209000
2022-03-14,21.294775009155273,21.329999923706055,22.261999130249023,21.159000396728516,21.868999481201172,385354000
2022-03-15,22.935062408447266,22.972999572753906,23.038000106811523,21.32200050354004,21.51799964904785,491996000
2022-03-16,24.455547332763672,24.496000289916992,24.597000122070312,23.172000885009766,23.5,671422000
2022-03-17,24.725101470947266,24.766000747680664,24.841999053955078,23.9060001373291,24.1200008392334,471941000
2022-03-18,26.409311294555664,26.452999114990234,26.569000244140625,24.624000549316406,24.798999786376953,730719000
2022-03-21,26.689849853515625,26.733999252319336,27.152000427246094,25.966999053955078,26.506999969482422,591727000
2022-03-22,26.48019790649414,26.52400016784668,27.238000869750977,26.07200050354004,26.726999282836914,547007000
2022-03-23,25.591665267944336,25.634000778198242,26.61199951171875,25.575000762939453,26.125999450683594,502120000
2022-03-24,28.103515625,28.149999618530273,28.31999969482422,25.906999588012695,26.166000366210938,877379000
2022-03-25,27.64626693725586,27.691999435424805,28.357999801635742,27.270999908447266,27.88599967956543,579016000
2022-03-28,28.172395706176758,28.2189998626709,28.25,27.20599937438965,27.756000518798828,425494000
2022-03-29,28.608675003051758,28.6560001373291,28.945999145507812,27.979999542236328,28.69499969482422,488984000
2022-03-30,27.644271850585938,27.690000534057617,28.496000289916992,27.503000259399414,28.304000854492188,463487000
2022-03-31,27.240938186645508,27.285999298095703,28.24799919128418,27.270000457763672,27.781999588012695,523440000
2022-04-01,26.66788673400879,26.711999893188477,27.496000289916992,26.267000198364258,27.375,517235000
2022-04-04,27.314815521240234,27.360000610351562,27.558000564575195,26.613000869750977,26.72800064086914,397120000
2022-04-05,25.88817596435547,25.930999755859375,27.319000244140625,25.81999969482422,27.253999710083008,436615000
2022-04-06,24.36669158935547,24.406999588012695,25.299999237060547,24.003000259399414,24.93400001525879,703833000
2022-04-07,24.16802215576172,24.20800018310547,24.722000122070312,23.47800064086914,24.44099998474121,557992000
2022-04-08,23.080820083618164,23.118999481201172,23.92300033569336,23.062000274658203,23.91699981689453,524781000
2022-04-11,21.88080596923828,21.91699981689453,22.31999969482422,21.65999984741211,22.214000701904297,575207000
2022-04-12,21.468488693237305,21.503999710083008,22.725000381469727,21.281999588012695,22.53700065612793,662258000
2022-04-13,22.166330337524414,22.202999114990234,22.5,21.454999923706055,21.72800064086914,516943000
2022-04-14,21.22289276123047,21.257999420166016,22.777000427246094,21.163000106811523,22.5049991607666,569097000
2022-04-18,21.747028350830078,21.783000946044922,22.08799934387207,21.07900047302246,21.200000762939453,525701000
2022-04-19,22.161344528198242,22.197999954223633,22.37299919128418,21.31399917602539,21.719999313354492,512781000
2022-04-20,21.446521759033203,21.48200035095215,22.670000076293945,21.200000762939453,22.517000198364258,468974000
2022-04-21,20.14967155456543,20.183000564575195,22.392000198364258,20.0,21.708999633789062,656209000
2022-04-22,19.482770919799805,19.514999389648438,20.486000061035156,19.5,20.30299949645996,624713000
2022-04-25,19.869136810302734,19.902000427246094,19.94499969482422,19.09600067138672,19.20199966430664,641566000
2022-04-26,18.756975173950195,18.788000106811523,19.788000106811523,18.670000076293945,19.718000411987305,653143000
2022-04-27,18.384592056274414,18.415000915527344,19.16699981689453,18.290000915527344,18.597999572753906,499460000
2022-04-28,19.749330520629883,19.781999588012695,20.03700065612793,18.489999771118164,18.966999053955078,570327000
2022-04-29,18.516372680664062,18.547000885009766,20.128000259399414,18.517000198364258,19.402000427246094,500435000
2022-05-02,19.50074577331543,19.533000946044922,19.573999404907227,18.391000747680664,18.541000366210938,572049000
2022-05-03,19.56962776184082,19.601999282836914,19.825000762939453,19.132999420166016,19.399999618530273,475751000
2022-05-04,20.30042266845703,20.333999633789062,20.399999618530273,18.750999450683594,19.92300033569336,648855000
2022-05-05,18.812877655029297,18.8439998626709,19.924999237060547,18.5,19.867000579833984,626331000
2022-05-06,18.6441593170166,18.674999237060547,19.511999130249023,17.989999771118164,18.736000061035156,633297000
2022-05-09,16.92201042175293,16.950000762939453,18.2549991607666,16.82699966430664,18.034000396728516,644455000
2022-05-10,17.565942764282227,17.594999313354492,18.197999954223633,17.024999618530273,17.68899917602539,761474000
2022-05-11,16.6025333404541,16.6299991607666,17.753000259399414,16.56800079345703,17.347000122070312,670167000
2022-05-12,16.148286819458008,16.174999237060547,16.788000106811523,15.567000389099121,16.2189998626709,708728000
2022-05-13,17.676755905151367,17.70599937438965,17.92799949645996,16.593000411987305,16.788000106811523,670437000
2022-05-16,17.23548698425293,17.263999938964844,17.788000106811523,17.106000900268555,17.509000778198242,521446000
2022-05-17,18.146984100341797,18.177000045776367,18.371000289916992,17.634000778198242,18.073999404907227,585830000
2022-05-18,16.91002655029297,16.937999725341797,18.118000030517578,16.86400032043457,17.704999923706055,545161000
2022-05-19,17.095720291137695,17.124000549316406,17.687000274658203,16.733999252319336,16.937000274658203,621310000
2022-05-20,16.666431427001953,16.694000244140625,17.40999984741211,15.755000114440918,17.332000732421875,739105000
2022-05-23,16.870092391967773,16.898000717163086,16.915000915527344,16.179000854492188,16.27400016784668,639889000
2022-05-24,16.127321243286133,16.15399932861328,16.597000122070312,15.779999732971191,16.510000228881836,588550000
2022-05-25,16.94696807861328,16.975000381469727,17.111000061035156,16.0,16.020000457763672,781132000
2022-05-26,17.821521759033203,17.85099983215332,18.091999053955078,16.02199935913086,16.035999298095703,996575000
2022-05-27,18.779937744140625,18.81100082397461,18.881000518798828,18.100000381469727,18.18600082397461,738379000
2022-05-31,18.641164779663086,18.672000885009766,19.200000762939453,18.350000381469727,18.979999542236328,664100000
2022-06-01,18.289749145507812,18.31999969482422,19.05299949645996,18.121999740600586,18.724000930786133,544514000
2022-06-02,19.55964469909668,19.591999053955078,19.618999481201172,18.197999954223633,18.29199981689453,648656000
2022-06-03,18.689083099365234,18.719999313354492,19.332000732421875,18.52199935913086,19.082000732421875,598779000
2022-06-06,18.75497817993164,18.785999298095703,19.336999893188477,18.56399917602539,19.138999938964844,422406000
2022-06-07,18.894746780395508,18.926000595092773,19.0,18.187999725341797,18.472000122070312,388914000
2022-06-08,18.621143341064453,18.648000717163086,19.18000030517578,18.53499984741211,18.798999786376953,363252000
2022-06-09,18.022005081176758,18.04800033569336,18.933000564575195,18.041000366210938,18.481000900268555,395574000
2022-06-10,16.949552536010742,16.974000930786133,17.69700050354004,16.868999481201172,17.600000381469727,465248000
2022-06-13,15.624463081359863,15.647000312805176,16.312000274658203,15.605999946594238,16.0,604153000
2022-06-14,15.813191413879395,15.836000442504883,16.06599998474121,15.411999702453613,15.730999946594238,469680000
2022-06-15,16.50319480895996,16.527000427246094,16.868000030517578,15.925999641418457,16.094999313354492,563936000
2022-06-16,15.57852840423584,15.60099983215332,15.942000389099121,15.401000022888184,15.859999656677246,545749000
2022-06-17,15.85712718963623,15.880000114440918,15.994999885559082,15.32800006866455,15.64799976348877,630334000
2022-06-21,16.542137145996094,16.56599998474121,17.007999420166016,16.406999588012695,16.475000381469727,483089000
2022-06-22,16.33643341064453,16.360000610351562,16.66200065612793,16.18000030517578,16.22599983215332,437135000
2022-06-23,16.201629638671875,16.225000381469727,16.584999084472656,15.852999687194824,16.518999099731445,463680000
2022-06-24,17.10133171081543,17.125999450683594,17.139999389648438,16.309999465942383,16.5,472153000
2022-06-27,16.844703674316406,16.868999481201172,17.329999923706055,16.625999450683594,17.312000274658203,427968000
2022-06-28,15.958980560302734,15.982000350952148,17.20199966430664,15.944999694824219,16.899999618530273,461149000
2022-06-29,15.519613265991211,15.541999816894531,15.819999694824219,15.170000076293945,15.814000129699707,482352000
2022-06-30,15.137164115905762,15.159000396728516,15.567000389099121,14.862000465393066,15.361000061035156,686070000
2022-07-01,14.502079963684082,14.52299976348877,15.062999725341797,14.392000198364258,14.89900016784668,577610000
2022-07-05,14.9424467086792,14.96399974822998,14.970999717712402,14.055000305175781,14.175000190734863,651397000
2022-07-06,15.108209609985352,15.130000114440918,15.319000244140625,14.788999557495117,15.010000228881836,529066000
2022-07-07,15.835159301757812,15.857999801635742,15.944999694824219,15.388999938964844,15.456000328063965,492903000
2022-07-08,15.815186500549316,15.838000297546387,16.03700065612793,15.388999938964844,15.430000305175781,467972000
2022-07-11,15.130176544189453,15.152000427246094,15.527000427246094,15.038000106811523,15.526000022888184,437321000
2022-07-12,15.060276985168457,15.081999778747559,15.430999755859375,14.876999855041504,15.267999649047852,458483000
2022-07-13,15.142158508300781,15.163999557495117,15.375,14.46500015258789,14.59000015258789,521918000
2022-07-14,15.349857330322266,15.371999740600586,15.472999572753906,14.727999687194824,15.107999801635742,456235000
2022-07-15,15.739296913146973,15.76200008392334,15.781999588012695,15.444999694824219,15.659000396728516,385935000
2022-07-18,16.077810287475586,16.10099983215332,16.89699935913086,16.00200080871582,16.302000045776367,670517000
2022-07-19,16.967529296875,16.992000579833984,17.110000610351562,16.172000885009766,16.486000061035156,702366000
2022-07-20,17.781352996826172,17.80699920654297,17.933000564575195,16.801000595092773,16.94700050354004,760538000
2022-07-21,18.02400016784668,18.049999237060547,18.143999099731445,17.545000076293945,17.885000228881836,557049000
2022-07-22,17.294055938720703,17.319000244140625,17.966999053955078,17.136999130249023,17.89299964904785,536671000
2022-07-25,16.999479293823242,17.02400016784668,17.124000549316406,16.64900016784668,17.018999099731445,480748000
2022-07-26,16.50918960571289,16.533000946044922,16.91900062561035,16.47800064086914,16.888999938964844,397865000
2022-07-27,17.764379501342773,17.790000915527344,17.93600082397461,16.913000106811523,17.031999588012695,569776000
2022-07-28,17.95809555053711,17.983999252319336,18.139999389648438,17.440000534057617,17.975000381469727,474646000
2022-07-29,18.136837005615234,18.163000106811523,18.243999481201172,17.691999435424805,17.812999725341797,435460000
2022-08-01,18.414438247680664,18.44099998474121,18.84600067138672,17.989999771118164,18.18199920654297,476469000
2022-08-02,18.49931526184082,18.525999069213867,18.937999725341797,18.091999053955078,18.121999740600586,489527000
2022-08-03,18.865785598754883,18.89299964904785,18.968000411987305,18.136999130249023,18.18400001525879,418146000
2022-08-04,19.187318801879883,19.21500015258789,19.27400016784668,18.760000228881836,18.849000930786133,409652000
2022-08-05,18.961650848388672,18.98900032043457,19.229000091552734,18.666000366210938,18.809999465942383,386068000
2022-08-08,17.76736831665039,17.792999267578125,18.23900032043457,17.242000579833984,17.50200080871582,981859000
2022-08-09,17.061389923095703,17.086000442504883,17.44700050354004,16.724000930786133,17.25200080871582,668263000
2022-08-10,18.070932388305664,18.097000122070312,18.118000030517578,17.316999435424805,17.697999954223633,597422000
2022-08-11,17.916156768798828,17.941999435424805,18.707000732421875,17.875999450683594,18.131000518798828,509327000
2022-08-12,18.682052612304688,18.708999633789062,18.718000411987305,17.952999114990234,18.15999984741211,478094000
2022-08-15,19.004587173461914,19.031999588012695,19.163999557495117,18.613000869750977,18.701000213623047,457666000
2022-08-16,18.8518123626709,18.878999710083008,19.142000198364258,18.500999450683594,18.920000076293945,451240000
2022-08-17,18.308589935302734,18.334999084472656,18.687999725341797,18.145000457763672,18.523000717163086,446799000
2022-08-18,18.74595832824707,18.773000717163086,18.864999771118164,18.183000564575195,18.301000595092773,415447000
2022-08-19,17.823291778564453,17.849000930786133,18.520000457763672,17.770000457763672,18.4060001373291,441588000
2022-08-22,17.00946807861328,17.034000396728516,17.558000564575195,16.965999603271484,17.489999771118164,409593000
2022-08-23,17.1562557220459,17.180999755859375,17.46500015258789,16.969999313354492,16.98900032043457,369986000
2022-08-24,17.197195053100586,17.222000122070312,17.4060001373291,16.895000457763672,17.011999130249023,522661000
2022-08-25,17.887197494506836,17.913000106811523,17.94700050354004,16.83300018310547,16.8439998626709,770691000
2022-08-26,16.236581802368164,16.260000228881836,17.923999786376953,16.23699951171875,17.85700035095215,769127000
2022-08-29,15.778241157531738,15.800999641418457,16.33799934387207,15.767000198364258,16.020000457763672,496132000
2022-08-30,15.445719718933105,15.468000411987305,16.038999557495117,15.182000160217285,15.960000038146973,530181000
2022-08-31,15.072257041931152,15.093999862670898,15.539999961853027,14.958999633789062,15.383999824523926,573710000
2022-09-01,13.9169282913208,13.937000274658203,14.380000114440918,13.270000457763672,14.208999633789062,1178865000
2022-09-02,13.627344131469727,13.647000312805176,14.170999526977539,13.590999603271484,14.100000381469727,743157000
2022-09-06,13.445605278015137,13.46500015258789,13.779000282287598,13.35099983215332,13.730999946594238,535751000
2022-09-07,13.698314666748047,13.71399974822998,13.838000297546387,13.345999717712402,13.562999725341797,512657000
2022-09-08,13.974000930786133,13.989999771118164,14.008000373840332,13.369000434875488,13.458999633789062,624873000
2022-09-09,14.3705472946167,14.38700008392334,14.473999977111816,14.12600040435791,14.156999588012695,486612000
2022-09-12,14.488409996032715,14.505000114440918,14.54699993133545,14.197999954223633,14.369000434875488,484159000
2022-09-13,13.115983963012695,13.130999565124512,13.92199993133545,13.098999977111816,13.802000045776367,714956000
2022-09-14,13.112987518310547,13.128000259399414,13.289999961853027,12.913000106811523,13.253999710083008,588507000
2022-09-15,12.914214134216309,12.928999900817871,13.232999801635742,12.789999961853027,13.015000343322754,523625000
2022-09-16,13.182906150817871,13.197999954223633,13.211999893188477,12.616999626159668,12.741999626159668,670751000
2022-09-19,13.366694450378418,13.381999969482422,13.463000297546387,13.010000228881836,13.01200008392334,569685000
2022-09-20,13.160931587219238,13.175999641418457,13.482999801635742,13.057000160217285,13.21500015258789,524818000
2022-09-21,13.245832443237305,13.26099967956543,14.031000137329102,13.109999656677246,13.213000297546387,807679000
2022-09-22,12.546636581420898,12.560999870300293,13.14900016784668,12.428000450134277,13.069999694824219,759162000
2022-09-23,12.501688003540039,12.515999794006348,12.611000061035156,12.256999969482422,12.420000076293945,663309000
2022-09-26,12.21401596069336,12.227999687194824,12.659000396728516,12.21399974822998,12.491000175476074,547343000
2022-09-27,12.3988037109375,12.413000106811523,12.736000061035156,12.258000373840332,12.506999969482422,553854000
2022-09-28,12.721436500549316,12.736000061035156,12.822999954223633,12.354000091552734,12.40999984741211,542414000
2022-09-29,12.206023216247559,12.220000267028809,12.5,11.946000099182129,12.447999954223633,532763000
2022-09-30,12.125115394592285,12.138999938964844,12.633000373840332,12.074999809265137,12.086999893188477,565638000
2022-10-03,12.497689247131348,12.51200008392334,12.678000450134277,12.104999542236328,12.347000122070312,547478000
2022-10-04,13.151941299438477,13.166999816894531,13.220000267028809,12.878999710083008,12.878999710083008,584182000
2022-10-05,13.193892478942871,13.208999633789062,13.321000099182129,12.621000289916992,12.91100025177002,507131000
2022-10-06,13.114985466003418,13.130000114440918,13.656000137329102,13.102999687194824,13.220000267028809,644157000
2022-10-07,12.062190055847168,12.076000213623047,12.670000076293945,12.022000312805176,12.505000114440918,672478000
2022-10-10,11.65665340423584,11.670000076293945,12.12399959564209,11.407999992370605,12.036999702453613,698699000
2022-10-11,11.572750091552734,11.586000442504883,11.845999717712402,11.282999992370605,11.560999870300293,667482000
2022-10-12,11.486848831176758,11.5,11.734999656677246,11.345000267028809,11.579000473022461,492590000
2022-10-13,11.946321487426758,11.960000038146973,12.07800006866455,10.812999725341797,10.970999717712402,850103000
2022-10-14,11.21415901184082,11.22700023651123,12.111000061035156,11.204000473022461,12.057000160217285,713432000
2022-10-17,11.874403953552246,11.887999534606934,11.947999954223633,11.517000198364258,11.517999649047852,580774000
2022-10-18,11.953314781188965,11.967000007629395,12.491999626159668,11.618000030517578,12.343999862670898,659362000
2022-10-19,12.037217140197754,12.050999641418457,12.350000381469727,11.833999633789062,11.878999710083008,523131000
2022-10-20,12.180055618286133,12.194000244140625,12.769000053405762,12.104999542236328,12.11299991607666,652398000
2022-10-21,12.451743125915527,12.465999603271484,12.498000144958496,11.88700008392334,12.097999572753906,609494000
2022-10-24,12.584590911865234,12.598999977111816,12.710000038146973,12.064000129699707,12.508000373840332,517457000
2022-10-25,13.245832443237305,13.26099967956543,13.300000190734863,12.663999557495117,12.694000244140625,505482000
2022-10-26,12.881251335144043,12.895999908447266,13.387999534606934,12.708000183105469,12.869000434875488,532953000
2022-10-27,13.160931587219238,13.175999641418457,13.838000297546387,13.121999740600586,13.630000114440918,583113000
2022-10-28,13.8181791305542,13.833999633789062,13.850000381469727,13.060999870300293,13.104000091552734,521040000
2022-10-31,13.481563568115234,13.496999740600586,13.838000297546387,13.29699993133545,13.777999877929688,486341000
2022-11-01,13.527510643005371,13.543000221252441,13.925000190734863,13.519000053405762,13.810999870300293,432817000
2022-11-02,13.203880310058594,13.218999862670898,14.210000038146973,13.211000442504883,13.850000381469727,672628000
2022-11-03,13.405652046203613,13.420999526977539,13.781000137329102,12.956000328063965,13.043000221252441,500065000
2022-11-04,14.139810562133789,14.156000137329102,14.229000091552734,13.696999549865723,13.986000061035156,612576000
2022-11-07,14.284645080566406,14.300999641418457,14.411999702453613,13.954000473022461,14.227999687194824,410061000
2022-11-08,14.585299491882324,14.60200023651123,14.890999794006348,14.215999603271484,14.800999641418457,595292000
2022-11-09,13.760244369506836,13.776000022888184,14.211000442504883,13.758999824523926,14.161999702453613,454414000
2022-11-10,15.731986045837402,15.75,15.77299976348877,14.54699993133545,14.800000190734863,700819000
2022-11-11,16.308326721191406,16.32699966430664,16.388999938964844,15.482000350952148,15.807000160217285,655487000
2022-11-14,16.276363372802734,16.295000076293945,16.540000915527344,15.92199993133545,16.218000411987305,527852000
2022-11-15,16.64693832397461,16.666000366210938,16.99799919128418,16.381999969482422,16.722000122070312,545876000
2022-11-16,15.891804695129395,15.90999984741211,16.36199951171875,15.873000144958496,16.16200065612793,649547000
2022-11-17,15.659071922302246,15.677000045776367,16.266000747680664,15.53499984741211,15.71500015258789,710894000
2022-11-18,15.391378402709961,15.409000396728516,16.00200080871582,15.119999885559082,15.965999603271484,492072000
2022-11-21,15.299484252929688,15.317000389099121,15.47700023651123,15.079999923706055,15.147000312805176,404739000
2022-11-22,16.01966094970703,16.038000106811523,16.058000564575195,15.121999740600586,15.32800006866455,472866000
2022-11-23,16.500102996826172,16.518999099731445,16.527000427246094,16.04800033569336,16.097999572753906,427241000
2022-11-25,16.25139045715332,16.270000457763672,16.48699951171875,16.172000885009766,16.31800079345703,167934000
2022-11-28,15.808899879455566,15.82699966430664,16.35700035095215,15.725000381469727,16.025999069213867,303741000
2022-11-29,15.621112823486328,15.638999938964844,15.932000160217285,15.520000457763672,15.82699966430664,298384000
2022-11-30,16.907970428466797,16.92300033569336,16.93000030517578,15.597000122070312,15.696999549865723,565298000
2022-12-01,17.119783401489258,17.135000228881836,17.264999389648438,16.635000228881836,16.999000549316406,470977000
2022-12-02,16.861011505126953,16.875999450683594,16.933000564575195,16.44499969482422,16.659000396728516,371389000
2022-12-05,16.595251083374023,16.610000610351562,16.9950008392334,16.472000122070312,16.679000854492188,352255000
2022-12-06,15.972801208496094,15.987000465393066,16.572999954223633,15.819000244140625,16.530000686645508,352694000
2022-12-07,16.10568618774414,16.1200008392334,16.18600082397461,15.666999816894531,15.772000312805176,372388000
2022-12-08,17.15375328063965,17.16900062561035,17.179000854492188,15.958999633789062,16.273000717163086,515456000
2022-12-09,16.98590087890625,17.000999450683594,17.58300018310547,16.975000381469727,17.15999984741211,465338000
2022-12-12,17.519424438476562,17.53499984741211,17.538000106811523,16.797000885009766,17.03700065612793,457328000
2022-12-13,18.055952072143555,18.07200050354004,18.790000915527344,17.711000442504883,18.5310001373291,656589000
2022-12-14,17.65830421447754,17.673999786376953,18.25200080871582,17.420000076293945,17.98699951171875,496888000
2022-12-15,16.93694305419922,16.95199966430664,17.31999969482422,16.700000762939453,17.145999908447266,478542000
2022-12-16,16.55628204345703,16.570999145507812,17.041000366210938,16.40999984741211,16.86400032043457,478232000
2022-12-19,16.23956298828125,16.253999710083008,16.608999252319336,16.145000457763672,16.57200050354004,354039000
2022-12-20,16.070714950561523,16.084999084472656,16.309999465942383,15.85200023651123,16.06399917602539,403260000
2022-12-21,16.486345291137695,16.500999450683594,16.62700080871582,16.101999282836914,16.11400032043457,325025000
2022-12-22,15.325377464294434,15.33899974822998,16.13800048828125,14.881999969482422,16.0939998626709,565045000
2022-12-23,15.192495346069336,15.206000328063965,15.33899974822998,14.883000373840332,15.196000099182129,349326000
2022-12-27,14.10845947265625,14.121000289916992,15.100000381469727,14.055999755859375,15.074000358581543,464902000
2022-12-28,14.023533821105957,14.03600025177002,14.26200008392334,13.883999824523926,13.927000045776367,351066000
2022-12-29,14.5900297164917,14.602999687194824,14.682999610900879,14.22700023651123,14.402000427246094,354923000
2022-12-30,14.601021766662598,14.61400032043457,14.628999710083008,14.232999801635742,14.333999633789062,310490000
2023-01-03,14.302284240722656,14.3149995803833,14.996000289916992,14.095999717712402,14.85099983215332,401277000
2023-01-04,14.73590087890625,14.74899959564209,14.852999687194824,14.241000175476074,14.567000389099121,431324000
2023-01-05,14.252331733703613,14.265000343322754,14.564000129699707,14.14799976348877,14.491000175476074,389168000
2023-01-06,14.845804214477539,14.859000205993652,15.010000228881836,14.034000396728516,14.473999977111816,405044000
2023-01-09,15.614120483398438,15.628000259399414,16.055999755859375,15.140999794006348,15.284000396728516,504231000
2023-01-10,15.89487075805664,15.909000396728516,15.961999893188477,15.472000122070312,15.506999969482422,384101000
2023-01-11,15.986788749694824,16.000999450683594,16.027999877929688,15.562999725341797,15.84000015258789,353285000
2023-01-12,16.496334075927734,16.51099967956543,16.636999130249023,15.491999626159668,16.100000381469727,551409000
2023-01-13,16.883991241455078,16.89900016784668,16.922000885009766,16.165000915527344,16.277999877929688,447287000
2023-01-17,17.686279296875,17.70199966430664,17.72800064086914,16.89900016784668,16.89900016784668,511102000
2023-01-18,17.36156463623047,17.37700080871582,17.87299919128418,17.281999588012695,17.66699981689453,439624000
2023-01-19,16.750110626220703,16.764999389648438,17.19700050354004,16.731000900268555,17.035999298095703,452932000
2023-01-20,17.823158264160156,17.839000701904297,17.856000900268555,16.825000762939453,17.01099967956543,564967000
2023-01-23,19.17595863342285,19.19300079345703,19.2450008392334,17.81800079345703,18.06399917602539,655163000
2023-01-24,19.247888565063477,19.264999389648438,19.4950008392334,18.81999969482422,18.82699966430664,496204000
2023-01-25,19.305837631225586,19.322999954223633,19.3700008392334,18.579999923706055,18.913000106811523,449537000
2023-01-26,19.78441619873047,19.802000045776367,20.166000366210938,19.277999877929688,19.701000213623047,489535000
2023-01-27,20.34691047668457,20.364999771118164,20.628000259399414,19.405000686645508,19.461999893188477,542142000
2023-01-30,19.144983291625977,19.16200065612793,20.139999389648438,19.149999618530273,19.950000762939453,488611000
2023-01-31,19.519649505615234,19.53700065612793,19.687000274658203,18.950000762939453,19.170000076293945,498017000
2023-02-01,20.924400329589844,20.94300079345703,21.191999435424805,19.611000061035156,19.69099998474121,660477000
2023-02-02,21.689716339111328,21.708999633789062,21.948999404907227,20.700000762939453,21.0,564276000
2023-02-03,21.081262588500977,21.100000381469727,21.7450008392334,20.788999557495117,21.0,429366000
2023-02-06,21.070270538330078,21.089000701904297,21.56999969482422,20.785999298095703,20.805999755859375,452197000
2023-02-07,22.153305053710938,22.17300033569336,22.259000778198242,21.149999618530273,21.381999969482422,664150000
2023-02-08,22.185279846191406,22.204999923706055,22.878000259399414,22.007999420166016,22.386999130249023,559651000
2023-02-09,22.31715965270996,22.336999893188477,23.020000457763672,22.1200008392334,22.606000900268555,523876000
2023-02-10,21.246112823486328,21.264999389648438,22.077999114990234,20.81100082397461,21.690000534057617,550737000
2023-02-13,21.76865005493164,21.788000106811523,22.04800033569336,20.961999893188477,21.538000106811523,474919000
2023-02-14,22.950599670410156,22.97100067138672,23.048999786376953,21.365999221801758,21.577999114990234,675474000
2023-02-15,22.74378204345703,22.763999938964844,22.854999542236328,22.106000900268555,22.548999786376953,420575000
2023-02-16,21.982460021972656,22.00200080871582,22.549999237060547,21.927000045776367,22.132999420166016,412026000
2023-02-17,21.36900520324707,21.38800048828125,21.739999771118164,20.975000381469727,21.631000518798828,465888000
2023-02-21,20.63665771484375,20.655000686645508,21.493999481201172,20.618000030517578,21.0,410015000
2023-02-22,20.735567092895508,20.753999710083008,21.104000091552734,20.42099952697754,20.707000732421875,513184000
2023-02-23,23.642982482910156,23.663999557495117,23.88800048828125,23.024999618530273,23.440000534057617,1117995000
2023-02-24,23.265321731567383,23.285999298095703,23.474000930786133,22.94700050354004,23.225000381469727,589716000
2023-02-27,23.480125427246094,23.500999450683594,23.8799991607666,23.45400047302246,23.670000076293945,452994000
2023-02-28,23.19538116455078,23.215999603271484,23.825000762939453,23.20599937438965,23.371999740600586,455963000
2023-03-01,22.677841186523438,22.697999954223633,23.256000518798828,22.507999420166016,23.191999435424805,460026000
2023-03-02,23.293292999267578,23.31399917602539,23.3799991607666,22.43199920654297,22.488000869750977,389415000
2023-03-03,23.868783950805664,23.889999389648438,23.899999618530273,23.1299991607666,23.31999969482422,412393000
2023-03-06,23.5330810546875,23.554000854492188,24.24799919128418,23.48699951171875,23.891000747680664,437429000
2023-03-07,23.271270751953125,23.288000106811523,24.125,23.240999221801758,23.600000381469727,515154000
2023-03-08,24.16362762451172,24.180999755859375,24.200000762939453,23.423999786376953,23.48699951171875,513573000
2023-03-09,23.41916275024414,23.43600082397461,24.45400047302246,23.382999420166016,24.174999237060547,501257000
2023-03-10,22.94849967956543,22.96500015258789,23.62700080871582,22.72599983215332,23.409000396728516,474866000
2023-03-13,22.949499130249023,22.965999603271484,23.29800033569336,22.297000885009766,22.75200080871582,421890000
2023-03-14,24.045713424682617,24.062999725341797,24.2189998626709,23.459999084472656,23.496000289916992,474910000
2023-03-15,24.210594177246094,24.22800064086914,24.285999298095703,23.360000610351562,23.76099967956543,524486000
2023-03-16,25.522647857666016,25.541000366210938,25.58799934387207,23.893999099731445,24.027000427246094,583253000
2023-03-17,25.70652198791504,25.725000381469727,26.39900016784668,25.667999267578125,25.98200035095215,848547000
2023-03-20,25.881391525268555,25.899999618530273,26.02400016784668,25.1299991607666,25.614999771118164,432747000
2023-03-21,26.180179595947266,26.198999404907227,26.392000198364258,25.381000518798828,26.18000030517578,547408000
2023-03-22,26.448984146118164,26.468000411987305,27.589000701904297,26.23699951171875,26.424999237060547,797295000
2023-03-23,27.171464920043945,27.19099998474121,27.499000549316406,26.690000534057617,27.114999771118164,564889000
2023-03-24,26.759761810302734,26.77899932861328,27.16699981689453,26.354999542236328,27.0310001373291,454920000
2023-03-27,26.511943817138672,26.5310001373291,27.0,26.364999771118164,26.836999893188477,361026000
2023-03-28,26.39102554321289,26.40999984741211,26.51300048828125,25.850000381469727,26.44700050354004,356104000
2023-03-29,26.96461296081543,26.983999252319336,27.077999114990234,26.597000122070312,26.825000762939453,393694000
2023-03-30,27.36332893371582,27.382999420166016,27.499000549316406,27.101999282836914,27.229000091552734,364516000
2023-03-31,27.757043838500977,27.777000427246094,27.833999633789062,27.104999542236328,27.139999389648438,433933000
2023-04-03,27.944910049438477,27.96500015258789,28.0,27.336000442504883,27.509000778198242,398716000
2023-04-04,27.43327522277832,27.452999114990234,28.0,27.30699920654297,27.965999603271484,368592000
2023-04-05,26.8616886138916,26.881000518798828,26.99799919128418,26.395000457763672,26.82900047302246,515015000
2023-04-06,27.0175724029541,27.03700065612793,27.079999923706055,26.427000045776367,26.583999633789062,397654000
2023-04-10,27.559186935424805,27.57900047302246,27.621000289916992,26.66900062561035,26.822999954223633,395279000
2023-04-11,27.149478912353516,27.16900062561035,27.790000915527344,27.125999450683594,27.724000930786133,314378000
2023-04-12,26.47596549987793,26.4950008392334,27.468000411987305,26.447999954223633,27.3700008392334,446259000
2023-04-13,26.44399070739746,26.46299934387207,26.886999130249023,26.32900047302246,26.733999252319336,353615000
2023-04-14,26.7387752532959,26.757999420166016,26.882999420166016,26.219999313354492,26.503999710083008,395660000
2023-04-17,26.982603073120117,27.00200080871582,27.006000518798828,26.433000564575195,26.565000534057617,321471000
2023-04-18,27.647123336791992,27.66699981689453,28.110000610351562,27.35700035095215,27.533000946044922,604812000
2023-04-19,27.910932540893555,27.930999755859375,28.0,27.23200035095215,27.361000061035156,358660000
2023-04-20,27.08452796936035,27.104000091552734,28.030000686645508,27.0,27.67099952697754,427713000
2023-04-21,27.099512100219727,27.118999481201172,27.183000564575195,26.722000122070312,26.95199966430664,345103000
2023-04-24,27.022571563720703,27.04199981689453,27.365999221801758,26.67099952697754,27.01300048828125,339282000
2023-04-25,26.22214698791504,26.240999221801758,27.246999740600586,26.225000381469727,27.077999114990234,378527000
2023-04-26,26.93663215637207,26.95599937438965,27.329999923706055,26.704999923706055,27.00200080871582,406337000
2023-04-27,27.206439971923828,27.22599983215332,27.4950008392334,26.625,27.363000869750977,377161000
2023-04-28,27.729063034057617,27.749000549316406,27.757999420166016,27.070999145507812,27.225000381469727,292216000
2023-05-01,28.88922882080078,28.90999984741211,29.058000564575195,27.780000686645508,27.84000015258789,570329000
2023-05-02,28.189735412597656,28.209999084472656,28.836000442504883,28.08300018310547,28.68000030517578,402730000
2023-05-03,27.782026290893555,27.802000045776367,28.367000579833984,27.472000122070312,27.84000015258789,383387000
2023-05-04,27.54219627380371,27.562000274658203,27.858999252319336,27.239999771118164,27.650999069213867,321850000
2023-05-05,28.659393310546875,28.68000030517578,28.7549991607666,27.731000900268555,27.826000213623047,361494000
2023-05-08,29.130056381225586,29.150999069213867,29.219999313354492,28.350000381469727,28.52199935913086,344979000
2023-05-09,28.550474166870117,28.570999145507812,28.972999572753906,28.450000762939453,28.89900016784668,314869000
2023-05-10,28.864248275756836,28.885000228881836,29.113000869750977,28.461000442504883,29.0049991607666,369350000
2023-05-11,28.55746841430664,28.577999114990234,28.950000762939453,28.246000289916992,28.895999908447266,322149000
2023-05-12,28.319639205932617,28.34000015258789,28.780000686645508,28.04599952697754,28.52899932861328,274222000
2023-05-15,28.932199478149414,28.952999114990234,28.9689998626709,28.152000427246094,28.507999420166016,293926000
2023-05-16,29.1920108795166,29.21299934387207,29.8700008392334,28.832000732421875,28.840999603271484,449405000
2023-05-17,30.15631866455078,30.17799949645996,30.198999404907227,29.43000030517578,29.583999633789062,432535000
2023-05-18,31.655241012573242,31.67799949645996,31.827999114990234,30.31999969482422,30.40999984741211,748725000
2023-05-19,31.241535186767578,31.263999938964844,31.579999923706055,30.916000366210938,31.535999298095703,473908000
2023-05-22,31.15360450744629,31.176000595092773,31.520000457763672,30.68000030517578,30.900999069213867,372000000
2023-05-23,30.665950775146484,30.687999725341797,31.288000106811523,30.631000518798828,31.0,356253000
2023-05-24,30.51605987548828,30.538000106811523,30.60700035095215,29.805999755859375,30.209999084472656,721419000
2023-05-25,37.95270919799805,37.97999954223633,39.47999954223633,36.6349983215332,38.52299880981445,1543911000
2023-05-26,38.91801834106445,38.94599914550781,39.16999816894531,37.54999923706055,37.88999938964844,714397000
2023-05-30,40.082183837890625,40.111000061035156,41.9379997253418,39.94900131225586,40.595001220703125,923401000
2023-05-31,37.806819915771484,37.83399963378906,40.29499816894531,37.821998596191406,39.487998962402344,1002580000
2023-06-01,39.74142837524414,39.77000045776367,40.04999923706055,38.34000015258789,38.48899841308594,635873000
2023-06-02,39.29874801635742,39.32699966430664,40.5,39.05799865722656,40.09700012207031,482731000
2023-06-05,39.14286804199219,39.17100143432617,39.564998626708984,38.707000732421875,38.909000396728516,396094000
2023-06-06,38.6262321472168,38.65399932861328,39.15999984741211,38.14799880981445,38.83000183105469,388729000
2023-06-07,37.45195007324219,37.474998474121094,39.499000549316406,37.35599899291992,38.915000915527344,511998000
2023-06-08,38.4863166809082,38.5099983215332,38.86399841308594,37.505001068115234,37.7239990234375,417772000
2023-06-09,38.74615478515625,38.77000045776367,39.71099853515625,38.56700134277344,39.0369987487793,427717000
2023-06-12,39.45771789550781,39.481998443603516,39.529998779296875,38.61800003051758,39.20000076293945,388701000
2023-06-13,40.99677276611328,41.02199935913086,41.10100173950195,39.7400016784668,40.18600082397461,613208000
2023-06-14,42.970550537109375,42.99700164794922,43.0,40.551998138427734,40.82400131225586,740465000
2023-06-15,42.62677001953125,42.65299987792969,43.28900146484375,42.14699935913086,42.60200119018555,568622000
2023-06-16,42.665740966796875,42.69200134277344,43.72100067138672,42.6609992980957,43.45000076293945,655709000
2023-06-20,43.78105926513672,43.80799865722656,43.9900016784668,42.67399978637695,42.99800109863281,451153000
2023-06-21,43.018524169921875,43.04499816894531,43.6150016784668,42.08000183105469,43.500999450683594,551603000
2023-06-22,42.99854278564453,43.025001525878906,43.42599868774414,42.23400115966797,42.25299835205078,417737000
2023-06-23,42.18303680419922,42.20899963378906,42.808998107910156,42.01499938964844,42.4640007019043,358140000
2023-06-26,40.60700988769531,40.63199996948242,42.763999938964844,40.099998474121094,42.46099853515625,594322000
2023-06-27,41.85024642944336,41.875999450683594,41.939998626708984,40.448001861572266,40.79899978637695,462175000
2023-06-28,41.09171676635742,41.117000579833984,41.845001220703125,40.518001556396484,40.65999984741211,582639000
2023-06-29,40.79689025878906,40.821998596191406,41.599998474121094,40.599998474121094,41.55799865722656,380514000
2023-06-30,42.275978088378906,42.301998138427734,42.54999923706055,41.500999450683594,41.68000030517578,501148000
2023-07-03,42.38691329956055,42.41299819946289,42.89799880981445,42.20199966430664,42.516998291015625,198209000
2023-07-05,42.29098129272461,42.31700134277344,43.176998138427734,42.084999084472656,42.1349983215332,323618000
2023-07-06,42.07710647583008,42.10300064086914,42.17900085449219,41.34600067138672,41.84400177001953,303582000
2023-07-07,42.476863861083984,42.50299835205078,43.2140007019043,42.18000030517578,42.321998596191406,355881000
2023-07-10,42.15406036376953,42.18000030517578,42.81100082397461,41.64899826049805,42.65700149536133,353908000
2023-07-11,42.37892150878906,42.404998779296875,42.757999420166016,42.06700134277344,42.48099899291992,298244000
2023-07-12,43.874996185302734,43.902000427246094,43.935001373291016,42.777000427246094,43.03300094604492,481277000
2023-07-13,45.94873046875,45.97700119018555,46.154998779296875,44.492000579833984,44.518001556396484,478204000
2023-07-14,45.441036224365234,45.46900177001953,48.0880012512207,45.060001373291016,46.58300018310547,772075000
2023-07-17,46.43242645263672,46.46099853515625,46.49599838256836,45.262001037597656,46.28900146484375,510488000
2023-07-18,47.46479415893555,47.49399948120117,47.895999908447266,45.73400115966797,46.70100021362305,569164000
2023-07-19,47.04804611206055,47.07699966430664,47.81800079345703,46.742000579833984,47.4640007019043,427502000
2023-07-20,45.49200439453125,45.52000045776367,47.08700180053711,45.0620002746582,46.50699996948242,537865000
2023-07-21,44.2817497253418,44.308998107910156,45.86600112915039,44.099998474121094,45.78799819946289,963769000
2023-07-24,44.58456039428711,44.61199951171875,45.10900115966797,44.040000915527344,44.73099899291992,382516000
2023-07-25,45.650909423828125,45.67900085449219,46.18299865722656,44.92300033569336,44.941001892089844,348081000
2023-07-26,45.42404556274414,45.45199966430664,46.053001403808594,44.630001068115234,46.020999908447266,364237000
2023-07-27,45.871768951416016,45.900001525878906,47.39500045776367,45.75,46.51900100708008,455976000
2023-07-28,46.721248626708984,46.75,47.027000427246094,46.38100051879883,46.667999267578125,331194000
2023-07-31,46.700260162353516,46.729000091552734,47.130001068115234,46.50600051879883,46.75400161743164,251055000
2023-08-01,46.478397369384766,46.50699996948242,46.900001525878906,46.027000427246094,46.459999084472656,237858000
2023-08-02,44.24177551269531,44.26900100708008,45.84000015258789,43.387001037597656,45.83100128173828,530142000
2023-08-03,44.48762130737305,44.51499938964844,45.11800003051758,43.79999923706055,43.79999923706055,324176000
2023-08-04,44.65252685546875,44.68000030517578,45.641998291015625,44.393001556396484,44.98500061035156,362666000
2023-08-07,45.38907241821289,45.41699981689453,45.540000915527344,44.5629997253418,45.111000061035156,322154000
2023-08-08,44.63652801513672,44.66400146484375,45.242000579833984,44.055999755859375,44.85300064086914,353843000
2023-08-09,42.527828216552734,42.55400085449219,44.3120002746582,42.13399887084961,44.27399826049805,586449000
2023-08-10,42.3619270324707,42.38800048828125,43.57400131225586,41.834999084472656,42.15999984741211,492705000
2023-08-11,40.829872131347656,40.85499954223633,42.018001556396484,40.638999938964844,41.750999450683594,533085000
2023-08-14,43.72608947753906,43.75299835205078,43.79999923706055,40.31100082397461,40.486000061035156,690286000
2023-08-15,43.9129753112793,43.939998626708984,45.268001556396484,43.709999084472656,44.560001373291016,676512000
2023-08-16,43.45925521850586,43.486000061035156,44.67499923706055,43.40599822998047,44.52000045776367,527451000
2023-08-17,43.31734085083008,43.34400177001953,44.0620002746582,43.000999450683594,43.970001220703125,452395000
2023-08-18,43.272369384765625,43.29899978637695,43.577999114990234,41.65999984741211,42.6349983215332,583768000
2023-08-21,46.938114166259766,46.96699905395508,47.064998626708984,44.22200012207031,44.49399948120117,692573000
2023-08-22,45.639915466308594,45.667999267578125,48.1870002746582,45.33300018310547,48.1349983215332,755293000
2023-08-23,47.0870246887207,47.11600112915039,47.20000076293945,45.20800018310547,45.86600112915039,779046000
2023-08-24,47.13399124145508,47.16299819946289,50.26599884033203,47.159000396728516,50.215999603271484,1156044000
2023-08-25,45.98970413208008,46.018001556396484,47.80500030517578,45.02399826049805,47.012001037597656,925341000
2023-08-28,46.80619430541992,46.834999084472656,46.97999954223633,44.88800048828125,46.481998443603516,685192000
2023-08-29,48.753997802734375,48.784000396728516,49.08100128173828,46.39099884033203,46.66600036621094,701397000
2023-08-30,49.233699798583984,49.263999938964844,49.926998138427734,48.42499923706055,49.04399871826172,735206000
2023-08-31,49.32464599609375,49.35499954223633,49.74399948120117,48.95800018310547,49.380001068115234,528570000
2023-09-01,48.479164123535156,48.50899887084961,49.79999923706055,48.141998291015625,49.762001037597656,463830000
2023-09-05,48.51814270019531,48.54800033569336,48.85100173950195,47.86000061035156,48.222999572753906,382653000
2023-09-06,47.03593063354492,47.06100082397461,48.54899978637695,46.58000183105469,48.441001892089844,468670000
2023-09-07,46.21637725830078,46.24100112915039,46.34400177001953,45.152000427246094,45.525001525878906,433330000
2023-09-08,45.547725677490234,45.571998596191406,46.60599899291992,45.270999908447266,45.94200134277344,473069000
2023-09-11,45.153934478759766,45.178001403808594,46.16299819946289,44.3120002746582,46.14799880981445,473966000
2023-09-12,44.84609603881836,44.869998931884766,45.67300033569336,44.53099822998047,44.737998962402344,349256000
2023-09-13,45.46077346801758,45.48500061035156,45.93000030517578,44.50299835205078,44.599998474121094,398355000
2023-09-14,45.556724548339844,45.58100128173828,45.98699951171875,45.13100051879883,45.95000076293945,370097000
2023-09-15,43.87661361694336,43.900001525878906,45.5989990234375,43.80799865722656,45.340999603271484,506831000
2023-09-18,43.94258499145508,43.965999603271484,44.242000579833984,42.0,42.74800109863281,500271000
2023-09-19,43.49681854248047,43.52000045776367,43.965999603271484,43.00199890136719,43.83300018310547,373064000
2023-09-20,42.21649932861328,42.23899841308594,43.90299987792969,42.222999572753906,43.599998474121094,367108000
2023-09-21,40.99515151977539,41.016998291015625,42.099998474121094,40.97999954223633,41.58300018310547,450736000
2023-09-22,41.58782958984375,41.61000061035156,42.1150016784668,41.23099899291992,41.571998596191406,479236000
2023-09-25,42.19950866699219,42.22200012207031,42.5359992980957,41.176998138427734,41.590999603271484,419091000
2023-09-26,41.888675689697266,41.9109992980957,42.81999969482422,41.654998779296875,42.000999450683594,402282000
2023-09-27,42.44537353515625,42.46799850463867,42.87200164794922,41.62900161743164,42.33000183105469,444935000
2023-09-28,43.066043853759766,43.0890007019043,43.44599914550781,42.1150016784668,42.459999084472656,424663000
2023-09-29,43.475826263427734,43.499000549316406,44.14400100708008,43.30699920654297,43.82699966430664,397830000
2023-10-02,44.75814437866211,44.78200149536133,45.17499923706055,43.861000061035156,44.029998779296875,433298000
2023-10-03,43.49381637573242,43.516998291015625,45.130001068115234,43.24599838256836,44.80799865722656,470850000
2023-10-04,44.01754379272461,44.04100036621094,44.143001556396484,43.29199981689453,43.742000579833984,361821000
2023-10-05,44.6641960144043,44.6879997253418,44.900001525878906,43.88800048828125,44.04999923706055,393483000
2023-10-06,45.73762130737305,45.762001037597656,45.78900146484375,44.0260009765625,44.19300079345703,434436000
2023-10-09,45.24887466430664,45.27299880981445,45.60499954223633,44.36800003051758,44.84199905395508,409675000
2023-10-10,45.77360916137695,45.79800033569336,46.25899887084961,45.0880012512207,45.310001373291016,368582000
2023-10-11,46.781070709228516,46.805999755859375,46.85900115966797,46.04999923706055,46.19599914550781,378137000
2023-10-12,46.91999053955078,46.94499969482422,47.60900115966797,46.33000183105469,46.777000427246094,481325000
2023-10-13,45.43678283691406,45.46099853515625,47.11600112915039,45.279998779296875,46.959999084472656,474115000
2023-10-16,46.0704460144043,46.095001220703125,46.224998474121094,44.9119987487793,45.0629997253418,375099000
2023-10-17,43.91459274291992,43.9379997253418,44.75400161743164,42.47999954223633,44.0,812333000
2023-10-18,42.17352294921875,42.19599914550781,43.21900177001953,41.82500076293945,42.590999603271484,627294000
2023-10-19,42.078575134277344,42.10100173950195,43.297000885009766,41.88199996948242,42.81100082397461,501233000
2023-10-20,41.364952087402344,41.387001037597656,42.470001220703125,41.077999114990234,41.88999938964844,477266000
2023-10-23,42.952110290527344,42.974998474121094,43.24800109863281,40.94499969482422,41.229000091552734,478530000
2023-10-24,43.639732360839844,43.66299819946289,43.696998596191406,42.691001892089844,43.07699966430664,401463000
2023-10-25,41.756744384765625,41.77899932861328,43.650001525878906,41.55500030517578,43.39799880981445,398379000
2023-10-26,40.30451965332031,40.32600021362305,42.25600051879883,39.880001068115234,41.85300064086914,541001000
2023-10-27,40.47842788696289,40.5,41.20600128173828,40.01499938964844,41.130001068115234,416784000
2023-10-30,41.13908004760742,41.1609992980957,41.76599884033203,40.48099899291992,41.08700180053711,388028000
2023-10-31,40.75827407836914,40.779998779296875,40.87900161743164,39.22999954223633,40.45000076293945,517969000
2023-11-01,42.302459716796875,42.32500076293945,42.38100051879883,40.86899948120117,40.88399887084961,437593000
2023-11-02,43.48282241821289,43.50600051879883,43.88399887084961,42.89400100708008,43.327999114990234,409172000
2023-11-03,44.98102569580078,45.005001068115234,45.308998107910156,43.722999572753906,44.02000045776367,424610000
2023-11-06,45.72663497924805,45.750999450683594,45.935001373291016,44.89899826049805,45.28499984741211,400733000
2023-11-07,45.93052291870117,45.95500183105469,46.21799850463867,45.15800094604492,45.71900177001953,343165000
2023-11-08,46.549190521240234,46.57400131225586,46.867000579833984,45.96799850463867,46.099998474121094,346719000
2023-11-09,46.924991607666016,46.95000076293945,48.22999954223633,46.75,47.46699905395508,540496000
2023-11-10,48.30924987792969,48.334999084472656,48.47200012207031,47.28300094604492,47.5,421245000
2023-11-13,48.59409713745117,48.619998931884766,49.11600112915039,48.0989990234375,48.31999969482422,384136000
2023-11-14,49.629547119140625,49.65599822998047,49.83399963378906,49.040000915527344,49.68000030517578,416954000
2023-11-15,48.86195755004883,48.88800048828125,49.959999084472656,48.20000076293945,49.935001373291016,475497000
2023-11-16,49.453643798828125,49.47999954223633,49.525001525878906,48.33000183105469,48.67900085449219,339756000
2023-11-17,49.2717399597168,49.29800033569336,49.71699905395508,49.00699996948242,49.52399826049805,325205000
2023-11-20,50.38215255737305,50.409000396728516,50.54800033569336,49.180999755859375,49.3120002746582,414120000
2023-11-21,49.917396545410156,49.944000244140625,50.516998291015625,49.22200012207031,50.125999450683594,565747000
2023-11-22,48.69004821777344,48.715999603271484,50.334999084472656,47.689998626708984,49.85200119018555,899420000
2023-11-24,47.75054931640625,47.7760009765625,48.92100143432617,47.744998931884766,48.470001220703125,294645000
2023-11-27,48.21630096435547,48.242000579833984,48.529998779296875,47.652000427246094,47.79999923706055,395662000
2023-11-28,47.79552459716797,47.82099914550781,48.323001861572266,47.472999572753906,48.236000061035156,401491000
2023-11-29,48.114356994628906,48.13999938964844,48.762001037597656,47.86000061035156,48.37900161743164,382005000
2023-11-30,46.74508285522461,46.77000045776367,48.11000061035156,46.422000885009766,48.02399826049805,526247000
2023-12-01,46.74008560180664,46.76499938964844,47.20000076293945,46.1870002746582,46.525001525878906,369317000
2023-12-04,45.485755920410156,45.5099983215332,46.07699966430664,45.0099983215332,46.07699966430664,437543000
2023-12-05,46.545291900634766,46.566001892089844,46.599998474121094,45.270999908447266,45.465999603271484,371718000
2023-12-06,45.482757568359375,45.50299835205078,47.387001037597656,45.4119987487793,47.21500015258789,380590000
2023-12-07,46.57527542114258,46.59600067138672,46.62900161743164,45.604000091552734,45.70000076293945,350823000
2023-12-08,47.484867095947266,47.50600051879883,47.74100112915039,46.54999923706055,46.595001220703125,359224000
2023-12-11,46.606258392333984,46.62699890136719,47.53099822998047,45.83000183105469,47.49100112915039,509728000
2023-12-12,47.63580322265625,47.65700149536133,47.66600036621094,46.04600143432617,46.04600143432617,372387000
2023-12-13,48.066612243652344,48.0880012512207,48.59400177001953,47.608001708984375,47.62900161743164,447792000
2023-12-14,48.3284912109375,48.349998474121094,48.66999816894531,47.422000885009766,48.38999938964844,391232000
2023-12-15,48.86825180053711,48.88999938964844,49.40399932861328,48.119998931884766,48.194000244140625,479948000
2023-12-18,50.05472946166992,50.07699966430664,50.43299865722656,49.150001525878906,49.400001525878906,412587000
2023-12-19,49.581932067871094,49.604000091552734,49.70000076293945,48.89500045776367,49.42399978637695,464444000
2023-12-20,48.089599609375,48.111000061035156,49.999000549316406,48.097999572753906,49.654998779296875,397894000
2023-12-21,48.96820831298828,48.9900016784668,49.095001220703125,48.41899871826172,48.81100082397461,300425000
2023-12-22,48.808284759521484,48.83000183105469,49.382999420166016,48.46699905395508,49.19499969482422,252507000
2023-12-26,49.257076263427734,49.27899932861328,49.599998474121094,48.959999084472656,48.96799850463867,244200000
2023-12-27,49.395015716552734,49.41699981689453,49.68000030517578,49.084999084472656,49.51100158691406,233648000
2023-12-28,49.49997329711914,49.52199935913086,49.88399887084961,49.4119987487793,49.643001556396484,246587000
2023-12-29,49.49997329711914,49.52199935913086,49.99700164794922,48.750999450683594,49.8129997253418,389293000
