Price,Adj Close,Close,High,Low,Open,Volume
Ticker,SOXL,SOXL,SOXL,SOXL,SOXL,SOXL
Date,,,,,,
2020-01-02,18.84819984436035,19.464000701904297,19.465999603271484,18.752666473388672,19.0086669921875,10438500
2020-01-03,17.830127716064453,18.41266632080078,18.885332107543945,18.274667739868164,18.5,14713500
2020-01-06,17.264602661132812,17.82866668701172,17.996667861938477,17.429332733154297,17.733999252319336,11313000
2020-01-07,18.154844284057617,18.74799919128418,19.006000518798828,18.123332977294922,18.40399932861328,10441500
2020-01-08,18.194875717163086,18.78933334350586,19.123332977294922,18.486000061035156,18.82666778564453,10024500
2020-01-09,18.50926971435547,19.11400032043457,19.482667922973633,18.547332763671875,19.465999603271484,11472000
2020-01-10,18.130964279174805,18.72333335876465,19.381999969482422,18.583999633789062,19.375999450683594,11304000
2020-01-13,18.84174346923828,19.457332611083984,19.501333236694336,18.920000076293945,19.126667022705078,8160000
2020-01-14,18.963109970092773,19.582666397094727,20.01799964904785,19.222667694091797,19.470666885375977,9610500
2020-01-15,18.279451370239258,18.876667022705078,19.623332977294922,18.666667938232422,19.573333740234375,11518500
2020-01-16,19.195518493652344,19.82266616821289,19.823999404907227,19.299999237060547,19.343332290649414,10807500
2020-01-17,19.568012237548828,20.207332611083984,20.236000061035156,19.747333526611328,20.077333450317383,11839500
2020-01-21,19.5318603515625,20.170000076293945,20.399999618530273,19.933332443237305,19.95599937438965,6961500
2020-01-22,19.99796485900879,20.65133285522461,21.291332244873047,20.465999603271484,20.634000778198242,10747500
2020-01-23,20.45438575744629,21.12266731262207,21.133333206176758,20.248666763305664,20.890666961669922,9354000
2020-01-24,19.76297378540039,20.408666610717773,22.066667556762695,19.957332611083984,21.950666427612305,19885500
2020-01-27,17.47054100036621,18.041332244873047,18.796667098999023,17.937332153320312,18.586000442504883,19500000
2020-01-28,18.72101593017578,19.332666397094727,19.496667861938477,18.333332061767578,18.733333587646484,14221500
2020-01-29,17.688745498657227,18.266666412353516,19.24333381652832,18.202667236328125,19.117332458496094,12270000
2020-01-30,17.62289810180664,18.198667526245117,18.37266731262207,17.143333435058594,17.900667190551758,17106000
2020-01-31,15.726846694946289,16.24066734313965,17.78066635131836,16.034000396728516,17.757999420166016,22954500
2020-02-03,16.327228546142578,16.860666275024414,16.94066619873047,16.402666091918945,16.468000411987305,13681500
2020-02-04,17.850139617919922,18.433332443237305,18.469999313354492,17.892000198364258,18.13599967956543,15466500
2020-02-05,19.01862907409668,19.639999389648438,19.720666885375977,18.825332641601562,19.413333892822266,19452000
2020-02-06,19.030895233154297,19.652666091918945,19.72333335876465,18.946666717529297,19.701332092285156,12234000
2020-02-07,17.688106536865234,18.266000747680664,19.15333366394043,18.233333587646484,19.07466697692871,16014000
2020-02-10,18.489259719848633,19.093332290649414,19.093332290649414,17.833332061767578,17.841333389282227,11137500
2020-02-11,19.5989990234375,20.23933219909668,20.535999298095703,19.599332809448242,19.61199951171875,16857000
2020-02-12,20.460201263427734,21.1286678314209,21.227333068847656,20.799999237060547,20.892667770385742,11917500
2020-02-13,20.505382537841797,21.17533302307129,21.625333786010742,20.514667510986328,20.562667846679688,13008000
2020-02-14,20.373689651489258,21.03933334350586,21.906667709350586,20.6646671295166,21.650667190551758,11269500
2020-02-18,19.52734375,20.165332794189453,20.28266716003418,19.733999252319336,19.933332443237305,16186500
2020-02-19,21.044437408447266,21.73200035095215,21.810667037963867,20.93666648864746,20.989999771118164,13075500
2020-02-20,20.103843688964844,20.76066780090332,21.666667938232422,19.77400016784668,21.46666717529297,20755500
2020-02-21,18.298810958862305,18.89666748046875,20.366666793823242,18.666667938232422,20.344667434692383,25333500
2020-02-24,15.688111305236816,16.200666427612305,17.014667510986328,15.934666633605957,16.222000122070312,30187500
2020-02-25,14.247187614440918,14.712667465209961,16.922666549682617,14.45199966430664,16.893999099731445,38751000
2020-02-26,14.366618156433105,14.836000442504883,15.772000312805176,14.533332824707031,15.0686674118042,33132000
2020-02-27,12.3388671875,12.741999626159668,14.342000007629395,12.658666610717773,13.4399995803833,38827500
2020-02-28,13.234280586242676,13.666666984558105,13.866000175476074,11.446666717529297,11.466667175292969,45580500
2020-03-02,14.54479694366455,15.020000457763672,15.02066707611084,13.02066707611084,14.5,36516000
2020-03-03,13.07224178314209,13.499333381652832,15.822667121887207,13.118000030517578,15.210000038146973,32919000
2020-03-04,14.985723495483398,15.475333213806152,15.489999771118164,13.736000061035156,14.30666732788086,20538000
2020-03-05,13.64163589477539,14.087332725524902,15.28600025177002,13.734000205993652,14.190667152404785,23968500
2020-03-06,12.821760177612305,13.240667343139648,13.565999984741211,12.199999809265137,13.0,26310000
2020-03-09,9.573226928710938,9.88599967956543,11.792667388916016,9.866666793823242,10.135333061218262,31191000
2020-03-10,11.400850296020508,11.773332595825195,11.773332595825195,9.933333396911621,11.128000259399414,33006000
2020-03-11,9.466706275939941,9.776000022888184,11.13266658782959,9.420000076293945,10.719332695007324,33735000
2020-03-12,6.587443828582764,6.802667140960693,8.915332794189453,6.801332950592041,7.77400016784668,47734500
2020-03-13,8.387306213378906,8.661333084106445,8.733332633972168,6.533332824707031,8.074000358581543,43620000
2020-03-16,5.150394439697266,5.318666934967041,7.097332954406738,5.266666889190674,5.98533296585083,47341500
2020-03-17,5.662334442138672,5.847332954406738,5.992000102996826,4.380667209625244,5.320000171661377,73488000
2020-03-18,4.196234703063965,4.3333330154418945,5.263999938964844,3.566667079925537,4.6006669998168945,67953000
2020-03-19,4.514503479003906,4.6620001792907715,5.065999984741211,3.8499999046325684,4.215332984924316,67534500
2020-03-20,4.128449440002441,4.263332843780518,5.432666778564453,4.25333309173584,5.220666885375977,63204000
2020-03-23,4.512566566467285,4.659999847412109,4.938666820526123,4.0873332023620605,4.533332824707031,63927000
2020-03-24,6.058463096618652,6.249332904815674,6.265999794006348,5.547332763671875,5.570000171661377,67669500
2020-03-25,5.821270942687988,6.004666805267334,7.013332843780518,5.707333087921143,6.363333225250244,65236500
2020-03-26,6.98526668548584,7.205333232879639,7.266666889190674,6.266666889190674,6.469333171844482,55215000
2020-03-27,5.909814357757568,6.0960001945495605,6.815332889556885,6.048666954040527,6.47866678237915,51672000
2020-03-30,6.545779228210449,6.751999855041504,6.798666954040527,6.157332897186279,6.330667018890381,39718500
2020-03-31,6.123095512390137,6.315999984741211,7.082666873931885,6.164000034332275,6.76200008392334,50964000
2020-04-01,5.1323089599609375,5.294000148773193,6.156000137329102,5.1066670417785645,5.687333106994629,47541000
2020-04-02,5.6021728515625,5.778666973114014,5.797332763671875,5.175333023071289,5.184000015258789,43654500
2020-04-03,5.269326210021973,5.435332775115967,5.960667133331299,5.208000183105469,5.783999919891357,43627500
2020-04-06,6.885735988616943,7.102666854858398,7.179333209991455,6.125999927520752,6.133333206176758,51997500
2020-04-07,6.799129486083984,7.013332843780518,7.97933292388916,6.9806671142578125,7.909333229064941,79462500
2020-04-08,7.4803361892700195,7.716000080108643,7.802000045776367,7.064000129699707,7.3933329582214355,50287500
2020-04-09,6.989790439605713,7.210000038146973,8.22933292388916,6.986000061035156,8.040666580200195,75898500
2020-04-13,7.241848468780518,7.46999979019165,7.5233330726623535,6.9633331298828125,7.159999847412109,36957000
2020-04-14,8.203551292419434,8.461999893188477,8.492667198181152,7.940667152404785,7.992667198181152,51487500
2020-04-15,7.537856578826904,7.775332927703857,7.973999977111816,7.505332946777344,7.972667217254639,37128000
2020-04-16,8.092388153076172,8.347332954406738,8.434666633605957,7.834000110626221,8.157333374023438,47277000
2020-04-17,8.302437782287598,8.564000129699707,8.887999534606934,8.266667366027832,8.856666564941406,47445000
2020-04-20,7.766651153564453,8.011333465576172,8.566666603088379,8.0,8.200667381286621,35502000
2020-04-21,6.675685882568359,6.886000156402588,7.77400016784668,6.767333030700684,7.642666816711426,60042000
2020-04-22,7.793792724609375,8.03933334350586,8.183333396911621,7.413332939147949,7.495333194732666,37150500
2020-04-23,7.596024036407471,7.835332870483398,8.33666706085205,7.75333309173584,8.080666542053223,42906000
2020-04-24,8.079459190368652,8.333999633789062,8.378000259399414,7.626667022705078,7.863999843597412,34429500
2020-04-27,8.405844688415527,8.670666694641113,8.917332649230957,8.543999671936035,8.666666984558105,42303000
2020-04-28,8.274643898010254,8.535332679748535,9.288000106811523,8.501999855041504,9.13266658782959,55147500
2020-04-29,9.461909294128418,9.760000228881836,9.850000381469727,8.9313325881958,8.971332550048828,42030000
2020-04-30,8.467244148254395,8.734000205993652,9.655332565307617,8.668000221252441,9.624667167663574,55264500
2020-05-01,7.180449962615967,7.406667232513428,8.166666984558105,7.320000171661377,8.133333206176758,65224500
2020-05-04,7.3820977210998535,7.614666938781738,7.636000156402588,7.133999824523926,7.208666801452637,35217000
2020-05-05,7.756308555603027,8.000666618347168,8.434666633605957,7.847332954406738,8.050666809082031,47706000
2020-05-06,8.025171279907227,8.277999877929688,8.657999992370605,8.21399974822998,8.266667366027832,46401000
2020-05-07,8.260427474975586,8.52066707611084,8.819999694824219,8.386667251586914,8.712667465209961,32518500
2020-05-08,8.98235034942627,9.26533317565918,9.281999588012695,8.694000244140625,8.78266716003418,38311500
2020-05-11,8.957788467407227,9.239999771118164,9.482666969299316,8.939332962036133,8.962667465209961,27099000
2020-05-12,8.198381423950195,8.456666946411133,9.517999649047852,8.456666946411133,9.434666633605957,34702500
2020-05-13,7.756955146789551,8.001333236694336,8.739999771118164,7.625332832336426,8.685333251953125,53503500
2020-05-14,8.37675952911377,8.640666961669922,8.666666984558105,7.400000095367432,7.813333034515381,54496500
2020-05-15,7.8519606590271,8.099332809448242,8.191332817077637,7.639999866485596,7.7866668701171875,55647000
2020-05-18,8.950678825378418,9.232666969299316,9.350000381469727,8.666666984558105,8.666666984558105,42394500
2020-05-19,8.84339427947998,9.121999740600586,9.762666702270508,9.107333183288574,9.185999870300293,40813500
2020-05-20,9.849045753479004,10.159333229064941,10.313332557678223,9.671333312988281,9.676667213439941,39808500
2020-05-21,9.083819389343262,9.369999885559082,10.164667129516602,9.324000358581543,10.156000137329102,37935000
2020-05-22,9.215664863586426,9.505999565124512,9.53266716003418,9.034000396728516,9.449333190917969,25134000
2020-05-26,9.501330375671387,9.800666809082031,10.387999534606934,9.748666763305664,10.249333381652832,41682000
2020-05-27,9.907210350036621,10.219332695007324,10.226667404174805,9.045999526977539,9.918000221252441,41941500
2020-05-28,9.257028579711914,9.548666954040527,10.418000221252441,9.399999618530273,10.053333282470703,33565500
2020-05-29,9.96020793914795,10.27400016784668,10.378000259399414,9.566666603088379,9.677332878112793,38440500
2020-06-01,9.836764335632324,10.146666526794434,10.27400016784668,9.866666793823242,10.071999549865723,21564000
2020-06-02,10.470142364501953,10.800000190734863,10.800000190734863,10.073332786560059,10.232000350952148,34992000
2020-06-03,11.387896537780762,11.74666690826416,11.876667022705078,11.219332695007324,11.219332695007324,30483000
2020-06-04,11.687783241271973,12.055999755859375,12.314000129699707,11.477999687194824,11.643333435058594,31461000
2020-06-05,12.538965225219727,12.934000015258789,13.466667175292969,12.826666831970215,12.927332878112793,26946000
2020-06-08,12.462700843811035,12.85533332824707,13.260666847229004,12.457332611083984,13.260666847229004,25800000
2020-06-09,12.484028816223145,12.87733268737793,13.010000228881836,12.281332969665527,12.41333293914795,22317000
2020-06-10,12.59907341003418,12.996000289916992,13.38266658782959,12.85533332824707,13.153332710266113,23647500
2020-06-11,10.194816589355469,10.515999794006348,12.156000137329102,10.501333236694336,12.001333236694336,47562000
2020-06-12,10.617501258850098,10.95199966430664,11.59866714477539,10.259332656860352,11.491999626159668,35401500
2020-06-15,11.083488464355469,11.432666778564453,11.461999893188477,10.11533260345459,10.260666847229004,29254500
2020-06-16,11.670978546142578,12.038666725158691,12.621333122253418,11.432666778564453,12.406000137329102,30856500
2020-06-17,11.99413013458252,12.371999740600586,12.66866683959961,12.133999824523926,12.295999526977539,21156000
2020-06-18,11.938549995422363,12.314666748046875,12.480667114257812,12.10200023651123,12.206666946411133,13989000
2020-06-19,11.698123931884766,12.066666603088379,12.859999656677246,12.005999565124512,12.739333152770996,29616000
2020-06-22,12.010933876037598,12.38933277130127,12.449333190917969,11.708000183105469,12.126667022705078,19461000
2020-06-23,12.115948677062988,12.4913330078125,12.880000114440918,12.421333312988281,12.62399959564209,18909000
2020-06-24,11.301838874816895,11.652000427246094,12.484000205993652,11.368000030517578,12.258000373840332,31200000
2020-06-25,11.579890251159668,11.938667297363281,11.9913330078125,11.09000015258789,11.638667106628418,21685500
2020-06-26,10.886701583862305,11.223999977111816,12.005332946777344,11.157999992370605,11.800000190734863,21492000
2020-06-29,11.261101722717285,11.609999656677246,11.619333267211914,10.833999633789062,11.248000144958496,17931000
2020-06-30,12.170267105102539,12.547332763671875,12.649333000183105,11.74666690826416,11.74666690826416,32251500
2020-07-01,11.66136646270752,12.022666931152344,12.562000274658203,11.989333152770996,12.555333137512207,21469500
2020-07-02,12.095256805419922,12.470000267028809,12.803999900817871,12.328666687011719,12.52733325958252,24289500
2020-07-06,13.065205574035645,13.470000267028809,13.594667434692383,13.088000297546387,13.10533332824707,21822000
2020-07-07,12.582169532775879,12.972000122070312,13.613332748413086,12.899999618530273,13.298666954040527,17728500
2020-07-08,13.102707862854004,13.5086669921875,13.533332824707031,12.954667091369629,13.300000190734863,14014500
2020-07-09,13.623893737792969,14.045999526977539,14.292667388916016,13.069999694824219,13.666666984558105,25341000
2020-07-10,13.488100051879883,13.906000137329102,14.197999954223633,13.481332778930664,14.073332786560059,16764000
2020-07-13,12.814956665039062,13.211999893188477,14.961333274841309,13.133333206176758,14.492667198181152,24480000
2020-07-14,13.49392032623291,13.911999702453613,13.961999893188477,12.40133285522461,12.993332862854004,25491000
2020-07-15,13.358776092529297,13.772666931152344,14.21066665649414,13.133333206176758,14.199999809265137,20254500
2020-07-16,13.195825576782227,13.604666709899902,13.76533317565918,13.126667022705078,13.333999633789062,13903500
2020-07-17,13.440252304077148,13.856666564941406,14.00333309173584,13.600000381469727,13.854000091552734,12028500
2020-07-20,14.268587112426758,14.71066665649414,14.774666786193848,13.62733268737793,13.92199993133545,16717500
2020-07-21,13.966609001159668,14.399333000183105,15.035332679748535,14.246000289916992,14.965332984924316,16822500
2020-07-22,14.134086608886719,14.571999549865723,14.903332710266113,14.21733283996582,14.533332824707031,13956000
2020-07-23,13.475817680358887,13.893333435058594,14.940667152404785,13.510000228881836,14.552000045776367,22534500
2020-07-24,12.833710670471191,13.231332778930664,13.833333015441895,12.630666732788086,13.157999992370605,19546500
2020-07-27,14.049381256103516,14.48466682434082,14.500666618347168,13.715332984924316,13.733332633972168,17731500
2020-07-28,13.218457221984863,13.628000259399414,14.231332778930664,13.553333282470703,14.231332778930664,20592000
2020-07-29,14.074597358703613,14.510666847229004,14.652667045593262,13.954667091369629,14.050000190734863,19687500
2020-07-30,14.898407936096191,15.359999656677246,15.375332832336426,14.299332618713379,14.310667037963867,25672500
2020-07-31,14.646868705749512,15.100666999816895,15.475333213806152,14.447333335876465,15.473999977111816,26299500
2020-08-03,15.518529891967773,15.999333381652832,16.077999114990234,15.390000343322754,15.390666961669922,16984500
2020-08-04,16.185205459594727,16.68666648864746,16.71066665649414,15.88266658782959,15.926667213439941,12100500
2020-08-05,16.153520584106445,16.65399932861328,16.85066795349121,16.266666412353516,16.634666442871094,12822000
2020-08-06,16.09467315673828,16.593332290649414,16.67333221435547,16.086000442504883,16.53733253479004,10840500
2020-08-07,15.547627449035645,16.029333114624023,16.733333587646484,15.444000244140625,16.474666595458984,17872500
2020-08-10,15.55732536315918,16.03933334350586,16.232667922973633,15.334667205810547,16.124666213989258,11625000
2020-08-11,15.041959762573242,15.508000373840332,16.474000930786133,15.383333206176758,15.994000434875488,15201000
2020-08-12,16.557018280029297,17.06999969482422,17.155332565307617,15.774666786193848,15.905332565307617,18397500
2020-08-13,16.01514434814453,16.511333465576172,17.077333450317383,16.268667221069336,17.077333450317383,12742500
2020-08-14,15.958887100219727,16.453332901000977,17.06599998474121,16.308666229248047,16.65333366394043,12001500
2020-08-17,16.56283950805664,17.076000213623047,17.281333923339844,16.779333114624023,16.858667373657227,11739000
2020-08-18,16.289308547973633,16.79400062561035,17.374666213989258,16.625999450683594,17.275999069213867,11410500
2020-08-19,15.973114967346191,16.468000411987305,16.931333541870117,16.319332122802734,16.812667846679688,10309500
2020-08-20,15.55732536315918,16.03933334350586,16.28066635131836,15.69333267211914,15.97933292388916,16498500
2020-08-21,15.90003776550293,16.392667770385742,16.399999618530273,15.766667366027832,16.045333862304688,10789500
2020-08-24,16.339752197265625,16.84600067138672,17.04800033569336,16.474666595458984,16.889333724975586,11776500
2020-08-25,16.866107940673828,17.3886661529541,17.391332626342773,16.876667022705078,16.876667022705078,11626500
2020-08-26,17.056217193603516,17.584667205810547,17.71933364868164,17.25933265686035,17.504667282104492,11527500
2020-08-27,16.391475677490234,16.89933204650879,17.75933265686035,16.589332580566406,17.663999557495117,17893500
2020-08-28,17.320043563842773,17.856666564941406,17.87266731262207,16.8973331451416,17.005332946777344,13989000
2020-08-31,17.271549224853516,17.80666732788086,18.19333267211914,17.387332916259766,17.840667724609375,12093000
2020-09-01,18.244081497192383,18.80933380126953,18.833332061767578,17.87066650390625,18.126667022705078,10255500
2020-09-02,19.880708694458008,20.496667861938477,20.75933265686035,19.1213321685791,19.628000259399414,18729000
2020-09-03,16.487829208374023,16.998666763305664,19.600000381469727,16.6026668548584,19.571332931518555,37044000
2020-09-04,16.030658721923828,16.527332305908203,17.363332748413086,14.670666694641113,16.615999221801758,26686500
2020-09-08,13.748050689697266,14.173999786376953,15.612667083740234,14.131333351135254,14.708666801452637,21556500
2020-09-09,14.88482666015625,15.345999717712402,15.686667442321777,14.666666984558105,15.209333419799805,19171500
2020-09-10,14.266648292541504,14.708666801452637,16.07933235168457,14.426667213439941,15.850000381469727,19227000
2020-09-11,14.216856956481934,14.657333374023438,15.475333213806152,14.191332817077637,15.029333114624023,14871000
2020-09-14,15.11567497253418,15.583999633789062,15.854000091552734,15.210000038146973,15.553333282470703,11850000
2020-09-15,15.892928123474121,16.385332107543945,16.68600082397461,16.097999572753906,16.15399932861328,11725500
2020-09-16,15.414422035217285,15.892000198364258,16.781999588012695,15.833333015441895,16.591999053955078,10791000
2020-09-17,15.343936920166016,15.81933307647705,15.971332550048828,14.554667472839355,14.749333381652832,14704500
2020-09-18,14.628759384155273,15.081999778747559,16.202667236328125,14.520000457763672,16.014667510986328,17329500
2020-09-21,14.558279037475586,15.009332656860352,15.031999588012695,13.894000053405762,14.189332962036133,25779000
2020-09-22,15.085930824279785,15.553333282470703,15.576666831970215,14.5513334274292,15.357333183288574,13864500
2020-09-23,13.962728500366211,14.395333290100098,15.786666870117188,14.262666702270508,15.464667320251465,14178000
2020-09-24,14.370758056640625,14.815999984741211,15.407333374023438,14.066666603088379,14.094667434692383,24952500
2020-09-25,14.990877151489258,15.45533275604248,15.550000190734863,14.223999977111816,14.895999908447266,15505500
2020-09-28,16.214950561523438,16.71733283996582,16.732667922973633,15.76200008392334,16.041332244873047,15123000
2020-09-29,16.35009765625,16.856666564941406,17.27199935913086,16.607999801635742,16.607999801635742,19848000
2020-09-30,16.37208366394043,16.87933349609375,17.398666381835938,16.600000381469727,16.700666427612305,20143500
2020-10-01,17.38858985900879,17.92733383178711,18.07866668701172,17.340667724609375,17.52199935913086,18271500
2020-10-02,15.838606834411621,16.32933235168457,17.45199966430664,16.284000396728516,16.67133331298828,24060000
2020-10-05,17.384706497192383,17.92333221435547,17.92533302307129,16.768667221069336,16.790666580200195,14751000
2020-10-06,17.087900161743164,17.617332458496094,18.889333724975586,17.400667190551758,17.862667083740234,16638000
2020-10-07,18.118635177612305,18.68000030517578,18.78333282470703,18.35066795349121,18.37066650390625,13549500
2020-10-08,18.747812271118164,19.32866668701172,19.432666778564453,18.952667236328125,19.170000076293945,11172000
2020-10-09,19.731340408325195,20.342666625976562,20.496000289916992,19.92333221435547,20.019332885742188,18609000
2020-10-12,20.588119506835938,21.22599983215332,21.553333282470703,20.801332473754883,21.089332580566406,15901500
2020-10-13,20.563552856445312,21.200666427612305,21.676000595092773,20.833999633789062,21.250667572021484,14068500
2020-10-14,20.237651824951172,20.864667892456055,21.592666625976562,20.494667053222656,21.338666915893555,11320500
2020-10-15,20.07793426513672,20.700000762939453,20.82933235168457,19.575332641601562,19.80066680908203,10518000
2020-10-16,19.791475296020508,20.404666900634766,21.21666717529297,20.36400032043457,21.211999893188477,8916000
2020-10-19,19.472686767578125,20.076000213623047,21.262666702270508,19.845333099365234,20.866666793823242,11283000
2020-10-20,19.410606384277344,20.011999130249023,20.520666122436523,19.843332290649414,20.360666275024414,6909000
2020-10-21,19.000642776489258,19.589332580566406,20.25,19.549333572387695,20.155332565307617,8161500
2020-10-22,19.06724739074707,19.658000946044922,19.92066764831543,18.91266632080078,19.72599983215332,9789000
2020-10-23,18.787900924682617,19.3700008392334,19.479333877563477,18.8353328704834,19.479333877563477,6975000
2020-10-26,17.587753295898438,18.132667541503906,19.133333206176758,17.399999618530273,18.883333206176758,13960500
2020-10-27,17.406049728393555,17.94533348083496,18.665332794189453,17.726667404174805,18.516666412353516,7834500
2020-10-28,15.673721313476562,16.159332275390625,17.0853328704834,16.0939998626709,17.07466697692871,15634500
2020-10-29,16.921720504760742,17.445999145507812,17.8973331451416,16.131999969482422,16.267332077026367,10749000
2020-10-30,16.0979061126709,16.59666633605957,17.184667587280273,16.007333755493164,16.89533233642578,11187000
2020-11-02,16.357208251953125,16.86400032043457,17.399999618530273,16.423999786376953,17.142000198364258,10897500
2020-11-03,17.330392837524414,17.867332458496094,18.25933265686035,17.294666290283203,17.333332061767578,12472500
2020-11-04,19.146785736083984,19.739999771118164,19.968666076660156,18.28333282470703,18.963333129882812,17590500
2020-11-05,21.671878814697266,22.343332290649414,22.49066734313965,21.32666778564453,21.333332061767578,20565000
2020-11-06,22.786672592163086,23.492666244506836,23.68000030517578,21.93400001525879,22.14933204650879,15370500
2020-11-09,21.916311264038086,22.595333099365234,25.59866714477539,22.554000854492188,24.961999893188477,16741500
2020-11-10,19.945375442504883,20.56333351135254,22.292667388916016,20.406667709350586,21.996000289916992,16570500
2020-11-11,22.11870765686035,22.804000854492188,22.91200065612793,21.499332427978516,21.53066635131836,11782500
2020-11-12,21.262561798095703,21.92133331298828,23.093332290649414,21.58066749572754,22.842666625976562,11928000
2020-11-13,22.051454544067383,22.73466682434082,23.312000274658203,22.278667449951172,22.65999984741211,10963500
2020-11-16,23.677732467651367,24.411333084106445,24.446666717529297,23.100000381469727,23.270000457763672,12468000
2020-11-17,23.10093879699707,23.816667556762695,24.215999603271484,23.281333923339844,24.1560001373291,9009000
2020-11-18,22.610788345336914,23.31133270263672,24.45400047302246,23.272666931152344,23.91866683959961,10455000
2020-11-19,23.660274505615234,24.393333435058594,24.4060001373291,22.680667877197266,23.233333587646484,8220000
2020-11-20,23.27617645263672,23.997333526611328,24.978666305541992,23.908000946044922,24.37066650390625,11338500
2020-11-23,24.32953453063965,25.083332061767578,25.29199981689453,24.083999633789062,24.43400001525879,11436000
2020-11-24,24.72269058227539,25.488666534423828,25.566667556762695,24.30933380126953,25.53333282470703,9943500
2020-11-25,24.458221435546875,25.215999603271484,25.8613338470459,24.91200065612793,25.366666793823242,6964500
2020-11-27,25.300134658813477,26.083999633789062,26.60533332824707,25.720666885375977,25.721332550048828,8937000
2020-11-30,26.251327514648438,27.064666748046875,27.150667190551758,25.268667221069336,26.236000061035156,10632000
2020-12-01,27.644176483154297,28.500667572021484,28.932666778564453,27.53333282470703,27.746000289916992,12735000
2020-12-02,27.85433006286621,28.71733283996582,29.101999282836914,28.066667556762695,28.218666076660156,7210500
2020-12-03,27.896366119384766,28.76066780090332,29.68600082397461,28.634000778198242,29.231332778930664,7801500
2020-12-04,30.21841812133789,31.154666900634766,31.19333267211914,28.978666305541992,29.235332489013672,10473000
2020-12-07,30.613510131835938,31.562000274658203,31.736000061035156,30.687999725341797,31.736000061035156,8889000
2020-12-08,30.99955177307129,31.959999084472656,32.27333450317383,31.041332244873047,31.450666427612305,6286500
2020-12-09,28.34836196899414,29.226667404174805,32.16133117675781,28.618000030517578,31.606666564941406,19231500
2020-12-10,28.29339599609375,29.170000076293945,29.82200050354004,28.134000778198242,28.6200008392334,11490000
2020-12-11,27.316986083984375,28.163333892822266,28.859333038330078,27.266666412353516,28.413333892822266,13248000
2020-12-14,28.345773696899414,29.224000930786133,29.683332443237305,28.799999237060547,28.988666534423828,10854000
2020-12-15,29.527812957763672,30.44266700744629,30.687332153320312,29.750667572021484,30.281333923339844,7351500
2020-12-16,29.462507247924805,30.375333786010742,30.722000122070312,29.695999145507812,30.709999084472656,6372000
2020-12-17,29.620281219482422,30.538000106811523,30.99066734313965,30.180667877197266,30.91933250427246,6106500
2020-12-18,29.23360252380371,30.139333724975586,30.866666793823242,29.55733299255371,30.733333587646484,8797500
2020-12-21,28.658096313476562,29.54599952697754,29.694000244140625,28.166667938232422,29.0,11620500
2020-12-22,28.552099227905273,29.433332443237305,29.820667266845703,28.754667282104492,29.700666427612305,6235500
2020-12-23,27.95907211303711,28.82200050354004,29.799333572387695,28.78333282470703,29.623332977294922,4338000
2020-12-24,28.766162872314453,29.65399932861328,29.660667419433594,29.029333114624023,29.166667938232422,2637000
2020-12-28,28.602542877197266,29.485332489013672,30.733333587646484,29.368000030517578,30.621999740600586,7542000
2020-12-29,28.38266372680664,29.2586669921875,29.866666793823242,28.284000396728516,29.866666793823242,7833000
2020-12-30,29.85004234313965,30.771333694458008,30.891332626342773,29.600000381469727,29.672000885009766,7807500
2020-12-31,30.167577743530273,31.09866714477539,31.183332443237305,30.17733383178711,30.774667739868164,5871000
2021-01-04,29.751096725463867,30.66933250427246,33.654666900634766,29.930667877197266,31.672000885009766,17731500
2021-01-05,31.474571228027344,32.44599914550781,32.505332946777344,30.444000244140625,30.444000244140625,8538000
2021-01-06,31.24304962158203,32.207332611083984,34.160667419433594,31.284000396728516,31.527999877929688,16782000
2021-01-07,34.686119079589844,35.75666809082031,36.121334075927734,33.615333557128906,33.645999908447266,10443000
2021-01-08,34.715213775634766,35.78666687011719,37.94200134277344,34.62933349609375,37.50733184814453,13090500
2021-01-11,35.979530334472656,37.09000015258789,37.874000549316406,34.933998107910156,34.96533203125,9625500
2021-01-12,36.686378479003906,37.818668365478516,38.7586669921875,36.70600128173828,37.66533279418945,10501500
2021-01-13,36.784034729003906,37.919334411621094,38.93333435058594,37.400001525878906,38.62066650390625,6897000
2021-01-14,39.177490234375,40.38666534423828,41.612667083740234,39.220001220703125,39.220001220703125,11373000
2021-01-15,36.69155502319336,37.82400131225586,40.313331604003906,37.10533142089844,40.19200134277344,16302000
2021-01-19,40.41916275024414,41.66666793823242,41.79533386230469,39.41133117675781,39.513999938964844,13351500
2021-01-20,40.08222961425781,41.319332122802734,43.521331787109375,40.951332092285156,43.163333892822266,11220000
2021-01-21,41.86649703979492,43.158668518066406,43.52000045776367,41.09733200073242,42.388668060302734,11056500
2021-01-22,39.56875228881836,40.790000915527344,42.47600173950195,40.77399826049805,42.0,12573000
2021-01-25,39.73884201049805,40.96533203125,42.13999938964844,38.62733459472656,42.01333236694336,12499500
2021-01-26,37.886016845703125,39.05533218383789,41.04666519165039,39.0,41.04666519165039,7641000
2021-01-27,32.151676177978516,33.14400100708008,37.048667907714844,32.538665771484375,36.866668701171875,25056000
2021-01-28,34.08209228515625,35.13399887084961,36.57666778564453,34.17333221435547,35.000667572021484,16110000
2021-01-29,32.40065383911133,33.400665283203125,35.82133483886719,32.900665283203125,35.33733367919922,15256500
2021-02-01,36.22979736328125,37.347999572753906,37.5273323059082,34.63666534423828,35.08599853515625,13749000
2021-02-02,37.87890625,39.04800033569336,39.15999984741211,37.46666717529297,39.132667541503906,10789500
2021-02-03,35.535884857177734,36.632667541503906,39.79666519165039,36.57133483886719,39.46666717529297,14184000
2021-02-04,36.41411209106445,37.53799819946289,37.60733413696289,35.52933120727539,36.336666107177734,8400000
2021-02-05,35.62319564819336,36.7226676940918,38.33333206176758,36.58533477783203,38.33333206176758,8242500
2021-02-08,38.931732177734375,40.133331298828125,40.133331298828125,37.44533157348633,37.461334228515625,17278500
2021-02-09,38.43572235107422,39.62200164794922,40.540000915527344,39.043331146240234,39.63666534423828,8659500
2021-02-10,38.79916763305664,39.996665954589844,41.3120002746582,38.37666702270508,40.66666793823242,15432000
2021-02-11,42.842384338378906,44.16466522216797,44.16466522216797,40.884666442871094,40.884666442871094,20781000
2021-02-12,44.401588439941406,45.77199935913086,46.01333236694336,43.00400161743164,43.487998962402344,15841500
2021-02-16,45.18735122680664,46.582000732421875,47.85266876220703,45.810665130615234,47.336666107177734,14367000
2021-02-17,42.692989349365234,44.01066589355469,45.7413330078125,42.138668060302734,45.099998474121094,19341000
2021-02-18,41.40733337402344,42.685333251953125,43.26599884033203,41.020668029785156,42.20333480834961,15594000
2021-02-19,44.427459716796875,45.798667907714844,46.518001556396484,44.223331451416016,44.64466857910156,23602500
2021-02-22,39.58492660522461,40.80666732788086,44.93600082397461,40.18000030517578,44.003334045410156,22419000
2021-02-23,38.78170394897461,39.978668212890625,40.74399948120117,35.069332122802734,38.496665954589844,27033000
2021-02-24,42.435604095458984,43.74533462524414,43.83333206176758,38.06666564941406,38.982666015625,17964000
2021-02-25,35.134273529052734,36.218666076660156,43.009334564208984,35.70333480834961,42.06733322143555,35817000
2021-02-26,37.55167770385742,38.71066665649414,39.70066833496094,35.8033332824707,37.94333267211914,29536500
2021-03-01,41.283809661865234,42.55799865722656,42.55799865722656,39.54999923706055,40.59199905395508,24520500
2021-03-02,37.395816802978516,38.54999923706055,42.9900016784668,38.45000076293945,42.939998626708984,19687700
2021-03-03,33.9618034362793,35.0099983215332,38.9900016784668,34.81999969482422,38.900001525878906,21749000
2021-03-04,29.082395553588867,29.979999542236328,35.189998626708984,28.440000534057617,34.83000183105469,34294300
2021-03-05,31.76947021484375,32.75,32.959999084472656,27.729999542236328,32.220001220703125,30945800
2021-03-08,26.6960506439209,27.520000457763672,32.93000030517578,27.5,32.709999084472656,28761200
2021-03-09,31.47845458984375,32.45000076293945,33.08000183105469,30.0,30.34000015258789,19994900
2021-03-10,29.800241470336914,30.719999313354492,34.189998626708984,30.6200008392334,34.189998626708984,19953500
2021-03-11,33.43798065185547,34.470001220703125,35.040000915527344,32.849998474121094,33.29999923706055,19094300
2021-03-12,32.41940689086914,33.41999816894531,33.59000015258789,31.850000381469727,32.52000045776367,17047600
2021-03-15,34.505035400390625,35.56999969482422,35.630001068115234,33.18000030517578,33.79999923706055,15325300
2021-03-16,35.87282180786133,36.97999954223633,38.59000015258789,36.22999954223633,36.83000183105469,27404900
2021-03-17,37.269710540771484,38.41999816894531,39.150001525878906,34.5099983215332,35.279998779296875,21743500
2021-03-18,32.70071792602539,33.709999084472656,36.91999816894531,33.45000076293945,36.7599983215332,25749000
2021-03-19,33.70957946777344,34.75,35.650001525878906,32.380001068115234,34.0099983215332,20615000
2021-03-22,35.8922233581543,37.0,38.20000076293945,35.619998931884766,35.939998626708984,23763800
2021-03-23,33.025421142578125,34.029998779296875,37.5,33.5099983215332,37.369998931884766,26947000
2021-03-24,31.627931594848633,32.59000015258789,36.130001068115234,32.54999923706055,35.630001068115234,26195900
2021-03-25,31.841440200805664,32.810001373291016,33.18000030517578,30.100000381469727,30.93000030517578,30291400
2021-03-26,36.57737731933594,37.689998626708984,37.7400016784668,32.709999084472656,32.810001373291016,35670300
2021-03-29,34.73347473144531,35.790000915527344,36.90999984741211,34.5,36.380001068115234,28422700
2021-03-30,34.471439361572266,35.52000045776367,35.779998779296875,34.279998779296875,35.119998931884766,17926000
2021-03-31,37.08203125,38.209999084472656,38.97999954223633,36.349998474121094,36.43000030517578,25362500
2021-04-01,41.158042907714844,42.40999984741211,42.439998626708984,40.04999923706055,40.04999923706055,27795500
2021-04-05,43.67158889770508,45.0,45.29999923706055,42.90999984741211,44.529998779296875,26445800
2021-04-06,42.099403381347656,43.380001068115234,44.970001220703125,42.06999969482422,44.119998931884766,17961500
2021-04-07,42.099403381347656,43.380001068115234,44.0,42.34000015258789,43.9900016784668,12421800
2021-04-08,43.4677848815918,44.790000915527344,45.0,43.599998474121094,44.75,12957100
2021-04-09,43.16694259643555,44.47999954223633,44.5,43.130001068115234,43.83000183105469,10748500
2021-04-12,41.817970275878906,43.09000015258789,43.790000915527344,41.79999923706055,43.720001220703125,14926000
2021-04-13,41.429779052734375,42.689998626708984,44.130001068115234,41.56999969482422,44.0,14056400
2021-04-14,40.051700592041016,41.27000045776367,43.470001220703125,40.630001068115234,42.38999938964844,12838600
2021-04-15,42.1867561340332,43.470001220703125,43.65999984741211,41.619998931884766,42.349998474121094,13642000
2021-04-16,41.488006591796875,42.75,43.63999938964844,42.47999954223633,43.5099983215332,11016200
2021-04-19,38.43100357055664,39.599998474121094,42.290000915527344,38.25,41.77000045776367,20268200
2021-04-20,36.596778869628906,37.709999084472656,39.529998779296875,37.040000915527344,39.0099983215332,13892000
2021-04-21,39.54705047607422,40.75,40.77000045776367,37.34000015258789,37.93000030517578,15160200
2021-04-22,36.858821868896484,37.97999954223633,40.61000061035156,37.27000045776367,40.369998931884766,20962100
2021-04-23,38.96476364135742,40.150001525878906,40.56999969482422,38.29999923706055,38.31999969482422,13212600
2021-04-26,40.963951110839844,42.209999084472656,42.459999084472656,40.0,40.09000015258789,13528500
2021-04-27,40.119632720947266,41.34000015258789,42.90999984741211,40.959999084472656,42.779998779296875,12557200
2021-04-28,38.25630187988281,39.41999816894531,40.689998626708984,39.310001373291016,40.68000030517578,12753600
2021-04-29,39.12004089355469,40.310001373291016,41.220001220703125,38.47999954223633,41.20000076293945,14812500
2021-04-30,35.81070327758789,36.900001525878906,39.16999816894531,36.560001373291016,38.349998474121094,19385800
2021-05-03,34.55878829956055,35.61000061035156,37.790000915527344,35.08000183105469,37.720001220703125,13899900
2021-05-04,32.96719741821289,33.970001220703125,34.45000076293945,32.0,34.40999984741211,24428000
2021-05-05,33.53007125854492,34.54999923706055,35.790000915527344,33.75,35.06999969482422,16034800
2021-05-06,34.35498809814453,35.400001525878906,35.400001525878906,33.15999984741211,34.20000076293945,15387300
2021-05-07,35.83981704711914,36.93000030517578,37.54999923706055,35.90999984741211,36.5099983215332,16784600
2021-05-10,30.9874210357666,31.93000030517578,36.0,31.8799991607666,36.0,25439800
2021-05-11,31.162105560302734,32.11000061035156,32.310001373291016,28.690000534057617,29.020000457763672,29951300
2021-05-12,27.299591064453125,28.1299991607666,30.559999465942383,27.809999465942383,30.100000381469727,34045700
2021-05-13,28.464170455932617,29.329999923706055,30.5,28.299999237060547,29.530000686645508,25520000
2021-05-14,30.9874210357666,31.93000030517578,32.68000030517578,29.579999923706055,30.489999771118164,21881300
2021-05-17,30.181921005249023,31.100000381469727,31.100000381469727,29.43000030517578,30.979999542236328,19224800
2021-05-18,29.395828247070312,30.290000915527344,32.08000183105469,30.219999313354492,31.709999084472656,15262600
2021-05-19,31.10387420654297,32.04999923706055,32.16999816894531,28.219999313354492,28.459999084472656,29208700
2021-05-20,33.6174201965332,34.63999938964844,34.97999954223633,32.66999816894531,32.75,28593200
2021-05-21,33.13218307495117,34.13999938964844,35.34000015258789,33.810001373291016,35.29999923706055,25100300
2021-05-24,35.45162582397461,36.529998779296875,37.13999938964844,34.90999984741211,35.0,21577500
2021-05-25,35.849517822265625,36.939998626708984,37.75,36.2400016784668,37.33000183105469,19468200
2021-05-26,36.082435607910156,37.18000030517578,37.68000030517578,36.189998626708984,37.029998779296875,13436700
2021-05-27,36.74236297607422,37.86000061035156,38.2599983215332,36.709999084472656,36.880001068115234,16449400
2021-05-28,37.63520812988281,38.779998779296875,39.27000045776367,37.880001068115234,38.06999969482422,15891400
2021-06-01,37.20818328857422,38.34000015258789,40.540000915527344,37.7400016784668,39.52000045776367,18159400
2021-06-02,38.033103942871094,39.189998626708984,39.58000183105469,37.90999984741211,38.27000045776367,12370500
2021-06-03,36.02420425415039,37.119998931884766,38.279998779296875,36.52000045776367,37.83000183105469,16945800
2021-06-04,38.566871643066406,39.7400016784668,39.9900016784668,38.04999923706055,38.08000183105469,15960500
2021-06-07,37.76136779785156,38.90999984741211,39.439998626708984,38.150001525878906,39.2599983215332,11453800
2021-06-08,37.043209075927734,38.16999816894531,39.970001220703125,37.29999923706055,39.79999923706055,13475800
2021-06-09,36.58708190917969,37.70000076293945,38.88999938964844,37.619998931884766,38.560001373291016,11721000
2021-06-10,37.88753128051758,39.040000915527344,39.369998931884766,37.52000045776367,37.79999923706055,17601900
2021-06-11,38.32424545288086,39.4900016784668,39.4900016784668,38.56999969482422,39.04999923706055,7971500
2021-06-14,39.954654693603516,41.16999816894531,41.16999816894531,39.060001373291016,39.810001373291016,18513300
2021-06-15,38.85801315307617,40.040000915527344,41.599998474121094,39.7400016784668,40.79999923706055,13301400
2021-06-16,38.02339553833008,39.18000030517578,40.88999938964844,38.06999969482422,40.4900016784668,18089300
2021-06-17,39.12004089355469,40.310001373291016,41.16999816894531,38.650001525878906,38.689998626708984,18466200
2021-06-18,36.21830368041992,37.31999969482422,39.58000183105469,36.75,39.290000915527344,21346600
2021-06-21,36.99468994140625,38.119998931884766,38.15999984741211,36.59000015258789,37.54999923706055,12722000
2021-06-22,37.46051788330078,38.599998474121094,38.83000183105469,37.400001525878906,37.900001525878906,10500400
2021-06-23,37.89723587036133,39.04999923706055,39.630001068115234,38.599998474121094,38.599998474121094,8615400
2021-06-24,39.86731719970703,41.08000183105469,41.22999954223633,39.880001068115234,39.880001068115234,12716800
2021-06-25,39.45969772338867,40.65999984741211,41.689998626708984,40.290000915527344,41.16999816894531,9244100
2021-06-28,42.36144256591797,43.650001525878906,44.08000183105469,41.45000076293945,41.5,18209300
2021-06-29,43.32221603393555,44.63999938964844,44.689998626708984,42.880001068115234,43.310001373291016,13090200
2021-06-30,43.22517013549805,44.540000915527344,44.72999954223633,43.66999816894531,44.369998931884766,9830900
2021-07-01,41.313316345214844,42.56999969482422,44.369998931884766,42.130001068115234,44.150001525878906,11578200
2021-07-02,42.04119110107422,43.31999969482422,43.70000076293945,42.25,43.56999969482422,10933300
2021-07-06,41.76945114135742,43.040000915527344,44.13999938964844,41.36000061035156,43.63999938964844,10020300
2021-07-07,40.0225830078125,41.2400016784668,43.90999984741211,40.689998626708984,43.79999923706055,10623800
2021-07-08,38.60567855834961,39.779998779296875,40.380001068115234,37.7599983215332,38.54999923706055,14764300
2021-07-09,40.53694152832031,41.77000045776367,41.939998626708984,39.25,40.18000030517578,9799600
2021-07-12,42.05088806152344,43.33000183105469,43.33000183105469,41.810001373291016,42.15999984741211,9021800
2021-07-13,41.36183547973633,42.619998931884766,43.31999969482422,42.099998474121094,42.75,9289300
2021-07-14,40.91542434692383,42.15999984741211,44.790000915527344,41.86000061035156,43.540000915527344,15361500
2021-07-15,38.25630187988281,39.41999816894531,41.79999923706055,38.54999923706055,41.790000915527344,14968000
2021-07-16,35.674835205078125,36.7599983215332,40.45000076293945,36.59000015258789,40.029998779296875,14425600
2021-07-19,35.752471923828125,36.84000015258789,36.93000030517578,34.709999084472656,35.209999084472656,17527800
2021-07-20,37.20818328857422,38.34000015258789,39.08000183105469,35.849998474121094,37.2400016784668,12487200
2021-07-21,40.61457443237305,41.849998474121094,41.849998474121094,38.599998474121094,38.66999816894531,12599700
2021-07-22,39.53734588623047,40.7400016784668,41.619998931884766,39.900001525878906,40.900001525878906,8148900
2021-07-23,40.323429107666016,41.54999923706055,41.61000061035156,39.95000076293945,41.290000915527344,8740400
2021-07-26,40.22638702392578,41.45000076293945,41.790000915527344,40.58000183105469,40.58000183105469,7703500
2021-07-27,37.994285583496094,39.150001525878906,40.849998474121094,36.709999084472656,40.79999923706055,17917400
2021-07-28,39.96435546875,41.18000030517578,41.5,39.02000045776367,39.540000915527344,12983000
2021-07-29,42.1673469543457,43.45000076293945,43.689998626708984,41.22999954223633,41.22999954223633,15318400
2021-07-30,43.079593658447266,44.38999938964844,44.5,42.06999969482422,42.189998626708984,13599200
2021-08-02,43.875389099121094,45.209999084472656,46.88999938964844,44.880001068115234,45.189998626708984,17018600
2021-08-03,44.612953186035156,45.970001220703125,45.97999954223633,43.61000061035156,45.290000915527344,10801400
2021-08-04,46.20454025268555,47.61000061035156,48.150001525878906,46.04999923706055,46.15999984741211,13768900
2021-08-05,45.77752685546875,47.16999816894531,48.189998626708984,46.439998626708984,48.16999816894531,8580700
2021-08-06,45.253475189208984,46.630001068115234,47.27000045776367,46.20000076293945,46.33000183105469,6202000
2021-08-09,44.78764724731445,46.150001525878906,47.27000045776367,45.540000915527344,46.900001525878906,5943700
2021-08-10,43.13783264160156,44.45000076293945,46.56999969482422,43.5,46.369998931884766,9994500
2021-08-11,42.86608123779297,44.16999816894531,45.119998931884766,42.43000030517578,45.060001373291016,10016600
2021-08-12,41.36183547973633,42.619998931884766,43.5,41.560001373291016,43.439998626708984,9746100
2021-08-13,42.196449279785156,43.47999954223633,43.599998474121094,42.290000915527344,42.5,7655800
2021-08-16,41.740325927734375,43.0099983215332,43.43000030517578,41.93000030517578,42.90999984741211,6658600
2021-08-17,39.2656135559082,40.459999084472656,41.95000076293945,39.34000015258789,41.93000030517578,13983700
2021-08-18,37.51874923706055,38.65999984741211,40.959999084472656,38.58000183105469,40.290000915527344,10760100
2021-08-19,38.46011734008789,39.630001068115234,40.2599983215332,37.13999938964844,38.18000030517578,14855300
2021-08-20,39.23649978637695,40.43000030517578,40.75,39.0099983215332,39.959999084472656,10732300
2021-08-23,42.4002571105957,43.689998626708984,43.790000915527344,41.400001525878906,41.400001525878906,12229000
2021-08-24,42.439083099365234,43.72999954223633,44.439998626708984,43.380001068115234,43.97999954223633,8557100
2021-08-25,43.45808410644531,44.779998779296875,45.650001525878906,44.11000061035156,44.18000030517578,10125800
2021-08-26,43.36103057861328,44.68000030517578,45.33000183105469,43.709999084472656,44.52000045776367,9529400
2021-08-27,45.903690338134766,47.29999923706055,47.5,44.689998626708984,44.849998474121094,12358300
2021-08-30,46.33070755004883,47.7400016784668,49.0,47.130001068115234,47.779998779296875,10291100
2021-08-31,45.17582702636719,46.54999923706055,47.970001220703125,45.369998931884766,47.77000045776367,9620800
2021-09-01,44.60324478149414,45.959999084472656,47.29999923706055,45.83000183105469,47.22999954223633,7246900
2021-09-02,44.93321228027344,46.29999923706055,46.720001220703125,45.70000076293945,46.349998474121094,7168600
2021-09-03,45.845462799072266,47.2400016784668,47.849998474121094,45.959999084472656,46.13999938964844,7374000
2021-09-07,45.389339447021484,46.77000045776367,47.40999984741211,45.91999816894531,47.36000061035156,5660800
2021-09-08,43.623069763183594,44.95000076293945,46.369998931884766,43.7599983215332,46.099998474121094,11787400
2021-09-09,44.205345153808594,45.54999923706055,46.2599983215332,44.88999938964844,44.90999984741211,8643000
2021-09-10,45.21464157104492,46.59000015258789,48.630001068115234,46.5099983215332,46.63999938964844,14399600
2021-09-13,46.45686340332031,47.869998931884766,48.16999816894531,45.93000030517578,47.79999923706055,11356400
2021-09-14,46.45686340332031,47.869998931884766,48.970001220703125,47.13999938964844,48.400001525878906,10129200
2021-09-15,47.155609130859375,48.59000015258789,48.70000076293945,46.7599983215332,48.060001373291016,9321800
2021-09-16,47.621437072753906,49.06999969482422,49.529998779296875,47.02000045776367,47.7400016784668,9094400
2021-09-17,45.369930267333984,46.75,48.650001525878906,45.970001220703125,48.63999938964844,14478900
2021-09-20,42.02177429199219,43.29999923706055,44.20000076293945,41.15999984741211,43.75,19454600
2021-09-21,42.31291580200195,43.599998474121094,44.52000045776367,42.349998474121094,44.040000915527344,9972400
2021-09-22,44.89438247680664,46.2599983215332,46.56999969482422,44.0099983215332,44.459999084472656,11093200
2021-09-23,46.68006896972656,48.099998474121094,48.54999923706055,46.41999816894531,46.88999938964844,11819600
2021-09-24,46.534507751464844,47.95000076293945,48.22999954223633,46.779998779296875,46.86000061035156,7465000
2021-09-27,46.28217315673828,47.689998626708984,48.18000030517578,45.560001373291016,46.52000045776367,10241300
2021-09-28,40.98335647583008,42.22999954223633,45.790000915527344,42.04999923706055,44.900001525878906,23988000
2021-09-29,38.93564987182617,40.119998931884766,42.68000030517578,39.779998779296875,42.560001373291016,19889700
2021-09-30,38.85801315307617,40.040000915527344,41.95000076293945,40.0,41.060001373291016,14470200
2021-10-01,38.88711929321289,40.06999969482422,40.70000076293945,38.060001373291016,40.5,16368700
2021-10-04,35.92715835571289,37.02000045776367,39.52000045776367,36.56999969482422,39.310001373291016,20555400
2021-10-05,37.5090446472168,38.650001525878906,39.38999938964844,37.2599983215332,37.599998474121094,15194100
2021-10-06,37.90693664550781,39.060001373291016,39.13999938964844,36.91999816894531,37.31999969482422,16403200
2021-10-07,39.19767761230469,40.38999938964844,42.029998779296875,40.27000045776367,40.529998779296875,13234300
2021-10-08,38.168968200683594,39.33000183105469,41.06999969482422,39.08000183105469,40.900001525878906,10297000
2021-10-11,37.247013092041016,38.380001068115234,40.38999938964844,38.36000061035156,38.7599983215332,9446400
2021-10-12,35.95627212524414,37.04999923706055,39.310001373291016,36.470001220703125,39.209999084472656,19847400
2021-10-13,36.53856658935547,37.650001525878906,38.29999923706055,37.2400016784668,37.70000076293945,11660600
2021-10-14,39.838199615478516,41.04999923706055,41.08000183105469,39.34000015258789,39.63999938964844,14800900
2021-10-15,40.60487365722656,41.84000015258789,42.290000915527344,41.29999923706055,42.029998779296875,10988500
2021-10-18,41.59476089477539,42.86000061035156,42.970001220703125,40.439998626708984,41.13999938964844,8498200
2021-10-19,43.1184196472168,44.43000030517578,44.47999954223633,42.630001068115234,43.11000061035156,11476200
2021-10-20,42.89520263671875,44.20000076293945,44.72999954223633,43.630001068115234,44.130001068115234,9908200
2021-10-21,44.244171142578125,45.59000015258789,45.720001220703125,43.29999923706055,43.33000183105469,10019700
2021-10-22,42.74962615966797,44.04999923706055,46.22999954223633,43.77000045776367,44.84000015258789,12691700
2021-10-25,43.72982406616211,45.060001373291016,45.66999816894531,44.15999984741211,44.599998474121094,9706700
2021-10-26,43.63276290893555,44.959999084472656,46.45000076293945,44.540000915527344,46.02000045776367,12067800
2021-10-27,42.7884521484375,44.09000015258789,45.61000061035156,43.560001373291016,44.22999954223633,13076300
2021-10-28,45.612548828125,47.0,47.099998474121094,45.56999969482422,45.84000015258789,15904400
2021-10-29,46.24335861206055,47.650001525878906,47.650001525878906,45.619998931884766,45.970001220703125,12735000
2021-11-01,48.48516845703125,49.959999084472656,49.959999084472656,47.45000076293945,47.790000915527344,14647400
2021-11-02,50.29026412963867,51.81999969482422,51.81999969482422,49.810001373291016,49.81999969482422,12421100
2021-11-03,52.08564758300781,53.66999816894531,53.810001373291016,51.41999816894531,52.06999969482422,11472200
2021-11-04,57.33595657348633,59.08000183105469,59.83000183105469,54.56999969482422,55.41999816894531,20539200
2021-11-05,59.111915588378906,60.90999984741211,62.400001525878906,59.209999084472656,60.040000915527344,19536100
2021-11-08,61.66427230834961,63.540000915527344,64.70999908447266,61.4900016784668,62.099998474121094,15603900
2021-11-09,61.52841567993164,63.400001525878906,65.62999725341797,61.40999984741211,65.2699966430664,16385900
2021-11-10,56.23931121826172,57.95000076293945,62.5,57.06999969482422,60.04999923706055,17648300
2021-11-11,59.82037353515625,61.63999938964844,61.9900016784668,59.369998931884766,60.720001220703125,13055700
2021-11-12,61.479881286621094,63.349998474121094,64.25,61.16999816894531,62.220001220703125,13052700
2021-11-15,61.334320068359375,63.20000076293945,64.73999786376953,61.2599983215332,64.7300033569336,11837400
2021-11-16,64.19722747802734,66.1500015258789,66.43000030517578,62.0099983215332,62.380001068115234,12693000
2021-11-17,62.6153450012207,64.5199966430664,66.12999725341797,63.70000076293945,66.0,11636600
2021-11-18,65.97322082519531,67.9800033569336,68.9000015258789,66.02999877929688,67.87000274658203,14102700
2021-11-19,66.58463287353516,68.61000061035156,69.87000274658203,66.87999725341797,67.86000061035156,14527400
2021-11-22,63.49849319458008,65.43000030517578,72.48999786376953,65.2300033569336,69.54000091552734,16809800
2021-11-23,62.828861236572266,64.73999786376953,66.61000061035156,61.349998474121094,64.83000183105469,16233700
2021-11-24,64.90569305419922,66.87999725341797,66.9000015258789,61.209999084472656,62.9900016784668,14762200
2021-11-26,59.55833435058594,61.369998931884766,64.9800033569336,59.849998474121094,63.099998474121094,14919700
2021-11-29,66.39053344726562,68.41000366210938,68.68000030517578,63.220001220703125,63.95000076293945,18352700
2021-11-30,62.76092529296875,64.66999816894531,69.33999633789062,62.88999938964844,67.27999877929688,22246300
2021-12-01,61.29550552368164,63.15999984741211,70.95999908447266,63.04999923706055,67.54000091552734,24798700
2021-12-02,61.38284683227539,63.25,64.73999786376953,59.68000030517578,61.2599983215332,21014200
2021-12-03,61.072288513183594,62.93000030517578,67.94999694824219,60.70000076293945,65.9000015258789,18842800
2021-12-06,60.75202560424805,62.599998474121094,63.290000915527344,56.779998779296875,62.060001373291016,13816300
2021-12-07,69.86485290527344,71.98999786376953,72.5199966430664,66.72000122070312,66.76000213623047,21654500
2021-12-08,68.60321044921875,70.69000244140625,71.19999694824219,68.48999786376953,70.93000030517578,12500700
2021-12-09,63.954620361328125,65.9000015258789,71.58999633789062,65.66000366210938,69.43000030517578,14533000
2021-12-10,65.60443115234375,67.5999984741211,70.44999694824219,65.16999816894531,69.45999908447266,12329100
2021-12-13,60.49970245361328,62.34000015258789,68.70999908447266,62.0,68.0199966430664,13561500
2021-12-14,59.70391082763672,61.52000045776367,62.369998931884766,58.939998626708984,60.0,13311200
2021-12-15,66.10908508300781,68.12000274658203,68.33999633789062,59.2400016784668,61.84000015258789,19005700
2021-12-16,57.48150634765625,59.22999954223633,69.5,58.02000045776367,69.01000213623047,27692100
2021-12-17,57.219482421875,58.959999084472656,61.58000183105469,56.86000061035156,57.34000015258789,17729000
2021-12-20,55.85110092163086,57.54999923706055,58.7599983215332,55.470001220703125,56.13999938964844,15681400
2021-12-21,61.64045715332031,63.5,63.689998626708984,58.77000045776367,61.16999816894531,20477000
2021-12-22,63.46540451049805,65.37999725341797,65.52999877929688,61.61000061035156,62.470001220703125,13011600
2021-12-23,65.43595886230469,67.41000366210938,68.75,65.91999816894531,66.0,14507000
2021-12-27,70.85255432128906,72.98999786376953,73.0,68.0,68.0999984741211,15598000
2021-12-28,68.45486450195312,70.5199966430664,74.06999969482422,69.56999969482422,74.06999969482422,14401800
2021-12-29,68.92082977294922,71.0,72.2300033569336,69.5999984741211,70.41999816894531,10702000
2021-12-30,66.35814666748047,68.36000061035156,71.33999633789062,67.88999938964844,70.5,11188200
2021-12-31,66.01837921142578,68.01000213623047,70.0999984741211,67.83000183105469,68.69999694824219,10152000
2022-01-03,69.98861694335938,72.0999984741211,72.11000061035156,68.38999938964844,69.05000305175781,15794800
2022-01-04,68.98876953125,71.06999969482422,74.20999908447266,66.04000091552734,72.58000183105469,21988000
2022-01-05,62.135520935058594,64.01000213623047,71.41999816894531,63.939998626708984,69.58999633789062,20821000
2022-01-06,63.62071990966797,65.54000091552734,66.38999938964844,61.849998474121094,64.08999633789062,19343100
2022-01-07,57.990562438964844,59.7400016784668,66.05000305175781,59.13999938964844,65.08000183105469,22625900
2022-01-10,58.242958068847656,60.0,60.189998626708984,53.81999969482422,57.34000015258789,25112700
2022-01-11,61.43660354614258,63.290000915527344,63.439998626708984,57.880001068115234,59.09000015258789,22053900
2022-01-12,62.68882369995117,64.58000183105469,66.4000015258789,62.63999938964844,64.98999786376953,19392000
2022-01-13,58.437095642089844,60.20000076293945,69.18000030517578,59.58000183105469,67.5,28866500
2022-01-14,62.59175491333008,64.4800033569336,64.54000091552734,58.560001373291016,58.7599983215332,23880600
2022-01-18,54.34067153930664,55.97999954223633,61.380001068115234,55.5,60.90999984741211,29055200
2022-01-19,49.33177947998047,50.81999969482422,58.15999984741211,50.72999954223633,57.47999954223633,28683300
2022-01-20,44.64323043823242,45.9900016784668,53.20000076293945,45.810001373291016,52.119998931884766,32438800
2022-01-21,42.42999267578125,43.709999084472656,48.93000030517578,43.400001525878906,45.220001220703125,45826500
2022-01-24,44.11903762817383,45.45000076293945,45.47999954223633,36.619998931884766,41.0,53548700
2022-01-25,39.01306915283203,40.189998626708984,43.349998474121094,39.380001068115234,41.77000045776367,40326300
2022-01-26,40.88655471801758,42.119998931884766,47.099998474121094,40.099998474121094,43.779998779296875,46405000
2022-01-27,35.295230865478516,36.36000061035156,43.45000076293945,36.0,43.400001525878906,50033700
2022-01-28,37.285194396972656,38.40999984741211,38.40999984741211,33.099998474121094,36.369998931884766,43946700
2022-01-31,43.274513244628906,44.58000183105469,44.75,38.29999923706055,38.9900016784668,39362500
2022-02-01,44.56556701660156,45.90999984741211,46.099998474121094,42.290000915527344,45.88999938964844,37795600
2022-02-02,47.895118713378906,49.34000015258789,49.5,46.459999084472656,48.470001220703125,40548600
2022-02-03,41.381614685058594,42.630001068115234,47.79999923706055,42.150001525878906,45.58000183105469,32875300
2022-02-04,42.18730926513672,43.459999084472656,44.52000045776367,40.369998931884766,42.08000183105469,30575600
2022-02-07,42.13877487182617,43.40999984741211,45.52000045776367,42.86000061035156,43.63999938964844,28382000
2022-02-08,45.235355377197266,46.599998474121094,46.880001068115234,42.540000915527344,42.75,33686800
2022-02-09,49.52592468261719,51.02000045776367,51.22999954223633,46.709999084472656,48.43000030517578,35302800
2022-02-10,45.06062698364258,46.41999816894531,52.209999084472656,45.58000183105469,47.58000183105469,51371000
2022-02-11,38.38211441040039,39.540000915527344,47.650001525878906,38.41999816894531,46.560001373291016,51212800
2022-02-14,38.43064880371094,39.59000015258789,41.849998474121094,37.86000061035156,39.75,43218400
2022-02-15,44.66263198852539,46.0099983215332,46.290000915527344,41.66999816894531,41.900001525878906,39910800
2022-02-16,44.75,46.099998474121094,46.5,43.040000915527344,44.06999969482422,35357600
2022-02-17,39.673152923583984,40.869998931884766,44.38999938964844,40.66999816894531,44.119998931884766,41858900
2022-02-18,38.4694709777832,39.630001068115234,41.349998474121094,37.77000045776367,41.13999938964844,46904100
2022-02-22,37.479339599609375,38.61000061035156,41.560001373291016,36.83000183105469,38.22999954223633,49765600
2022-02-23,34.85840606689453,35.90999984741211,41.29999923706055,35.630001068115234,40.06999969482422,52830600
2022-02-24,38.77039337158203,39.939998626708984,40.04999923706055,31.549999237060547,31.809999465942383,68362100
2022-02-25,40.556514739990234,41.779998779296875,41.84000015258789,38.15999984741211,40.0,40949000
2022-02-28,39.80905532836914,41.0099983215332,42.22999954223633,38.560001373291016,40.20000076293945,43350600
2022-03-01,35.508792877197266,36.58000183105469,41.29999923706055,35.349998474121094,40.779998779296875,46635000
2022-03-02,38.94511795043945,40.119998931884766,40.880001068115234,37.22999954223633,37.470001220703125,41485400
2022-03-03,36.45037841796875,37.54999923706055,40.869998931884766,36.81999969482422,40.650001525878906,45902800
2022-03-04,33.75178909301758,34.77000045776367,37.41999816894531,33.36000061035156,36.630001068115234,46799000
2022-03-07,28.713777542114258,29.579999923706055,35.599998474121094,29.5,34.81999969482422,50665800
2022-03-08,30.247501373291016,31.15999984741211,34.34000015258789,28.479999542236328,29.670000076293945,68456500
2022-03-09,33.907108306884766,34.93000030517578,35.65999984741211,33.06999969482422,34.119998931884766,46482400
2022-03-10,31.790945053100586,32.75,33.20000076293945,30.799999237060547,33.06999969482422,43831500
2022-03-11,29.791269302368164,30.690000534057617,34.41999816894531,30.5,34.15999984741211,34118300
2022-03-14,27.092681884765625,27.90999984741211,30.850000381469727,27.299999237060547,30.010000228881836,49351500
2022-03-15,30.587255477905273,31.510000228881836,31.719999313354492,28.010000228881836,28.450000762939453,42082900
2022-03-16,35.23698425292969,36.29999923706055,36.400001525878906,32.060001373291016,33.040000915527344,55754000
2022-03-17,35.86794662475586,36.95000076293945,37.0,34.31999969482422,35.25,37147500
2022-03-18,38.02293395996094,39.16999816894531,39.66999816894531,35.599998474121094,36.61000061035156,39797700
2022-03-21,37.857913970947266,39.0,39.970001220703125,36.880001068115234,38.70000076293945,38312100
2022-03-22,38.43754196166992,39.59000015258789,41.02000045776367,38.630001068115234,38.790000915527344,34654100
2022-03-23,35.621952056884766,36.689998626708984,39.9900016784668,36.59000015258789,38.5099983215332,38313200
2022-03-24,40.864768981933594,42.09000015258789,42.25,37.29999923706055,37.81999969482422,44687200
2022-03-25,40.78709030151367,42.0099983215332,42.369998931884766,39.75,42.06999969482422,36316000
2022-03-28,41.466712951660156,42.709999084472656,42.810001373291016,39.31999969482422,41.20000076293945,35741000
2022-03-29,44.253170013427734,45.58000183105469,46.0,43.11000061035156,44.84000015258789,40148500
2022-03-30,40.14630126953125,41.349998474121094,45.20000076293945,40.68000030517578,44.709999084472656,38435700
2022-03-31,37.651119232177734,38.779998779296875,41.84000015258789,38.41999816894531,41.2599983215332,38547400
2022-04-01,35.23359680175781,36.290000915527344,39.33000183105469,34.619998931884766,39.06999969482422,57428500
2022-04-04,36.85498046875,37.959999084472656,38.220001220703125,36.16999816894531,36.58000183105469,28200500
2022-04-05,31.92286491394043,32.880001068115234,37.2400016784668,32.529998779296875,37.09000015258789,57649600
2022-04-06,29.621854782104492,30.510000228881836,32.099998474121094,29.559999465942383,30.850000381469727,69146900
2022-04-07,29.621854782104492,30.510000228881836,31.420000076293945,28.65999984741211,30.25,55657300
2022-04-08,27.46648406982422,28.290000915527344,29.959999084472656,28.149999618530273,29.860000610351562,71608900
2022-04-11,25.718881607055664,26.489999771118164,27.709999084472656,26.34000015258789,27.040000915527344,60558200
2022-04-12,25.47615623474121,26.239999771118164,28.84000015258789,25.860000610351562,28.040000915527344,66793200
2022-04-13,27.214052200317383,28.030000686645508,28.540000915527344,26.309999465942383,26.770000457763672,50484000
2022-04-14,24.8644962310791,25.610000610351562,28.6200008392334,25.540000915527344,28.549999237060547,51193200
2022-04-18,26.19461441040039,26.979999542236328,27.670000076293945,25.15999984741211,25.260000228881836,49251700
2022-04-19,27.913089752197266,28.75,28.889999389648438,26.219999313354492,26.68000030517578,45358800
2022-04-20,27.670366287231445,28.5,30.850000381469727,28.239999771118164,30.06999969482422,51891900
2022-04-21,25.4470272064209,26.209999084472656,30.56999969482422,25.809999465942383,29.600000381469727,53808500
2022-04-22,23.738262176513672,24.450000762939453,26.559999465942383,24.3700008392334,26.100000381469727,57459200
2022-04-25,24.922752380371094,25.670000076293945,25.760000228881836,23.68000030517578,23.889999389648438,58210600
2022-04-26,21.77706527709961,22.43000030517578,24.899999618530273,22.350000381469727,24.709999084472656,55039200
2022-04-27,21.311037063598633,21.950000762939453,23.59000015258789,21.479999542236328,21.6200008392334,52406400
2022-04-28,24.835363388061523,25.579999923706055,26.299999237060547,22.399999618530273,23.200000762939453,63555800
2022-04-29,21.59259605407715,22.239999771118164,25.950000762939453,22.100000381469727,24.299999237060547,48104400
2022-05-02,23.786808013916016,24.5,24.549999237060547,21.809999465942383,22.3799991607666,57669900
2022-05-03,24.379053115844727,25.110000610351562,25.68000030517578,23.75,24.329999923706055,53115700
2022-05-04,27.204341888427734,28.020000457763672,28.139999389648438,23.299999237060547,25.690000534057617,77054200
2022-05-05,23.29165267944336,23.989999771118164,26.6200008392334,22.75,26.530000686645508,64302700
2022-05-06,22.670284271240234,23.350000381469727,24.8700008392334,21.940000534057617,23.239999771118164,73607500
2022-05-09,19.14594841003418,19.719999313354492,22.600000381469727,19.31999969482422,21.81999969482422,72482100
2022-05-10,20.47607421875,21.09000015258789,22.149999618530273,19.719999313354492,21.450000762939453,72934500
2022-05-11,18.592544555664062,19.149999618530273,22.0,18.969999313354492,20.530000686645508,76546000
2022-05-12,18.8449764251709,19.40999984741211,19.989999771118164,17.959999084472656,18.510000228881836,79889100
2022-05-13,21.835317611694336,22.489999771118164,22.90999984741211,20.18000030517578,20.56999969482422,65885900
2022-05-16,20.7479248046875,21.3700008392334,22.510000228881836,21.200000762939453,21.860000610351562,49300800
2022-05-17,23.864477157592773,24.579999923706055,24.739999771118164,22.84000015258789,23.079999923706055,65619700
2022-05-18,20.243061065673828,20.850000381469727,24.350000381469727,20.530000686645508,23.399999618530273,61497800
2022-05-19,19.9129581451416,20.510000228881836,22.040000915527344,19.899999618530273,20.549999237060547,62522000
2022-05-20,19.767324447631836,20.360000610351562,21.649999618530273,17.65999984741211,21.540000915527344,86718200
2022-05-23,20.029460906982422,20.6299991607666,20.829999923706055,19.450000762939453,19.93000030517578,54498700
2022-05-24,18.544004440307617,19.100000381469727,19.8799991607666,18.440000534057617,19.690000534057617,57291400
2022-05-25,19.602270126342773,20.190000534057617,20.719999313354492,18.719999313354492,18.729999542236328,54536300
2022-05-26,21.88386344909668,22.540000915527344,22.829999923706055,19.479999542236328,19.610000610351562,60520000
2022-05-27,24.524682998657227,25.260000228881836,25.440000534057617,23.59000015258789,23.600000381469727,54680400
2022-05-31,24.13633155822754,24.860000610351562,25.600000381469727,23.75,25.139999389648438,48671900
2022-06-01,23.019804000854492,23.709999084472656,25.719999313354492,22.709999084472656,25.34000015258789,52378500
2022-06-02,25.43732261657715,26.200000762939453,26.280000686645508,23.299999237060547,23.399999618530273,49439000
2022-06-03,23.233402252197266,23.93000030517578,24.950000762939453,23.5,24.549999237060547,42093200
2022-06-06,23.21398162841797,23.90999984741211,25.579999923706055,23.479999542236328,25.25,40514000
2022-06-07,23.883895874023438,24.600000381469727,24.739999771118164,22.540000915527344,23.020000457763672,37067500
2022-06-08,22.243091583251953,22.90999984741211,24.459999084472656,22.420000076293945,24.15999984741211,38501600
2022-06-09,20.47607421875,21.09000015258789,23.559999465942383,21.030000686645508,22.389999389648438,37937200
2022-06-10,18.26244354248047,18.809999465942383,20.510000228881836,18.65999984741211,19.979999542236328,58924000
2022-06-13,15.097341537475586,15.550000190734863,17.40999984741211,15.34000015258789,16.93000030517578,77061300
2022-06-14,15.301228523254395,15.760000228881836,16.219999313354492,15.210000038146973,16.010000228881836,52253400
2022-06-15,16.126482009887695,16.610000610351562,17.43000030517578,15.470000267028809,16.350000381469727,77001800
2022-06-16,13.174979209899902,13.569999694824219,15.1899995803833,12.989999771118164,15.140000343322754,90753100
2022-06-17,13.30119514465332,13.699999809265137,14.020000457763672,12.779999732971191,13.649999618530273,64012800
2022-06-21,14.369173049926758,14.800000190734863,15.430000305175781,14.489999771118164,14.539999961853027,57522800
2022-06-22,13.891854286193848,14.289999961853027,14.970000267028809,13.9399995803833,14.039999961853027,49362200
2022-06-23,13.619653701782227,14.010000228881836,14.59000015258789,13.34000015258789,14.579999923706055,47625300
2022-06-24,15.36950397491455,15.8100004196167,15.850000381469727,14.569999694824219,14.640000343322754,60548200
2022-06-27,15.359783172607422,15.800000190734863,16.459999084472656,15.369999885559082,16.309999465942383,43426900
2022-06-28,14.154332160949707,14.5600004196167,16.579999923706055,14.520000457763672,16.0,56957600
2022-06-29,13.172471046447754,13.550000190734863,14.039999961853027,13.029999732971191,14.0,61516700
2022-06-30,12.73500919342041,13.100000381469727,13.829999923706055,12.380000114440918,13.029999732971191,70274900
2022-07-01,11.276802062988281,11.600000381469727,12.600000381469727,11.130000114440918,12.489999771118164,92067100
2022-07-05,11.519837379455566,11.850000381469727,11.899999618530273,10.529999732971191,10.739999771118164,82942200
2022-07-06,11.753148078918457,12.09000015258789,12.5,11.520000457763672,11.920000076293945,77177800
2022-07-07,13.328012466430664,13.710000038146973,13.890000343322754,12.90999984741211,12.90999984741211,75926300
2022-07-08,13.522441864013672,13.90999984741211,14.170000076293945,12.960000038146973,13.130000114440918,77437200
2022-07-11,12.550302505493164,12.90999984741211,13.449999809265137,12.649999618530273,13.25,52520600
2022-07-12,12.60863208770752,12.970000267028809,13.449999809265137,12.720000267028809,13.180000305175781,53368400
2022-07-13,12.91971492767334,13.289999961853027,13.5600004196167,12.130000114440918,12.180000305175781,70014100
2022-07-14,13.677983283996582,14.069999694824219,14.260000228881836,12.539999961853027,13.170000076293945,78227900
2022-07-15,14.689007759094238,15.109999656677246,15.149999618530273,14.039999961853027,14.75,74112400
2022-07-18,14.504300117492676,14.920000076293945,16.18000030517578,14.630000114440918,15.829999923706055,83926600
2022-07-19,16.477745056152344,16.950000762939453,17.170000076293945,15.5,15.609999656677246,78348500
2022-07-20,17.69291114807129,18.200000762939453,18.440000534057617,16.5,16.829999923706055,85890600
2022-07-21,18.567834854125977,19.100000381469727,19.1200008392334,17.68000030517578,18.520000457763672,80210800
2022-07-22,17.158233642578125,17.649999618530273,18.90999984741211,17.149999618530273,18.84000015258789,65689500
2022-07-25,16.817989349365234,17.299999237060547,17.3700008392334,16.43000030517578,17.229999542236328,43336800
2022-07-26,15.972230911254883,16.43000030517578,17.239999771118164,16.25,16.93000030517578,48959700
2022-07-27,18.208147048950195,18.729999542236328,19.1200008392334,17.170000076293945,17.31999969482422,78797600
2022-07-28,18.8303165435791,19.3700008392334,19.520000457763672,17.579999923706055,18.860000610351562,69548100
2022-07-29,19.277498245239258,19.829999923706055,19.989999771118164,18.31999969482422,18.56999969482422,61313500
2022-08-01,19.452482223510742,20.010000228881836,20.610000610351562,19.030000686645508,19.40999984741211,61205100
2022-08-02,19.364992141723633,19.920000076293945,20.8700008392334,19.110000610351562,19.43000030517578,60816500
2022-08-03,20.949575424194336,21.549999237060547,21.719999313354492,19.8700008392334,19.979999542236328,57214600
2022-08-04,21.455087661743164,22.06999969482422,22.270000457763672,21.219999313354492,21.469999313354492,56294600
2022-08-05,20.95929718017578,21.559999465942383,22.1200008392334,20.56999969482422,20.959999084472656,60067800
2022-08-08,19.967716217041016,20.540000915527344,21.389999389648438,19.56999969482422,20.649999618530273,59477700
2022-08-09,17.19712257385254,17.690000534057617,19.229999542236328,16.90999984741211,19.229999542236328,65153600
2022-08-10,19.355268478393555,19.90999984741211,20.020000457763672,18.389999389648438,19.079999923706055,69125300
2022-08-11,19.228893280029297,19.780000686645508,21.600000381469727,19.68000030517578,20.469999313354492,70069200
2022-08-12,20.998186111450195,21.600000381469727,21.719999313354492,19.979999542236328,20.239999771118164,57238400
2022-08-15,21.173168182373047,21.780000686645508,21.969999313354492,20.799999237060547,21.239999771118164,48991600
2022-08-16,20.550996780395508,21.139999389648438,21.739999771118164,20.389999389648438,21.479999542236328,48777200
2022-08-17,19.005298614501953,19.549999237060547,20.200000762939453,18.709999084472656,20.18000030517578,67988800
2022-08-18,20.307964324951172,20.889999389648438,21.360000610351562,19.5,19.719999313354492,50790800
2022-08-19,18.635887145996094,19.170000076293945,20.3799991607666,18.889999389648438,20.059999465942383,49700800
2022-08-22,16.565237045288086,17.040000915527344,18.149999618530273,16.770000457763672,18.100000381469727,51389400
2022-08-23,16.847156524658203,17.329999923706055,18.059999465942383,17.010000228881836,17.079999923706055,49723200
2022-08-24,16.924924850463867,17.40999984741211,17.59000015258789,16.770000457763672,17.25,42087500
2022-08-25,18.781709671020508,19.31999969482422,19.3799991607666,17.420000076293945,17.459999084472656,58659800
2022-08-26,15.534765243530273,15.979999542236328,19.329999923706055,15.949999809265137,19.25,84676900
2022-08-29,14.630680084228516,15.050000190734863,16.049999237060547,14.949999809265137,15.479999542236328,61062700
2022-08-30,14.066838264465332,14.470000267028809,15.569999694824219,13.960000038146973,15.5,77063100
2022-08-31,13.648818969726562,14.039999961853027,14.699999809265137,13.65999984741211,14.6899995803833,86870500
2022-09-01,12.851666450500488,13.220000267028809,13.260000228881836,11.970000267028809,13.029999732971191,113345600
2022-09-02,12.50169563293457,12.859999656677246,14.140000343322754,12.630000114440918,13.84000015258789,100737200
2022-09-06,12.073953628540039,12.420000076293945,13.029999732971191,12.069999694824219,12.90999984741211,79919100
2022-09-07,12.628069877624512,12.989999771118164,13.319999694824219,12.229999542236328,12.420000076293945,79632700
2022-09-08,13.269684791564941,13.649999618530273,13.800000190734863,12.369999885559082,12.640000343322754,103258300
2022-09-09,14.241822242736816,14.649999618530273,14.850000381469727,14.1899995803833,14.260000228881836,81908900
2022-09-12,14.368203163146973,14.779999732971191,15.050000190734863,14.300000190734863,14.829999923706055,67153300
2022-09-13,11.753148078918457,12.09000015258789,13.489999771118164,11.949999809265137,13.149999618530273,85975600
2022-09-14,12.112839698791504,12.460000038146973,12.739999771118164,11.9399995803833,12.279999732971191,65846900
2022-09-15,11.578164100646973,11.90999984741211,12.670000076293945,11.59000015258789,12.229999542236328,94630600
2022-09-16,11.723986625671387,12.0600004196167,12.100000381469727,11.180000305175781,11.470000267028809,87622100
2022-09-19,11.918411254882812,12.260000228881836,12.4399995803833,11.569999694824219,11.619999885559082,75532200
2022-09-20,11.411247253417969,11.699999809265137,12.039999961853027,11.430000305175781,11.850000381469727,70577400
2022-09-21,11.11864948272705,11.399999618530273,12.920000076293945,11.380000114440918,11.760000228881836,125021300
2022-09-22,10.250616073608398,10.510000228881836,11.319999694824219,10.25,11.170000076293945,112096100
2022-09-23,9.78246021270752,10.029999732971191,10.140000343322754,9.449999809265137,10.069999694824219,120047000
2022-09-26,9.314306259155273,9.550000190734863,10.359999656677246,9.5,9.90999984741211,96464800
2022-09-27,9.567893028259277,9.8100004196167,10.279999732971191,9.390000343322754,10.039999961853027,115839400
2022-09-28,9.919007301330566,10.170000076293945,10.350000381469727,9.449999809265137,9.569999694824219,119412700
2022-09-29,9.060723304748535,9.289999961853027,9.739999771118164,8.800000190734863,9.699999809265137,128122600
2022-09-30,8.641336441040039,8.859999656677246,9.609999656677246,8.739999771118164,8.899999618530273,109534300
2022-10-03,9.460607528686523,9.699999809265137,10.0,8.880000114440918,9.09000015258789,126786100
2022-10-04,10.767535209655762,11.039999961853027,11.100000381469727,10.539999961853027,10.579999923706055,114533100
2022-10-05,11.13815689086914,11.420000076293945,11.65999984741211,10.210000038146973,10.529999732971191,110030200
2022-10-06,10.913832664489746,11.1899995803833,11.920000076293945,11.050000190734863,11.289999961853027,117138000
2022-10-07,8.98270034790039,9.210000038146973,10.279999732971191,9.0,10.180000305175781,134873300
2022-10-10,8.075652122497559,8.279999732971191,9.09000015258789,7.860000133514404,9.069999694824219,163448700
2022-10-11,7.383174419403076,7.570000171661377,8.020000457763672,7.199999809265137,7.809999942779541,186475200
2022-10-12,7.158851146697998,7.340000152587891,7.619999885559082,7.230000019073486,7.489999771118164,110516500
2022-10-13,7.802562236785889,8.0,8.359999656677246,6.210000038146973,6.420000076293945,284532700
2022-10-14,6.758968353271484,6.929999828338623,8.270000457763672,6.869999885559082,8.260000228881836,177216100
2022-10-17,7.149096965789795,7.329999923706055,7.670000076293945,7.199999809265137,7.46999979019165,113321500
2022-10-18,7.2173686027526855,7.400000095367432,8.210000038146973,7.039999961853027,8.039999961853027,185506400
2022-10-19,7.383174419403076,7.570000171661377,7.800000190734863,7.199999809265137,7.269999980926514,134272400
2022-10-20,7.509965419769287,7.699999809265137,8.420000076293945,7.590000152587891,7.699999809265137,170614600
2022-10-21,8.368246078491211,8.579999923706055,8.640000343322754,7.550000190734863,7.650000095367432,178616600
2022-10-24,8.465778350830078,8.680000305175781,8.8100004196167,8.079999923706055,8.640000343322754,147205700
2022-10-25,9.031466484069824,9.260000228881836,9.470000267028809,8.75,8.800000190734863,127146900
2022-10-26,8.787635803222656,9.010000228881836,9.670000076293945,8.550000190734863,8.739999771118164,143571600
2022-10-27,8.309730529785156,8.520000457763672,9.4399995803833,8.479999542236328,9.15999984741211,129662300
2022-10-28,9.265542984008789,9.5,9.5600004196167,8.489999771118164,8.5600004196167,129291600
2022-10-31,8.699856758117676,8.920000076293945,9.350000381469727,8.75,9.300000190734863,118351000
2022-11-01,8.875412940979004,9.100000381469727,9.520000457763672,8.9399995803833,9.40999984741211,108638200
2022-11-02,8.036640167236328,8.239999771118164,9.770000457763672,8.199999809265137,9.270000457763672,174985600
2022-11-03,7.695276260375977,7.889999866485596,8.289999961853027,7.53000020980835,7.78000020980835,135668700
2022-11-04,8.768128395080566,8.989999771118164,9.0600004196167,8.420000076293945,8.720000267028809,173041700
2022-11-07,9.353321075439453,9.59000015258789,9.6899995803833,8.880000114440918,9.270000457763672,105846700
2022-11-08,9.919007301330566,10.170000076293945,10.5600004196167,9.609999656677246,10.109999656677246,147373300
2022-11-09,9.011959075927734,9.239999771118164,9.819999694824219,9.180000305175781,9.739999771118164,107444900
2022-11-10,11.781867027282715,12.079999923706055,12.170000076293945,10.5600004196167,10.800000190734863,196270300
2022-11-11,12.893733978271484,13.220000267028809,13.40999984741211,11.829999923706055,12.279999732971191,166468400
2022-11-14,12.454840660095215,12.770000457763672,13.510000228881836,12.729999542236328,12.989999771118164,108739600
2022-11-15,13.527691841125488,13.869999885559082,14.4399995803833,13.3100004196167,14.34000015258789,159797700
2022-11-16,11.830636024475098,12.130000114440918,12.989999771118164,11.869999885559082,12.930000305175781,112310400
2022-11-17,12.064711570739746,12.369999885559082,12.579999923706055,11.3100004196167,11.34000015258789,128795400
2022-11-18,12.181751251220703,12.489999771118164,13.029999732971191,12.069999694824219,12.989999771118164,117064100
2022-11-21,11.5965576171875,11.890000343322754,12.199999809265137,11.739999771118164,12.069999694824219,84238200
2022-11-22,12.581629753112793,12.899999618530273,12.9399995803833,11.850000381469727,12.140000343322754,86949600
2022-11-23,12.991265296936035,13.319999694824219,13.75,12.84000015258789,12.899999618530273,113790600
2022-11-25,12.542617797851562,12.859999656677246,13.260000228881836,12.829999923706055,13.130000114440918,41754500
2022-11-28,11.54779052734375,11.84000015258789,12.760000228881836,11.600000381469727,12.359999656677246,87803100
2022-11-29,11.440505027770996,11.729999542236328,12.180000305175781,11.5,11.949999809265137,75056000
2022-11-30,13.478924751281738,13.819999694824219,13.850000381469727,11.520000457763672,11.84000015258789,133385800
2022-12-01,13.16682243347168,13.5,14.130000114440918,12.9399995803833,14.09000015258789,112133900
2022-12-02,12.70842170715332,13.029999732971191,13.130000114440918,12.300000190734863,12.489999771118164,98017700
2022-12-05,12.279280662536621,12.59000015258789,13.15999984741211,12.199999809265137,12.800000190734863,71095100
2022-12-06,11.430752754211426,11.720000267028809,12.600000381469727,11.380000114440918,12.539999961853027,86923400
2022-12-07,11.411247253417969,11.699999809265137,11.930000305175781,11.329999923706055,11.40999984741211,86276700
2022-12-08,12.308541297912598,12.619999885559082,12.720000267028809,11.649999618530273,11.890000343322754,101888300
2022-12-09,12.015945434570312,12.319999694824219,12.989999771118164,12.180000305175781,12.489999771118164,88787400
2022-12-12,12.659655570983887,12.979999542236328,13.010000228881836,11.9399995803833,12.140000343322754,73482200
2022-12-13,13.293612480163574,13.630000114440918,14.90999984741211,13.140000343322754,14.720000267028809,180078900
2022-12-14,12.679162979125977,13.0,14.029999732971191,12.539999961853027,13.510000228881836,139612300
2022-12-15,11.11864948272705,11.399999618530273,12.380000114440918,11.319999694824219,12.229999542236328,107181700
2022-12-16,10.835807800292969,11.109999656677246,11.479999542236328,10.770000457763672,11.199999809265137,88813800
2022-12-19,10.426173210144043,10.6899995803833,11.149999618530273,10.350000381469727,11.119999885559082,82876800
2022-12-20,10.189303398132324,10.40999984741211,10.75,10.15999984741211,10.25,88304000
2022-12-21,10.903826713562012,11.140000343322754,11.270000457763672,10.600000381469727,10.630000114440918,83240400
2022-12-22,9.57265853881836,9.779999732971191,10.5600004196167,9.109999656677246,10.539999961853027,135617300
2022-12-23,9.562870979309082,9.770000457763672,9.8100004196167,9.229999542236328,9.59000015258789,92378600
2022-12-27,9.073471069335938,9.270000457763672,9.59000015258789,9.130000114440918,9.579999923706055,78142100
2022-12-28,8.672163009643555,8.859999656677246,9.430000305175781,8.739999771118164,9.100000381469727,83917300
2022-12-29,9.464990615844727,9.670000076293945,9.829999923706055,9.180000305175781,9.279999732971191,90966000
2022-12-30,9.464990615844727,9.670000076293945,9.699999809265137,9.0600004196167,9.270000457763672,64369800
2023-01-03,9.1615629196167,9.359999656677246,10.210000038146973,9.1899995803833,10.170000076293945,97509800
2023-01-04,9.856510162353516,10.069999694824219,10.270000457763672,9.579999923706055,9.880000114440918,114576600
2023-01-05,9.367111206054688,9.569999694824219,10.0,9.529999732971191,9.800000190734863,83312800
2023-01-06,10.639551162719727,10.869999885559082,11.069999694824219,9.5600004196167,9.949999809265137,123492600
2023-01-09,11.285557746887207,11.529999732971191,12.270000457763672,11.279999732971191,11.529999732971191,136968300
2023-01-10,11.716230392456055,11.970000267028809,11.989999771118164,11.1899995803833,11.380000114440918,90401400
2023-01-11,12.137114524841309,12.399999618530273,12.430000305175781,11.649999618530273,11.979999542236328,80469400
2023-01-12,12.548209190368652,12.819999694824219,13.079999923706055,11.819999694824219,12.59000015258789,135343400
2023-01-13,12.675453186035156,12.949999809265137,13.0,12.270000457763672,12.369999885559082,74389800
2023-01-17,12.783122062683105,13.0600004196167,13.430000305175781,12.670000076293945,12.880000114440918,74500500
2023-01-18,12.548209190368652,12.819999694824219,13.760000228881836,12.8100004196167,13.449999809265137,82050400
2023-01-19,11.52047348022461,11.770000457763672,12.520000457763672,11.619999885559082,12.479999542236328,99618400
2023-01-20,12.51884651184082,12.789999961853027,12.859999656677246,11.75,12.109999656677246,89921600
2023-01-23,14.427504539489746,14.739999771118164,14.90999984741211,13.130000114440918,13.180000305175781,125178200
2023-01-24,14.133864402770996,14.4399995803833,14.850000381469727,14.15999984741211,14.289999961853027,75816000
2023-01-25,14.221956253051758,14.529999732971191,14.630000114440918,13.329999923706055,13.710000038146973,93424800
2023-01-26,14.91690444946289,15.239999771118164,15.300000190734863,14.300000190734863,15.020000457763672,111443300
2023-01-27,14.6624174118042,14.979999542236328,15.359999656677246,14.350000381469727,14.5,101402600
2023-01-30,13.50743293762207,13.800000190734863,14.619999885559082,13.729999542236328,14.350000381469727,81286700
2023-01-31,14.21216869354248,14.520000457763672,14.550000190734863,13.640000343322754,13.670000076293945,97363300
2023-02-01,16.443830490112305,16.799999237060547,17.280000686645508,14.680000305175781,14.729999542236328,150219900
2023-02-02,17.540088653564453,17.920000076293945,18.399999618530273,17.010000228881836,17.329999923706055,116420900
2023-02-03,16.571075439453125,16.93000030517578,18.1299991607666,16.600000381469727,16.780000686645508,94867600
2023-02-06,15.758672714233398,16.100000381469727,16.860000610351562,15.859999656677246,16.1200008392334,77254800
2023-02-07,17.217082977294922,17.59000015258789,17.850000381469727,16.1299991607666,16.219999313354492,119100900
2023-02-08,16.14040184020996,16.489999771118164,17.690000534057617,16.350000381469727,17.329999923706055,72392900
2023-02-09,16.228496551513672,16.579999923706055,17.899999618530273,16.209999084472656,17.329999923706055,84793400
2023-02-10,15.465034484863281,15.800000190734863,16.219999313354492,15.25,16.059999465942383,78447700
2023-02-13,16.07188606262207,16.420000076293945,16.6200008392334,15.569999694824219,15.989999771118164,60332300
2023-02-14,16.96259880065918,17.329999923706055,17.530000686645508,15.670000076293945,16.059999465942383,111460800
2023-02-15,17.16814422607422,17.540000915527344,17.59000015258789,16.43000030517578,16.809999465942383,74638200
2023-02-16,15.934857368469238,16.280000686645508,17.170000076293945,16.18000030517578,16.649999618530273,81774100
2023-02-17,15.171393394470215,15.5,16.1200008392334,15.039999961853027,15.979999542236328,82871000
2023-02-21,13.712981224060059,14.010000228881836,15.3100004196167,13.890000343322754,14.789999961853027,68114400
2023-02-22,13.536799430847168,13.829999923706055,14.40999984741211,13.539999961853027,14.109999656677246,70471500
2023-02-23,14.760296821594238,15.079999923706055,15.34000015258789,14.279999732971191,15.130000114440918,94198000
2023-02-24,14.006623268127441,14.3100004196167,14.539999961853027,13.960000038146973,14.289999961853027,74689200
2023-02-27,14.192594528198242,14.5,15.010000228881836,14.5,14.960000038146973,61896900
2023-02-28,14.339412689208984,14.649999618530273,15.270000457763672,14.3100004196167,14.399999618530273,59300500
2023-03-01,14.368778228759766,14.680000305175781,15.220000267028809,14.479999542236328,14.8100004196167,63832600
2023-03-02,14.691781044006348,15.010000228881836,15.239999771118164,13.65999984741211,14.010000228881836,73485400
2023-03-03,15.347578048706055,15.680000305175781,15.770000457763672,14.649999618530273,15.050000190734863,72055200
2023-03-06,14.848389625549316,15.170000076293945,16.25,15.039999961853027,15.829999923706055,56252700
2023-03-07,14.339412689208984,14.649999618530273,15.420000076293945,14.489999771118164,15.1899995803833,66744300
2023-03-08,15.474822044372559,15.8100004196167,15.899999618530273,14.850000381469727,14.859999656677246,71670200
2023-03-09,14.593901634216309,14.90999984741211,16.540000915527344,14.800000190734863,15.75,87945700
2023-03-10,13.7521333694458,14.050000190734863,15.25,13.8100004196167,15.109999656677246,128656300
2023-03-13,13.722770690917969,14.020000457763672,14.539999961853027,13.149999618530273,13.609999656677246,121199400
2023-03-14,14.897330284118652,15.220000267028809,15.539999961853027,14.539999961853027,14.760000228881836,107012500
2023-03-15,14.378564834594727,14.6899995803833,14.850000381469727,13.75,14.600000381469727,126199700
2023-03-16,16.07188606262207,16.420000076293945,16.520000457763672,14.300000190734863,14.479999542236328,108646600
2023-03-17,15.788036346435547,16.1299991607666,16.899999618530273,15.829999923706055,16.489999771118164,79179200
2023-03-20,16.25786018371582,16.610000610351562,16.790000915527344,15.779999732971191,16.139999389648438,62536400
2023-03-21,16.341184616088867,16.670000076293945,17.530000686645508,15.9399995803833,17.010000228881836,76051300
2023-03-22,15.919665336608887,16.239999771118164,18.020000457763672,16.200000762939453,16.68000030517578,95075000
2023-03-23,17.145009994506836,17.489999771118164,18.170000076293945,16.6299991607666,17.020000457763672,97514400
2023-03-24,16.24315643310547,16.56999969482422,17.219999313354492,16.040000915527344,17.100000381469727,90583300
2023-03-27,15.654993057250977,15.970000267028809,16.920000076293945,15.8100004196167,16.760000228881836,64605200
2023-03-28,15.321698188781738,15.630000114440918,15.880000114440918,14.899999618530273,15.869999885559082,75621600
2023-03-29,16.74309730529785,17.079999923706055,17.469999313354492,16.299999237060547,16.34000015258789,90012500
2023-03-30,17.59593391418457,17.950000762939453,18.290000915527344,17.579999923706055,17.760000228881836,80622200
2023-03-31,17.93903160095215,18.299999237060547,18.34000015258789,17.43000030517578,17.559999465942383,68287500
2023-04-03,17.458698272705078,17.809999465942383,18.15999984741211,17.1299991607666,17.920000076293945,57147300
2023-04-04,16.45881462097168,16.790000915527344,17.899999618530273,16.510000228881836,17.8700008392334,64093400
2023-04-05,15.605978012084961,15.920000076293945,16.309999465942383,15.380000114440918,16.25,86953300
2023-04-06,15.351106643676758,15.65999984741211,16.010000228881836,15.09000015258789,15.449999809265137,65901100
2023-04-10,16.066709518432617,16.389999389648438,16.5,15.140000343322754,15.220000267028809,63177700
2023-04-11,15.89025592803955,16.209999084472656,16.790000915527344,16.110000610351562,16.719999313354492,52220200
2023-04-12,15.02761459350586,15.329999923706055,16.739999771118164,15.270000457763672,16.65999984741211,76962300
2023-04-13,15.360907554626465,15.670000076293945,15.949999809265137,15.039999961853027,15.390000343322754,59431400
2023-04-14,15.272684097290039,15.579999923706055,16.190000534057617,15.079999923706055,15.640000343322754,56858500
2023-04-17,15.272684097290039,15.579999923706055,15.619999885559082,14.949999809265137,15.100000381469727,56761700
2023-04-18,15.46873950958252,15.779999732971191,16.360000610351562,15.40999984741211,16.020000457763672,56833200
2023-04-19,14.958996772766113,15.260000228881836,15.380000114440918,14.979999542236328,15.199999809265137,53185600
2023-04-20,14.900178909301758,15.199999809265137,15.899999618530273,14.75,14.789999961853027,65191000
2023-04-21,14.566886901855469,14.859999656677246,15.09000015258789,14.479999542236328,15.09000015258789,68276000
2023-04-24,14.341422080993652,14.630000114440918,15.039999961853027,14.359999656677246,14.779999732971191,48740200
2023-04-25,12.939629554748535,13.199999809265137,14.420000076293945,13.170000076293945,14.420000076293945,89382800
2023-04-26,13.106274604797363,13.369999885559082,13.789999961853027,13.180000305175781,13.619999885559082,68911200
2023-04-27,13.27292251586914,13.539999961853027,13.600000381469727,12.520000457763672,13.329999923706055,87997600
2023-04-28,13.949312210083008,14.229999542236328,14.270000457763672,13.539999961853027,13.760000228881836,65456800
2023-05-01,14.370831489562988,14.65999984741211,14.789999961853027,14.319999694824219,14.460000038146973,57191000
2023-05-02,14.066946983337402,14.350000381469727,14.90999984741211,13.90999984741211,14.65999984741211,61126500
2023-05-03,13.56700611114502,13.84000015258789,14.619999885559082,13.8100004196167,14.119999885559082,71240700
2023-05-04,13.331740379333496,13.600000381469727,14.0,13.220000267028809,13.5,62383900
2023-05-05,14.184579849243164,14.470000267028809,14.680000305175781,13.4399995803833,13.619999885559082,62636200
2023-05-08,14.361028671264648,14.649999618530273,14.699999809265137,14.069999694824219,14.460000038146973,41012800
2023-05-09,13.665033340454102,13.9399995803833,14.119999885559082,13.739999771118164,14.069999694824219,57414300
2023-05-10,14.027734756469727,14.3100004196167,14.640000343322754,13.90999984741211,14.380000114440918,78346700
2023-05-11,13.79246997833252,14.069999694824219,14.430000305175781,13.640000343322754,14.329999923706055,54962200
2023-05-12,13.743456840515137,14.020000457763672,14.369999885559082,13.59000015258789,14.180000305175781,46243600
2023-05-15,14.811955451965332,15.109999656677246,15.140000343322754,13.970000267028809,14.100000381469727,64054000
2023-05-16,14.75313949584961,15.050000190734863,15.569999694824219,14.970000267028809,14.979999542236328,54294600
2023-05-17,15.821638107299805,16.139999389648438,16.34000015258789,15.140000343322754,15.479999542236328,77302900
2023-05-18,17.32145881652832,17.670000076293945,17.799999237060547,16.31999969482422,16.34000015258789,91302200
2023-05-19,17.046981811523438,17.389999389648438,17.639999389648438,17.059999465942383,17.59000015258789,49521200
2023-05-22,17.184223175048828,17.530000686645508,17.719999313354492,16.889999389648438,16.920000076293945,43944400
2023-05-23,16.586252212524414,16.920000076293945,17.549999237060547,16.790000915527344,17.200000762939453,41287200
2023-05-24,15.7138090133667,16.030000686645508,16.229999542236328,15.489999771118164,15.890000343322754,87475800
2023-05-25,18.772266387939453,19.149999618530273,19.389999389648438,17.6299991607666,18.15999984741211,124768700
2023-05-26,22.428691864013672,22.8799991607666,23.260000228881836,20.030000686645508,20.049999237060547,112964600
2023-05-30,22.41888999938965,22.8700008392334,24.799999237060547,22.59000015258789,24.56999969482422,99439100
2023-05-31,20.732816696166992,21.149999618530273,22.670000076293945,21.09000015258789,21.709999084472656,73938700
2023-06-01,21.7228946685791,22.15999984741211,22.75,20.829999923706055,21.479999542236328,74757400
2023-06-02,21.585657119750977,22.020000457763672,22.889999389648438,21.530000686645508,22.690000534057617,65015000
2023-06-05,20.556365966796875,20.969999313354492,21.75,20.65999984741211,21.75,35747700
2023-06-06,21.301372528076172,21.729999542236328,22.059999465942383,20.43000030517578,20.549999237060547,49445200
2023-06-07,21.213150024414062,21.639999389648438,23.100000381469727,21.489999771118164,22.149999618530273,65066100
2023-06-08,21.840526580810547,22.280000686645508,22.469999313354492,21.459999084472656,21.790000915527344,43045900
2023-06-09,21.958162307739258,22.399999618530273,23.489999771118164,22.09000015258789,23.030000686645508,50142100
2023-06-12,24.114765167236328,24.600000381469727,24.68000030517578,23.1299991607666,23.200000762939453,52761000
2023-06-13,25.055828094482422,25.559999465942383,26.079999923706055,24.719999313354492,25.790000915527344,82626800
2023-06-14,26.114526748657227,26.639999389648438,26.700000762939453,24.84000015258789,25.309999465942383,84622000
2023-06-15,25.438140869140625,25.950000762939453,26.56999969482422,25.420000076293945,25.75,64797200
2023-06-16,24.742141723632812,25.239999771118164,26.790000915527344,25.1299991607666,26.770000457763672,55392600
2023-06-20,24.163776397705078,24.649999618530273,25.549999237060547,23.979999542236328,24.860000610351562,43349100
2023-06-21,22.365140914916992,22.780000686645508,24.489999771118164,22.700000762939453,24.170000076293945,59099400
2023-06-22,22.67931365966797,23.100000381469727,23.3799991607666,22.219999313354492,22.280000686645508,44637500
2023-06-23,21.491348266601562,21.889999389648438,22.280000686645508,21.520000457763672,21.950000762939453,44294000
2023-06-26,21.687707901000977,22.09000015258789,23.31999969482422,22.049999237060547,22.31999969482422,47524300
2023-06-27,23.92618751525879,24.3700008392334,24.489999771118164,22.010000228881836,22.290000915527344,54471000
2023-06-28,23.28802490234375,23.719999313354492,24.440000534057617,23.110000610351562,23.18000030517578,55584500
2023-06-29,23.37638282775879,23.809999465942383,24.110000610351562,23.170000076293945,24.110000610351562,45213700
2023-06-30,24.377809524536133,24.829999923706055,25.170000076293945,24.290000915527344,24.56999969482422,47598800
2023-07-03,25.025789260864258,25.489999771118164,25.75,24.68000030517578,25.260000228881836,25289900
2023-07-05,23.41565704345703,23.850000381469727,25.18000030517578,23.829999923706055,24.989999771118164,38292000
2023-07-06,22.561498641967773,22.979999542236328,23.049999237060547,22.040000915527344,22.600000381469727,49420400
2023-07-07,22.54186248779297,22.959999084472656,24.030000686645508,22.829999923706055,23.079999923706055,41284000
2023-07-10,23.87709617614746,24.31999969482422,24.440000534057617,23.079999923706055,23.15999984741211,39943500
2023-07-11,23.896730422973633,24.34000015258789,24.739999771118164,23.280000686645508,24.68000030517578,44231000
2023-07-12,25.22214698791504,25.690000534057617,25.850000381469727,25.0,25.440000534057617,54237000
2023-07-13,26.783193588256836,27.280000686645508,27.450000762939453,26.209999084472656,26.510000228881836,42645500
2023-07-14,25.75231170654297,26.229999542236328,28.030000686645508,25.899999618530273,27.34000015258789,47910200
2023-07-17,27.548982620239258,28.059999465942383,28.530000686645508,25.770000457763672,26.280000686645508,50068600
2023-07-18,27.745342254638672,28.260000228881836,28.549999237060547,27.09000015258789,27.75,45800100
2023-07-19,26.79300880432129,27.290000915527344,28.440000534057617,27.040000915527344,28.40999984741211,49085500
2023-07-20,23.847644805908203,24.290000915527344,26.059999465942383,23.8700008392334,25.790000915527344,67340600
2023-07-21,24.466169357299805,24.920000076293945,25.59000015258789,24.5,25.010000228881836,43146400
2023-07-24,24.446533203125,24.899999618530273,25.440000534057617,24.510000228881836,24.90999984741211,29911500
2023-07-25,25.654129028320312,26.1299991607666,26.59000015258789,25.309999465942383,25.309999465942383,39288500
2023-07-26,24.603622436523438,25.059999465942383,25.729999542236328,24.209999084472656,25.200000762939453,54225500
2023-07-27,25.978120803833008,26.459999084472656,28.049999237060547,26.0,27.0,83083300
2023-07-28,27.637344360351562,28.149999618530273,28.440000534057617,27.149999618530273,27.989999771118164,60636000
2023-07-31,27.892610549926758,28.40999984741211,28.75,27.950000762939453,28.459999084472656,37007400
2023-08-01,28.010425567626953,28.530000686645508,28.719999313354492,27.440000534057617,27.809999465942383,36908400
2023-08-02,24.81961441040039,25.280000686645508,27.5,24.790000915527344,27.5,81886500
2023-08-03,24.691980361938477,25.149999618530273,25.600000381469727,24.06999969482422,24.290000915527344,51031600
2023-08-04,24.426897048950195,24.8799991607666,25.950000762939453,24.079999923706055,24.81999969482422,59250900
2023-08-07,25.19269371032715,25.65999984741211,25.780000686645508,24.979999542236328,25.459999084472656,40030800
2023-08-08,24.014545440673828,24.459999084472656,24.549999237060547,23.43000030517578,24.5,52987700
2023-08-09,22.669496536254883,23.09000015258789,24.440000534057617,22.950000762939453,24.399999618530273,49811500
2023-08-10,22.39459800720215,22.809999465942383,24.40999984741211,22.309999465942383,23.65999984741211,65350400
2023-08-11,20.755006790161133,21.139999389648438,22.0,21.010000228881836,21.93000030517578,66258400
2023-08-14,22.51241111755371,22.93000030517578,22.959999084472656,20.65999984741211,20.860000610351562,55110100
2023-08-15,21.402990341186523,21.799999237060547,22.81999969482422,21.700000762939453,22.6200008392334,45574800
2023-08-16,20.156118392944336,20.530000686645508,21.780000686645508,20.469999313354492,21.709999084472656,54398900
2023-08-17,19.547409057617188,19.90999984741211,20.75,19.709999084472656,20.6200008392334,50769000
2023-08-18,19.783039093017578,20.149999618530273,20.43000030517578,19.110000610351562,19.219999313354492,63687900
2023-08-21,21.48153305053711,21.8799991607666,22.030000686645508,20.389999389648438,20.510000228881836,60272400
2023-08-22,20.961181640625,21.350000381469727,22.81999969482422,21.100000381469727,22.709999084472656,59640500
2023-08-23,22.18842124938965,22.600000381469727,22.889999389648438,20.899999618530273,20.950000762939453,67010200
2023-08-24,20.038305282592773,20.40999984741211,23.920000076293945,20.239999771118164,23.889999389648438,87095000
2023-08-25,20.283748626708984,20.65999984741211,21.170000076293945,19.399999618530273,20.34000015258789,73315300
2023-08-28,21.029909133911133,21.420000076293945,21.59000015258789,20.760000228881836,21.260000228881836,57976500
2023-08-29,22.649858474731445,23.06999969482422,23.309999465942383,20.969999313354492,21.09000015258789,62384100
2023-08-30,22.97385025024414,23.399999618530273,23.700000762939453,22.3700008392334,22.920000076293945,58519900
2023-08-31,23.425474166870117,23.860000610351562,24.280000686645508,23.139999389648438,23.170000076293945,57584100
2023-09-01,23.58255958557129,24.020000457763672,24.510000228881836,23.510000228881836,24.350000381469727,50183300
2023-09-05,23.58255958557129,24.020000457763672,24.579999923706055,23.3799991607666,23.75,39873800
2023-09-06,23.01312255859375,23.440000534057617,24.290000915527344,22.65999984741211,23.8700008392334,45032300
2023-09-07,21.47171401977539,21.8700008392334,22.049999237060547,21.0,21.860000610351562,61690800
2023-09-08,21.108455657958984,21.5,22.190000534057617,21.219999313354492,21.719999313354492,40693000
2023-09-11,21.059364318847656,21.450000762939453,22.309999465942383,20.59000015258789,22.239999771118164,55474600
2023-09-12,20.558650970458984,20.940000534057617,21.979999542236328,20.850000381469727,21.0,49005100
2023-09-13,20.843368530273438,21.229999542236328,21.8700008392334,20.790000915527344,20.8799991607666,56098900
2023-09-14,21.255722045898438,21.649999618530273,21.93000030517578,21.049999237060547,21.860000610351562,54201500
2023-09-15,19.429597854614258,19.790000915527344,21.270000457763672,19.450000762939453,21.239999771118164,77383000
2023-09-18,19.56704330444336,19.93000030517578,20.18000030517578,19.200000762939453,19.290000915527344,41631100
2023-09-19,19.107789993286133,19.43000030517578,19.809999465942383,19.079999923706055,19.760000228881836,50047300
2023-09-20,18.17354393005371,18.479999542236328,19.920000076293945,18.440000534057617,19.65999984741211,58695600
2023-09-21,17.131122589111328,17.420000076293945,18.1299991607666,17.389999389648438,17.760000228881836,68048000
2023-09-22,17.54415512084961,17.84000015258789,18.3700008392334,17.6299991607666,17.899999618530273,65378900
2023-09-25,17.9178524017334,18.219999313354492,18.280000686645508,17.34000015258789,17.610000610351562,56510100
2023-09-26,16.9541072845459,17.239999771118164,17.920000076293945,16.989999771118164,17.739999771118164,70947400
2023-09-27,17.386810302734375,17.68000030517578,18.079999923706055,16.889999389648438,17.639999389648438,80980900
2023-09-28,18.330888748168945,18.639999389648438,19.219999313354492,17.350000381469727,17.56999969482422,88909800
2023-09-29,18.557077407836914,18.8700008392334,19.65999984741211,18.65999984741211,19.43000030517578,75732800
2023-10-02,18.763591766357422,19.079999923706055,19.579999923706055,18.43000030517578,18.950000762939453,65982800
2023-10-03,17.59332847595215,17.889999389648438,19.389999389648438,17.530000686645508,18.600000381469727,77741000
2023-10-04,18.330888748168945,18.639999389648438,18.809999465942383,17.770000457763672,18.18000030517578,74018800
2023-10-05,18.09486961364746,18.399999618530273,18.8700008392334,17.81999969482422,18.579999923706055,63584100
2023-10-06,19.147127151489258,19.469999313354492,19.790000915527344,17.65999984741211,18.020000457763672,92805900
2023-10-09,19.058616638183594,19.3799991607666,19.530000686645508,18.450000762939453,18.920000076293945,62652500
2023-10-10,19.71750831604004,20.049999237060547,20.6200008392334,19.290000915527344,19.559999465942383,67622800
2023-10-11,20.169879913330078,20.510000228881836,20.68000030517578,19.81999969482422,20.309999465942383,62660000
2023-10-12,20.337060928344727,20.68000030517578,21.56999969482422,20.09000015258789,20.670000076293945,83392100
2023-10-13,18.665250778198242,18.979999542236328,20.889999389648438,18.850000381469727,20.799999237060547,88671200
2023-10-16,19.48148536682129,19.809999465942383,20.0,19.100000381469727,19.1299991607666,65688500
2023-10-17,18.979944229125977,19.299999237060547,19.760000228881836,17.90999984741211,18.6299991607666,90214600
2023-10-18,17.976858139038086,18.280000686645508,18.790000915527344,17.979999542236328,18.3700008392334,81406400
2023-10-19,17.140954971313477,17.43000030517578,18.93000030517578,17.229999542236328,18.760000228881836,115930900
2023-10-20,16.364057540893555,16.639999389648438,17.790000915527344,16.56999969482422,17.420000076293945,83690500
2023-10-23,16.118200302124023,16.389999389648438,17.260000228881836,15.829999923706055,16.350000381469727,89594500
2023-10-24,16.757423400878906,17.040000915527344,17.1299991607666,16.420000076293945,16.65999984741211,79093400
2023-10-25,14.72175121307373,14.970000267028809,16.520000457763672,14.710000038146973,16.3799991607666,107436500
2023-10-26,14.485730171203613,14.729999542236328,15.680000305175781,14.479999542236328,15.130000114440918,101804700
2023-10-27,14.849595069885254,15.100000381469727,15.569999694824219,14.930000305175781,15.300000190734863,91507300
2023-10-30,14.289046287536621,14.529999732971191,15.109999656677246,14.020000457763672,14.819999694824219,104353000
2023-10-31,14.652910232543945,14.899999618530273,15.029999732971191,14.010000228881836,14.539999961853027,75873100
2023-11-01,15.685498237609863,15.949999809265137,16.020000457763672,14.930000305175781,14.949999809265137,100044400
2023-11-02,16.796756744384766,17.079999923706055,17.40999984741211,16.3799991607666,16.899999618530273,89974100
2023-11-03,18.0752010345459,18.3799991607666,18.760000228881836,17.5,17.600000381469727,88065900
2023-11-06,17.947357177734375,18.25,18.639999389648438,17.729999542236328,18.450000762939453,52668800
2023-11-07,18.291549682617188,18.600000381469727,18.8799991607666,18.059999465942383,18.15999984741211,56719500
2023-11-08,18.36039161682129,18.670000076293945,18.959999084472656,18.280000686645508,18.65999984741211,50269100
2023-11-09,18.08503532409668,18.389999389648438,19.700000762939453,18.280000686645508,19.040000915527344,75784400
2023-11-10,20.25838851928711,20.600000381469727,20.780000686645508,18.829999923706055,19.059999465942383,95598900
2023-11-13,19.688003540039062,20.020000457763672,20.200000762939453,19.579999923706055,20.110000610351562,57461900
2023-11-14,21.77284812927246,22.139999389648438,22.389999389648438,21.3799991607666,21.510000228881836,94381100
2023-11-15,22.25472068786621,22.6299991607666,23.18000030517578,22.18000030517578,22.610000610351562,78026200
2023-11-16,22.343229293823242,22.719999313354492,22.90999984741211,22.139999389648438,22.3700008392334,61404400
2023-11-17,22.74643325805664,23.1299991607666,23.290000915527344,22.3700008392334,22.469999313354492,54090800
2023-11-20,23.779020309448242,24.18000030517578,24.420000076293945,23.049999237060547,23.09000015258789,56824400
2023-11-21,22.46124267578125,22.84000015258789,23.600000381469727,22.450000762939453,23.56999969482422,63297900
2023-11-22,22.618589401245117,23.0,24.1200008392334,22.81999969482422,23.229999542236328,64858200
2023-11-24,22.70709228515625,23.09000015258789,23.149999618530273,22.75,22.969999313354492,21933500
2023-11-27,22.589082717895508,22.969999313354492,23.540000915527344,22.600000381469727,22.790000915527344,40671500
2023-11-28,22.166217803955078,22.540000915527344,22.889999389648438,21.969999313354492,22.5,53548300
2023-11-29,22.834936141967773,23.219999313354492,24.299999237060547,23.139999389648438,23.459999084472656,69262600
2023-11-30,22.431739807128906,22.809999465942383,23.469999313354492,22.190000534057617,23.450000762939453,58913500
2023-12-01,22.68742561340332,23.06999969482422,23.200000762939453,21.84000015258789,22.3799991607666,54913400
2023-12-04,21.94002914428711,22.309999465942383,22.440000534057617,21.290000915527344,22.360000610351562,55773300
2023-12-05,21.56633186340332,21.93000030517578,22.09000015258789,21.34000015258789,21.68000030517578,51980900
2023-12-06,21.113956451416016,21.469999313354492,22.889999389648438,21.40999984741211,22.829999923706055,60117400
2023-12-07,22.795602798461914,23.18000030517578,23.399999618530273,21.81999969482422,22.020000457763672,77337000
2023-12-08,23.306982040405273,23.700000762939453,24.040000915527344,22.950000762939453,23.010000228881836,69286800
2023-12-11,25.677013397216797,26.110000610351562,26.3799991607666,24.309999465942383,24.389999389648438,80772700
2023-12-12,26.208059310913086,26.649999618530273,26.719999313354492,25.600000381469727,25.75,55752100
2023-12-13,27.45699691772461,27.920000076293945,28.399999618530273,26.420000076293945,26.700000762939453,80992700
2023-12-14,29.689353942871094,30.190000534057617,30.489999771118164,28.610000610351562,28.6200008392334,86502800
2023-12-15,30.063053131103516,30.56999969482422,31.59000015258789,30.350000381469727,30.459999084472656,66922000
2023-12-18,29.787696838378906,30.290000915527344,30.709999084472656,29.459999084472656,30.559999465942383,46100400
2023-12-19,30.24006462097168,30.75,30.979999542236328,30.290000915527344,30.329999923706055,39361100
2023-12-20,27.634014129638672,28.100000381469727,30.6200008392334,28.049999237060547,30.200000762939453,59562600
2023-12-21,29.82505989074707,30.260000228881836,30.40999984741211,29.350000381469727,29.75,62019200
2023-12-22,30.07146644592285,30.510000228881836,31.079999923706055,29.8799991607666,30.6200008392334,42657600
2023-12-26,31.69775390625,32.15999984741211,32.529998779296875,30.90999984741211,30.93000030517578,48619700
2023-12-27,31.88501739501953,32.349998474121094,32.7400016784668,31.850000381469727,32.560001373291016,47991500
2023-12-28,31.756887435913086,32.220001220703125,32.779998779296875,32.04999923706055,32.59000015258789,34883800
2023-12-29,30.94867515563965,31.399999618530273,32.349998474121094,30.889999389648438,32.16999816894531,53294900
