Price,Adj Close,Close,High,Low,Open,Volume
Ticker,SOXL,SOXL,SOXL,SOXL,SOXL,SOXL
Date,,,,,,
2018-01-02,9.498602867126465,9.951333045959473,9.951333045959473,9.303999900817871,9.350000381469727,9237000
2018-01-03,9.971402168273926,10.446666717529297,10.46399974822998,10.027999877929688,10.050666809082031,9871500
2018-01-04,10.146393775939941,10.630000114440918,10.738666534423828,10.368666648864746,10.663999557495117,8502000
2018-01-05,10.329659461975098,10.821999549865723,10.937999725341797,10.577333450317383,10.746000289916992,7713000
2018-01-08,10.561923027038574,11.065333366394043,11.166666984558105,10.723333358764648,10.810667037963867,6538500
2018-01-09,10.25838851928711,10.747332572937012,11.12733268737793,10.690667152404785,11.119999885559082,9009000
2018-01-10,9.879136085510254,10.350000381469727,10.49666690826416,10.097332954406738,10.378000259399414,13269000
2018-01-11,10.05412483215332,10.533332824707031,10.547332763671875,10.317999839782715,10.47933292388916,5524500
2018-01-12,10.210027694702148,10.696666717529297,10.76533317565918,10.440667152404785,10.528667449951172,5019000
2018-01-16,10.319478034973145,10.811332702636719,11.1813325881958,10.61066722869873,10.937333106994629,9804000
2018-01-17,11.207165718078613,11.7413330078125,11.792667388916016,11.053333282470703,11.091333389282227,11496000
2018-01-18,11.366890907287598,11.908666610717773,12.083333015441895,11.630000114440918,11.65666675567627,9171000
2018-01-19,11.397433280944824,11.940667152404785,12.10200023651123,11.715999603271484,12.04800033569336,9315000
2018-01-22,11.661514282226562,12.21733283996582,12.21733283996582,11.8100004196167,11.98799991607666,5620500
2018-01-23,11.926228523254395,12.494667053222656,12.496000289916992,12.234000205993652,12.373332977294922,6738000
2018-01-24,11.105351448059082,11.63466739654541,12.236000061035156,11.370667457580566,12.138667106628418,18628500
2018-01-25,10.527559280395508,11.029333114624023,12.095333099365234,11.028667449951172,12.079999923706055,13167000
2018-01-26,11.52597427368164,12.075332641601562,12.083333015441895,11.399999618530273,11.466667175292969,12733500
2018-01-29,11.489067077636719,12.036666870117188,12.27733325958252,11.591333389282227,11.916000366210938,9184500
2018-01-30,10.789731979370117,11.303999900817871,11.718667030334473,11.267999649047852,11.40666675567627,11923500
2018-01-31,11.066537857055664,11.593999862670898,11.830666542053223,11.392000198364258,11.683333396911621,6891000
2018-02-01,10.902997970581055,11.422666549682617,11.927332878112793,11.206666946411133,11.266667366027832,6895500
2018-02-02,9.992401123046875,10.468667030334473,11.15999984741211,10.466667175292969,11.06933307647705,13788000
2018-02-05,8.655457496643066,9.067999839782715,10.72266674041748,8.933333396911621,10.199999809265137,16929000
2018-02-06,9.54505443572998,10.0,10.022000312805176,8.518667221069336,8.526666641235352,20614500
2018-02-07,8.909992218017578,9.334667205810547,10.050666809082031,9.333333015441895,9.859999656677246,12523500
2018-02-08,7.782402515411377,8.153332710266113,9.527999877929688,8.13466739654541,9.500666618347168,17155500
2018-02-09,8.491284370422363,8.895999908447266,9.03600025177002,7.820666790008545,8.757332801818848,20676000
2018-02-12,8.939262390136719,9.36533260345459,9.540666580200195,8.949999809265137,9.144000053405762,14100000
2018-02-13,8.9259033203125,9.351332664489746,9.395999908447266,9.088000297546387,9.125332832336426,7440000
2018-02-14,9.525327682495117,9.97933292388916,10.034667015075684,9.133333206176758,9.133333206176758,11127000
2018-02-15,9.877222061157227,10.347999572753906,10.347999572753906,9.633333206176758,10.254667282104492,12339000
2018-02-16,9.765231132507324,10.230667114257812,10.604666709899902,10.152000427246094,10.157333374023438,7677000
2018-02-20,10.2711181640625,10.760666847229004,11.052666664123535,10.089332580566406,10.100000381469727,11586000
2018-02-21,9.923041343688965,10.395999908447266,10.968000411987305,10.37600040435791,10.954000473022461,9901500
2018-02-22,9.849225044250488,10.3186674118042,10.638667106628418,10.224666595458984,10.523332595825195,5809500
2018-02-23,10.48874282836914,10.988666534423828,10.988666534423828,10.55666732788086,10.587332725524902,8178000
2018-02-26,11.156259536743164,11.687999725341797,11.699999809265137,11.140666961669922,11.233332633972168,8653500
2018-02-27,11.053176879882812,11.579999923706055,12.170000076293945,11.572667121887207,11.647333145141602,10837500
2018-02-28,10.749005317687988,11.261333465576172,11.930000305175781,11.231332778930664,11.800000190734863,10170000
2018-03-01,10.230391502380371,10.718000411987305,11.402667045593262,10.333333015441895,11.281999588012695,14397000
2018-03-02,10.759187698364258,11.272000312805176,11.33133316040039,10.258000373840332,10.258000373840332,9610500
2018-03-05,11.052541732788086,11.579333305358887,11.739999771118164,10.933333396911621,11.10533332824707,8790000
2018-03-06,11.55206298828125,12.102666854858398,12.190667152404785,11.716667175292969,11.853333473205566,12933000
2018-03-07,11.643056869506836,12.197999954223633,12.256667137145996,11.733332633972168,11.750666618347168,9990000
2018-03-08,11.692692756652832,12.25,12.447333335876465,12.026666641235352,12.333333015441895,8625000
2018-03-09,12.42130184173584,13.013333320617676,13.016667366027832,12.439332962036133,12.461333274841309,12120000
2018-03-12,12.808195114135742,13.41866683959961,13.628000259399414,13.166666984558105,13.279999732971191,12079500
2018-03-13,12.210039138793945,12.791999816894531,13.933333396911621,12.611332893371582,13.665332794189453,22048500
2018-03-14,12.20494270324707,12.786666870117188,12.979999542236328,12.434000015258789,12.949333190917969,13102500
2018-03-15,12.169310569763184,12.749333381652832,13.012666702270508,12.555999755859375,12.88599967956543,7572000
2018-03-16,12.159768104553223,12.739333152770996,12.96399974822998,12.682000160217285,12.805999755859375,4693500
2018-03-19,11.455340385437012,12.001333236694336,12.54466724395752,11.468667030334473,12.407999992370605,17712000
2018-03-20,11.723238945007324,12.281999588012695,12.38599967956543,12.017333030700684,12.066666603088379,8823000
2018-03-21,11.802780151367188,12.36533260345459,12.822667121887207,12.079999923706055,12.196000099182129,9939000
2018-03-22,10.833638191223145,11.350000381469727,12.146666526794434,11.331999778747559,11.781999588012695,15714000
2018-03-23,9.749958038330078,10.214667320251465,11.358667373657227,10.214667320251465,11.284667015075684,16557000
2018-03-26,10.976177215576172,11.499333381652832,11.507332801818848,10.534667015075684,10.980667114257812,18847500
2018-03-27,9.752500534057617,10.21733283996582,11.851332664489746,9.934000015258789,11.84000015258789,23146500
2018-03-28,9.13398265838623,9.56933307647705,10.302666664123535,9.421333312988281,10.092666625976562,20061000
2018-03-29,9.724503517150879,10.187999725341797,10.45533275604248,9.543333053588867,9.788666725158691,17752500
2018-04-02,8.598188400268555,9.008000373840332,10.133333206176758,8.723999977111816,9.880000114440918,19338000
2018-04-03,9.09071159362793,9.52400016784668,9.586000442504883,9.042667388916016,9.392666816711426,15993000
2018-04-04,9.437515258789062,9.887332916259766,9.96066665649414,8.683333396911621,8.707332611083984,16759500
2018-04-05,9.147345542907715,9.583333015441895,10.128666877746582,9.37399959564209,10.09333324432373,13840500
2018-04-06,8.312470436096191,8.708666801452637,9.499333381652832,8.588666915893555,9.170666694641113,13326000
2018-04-09,8.464555740356445,8.868000030517578,9.623332977294922,8.854000091552734,9.045999526977539,16462500
2018-04-10,9.278430938720703,9.720666885375977,9.869999885559082,9.302666664123535,9.498000144958496,18669000
2018-04-11,9.282251358032227,9.724666595458984,9.980667114257812,9.476667404174805,9.574666976928711,10633500
2018-04-12,9.811046600341797,10.278667449951172,10.358667373657227,9.908666610717773,9.989333152770996,13927500
2018-04-13,9.580690383911133,10.037332534790039,10.677332878112793,9.916666984558105,10.657333374023438,14283000
2018-04-16,9.642416000366211,10.10200023651123,10.254667282104492,9.844667434692383,10.227999687194824,8299500
2018-04-17,10.185847282409668,10.671333312988281,10.737333297729492,10.266667366027832,10.296667098999023,12387000
2018-04-18,9.87022590637207,10.340666770935059,10.525333404541016,10.046667098999023,10.46733283996582,12802500
2018-04-19,8.5956392288208,9.005332946777344,9.800000190734863,8.90666675567627,9.797332763671875,33981000
2018-04-20,8.287019729614258,8.682000160217285,9.133333206176758,8.559332847595215,9.0,16249500
2018-04-23,7.953577041625977,8.332667350769043,8.838666915893555,8.266667366027832,8.815333366394043,16278000
2018-04-24,7.760129451751709,8.130000114440918,8.783332824707031,7.906000137329102,8.54466724395752,21633000
2018-04-25,7.732766628265381,8.101332664489746,8.281332969665527,7.710667133331299,8.251999855041504,20535000
2018-04-26,8.204931259155273,8.595999717712402,8.61733341217041,8.323332786560059,8.461333274841309,17655000
2018-04-27,8.02357292175293,8.406000137329102,8.932000160217285,8.285332679748535,8.904000282287598,13656000
2018-04-30,7.757585048675537,8.12733268737793,8.553333282470703,8.022666931152344,8.399999618530273,11466000
2018-05-01,8.141297340393066,8.529333114624023,8.55666732788086,8.047332763671875,8.066666603088379,13552500
2018-05-02,8.02929973602295,8.411999702453613,8.633999824523926,8.309332847595215,8.531332969665527,10189500
2018-05-03,8.174385070800781,8.564000129699707,8.673333168029785,8.014666557312012,8.199999809265137,15442500
2018-05-04,8.763632774353027,9.1813325881958,9.210000038146973,8.309332847595215,8.381333351135254,19219500
2018-05-07,9.003535270690918,9.432666778564453,9.5600004196167,9.275333404541016,9.335332870483398,14211000
2018-05-08,9.195069313049316,9.633333206176758,9.633333206176758,9.29466724395752,9.330666542053223,10398000
2018-05-09,9.592145919799805,10.049332618713379,10.0513334274292,9.630666732788086,9.719332695007324,12400500
2018-05-10,10.104399681091309,10.586000442504883,10.586000442504883,10.173999786376953,10.173999786376953,12277500
2018-05-11,9.8632230758667,10.333333015441895,10.633333206176758,10.275333404541016,10.378000259399414,11790000
2018-05-14,10.251391410827637,10.739999771118164,11.088666915893555,10.664667129516602,10.715999603271484,13374000
2018-05-15,9.888680458068848,10.359999656677246,10.600000381469727,10.137332916259766,10.4913330078125,10774500
2018-05-16,10.287662506103516,10.777999877929688,10.826000213623047,10.390666961669922,10.390666961669922,10854000
2018-05-17,10.16739273071289,10.652000427246094,10.932666778564453,10.420666694641113,10.657999992370605,8755500
2018-05-18,9.739773750305176,10.204000473022461,10.432000160217285,10.094667434692383,10.392666816711426,9588000
2018-05-21,10.043944358825684,10.522666931152344,10.825332641601562,10.239999771118164,10.670000076293945,13068000
2018-05-22,10.213212966918945,10.699999809265137,10.930000305175781,10.574000358581543,10.803999900817871,12891000
2018-05-23,10.376749038696289,10.871333122253418,10.87266731262207,10.30666732788086,10.399333000183105,9612000
2018-05-24,10.48429012298584,10.984000205993652,11.063332557678223,10.579999923706055,10.843999862670898,10362000
2018-05-25,10.742645263671875,11.254667282104492,11.281999588012695,10.908666610717773,10.966667175292969,9672000
2018-05-29,10.53710651397705,11.03933334350586,11.333333015441895,10.8100004196167,11.050666809082031,10375500
2018-05-30,10.745823860168457,11.258000373840332,11.501333236694336,11.094667434692383,11.19333267211914,12159000
2018-05-31,10.512928009033203,11.013999938964844,11.354000091552734,10.956666946411133,11.1813325881958,9567000
2018-06-01,11.217352867126465,11.751999855041504,11.757332801818848,11.176667213439941,11.2586669921875,17115000
2018-06-04,11.49161148071289,12.03933334350586,12.079333305358887,11.718000411987305,11.866666793823242,11950500
2018-06-05,11.644332885742188,12.199333190917969,12.312000274658203,11.99666690826416,12.133333206176758,9339000
2018-06-06,11.8689603805542,12.434666633605957,12.438667297363281,12.066666603088379,12.223999977111816,8950500
2018-06-07,11.553973197937012,12.104666709899902,12.519332885742188,11.836000442504883,12.465999603271484,9597000
2018-06-08,11.249165534973145,11.785332679748535,11.85200023651123,11.480667114257812,11.673333168029785,9820500
2018-06-11,11.165807723999023,11.697999954223633,11.892666816711426,11.58666706085205,11.707332611083984,6118500
2018-06-12,11.336981773376465,11.87733268737793,11.90999984741211,11.578666687011719,11.777999877929688,7593000
2018-06-13,11.298168182373047,11.83666706085205,12.209333419799805,11.799332618713379,11.879332542419434,8608500
2018-06-14,11.49161148071289,12.03933334350586,12.221332550048828,11.833999633789062,12.015999794006348,8094000
2018-06-15,11.469338417053223,12.015999794006348,12.03933334350586,11.683333396911621,11.739333152770996,10308000
2018-06-18,11.11680793762207,11.646666526794434,11.733332633972168,11.320667266845703,11.733332633972168,12819000
2018-06-19,10.749603271484375,11.239333152770996,11.25333309173584,10.723333358764648,11.133333206176758,14991000
2018-06-20,10.918574333190918,11.416000366210938,11.580666542053223,11.266667366027832,11.510000228881836,7033500
2018-06-21,10.509222030639648,10.98799991607666,11.658666610717773,10.944000244140625,11.65133285522461,9858000
2018-06-22,10.265649795532227,10.733332633972168,11.187999725341797,10.656000137329102,11.130000114440918,5146500
2018-06-25,9.358959197998047,9.785332679748535,10.350666999816895,9.380666732788086,10.333333015441895,16000500
2018-06-26,9.457152366638184,9.887999534606934,10.031332969665527,9.733332633972168,9.935999870300293,7869000
2018-06-27,8.761509895324707,9.160667419433594,10.12733268737793,9.156000137329102,10.034000396728516,12337500
2018-06-28,8.982765197753906,9.392000198364258,9.442000389099121,9.053999900817871,9.11066722869873,10029000
2018-06-29,9.022294044494629,9.433333396911621,9.77733325958252,9.433333396911621,9.603333473205566,8799000
2018-07-02,9.188714027404785,9.607333183288574,9.616000175476074,8.97933292388916,9.185333251953125,8422500
2018-07-03,8.66905689239502,9.064000129699707,9.764666557312012,9.049332618713379,9.697333335876465,7272000
2018-07-05,9.370434761047363,9.797332763671875,9.807999610900879,9.349332809448242,9.378000259399414,10789500
2018-07-06,9.724313735961914,10.167332649230957,10.207332611083984,9.638667106628418,9.755999565124512,14602500
2018-07-09,9.906033515930176,10.357333183288574,10.476667404174805,9.991999626159668,10.476667404174805,10915500
2018-07-10,10.215917587280273,10.6813325881958,10.752667427062988,10.36400032043457,10.399999618530273,11608500
2018-07-11,9.422719955444336,9.85200023651123,10.353333473205566,9.833999633789062,10.146666526794434,16504500
2018-07-12,9.624845504760742,10.063332557678223,10.097332954406738,9.583999633789062,9.813332557678223,13414500
2018-07-13,9.501786231994629,9.934666633605957,10.118666648864746,9.88466739654541,10.079999923706055,6973500
2018-07-16,9.462890625,9.894000053405762,10.095333099365234,9.873332977294922,9.947999954223633,6094500
2018-07-17,9.88244342803955,10.332667350769043,10.333333015441895,9.658666610717773,9.688667297363281,10303500
2018-07-18,10.096047401428223,10.555999755859375,10.61533260345459,10.350000381469727,10.453332901000977,9042000
2018-07-19,10.022083282470703,10.478667259216309,10.614666938781738,10.270000457763672,10.426667213439941,7416000
2018-07-20,9.875431060791016,10.325332641601562,10.511333465576172,10.166666984558105,10.393333435058594,6780000
2018-07-23,9.916873931884766,10.368666648864746,10.421333312988281,9.769332885742188,10.200667381286621,8800500
2018-07-24,9.596790313720703,10.034000396728516,10.720000267028809,9.989999771118164,10.542667388916016,10236000
2018-07-25,9.74726676940918,10.191332817077637,10.191332817077637,9.628666877746582,9.986666679382324,14748000
2018-07-26,10.277130126953125,10.745332717895508,10.7586669921875,10.355999946594238,10.366666793823242,16359000
2018-07-27,10.12920093536377,10.590666770935059,11.045332908630371,10.354000091552734,10.766667366027832,12807000
2018-07-30,9.840999603271484,10.28933334350586,10.675999641418457,10.12600040435791,10.569999694824219,10194000
2018-07-31,10.024632453918457,10.481332778930664,10.904666900634766,10.420666694641113,10.46733283996582,7806000
2018-08-01,9.969795227050781,10.423999786376953,10.764666557312012,10.305999755859375,10.552666664123535,6054000
2018-08-02,10.279040336608887,10.747332572937012,10.783332824707031,10.046667098999023,10.154666900634766,7603500
2018-08-03,10.329414367675781,10.800000190734863,10.84000015258789,10.600000381469727,10.750666618347168,4069500
2018-08-06,10.51559829711914,10.994667053222656,10.998666763305664,10.565999984741211,10.755332946777344,5463000
2018-08-07,10.77319622039795,11.263999938964844,11.28266716003418,11.021332740783691,11.11533260345459,5655000
2018-08-08,10.855448722839355,11.350000381469727,11.400667190551758,11.12399959564209,11.208000183105469,4932000
2018-08-09,10.519425392150879,10.998666763305664,11.223333358764648,10.985333442687988,11.215332984924316,6726000
2018-08-10,9.726862907409668,10.170000076293945,10.46066665649414,10.024666786193848,10.38266658782959,16897500
2018-08-13,9.76512336730957,10.210000038146973,10.490667343139648,10.186667442321777,10.22266674041748,9745500
2018-08-14,9.73579216003418,10.179332733154297,10.456000328063965,10.131333351135254,10.393333435058594,5463000
2018-08-15,9.334731101989746,9.760000228881836,10.026000022888184,9.433333396911621,9.96066665649414,12493500
2018-08-16,9.269692420959473,9.692000389099121,9.98799991607666,9.619999885559082,9.968667030334473,8014500
2018-08-17,9.058004379272461,9.470666885375977,9.549332618713379,9.053333282470703,9.407333374023438,12708000
2018-08-20,9.036961555480957,9.4486665725708,9.616000175476074,9.128000259399414,9.533332824707031,8164500
2018-08-21,9.57192611694336,10.008000373840332,10.074000358581543,9.517333030700684,9.5600004196167,10276500
2018-08-22,9.69753360748291,10.13933277130127,10.172666549682617,9.745332717895508,9.916666984558105,8587500
2018-08-23,9.73068904876709,10.173999786376953,10.396666526794434,10.092000007629395,10.137332916259766,7741500
2018-08-24,10.148967742919922,10.611332893371582,10.619333267211914,10.293333053588867,10.295999526977539,8875500
2018-08-27,10.624632835388184,11.108667373657227,11.350000381469727,10.779333114624023,10.819999694824219,16623000
2018-08-28,10.747692108154297,11.237333297729492,11.373332977294922,10.910667419433594,11.2586669921875,11250000
2018-08-29,10.836956977844238,11.330666542053223,11.420000076293945,11.11533260345459,11.236000061035156,7524000
2018-08-30,10.53217601776123,11.01200008392334,11.375332832336426,10.972000122070312,11.223333358764648,9526500
2018-08-31,10.71198558807373,11.199999809265137,11.241999626159668,10.933333396911621,10.933333396911621,4807500
2018-09-04,10.95810604095459,11.457332611083984,11.481332778930664,10.989999771118164,11.0513334274292,8767500
2018-09-05,10.800613403320312,11.292667388916016,11.526000022888184,11.001333236694336,11.399999618530273,6303000
2018-09-06,9.934093475341797,10.386667251586914,11.206000328063965,10.358667373657227,11.192000389099121,13224000
2018-09-07,9.813583374023438,10.260666847229004,10.716667175292969,10.183333396911621,10.266667366027832,8241000
2018-09-10,10.133667945861816,10.595333099365234,10.596667289733887,10.29466724395752,10.512666702270508,5392500
2018-09-11,9.830799102783203,10.278667449951172,10.505332946777344,10.11066722869873,10.417332649230957,8391000
2018-09-12,9.493497848510742,9.925999641418457,9.937333106994629,9.25333309173584,9.937333106994629,19008000
2018-09-13,9.827607154846191,10.275333404541016,10.63933277130127,10.148667335510254,10.238666534423828,13285500
2018-09-14,10.146417617797852,10.608667373657227,10.720000267028809,10.345333099365234,10.453332901000977,9342000
2018-09-17,9.691795349121094,10.133333206176758,10.566666603088379,10.109333038330078,10.417332649230957,6747000
2018-09-18,9.96406078338623,10.418000221252441,10.600000381469727,10.27400016784668,10.27400016784668,6496500
2018-09-19,10.020806312561035,10.477333068847656,10.606666564941406,10.327333450317383,10.41333293914795,4318500
2018-09-20,10.365757942199707,10.838000297546387,10.96733283996582,10.64466667175293,10.64466667175293,9111000
2018-09-21,10.272666931152344,10.740667343139648,10.986666679382324,10.658666610717773,10.835332870483398,5826000
2018-09-24,10.381699562072754,10.854666709899902,10.871333122253418,10.410667419433594,10.482666969299316,5310000
2018-09-25,9.863917350769043,10.284667015075684,10.747332572937012,10.220666885375977,10.718667030334473,10809000
2018-09-26,9.585783958435059,9.994667053222656,10.349332809448242,9.961999893188477,10.180000305175781,5340000
2018-09-27,9.709823608398438,10.12399959564209,10.220000267028809,9.990667343139648,10.073332786560059,3802500
2018-09-28,9.88565444946289,10.307332992553711,10.394000053405762,9.985333442687988,10.054667472839355,7743000
2018-10-01,9.968137741088867,10.393333435058594,10.649999618530273,10.314666748046875,10.392666816711426,6400500
2018-10-02,9.984123229980469,10.40999984741211,10.816666603088379,10.307332992553711,10.324666976928711,8142000
2018-10-03,10.000746726989746,10.427332878112793,10.630000114440918,10.133333206176758,10.540666580200195,7701000
2018-10-04,9.463018417358398,9.866666793823242,10.266667366027832,9.600000381469727,10.239999771118164,15123000
2018-10-05,8.794853210449219,9.170000076293945,9.897333145141602,8.897333145141602,9.760666847229004,22242000
2018-10-08,8.482829093933105,8.844667434692383,9.186667442321777,8.613332748413086,9.0,12891000
2018-10-09,8.475793838500977,8.837332725524902,8.954000473022461,8.65666675567627,8.777999877929688,7024500
2018-10-10,7.351104259490967,7.664667129516602,8.508000373840332,7.6533331871032715,8.506667137145996,26956500
2018-10-11,7.117084503173828,7.4206671714782715,8.10533332824707,7.24666690826416,7.646667003631592,20209500
2018-10-12,7.513508319854736,7.834000110626221,8.155332565307617,7.5,8.040666580200195,13690500
2018-10-15,7.312739849090576,7.624667167663574,7.880000114440918,7.533999919891357,7.723999977111816,8487000
2018-10-16,8.028858184814453,8.371333122253418,8.402667045593262,7.848667144775391,7.913332939147949,10891500
2018-10-17,7.927195072174072,8.26533317565918,8.60533332824707,8.09333324432373,8.53266716003418,9156000
2018-10-18,7.333838939666748,7.646667003631592,8.166666984558105,7.555333137512207,8.161333084106445,15177000
2018-10-19,6.9879279136657715,7.285999774932861,7.918000221252441,7.199999809265137,7.802000045776367,14745000
2018-10-22,7.124118804931641,7.427999973297119,7.558667182922363,7.22933292388916,7.433332920074463,8202000
2018-10-23,7.009668827056885,7.308667182922363,7.433332920074463,6.6106672286987305,6.843332767486572,20764500
2018-10-24,5.623462200164795,5.863333225250244,6.966667175292969,5.8333330154418945,6.943999767303467,29644500
2018-10-25,6.005821228027344,6.26200008392334,6.402667045593262,5.960000038146973,6.000667095184326,15933000
2018-10-26,5.686122417449951,5.928667068481445,6.25333309173584,5.625332832336426,5.8393330574035645,19084500
2018-10-29,5.51860237121582,5.754000186920166,6.369332790374756,5.415999889373779,6.267333030700684,15058500
2018-10-30,6.205310344696045,6.46999979019165,6.477333068847656,5.692667007446289,5.721333026885986,18321000
2018-10-31,6.4284586906433105,6.702667236328125,6.853332996368408,6.522666931152344,6.766666889190674,14517000
2018-11-01,7.313378810882568,7.625332832336426,7.691999912261963,6.789332866668701,6.794666767120361,19780500
2018-11-02,6.985370635986328,7.283332824707031,7.679333209991455,7.007999897003174,7.618000030517578,18301500
2018-11-05,6.805700302124023,7.0960001945495605,7.262667179107666,6.738667011260986,7.24666690826416,12534000
2018-11-06,7.0525054931640625,7.353332996368408,7.423999786376953,7.047332763671875,7.047332763671875,7428000
2018-11-07,7.305706024169922,7.617332935333252,7.674666881561279,7.344666957855225,7.657332897186279,13149000
2018-11-08,7.2097954750061035,7.517333030700684,7.680666923522949,7.303999900817871,7.3993330001831055,8494500
2018-11-09,6.807618618011475,7.0980000495910645,7.27666711807251,6.9019999504089355,7.199999809265137,8788500
2018-11-12,5.915665149688721,6.168000221252441,6.757999897003174,6.073332786560059,6.755332946777344,15409500
2018-11-13,6.13433837890625,6.395999908447266,6.77133321762085,6.267333030700684,6.267333030700684,10953000
2018-11-14,6.205948829650879,6.470666885375977,6.77133321762085,6.297332763671875,6.632667064666748,10629000
2018-11-15,6.833833694458008,7.125332832336426,7.199999809265137,6.366666793823242,6.398666858673096,14431500
2018-11-16,6.589585781097412,6.870666980743408,6.9633331298828125,6.3506669998168945,6.389999866485596,12009000
2018-11-19,5.822952747344971,6.071332931518555,6.8373332023620605,6.063333034515381,6.702667236328125,13630500
2018-11-20,5.850448131561279,6.099999904632568,6.345333099365234,5.556666851043701,5.572667121887207,21753000
2018-11-21,5.920141220092773,6.172667026519775,6.446000099182129,6.1620001792907715,6.319333076477051,10492500
2018-11-23,5.917582988739014,6.170000076293945,6.3333330154418945,6.0,6.066667079925537,5686500
2018-11-26,6.251986026763916,6.518667221069336,6.52133321762085,6.242667198181152,6.433332920074463,10636500
2018-11-27,6.292267322540283,6.560667037963867,6.7133331298828125,6.312666893005371,6.406000137329102,7797000
2018-11-28,6.7244977951049805,7.011332988739014,7.01200008392334,6.380667209625244,6.757332801818848,11701500
2018-11-29,6.56464958190918,6.844666957855225,7.051332950592041,6.792666912078857,6.9106669425964355,6813000
2018-11-30,6.834473609924316,7.125999927520752,7.139999866485596,6.636666774749756,6.862667083740234,9060000
2018-12-03,7.386910438537598,7.702000141143799,7.861332893371582,7.480000019073486,7.797332763671875,18288000
2018-12-04,6.309532165527344,6.578667163848877,7.552000045776367,6.566667079925537,7.5233330726623535,18252000
2018-12-06,6.205948829650879,6.470666885375977,6.470666885375977,5.940000057220459,6.03866720199585,21013500
2018-12-07,5.510929584503174,5.745999813079834,6.47333288192749,5.657332897186279,6.427332878112793,19045500
2018-12-10,5.744307518005371,5.989333152770996,6.052000045776367,5.6579999923706055,5.715332984924316,14008500
2018-12-11,5.845971584320068,6.095333099365234,6.510000228881836,5.989333152770996,6.27066707611084,23953500
2018-12-12,6.104925155639648,6.365333080291748,6.627333164215088,6.22866678237915,6.387332916259766,17592000
2018-12-13,6.037149429321289,6.294666767120361,6.574666976928711,6.223999977111816,6.48466682434082,13446000
2018-12-14,5.779474258422852,6.026000022888184,6.409999847412109,6.021999835968018,6.0833330154418945,10413000
2018-12-17,5.562718868255615,5.800000190734863,6.275332927703857,5.691332817077637,5.966667175292969,15946500
2018-12-18,5.7826714515686035,6.029333114624023,6.305333137512207,5.944666862487793,5.946000099182129,13204500
2018-12-19,5.051845073699951,5.267333030700684,6.126667022705078,5.181333065032959,5.971333026885986,29062500
2018-12-20,4.922687530517578,5.132667064666748,5.506667137145996,4.935999870300293,5.24066686630249,19387500
2018-12-21,4.696981906890869,4.897333145141602,5.414667129516602,4.8379998207092285,5.23199987411499,19287000
2018-12-24,4.289048671722412,4.4720001220703125,4.923333168029785,4.466667175292969,4.768667221069336,13795500
2018-12-26,5.026269435882568,5.24066686630249,5.244667053222656,4.425333023071289,4.652667045593262,17737500
2018-12-27,5.138760089874268,5.338666915893555,5.341332912445068,4.803332805633545,4.956666946411133,12370500
2018-12-28,5.247208118438721,5.451333045959473,5.74666690826416,5.314000129699707,5.454667091369629,17269500
2018-12-31,5.346672534942627,5.554666996002197,5.691332817077637,5.390666961669922,5.638000011444092,12660000
2019-01-02,5.488489151000977,5.702000141143799,5.822000026702881,5.173999786376953,5.180666923522949,13147500
2019-01-03,4.513098239898682,4.688666820526123,5.388667106628418,4.672667026519775,5.315332889556885,28599000
2019-01-04,5.096408367156982,5.294666767120361,5.3566670417785645,4.886666774749756,4.921999931335449,17604000
2019-01-07,5.395441055297852,5.605332851409912,5.754000186920166,5.280666828155518,5.398666858673096,16641000
2019-01-08,5.3126606941223145,5.5193328857421875,5.78266716003418,5.298666954040527,5.775332927703857,14445000
2019-01-09,5.723353385925293,5.946000099182129,6.021999835968018,5.672667026519775,5.677999973297119,17928000
2019-01-10,5.884418964385986,6.113333225250244,6.137332916259766,5.757332801818848,5.760666847229004,12975000
2019-01-11,6.0486955642700195,6.283999919891357,6.451333045959473,5.966667175292969,6.018667221069336,12399000
2019-01-14,5.762495994567871,5.986667156219482,6.118000030517578,5.890666961669922,6.050000190734863,10731000
2019-01-15,5.800357341766357,6.026000022888184,6.243332862854004,5.952000141143799,6.028666973114014,14590500
2019-01-16,5.65854024887085,5.878666877746582,6.179333209991455,5.870666980743408,6.099999904632568,10257000
2019-01-17,5.854258060455322,6.081999778747559,6.176000118255615,5.654666900634766,5.794000148773193,15876000
2019-01-18,6.255965232849121,6.499332904815674,6.616000175476074,6.161333084106445,6.263332843780518,15720000
2019-01-22,5.729769229888916,5.952667236328125,6.322000026702881,5.813333034515381,6.315332889556885,18655500
2019-01-23,5.61041259765625,5.828667163848877,6.125999927520752,5.6606669425964355,6.067333221435547,15681000
2019-01-24,6.569760322570801,6.825333118438721,6.900000095367432,6.192667007446289,6.192667007446289,32491500
2019-01-25,6.989433288574219,7.261332988739014,7.3420000076293945,6.766666889190674,6.894667148590088,17100000
2019-01-28,6.5633416175842285,6.818666934967041,6.994667053222656,6.407332897186279,6.453332901000977,14305500
2019-01-29,6.2797088623046875,6.52400016784668,6.906667232513428,6.49666690826416,6.857333183288574,9061500
2019-01-30,6.8245158195495605,7.090000152587891,7.1666669845581055,6.656667232513428,6.875999927520752,14400000
2019-01-31,6.829647064208984,7.095333099365234,7.27400016784668,6.900000095367432,7.065999984741211,10894500
2019-02-01,7.068360805511475,7.343332767486572,7.440667152404785,7.1066670417785645,7.1066670417785645,10723500
2019-02-04,7.174886226654053,7.453999996185303,7.455333232879639,7.1666669845581055,7.360000133514404,4450500
2019-02-05,7.274991512298584,7.558000087738037,7.656667232513428,7.409333229064941,7.466667175292969,9172500
2019-02-06,7.859581470489502,8.165332794189453,8.33666706085205,7.826000213623047,7.8333330154418945,17931000
2019-02-07,7.334670066833496,7.619999885559082,7.96733283996582,7.422667026519775,7.866666793823242,18687000
2019-02-08,7.30450963973999,7.588666915893555,7.624667167663574,7.184667110443115,7.2733330726623535,10705500
2019-02-11,7.409106731414795,7.697332859039307,7.748666763305664,7.49066686630249,7.705999851226807,8164500
2019-02-12,7.876266002655029,8.182666778564453,8.235333442687988,7.937333106994629,7.986667156219482,13083000
2019-02-13,7.944927215576172,8.253999710083008,8.442000389099121,8.174667358398438,8.331999778747559,12480000
2019-02-14,8.007174491882324,8.3186674118042,8.5,8.13599967956543,8.13599967956543,11575500
2019-02-15,8.136797904968262,8.453332901000977,8.577333450317383,8.29466724395752,8.53266716003418,10102500
2019-02-19,8.084178924560547,8.398667335510254,8.574666976928711,8.300666809082031,8.304667472839355,7548000
2019-02-20,8.306849479675293,8.630000114440918,8.779333114624023,8.469332695007324,8.472000122070312,9694500
2019-02-21,8.123966217041016,8.4399995803833,8.69333267211914,8.359333038330078,8.652667045593262,11476500
2019-02-22,8.377436637878418,8.703332901000977,8.734000205993652,8.525333404541016,8.642666816711426,12757500
2019-02-25,8.58791446685791,8.92199993133545,9.220666885375977,8.899333000183105,9.133999824523926,12519000
2019-02-26,8.410163879394531,8.737333297729492,8.949333190917969,8.66333293914795,8.829333305358887,8319000
2019-02-27,8.113059043884277,8.428667068481445,8.614666938781738,8.150667190551758,8.614666938781738,15036000
2019-02-28,8.132949829101562,8.449333190917969,8.517333030700684,8.239999771118164,8.324000358581543,7447500
2019-03-01,8.34535026550293,8.670000076293945,8.781999588012695,8.400667190551758,8.702667236328125,10362000
2019-03-04,8.349200248718262,8.673999786376953,8.927332878112793,8.34866714477539,8.864666938781738,14767500
2019-03-05,8.229843139648438,8.550000190734863,8.71066665649414,8.447999954223633,8.65133285522461,7974000
2019-03-06,7.827496528625488,8.131999969482422,8.555999755859375,8.119999885559082,8.52400016784668,14940000
2019-03-07,7.5611891746521,7.855332851409912,8.040666580200195,7.71133279800415,8.0,15607500
2019-03-08,7.5489983558654785,7.842667102813721,7.861999988555908,7.380000114440918,7.442667007446289,12711000
2019-03-11,8.08738899230957,8.402000427246094,8.512666702270508,7.946667194366455,7.988667011260986,12825000
2019-03-12,8.181716918945312,8.5,8.63266658782959,8.255332946777344,8.458000183105469,10372500
2019-03-13,8.281824111938477,8.604000091552734,8.802666664123535,8.566666603088379,8.635333061218262,8331000
2019-03-14,8.140647888183594,8.457332611083984,8.72599983215332,8.442000389099121,8.609999656677246,6633000
2019-03-15,8.84203052520752,9.185999870300293,9.38466739654541,8.720000267028809,8.76533317565918,22909500
2019-03-18,8.78427791595459,9.12600040435791,9.38466739654541,8.961999893188477,9.244000434875488,10273500
2019-03-19,9.13996410369873,9.478667259216309,9.559332847595215,9.317333221435547,9.362667083740234,13689000
2019-03-20,8.879611015319824,9.208666801452637,9.628666877746582,9.034667015075684,9.465999603271484,13167000
2019-03-21,9.800161361694336,10.16333293914795,10.34866714477539,9.236666679382324,9.236666679382324,21321000
2019-03-22,8.966397285461426,9.298666954040527,10.074000358581543,9.273332595825195,10.011333465576172,18607500
2019-03-25,8.624403953552246,8.944000244140625,9.353333473205566,8.721332550048828,9.14466667175293,23959500
2019-03-26,8.886680603027344,9.215999603271484,9.450667381286621,9.002667427062988,9.31933307647705,17310000
2019-03-27,8.497118949890137,8.812000274658203,9.317333221435547,8.609333038330078,9.233332633972168,19968000
2019-03-28,8.45276165008545,8.765999794006348,9.092000007629395,8.587332725524902,8.890666961669922,11520000
2019-03-29,8.841683387756348,9.169333457946777,9.215332984924316,8.998666763305664,9.074000358581543,12793500
2019-04-01,9.492884635925293,9.844667434692383,9.869333267211914,9.456000328063965,9.577333450317383,18229500
2019-04-02,9.52309799194336,9.87600040435791,9.9486665725708,9.696000099182129,9.829333305358887,8290500
2019-04-03,10.171730041503906,10.548666954040527,10.808667182922363,10.21399974822998,10.236666679382324,30327000
2019-04-04,10.210301399230957,10.588666915893555,10.795332908630371,10.4313325881958,10.435999870300293,14100000
2019-04-05,10.44365119934082,10.830666542053223,10.847332954406738,10.600666999816895,10.792667388916016,7863000
2019-04-08,10.518865585327148,10.908666610717773,10.933333396911621,10.616666793823242,10.683333396911621,7659000
2019-04-09,10.164015769958496,10.540666580200195,10.733332633972168,10.393333435058594,10.733332633972168,16965000
2019-04-10,10.425007820129395,10.811332702636719,10.899999618530273,10.520000457763672,10.53933334350586,13528500
2019-04-11,10.399293899536133,10.784667015075684,11.005332946777344,10.680000305175781,10.866666793823242,9259500
2019-04-12,10.831929206848145,11.233332633972168,11.239333152770996,10.974666595458984,11.09333324432373,12208500
2019-04-15,10.601150512695312,10.994000434875488,11.266667366027832,10.795999526977539,11.22933292388916,9196500
2019-04-16,11.61105728149414,12.041333198547363,12.047332763671875,11.172666549682617,11.199333190917969,19468500
2019-04-17,12.139474868774414,12.589332580566406,13.062666893005371,12.302666664123535,12.733332633972168,16183500
2019-04-18,12.162618637084961,12.613332748413086,12.723999977111816,12.421333312988281,12.601332664489746,9463500
2019-04-22,12.16776180267334,12.618666648864746,12.702667236328125,12.293333053588867,12.433333396911621,4671000
2019-04-23,12.532893180847168,12.997332572937012,13.120667457580566,12.694666862487793,12.777999877929688,8796000
2019-04-24,12.896102905273438,13.37399959564209,13.76200008392334,12.96733283996582,12.96733283996582,11011500
2019-04-25,12.194116592407227,12.645999908447266,13.262666702270508,12.3013334274292,13.262666702270508,12978000
2019-04-26,11.88876724243164,12.329333305358887,12.333333015441895,11.541999816894531,11.928667068481445,13794000
2019-04-29,11.826409339904785,12.264666557312012,12.416000366210938,12.10200023651123,12.371333122253418,4995000
2019-04-30,12.088691711425781,12.536666870117188,12.620667457580566,12.189332962036133,12.209333419799805,6696000
2019-05-01,11.792338371276855,12.22933292388916,13.106666564941406,12.209333419799805,12.934000015258789,12915000
2019-05-02,12.18511962890625,12.636667251586914,13.020000457763672,12.136667251586914,12.165332794189453,13312500
2019-05-03,12.429398536682129,12.890000343322754,12.907999992370605,12.450667381286621,12.863332748413086,8863500
2019-05-06,11.818695068359375,12.256667137145996,12.284667015075684,11.481332778930664,11.605999946594238,17829000
2019-05-07,10.956000328063965,11.362000465393066,11.859333038330078,10.960000038146973,11.8013334274292,24256500
2019-05-08,10.693076133728027,11.089332580566406,11.600000381469727,11.02400016784668,11.125332832336426,12007500
2019-05-09,10.31251049041748,10.694666862487793,10.847999572753906,9.95533275604248,10.566666603088379,18993000
2019-05-10,10.34272289276123,10.72599983215332,10.923333168029785,9.973999977111816,10.47933292388916,20788500
2019-05-13,8.882823944091797,9.211999893188477,9.858667373657227,9.079333305358887,9.662667274475098,24391500
2019-05-14,9.518594741821289,9.871333122253418,10.007332801818848,9.425333023071289,9.553333282470703,17139000
2019-05-15,9.751948356628418,10.113332748413086,10.311332702636719,9.513333320617676,9.522000312805176,14703000
2019-05-16,9.256959915161133,9.600000381469727,9.935333251953125,9.417332649230957,9.666666984558105,21981000
2019-05-17,8.70989990234375,9.03266716003418,9.715332984924316,8.918000221252441,9.155332565307617,24265500
2019-05-20,7.665920734405518,7.949999809265137,8.373332977294922,7.78000020980835,8.223999977111816,26760000
2019-05-21,8.148054122924805,8.449999809265137,8.575332641601562,8.245332717895508,8.466667175292969,19236000
2019-05-22,7.638278484344482,7.921332836151123,8.178667068481445,7.835999965667725,7.98199987411499,15225000
2019-05-23,7.251930236816406,7.52066707611084,7.554666996002197,7.154666900634766,7.471333026885986,20860500
2019-05-24,7.063575744628906,7.325333118438721,7.806666851043701,7.310667037963867,7.712666988372803,13459500
2019-05-28,6.871365547180176,7.125999927520752,7.533332824707031,7.095333099365234,7.457333087921143,13249500
2019-05-29,6.964577674865723,7.222667217254639,7.322667121887207,6.9033331871032715,6.950666904449463,20284500
2019-05-30,7.1233601570129395,7.387332916259766,7.572000026702881,7.2266669273376465,7.296000003814697,19113000
2019-05-31,6.814151763916016,7.066667079925537,7.430666923522949,7.047999858856201,7.111999988555908,18478500
2019-06-03,6.8797221183776855,7.134666919708252,7.533332824707031,7.010000228881836,7.331999778747559,23410500
2019-06-04,7.7527055740356445,8.039999961853027,8.055333137512207,7.326666831970215,7.533332824707031,32151000
2019-06-05,7.598421096801758,7.880000114440918,8.310667037963867,7.569333076477051,8.304667472839355,25533000
2019-06-06,7.91405725479126,8.207332611083984,8.291999816894531,7.826666831970215,7.877333164215088,14176500
2019-06-07,8.162195205688477,8.464667320251465,8.538666725158691,8.227333068847656,8.26533317565918,14091000
2019-06-10,8.798614501953125,9.124667167663574,9.423999786376953,8.787332534790039,8.851332664489746,21726000
2019-06-11,8.864823341369629,9.19333267211914,9.666666984558105,8.994000434875488,9.637999534606934,18606000
2019-06-12,8.239338874816895,8.54466724395752,8.946666717529297,8.517333030700684,8.92199993133545,11925000
2019-06-13,8.395551681518555,8.706666946411133,8.803333282470703,8.5,8.768667221069336,11455500
2019-06-14,7.730206489562988,8.016667366027832,8.143333435058594,7.8520002365112305,7.933332920074463,14856000
2019-06-17,7.574635028839111,7.855332851409912,8.11066722869873,7.838666915893555,8.033332824707031,8601000
2019-06-18,8.562688827514648,8.880000114440918,9.039999961853027,8.093999862670898,8.14466667175293,26061000
2019-06-19,8.579402923583984,8.897333145141602,9.08133316040039,8.755332946777344,9.026666641235352,13185000
2019-06-20,8.817253112792969,9.144000053405762,9.552666664123535,9.010666847229004,9.471332550048828,19162500
2019-06-21,8.635329246520996,8.95533275604248,9.24666690826416,8.923999786376953,9.010666847229004,12225000
2019-06-24,8.692543029785156,9.014666557312012,9.133333206176758,8.927332878112793,9.013999938964844,9433500
2019-06-25,8.32327651977539,8.619333267211914,9.170666694641113,8.587332725524902,9.025333404541016,12205500
2019-06-26,9.10545539855957,9.429332733154297,9.593999862670898,9.142000198364258,9.188667297363281,19284000
2019-06-27,9.507166862487793,9.845333099365234,10.001333236694336,9.603333473205566,9.603333473205566,13567500
2019-06-28,9.54643726348877,9.88599967956543,10.157333374023438,9.824666976928711,10.12600040435791,11226000
2019-07-01,10.318958282470703,10.685999870300293,11.4399995803833,10.4399995803833,11.180000305175781,21082500
2019-07-02,9.886346817016602,10.23799991607666,10.5600004196167,10.103333473205566,10.5600004196167,12142500
2019-07-03,9.732484817504883,10.078666687011719,10.27733325958252,9.876667022705078,10.27733325958252,9478500
2019-07-05,9.577337265014648,9.918000221252441,9.951333045959473,9.588666915893555,9.75,9699000
2019-07-08,9.345582008361816,9.678000450134277,9.778667449951172,9.516667366027832,9.64466667175293,8194500
2019-07-09,9.561245918273926,9.90133285522461,9.928667068481445,9.458666801452637,9.53600025177002,9168000
2019-07-10,9.762099266052246,10.109333038330078,10.530667304992676,10.059332847595215,10.230667114257812,16626000
2019-07-11,9.836133003234863,10.185999870300293,10.311332702636719,10.007332801818848,10.260000228881836,8664000
2019-07-12,10.39814281463623,10.767999649047852,10.778667449951172,10.268667221069336,10.295332908630371,12400500
2019-07-15,10.64019775390625,11.018667221069336,11.166666984558105,10.833333015441895,10.933333396911621,8479500
2019-07-16,10.295781135559082,10.661999702453613,10.932666778564453,10.499333381652832,10.859333038330078,9934500
2019-07-17,10.382047653198242,10.751333236694336,10.925333023071289,10.65133285522461,10.895999908447266,7201500
2019-07-18,10.857793807983398,11.244000434875488,11.302666664123535,10.774666786193848,10.795999526977539,13081500
2019-07-19,10.785691261291504,11.169333457946777,11.5,11.150667190551758,11.395999908447266,9180000
2019-07-22,11.417227745056152,11.823332786560059,11.880000114440918,11.34000015258789,11.364666938781738,13075500
2019-07-23,11.85176944732666,12.273332595825195,12.273332595825195,11.87399959564209,12.069999694824219,10419000
2019-07-24,12.932013511657715,13.392000198364258,13.473999977111816,12.512666702270508,12.533332824707031,23553000
2019-07-25,12.276015281677246,12.712667465209961,13.146666526794434,12.609999656677246,13.143333435058594,14809500
2019-07-26,12.267001152038574,12.703332901000977,12.990667343139648,12.685333251953125,12.969332695007324,8842500
2019-07-29,12.361635208129883,12.8013334274292,12.863332748413086,12.321999549865723,12.600000381469727,7939500
2019-07-30,12.277944564819336,12.714667320251465,12.804667472839355,12.322667121887207,12.456000328063965,5961000
2019-07-31,11.092122077941895,11.486666679382324,12.510666847229004,11.109333038330078,12.510666847229004,21309000
2019-08-01,10.426468849182129,10.797332763671875,12.312666893005371,10.506667137145996,11.36400032043457,25618500
2019-08-02,9.937848091125488,10.291333198547363,10.736000061035156,10.033332824707031,10.453332901000977,16612500
2019-08-05,8.63936710357666,8.946666717529297,9.430000305175781,8.70199966430664,9.386667251586914,22728000
2019-08-06,8.986358642578125,9.305999755859375,9.666000366210938,9.005999565124512,9.417332649230957,20334000
2019-08-07,9.175626754760742,9.501999855041504,9.571332931518555,8.866666793823242,8.887332916259766,19701000
2019-08-08,9.925618171691895,10.278667449951172,10.278667449951172,9.559332847595215,9.791333198547363,18787500
2019-08-09,9.370689392089844,9.704000473022461,10.070667266845703,9.505999565124512,9.947333335876465,17550000
2019-08-12,9.034643173217773,9.355999946594238,9.704000473022461,9.202667236328125,9.463333129882812,12654000
2019-08-13,9.832269668579102,10.182000160217285,10.411333084106445,9.133999824523926,9.319999694824219,19845000
2019-08-14,8.910396575927734,9.227333068847656,9.721332550048828,9.074666976928711,9.479999542236328,27957000
2019-08-15,8.837003707885742,9.15133285522461,9.473333358764648,8.928667068481445,9.473333358764648,14976000
2019-08-16,9.559953689575195,9.899999618530273,9.977333068847656,9.479999542236328,9.545332908630371,16189500
2019-08-19,10.109090805053711,10.468667030334473,10.714667320251465,10.313332557678223,10.591333389282227,15972000
2019-08-20,9.948793411254883,10.302666664123535,10.524666786193848,10.13599967956543,10.393333435058594,8716500
2019-08-21,10.230764389038086,10.594667434692383,10.733332633972168,10.432000160217285,10.633333206176758,9754500
2019-08-22,10.219818115234375,10.583333015441895,10.755332946777344,10.246000289916992,10.653332710266113,9760500
2019-08-23,8.895586013793945,9.211999893188477,10.436667442321777,9.106666564941406,10.173333168029785,31515000
2019-08-26,9.115756034851074,9.4399995803833,9.685999870300293,9.325332641601562,9.66866683959961,11319000
2019-08-27,9.020479202270508,9.341333389282227,9.766667366027832,9.180000305175781,9.676667213439941,11251500
2019-08-28,9.18592643737793,9.512666702270508,9.552666664123535,9.000666618347168,9.194666862487793,10600500
2019-08-29,9.807806968688965,10.15666675567627,10.347999572753906,9.933333396911621,9.933333396911621,18906000
2019-08-30,9.975186347961426,10.329999923706055,10.59866714477539,10.170000076293945,10.440667152404785,10582500
2019-09-03,9.456308364868164,9.792667388916016,10.102666854858398,9.62399959564209,10.000666618347168,12528000
2019-09-04,10.229476928710938,10.59333324432373,10.607333183288574,10.251333236694336,10.265999794006348,19119000
2019-09-05,11.184828758239746,11.582667350769043,11.950667381286621,11.22599983215332,11.270000457763672,17769000
2019-09-06,11.229889869689941,11.629332542419434,11.75333309173584,11.400667190551758,11.640000343322754,7131000
2019-09-09,11.387615203857422,11.792667388916016,12.084667205810547,11.646666526794434,11.853333473205566,9319500
2019-09-10,11.537611961364746,11.947999954223633,11.947999954223633,11.37399959564209,11.607999801635742,7002000
2019-09-11,12.05455207824707,12.483332633972168,12.483332633972168,11.899999618530273,12.119333267211914,9793500
2019-09-12,12.160778045654297,12.59333324432373,12.937999725341797,12.333999633789062,12.800666809082031,11793000
2019-09-13,12.050691604614258,12.47933292388916,12.703332901000977,12.280667304992676,12.597332954406738,6118500
2019-09-16,11.805418014526367,12.225333213806152,12.393333435058594,11.887999534606934,12.133333206176758,6535500
2019-09-17,11.912931442260742,12.33666706085205,12.359333038330078,11.934000015258789,12.143333435058594,5451000
2019-09-18,11.936101913452148,12.36066722869873,12.374667167663574,11.833999633789062,12.291999816894531,8751000
2019-09-19,11.754559516906738,12.172666549682617,12.55666732788086,12.11733341217041,12.472000122070312,7227000
2019-09-20,11.099206924438477,11.494000434875488,12.319999694824219,11.333333015441895,12.319999694824219,11719500
2019-09-23,11.438471794128418,11.845333099365234,12.03266716003418,11.425999641418457,11.425999641418457,8188500
2019-09-24,10.88469123840332,11.251999855041504,12.104666709899902,11.0686674118042,12.092000007629395,18163500
2019-09-25,11.441245079040527,11.827333450317383,11.938667297363281,10.795332908630371,11.067333221435547,11985000
2019-09-26,11.477359771728516,11.864666938781738,11.966667175292969,11.511333465576172,11.838666915893555,10096500
2019-09-27,10.640918731689453,11.0,11.73799991607666,10.749333381652832,11.607333183288574,17278500
2019-09-30,10.977557182312012,11.347999572753906,11.38266658782959,11.017333030700684,11.199999809265137,7299000
2019-10-01,10.677032470703125,11.037332534790039,11.986666679382324,10.910667419433594,11.573332786560059,14653500
2019-10-02,10.17336368560791,10.516667366027832,10.83666706085205,10.30666732788086,10.709333419799805,19338000
2019-10-03,10.693802833557129,11.054667472839355,11.079999923706055,10.145999908447266,10.535332679748535,17961000
2019-10-04,11.273571014404297,11.654000282287598,11.666666984558105,11.136667251586914,11.163999557495117,13695000
2019-10-07,11.016900062561035,11.388667106628418,11.762666702270508,11.383999824523926,11.553333282470703,9079500
2019-10-08,10.003754615783691,10.341333389282227,11.058667182922363,10.311332702636719,11.033332824707031,25107000
2019-10-09,10.50806713104248,10.862667083740234,11.065999984741211,10.671333312988281,10.766667366027832,15838500
2019-10-10,10.813753128051758,11.178667068481445,11.516667366027832,10.904000282287598,10.941332817077637,18492000
2019-10-11,11.53991413116455,11.929332733154297,12.336000442504883,11.762666702270508,11.800000190734863,27876000
2019-10-14,11.537980079650879,11.927332878112793,12.0,11.750666618347168,11.887999534606934,7069500
2019-10-15,12.294452667236328,12.709333419799805,12.795999526977539,12.096667289733887,12.131999969482422,19419000
2019-10-16,11.759827613830566,12.15666675567627,12.691332817077637,12.077333450317383,12.526000022888184,15471000
2019-10-17,11.883003234863281,12.284000396728516,12.701333045959473,12.043333053588867,12.595999717712402,12418500
2019-10-18,11.48638916015625,11.87399959564209,12.290666580200195,11.513999938964844,12.203332901000977,14661000
2019-10-21,12.139674186706543,12.549332618713379,12.55666732788086,12.113332748413086,12.158666610717773,11613000
2019-10-22,11.855917930603027,12.255999565124512,12.699333190917969,12.23799991607666,12.619999885559082,9618000
2019-10-23,11.166515350341797,11.543333053588867,11.866666793823242,11.316666603088379,11.576000213623047,15555000
2019-10-24,11.976513862609863,12.380666732788086,12.398667335510254,11.934000015258789,12.0,14469000
2019-10-25,12.713640213012695,13.142666816711426,13.173333168029785,12.44333267211914,12.456000328063965,18265500
2019-10-28,13.380472183227539,13.831999778747559,13.888667106628418,13.391332626342773,13.400667190551758,15250500
2019-10-29,13.029644966125488,13.469332695007324,14.165332794189453,13.423333168029785,13.898667335510254,10779000
2019-10-30,13.031578063964844,13.471332550048828,13.743332862854004,13.173333168029785,13.743332862854004,8559000
2019-10-31,12.786515235900879,13.218000411987305,13.345999717712402,12.710000038146973,13.303999900817871,9952500
2019-11-01,13.668100357055664,14.129332542419434,14.129332542419434,13.434666633605957,13.595333099365234,10477500
2019-11-04,14.563224792480469,15.054667472839355,15.131333351135254,14.628666877746582,14.665332794189453,12294000
2019-11-05,14.647064208984375,15.141332626342773,15.477333068847656,14.970000267028809,15.236000061035156,9777000
2019-11-06,14.316873550415039,14.800000190734863,15.066666603088379,14.345999717712402,15.060667037963867,11104500
2019-11-07,14.598051071166992,15.090666770935059,15.5686674118042,14.881333351135254,15.510000228881836,12427500
2019-11-08,14.83086109161377,15.33133316040039,15.33133316040039,14.638667106628418,14.906000137329102,7299000
2019-11-11,14.589667320251465,15.081999778747559,15.175333023071289,14.748666763305664,14.925999641418457,6657000
2019-11-12,14.718647003173828,15.215332984924316,15.559332847595215,15.008000373840332,15.305999755859375,13849500
2019-11-13,14.710264205932617,15.206666946411133,15.353333473205566,14.733332633972168,14.888667106628418,12061500
2019-11-14,14.589024543762207,15.08133316040039,15.12733268737793,14.741999626159668,15.055333137512207,11265000
2019-11-15,14.96822738647461,15.473333358764648,15.866666793823242,15.280667304992676,15.619333267211914,14211000
2019-11-18,14.877291679382324,15.379332542419434,15.675333023071289,15.13466739654541,15.484000205993652,8130000
2019-11-19,14.647064208984375,15.141332626342773,15.663999557495117,14.898667335510254,15.566666603088379,12429000
2019-11-20,14.143392562866211,14.620667457580566,15.167332649230957,14.285332679748535,14.895333290100098,17808000
2019-11-21,13.660361289978027,14.121333122253418,14.542667388916016,13.958000183105469,14.40666675567627,15439500
2019-11-22,13.653265953063965,14.11400032043457,14.489999771118164,14.0,14.343999862670898,10084500
2019-11-25,14.646419525146484,15.140666961669922,15.16333293914795,14.517999649047852,14.533332824707031,14046000
2019-11-26,14.448431968688965,14.935999870300293,15.094667434692383,14.739999771118164,15.063332557678223,10887000
2019-11-27,14.757987976074219,15.255999565124512,15.275333404541016,15.054667472839355,15.167332649230957,7248000
2019-11-29,14.280756950378418,14.762666702270508,15.070667266845703,14.71399974822998,15.03600025177002,4399500
2019-12-02,13.652620315551758,14.113332748413086,14.878666877746582,14.035332679748535,14.774666786193848,13189500
2019-12-03,13.028353691101074,13.468000411987305,13.475333213806152,12.979999542236328,13.153332710266113,14646000
2019-12-04,13.640369415283203,14.100666999816895,14.243332862854004,13.933333396911621,14.065999984741211,8785500
2019-12-05,13.80417537689209,14.270000457763672,14.483332633972168,14.088666915893555,14.316666603088379,7833000
2019-12-06,14.445852279663086,14.933333396911621,15.017999649047852,14.727333068847656,14.756667137145996,9769500
2019-12-09,14.202077865600586,14.6813325881958,15.052000045776367,14.673999786376953,14.933333396911621,4908000
2019-12-10,14.360081672668457,14.844667434692383,15.150667190551758,14.697999954223633,14.87600040435791,7432500
2019-12-11,15.301642417907715,15.817999839782715,15.851332664489746,14.96733283996582,15.023332595825195,11976000
2019-12-12,16.5430850982666,17.101333618164062,17.149999618530273,15.720000267028809,15.73466682434082,20947500
2019-12-13,16.27092742919922,16.81999969482422,17.61199951171875,16.60066795349121,17.053333282470703,21313500
2019-12-16,16.732685089111328,17.297332763671875,17.75933265686035,17.281333923339844,17.386667251586914,10213500
2019-12-17,16.95259666442871,17.524667739868164,17.656667709350586,17.266666412353516,17.56333351135254,9778500
2019-12-18,16.92808723449707,17.499332427978516,17.666667938232422,17.32666778564453,17.57933235168457,7486500
2019-12-19,17.32599449157715,17.910667419433594,17.92733383178711,17.46733283996582,17.667333602905273,7558500
2019-12-20,17.88254737854004,18.486000061035156,18.577333450317383,18.03733253479004,18.214000701904297,10882500
2019-12-23,18.003137588500977,18.591333389282227,18.92066764831543,18.534000396728516,18.913333892822266,11043000
2019-12-24,18.13677215576172,18.729333877563477,18.729333877563477,18.39933204650879,18.67333221435547,3774000
2019-12-26,18.20520782470703,18.799999237060547,18.873332977294922,18.554000854492188,18.829999923706055,5878500
2019-12-27,18.00249671936035,18.590667724609375,18.99066734313965,18.44066619873047,18.99066734313965,7303500
2019-12-30,17.62354278564453,18.19933319091797,18.536666870117188,17.774667739868164,18.51066780090332,9241500
2019-12-31,17.741682052612305,18.321332931518555,18.381332397460938,17.869333267211914,17.916000366210938,5722500
2020-01-02,18.84819793701172,19.464000701904297,19.465999603271484,18.752666473388672,19.0086669921875,10438500
2020-01-03,17.83012580871582,18.41266632080078,18.885332107543945,18.274667739868164,18.5,14713500
2020-01-06,17.264606475830078,17.82866668701172,17.996667861938477,17.429332733154297,17.733999252319336,11313000
2020-01-07,18.15485191345215,18.74799919128418,19.006000518798828,18.123332977294922,18.40399932861328,10441500
2020-01-08,18.194875717163086,18.78933334350586,19.123332977294922,18.486000061035156,18.82666778564453,10024500
2020-01-09,18.509273529052734,19.11400032043457,19.482667922973633,18.547332763671875,19.465999603271484,11472000
2020-01-10,18.130964279174805,18.72333335876465,19.381999969482422,18.583999633789062,19.375999450683594,11304000
2020-01-13,18.841739654541016,19.457332611083984,19.501333236694336,18.920000076293945,19.126667022705078,8160000
2020-01-14,18.963109970092773,19.582666397094727,20.01799964904785,19.222667694091797,19.470666885375977,9610500
2020-01-15,18.279447555541992,18.876667022705078,19.623332977294922,18.666667938232422,19.573333740234375,11518500
2020-01-16,19.19551658630371,19.82266616821289,19.823999404907227,19.299999237060547,19.343332290649414,10807500
2020-01-17,19.568016052246094,20.207332611083984,20.236000061035156,19.747333526611328,20.077333450317383,11839500
2020-01-21,19.531864166259766,20.170000076293945,20.399999618530273,19.933332443237305,19.95599937438965,6961500
2020-01-22,19.99796485900879,20.65133285522461,21.291332244873047,20.465999603271484,20.634000778198242,10747500
2020-01-23,20.454387664794922,21.12266731262207,21.133333206176758,20.248666763305664,20.890666961669922,9354000
2020-01-24,19.762975692749023,20.408666610717773,22.066667556762695,19.957332611083984,21.950666427612305,19885500
2020-01-27,17.470539093017578,18.041332244873047,18.796667098999023,17.937332153320312,18.586000442504883,19500000
2020-01-28,18.721019744873047,19.332666397094727,19.496667861938477,18.333332061767578,18.733333587646484,14221500
2020-01-29,17.68874740600586,18.266666412353516,19.24333381652832,18.202667236328125,19.117332458496094,12270000
2020-01-30,17.622892379760742,18.198667526245117,18.37266731262207,17.143333435058594,17.900667190551758,17106000
2020-01-31,15.726845741271973,16.24066734313965,17.78066635131836,16.034000396728516,17.757999420166016,22954500
2020-02-03,16.327224731445312,16.860666275024414,16.94066619873047,16.402666091918945,16.468000411987305,13681500
2020-02-04,17.85013771057129,18.433332443237305,18.469999313354492,17.892000198364258,18.13599967956543,15466500
2020-02-05,19.018627166748047,19.639999389648438,19.720666885375977,18.825332641601562,19.413333892822266,19452000
2020-02-06,19.030893325805664,19.652666091918945,19.72333335876465,18.946666717529297,19.701332092285156,12234000
2020-02-07,17.6881046295166,18.266000747680664,19.15333366394043,18.233333587646484,19.07466697692871,16014000
2020-02-10,18.489255905151367,19.093332290649414,19.093332290649414,17.833332061767578,17.841333389282227,11137500
2020-02-11,19.599002838134766,20.23933219909668,20.535999298095703,19.599332809448242,19.61199951171875,16857000
2020-02-12,20.460195541381836,21.1286678314209,21.227333068847656,20.799999237060547,20.892667770385742,11917500
2020-02-13,20.50538444519043,21.17533302307129,21.625333786010742,20.514667510986328,20.562667846679688,13008000
2020-02-14,20.373689651489258,21.03933334350586,21.906667709350586,20.6646671295166,21.650667190551758,11269500
2020-02-18,19.527339935302734,20.165332794189453,20.28266716003418,19.733999252319336,19.933332443237305,16186500
2020-02-19,21.04444694519043,21.73200035095215,21.810667037963867,20.93666648864746,20.989999771118164,13075500
2020-02-20,20.103839874267578,20.76066780090332,21.666667938232422,19.77400016784668,21.46666717529297,20755500
2020-02-21,18.29881477355957,18.89666748046875,20.366666793823242,18.666667938232422,20.344667434692383,25333500
2020-02-24,15.68810749053955,16.200666427612305,17.014667510986328,15.934666633605957,16.222000122070312,30187500
2020-02-25,14.247186660766602,14.712667465209961,16.922666549682617,14.45199966430664,16.893999099731445,38751000
2020-02-26,14.366618156433105,14.836000442504883,15.772000312805176,14.533332824707031,15.0686674118042,33132000
2020-02-27,12.338869094848633,12.741999626159668,14.342000007629395,12.658666610717773,13.4399995803833,38827500
2020-02-28,13.234282493591309,13.666666984558105,13.866000175476074,11.446666717529297,11.466667175292969,45580500
2020-03-02,14.544795989990234,15.020000457763672,15.02066707611084,13.02066707611084,14.5,36516000
2020-03-03,13.072240829467773,13.499333381652832,15.822667121887207,13.118000030517578,15.210000038146973,32919000
2020-03-04,14.985724449157715,15.475333213806152,15.489999771118164,13.736000061035156,14.30666732788086,20538000
2020-03-05,13.641639709472656,14.087332725524902,15.28600025177002,13.734000205993652,14.190667152404785,23968500
2020-03-06,12.821757316589355,13.240667343139648,13.565999984741211,12.199999809265137,13.0,26310000
2020-03-09,9.573225021362305,9.88599967956543,11.792667388916016,9.866666793823242,10.135333061218262,31191000
2020-03-10,11.400849342346191,11.773332595825195,11.773332595825195,9.933333396911621,11.128000259399414,33006000
2020-03-11,9.466706275939941,9.776000022888184,11.13266658782959,9.420000076293945,10.719332695007324,33735000
2020-03-12,6.587442874908447,6.802667140960693,8.915332794189453,6.801332950592041,7.77400016784668,47734500
2020-03-13,8.387306213378906,8.661333084106445,8.733332633972168,6.533332824707031,8.074000358581543,43620000
2020-03-16,5.15039587020874,5.318666934967041,7.097332954406738,5.266666889190674,5.98533296585083,47341500
2020-03-17,5.662335395812988,5.847332954406738,5.992000102996826,4.380667209625244,5.320000171661377,73488000
2020-03-18,4.196234226226807,4.3333330154418945,5.263999938964844,3.566667079925537,4.6006669998168945,67953000
2020-03-19,4.514503479003906,4.6620001792907715,5.065999984741211,3.8499999046325684,4.215332984924316,67534500
2020-03-20,4.128448963165283,4.263332843780518,5.432666778564453,4.25333309173584,5.220666885375977,63204000
2020-03-23,4.512566566467285,4.659999847412109,4.938666820526123,4.0873332023620605,4.533332824707031,63927000
2020-03-24,6.058464050292969,6.249332904815674,6.265999794006348,5.547332763671875,5.570000171661377,67669500
2020-03-25,5.821270942687988,6.004666805267334,7.013332843780518,5.707333087921143,6.363333225250244,65236500
2020-03-26,6.985266208648682,7.205333232879639,7.266666889190674,6.266666889190674,6.469333171844482,55215000
2020-03-27,5.909815788269043,6.0960001945495605,6.815332889556885,6.048666954040527,6.47866678237915,51672000
2020-03-30,6.545777797698975,6.751999855041504,6.798666954040527,6.157332897186279,6.330667018890381,39718500
2020-03-31,6.12309455871582,6.315999984741211,7.082666873931885,6.164000034332275,6.76200008392334,50964000
2020-04-01,5.13231086730957,5.294000148773193,6.156000137329102,5.1066670417785645,5.687333106994629,47541000
2020-04-02,5.6021728515625,5.778666973114014,5.797332763671875,5.175333023071289,5.184000015258789,43654500
2020-04-03,5.269326686859131,5.435332775115967,5.960667133331299,5.208000183105469,5.783999919891357,43627500
2020-04-06,6.885735511779785,7.102666854858398,7.179333209991455,6.125999927520752,6.133333206176758,51997500
2020-04-07,6.799128532409668,7.013332843780518,7.97933292388916,6.9806671142578125,7.909333229064941,79462500
2020-04-08,7.4803361892700195,7.716000080108643,7.802000045776367,7.064000129699707,7.3933329582214355,50287500
2020-04-09,6.9897894859313965,7.210000038146973,8.22933292388916,6.986000061035156,8.040666580200195,75898500
2020-04-13,7.241848468780518,7.46999979019165,7.5233330726623535,6.9633331298828125,7.159999847412109,36957000
2020-04-14,8.203551292419434,8.461999893188477,8.492667198181152,7.940667152404785,7.992667198181152,51487500
2020-04-15,7.537856578826904,7.775332927703857,7.973999977111816,7.505332946777344,7.972667217254639,37128000
2020-04-16,8.092387199401855,8.347332954406738,8.434666633605957,7.834000110626221,8.157333374023438,47277000
2020-04-17,8.302435874938965,8.564000129699707,8.887999534606934,8.266667366027832,8.856666564941406,47445000
2020-04-20,7.76664924621582,8.011333465576172,8.566666603088379,8.0,8.200667381286621,35502000
2020-04-21,6.675686359405518,6.886000156402588,7.77400016784668,6.767333030700684,7.642666816711426,60042000
2020-04-22,7.79379415512085,8.03933334350586,8.183333396911621,7.413332939147949,7.495333194732666,37150500
2020-04-23,7.5960235595703125,7.835332870483398,8.33666706085205,7.75333309173584,8.080666542053223,42906000
2020-04-24,8.079459190368652,8.333999633789062,8.378000259399414,7.626667022705078,7.863999843597412,34429500
2020-04-27,8.405844688415527,8.670666694641113,8.917332649230957,8.543999671936035,8.666666984558105,42303000
2020-04-28,8.274645805358887,8.535332679748535,9.288000106811523,8.501999855041504,9.13266658782959,55147500
2020-04-29,9.461906433105469,9.760000228881836,9.850000381469727,8.9313325881958,8.971332550048828,42030000
2020-04-30,8.467244148254395,8.734000205993652,9.655332565307617,8.668000221252441,9.624667167663574,55264500
2020-05-01,7.180450916290283,7.406667232513428,8.166666984558105,7.320000171661377,8.133333206176758,65224500
2020-05-04,7.382097244262695,7.614666938781738,7.636000156402588,7.133999824523926,7.208666801452637,35217000
2020-05-05,7.756309509277344,8.000666618347168,8.434666633605957,7.847332954406738,8.050666809082031,47706000
2020-05-06,8.025171279907227,8.277999877929688,8.657999992370605,8.21399974822998,8.266667366027832,46401000
2020-05-07,8.26042652130127,8.52066707611084,8.819999694824219,8.386667251586914,8.712667465209961,32518500
2020-05-08,8.982352256774902,9.26533317565918,9.281999588012695,8.694000244140625,8.78266716003418,38311500
2020-05-11,8.957789421081543,9.239999771118164,9.482666969299316,8.939332962036133,8.962667465209961,27099000
2020-05-12,8.198382377624512,8.456666946411133,9.517999649047852,8.456666946411133,9.434666633605957,34702500
2020-05-13,7.756954669952393,8.001333236694336,8.739999771118164,7.625332832336426,8.685333251953125,53503500
2020-05-14,8.376761436462402,8.640666961669922,8.666666984558105,7.400000095367432,7.813333034515381,54496500
2020-05-15,7.8519606590271,8.099332809448242,8.191332817077637,7.639999866485596,7.7866668701171875,55647000
2020-05-18,8.950679779052734,9.232666969299316,9.350000381469727,8.666666984558105,8.666666984558105,42394500
2020-05-19,8.843392372131348,9.121999740600586,9.762666702270508,9.107333183288574,9.185999870300293,40813500
2020-05-20,9.849041938781738,10.159333229064941,10.313332557678223,9.671333312988281,9.676667213439941,39808500
2020-05-21,9.083818435668945,9.369999885559082,10.164667129516602,9.324000358581543,10.156000137329102,37935000
2020-05-22,9.215667724609375,9.505999565124512,9.53266716003418,9.034000396728516,9.449333190917969,25134000
2020-05-26,9.501330375671387,9.800666809082031,10.387999534606934,9.748666763305664,10.249333381652832,41682000
2020-05-27,9.90721321105957,10.219332695007324,10.226667404174805,9.045999526977539,9.918000221252441,41941500
2020-05-28,9.257031440734863,9.548666954040527,10.418000221252441,9.399999618530273,10.053333282470703,33565500
2020-05-29,9.96020793914795,10.27400016784668,10.378000259399414,9.566666603088379,9.677332878112793,38440500
2020-06-01,9.836763381958008,10.146666526794434,10.27400016784668,9.866666793823242,10.071999549865723,21564000
2020-06-02,10.470144271850586,10.800000190734863,10.800000190734863,10.073332786560059,10.232000350952148,34992000
2020-06-03,11.387897491455078,11.74666690826416,11.876667022705078,11.219332695007324,11.219332695007324,30483000
2020-06-04,11.687783241271973,12.055999755859375,12.314000129699707,11.477999687194824,11.643333435058594,31461000
2020-06-05,12.53896713256836,12.934000015258789,13.466667175292969,12.826666831970215,12.927332878112793,26946000
2020-06-08,12.4627046585083,12.85533332824707,13.260666847229004,12.457332611083984,13.260666847229004,25800000
2020-06-09,12.484031677246094,12.87733268737793,13.010000228881836,12.281332969665527,12.41333293914795,22317000
2020-06-10,12.599074363708496,12.996000289916992,13.38266658782959,12.85533332824707,13.153332710266113,23647500
2020-06-11,10.194816589355469,10.515999794006348,12.156000137329102,10.501333236694336,12.001333236694336,47562000
2020-06-12,10.617499351501465,10.95199966430664,11.59866714477539,10.259332656860352,11.491999626159668,35401500
2020-06-15,11.083486557006836,11.432666778564453,11.461999893188477,10.11533260345459,10.260666847229004,29254500
2020-06-16,11.670979499816895,12.038666725158691,12.621333122253418,11.432666778564453,12.406000137329102,30856500
2020-06-17,11.994132041931152,12.371999740600586,12.66866683959961,12.133999824523926,12.295999526977539,21156000
2020-06-18,11.938549041748047,12.314666748046875,12.480667114257812,12.10200023651123,12.206666946411133,13989000
2020-06-19,11.69812297821045,12.066666603088379,12.859999656677246,12.005999565124512,12.739333152770996,29616000
2020-06-22,12.010934829711914,12.38933277130127,12.449333190917969,11.708000183105469,12.126667022705078,19461000
2020-06-23,12.115949630737305,12.4913330078125,12.880000114440918,12.421333312988281,12.62399959564209,18909000
2020-06-24,11.301839828491211,11.652000427246094,12.484000205993652,11.368000030517578,12.258000373840332,31200000
2020-06-25,11.5798921585083,11.938667297363281,11.9913330078125,11.09000015258789,11.638667106628418,21685500
2020-06-26,10.886701583862305,11.223999977111816,12.005332946777344,11.157999992370605,11.800000190734863,21492000
2020-06-29,11.261099815368652,11.609999656677246,11.619333267211914,10.833999633789062,11.248000144958496,17931000
2020-06-30,12.170266151428223,12.547332763671875,12.649333000183105,11.74666690826416,11.74666690826416,32251500
2020-07-01,11.661367416381836,12.022666931152344,12.562000274658203,11.989333152770996,12.555333137512207,21469500
2020-07-02,12.095255851745605,12.470000267028809,12.803999900817871,12.328666687011719,12.52733325958252,24289500
2020-07-06,13.065205574035645,13.470000267028809,13.594667434692383,13.088000297546387,13.10533332824707,21822000
2020-07-07,12.582171440124512,12.972000122070312,13.613332748413086,12.899999618530273,13.298666954040527,17728500
2020-07-08,13.102710723876953,13.5086669921875,13.533332824707031,12.954667091369629,13.300000190734863,14014500
2020-07-09,13.623894691467285,14.045999526977539,14.292667388916016,13.069999694824219,13.666666984558105,25341000
2020-07-10,13.488103866577148,13.906000137329102,14.197999954223633,13.481332778930664,14.073332786560059,16764000
2020-07-13,12.814959526062012,13.211999893188477,14.961333274841309,13.133333206176758,14.492667198181152,24480000
2020-07-14,13.493924140930176,13.911999702453613,13.961999893188477,12.40133285522461,12.993332862854004,25491000
2020-07-15,13.358779907226562,13.772666931152344,14.21066665649414,13.133333206176758,14.199999809265137,20254500
2020-07-16,13.19582462310791,13.604666709899902,13.76533317565918,13.126667022705078,13.333999633789062,13903500
2020-07-17,13.440251350402832,13.856666564941406,14.00333309173584,13.600000381469727,13.854000091552734,12028500
2020-07-20,14.268588066101074,14.71066665649414,14.774666786193848,13.62733268737793,13.92199993133545,16717500
2020-07-21,13.966608047485352,14.399333000183105,15.035332679748535,14.246000289916992,14.965332984924316,16822500
2020-07-22,14.134087562561035,14.571999549865723,14.903332710266113,14.21733283996582,14.533332824707031,13956000
2020-07-23,13.475815773010254,13.893333435058594,14.940667152404785,13.510000228881836,14.552000045776367,22534500
2020-07-24,12.833709716796875,13.231332778930664,13.833333015441895,12.630666732788086,13.157999992370605,19546500
2020-07-27,14.049379348754883,14.48466682434082,14.500666618347168,13.715332984924316,13.733332633972168,17731500
2020-07-28,13.218456268310547,13.628000259399414,14.231332778930664,13.553333282470703,14.231332778930664,20592000
2020-07-29,14.074599266052246,14.510666847229004,14.652667045593262,13.954667091369629,14.050000190734863,19687500
2020-07-30,14.898408889770508,15.359999656677246,15.375332832336426,14.299332618713379,14.310667037963867,25672500
2020-07-31,14.646869659423828,15.100666999816895,15.475333213806152,14.447333335876465,15.473999977111816,26299500
2020-08-03,15.518527030944824,15.999333381652832,16.077999114990234,15.390000343322754,15.390666961669922,16984500
2020-08-04,16.18520736694336,16.68666648864746,16.71066665649414,15.88266658782959,15.926667213439941,12100500
2020-08-05,16.153514862060547,16.65399932861328,16.85066795349121,16.266666412353516,16.634666442871094,12822000
2020-08-06,16.094676971435547,16.593332290649414,16.67333221435547,16.086000442504883,16.53733253479004,10840500
2020-08-07,15.547629356384277,16.029333114624023,16.733333587646484,15.444000244140625,16.474666595458984,17872500
2020-08-10,15.557326316833496,16.03933334350586,16.232667922973633,15.334667205810547,16.124666213989258,11625000
2020-08-11,15.041959762573242,15.508000373840332,16.474000930786133,15.383333206176758,15.994000434875488,15201000
2020-08-12,16.55702018737793,17.06999969482422,17.155332565307617,15.774666786193848,15.905332565307617,18397500
2020-08-13,16.015140533447266,16.511333465576172,17.077333450317383,16.268667221069336,17.077333450317383,12742500
2020-08-14,15.958881378173828,16.453332901000977,17.06599998474121,16.308666229248047,16.65333366394043,12001500
2020-08-17,16.56283950805664,17.076000213623047,17.281333923339844,16.779333114624023,16.858667373657227,11739000
2020-08-18,16.289316177368164,16.79400062561035,17.374666213989258,16.625999450683594,17.275999069213867,11410500
2020-08-19,15.973108291625977,16.468000411987305,16.931333541870117,16.319332122802734,16.812667846679688,10309500
2020-08-20,15.557326316833496,16.03933334350586,16.28066635131836,15.69333267211914,15.97933292388916,16498500
2020-08-21,15.900046348571777,16.392667770385742,16.399999618530273,15.766667366027832,16.045333862304688,10789500
2020-08-24,16.339750289916992,16.84600067138672,17.04800033569336,16.474666595458984,16.889333724975586,11776500
2020-08-25,16.86610984802246,17.3886661529541,17.391332626342773,16.876667022705078,16.876667022705078,11626500
2020-08-26,17.05621910095215,17.584667205810547,17.71933364868164,17.25933265686035,17.504667282104492,11527500
2020-08-27,16.3914794921875,16.89933204650879,17.75933265686035,16.589332580566406,17.663999557495117,17893500
2020-08-28,17.320045471191406,17.856666564941406,17.87266731262207,16.8973331451416,17.005332946777344,13989000
2020-08-31,17.271543502807617,17.80666732788086,18.19333267211914,17.387332916259766,17.840667724609375,12093000
2020-09-01,18.244081497192383,18.80933380126953,18.833332061767578,17.87066650390625,18.126667022705078,10255500
2020-09-02,19.880712509155273,20.496667861938477,20.75933265686035,19.1213321685791,19.628000259399414,18729000
2020-09-03,16.487825393676758,16.998666763305664,19.600000381469727,16.6026668548584,19.571332931518555,37044000
2020-09-04,16.030668258666992,16.527332305908203,17.363332748413086,14.670666694641113,16.615999221801758,26686500
2020-09-08,13.74804973602295,14.173999786376953,15.612667083740234,14.131333351135254,14.708666801452637,21556500
2020-09-09,14.884827613830566,15.345999717712402,15.686667442321777,14.666666984558105,15.209333419799805,19171500
2020-09-10,14.266646385192871,14.708666801452637,16.07933235168457,14.426667213439941,15.850000381469727,19227000
2020-09-11,14.216856956481934,14.657333374023438,15.475333213806152,14.191332817077637,15.029333114624023,14871000
2020-09-14,15.11567497253418,15.583999633789062,15.854000091552734,15.210000038146973,15.553333282470703,11850000
2020-09-15,15.89293098449707,16.385332107543945,16.68600082397461,16.097999572753906,16.15399932861328,11725500
2020-09-16,15.414419174194336,15.892000198364258,16.781999588012695,15.833333015441895,16.591999053955078,10791000
2020-09-17,15.3439359664917,15.81933307647705,15.971332550048828,14.554667472839355,14.749333381652832,14704500
2020-09-18,14.62876033782959,15.081999778747559,16.202667236328125,14.520000457763672,16.014667510986328,17329500
2020-09-21,14.558279037475586,15.009332656860352,15.031999588012695,13.894000053405762,14.189332962036133,25779000
2020-09-22,15.085933685302734,15.553333282470703,15.576666831970215,14.5513334274292,15.357333183288574,13864500
2020-09-23,13.962729454040527,14.395333290100098,15.786666870117188,14.262666702270508,15.464667320251465,14178000
2020-09-24,14.37075424194336,14.815999984741211,15.407333374023438,14.066666603088379,14.094667434692383,24952500
2020-09-25,14.990875244140625,15.45533275604248,15.550000190734863,14.223999977111816,14.895999908447266,15505500
2020-09-28,16.214950561523438,16.71733283996582,16.732667922973633,15.76200008392334,16.041332244873047,15123000
2020-09-29,16.350101470947266,16.856666564941406,17.27199935913086,16.607999801635742,16.607999801635742,19848000
2020-09-30,16.372081756591797,16.87933349609375,17.398666381835938,16.600000381469727,16.700666427612305,20143500
2020-10-01,17.38858985900879,17.92733383178711,18.07866668701172,17.340667724609375,17.52199935913086,18271500
2020-10-02,15.83861255645752,16.32933235168457,17.45199966430664,16.284000396728516,16.67133331298828,24060000
2020-10-05,17.384706497192383,17.92333221435547,17.92533302307129,16.768667221069336,16.790666580200195,14751000
2020-10-06,17.087905883789062,17.617332458496094,18.889333724975586,17.400667190551758,17.862667083740234,16638000
2020-10-07,18.118635177612305,18.68000030517578,18.78333282470703,18.35066795349121,18.37066650390625,13549500
2020-10-08,18.747806549072266,19.32866668701172,19.432666778564453,18.952667236328125,19.170000076293945,11172000
2020-10-09,19.73133659362793,20.342666625976562,20.496000289916992,19.92333221435547,20.019332885742188,18609000
2020-10-12,20.588125228881836,21.22599983215332,21.553333282470703,20.801332473754883,21.089332580566406,15901500
2020-10-13,20.563552856445312,21.200666427612305,21.676000595092773,20.833999633789062,21.250667572021484,14068500
2020-10-14,20.237653732299805,20.864667892456055,21.592666625976562,20.494667053222656,21.338666915893555,11320500
2020-10-15,20.077930450439453,20.700000762939453,20.82933235168457,19.575332641601562,19.80066680908203,10518000
2020-10-16,19.791475296020508,20.404666900634766,21.21666717529297,20.36400032043457,21.211999893188477,8916000
2020-10-19,19.472688674926758,20.076000213623047,21.262666702270508,19.845333099365234,20.866666793823242,11283000
2020-10-20,19.410608291625977,20.011999130249023,20.520666122436523,19.843332290649414,20.360666275024414,6909000
2020-10-21,19.00064468383789,19.589332580566406,20.25,19.549333572387695,20.155332565307617,8161500
2020-10-22,19.067245483398438,19.658000946044922,19.92066764831543,18.91266632080078,19.72599983215332,9789000
2020-10-23,18.78790283203125,19.3700008392334,19.479333877563477,18.8353328704834,19.479333877563477,6975000
2020-10-26,17.587751388549805,18.132667541503906,19.133333206176758,17.399999618530273,18.883333206176758,13960500
2020-10-27,17.406049728393555,17.94533348083496,18.665332794189453,17.726667404174805,18.516666412353516,7834500
2020-10-28,15.673720359802246,16.159332275390625,17.0853328704834,16.0939998626709,17.07466697692871,15634500
2020-10-29,16.921710968017578,17.445999145507812,17.8973331451416,16.131999969482422,16.267332077026367,10749000
2020-10-30,16.09790802001953,16.59666633605957,17.184667587280273,16.007333755493164,16.89533233642578,11187000
2020-11-02,16.357206344604492,16.86400032043457,17.399999618530273,16.423999786376953,17.142000198364258,10897500
2020-11-03,17.330392837524414,17.867332458496094,18.25933265686035,17.294666290283203,17.333332061767578,12472500
2020-11-04,19.146780014038086,19.739999771118164,19.968666076660156,18.28333282470703,18.963333129882812,17590500
2020-11-05,21.671878814697266,22.343332290649414,22.49066734313965,21.32666778564453,21.333332061767578,20565000
2020-11-06,22.786672592163086,23.492666244506836,23.68000030517578,21.93400001525879,22.14933204650879,15370500
2020-11-09,21.91630744934082,22.595333099365234,25.59866714477539,22.554000854492188,24.961999893188477,16741500
2020-11-10,19.945369720458984,20.56333351135254,22.292667388916016,20.406667709350586,21.996000289916992,16570500
2020-11-11,22.118701934814453,22.804000854492188,22.91200065612793,21.499332427978516,21.53066635131836,11782500
2020-11-12,21.26255989074707,21.92133331298828,23.093332290649414,21.58066749572754,22.842666625976562,11928000
2020-11-13,22.05145835876465,22.73466682434082,23.312000274658203,22.278667449951172,22.65999984741211,10963500
2020-11-16,23.677732467651367,24.411333084106445,24.446666717529297,23.100000381469727,23.270000457763672,12468000
2020-11-17,23.10093879699707,23.816667556762695,24.215999603271484,23.281333923339844,24.1560001373291,9009000
2020-11-18,22.610790252685547,23.31133270263672,24.45400047302246,23.272666931152344,23.91866683959961,10455000
2020-11-19,23.660276412963867,24.393333435058594,24.4060001373291,22.680667877197266,23.233333587646484,8220000
2020-11-20,23.276174545288086,23.997333526611328,24.978666305541992,23.908000946044922,24.37066650390625,11338500
2020-11-23,24.329532623291016,25.083332061767578,25.29199981689453,24.083999633789062,24.43400001525879,11436000
2020-11-24,24.722688674926758,25.488666534423828,25.566667556762695,24.30933380126953,25.53333282470703,9943500
2020-11-25,24.45821762084961,25.215999603271484,25.8613338470459,24.91200065612793,25.366666793823242,6964500
2020-11-27,25.30013656616211,26.083999633789062,26.60533332824707,25.720666885375977,25.721332550048828,8937000
2020-11-30,26.251333236694336,27.064666748046875,27.150667190551758,25.268667221069336,26.236000061035156,10632000
2020-12-01,27.644176483154297,28.500667572021484,28.932666778564453,27.53333282470703,27.746000289916992,12735000
2020-12-02,27.854328155517578,28.71733283996582,29.101999282836914,28.066667556762695,28.218666076660156,7210500
2020-12-03,27.896366119384766,28.76066780090332,29.68600082397461,28.634000778198242,29.231332778930664,7801500
2020-12-04,30.218420028686523,31.154666900634766,31.19333267211914,28.978666305541992,29.235332489013672,10473000
2020-12-07,30.613508224487305,31.562000274658203,31.736000061035156,30.687999725341797,31.736000061035156,8889000
2020-12-08,30.99954605102539,31.959999084472656,32.27333450317383,31.041332244873047,31.450666427612305,6286500
2020-12-09,28.34836196899414,29.226667404174805,32.16133117675781,28.618000030517578,31.606666564941406,19231500
2020-12-10,28.293399810791016,29.170000076293945,29.82200050354004,28.134000778198242,28.6200008392334,11490000
2020-12-11,27.31697654724121,28.163333892822266,28.859333038330078,27.266666412353516,28.413333892822266,13248000
2020-12-14,28.345775604248047,29.224000930786133,29.683332443237305,28.799999237060547,28.988666534423828,10854000
2020-12-15,29.52781867980957,30.44266700744629,30.687332153320312,29.750667572021484,30.281333923339844,7351500
2020-12-16,29.462505340576172,30.375333786010742,30.722000122070312,29.695999145507812,30.709999084472656,6372000
2020-12-17,29.620281219482422,30.538000106811523,30.99066734313965,30.180667877197266,30.91933250427246,6106500
2020-12-18,29.233598709106445,30.139333724975586,30.866666793823242,29.55733299255371,30.733333587646484,8797500
2020-12-21,28.65809440612793,29.54599952697754,29.694000244140625,28.166667938232422,29.0,11620500
2020-12-22,28.552101135253906,29.433332443237305,29.820667266845703,28.754667282104492,29.700666427612305,6235500
2020-12-23,27.95907211303711,28.82200050354004,29.799333572387695,28.78333282470703,29.623332977294922,4338000
2020-12-24,28.766162872314453,29.65399932861328,29.660667419433594,29.029333114624023,29.166667938232422,2637000
2020-12-28,28.6025447845459,29.485332489013672,30.733333587646484,29.368000030517578,30.621999740600586,7542000
2020-12-29,28.382665634155273,29.2586669921875,29.866666793823242,28.284000396728516,29.866666793823242,7833000
2020-12-30,29.85004425048828,30.771333694458008,30.891332626342773,29.600000381469727,29.672000885009766,7807500
2020-12-31,30.167577743530273,31.09866714477539,31.183332443237305,30.17733383178711,30.774667739868164,5871000
2021-01-04,29.751096725463867,30.66933250427246,33.654666900634766,29.930667877197266,31.672000885009766,17731500
2021-01-05,31.474567413330078,32.44599914550781,32.505332946777344,30.444000244140625,30.444000244140625,8538000
2021-01-06,31.243045806884766,32.207332611083984,34.160667419433594,31.284000396728516,31.527999877929688,16782000
2021-01-07,34.68611526489258,35.75666809082031,36.121334075927734,33.615333557128906,33.645999908447266,10443000
2021-01-08,34.715213775634766,35.78666687011719,37.94200134277344,34.62933349609375,37.50733184814453,13090500
2021-01-11,35.97952651977539,37.09000015258789,37.874000549316406,34.933998107910156,34.96533203125,9625500
2021-01-12,36.686378479003906,37.818668365478516,38.7586669921875,36.70600128173828,37.66533279418945,10501500
2021-01-13,36.784034729003906,37.919334411621094,38.93333435058594,37.400001525878906,38.62066650390625,6897000
2021-01-14,39.17749786376953,40.38666534423828,41.612667083740234,39.220001220703125,39.220001220703125,11373000
2021-01-15,36.69155502319336,37.82400131225586,40.313331604003906,37.10533142089844,40.19200134277344,16302000
2021-01-19,40.41917037963867,41.66666793823242,41.79533386230469,39.41133117675781,39.513999938964844,13351500
2021-01-20,40.08222961425781,41.319332122802734,43.521331787109375,40.951332092285156,43.163333892822266,11220000
2021-01-21,41.86650466918945,43.158668518066406,43.52000045776367,41.09733200073242,42.388668060302734,11056500
2021-01-22,39.568756103515625,40.790000915527344,42.47600173950195,40.77399826049805,42.0,12573000
2021-01-25,39.73883056640625,40.96533203125,42.13999938964844,38.62733459472656,42.01333236694336,12499500
2021-01-26,37.88602066040039,39.05533218383789,41.04666519165039,39.0,41.04666519165039,7641000
2021-01-27,32.151668548583984,33.14400100708008,37.048667907714844,32.538665771484375,36.866668701171875,25056000
2021-01-28,34.08209228515625,35.13399887084961,36.57666778564453,34.17333221435547,35.000667572021484,16110000
2021-01-29,32.40065002441406,33.400665283203125,35.82133483886719,32.900665283203125,35.33733367919922,15256500
2021-02-01,36.22980880737305,37.347999572753906,37.5273323059082,34.63666534423828,35.08599853515625,13749000
2021-02-02,37.87890625,39.04800033569336,39.15999984741211,37.46666717529297,39.132667541503906,10789500
2021-02-03,35.535888671875,36.632667541503906,39.79666519165039,36.57133483886719,39.46666717529297,14184000
2021-02-04,36.41410446166992,37.53799819946289,37.60733413696289,35.52933120727539,36.336666107177734,8400000
2021-02-05,35.62318801879883,36.7226676940918,38.33333206176758,36.58533477783203,38.33333206176758,8242500
2021-02-08,38.93174362182617,40.133331298828125,40.133331298828125,37.44533157348633,37.461334228515625,17278500
2021-02-09,38.43571472167969,39.62200164794922,40.540000915527344,39.043331146240234,39.63666534423828,8659500
2021-02-10,38.79916763305664,39.996665954589844,41.3120002746582,38.37666702270508,40.66666793823242,15432000
2021-02-11,42.842376708984375,44.16466522216797,44.16466522216797,40.884666442871094,40.884666442871094,20781000
2021-02-12,44.40159225463867,45.77199935913086,46.01333236694336,43.00400161743164,43.487998962402344,15841500
2021-02-16,45.187339782714844,46.582000732421875,47.85266876220703,45.810665130615234,47.336666107177734,14367000
2021-02-17,42.692989349365234,44.01066589355469,45.7413330078125,42.138668060302734,45.099998474121094,19341000
2021-02-18,41.40734100341797,42.685333251953125,43.26599884033203,41.020668029785156,42.20333480834961,15594000
2021-02-19,44.42746353149414,45.798667907714844,46.518001556396484,44.223331451416016,44.64466857910156,23602500
2021-02-22,39.58491897583008,40.80666732788086,44.93600082397461,40.18000030517578,44.003334045410156,22419000
2021-02-23,38.781707763671875,39.978668212890625,40.74399948120117,35.069332122802734,38.496665954589844,27033000
2021-02-24,42.435604095458984,43.74533462524414,43.83333206176758,38.06666564941406,38.982666015625,17964000
2021-02-25,35.134281158447266,36.218666076660156,43.009334564208984,35.70333480834961,42.06733322143555,35817000
2021-02-26,37.551673889160156,38.71066665649414,39.70066833496094,35.8033332824707,37.94333267211914,29536500
2021-03-01,41.2838134765625,42.55799865722656,42.55799865722656,39.54999923706055,40.59199905395508,24520500
2021-03-02,37.39581298828125,38.54999923706055,42.9900016784668,38.45000076293945,42.939998626708984,19687700
2021-03-03,33.9617919921875,35.0099983215332,38.9900016784668,34.81999969482422,38.900001525878906,21749000
2021-03-04,29.082401275634766,29.979999542236328,35.189998626708984,28.440000534057617,34.83000183105469,34294300
2021-03-05,31.76946449279785,32.75,32.959999084472656,27.729999542236328,32.220001220703125,30945800
2021-03-08,26.696054458618164,27.520000457763672,32.93000030517578,27.5,32.709999084472656,28761200
2021-03-09,31.478452682495117,32.45000076293945,33.08000183105469,30.0,30.34000015258789,19994900
2021-03-10,29.80024528503418,30.719999313354492,34.189998626708984,30.6200008392334,34.189998626708984,19953500
2021-03-11,33.43796920776367,34.470001220703125,35.040000915527344,32.849998474121094,33.29999923706055,19094300
2021-03-12,32.41939926147461,33.41999816894531,33.59000015258789,31.850000381469727,32.52000045776367,17047600
2021-03-15,34.505035400390625,35.56999969482422,35.630001068115234,33.18000030517578,33.79999923706055,15325300
2021-03-16,35.87281799316406,36.97999954223633,38.59000015258789,36.22999954223633,36.83000183105469,27404900
2021-03-17,37.26970672607422,38.41999816894531,39.150001525878906,34.5099983215332,35.279998779296875,21743500
2021-03-18,32.70072555541992,33.709999084472656,36.91999816894531,33.45000076293945,36.7599983215332,25749000
2021-03-19,33.709590911865234,34.75,35.650001525878906,32.380001068115234,34.0099983215332,20615000
2021-03-22,35.89222717285156,37.0,38.20000076293945,35.619998931884766,35.939998626708984,23763800
2021-03-23,33.02542495727539,34.029998779296875,37.5,33.5099983215332,37.369998931884766,26947000
2021-03-24,31.627933502197266,32.59000015258789,36.130001068115234,32.54999923706055,35.630001068115234,26195900
2021-03-25,31.841440200805664,32.810001373291016,33.18000030517578,30.100000381469727,30.93000030517578,30291400
2021-03-26,36.5773811340332,37.689998626708984,37.7400016784668,32.709999084472656,32.810001373291016,35670300
2021-03-29,34.73346710205078,35.790000915527344,36.90999984741211,34.5,36.380001068115234,28422700
2021-03-30,34.4714469909668,35.52000045776367,35.779998779296875,34.279998779296875,35.119998931884766,17926000
2021-03-31,37.08203125,38.209999084472656,38.97999954223633,36.349998474121094,36.43000030517578,25362500
2021-04-01,41.158050537109375,42.40999984741211,42.439998626708984,40.04999923706055,40.04999923706055,27795500
2021-04-05,43.67158126831055,45.0,45.29999923706055,42.90999984741211,44.529998779296875,26445800
2021-04-06,42.09941101074219,43.380001068115234,44.970001220703125,42.06999969482422,44.119998931884766,17961500
2021-04-07,42.09941101074219,43.380001068115234,44.0,42.34000015258789,43.9900016784668,12421800
2021-04-08,43.4677848815918,44.790000915527344,45.0,43.599998474121094,44.75,12957100
2021-04-09,43.16693878173828,44.47999954223633,44.5,43.130001068115234,43.83000183105469,10748500
2021-04-12,41.81797409057617,43.09000015258789,43.790000915527344,41.79999923706055,43.720001220703125,14926000
2021-04-13,41.429779052734375,42.689998626708984,44.130001068115234,41.56999969482422,44.0,14056400
2021-04-14,40.051692962646484,41.27000045776367,43.470001220703125,40.630001068115234,42.38999938964844,12838600
2021-04-15,42.1867561340332,43.470001220703125,43.65999984741211,41.619998931884766,42.349998474121094,13642000
2021-04-16,41.48801040649414,42.75,43.63999938964844,42.47999954223633,43.5099983215332,11016200
2021-04-19,38.43099594116211,39.599998474121094,42.290000915527344,38.25,41.77000045776367,20268200
2021-04-20,36.59678649902344,37.709999084472656,39.529998779296875,37.040000915527344,39.0099983215332,13892000
2021-04-21,39.54705047607422,40.75,40.77000045776367,37.34000015258789,37.93000030517578,15160200
2021-04-22,36.85881423950195,37.97999954223633,40.61000061035156,37.27000045776367,40.369998931884766,20962100
2021-04-23,38.964759826660156,40.150001525878906,40.56999969482422,38.29999923706055,38.31999969482422,13212600
2021-04-26,40.96393966674805,42.209999084472656,42.459999084472656,40.0,40.09000015258789,13528500
2021-04-27,40.119632720947266,41.34000015258789,42.90999984741211,40.959999084472656,42.779998779296875,12557200
2021-04-28,38.25631332397461,39.41999816894531,40.689998626708984,39.310001373291016,40.68000030517578,12753600
2021-04-29,39.120033264160156,40.310001373291016,41.220001220703125,38.47999954223633,41.20000076293945,14812500
2021-04-30,35.810699462890625,36.900001525878906,39.16999816894531,36.560001373291016,38.349998474121094,19385800
2021-05-03,34.55879211425781,35.61000061035156,37.790000915527344,35.08000183105469,37.720001220703125,13899900
2021-05-04,32.967193603515625,33.970001220703125,34.45000076293945,32.0,34.40999984741211,24428000
2021-05-05,33.53007507324219,34.54999923706055,35.790000915527344,33.75,35.06999969482422,16034800
2021-05-06,34.35498809814453,35.400001525878906,35.400001525878906,33.15999984741211,34.20000076293945,15387300
2021-05-07,35.839820861816406,36.93000030517578,37.54999923706055,35.90999984741211,36.5099983215332,16784600
2021-05-10,30.98741912841797,31.93000030517578,36.0,31.8799991607666,36.0,25439800
2021-05-11,31.16210174560547,32.11000061035156,32.310001373291016,28.690000534057617,29.020000457763672,29951300
2021-05-12,27.29959487915039,28.1299991607666,30.559999465942383,27.809999465942383,30.100000381469727,34045700
2021-05-13,28.464174270629883,29.329999923706055,30.5,28.299999237060547,29.530000686645508,25520000
2021-05-14,30.98741912841797,31.93000030517578,32.68000030517578,29.579999923706055,30.489999771118164,21881300
2021-05-17,30.181917190551758,31.100000381469727,31.100000381469727,29.43000030517578,30.979999542236328,19224800
2021-05-18,29.395830154418945,30.290000915527344,32.08000183105469,30.219999313354492,31.709999084472656,15262600
2021-05-19,31.1038761138916,32.04999923706055,32.16999816894531,28.219999313354492,28.459999084472656,29208700
2021-05-20,33.61742401123047,34.63999938964844,34.97999954223633,32.66999816894531,32.75,28593200
2021-05-21,33.13218688964844,34.13999938964844,35.34000015258789,33.810001373291016,35.29999923706055,25100300
2021-05-24,35.451622009277344,36.529998779296875,37.13999938964844,34.90999984741211,35.0,21577500
2021-05-25,35.849525451660156,36.939998626708984,37.75,36.2400016784668,37.33000183105469,19468200
2021-05-26,36.08243179321289,37.18000030517578,37.68000030517578,36.189998626708984,37.029998779296875,13436700
2021-05-27,36.742366790771484,37.86000061035156,38.2599983215332,36.709999084472656,36.880001068115234,16449400
2021-05-28,37.63520431518555,38.779998779296875,39.27000045776367,37.880001068115234,38.06999969482422,15891400
2021-06-01,37.208194732666016,38.34000015258789,40.540000915527344,37.7400016784668,39.52000045776367,18159400
2021-06-02,38.033103942871094,39.189998626708984,39.58000183105469,37.90999984741211,38.27000045776367,12370500
2021-06-03,36.02421188354492,37.119998931884766,38.279998779296875,36.52000045776367,37.83000183105469,16945800
2021-06-04,38.56686782836914,39.7400016784668,39.9900016784668,38.04999923706055,38.08000183105469,15960500
2021-06-07,37.7613639831543,38.90999984741211,39.439998626708984,38.150001525878906,39.2599983215332,11453800
2021-06-08,37.043209075927734,38.16999816894531,39.970001220703125,37.29999923706055,39.79999923706055,13475800
2021-06-09,36.58708190917969,37.70000076293945,38.88999938964844,37.619998931884766,38.560001373291016,11721000
2021-06-10,37.887535095214844,39.040000915527344,39.369998931884766,37.52000045776367,37.79999923706055,17601900
2021-06-11,38.324241638183594,39.4900016784668,39.4900016784668,38.56999969482422,39.04999923706055,7971500
2021-06-14,39.95465087890625,41.16999816894531,41.16999816894531,39.060001373291016,39.810001373291016,18513300
2021-06-15,38.85800552368164,40.040000915527344,41.599998474121094,39.7400016784668,40.79999923706055,13301400
2021-06-16,38.02339553833008,39.18000030517578,40.88999938964844,38.06999969482422,40.4900016784668,18089300
2021-06-17,39.120033264160156,40.310001373291016,41.16999816894531,38.650001525878906,38.689998626708984,18466200
2021-06-18,36.218299865722656,37.31999969482422,39.58000183105469,36.75,39.290000915527344,21346600
2021-06-21,36.994686126708984,38.119998931884766,38.15999984741211,36.59000015258789,37.54999923706055,12722000
2021-06-22,37.46051025390625,38.599998474121094,38.83000183105469,37.400001525878906,37.900001525878906,10500400
2021-06-23,37.89723587036133,39.04999923706055,39.630001068115234,38.599998474121094,38.599998474121094,8615400
2021-06-24,39.8673095703125,41.08000183105469,41.22999954223633,39.880001068115234,39.880001068115234,12716800
2021-06-25,39.4597053527832,40.65999984741211,41.689998626708984,40.290000915527344,41.16999816894531,9244100
2021-06-28,42.36144256591797,43.650001525878906,44.08000183105469,41.45000076293945,41.5,18209300
2021-06-29,43.32221984863281,44.63999938964844,44.689998626708984,42.880001068115234,43.310001373291016,13090200
2021-06-30,43.22517013549805,44.540000915527344,44.72999954223633,43.66999816894531,44.369998931884766,9830900
2021-07-01,41.31332778930664,42.56999969482422,44.369998931884766,42.130001068115234,44.150001525878906,11578200
2021-07-02,42.04117965698242,43.31999969482422,43.70000076293945,42.25,43.56999969482422,10933300
2021-07-06,41.76944351196289,43.040000915527344,44.13999938964844,41.36000061035156,43.63999938964844,10020300
2021-07-07,40.02259063720703,41.2400016784668,43.90999984741211,40.689998626708984,43.79999923706055,10623800
2021-07-08,38.605674743652344,39.779998779296875,40.380001068115234,37.7599983215332,38.54999923706055,14764300
2021-07-09,40.53693771362305,41.77000045776367,41.939998626708984,39.25,40.18000030517578,9799600
2021-07-12,42.05088806152344,43.33000183105469,43.33000183105469,41.810001373291016,42.15999984741211,9021800
2021-07-13,41.361846923828125,42.619998931884766,43.31999969482422,42.099998474121094,42.75,9289300
2021-07-14,40.91542434692383,42.15999984741211,44.790000915527344,41.86000061035156,43.540000915527344,15361500
2021-07-15,38.25631332397461,39.41999816894531,41.79999923706055,38.54999923706055,41.790000915527344,14968000
2021-07-16,35.67482376098633,36.7599983215332,40.45000076293945,36.59000015258789,40.029998779296875,14425600
2021-07-19,35.75247573852539,36.84000015258789,36.93000030517578,34.709999084472656,35.209999084472656,17527800
2021-07-20,37.208194732666016,38.34000015258789,39.08000183105469,35.849998474121094,37.2400016784668,12487200
2021-07-21,40.61457443237305,41.849998474121094,41.849998474121094,38.599998474121094,38.66999816894531,12599700
2021-07-22,39.53734588623047,40.7400016784668,41.619998931884766,39.900001525878906,40.900001525878906,8148900
2021-07-23,40.32343673706055,41.54999923706055,41.61000061035156,39.95000076293945,41.290000915527344,8740400
2021-07-26,40.22638702392578,41.45000076293945,41.790000915527344,40.58000183105469,40.58000183105469,7703500
2021-07-27,37.994293212890625,39.150001525878906,40.849998474121094,36.709999084472656,40.79999923706055,17917400
2021-07-28,39.964351654052734,41.18000030517578,41.5,39.02000045776367,39.540000915527344,12983000
2021-07-29,42.16733932495117,43.45000076293945,43.689998626708984,41.22999954223633,41.22999954223633,15318400
2021-07-30,43.07959747314453,44.38999938964844,44.5,42.06999969482422,42.189998626708984,13599200
2021-08-02,43.875396728515625,45.209999084472656,46.88999938964844,44.880001068115234,45.189998626708984,17018600
2021-08-03,44.61295700073242,45.970001220703125,45.97999954223633,43.61000061035156,45.290000915527344,10801400
2021-08-04,46.20454025268555,47.61000061035156,48.150001525878906,46.04999923706055,46.15999984741211,13768900
2021-08-05,45.777530670166016,47.16999816894531,48.189998626708984,46.439998626708984,48.16999816894531,8580700
2021-08-06,45.25346755981445,46.630001068115234,47.27000045776367,46.20000076293945,46.33000183105469,6202000
2021-08-09,44.78764343261719,46.150001525878906,47.27000045776367,45.540000915527344,46.900001525878906,5943700
2021-08-10,43.1378288269043,44.45000076293945,46.56999969482422,43.5,46.369998931884766,9994500
2021-08-11,42.866085052490234,44.16999816894531,45.119998931884766,42.43000030517578,45.060001373291016,10016600
2021-08-12,41.361846923828125,42.619998931884766,43.5,41.560001373291016,43.439998626708984,9746100
2021-08-13,42.19645309448242,43.47999954223633,43.599998474121094,42.290000915527344,42.5,7655800
2021-08-16,41.74032211303711,43.0099983215332,43.43000030517578,41.93000030517578,42.90999984741211,6658600
2021-08-17,39.26560974121094,40.459999084472656,41.95000076293945,39.34000015258789,41.93000030517578,13983700
2021-08-18,37.518741607666016,38.65999984741211,40.959999084472656,38.58000183105469,40.290000915527344,10760100
2021-08-19,38.460113525390625,39.630001068115234,40.2599983215332,37.13999938964844,38.18000030517578,14855300
2021-08-20,39.23649597167969,40.43000030517578,40.75,39.0099983215332,39.959999084472656,10732300
2021-08-23,42.40026092529297,43.689998626708984,43.790000915527344,41.400001525878906,41.400001525878906,12229000
2021-08-24,42.439083099365234,43.72999954223633,44.439998626708984,43.380001068115234,43.97999954223633,8557100
2021-08-25,43.45808029174805,44.779998779296875,45.650001525878906,44.11000061035156,44.18000030517578,10125800
2021-08-26,43.36103439331055,44.68000030517578,45.33000183105469,43.709999084472656,44.52000045776367,9529400
2021-08-27,45.903690338134766,47.29999923706055,47.5,44.689998626708984,44.849998474121094,12358300
2021-08-30,46.3306999206543,47.7400016784668,49.0,47.130001068115234,47.779998779296875,10291100
2021-08-31,45.17583465576172,46.54999923706055,47.970001220703125,45.369998931884766,47.77000045776367,9620800
2021-09-01,44.603240966796875,45.959999084472656,47.29999923706055,45.83000183105469,47.22999954223633,7246900
2021-09-02,44.93320846557617,46.29999923706055,46.720001220703125,45.70000076293945,46.349998474121094,7168600
2021-09-03,45.84546661376953,47.2400016784668,47.849998474121094,45.959999084472656,46.13999938964844,7374000
2021-09-07,45.38933563232422,46.77000045776367,47.40999984741211,45.91999816894531,47.36000061035156,5660800
2021-09-08,43.62306594848633,44.95000076293945,46.369998931884766,43.7599983215332,46.099998474121094,11787400
2021-09-09,44.205352783203125,45.54999923706055,46.2599983215332,44.88999938964844,44.90999984741211,8643000
2021-09-10,45.21464538574219,46.59000015258789,48.630001068115234,46.5099983215332,46.63999938964844,14399600
2021-09-13,46.45686340332031,47.869998931884766,48.16999816894531,45.93000030517578,47.79999923706055,11356400
2021-09-14,46.45686340332031,47.869998931884766,48.970001220703125,47.13999938964844,48.400001525878906,10129200
2021-09-15,47.15561294555664,48.59000015258789,48.70000076293945,46.7599983215332,48.060001373291016,9321800
2021-09-16,47.62144470214844,49.06999969482422,49.529998779296875,47.02000045776367,47.7400016784668,9094400
2021-09-17,45.36992263793945,46.75,48.650001525878906,45.970001220703125,48.63999938964844,14478900
2021-09-20,42.02176284790039,43.29999923706055,44.20000076293945,41.15999984741211,43.75,19454600
2021-09-21,42.31291580200195,43.599998474121094,44.52000045776367,42.349998474121094,44.040000915527344,9972400
2021-09-22,44.89438247680664,46.2599983215332,46.56999969482422,44.0099983215332,44.459999084472656,11093200
2021-09-23,46.68007278442383,48.099998474121094,48.54999923706055,46.41999816894531,46.88999938964844,11819600
2021-09-24,46.53449630737305,47.95000076293945,48.22999954223633,46.779998779296875,46.86000061035156,7465000
2021-09-27,46.282169342041016,47.689998626708984,48.18000030517578,45.560001373291016,46.52000045776367,10241300
2021-09-28,40.98335647583008,42.22999954223633,45.790000915527344,42.04999923706055,44.900001525878906,23988000
2021-09-29,38.935638427734375,40.119998931884766,42.68000030517578,39.779998779296875,42.560001373291016,19889700
2021-09-30,38.85800552368164,40.040000915527344,41.95000076293945,40.0,41.060001373291016,14470200
2021-10-01,38.88712692260742,40.06999969482422,40.70000076293945,38.060001373291016,40.5,16368700
2021-10-04,35.92716598510742,37.02000045776367,39.52000045776367,36.56999969482422,39.310001373291016,20555400
2021-10-05,37.50904083251953,38.650001525878906,39.38999938964844,37.2599983215332,37.599998474121094,15194100
2021-10-06,37.90693664550781,39.060001373291016,39.13999938964844,36.91999816894531,37.31999969482422,16403200
2021-10-07,39.19767379760742,40.38999938964844,42.029998779296875,40.27000045776367,40.529998779296875,13234300
2021-10-08,38.16897201538086,39.33000183105469,41.06999969482422,39.08000183105469,40.900001525878906,10297000
2021-10-11,37.24701690673828,38.380001068115234,40.38999938964844,38.36000061035156,38.7599983215332,9446400
2021-10-12,35.956268310546875,37.04999923706055,39.310001373291016,36.470001220703125,39.209999084472656,19847400
2021-10-13,36.53856658935547,37.650001525878906,38.29999923706055,37.2400016784668,37.70000076293945,11660600
2021-10-14,39.83818817138672,41.04999923706055,41.08000183105469,39.34000015258789,39.63999938964844,14800900
2021-10-15,40.60487365722656,41.84000015258789,42.290000915527344,41.29999923706055,42.029998779296875,10988500
2021-10-18,41.594764709472656,42.86000061035156,42.970001220703125,40.439998626708984,41.13999938964844,8498200
2021-10-19,43.118412017822266,44.43000030517578,44.47999954223633,42.630001068115234,43.11000061035156,11476200
2021-10-20,42.895206451416016,44.20000076293945,44.72999954223633,43.630001068115234,44.130001068115234,9908200
2021-10-21,44.244171142578125,45.59000015258789,45.720001220703125,43.29999923706055,43.33000183105469,10019700
2021-10-22,42.749629974365234,44.04999923706055,46.22999954223633,43.77000045776367,44.84000015258789,12691700
2021-10-25,43.729820251464844,45.060001373291016,45.66999816894531,44.15999984741211,44.599998474121094,9706700
2021-10-26,43.63277053833008,44.959999084472656,46.45000076293945,44.540000915527344,46.02000045776367,12067800
2021-10-27,42.788448333740234,44.09000015258789,45.61000061035156,43.560001373291016,44.22999954223633,13076300
2021-10-28,45.612545013427734,47.0,47.099998474121094,45.56999969482422,45.84000015258789,15904400
2021-10-29,46.24336624145508,47.650001525878906,47.650001525878906,45.619998931884766,45.970001220703125,12735000
2021-11-01,48.48516845703125,49.959999084472656,49.959999084472656,47.45000076293945,47.790000915527344,14647400
2021-11-02,50.29026412963867,51.81999969482422,51.81999969482422,49.810001373291016,49.81999969482422,12421100
2021-11-03,52.08564758300781,53.66999816894531,53.810001373291016,51.41999816894531,52.06999969482422,11472200
2021-11-04,57.3359375,59.08000183105469,59.83000183105469,54.56999969482422,55.41999816894531,20539200
2021-11-05,59.11191940307617,60.90999984741211,62.400001525878906,59.209999084472656,60.040000915527344,19536100
2021-11-08,61.664276123046875,63.540000915527344,64.70999908447266,61.4900016784668,62.099998474121094,15603900
2021-11-09,61.52842330932617,63.400001525878906,65.62999725341797,61.40999984741211,65.2699966430664,16385900
2021-11-10,56.23930358886719,57.95000076293945,62.5,57.06999969482422,60.04999923706055,17648300
2021-11-11,59.820369720458984,61.63999938964844,61.9900016784668,59.369998931884766,60.720001220703125,13055700
2021-11-12,61.479896545410156,63.349998474121094,64.25,61.16999816894531,62.220001220703125,13052700
2021-11-15,61.334320068359375,63.20000076293945,64.73999786376953,61.2599983215332,64.7300033569336,11837400
2021-11-16,64.19722747802734,66.1500015258789,66.43000030517578,62.0099983215332,62.380001068115234,12693000
2021-11-17,62.6153564453125,64.5199966430664,66.12999725341797,63.70000076293945,66.0,11636600
2021-11-18,65.97322845458984,67.9800033569336,68.9000015258789,66.02999877929688,67.87000274658203,14102700
2021-11-19,66.5846176147461,68.61000061035156,69.87000274658203,66.87999725341797,67.86000061035156,14527400
2021-11-22,63.498477935791016,65.43000030517578,72.48999786376953,65.2300033569336,69.54000091552734,16809800
2021-11-23,62.82884979248047,64.73999786376953,66.61000061035156,61.349998474121094,64.83000183105469,16233700
2021-11-24,64.90567779541016,66.87999725341797,66.9000015258789,61.209999084472656,62.9900016784668,14762200
2021-11-26,59.5583381652832,61.369998931884766,64.9800033569336,59.849998474121094,63.099998474121094,14919700
2021-11-29,66.39049530029297,68.41000366210938,68.68000030517578,63.220001220703125,63.95000076293945,18352700
2021-11-30,62.760929107666016,64.66999816894531,69.33999633789062,62.88999938964844,67.27999877929688,22246300
2021-12-01,61.295501708984375,63.15999984741211,70.95999908447266,63.04999923706055,67.54000091552734,24798700
2021-12-02,61.382843017578125,63.25,64.73999786376953,59.68000030517578,61.2599983215332,21014200
2021-12-03,61.07229232788086,62.93000030517578,67.94999694824219,60.70000076293945,65.9000015258789,18842800
2021-12-06,60.75202941894531,62.599998474121094,63.290000915527344,56.779998779296875,62.060001373291016,13816300
2021-12-07,69.86483764648438,71.98999786376953,72.5199966430664,66.72000122070312,66.76000213623047,21654500
2021-12-08,68.60321044921875,70.69000244140625,71.19999694824219,68.48999786376953,70.93000030517578,12500700
2021-12-09,63.95460510253906,65.9000015258789,71.58999633789062,65.66000366210938,69.43000030517578,14533000
2021-12-10,65.60441589355469,67.5999984741211,70.44999694824219,65.16999816894531,69.45999908447266,12329100
2021-12-13,60.49970626831055,62.34000015258789,68.70999908447266,62.0,68.0199966430664,13561500
2021-12-14,59.703914642333984,61.52000045776367,62.369998931884766,58.939998626708984,60.0,13311200
2021-12-15,66.10907745361328,68.12000274658203,68.33999633789062,59.2400016784668,61.84000015258789,19005700
2021-12-16,57.48151779174805,59.22999954223633,69.5,58.02000045776367,69.01000213623047,27692100
2021-12-17,57.219478607177734,58.959999084472656,61.58000183105469,56.86000061035156,57.34000015258789,17729000
2021-12-20,55.85110092163086,57.54999923706055,58.7599983215332,55.470001220703125,56.13999938964844,15681400
2021-12-21,61.64045715332031,63.5,63.689998626708984,58.77000045776367,61.16999816894531,20477000
2021-12-22,63.465389251708984,65.37999725341797,65.52999877929688,61.61000061035156,62.470001220703125,13011600
2021-12-23,65.43596649169922,67.41000366210938,68.75,65.91999816894531,66.0,14507000
2021-12-27,70.85253143310547,72.98999786376953,73.0,68.0,68.0999984741211,15598000
2021-12-28,68.45488739013672,70.5199966430664,74.06999969482422,69.56999969482422,74.06999969482422,14401800
2021-12-29,68.92083740234375,71.0,72.2300033569336,69.5999984741211,70.41999816894531,10702000
2021-12-30,66.35813903808594,68.36000061035156,71.33999633789062,67.88999938964844,70.5,11188200
2021-12-31,66.01840209960938,68.01000213623047,70.0999984741211,67.83000183105469,68.69999694824219,10152000
2022-01-03,69.98860931396484,72.0999984741211,72.11000061035156,68.38999938964844,69.05000305175781,15794800
2022-01-04,68.98877716064453,71.06999969482422,74.20999908447266,66.04000091552734,72.58000183105469,21988000
2022-01-05,62.13552474975586,64.01000213623047,71.41999816894531,63.939998626708984,69.58999633789062,20821000
2022-01-06,63.62070846557617,65.54000091552734,66.38999938964844,61.849998474121094,64.08999633789062,19343100
2022-01-07,57.99056625366211,59.7400016784668,66.05000305175781,59.13999938964844,65.08000183105469,22625900
2022-01-10,58.242942810058594,60.0,60.189998626708984,53.81999969482422,57.34000015258789,25112700
2022-01-11,61.436607360839844,63.290000915527344,63.439998626708984,57.880001068115234,59.09000015258789,22053900
2022-01-12,62.68882751464844,64.58000183105469,66.4000015258789,62.63999938964844,64.98999786376953,19392000
2022-01-13,58.43709945678711,60.20000076293945,69.18000030517578,59.58000183105469,67.5,28866500
2022-01-14,62.59175491333008,64.4800033569336,64.54000091552734,58.560001373291016,58.7599983215332,23880600
2022-01-18,54.34067153930664,55.97999954223633,61.380001068115234,55.5,60.90999984741211,29055200
2022-01-19,49.33177947998047,50.81999969482422,58.15999984741211,50.72999954223633,57.47999954223633,28683300
2022-01-20,44.64323043823242,45.9900016784668,53.20000076293945,45.810001373291016,52.119998931884766,32438800
2022-01-21,42.429988861083984,43.709999084472656,48.93000030517578,43.400001525878906,45.220001220703125,45826500
2022-01-24,44.11903381347656,45.45000076293945,45.47999954223633,36.619998931884766,41.0,53548700
2022-01-25,39.01306915283203,40.189998626708984,43.349998474121094,39.380001068115234,41.77000045776367,40326300
2022-01-26,40.88654708862305,42.119998931884766,47.099998474121094,40.099998474121094,43.779998779296875,46405000
2022-01-27,35.295230865478516,36.36000061035156,43.45000076293945,36.0,43.400001525878906,50033700
2022-01-28,37.28519058227539,38.40999984741211,38.40999984741211,33.099998474121094,36.369998931884766,43946700
2022-01-31,43.27450942993164,44.58000183105469,44.75,38.29999923706055,38.9900016784668,39362500
2022-02-01,44.56556701660156,45.90999984741211,46.099998474121094,42.290000915527344,45.88999938964844,37795600
2022-02-02,47.895118713378906,49.34000015258789,49.5,46.459999084472656,48.470001220703125,40548600
2022-02-03,41.381622314453125,42.630001068115234,47.79999923706055,42.150001525878906,45.58000183105469,32875300
2022-02-04,42.18731689453125,43.459999084472656,44.52000045776367,40.369998931884766,42.08000183105469,30575600
2022-02-07,42.13877868652344,43.40999984741211,45.52000045776367,42.86000061035156,43.63999938964844,28382000
2022-02-08,45.23535919189453,46.599998474121094,46.880001068115234,42.540000915527344,42.75,33686800
2022-02-09,49.52592468261719,51.02000045776367,51.22999954223633,46.709999084472656,48.43000030517578,35302800
2022-02-10,45.06062698364258,46.41999816894531,52.209999084472656,45.58000183105469,47.58000183105469,51371000
2022-02-11,38.38209915161133,39.540000915527344,47.650001525878906,38.41999816894531,46.560001373291016,51212800
2022-02-14,38.430641174316406,39.59000015258789,41.849998474121094,37.86000061035156,39.75,43218400
2022-02-15,44.66263198852539,46.0099983215332,46.290000915527344,41.66999816894531,41.900001525878906,39910800
2022-02-16,44.750003814697266,46.099998474121094,46.5,43.040000915527344,44.06999969482422,35357600
2022-02-17,39.673160552978516,40.869998931884766,44.38999938964844,40.66999816894531,44.119998931884766,41858900
2022-02-18,38.46946716308594,39.630001068115234,41.349998474121094,37.77000045776367,41.13999938964844,46904100
2022-02-22,37.47934341430664,38.61000061035156,41.560001373291016,36.83000183105469,38.22999954223633,49765600
2022-02-23,34.858402252197266,35.90999984741211,41.29999923706055,35.630001068115234,40.06999969482422,52830600
2022-02-24,38.77039337158203,39.939998626708984,40.04999923706055,31.549999237060547,31.809999465942383,68362100
2022-02-25,40.55651092529297,41.779998779296875,41.84000015258789,38.15999984741211,40.0,40949000
2022-02-28,39.809051513671875,41.0099983215332,42.22999954223633,38.560001373291016,40.20000076293945,43350600
2022-03-01,35.50878143310547,36.58000183105469,41.29999923706055,35.349998474121094,40.779998779296875,46635000
2022-03-02,38.94511413574219,40.119998931884766,40.880001068115234,37.22999954223633,37.470001220703125,41485400
2022-03-03,36.45037841796875,37.54999923706055,40.869998931884766,36.81999969482422,40.650001525878906,45902800
2022-03-04,33.75178909301758,34.77000045776367,37.41999816894531,33.36000061035156,36.630001068115234,46799000
2022-03-07,28.71377182006836,29.579999923706055,35.599998474121094,29.5,34.81999969482422,50665800
2022-03-08,30.247507095336914,31.15999984741211,34.34000015258789,28.479999542236328,29.670000076293945,68456500
2022-03-09,33.907100677490234,34.93000030517578,35.65999984741211,33.06999969482422,34.119998931884766,46482400
2022-03-10,31.790943145751953,32.75,33.20000076293945,30.799999237060547,33.06999969482422,43831500
2022-03-11,29.79126739501953,30.690000534057617,34.41999816894531,30.5,34.15999984741211,34118300
2022-03-14,27.09267807006836,27.90999984741211,30.850000381469727,27.299999237060547,30.010000228881836,49351500
2022-03-15,30.58725929260254,31.510000228881836,31.719999313354492,28.010000228881836,28.450000762939453,42082900
2022-03-16,35.23698425292969,36.29999923706055,36.400001525878906,32.060001373291016,33.040000915527344,55754000
2022-03-17,35.867942810058594,36.95000076293945,37.0,34.31999969482422,35.25,37147500
2022-03-18,38.0229377746582,39.16999816894531,39.66999816894531,35.599998474121094,36.61000061035156,39797700
2022-03-21,37.85791778564453,39.0,39.970001220703125,36.880001068115234,38.70000076293945,38312100
2022-03-22,38.437538146972656,39.59000015258789,41.02000045776367,38.630001068115234,38.790000915527344,34654100
2022-03-23,35.62196350097656,36.689998626708984,39.9900016784668,36.59000015258789,38.5099983215332,38313200
2022-03-24,40.86476516723633,42.09000015258789,42.25,37.29999923706055,37.81999969482422,44687200
2022-03-25,40.78709411621094,42.0099983215332,42.369998931884766,39.75,42.06999969482422,36316000
2022-03-28,41.466712951660156,42.709999084472656,42.810001373291016,39.31999969482422,41.20000076293945,35741000
2022-03-29,44.253173828125,45.58000183105469,46.0,43.11000061035156,44.84000015258789,40148500
2022-03-30,40.14630126953125,41.349998474121094,45.20000076293945,40.68000030517578,44.709999084472656,38435700
2022-03-31,37.651119232177734,38.779998779296875,41.84000015258789,38.41999816894531,41.2599983215332,38547400
2022-04-01,35.23360061645508,36.290000915527344,39.33000183105469,34.619998931884766,39.06999969482422,57428500
2022-04-04,36.8549919128418,37.959999084472656,38.220001220703125,36.16999816894531,36.58000183105469,28200500
2022-04-05,31.92287254333496,32.880001068115234,37.2400016784668,32.529998779296875,37.09000015258789,57649600
2022-04-06,29.621856689453125,30.510000228881836,32.099998474121094,29.559999465942383,30.850000381469727,69146900
2022-04-07,29.621856689453125,30.510000228881836,31.420000076293945,28.65999984741211,30.25,55657300
2022-04-08,27.466480255126953,28.290000915527344,29.959999084472656,28.149999618530273,29.860000610351562,71608900
2022-04-11,25.7188777923584,26.489999771118164,27.709999084472656,26.34000015258789,27.040000915527344,60558200
2022-04-12,25.476158142089844,26.239999771118164,28.84000015258789,25.860000610351562,28.040000915527344,66793200
2022-04-13,27.214048385620117,28.030000686645508,28.540000915527344,26.309999465942383,26.770000457763672,50484000
2022-04-14,24.86449432373047,25.610000610351562,28.6200008392334,25.540000915527344,28.549999237060547,51193200
2022-04-18,26.194616317749023,26.979999542236328,27.670000076293945,25.15999984741211,25.260000228881836,49251700
2022-04-19,27.913087844848633,28.75,28.889999389648438,26.219999313354492,26.68000030517578,45358800
2022-04-20,27.67037010192871,28.5,30.850000381469727,28.239999771118164,30.06999969482422,51891900
2022-04-21,25.447031021118164,26.209999084472656,30.56999969482422,25.809999465942383,29.600000381469727,53808500
2022-04-22,23.73826789855957,24.450000762939453,26.559999465942383,24.3700008392334,26.100000381469727,57459200
2022-04-25,24.922746658325195,25.670000076293945,25.760000228881836,23.68000030517578,23.889999389648438,58210600
2022-04-26,21.77706527709961,22.43000030517578,24.899999618530273,22.350000381469727,24.709999084472656,55039200
2022-04-27,21.31103515625,21.950000762939453,23.59000015258789,21.479999542236328,21.6200008392334,52406400
2022-04-28,24.83536720275879,25.579999923706055,26.299999237060547,22.399999618530273,23.200000762939453,63555800
2022-04-29,21.59259605407715,22.239999771118164,25.950000762939453,22.100000381469727,24.299999237060547,48104400
2022-05-02,23.786808013916016,24.5,24.549999237060547,21.809999465942383,22.3799991607666,57669900
2022-05-03,24.37904930114746,25.110000610351562,25.68000030517578,23.75,24.329999923706055,53115700
2022-05-04,27.204341888427734,28.020000457763672,28.139999389648438,23.299999237060547,25.690000534057617,77054200
2022-05-05,23.291656494140625,23.989999771118164,26.6200008392334,22.75,26.530000686645508,64302700
2022-05-06,22.6702823638916,23.350000381469727,24.8700008392334,21.940000534057617,23.239999771118164,73607500
2022-05-09,19.145952224731445,19.719999313354492,22.600000381469727,19.31999969482422,21.81999969482422,72482100
2022-05-10,20.476072311401367,21.09000015258789,22.149999618530273,19.719999313354492,21.450000762939453,72934500
2022-05-11,18.592546463012695,19.149999618530273,22.0,18.969999313354492,20.530000686645508,76546000
2022-05-12,18.84497833251953,19.40999984741211,19.989999771118164,17.959999084472656,18.510000228881836,79889100
2022-05-13,21.83531951904297,22.489999771118164,22.90999984741211,20.18000030517578,20.56999969482422,65885900
2022-05-16,20.747922897338867,21.3700008392334,22.510000228881836,21.200000762939453,21.860000610351562,49300800
2022-05-17,23.864482879638672,24.579999923706055,24.739999771118164,22.84000015258789,23.079999923706055,65619700
2022-05-18,20.243057250976562,20.850000381469727,24.350000381469727,20.530000686645508,23.399999618530273,61497800
2022-05-19,19.91295623779297,20.510000228881836,22.040000915527344,19.899999618530273,20.549999237060547,62522000
2022-05-20,19.767324447631836,20.360000610351562,21.649999618530273,17.65999984741211,21.540000915527344,86718200
2022-05-23,20.029460906982422,20.6299991607666,20.829999923706055,19.450000762939453,19.93000030517578,54498700
2022-05-24,18.544004440307617,19.100000381469727,19.8799991607666,18.440000534057617,19.690000534057617,57291400
2022-05-25,19.602270126342773,20.190000534057617,20.719999313354492,18.719999313354492,18.729999542236328,54536300
2022-05-26,21.883861541748047,22.540000915527344,22.829999923706055,19.479999542236328,19.610000610351562,60520000
2022-05-27,24.524686813354492,25.260000228881836,25.440000534057617,23.59000015258789,23.600000381469727,54680400
2022-05-31,24.136329650878906,24.860000610351562,25.600000381469727,23.75,25.139999389648438,48671900
2022-06-01,23.019807815551758,23.709999084472656,25.719999313354492,22.709999084472656,25.34000015258789,52378500
2022-06-02,25.437320709228516,26.200000762939453,26.280000686645508,23.299999237060547,23.399999618530273,49439000
2022-06-03,23.233402252197266,23.93000030517578,24.950000762939453,23.5,24.549999237060547,42093200
2022-06-06,23.21398162841797,23.90999984741211,25.579999923706055,23.479999542236328,25.25,40514000
2022-06-07,23.883895874023438,24.600000381469727,24.739999771118164,22.540000915527344,23.020000457763672,37067500
2022-06-08,22.243093490600586,22.90999984741211,24.459999084472656,22.420000076293945,24.15999984741211,38501600
2022-06-09,20.476072311401367,21.09000015258789,23.559999465942383,21.030000686645508,22.389999389648438,37937200
2022-06-10,18.262441635131836,18.809999465942383,20.510000228881836,18.65999984741211,19.979999542236328,58924000
2022-06-13,15.097339630126953,15.550000190734863,17.40999984741211,15.34000015258789,16.93000030517578,77061300
2022-06-14,15.301227569580078,15.760000228881836,16.219999313354492,15.210000038146973,16.010000228881836,52253400
2022-06-15,16.126483917236328,16.610000610351562,17.43000030517578,15.470000267028809,16.350000381469727,77001800
2022-06-16,13.174979209899902,13.569999694824219,15.1899995803833,12.989999771118164,15.140000343322754,90753100
2022-06-17,13.301194190979004,13.699999809265137,14.020000457763672,12.779999732971191,13.649999618530273,64012800
2022-06-21,14.369174003601074,14.800000190734863,15.430000305175781,14.489999771118164,14.539999961853027,57522800
2022-06-22,13.891855239868164,14.289999961853027,14.970000267028809,13.9399995803833,14.039999961853027,49362200
2022-06-23,13.61965560913086,14.010000228881836,14.59000015258789,13.34000015258789,14.579999923706055,47625300
2022-06-24,15.369501113891602,15.8100004196167,15.850000381469727,14.569999694824219,14.640000343322754,60548200
2022-06-27,15.359780311584473,15.800000190734863,16.459999084472656,15.369999885559082,16.309999465942383,43426900
2022-06-28,14.154330253601074,14.5600004196167,16.579999923706055,14.520000457763672,16.0,56957600
2022-06-29,13.172471046447754,13.550000190734863,14.039999961853027,13.029999732971191,14.0,61516700
2022-06-30,12.735007286071777,13.100000381469727,13.829999923706055,12.380000114440918,13.029999732971191,70274900
2022-07-01,11.276802062988281,11.600000381469727,12.600000381469727,11.130000114440918,12.489999771118164,92067100
2022-07-05,11.51983642578125,11.850000381469727,11.899999618530273,10.529999732971191,10.739999771118164,82942200
2022-07-06,11.75314998626709,12.09000015258789,12.5,11.520000457763672,11.920000076293945,77177800
2022-07-07,13.32801342010498,13.710000038146973,13.890000343322754,12.90999984741211,12.90999984741211,75926300
2022-07-08,13.522440910339355,13.90999984741211,14.170000076293945,12.960000038146973,13.130000114440918,77437200
2022-07-11,12.550300598144531,12.90999984741211,13.449999809265137,12.649999618530273,13.25,52520600
2022-07-12,12.608631134033203,12.970000267028809,13.449999809265137,12.720000267028809,13.180000305175781,53368400
2022-07-13,12.91971492767334,13.289999961853027,13.5600004196167,12.130000114440918,12.180000305175781,70014100
2022-07-14,13.677983283996582,14.069999694824219,14.260000228881836,12.539999961853027,13.170000076293945,78227900
2022-07-15,14.689003944396973,15.109999656677246,15.149999618530273,14.039999961853027,14.75,74112400
2022-07-18,14.504300117492676,14.920000076293945,16.18000030517578,14.630000114440918,15.829999923706055,83926600
2022-07-19,16.477739334106445,16.950000762939453,17.170000076293945,15.5,15.609999656677246,78348500
2022-07-20,17.692914962768555,18.200000762939453,18.440000534057617,16.5,16.829999923706055,85890600
2022-07-21,18.567838668823242,19.100000381469727,19.1200008392334,17.68000030517578,18.520000457763672,80210800
2022-07-22,17.15823745727539,17.649999618530273,18.90999984741211,17.149999618530273,18.84000015258789,65689500
2022-07-25,16.8179874420166,17.299999237060547,17.3700008392334,16.43000030517578,17.229999542236328,43336800
2022-07-26,15.972229957580566,16.43000030517578,17.239999771118164,16.25,16.93000030517578,48959700
2022-07-27,18.208147048950195,18.729999542236328,19.1200008392334,17.170000076293945,17.31999969482422,78797600
2022-07-28,18.830310821533203,19.3700008392334,19.520000457763672,17.579999923706055,18.860000610351562,69548100
2022-07-29,19.277498245239258,19.829999923706055,19.989999771118164,18.31999969482422,18.56999969482422,61313500
2022-08-01,19.452486038208008,20.010000228881836,20.610000610351562,19.030000686645508,19.40999984741211,61205100
2022-08-02,19.364990234375,19.920000076293945,20.8700008392334,19.110000610351562,19.43000030517578,60816500
2022-08-03,20.94957733154297,21.549999237060547,21.719999313354492,19.8700008392334,19.979999542236328,57214600
2022-08-04,21.455087661743164,22.06999969482422,22.270000457763672,21.219999313354492,21.469999313354492,56294600
2022-08-05,20.95929718017578,21.559999465942383,22.1200008392334,20.56999969482422,20.959999084472656,60067800
2022-08-08,19.96771812438965,20.540000915527344,21.389999389648438,19.56999969482422,20.649999618530273,59477700
2022-08-09,17.19712257385254,17.690000534057617,19.229999542236328,16.90999984741211,19.229999542236328,65153600
2022-08-10,19.355266571044922,19.90999984741211,20.020000457763672,18.389999389648438,19.079999923706055,69125300
2022-08-11,19.22888946533203,19.780000686645508,21.600000381469727,19.68000030517578,20.469999313354492,70069200
2022-08-12,20.99818229675293,21.600000381469727,21.719999313354492,19.979999542236328,20.239999771118164,57238400
2022-08-15,21.17317008972168,21.780000686645508,21.969999313354492,20.799999237060547,21.239999771118164,48991600
2022-08-16,20.55099868774414,21.139999389648438,21.739999771118164,20.389999389648438,21.479999542236328,48777200
2022-08-17,19.005298614501953,19.549999237060547,20.200000762939453,18.709999084472656,20.18000030517578,67988800
2022-08-18,20.307968139648438,20.889999389648438,21.360000610351562,19.5,19.719999313354492,50790800
2022-08-19,18.63588523864746,19.170000076293945,20.3799991607666,18.889999389648438,20.059999465942383,49700800
2022-08-22,16.565235137939453,17.040000915527344,18.149999618530273,16.770000457763672,18.100000381469727,51389400
2022-08-23,16.84715461730957,17.329999923706055,18.059999465942383,17.010000228881836,17.079999923706055,49723200
2022-08-24,16.924922943115234,17.40999984741211,17.59000015258789,16.770000457763672,17.25,42087500
2022-08-25,18.78171157836914,19.31999969482422,19.3799991607666,17.420000076293945,17.459999084472656,58659800
2022-08-26,15.534767150878906,15.979999542236328,19.329999923706055,15.949999809265137,19.25,84676900
2022-08-29,14.630678176879883,15.050000190734863,16.049999237060547,14.949999809265137,15.479999542236328,61062700
2022-08-30,14.066838264465332,14.470000267028809,15.569999694824219,13.960000038146973,15.5,77063100
2022-08-31,13.648818016052246,14.039999961853027,14.699999809265137,13.65999984741211,14.6899995803833,86870500
2022-09-01,12.851666450500488,13.220000267028809,13.260000228881836,11.970000267028809,13.029999732971191,113345600
2022-09-02,12.501697540283203,12.859999656677246,14.140000343322754,12.630000114440918,13.84000015258789,100737200
2022-09-06,12.073954582214355,12.420000076293945,13.029999732971191,12.069999694824219,12.90999984741211,79919100
2022-09-07,12.628072738647461,12.989999771118164,13.319999694824219,12.229999542236328,12.420000076293945,79632700
2022-09-08,13.269684791564941,13.649999618530273,13.800000190734863,12.369999885559082,12.640000343322754,103258300
2022-09-09,14.24182415008545,14.649999618530273,14.850000381469727,14.1899995803833,14.260000228881836,81908900
2022-09-12,14.368200302124023,14.779999732971191,15.050000190734863,14.300000190734863,14.829999923706055,67153300
2022-09-13,11.75314998626709,12.09000015258789,13.489999771118164,11.949999809265137,13.149999618530273,85975600
2022-09-14,12.11284065246582,12.460000038146973,12.739999771118164,11.9399995803833,12.279999732971191,65846900
2022-09-15,11.578166007995605,11.90999984741211,12.670000076293945,11.59000015258789,12.229999542236328,94630600
2022-09-16,11.72398567199707,12.0600004196167,12.100000381469727,11.180000305175781,11.470000267028809,87622100
2022-09-19,11.918413162231445,12.260000228881836,12.4399995803833,11.569999694824219,11.619999885559082,75532200
2022-09-20,11.411246299743652,11.699999809265137,12.039999961853027,11.430000305175781,11.850000381469727,70577400
2022-09-21,11.11864948272705,11.399999618530273,12.920000076293945,11.380000114440918,11.760000228881836,125021300
2022-09-22,10.250615119934082,10.510000228881836,11.319999694824219,10.25,11.170000076293945,112096100
2022-09-23,9.782461166381836,10.029999732971191,10.140000343322754,9.449999809265137,10.069999694824219,120047000
2022-09-26,9.314308166503906,9.550000190734863,10.359999656677246,9.5,9.90999984741211,96464800
2022-09-27,9.567892074584961,9.8100004196167,10.279999732971191,9.390000343322754,10.039999961853027,115839400
2022-09-28,9.91900634765625,10.170000076293945,10.350000381469727,9.449999809265137,9.569999694824219,119412700
2022-09-29,9.0607271194458,9.289999961853027,9.739999771118164,8.800000190734863,9.699999809265137,128122600
2022-09-30,8.641336441040039,8.859999656677246,9.609999656677246,8.739999771118164,8.899999618530273,109534300
2022-10-03,9.460606575012207,9.699999809265137,10.0,8.880000114440918,9.09000015258789,126786100
2022-10-04,10.767534255981445,11.039999961853027,11.100000381469727,10.539999961853027,10.579999923706055,114533100
2022-10-05,11.13815689086914,11.420000076293945,11.65999984741211,10.210000038146973,10.529999732971191,110030200
2022-10-06,10.913832664489746,11.1899995803833,11.920000076293945,11.050000190734863,11.289999961853027,117138000
2022-10-07,8.98270034790039,9.210000038146973,10.279999732971191,9.0,10.180000305175781,134873300
2022-10-10,8.075651168823242,8.279999732971191,9.09000015258789,7.860000133514404,9.069999694824219,163448700
2022-10-11,7.383174419403076,7.570000171661377,8.020000457763672,7.199999809265137,7.809999942779541,186475200
2022-10-12,7.15885066986084,7.340000152587891,7.619999885559082,7.230000019073486,7.489999771118164,110516500
2022-10-13,7.802561283111572,8.0,8.359999656677246,6.210000038146973,6.420000076293945,284532700
2022-10-14,6.758969306945801,6.929999828338623,8.270000457763672,6.869999885559082,8.260000228881836,177216100
2022-10-17,7.149096965789795,7.329999923706055,7.670000076293945,7.199999809265137,7.46999979019165,113321500
2022-10-18,7.21737003326416,7.400000095367432,8.210000038146973,7.039999961853027,8.039999961853027,185506400
2022-10-19,7.383174419403076,7.570000171661377,7.800000190734863,7.199999809265137,7.269999980926514,134272400
2022-10-20,7.509965419769287,7.699999809265137,8.420000076293945,7.590000152587891,7.699999809265137,170614600
2022-10-21,8.368247985839844,8.579999923706055,8.640000343322754,7.550000190734863,7.650000095367432,178616600
2022-10-24,8.465778350830078,8.680000305175781,8.8100004196167,8.079999923706055,8.640000343322754,147205700
2022-10-25,9.031466484069824,9.260000228881836,9.470000267028809,8.75,8.800000190734863,127146900
2022-10-26,8.787636756896973,9.010000228881836,9.670000076293945,8.550000190734863,8.739999771118164,143571600
2022-10-27,8.309728622436523,8.520000457763672,9.4399995803833,8.479999542236328,9.15999984741211,129662300
2022-10-28,9.265542984008789,9.5,9.5600004196167,8.489999771118164,8.5600004196167,129291600
2022-10-31,8.699856758117676,8.920000076293945,9.350000381469727,8.75,9.300000190734863,118351000
2022-11-01,8.87541389465332,9.100000381469727,9.520000457763672,8.9399995803833,9.40999984741211,108638200
2022-11-02,8.036637306213379,8.239999771118164,9.770000457763672,8.199999809265137,9.270000457763672,174985600
2022-11-03,7.695276737213135,7.889999866485596,8.289999961853027,7.53000020980835,7.78000020980835,135668700
2022-11-04,8.768129348754883,8.989999771118164,9.0600004196167,8.420000076293945,8.720000267028809,173041700
2022-11-07,9.353320121765137,9.59000015258789,9.6899995803833,8.880000114440918,9.270000457763672,105846700
2022-11-08,9.91900634765625,10.170000076293945,10.5600004196167,9.609999656677246,10.109999656677246,147373300
2022-11-09,9.011958122253418,9.239999771118164,9.819999694824219,9.180000305175781,9.739999771118164,107444900
2022-11-10,11.781867980957031,12.079999923706055,12.170000076293945,10.5600004196167,10.800000190734863,196270300
2022-11-11,12.893733978271484,13.220000267028809,13.40999984741211,11.829999923706055,12.279999732971191,166468400
2022-11-14,12.454839706420898,12.770000457763672,13.510000228881836,12.729999542236328,12.989999771118164,108739600
2022-11-15,13.527692794799805,13.869999885559082,14.4399995803833,13.3100004196167,14.34000015258789,159797700
2022-11-16,11.830634117126465,12.130000114440918,12.989999771118164,11.869999885559082,12.930000305175781,112310400
2022-11-17,12.064711570739746,12.369999885559082,12.579999923706055,11.3100004196167,11.34000015258789,128795400
2022-11-18,12.181750297546387,12.489999771118164,13.029999732971191,12.069999694824219,12.989999771118164,117064100
2022-11-21,11.596556663513184,11.890000343322754,12.199999809265137,11.739999771118164,12.069999694824219,84238200
2022-11-22,12.58163070678711,12.899999618530273,12.9399995803833,11.850000381469727,12.140000343322754,86949600
2022-11-23,12.991265296936035,13.319999694824219,13.75,12.84000015258789,12.899999618530273,113790600
2022-11-25,12.542618751525879,12.859999656677246,13.260000228881836,12.829999923706055,13.130000114440918,41754500
2022-11-28,11.547791481018066,11.84000015258789,12.760000228881836,11.600000381469727,12.359999656677246,87803100
2022-11-29,11.440505027770996,11.729999542236328,12.180000305175781,11.5,11.949999809265137,75056000
2022-11-30,13.478923797607422,13.819999694824219,13.850000381469727,11.520000457763672,11.84000015258789,133385800
2022-12-01,13.166824340820312,13.5,14.130000114440918,12.9399995803833,14.09000015258789,112133900
2022-12-02,12.708423614501953,13.029999732971191,13.130000114440918,12.300000190734863,12.489999771118164,98017700
2022-12-05,12.279279708862305,12.59000015258789,13.15999984741211,12.199999809265137,12.800000190734863,71095100
2022-12-06,11.430752754211426,11.720000267028809,12.600000381469727,11.380000114440918,12.539999961853027,86923400
2022-12-07,11.411246299743652,11.699999809265137,11.930000305175781,11.329999923706055,11.40999984741211,86276700
2022-12-08,12.308540344238281,12.619999885559082,12.720000267028809,11.649999618530273,11.890000343322754,101888300
2022-12-09,12.015944480895996,12.319999694824219,12.989999771118164,12.180000305175781,12.489999771118164,88787400
2022-12-12,12.65965747833252,12.979999542236328,13.010000228881836,11.9399995803833,12.140000343322754,73482200
2022-12-13,13.29361343383789,13.630000114440918,14.90999984741211,13.140000343322754,14.720000267028809,180078900
2022-12-14,12.679162979125977,13.0,14.029999732971191,12.539999961853027,13.510000228881836,139612300
2022-12-15,11.11864948272705,11.399999618530273,12.380000114440918,11.319999694824219,12.229999542236328,107181700
2022-12-16,10.835806846618652,11.109999656677246,11.479999542236328,10.770000457763672,11.199999809265137,88813800
2022-12-19,10.42617130279541,10.6899995803833,11.149999618530273,10.350000381469727,11.119999885559082,82876800
2022-12-20,10.189303398132324,10.40999984741211,10.75,10.15999984741211,10.25,88304000
2022-12-21,10.903827667236328,11.140000343322754,11.270000457763672,10.600000381469727,10.630000114440918,83240400
2022-12-22,9.572659492492676,9.779999732971191,10.5600004196167,9.109999656677246,10.539999961853027,135617300
2022-12-23,9.562871932983398,9.770000457763672,9.8100004196167,9.229999542236328,9.59000015258789,92378600
2022-12-27,9.073472023010254,9.270000457763672,9.59000015258789,9.130000114440918,9.579999923706055,78142100
2022-12-28,8.672163963317871,8.859999656677246,9.430000305175781,8.739999771118164,9.100000381469727,83917300
2022-12-29,9.464990615844727,9.670000076293945,9.829999923706055,9.180000305175781,9.279999732971191,90966000
2022-12-30,9.464990615844727,9.670000076293945,9.699999809265137,9.0600004196167,9.270000457763672,64369800
2023-01-03,9.1615629196167,9.359999656677246,10.210000038146973,9.1899995803833,10.170000076293945,97509800
2023-01-04,9.856511116027832,10.069999694824219,10.270000457763672,9.579999923706055,9.880000114440918,114576600
2023-01-05,9.367111206054688,9.569999694824219,10.0,9.529999732971191,9.800000190734863,83312800
2023-01-06,10.639551162719727,10.869999885559082,11.069999694824219,9.5600004196167,9.949999809265137,123492600
2023-01-09,11.28555965423584,11.529999732971191,12.270000457763672,11.279999732971191,11.529999732971191,136968300
2023-01-10,11.716232299804688,11.970000267028809,11.989999771118164,11.1899995803833,11.380000114440918,90401400
2023-01-11,12.137113571166992,12.399999618530273,12.430000305175781,11.649999618530273,11.979999542236328,80469400
2023-01-12,12.548210144042969,12.819999694824219,13.079999923706055,11.819999694824219,12.59000015258789,135343400
2023-01-13,12.675453186035156,12.949999809265137,13.0,12.270000457763672,12.369999885559082,74389800
2023-01-17,12.783123016357422,13.0600004196167,13.430000305175781,12.670000076293945,12.880000114440918,74500500
2023-01-18,12.548210144042969,12.819999694824219,13.760000228881836,12.8100004196167,13.449999809265137,82050400
2023-01-19,11.520469665527344,11.770000457763672,12.520000457763672,11.619999885559082,12.479999542236328,99618400
2023-01-20,12.51884651184082,12.789999961853027,12.859999656677246,11.75,12.109999656677246,89921600
2023-01-23,14.427504539489746,14.739999771118164,14.90999984741211,13.130000114440918,13.180000305175781,125178200
2023-01-24,14.133864402770996,14.4399995803833,14.850000381469727,14.15999984741211,14.289999961853027,75816000
2023-01-25,14.221957206726074,14.529999732971191,14.630000114440918,13.329999923706055,13.710000038146973,93424800
2023-01-26,14.91690444946289,15.239999771118164,15.300000190734863,14.300000190734863,15.020000457763672,111443300
2023-01-27,14.6624174118042,14.979999542236328,15.359999656677246,14.350000381469727,14.5,101402600
2023-01-30,13.507433891296387,13.800000190734863,14.619999885559082,13.729999542236328,14.350000381469727,81286700
2023-01-31,14.212169647216797,14.520000457763672,14.550000190734863,13.640000343322754,13.670000076293945,97363300
2023-02-01,16.443832397460938,16.799999237060547,17.280000686645508,14.680000305175781,14.729999542236328,150219900
2023-02-02,17.54008674621582,17.920000076293945,18.399999618530273,17.010000228881836,17.329999923706055,116420900
2023-02-03,16.571075439453125,16.93000030517578,18.1299991607666,16.600000381469727,16.780000686645508,94867600
2023-02-06,15.758674621582031,16.100000381469727,16.860000610351562,15.859999656677246,16.1200008392334,77254800
2023-02-07,17.21708106994629,17.59000015258789,17.850000381469727,16.1299991607666,16.219999313354492,119100900
2023-02-08,16.14040184020996,16.489999771118164,17.690000534057617,16.350000381469727,17.329999923706055,72392900
2023-02-09,16.228496551513672,16.579999923706055,17.899999618530273,16.209999084472656,17.329999923706055,84793400
2023-02-10,15.465032577514648,15.800000190734863,16.219999313354492,15.25,16.059999465942383,78447700
2023-02-13,16.07188606262207,16.420000076293945,16.6200008392334,15.569999694824219,15.989999771118164,60332300
2023-02-14,16.96259880065918,17.329999923706055,17.530000686645508,15.670000076293945,16.059999465942383,111460800
2023-02-15,17.168148040771484,17.540000915527344,17.59000015258789,16.43000030517578,16.809999465942383,74638200
2023-02-16,15.934857368469238,16.280000686645508,17.170000076293945,16.18000030517578,16.649999618530273,81774100
2023-02-17,15.171392440795898,15.5,16.1200008392334,15.039999961853027,15.979999542236328,82871000
2023-02-21,13.712982177734375,14.010000228881836,15.3100004196167,13.890000343322754,14.789999961853027,68114400
2023-02-22,13.536798477172852,13.829999923706055,14.40999984741211,13.539999961853027,14.109999656677246,70471500
2023-02-23,14.760297775268555,15.079999923706055,15.34000015258789,14.279999732971191,15.130000114440918,94198000
2023-02-24,14.006621360778809,14.3100004196167,14.539999961853027,13.960000038146973,14.289999961853027,74689200
2023-02-27,14.192594528198242,14.5,15.010000228881836,14.5,14.960000038146973,61896900
2023-02-28,14.339414596557617,14.649999618530273,15.270000457763672,14.3100004196167,14.399999618530273,59300500
2023-03-01,14.36877727508545,14.680000305175781,15.220000267028809,14.479999542236328,14.8100004196167,63832600
2023-03-02,14.691781044006348,15.010000228881836,15.239999771118164,13.65999984741211,14.010000228881836,73485400
2023-03-03,15.347576141357422,15.680000305175781,15.770000457763672,14.649999618530273,15.050000190734863,72055200
2023-03-06,14.848388671875,15.170000076293945,16.25,15.039999961853027,15.829999923706055,56252700
2023-03-07,14.339414596557617,14.649999618530273,15.420000076293945,14.489999771118164,15.1899995803833,66744300
2023-03-08,15.474821090698242,15.8100004196167,15.899999618530273,14.850000381469727,14.859999656677246,71670200
2023-03-09,14.593900680541992,14.90999984741211,16.540000915527344,14.800000190734863,15.75,87945700
2023-03-10,13.752135276794434,14.050000190734863,15.25,13.8100004196167,15.109999656677246,128656300
2023-03-13,13.722770690917969,14.020000457763672,14.539999961853027,13.149999618530273,13.609999656677246,121199400
2023-03-14,14.897329330444336,15.220000267028809,15.539999961853027,14.539999961853027,14.760000228881836,107012500
2023-03-15,14.378565788269043,14.6899995803833,14.850000381469727,13.75,14.600000381469727,126199700
2023-03-16,16.07188606262207,16.420000076293945,16.520000457763672,14.300000190734863,14.479999542236328,108646600
2023-03-17,15.788037300109863,16.1299991607666,16.899999618530273,15.829999923706055,16.489999771118164,79179200
2023-03-20,16.257862091064453,16.610000610351562,16.790000915527344,15.779999732971191,16.139999389648438,62536400
2023-03-21,16.341182708740234,16.670000076293945,17.530000686645508,15.9399995803833,17.010000228881836,76051300
2023-03-22,15.919668197631836,16.239999771118164,18.020000457763672,16.200000762939453,16.68000030517578,95075000
2023-03-23,17.145009994506836,17.489999771118164,18.170000076293945,16.6299991607666,17.020000457763672,97514400
2023-03-24,16.24315643310547,16.56999969482422,17.219999313354492,16.040000915527344,17.100000381469727,90583300
2023-03-27,15.65499210357666,15.970000267028809,16.920000076293945,15.8100004196167,16.760000228881836,64605200
2023-03-28,15.321699142456055,15.630000114440918,15.880000114440918,14.899999618530273,15.869999885559082,75621600
2023-03-29,16.74309730529785,17.079999923706055,17.469999313354492,16.299999237060547,16.34000015258789,90012500
2023-03-30,17.595935821533203,17.950000762939453,18.290000915527344,17.579999923706055,17.760000228881836,80622200
2023-03-31,17.93903160095215,18.299999237060547,18.34000015258789,17.43000030517578,17.559999465942383,68287500
2023-04-03,17.458698272705078,17.809999465942383,18.15999984741211,17.1299991607666,17.920000076293945,57147300
2023-04-04,16.458818435668945,16.790000915527344,17.899999618530273,16.510000228881836,17.8700008392334,64093400
2023-04-05,15.605978012084961,15.920000076293945,16.309999465942383,15.380000114440918,16.25,86953300
2023-04-06,15.351104736328125,15.65999984741211,16.010000228881836,15.09000015258789,15.449999809265137,65901100
2023-04-10,16.066707611083984,16.389999389648438,16.5,15.140000343322754,15.220000267028809,63177700
2023-04-11,15.8902587890625,16.209999084472656,16.790000915527344,16.110000610351562,16.719999313354492,52220200
2023-04-12,15.027615547180176,15.329999923706055,16.739999771118164,15.270000457763672,16.65999984741211,76962300
2023-04-13,15.360908508300781,15.670000076293945,15.949999809265137,15.039999961853027,15.390000343322754,59431400
2023-04-14,15.272684097290039,15.579999923706055,16.190000534057617,15.079999923706055,15.640000343322754,56858500
2023-04-17,15.272684097290039,15.579999923706055,15.619999885559082,14.949999809265137,15.100000381469727,56761700
2023-04-18,15.468740463256836,15.779999732971191,16.360000610351562,15.40999984741211,16.020000457763672,56833200
2023-04-19,14.958998680114746,15.260000228881836,15.380000114440918,14.979999542236328,15.199999809265137,53185600
2023-04-20,14.900179862976074,15.199999809265137,15.899999618530273,14.75,14.789999961853027,65191000
2023-04-21,14.566886901855469,14.859999656677246,15.09000015258789,14.479999542236328,15.09000015258789,68276000
2023-04-24,14.341423988342285,14.630000114440918,15.039999961853027,14.359999656677246,14.779999732971191,48740200
2023-04-25,12.939630508422852,13.199999809265137,14.420000076293945,13.170000076293945,14.420000076293945,89382800
2023-04-26,13.106277465820312,13.369999885559082,13.789999961853027,13.180000305175781,13.619999885559082,68911200
2023-04-27,13.272921562194824,13.539999961853027,13.600000381469727,12.520000457763672,13.329999923706055,87997600
2023-04-28,13.949312210083008,14.229999542236328,14.270000457763672,13.539999961853027,13.760000228881836,65456800
2023-05-01,14.370831489562988,14.65999984741211,14.789999961853027,14.319999694824219,14.460000038146973,57191000
2023-05-02,14.066946983337402,14.350000381469727,14.90999984741211,13.90999984741211,14.65999984741211,61126500
2023-05-03,13.56700611114502,13.84000015258789,14.619999885559082,13.8100004196167,14.119999885559082,71240700
2023-05-04,13.331741333007812,13.600000381469727,14.0,13.220000267028809,13.5,62383900
2023-05-05,14.184579849243164,14.470000267028809,14.680000305175781,13.4399995803833,13.619999885559082,62636200
2023-05-08,14.361027717590332,14.649999618530273,14.699999809265137,14.069999694824219,14.460000038146973,41012800
2023-05-09,13.665032386779785,13.9399995803833,14.119999885559082,13.739999771118164,14.069999694824219,57414300
2023-05-10,14.02773666381836,14.3100004196167,14.640000343322754,13.90999984741211,14.380000114440918,78346700
2023-05-11,13.792468070983887,14.069999694824219,14.430000305175781,13.640000343322754,14.329999923706055,54962200
2023-05-12,13.74345588684082,14.020000457763672,14.369999885559082,13.59000015258789,14.180000305175781,46243600
2023-05-15,14.811954498291016,15.109999656677246,15.140000343322754,13.970000267028809,14.100000381469727,64054000
2023-05-16,14.753137588500977,15.050000190734863,15.569999694824219,14.970000267028809,14.979999542236328,54294600
2023-05-17,15.821638107299805,16.139999389648438,16.34000015258789,15.140000343322754,15.479999542236328,77302900
2023-05-18,17.32145881652832,17.670000076293945,17.799999237060547,16.31999969482422,16.34000015258789,91302200
2023-05-19,17.046981811523438,17.389999389648438,17.639999389648438,17.059999465942383,17.59000015258789,49521200
2023-05-22,17.184221267700195,17.530000686645508,17.719999313354492,16.889999389648438,16.920000076293945,43944400
2023-05-23,16.586254119873047,16.920000076293945,17.549999237060547,16.790000915527344,17.200000762939453,41287200
2023-05-24,15.713810920715332,16.030000686645508,16.229999542236328,15.489999771118164,15.890000343322754,87475800
2023-05-25,18.77226448059082,19.149999618530273,19.389999389648438,17.6299991607666,18.15999984741211,124768700
2023-05-26,22.428693771362305,22.8799991607666,23.260000228881836,20.030000686645508,20.049999237060547,112964600
2023-05-30,22.41888999938965,22.8700008392334,24.799999237060547,22.59000015258789,24.56999969482422,99439100
2023-05-31,20.732816696166992,21.149999618530273,22.670000076293945,21.09000015258789,21.709999084472656,73938700
2023-06-01,21.72289276123047,22.15999984741211,22.75,20.829999923706055,21.479999542236328,74757400
2023-06-02,21.585655212402344,22.020000457763672,22.889999389648438,21.530000686645508,22.690000534057617,65015000
2023-06-05,20.556365966796875,20.969999313354492,21.75,20.65999984741211,21.75,35747700
2023-06-06,21.301374435424805,21.729999542236328,22.059999465942383,20.43000030517578,20.549999237060547,49445200
2023-06-07,21.213150024414062,21.639999389648438,23.100000381469727,21.489999771118164,22.149999618530273,65066100
2023-06-08,21.840530395507812,22.280000686645508,22.469999313354492,21.459999084472656,21.790000915527344,43045900
2023-06-09,21.958160400390625,22.399999618530273,23.489999771118164,22.09000015258789,23.030000686645508,50142100
2023-06-12,24.114763259887695,24.600000381469727,24.68000030517578,23.1299991607666,23.200000762939453,52761000
2023-06-13,25.055828094482422,25.559999465942383,26.079999923706055,24.719999313354492,25.790000915527344,82626800
2023-06-14,26.114524841308594,26.639999389648438,26.700000762939453,24.84000015258789,25.309999465942383,84622000
2023-06-15,25.43813705444336,25.950000762939453,26.56999969482422,25.420000076293945,25.75,64797200
2023-06-16,24.742141723632812,25.239999771118164,26.790000915527344,25.1299991607666,26.770000457763672,55392600
2023-06-20,24.16377830505371,24.649999618530273,25.549999237060547,23.979999542236328,24.860000610351562,43349100
2023-06-21,22.365142822265625,22.780000686645508,24.489999771118164,22.700000762939453,24.170000076293945,59099400
2023-06-22,22.679311752319336,23.100000381469727,23.3799991607666,22.219999313354492,22.280000686645508,44637500
2023-06-23,21.491348266601562,21.889999389648438,22.280000686645508,21.520000457763672,21.950000762939453,44294000
2023-06-26,21.687707901000977,22.09000015258789,23.31999969482422,22.049999237060547,22.31999969482422,47524300
2023-06-27,23.92618751525879,24.3700008392334,24.489999771118164,22.010000228881836,22.290000915527344,54471000
2023-06-28,23.288021087646484,23.719999313354492,24.440000534057617,23.110000610351562,23.18000030517578,55584500
2023-06-29,23.376380920410156,23.809999465942383,24.110000610351562,23.170000076293945,24.110000610351562,45213700
2023-06-30,24.3778076171875,24.829999923706055,25.170000076293945,24.290000915527344,24.56999969482422,47598800
2023-07-03,25.025787353515625,25.489999771118164,25.75,24.68000030517578,25.260000228881836,25289900
2023-07-05,23.41565704345703,23.850000381469727,25.18000030517578,23.829999923706055,24.989999771118164,38292000
2023-07-06,22.561500549316406,22.979999542236328,23.049999237060547,22.040000915527344,22.600000381469727,49420400
2023-07-07,22.541860580444336,22.959999084472656,24.030000686645508,22.829999923706055,23.079999923706055,41284000
2023-07-10,23.877094268798828,24.31999969482422,24.440000534057617,23.079999923706055,23.15999984741211,39943500
2023-07-11,23.8967342376709,24.34000015258789,24.739999771118164,23.280000686645508,24.68000030517578,44231000
2023-07-12,25.22214698791504,25.690000534057617,25.850000381469727,25.0,25.440000534057617,54237000
2023-07-13,26.78318977355957,27.280000686645508,27.450000762939453,26.209999084472656,26.510000228881836,42645500
2023-07-14,25.7523136138916,26.229999542236328,28.030000686645508,25.899999618530273,27.34000015258789,47910200
2023-07-17,27.54898452758789,28.059999465942383,28.530000686645508,25.770000457763672,26.280000686645508,50068600
2023-07-18,27.745344161987305,28.260000228881836,28.549999237060547,27.09000015258789,27.75,45800100
2023-07-19,26.79300880432129,27.290000915527344,28.440000534057617,27.040000915527344,28.40999984741211,49085500
2023-07-20,23.84764289855957,24.290000915527344,26.059999465942383,23.8700008392334,25.790000915527344,67340600
2023-07-21,24.466169357299805,24.920000076293945,25.59000015258789,24.5,25.010000228881836,43146400
2023-07-24,24.446533203125,24.899999618530273,25.440000534057617,24.510000228881836,24.90999984741211,29911500
2023-07-25,25.654130935668945,26.1299991607666,26.59000015258789,25.309999465942383,25.309999465942383,39288500
2023-07-26,24.603614807128906,25.059999465942383,25.729999542236328,24.209999084472656,25.200000762939453,54225500
2023-07-27,25.978120803833008,26.459999084472656,28.049999237060547,26.0,27.0,83083300
2023-07-28,27.637348175048828,28.149999618530273,28.440000534057617,27.149999618530273,27.989999771118164,60636000
2023-07-31,27.892610549926758,28.40999984741211,28.75,27.950000762939453,28.459999084472656,37007400
2023-08-01,28.010425567626953,28.530000686645508,28.719999313354492,27.440000534057617,27.809999465942383,36908400
2023-08-02,24.819612503051758,25.280000686645508,27.5,24.790000915527344,27.5,81886500
2023-08-03,24.691980361938477,25.149999618530273,25.600000381469727,24.06999969482422,24.290000915527344,51031600
2023-08-04,24.426895141601562,24.8799991607666,25.950000762939453,24.079999923706055,24.81999969482422,59250900
2023-08-07,25.19269371032715,25.65999984741211,25.780000686645508,24.979999542236328,25.459999084472656,40030800
2023-08-08,24.01454734802246,24.459999084472656,24.549999237060547,23.43000030517578,24.5,52987700
2023-08-09,22.669498443603516,23.09000015258789,24.440000534057617,22.950000762939453,24.399999618530273,49811500
2023-08-10,22.39459228515625,22.809999465942383,24.40999984741211,22.309999465942383,23.65999984741211,65350400
2023-08-11,20.7550106048584,21.139999389648438,22.0,21.010000228881836,21.93000030517578,66258400
2023-08-14,22.51241111755371,22.93000030517578,22.959999084472656,20.65999984741211,20.860000610351562,55110100
2023-08-15,21.40298843383789,21.799999237060547,22.81999969482422,21.700000762939453,22.6200008392334,45574800
2023-08-16,20.156116485595703,20.530000686645508,21.780000686645508,20.469999313354492,21.709999084472656,54398900
2023-08-17,19.547407150268555,19.90999984741211,20.75,19.709999084472656,20.6200008392334,50769000
2023-08-18,19.783037185668945,20.149999618530273,20.43000030517578,19.110000610351562,19.219999313354492,63687900
2023-08-21,21.481529235839844,21.8799991607666,22.030000686645508,20.389999389648438,20.510000228881836,60272400
2023-08-22,20.961183547973633,21.350000381469727,22.81999969482422,21.100000381469727,22.709999084472656,59640500
2023-08-23,22.18842315673828,22.600000381469727,22.889999389648438,20.899999618530273,20.950000762939453,67010200
2023-08-24,20.03830337524414,20.40999984741211,23.920000076293945,20.239999771118164,23.889999389648438,87095000
2023-08-25,20.283750534057617,20.65999984741211,21.170000076293945,19.399999618530273,20.34000015258789,73315300
2023-08-28,21.0299129486084,21.420000076293945,21.59000015258789,20.760000228881836,21.260000228881836,57976500
2023-08-29,22.649860382080078,23.06999969482422,23.309999465942383,20.969999313354492,21.09000015258789,62384100
2023-08-30,22.973852157592773,23.399999618530273,23.700000762939453,22.3700008392334,22.920000076293945,58519900
2023-08-31,23.425474166870117,23.860000610351562,24.280000686645508,23.139999389648438,23.170000076293945,57584100
2023-09-01,23.582561492919922,24.020000457763672,24.510000228881836,23.510000228881836,24.350000381469727,50183300
2023-09-05,23.582561492919922,24.020000457763672,24.579999923706055,23.3799991607666,23.75,39873800
2023-09-06,23.01312255859375,23.440000534057617,24.290000915527344,22.65999984741211,23.8700008392334,45032300
2023-09-07,21.471715927124023,21.8700008392334,22.049999237060547,21.0,21.860000610351562,61690800
2023-09-08,21.10845184326172,21.5,22.190000534057617,21.219999313354492,21.719999313354492,40693000
2023-09-11,21.059362411499023,21.450000762939453,22.309999465942383,20.59000015258789,22.239999771118164,55474600
2023-09-12,20.558652877807617,20.940000534057617,21.979999542236328,20.850000381469727,21.0,49005100
2023-09-13,20.84337043762207,21.229999542236328,21.8700008392334,20.790000915527344,20.8799991607666,56098900
2023-09-14,21.255720138549805,21.649999618530273,21.93000030517578,21.049999237060547,21.860000610351562,54201500
2023-09-15,19.429594039916992,19.790000915527344,21.270000457763672,19.450000762939453,21.239999771118164,77383000
2023-09-18,19.56704330444336,19.93000030517578,20.18000030517578,19.200000762939453,19.290000915527344,41631100
2023-09-19,19.1077880859375,19.43000030517578,19.809999465942383,19.079999923706055,19.760000228881836,50047300
2023-09-20,18.173542022705078,18.479999542236328,19.920000076293945,18.440000534057617,19.65999984741211,58695600
2023-09-21,17.131118774414062,17.420000076293945,18.1299991607666,17.389999389648438,17.760000228881836,68048000
2023-09-22,17.544157028198242,17.84000015258789,18.3700008392334,17.6299991607666,17.899999618530273,65378900
2023-09-25,17.9178524017334,18.219999313354492,18.280000686645508,17.34000015258789,17.610000610351562,56510100
2023-09-26,16.9541015625,17.239999771118164,17.920000076293945,16.989999771118164,17.739999771118164,70947400
2023-09-27,17.386812210083008,17.68000030517578,18.079999923706055,16.889999389648438,17.639999389648438,80980900
2023-09-28,18.330890655517578,18.639999389648438,19.219999313354492,17.350000381469727,17.56999969482422,88909800
2023-09-29,18.557079315185547,18.8700008392334,19.65999984741211,18.65999984741211,19.43000030517578,75732800
2023-10-02,18.763593673706055,19.079999923706055,19.579999923706055,18.43000030517578,18.950000762939453,65982800
2023-10-03,17.59332847595215,17.889999389648438,19.389999389648438,17.530000686645508,18.600000381469727,77741000
2023-10-04,18.330890655517578,18.639999389648438,18.809999465942383,17.770000457763672,18.18000030517578,74018800
2023-10-05,18.09486961364746,18.399999618530273,18.8700008392334,17.81999969482422,18.579999923706055,63584100
2023-10-06,19.147125244140625,19.469999313354492,19.790000915527344,17.65999984741211,18.020000457763672,92805900
2023-10-09,19.058618545532227,19.3799991607666,19.530000686645508,18.450000762939453,18.920000076293945,62652500
2023-10-10,19.71750831604004,20.049999237060547,20.6200008392334,19.290000915527344,19.559999465942383,67622800
2023-10-11,20.169879913330078,20.510000228881836,20.68000030517578,19.81999969482422,20.309999465942383,62660000
2023-10-12,20.337060928344727,20.68000030517578,21.56999969482422,20.09000015258789,20.670000076293945,83392100
2023-10-13,18.665254592895508,18.979999542236328,20.889999389648438,18.850000381469727,20.799999237060547,88671200
2023-10-16,19.481489181518555,19.809999465942383,20.0,19.100000381469727,19.1299991607666,65688500
2023-10-17,18.979944229125977,19.299999237060547,19.760000228881836,17.90999984741211,18.6299991607666,90214600
2023-10-18,17.97686195373535,18.280000686645508,18.790000915527344,17.979999542236328,18.3700008392334,81406400
2023-10-19,17.14095687866211,17.43000030517578,18.93000030517578,17.229999542236328,18.760000228881836,115930900
2023-10-20,16.364057540893555,16.639999389648438,17.790000915527344,16.56999969482422,17.420000076293945,83690500
2023-10-23,16.118200302124023,16.389999389648438,17.260000228881836,15.829999923706055,16.350000381469727,89594500
2023-10-24,16.757423400878906,17.040000915527344,17.1299991607666,16.420000076293945,16.65999984741211,79093400
2023-10-25,14.721750259399414,14.970000267028809,16.520000457763672,14.710000038146973,16.3799991607666,107436500
2023-10-26,14.485730171203613,14.729999542236328,15.680000305175781,14.479999542236328,15.130000114440918,101804700
2023-10-27,14.849595069885254,15.100000381469727,15.569999694824219,14.930000305175781,15.300000190734863,91507300
2023-10-30,14.289046287536621,14.529999732971191,15.109999656677246,14.020000457763672,14.819999694824219,104353000
2023-10-31,14.652910232543945,14.899999618530273,15.029999732971191,14.010000228881836,14.539999961853027,75873100
2023-11-01,15.685497283935547,15.949999809265137,16.020000457763672,14.930000305175781,14.949999809265137,100044400
2023-11-02,16.79676055908203,17.079999923706055,17.40999984741211,16.3799991607666,16.899999618530273,89974100
2023-11-03,18.0752010345459,18.3799991607666,18.760000228881836,17.5,17.600000381469727,88065900
2023-11-06,17.947359085083008,18.25,18.639999389648438,17.729999542236328,18.450000762939453,52668800
2023-11-07,18.29155158996582,18.600000381469727,18.8799991607666,18.059999465942383,18.15999984741211,56719500
2023-11-08,18.36039161682129,18.670000076293945,18.959999084472656,18.280000686645508,18.65999984741211,50269100
2023-11-09,18.08503532409668,18.389999389648438,19.700000762939453,18.280000686645508,19.040000915527344,75784400
2023-11-10,20.25838851928711,20.600000381469727,20.780000686645508,18.829999923706055,19.059999465942383,95598900
2023-11-13,19.688005447387695,20.020000457763672,20.200000762939453,19.579999923706055,20.110000610351562,57461900
2023-11-14,21.77284812927246,22.139999389648438,22.389999389648438,21.3799991607666,21.510000228881836,94381100
2023-11-15,22.254722595214844,22.6299991607666,23.18000030517578,22.18000030517578,22.610000610351562,78026200
2023-11-16,22.34322738647461,22.719999313354492,22.90999984741211,22.139999389648438,22.3700008392334,61404400
2023-11-17,22.74643325805664,23.1299991607666,23.290000915527344,22.3700008392334,22.469999313354492,54090800
2023-11-20,23.77901840209961,24.18000030517578,24.420000076293945,23.049999237060547,23.09000015258789,56824400
2023-11-21,22.461238861083984,22.84000015258789,23.600000381469727,22.450000762939453,23.56999969482422,63297900
2023-11-22,22.618589401245117,23.0,24.1200008392334,22.81999969482422,23.229999542236328,64858200
2023-11-24,22.707096099853516,23.09000015258789,23.149999618530273,22.75,22.969999313354492,21933500
2023-11-27,22.58908462524414,22.969999313354492,23.540000915527344,22.600000381469727,22.790000915527344,40671500
2023-11-28,22.166217803955078,22.540000915527344,22.889999389648438,21.969999313354492,22.5,53548300
2023-11-29,22.834938049316406,23.219999313354492,24.299999237060547,23.139999389648438,23.459999084472656,69262600
2023-11-30,22.43173599243164,22.809999465942383,23.469999313354492,22.190000534057617,23.450000762939453,58913500
2023-12-01,22.68742561340332,23.06999969482422,23.200000762939453,21.84000015258789,22.3799991607666,54913400
2023-12-04,21.940027236938477,22.309999465942383,22.440000534057617,21.290000915527344,22.360000610351562,55773300
2023-12-05,21.56633186340332,21.93000030517578,22.09000015258789,21.34000015258789,21.68000030517578,51980900
2023-12-06,21.11395835876465,21.469999313354492,22.889999389648438,21.40999984741211,22.829999923706055,60117400
2023-12-07,22.795602798461914,23.18000030517578,23.399999618530273,21.81999969482422,22.020000457763672,77337000
2023-12-08,23.306978225708008,23.700000762939453,24.040000915527344,22.950000762939453,23.010000228881836,69286800
2023-12-11,25.67701530456543,26.110000610351562,26.3799991607666,24.309999465942383,24.389999389648438,80772700
2023-12-12,26.20806121826172,26.649999618530273,26.719999313354492,25.600000381469727,25.75,55752100
2023-12-13,27.45699691772461,27.920000076293945,28.399999618530273,26.420000076293945,26.700000762939453,80992700
2023-12-14,29.689355850219727,30.190000534057617,30.489999771118164,28.610000610351562,28.6200008392334,86502800
2023-12-15,30.063051223754883,30.56999969482422,31.59000015258789,30.350000381469727,30.459999084472656,66922000
2023-12-18,29.787696838378906,30.290000915527344,30.709999084472656,29.459999084472656,30.559999465942383,46100400
2023-12-19,30.240068435668945,30.75,30.979999542236328,30.290000915527344,30.329999923706055,39361100
2023-12-20,27.634014129638672,28.100000381469727,30.6200008392334,28.049999237060547,30.200000762939453,59562600
2023-12-21,29.82505989074707,30.260000228881836,30.40999984741211,29.350000381469727,29.75,62019200
2023-12-22,30.071468353271484,30.510000228881836,31.079999923706055,29.8799991607666,30.6200008392334,42657600
2023-12-26,31.697750091552734,32.15999984741211,32.529998779296875,30.90999984741211,30.93000030517578,48619700
2023-12-27,31.88501739501953,32.349998474121094,32.7400016784668,31.850000381469727,32.560001373291016,47991500
2023-12-28,31.75688934326172,32.220001220703125,32.779998779296875,32.04999923706055,32.59000015258789,34883800
2023-12-29,30.948673248291016,31.399999618530273,32.349998474121094,30.889999389648438,32.16999816894531,53294900
