Price,Adj Close,Close,High,Low,Open,Volume
Ticker,SOXL,SOXL,SOXL,SOXL,SOXL,SOXL
Date,,,,,,
2014-01-02,1.0032086372375488,1.098667025566101,1.1286669969558716,1.0873329639434814,1.1286669969558716,7344000
2014-01-03,0.9995561242103577,1.0946669578552246,1.1035000085830688,1.0785000324249268,1.1035000085830688,4176000
2014-01-06,0.9806849360466003,1.0740000009536743,1.1004999876022339,1.0691670179367065,1.1004999876022339,3546000
2014-01-07,1.0035127401351929,1.0989999771118164,1.1028330326080322,1.0798330307006836,1.0836670398712158,2796000
2014-01-08,1.047798752784729,1.1475000381469727,1.149999976158142,1.1166670322418213,1.1239999532699585,4404000
2014-01-09,1.0255802869796753,1.1231670379638672,1.159000039100647,1.1101670265197754,1.159000039100647,2556000
2014-01-10,1.0380585193634033,1.1368329524993896,1.1416670083999634,1.1211669445037842,1.1233329772949219,2616000
2014-01-13,1.0010777711868286,1.0963330268859863,1.1419999599456787,1.087499976158142,1.13100004196167,5268000
2014-01-14,1.0698661804199219,1.1716669797897339,1.1741670370101929,1.0971670150756836,1.1013330221176147,8208000
2014-01-15,1.0969539880752563,1.2013330459594727,1.2113330364227295,1.1816669702529907,1.18483304977417,5568000
2014-01-16,1.0786921977996826,1.1813329458236694,1.2016669511795044,1.1749999523162842,1.1983330249786377,6768000
2014-01-17,1.0601259469985962,1.1610000133514404,1.185333013534546,1.153499960899353,1.1670000553131104,4092000
2014-01-21,1.080974817276001,1.1838330030441284,1.1841670274734497,1.1543329954147339,1.1759999990463257,5472000
2014-01-22,1.117956280708313,1.2243330478668213,1.225000023841858,1.1755000352859497,1.1838330030441284,3648000
2014-01-23,1.0799102783203125,1.1826670169830322,1.2018330097198486,1.1619999408721924,1.189666986465454,6252000
2014-01-24,1.0041217803955078,1.099666953086853,1.1668330430984497,1.0980000495910645,1.1613329648971558,8844000
2014-01-27,0.9849463105201721,1.0786670446395874,1.113832950592041,1.058500051498413,1.113332986831665,8034000
2014-01-28,0.9969685077667236,1.0918329954147339,1.0973329544067383,1.057332992553711,1.070667028427124,4476000
2014-01-29,0.9829673767089844,1.0765000581741333,1.1073329448699951,1.0709999799728394,1.0709999799728394,6654000
2014-01-30,1.021166443824768,1.1183329820632935,1.1278330087661743,1.0958329439163208,1.1023329496383667,5076000
2014-01-31,1.0053386688232422,1.1009999513626099,1.1169999837875366,1.0720000267028809,1.084833025932312,3480000
2014-02-03,0.9418777227401733,1.031499981880188,1.0985000133514404,1.0221669673919678,1.0985000133514404,7428000
2014-02-04,0.9433998465538025,1.0331670045852661,1.0403330326080322,1.0161670446395874,1.0323330163955688,6804000
2014-02-05,0.9472038149833679,1.0373330116271973,1.0511670112609863,1.0023330450057983,1.027500033378601,4200000
2014-02-06,0.9922511577606201,1.0866669416427612,1.0933330059051514,1.0536669492721558,1.0544999837875366,7758000
2014-02-07,1.0401896238327026,1.1391669511795044,1.1423330307006836,1.0893330574035645,1.1015000343322754,7098000
2014-02-10,1.0561693906784058,1.1566669940948486,1.1614999771118164,1.1318329572677612,1.1323330402374268,4908000
2014-02-11,1.0964981317520142,1.2008329629898071,1.2096669673919678,1.159000039100647,1.1623330116271973,6120000
2014-02-12,1.1273921728134155,1.2346669435501099,1.2403329610824585,1.2136670351028442,1.2200000286102295,8586000
2014-02-13,1.1678736209869385,1.2790000438690186,1.2790000438690186,1.2093329429626465,1.2130000591278076,5844000
2014-02-14,1.1872012615203857,1.3001669645309448,1.3049999475479126,1.2625000476837158,1.278833031654358,7818000
2014-02-18,1.196789264678955,1.3106670379638672,1.317667007446289,1.2833329439163208,1.317667007446289,5424000
2014-02-19,1.194049596786499,1.3076670169830322,1.3265000581741333,1.2968330383300781,1.3051669597625732,4584000
2014-02-20,1.2222036123275757,1.3385000228881836,1.3416670560836792,1.3035000562667847,1.310333013534546,5178000
2014-02-21,1.2036371231079102,1.318166971206665,1.351667046546936,1.3061670064926147,1.3438329696655273,5064000
2014-02-24,1.2174851894378662,1.3333330154418945,1.3583329916000366,1.3285000324249268,1.337499976158142,4512000
2014-02-25,1.1996798515319824,1.3138329982757568,1.3386670351028442,1.2918330430984497,1.3281669616699219,6354000
2014-02-26,1.2229644060134888,1.3393330574035645,1.3678330183029175,1.3226670026779175,1.3226670026779175,5082000
2014-02-27,1.2212907075881958,1.337499976158142,1.346500039100647,1.310333013534546,1.3333330154418945,3162000
2014-02-28,1.2174851894378662,1.3333330154418945,1.3508330583572388,1.3070000410079956,1.3481669425964355,4836000
2014-03-03,1.1975497007369995,1.3114999532699585,1.3200000524520874,1.2725000381469727,1.2934999465942383,8346000
2014-03-04,1.259641408920288,1.3795000314712524,1.3848329782485962,1.3513330221176147,1.3518329858779907,7014000
2014-03-05,1.2675554752349854,1.3881670236587524,1.399999976158142,1.3718329668045044,1.3795000314712524,3366000
2014-03-06,1.2964695692062378,1.4198329448699951,1.4213329553604126,1.3851670026779175,1.399999976158142,3126000
2014-03-07,1.2903831005096436,1.4131669998168945,1.4368330240249634,1.3996670246124268,1.4331669807434082,3978000
2014-03-10,1.2821654081344604,1.4041670560836792,1.422333002090454,1.3849999904632568,1.4016669988632202,1980000
2014-03-11,1.261771559715271,1.3818329572677612,1.4275000095367432,1.3701670169830322,1.418166995048523,2088000
2014-03-12,1.2935789823532104,1.4166669845581055,1.4166669845581055,1.3535000085830688,1.3601670265197754,2508000
2014-03-13,1.2288994789123535,1.3458329439163208,1.4381669759750366,1.3229999542236328,1.4316669702529907,5796000
2014-03-14,1.209419846534729,1.3244999647140503,1.3583329916000366,1.3218330144882202,1.3333330154418945,3678000
2014-03-17,1.2527927160263062,1.371999979019165,1.3851670026779175,1.3493330478668213,1.3523329496383667,4002000
2014-03-18,1.3062105178833008,1.4305000305175781,1.4326670169830322,1.3713330030441284,1.3878329992294312,8142000
2014-03-19,1.3033186197280884,1.4273329973220825,1.4570000171661377,1.400333046913147,1.432832956314087,6624000
2014-03-20,1.376672625541687,1.5076669454574585,1.5084999799728394,1.4046670198440552,1.4046670198440552,6588000
2014-03-21,1.3404518365859985,1.468000054359436,1.5271669626235962,1.4559999704360962,1.5255000591278076,7470000
2014-03-24,1.3238635063171387,1.4498330354690552,1.4896670579910278,1.4136669635772705,1.4896670579910278,9888000
2014-03-25,1.3512569665908813,1.4798330068588257,1.505167007446289,1.456833004951477,1.4609999656677246,6858000
2014-03-26,1.310319185256958,1.434999942779541,1.5333329439163208,1.4326670169830322,1.5099999904632568,8124000
2014-03-27,1.27790367603302,1.3995000123977661,1.4478329420089722,1.3893330097198486,1.42283296585083,5778000
2014-03-28,1.3054494857788086,1.4296669960021973,1.4616669416427612,1.4083329439163208,1.4149999618530273,4116000
2014-03-31,1.3683022260665894,1.4984999895095825,1.5095000267028809,1.4550000429153442,1.4631669521331787,9546000
2014-04-01,1.4322201013565063,1.56850004196167,1.56850004196167,1.5148329734802246,1.5308330059051514,8106000
2014-04-02,1.423241376876831,1.5586669445037842,1.5833330154418945,1.536167025566101,1.5833330154418945,7266000
2014-04-03,1.4317634105682373,1.5679999589920044,1.6118329763412476,1.5446670055389404,1.5666669607162476,6804000
2014-04-04,1.311384916305542,1.4361670017242432,1.6108330488204956,1.4303330183029175,1.6108330488204956,15960000
2014-04-07,1.275164008140564,1.3964999914169312,1.4591670036315918,1.370332956314087,1.411666989326477,9858000
2014-04-08,1.3229502439498901,1.4488329887390137,1.453832983970642,1.4006669521331787,1.4083329439163208,5208000
2014-04-09,1.365563154220581,1.4954999685287476,1.5001670122146606,1.4500000476837158,1.4786670207977295,7512000
2014-04-10,1.2397053241729736,1.3576669692993164,1.5019999742507935,1.3533329963684082,1.5006669759750366,11070000
2014-04-11,1.1805040836334229,1.2928329706192017,1.3686670064926147,1.2823330163955688,1.3166669607162476,9384000
2014-04-14,1.208202838897705,1.3231669664382935,1.3454999923706055,1.2884999513626099,1.3228329420089722,5760000
2014-04-15,1.2331608533859253,1.3504999876022339,1.3619999885559082,1.2799999713897705,1.337499976158142,6870000
2014-04-16,1.2260085344314575,1.3426669836044312,1.37766695022583,1.286666989326477,1.37766695022583,5334000
2014-04-17,1.2967748641967773,1.4201669692993164,1.4376670122146606,1.3396669626235962,1.3396669626235962,10782000
2014-04-21,1.3310166597366333,1.4576669931411743,1.4586670398712158,1.4018330574035645,1.4256670475006104,6312000
2014-04-22,1.3690625429153442,1.4993330240249634,1.5099999904632568,1.4579999446868896,1.4666670560836792,5940000
2014-04-23,1.3634326457977295,1.4931670427322388,1.5141669511795044,1.4804999828338623,1.503999948501587,2610000
2014-04-24,1.3845854997634888,1.516332983970642,1.5323330163955688,1.459833025932312,1.5323330163955688,6888000
2014-04-25,1.2506626844406128,1.3696670532226562,1.4780000448226929,1.36033296585083,1.4780000448226929,12810000
2014-04-28,1.2278350591659546,1.3446669578552246,1.4043329954147339,1.2918330430984497,1.3791669607162476,7662000
2014-04-29,1.2502061128616333,1.3691669702529907,1.3854999542236328,1.338832974433899,1.3636670112609863,3888000
2014-04-30,1.275468349456787,1.3968329429626465,1.3968329429626465,1.3538329601287842,1.3545000553131104,4680000
2014-05-01,1.2628371715545654,1.3830000162124634,1.435333013534546,1.3758330345153809,1.3990000486373901,4398000
2014-05-02,1.2704464197158813,1.391332983970642,1.4123330116271973,1.369832992553711,1.369832992553711,4212000
2014-05-05,1.2765341997146606,1.3980000019073486,1.4088330268859863,1.3571670055389404,1.3763329982757568,2844000
2014-05-06,1.2613155841827393,1.3813329935073853,1.4216669797897339,1.3808330297470093,1.4041670560836792,2064000
2014-05-07,1.263750433921814,1.3839999437332153,1.3993330001831055,1.3488329648971558,1.394333004951477,3090000
2014-05-08,1.2896218299865723,1.4123330116271973,1.4706670045852661,1.3711669445037842,1.371500015258789,7788000
2014-05-09,1.279120683670044,1.400833010673523,1.411167025566101,1.3701670169830322,1.4079999923706055,2988000
2014-05-12,1.3483659029006958,1.476667046546936,1.481166958808899,1.4093329906463623,1.4093329906463623,9942000
2014-05-13,1.3185372352600098,1.444000005722046,1.4893330335617065,1.442167043685913,1.4880000352859497,4584000
2014-05-14,1.2849047183990479,1.4071669578552246,1.4428329467773438,1.4049999713897705,1.4329999685287476,3846000
2014-05-15,1.2398569583892822,1.3578330278396606,1.406499981880188,1.3255000114440918,1.3949999809265137,8310000
2014-05-16,1.2765341997146606,1.3980000019073486,1.4045000076293945,1.3515000343322754,1.3554999828338623,3402000
2014-05-19,1.3174718618392944,1.4428329467773438,1.454332947731018,1.3928329944610596,1.3928329944610596,4440000
2014-05-20,1.298905372619629,1.4225000143051147,1.456833004951477,1.399999976158142,1.4441670179367065,3666000
2014-05-21,1.3176240921020508,1.4429999589920044,1.4553329944610596,1.4220000505447388,1.4366669654846191,4350000
2014-05-22,1.3369519710540771,1.4641669988632202,1.4800000190734863,1.4473329782485962,1.4528330564498901,4740000
2014-05-23,1.372867226600647,1.503499984741211,1.5061670541763306,1.4578330516815186,1.462833046913147,7674000
2014-05-27,1.4253716468811035,1.5609999895095825,1.5609999895095825,1.5219999551773071,1.545667052268982,6498000
2014-05-28,1.4299372434616089,1.565999984741211,1.5798330307006836,1.5429999828338623,1.5748330354690552,4740000
2014-05-29,1.438764214515686,1.5756670236587524,1.593999981880188,1.5668330192565918,1.5696669816970825,3030000
2014-05-30,1.4446994066238403,1.5821670293807983,1.5881669521331787,1.5638329982757568,1.574167013168335,2382000
2014-06-02,1.4681357145309448,1.6078330278396606,1.6208330392837524,1.5674999952316284,1.6096669435501099,3918000
2014-06-03,1.5095306634902954,1.6531670093536377,1.6588330268859863,1.6008330583572388,1.6091669797897339,6246000
2014-06-04,1.530076026916504,1.6756670475006104,1.6825000047683716,1.6365000009536743,1.653499960899353,4044000
2014-06-05,1.5512288808822632,1.6988329887390137,1.7141669988632202,1.6558330059051514,1.6858329772949219,6264000
2014-06-06,1.5743616819381714,1.724166989326477,1.7354999780654907,1.7046669721603394,1.710832953453064,6654000
2014-06-09,1.5856231451034546,1.7365000247955322,1.7654999494552612,1.7283329963684082,1.7330000400543213,6924000
2014-06-10,1.6014504432678223,1.7538330554962158,1.7553329467773438,1.7141669988632202,1.7398329973220825,4128000
2014-06-11,1.62473464012146,1.7793329954147339,1.7976670265197754,1.737833023071289,1.737833023071289,4884000
2014-06-12,1.607842206954956,1.7608330249786377,1.7948329448699951,1.7403329610824585,1.778833031654358,6840000
2014-06-13,1.6534978151321411,1.8108329772949219,1.8291670083999634,1.7813329696655273,1.8109999895095825,6210000
2014-06-16,1.6843922138214111,1.8446669578552246,1.8546669483184814,1.8023329973220825,1.8161669969558716,7470000
2014-06-17,1.722286343574524,1.886167049407959,1.8933329582214355,1.8386670351028442,1.8508330583572388,6432000
2014-06-18,1.7015886306762695,1.8634999990463257,1.8928329944610596,1.8163330554962158,1.8911670446395874,9090000
2014-06-19,1.7063066959381104,1.8686670064926147,1.883167028427124,1.8316669464111328,1.8803329467773438,7944000
2014-06-20,1.7212209701538086,1.8849999904632568,1.8849999904632568,1.8578330278396606,1.8721669912338257,4170000
2014-06-23,1.702197790145874,1.8641669750213623,1.8926670551300049,1.8585000038146973,1.8926670551300049,6738000
2014-06-24,1.664303183555603,1.8226670026779175,1.9041670560836792,1.8075000047683716,1.8536670207977295,9162000
2014-06-25,1.6822607517242432,1.8423329591751099,1.8488329648971558,1.7843329906463623,1.8083330392837524,6300000
2014-06-26,1.6608030796051025,1.8188329935073853,1.8453329801559448,1.7764999866485596,1.8308329582214355,5352000
2014-06-27,1.668716549873352,1.8274999856948853,1.8274999856948853,1.796167016029358,1.8051669597625732,2694000
2014-06-30,1.7209166288375854,1.8846670389175415,1.8899999856948853,1.8291670083999634,1.8291670083999634,4662000
2014-07-01,1.7918347120285034,1.9623329639434814,1.9881670475006104,1.898332953453064,1.898332953453064,9978000
2014-07-02,1.805379867553711,1.977167010307312,1.9858330488204956,1.9585000276565552,1.9788329601287842,5664000
2014-07-03,1.8417516946792603,2.0169999599456787,2.0246670246124268,1.9816670417785645,1.9816670417785645,3942000
2014-07-07,1.8032482862472534,1.9748330116271973,2.0226669311523438,1.9643330574035645,2.0169999599456787,8154000
2014-07-08,1.7760075330734253,1.9450000524520874,1.9761669635772705,1.887166976928711,1.9635000228881836,10506000
2014-07-09,1.806900978088379,1.9788329601287842,1.9850000143051147,1.9149999618530273,1.9605000019073486,6528000
2014-07-10,1.7808772325515747,1.9503329992294312,1.9744999408721924,1.871999979019165,1.8923330307006836,6774000
2014-07-11,1.7843780517578125,1.9541670083999634,1.968999981880188,1.9268330335617065,1.9606670141220093,3882000
2014-07-14,1.8084231615066528,1.9804999828338623,2.002000093460083,1.965000033378601,1.9904999732971191,7164000
2014-07-15,1.7941173315048218,1.9648330211639404,1.9988329410552979,1.9096670150756836,1.9986670017242432,6828000
2014-07-16,1.856209635734558,2.0328330993652344,2.0358328819274902,1.995332956314087,2.010499954223633,5760000
2014-07-17,1.7128503322601318,1.8758330345153809,1.9845000505447388,1.8651670217514038,1.9845000505447388,12642000
2014-07-18,1.7799639701843262,1.9493329524993896,1.9546669721603394,1.8869999647140503,1.899999976158142,5280000
2014-07-21,1.7945741415023804,1.9653329849243164,1.9761669635772705,1.9316669702529907,1.949167013168335,3408000
2014-07-22,1.8288156986236572,2.0028328895568848,2.015166997909546,1.975000023841858,2.000166893005371,4308000
2014-07-23,1.7025020122528076,1.8645000457763672,1.9824999570846558,1.8619999885559082,1.9824999570846558,12192000
2014-07-24,1.659433126449585,1.8173329830169678,1.8666670322418213,1.8111670017242432,1.8645000457763672,9876000
2014-07-25,1.55959951877594,1.7079999446868896,1.7816669940948486,1.6913330554962158,1.7816669940948486,10626000
2014-07-28,1.5545772314071655,1.7024999856948853,1.7136670351028442,1.63966703414917,1.713333010673523,8148000
2014-07-29,1.5474250316619873,1.6946669816970825,1.7426669597625732,1.692167043685913,1.7135000228881836,5832000
2014-07-30,1.5930805206298828,1.7446670532226562,1.7583329677581787,1.7115000486373901,1.7238329648971558,5922000
2014-07-31,1.4850281476974487,1.6263329982757568,1.6993329524993896,1.6143330335617065,1.6911669969558716,9606000
2014-08-01,1.507248044013977,1.6506669521331787,1.6816669702529907,1.6100000143051147,1.6166670322418213,9360000
2014-08-04,1.526118278503418,1.6713329553604126,1.6866669654846191,1.625,1.6644999980926514,4602000
2014-08-05,1.4806146621704102,1.621500015258789,1.6746670007705688,1.600000023841858,1.6468329429626465,6888000
2014-08-06,1.493855357170105,1.6360000371932983,1.668166995048523,1.5936670303344727,1.597000002861023,8052000
2014-08-07,1.4352638721466064,1.5718330144882202,1.6766669750213623,1.5583330392837524,1.670667052268982,7098000
2014-08-08,1.4833545684814453,1.624500036239624,1.628999948501587,1.5779999494552612,1.587499976158142,6456000
2014-08-11,1.5280970335006714,1.6734999418258667,1.6998330354690552,1.6481670141220093,1.6481670141220093,7698000
2014-08-12,1.5223139524459839,1.6671669483184814,1.6871670484542847,1.6241669654846191,1.6638330221176147,5640000
2014-08-13,1.5661437511444092,1.7151670455932617,1.7151670455932617,1.6773329973220825,1.6821670532226562,5910000
2014-08-14,1.5745131969451904,1.7243330478668213,1.7345000505447388,1.7089999914169312,1.7166670560836792,4776000
2014-08-15,1.6219953298568726,1.776332974433899,1.7976670265197754,1.718999981880188,1.7595000267028809,7260000
2014-08-18,1.6434532403945923,1.799833059310913,1.8025000095367432,1.7623330354690552,1.7984999418258667,6054000
2014-08-19,1.6786084175109863,1.838333010673523,1.847499966621399,1.8058329820632935,1.8058329820632935,4548000
2014-08-20,1.7198511362075806,1.8834999799728394,1.8930000066757202,1.831833004951477,1.838333010673523,4878000
2014-08-21,1.7426791191101074,1.9084999561309814,1.9108330011367798,1.8731670379638672,1.8898329734802246,4374000
2014-08-22,1.7464836835861206,1.9126670360565186,1.93483304977417,1.887666940689087,1.9161670207977295,6348000
2014-08-25,1.7253296375274658,1.8895000219345093,1.9505000114440918,1.8803329467773438,1.9505000114440918,6822000
2014-08-26,1.7268520593643188,1.8911670446395874,1.9114999771118164,1.8851670026779175,1.8851670026779175,3456000
2014-08-27,1.736287236213684,1.9014999866485596,1.9071669578552246,1.8654999732971191,1.890166997909546,3738000
2014-08-28,1.7734206914901733,1.942167043685913,1.942167043685913,1.8643330335617065,1.8834999799728394,3102000
2014-08-29,1.7930529117584229,1.9636670351028442,1.9816670417785645,1.9391670227050781,1.9524999856948853,5214000
2014-09-02,1.768855094909668,1.9371670484542847,1.9765000343322754,1.9118330478668213,1.9765000343322754,4158000
2014-09-03,1.7843780517578125,1.9541670083999634,1.9781670570373535,1.9391670227050781,1.9718329906463623,3906000
2014-09-04,1.7980749607086182,1.9691669940948486,2.0148329734802246,1.9555000066757202,1.9651670455932617,6786000
2014-09-05,1.8432735204696655,2.018666982650757,2.018666982650757,1.9643330574035645,1.9665000438690186,8496000
2014-09-08,1.8546879291534424,2.0311670303344727,2.064832925796509,2.009999990463257,2.018666982650757,5826000
2014-09-09,1.8055315017700195,1.9773329496383667,2.0374999046325684,1.9691669940948486,2.0313329696655273,4278000
2014-09-10,1.8037052154541016,1.9753329753875732,1.9876669645309448,1.9368330240249634,1.976667046546936,7584000
2014-09-11,1.8174020051956177,1.9903329610824585,1.9913330078125,1.9291670322418213,1.9574999809265137,4134000
2014-09-12,1.7470921277999878,1.9133330583572388,1.9756669998168945,1.899999976158142,1.9756669998168945,5574000
2014-09-15,1.6833269596099854,1.843500018119812,1.928333044052124,1.8415000438690186,1.9216669797897339,7626000
2014-09-16,1.770681619644165,1.9391670227050781,1.9470000267028809,1.8320000171661377,1.8365000486373901,6174000
2014-09-17,1.8125320672988892,1.9850000143051147,2.016666889190674,1.9464999437332153,1.9464999437332153,8154000
2014-09-18,1.8904510736465454,2.0703330039978027,2.0703330039978027,1.9928330183029175,2.0134999752044678,6774000
2014-09-19,1.8228801488876343,1.9963330030441284,2.0931670665740967,1.9850000143051147,2.0875000953674316,6696000
2014-09-22,1.756223201751709,1.9233330488204956,1.9866670370101929,1.9123330116271973,1.9783329963684082,8310000
2014-09-23,1.7425261735916138,1.9083329439163208,1.953832983970642,1.8791669607162476,1.8928329944610596,5520000
2014-09-24,1.8050748109817505,1.9768329858779907,1.980167031288147,1.9171669483184814,1.9221669435501099,4500000
2014-09-25,1.7073715925216675,1.869832992553711,1.9723329544067383,1.8511669635772705,1.9723329544067383,8892000
2014-09-26,1.766723871231079,1.93483304977417,1.9511669874191284,1.8960000276565552,1.8980000019073486,5322000
2014-09-29,1.7741814851760864,1.9429999589920044,1.9615000486373901,1.8656669855117798,1.8748329877853394,4182000
2014-09-30,1.7298957109451294,1.8945000171661377,1.9483330249786377,1.875,1.9461669921875,5490000
2014-10-01,1.6037331819534302,1.7563329935073853,1.8858330249786377,1.7424999475479126,1.8858330249786377,13020000
2014-10-02,1.5771011114120483,1.727167010307312,1.7483329772949219,1.6318329572677612,1.7483329772949219,17538000
2014-10-03,1.6009937524795532,1.7533329725265503,1.7916669845581055,1.7300000190734863,1.7790000438690186,10464000
2014-10-06,1.5623385906219482,1.7109999656677246,1.7755000591278076,1.6773329973220825,1.7745000123977661,7080000
2014-10-07,1.4745272397994995,1.6148329973220825,1.7044999599456787,1.6148329973220825,1.6941670179367065,6960000
2014-10-08,1.5717742443084717,1.7213330268859863,1.7300000190734863,1.5708329677581787,1.619832992553711,11916000
2014-10-09,1.4459168910980225,1.5835000276565552,1.7166670560836792,1.5789999961853027,1.7166670560836792,11388000
2014-10-10,1.146262764930725,1.2553329467773438,1.454332947731018,1.2136670351028442,1.454332947731018,57942000
2014-10-13,1.0721491575241089,1.1741670370101929,1.3026670217514038,1.1741670370101929,1.2601670026779175,18840000
2014-10-14,1.132718563079834,1.2404999732971191,1.3049999475479126,1.2071670293807983,1.2366670370101929,30090000
2014-10-15,1.1476324796676636,1.2568329572677612,1.2833329439163208,1.1446670293807983,1.1740000247955322,41124000
2014-10-16,1.1973968744277954,1.3113329410552979,1.3421670198440552,1.1916669607162476,1.2024999856948853,31764000
2014-10-17,1.2266168594360352,1.3433330059051514,1.4093329906463623,1.335832953453064,1.3875000476837158,43908000
2014-10-20,1.2845996618270874,1.4068330526351929,1.4101669788360596,1.317167043685913,1.3359999656677246,16344000
2014-10-21,1.4243059158325195,1.55983304977417,1.565000057220459,1.4423329830169678,1.4596669673919678,22548000
2014-10-22,1.365106225013733,1.4950000047683716,1.6066670417785645,1.4919999837875366,1.5896669626235962,32538000
2014-10-23,1.4241547584533691,1.5596669912338257,1.5839999914169312,1.5384999513626099,1.54783296585083,17814000
2014-10-24,1.4701143503189087,1.6100000143051147,1.616832971572876,1.5583330392837524,1.5583330392837524,15600000
2014-10-27,1.4851807355880737,1.6265000104904175,1.6365000009536743,1.5628329515457153,1.5835000276565552,24660000
2014-10-28,1.5498591661453247,1.6973329782485962,1.6990000009536743,1.6353329420089722,1.6460000276565552,18132000
2014-10-29,1.55914306640625,1.7074999809265137,1.7200000286102295,1.6490000486373901,1.690000057220459,24510000
2014-10-30,1.5064865350723267,1.6498329639434814,1.6936670541763306,1.5806670188903809,1.6936670541763306,17796000
2014-10-31,1.681652545928955,1.8416670560836792,1.863832950592041,1.7791670560836792,1.7791670560836792,30552000
2014-11-03,1.7128503322601318,1.8758330345153809,1.9043329954147339,1.8415000438690186,1.8731670379638672,12402000
2014-11-04,1.6985455751419067,1.8601670265197754,1.890166997909546,1.8135000467300415,1.8589999675750732,8046000
2014-11-05,1.7486143112182617,1.9149999618530273,1.9191670417785645,1.8485000133514404,1.899999976158142,13212000
2014-11-06,1.7040241956710815,1.8661669492721558,1.8961670398712158,1.8274999856948853,1.8853329420089722,11454000
2014-11-07,1.6539543867111206,1.8113329410552979,1.878000020980835,1.7661670446395874,1.8661669492721558,16014000
2014-11-10,1.691391944885254,1.8523329496383667,1.8606669902801514,1.8021670579910278,1.8278330564498901,3756000
2014-11-11,1.6766302585601807,1.8361669778823853,1.8656669855117798,1.8213330507278442,1.8656669855117798,4548000
2014-11-12,1.6735862493515015,1.8328330516815186,1.840000033378601,1.803333044052124,1.8116669654846191,3774000
2014-11-13,1.6764780282974243,1.8359999656677246,1.8910000324249268,1.8166669607162476,1.8471670150756836,7716000
2014-11-14,1.717720866203308,1.8811670541763306,1.8860000371932983,1.7948329448699951,1.8191670179367065,9924000
2014-11-17,1.6955010890960693,1.8568329811096191,1.8704999685287476,1.8093329668045044,1.8583329916000366,10320000
2014-11-18,1.7935090065002441,1.9641669988632202,1.9796669483184814,1.8650000095367432,1.8650000095367432,10830000
2014-11-19,1.7589622735977173,1.926332950592041,1.9748330116271973,1.8971669673919678,1.9686670303344727,8220000
2014-11-20,1.807966709136963,1.9800000190734863,1.9833329916000366,1.8739999532699585,1.8839999437332153,8310000
2014-11-21,1.8622967004776,2.0394999980926514,2.059999942779541,1.997833013534546,2.0456669330596924,12906000
2014-11-24,1.9198230504989624,2.1024999618530273,2.106333017349243,2.0416669845581055,2.053999900817871,9054000
2014-11-25,1.9190623760223389,2.1016669273376465,2.124833106994629,2.0889999866485596,2.1166670322418213,6144000
2014-11-26,2.0427892208099365,2.2371668815612793,2.238832950592041,2.112499952316284,2.112499952316284,10092000
2014-11-28,2.0545079708099365,2.25,2.2771670818328857,2.2130000591278076,2.256166934967041,6168000
2014-12-01,1.9828280210494995,2.1714999675750732,2.26200008392334,2.142667055130005,2.232332944869995,13002000
2014-12-02,2.0205695629119873,2.2128329277038574,2.2133328914642334,2.127332925796509,2.189832925796509,8928000
2014-12-03,2.1461234092712402,2.3503329753875732,2.3591670989990234,2.2331669330596924,2.2331669330596924,10110000
2014-12-04,2.155406951904297,2.3605000972747803,2.4033329486846924,2.316667079925537,2.382167100906372,11634000
2014-12-05,2.2216076850891113,2.433000087738037,2.433000087738037,2.3646669387817383,2.378000020980835,6846000
2014-12-08,2.125882625579834,2.328166961669922,2.444667100906372,2.2825000286102295,2.4288330078125,15150000
2014-12-09,2.1200990676879883,2.3218328952789307,2.3420000076293945,2.2063329219818115,2.2114999294281006,12642000
2014-12-10,2.001394033432007,2.191833019256592,2.33316707611084,2.179332971572876,2.3239998817443848,11838000
2014-12-11,2.029853343963623,2.2230000495910645,2.304832935333252,2.2074999809265137,2.22933292388916,9138000
2014-12-12,1.9294109344482422,2.11299991607666,2.2084999084472656,2.1070001125335693,2.1666669845581055,10422000
2014-12-15,1.8746237754821777,2.052999973297119,2.204667091369629,2.0333330631256104,2.1508328914642334,16956000
2014-12-16,1.8426647186279297,2.0179998874664307,2.1445000171661377,2.002166986465454,2.0276670455932617,16812000
2014-12-17,1.9615219831466675,2.1481668949127197,2.1578330993652344,1.9733330011367798,2.023667097091675,15510000
2014-12-18,2.0697269439697266,2.266666889190674,2.266666889190674,2.201667070388794,2.249332904815674,21252000
2014-12-19,2.0535943508148193,2.249000072479248,2.2964999675750732,2.2136669158935547,2.2903330326080322,15420000
2014-12-22,2.1447534561157227,2.3488330841064453,2.355833053588867,2.2715001106262207,2.2806670665740967,10992000
2014-12-23,2.1326541900634766,2.3355000019073486,2.4046669006347656,2.3289999961853027,2.4000000953674316,16380000
2014-12-24,2.1401119232177734,2.3436670303344727,2.37166690826416,2.3333330154418945,2.3440001010894775,3030000
2014-12-26,2.148482322692871,2.3528330326080322,2.378000020980835,2.3411669731140137,2.36899995803833,3072000
2014-12-29,2.129305601119995,2.3318328857421875,2.3473329544067383,2.302333116531372,2.3396670818328857,5970000
2014-12-30,2.092628002166748,2.2916669845581055,2.319999933242798,2.2841670513153076,2.2841670513153076,5286000
2014-12-31,2.0518407821655273,2.246999979019165,2.3473329544067383,2.245666980743408,2.2981669902801514,8412000
2015-01-02,2.0519933700561523,2.2471671104431152,2.322000026702881,2.182332992553711,2.2871670722961426,15978000
2015-01-05,1.9358707666397095,2.119999885559082,2.2249999046325684,2.114833116531372,2.185499906539917,12648000
2015-01-06,1.804073691368103,1.9756669998168945,2.125,1.9571670293807983,2.117500066757202,13386000
2015-01-07,1.8587104082107544,2.0355000495910645,2.063667058944702,1.9769999980926514,2.0103330612182617,8574000
2015-01-08,2.025968074798584,2.2186670303344727,2.2618329524993896,2.0999999046325684,2.1166670322418213,13884000
2015-01-09,2.030991315841675,2.2241671085357666,2.252500057220459,2.137500047683716,2.245832920074463,11070000
2015-01-12,1.908933401107788,2.0905001163482666,2.193666934967041,2.055666923522949,2.193666934967041,10962000
2015-01-13,1.8520140647888184,2.0281670093536377,2.2135000228881836,1.9963330030441284,2.13700008392334,12708000
2015-01-14,1.8223367929458618,1.9956669807434082,2.056166887283325,1.933500051498413,1.9620000123977661,9324000
2015-01-15,1.7778966426849365,1.9470000267028809,2.0748329162597656,1.9416669607162476,2.0343329906463623,6774000
2015-01-16,1.838620901107788,2.0134999752044678,2.0209999084472656,1.9033329486846924,1.9290000200271606,8616000
2015-01-20,1.8967586755752563,2.07716703414917,2.0989999771118164,1.9971669912338257,2.0299999713897705,9438000
2015-01-21,1.9590035676956177,2.1453330516815186,2.1714999675750732,2.0356669425964355,2.060167074203491,9642000
2015-01-22,1.9958343505859375,2.185667037963867,2.19083309173584,2.0183329582214355,2.1516671180725098,12336000
2015-01-23,1.9783321619033813,2.1665000915527344,2.200000047683716,2.129333019256592,2.1611669063568115,9594000
2015-01-26,1.9990304708480835,2.189167022705078,2.192667007446289,2.1034998893737793,2.1641669273376465,6576000
2015-01-27,1.884125828742981,2.063333034515381,2.125,2.0203330516815186,2.0999999046325684,15486000
2015-01-28,1.8559706211090088,2.0325000286102295,2.198167085647583,2.0298330783843994,2.1333329677581787,13218000
2015-01-29,1.8612967729568481,2.038332939147949,2.060667037963867,1.9241670370101929,2.002000093460083,15474000
2015-01-30,1.746849536895752,1.9129999876022339,2.048332929611206,1.9083329439163208,1.9843330383300781,10230000
2015-02-02,1.7628297805786133,1.9305000305175781,1.9433330297470093,1.805999994277954,1.9320000410079956,14562000
2015-02-03,1.8579493761062622,2.0346670150756836,2.0378329753875732,1.9453330039978027,1.9594999551773071,10800000
2015-02-04,1.88016939163208,2.059000015258789,2.1010000705718994,2.003833055496216,2.0203330516815186,8946000
2015-02-05,1.9316095113754272,2.115333080291748,2.117500066757202,2.052333116531372,2.069166898727417,6324000
2015-02-06,1.9023884534835815,2.0833330154418945,2.178499937057495,2.06516695022583,2.128499984741211,11220000
2015-02-09,1.8401432037353516,2.015166997909546,2.0738329887390137,2.0,2.04783296585083,6336000
2015-02-10,2.0265767574310303,2.2193329334259033,2.2208330631256104,2.075500011444092,2.0889999866485596,10446000
2015-02-11,2.046971082687378,2.2416670322418213,2.266666889190674,2.1538329124450684,2.2163329124450684,9228000
2015-02-12,2.1457419395446777,2.3498330116271973,2.3499999046325684,2.266166925430298,2.2831668853759766,8820000
2015-02-13,2.191399574279785,2.3998329639434814,2.4189999103546143,2.3359999656677246,2.3889999389648438,8976000
2015-02-17,2.213315010070801,2.423832893371582,2.429500102996826,2.373667001724243,2.4006669521331787,5856000
2015-02-18,2.1915524005889893,2.4000000953674316,2.4216670989990234,2.373332977294922,2.4166669845581055,5652000
2015-02-19,2.211641788482666,2.421999931335449,2.443000078201294,2.376832962036133,2.3838329315185547,5124000
2015-02-20,2.2510592937469482,2.4651670455932617,2.4679999351501465,2.3823330402374268,2.4038329124450684,6198000
2015-02-23,2.2063148021698,2.4161670207977295,2.4648330211639404,2.390500068664551,2.4631669521331787,5010000
2015-02-24,2.2956502437591553,2.5139999389648438,2.5173330307006836,2.368666887283325,2.4075000286102295,8376000
2015-02-25,2.257146120071411,2.4718329906463623,2.518167018890381,2.4523329734802246,2.5133330821990967,5766000
2015-02-26,2.3029563426971436,2.5220000743865967,2.545833110809326,2.483333110809326,2.505167007446289,6090000
2015-02-27,2.286367654800415,2.503833055496216,2.5446670055389404,2.4806671142578125,2.5274999141693115,4236000
2015-03-02,2.476301431655884,2.7118330001831055,2.7131669521331787,2.558666944503784,2.558666944503784,10602000
2015-03-03,2.333242416381836,2.5551669597625732,2.686167001724243,2.549999952316284,2.686167001724243,11424000
2015-03-04,2.329437494277954,2.5510001182556152,2.554332971572876,2.4593329429626465,2.5346670150756836,7704000
2015-03-05,2.3315677642822266,2.553333044052124,2.5971670150756836,2.5208330154418945,2.5886669158935547,5172000
2015-03-06,2.2612550258636475,2.476332902908325,2.5426669120788574,2.4528329372406006,2.5218329429626465,6402000
2015-03-09,2.281040668487549,2.497999906539917,2.5139999389648438,2.4626669883728027,2.4700000286102295,3822000
2015-03-10,2.152287244796753,2.3570001125335693,2.4623329639434814,2.3480000495910645,2.4428329467773438,10950000
2015-03-11,2.1703975200653076,2.376832962036133,2.448499917984009,2.373167037963867,2.387666940689087,5814000
2015-03-12,2.1676571369171143,2.373832941055298,2.374166965484619,2.2950000762939453,2.305500030517578,5214000
2015-03-13,2.2124013900756836,2.42283296585083,2.434000015258789,2.3421669006347656,2.389167070388794,5982000
2015-03-16,2.3098044395446777,2.5295000076293945,2.5336670875549316,2.44016695022583,2.44016695022583,6324000
2015-03-17,2.2606465816497803,2.4756669998168945,2.489500045776367,2.429500102996826,2.481832981109619,6150000
2015-03-18,2.3102610111236572,2.5299999713897705,2.567500114440918,2.378499984741211,2.475832939147949,8148000
2015-03-19,2.3271543979644775,2.5485000610351562,2.5673329830169678,2.509666919708252,2.5299999713897705,4704000
2015-03-20,2.429274559020996,2.6603329181671143,2.680833101272583,2.5906670093536377,2.607332944869995,6618000
2015-03-23,2.3612442016601562,2.5858330726623535,2.6681671142578125,2.5858330726623535,2.6601669788360596,6318000
2015-03-24,2.300825357437134,2.519666910171509,2.6050000190734863,2.5168330669403076,2.574167013168335,6552000
2015-03-25,1.9856369495391846,2.174499988555908,2.5291669368743896,2.1666669845581055,2.5291669368743896,21066000
2015-03-26,1.90375816822052,2.0848329067230225,2.125,1.9424999952316284,2.058332920074463,24066000
2015-03-27,2.0600593090057373,2.25600004196167,2.2828330993652344,2.068000078201294,2.072499990463257,16368000
2015-03-30,2.1458945274353027,2.3499999046325684,2.362333059310913,2.263000011444092,2.299999952316284,16764000
2015-03-31,2.0704076290130615,2.2673330307006836,2.3233330249786377,2.254667043685913,2.3071670532226562,6942000
2015-04-01,2.031447172164917,2.2246670722961426,2.253166913986206,2.1666669845581055,2.246500015258789,12366000
2015-04-02,2.0110528469085693,2.2023329734802246,2.2708330154418945,2.199666976928711,2.2296669483184814,10686000
2015-04-06,2.0398173332214355,2.233833074569702,2.249166965484619,2.108833074569702,2.1363329887390137,8514000
2015-04-07,2.044992208480835,2.239500045776367,2.2966670989990234,2.2251670360565186,2.250333070755005,5790000
2015-04-08,2.0818216800689697,2.2798330783843994,2.299833059310913,2.2200000286102295,2.2265000343322754,3948000
2015-04-09,2.1626358032226562,2.368333101272583,2.374332904815674,2.2413330078125,2.2413330078125,7356000
2015-04-10,2.1868338584899902,2.3948330879211426,2.3948330879211426,2.3566670417785645,2.381999969482422,4248000
2015-04-13,2.1443729400634766,2.3483328819274902,2.433000087738037,2.3426671028137207,2.3948330879211426,7758000
2015-04-14,2.0818216800689697,2.2798330783843994,2.368000030517578,2.2548329830169678,2.368000030517578,8010000
2015-04-15,2.1869864463806152,2.3949999809265137,2.4151670932769775,2.302833080291748,2.3363330364227295,8970000
2015-04-16,2.1594395637512207,2.364833116531372,2.378999948501587,2.319499969482422,2.3333330154418945,3702000
2015-04-17,2.0669074058532715,2.2634999752044678,2.312833070755005,2.228332996368408,2.312833070755005,9108000
2015-04-20,2.1174352169036865,2.318833112716675,2.3464999198913574,2.2915000915527344,2.299499988555908,4416000
2015-04-21,2.163701057434082,2.369499921798706,2.4166669845581055,2.3421669006347656,2.3963329792022705,6054000
2015-04-22,2.253342628479004,2.4676671028137207,2.4719998836517334,2.358333110809326,2.399167060852051,9702000
2015-04-23,2.147568941116333,2.3518331050872803,2.3808329105377197,2.2871670722961426,2.3324999809265137,11388000
2015-04-24,2.0425565242767334,2.236833095550537,2.3459999561309814,2.194333076477051,2.3416669368743896,18216000
2015-04-27,2.063864231109619,2.260166883468628,2.325000047683716,2.2346670627593994,2.242500066757202,8376000
2015-04-28,2.066451072692871,2.263000011444092,2.2751669883728027,2.1666669845581055,2.241832971572876,4686000
2015-04-29,2.0317516326904297,2.2249999046325684,2.246166944503784,2.1558330059051514,2.240499973297119,7008000
2015-04-30,1.9853334426879883,2.1741669178009033,2.2360000610351562,2.125999927520752,2.2058329582214355,6360000
2015-05-01,2.1401119232177734,2.3436670303344727,2.3606669902801514,2.1958329677581787,2.1958329677581787,17382000
2015-05-04,2.126110315322876,2.3283329010009766,2.3803329467773438,2.309999942779541,2.3531670570373535,7014000
2015-05-05,1.9917255640029907,2.181166887283325,2.3071670532226562,2.1746668815612793,2.3071670532226562,11862000
2015-05-06,1.9842675924301147,2.1730000972747803,2.2284998893737793,2.124666929244995,2.201667070388794,9012000
2015-05-07,2.0510809421539307,2.246166944503784,2.25600004196167,2.193000078201294,2.193000078201294,7686000
2015-05-08,2.10982608795166,2.310499906539917,2.3385000228881836,2.2868330478668213,2.3001670837402344,10140000
2015-05-11,2.1104345321655273,2.311167001724243,2.3381669521331787,2.2820000648498535,2.304832935333252,7164000
2015-05-12,2.0599069595336914,2.2558329105377197,2.2911670207977295,2.2184998989105225,2.2881669998168945,6732000
2015-05-13,2.0935416221618652,2.2926669120788574,2.3413329124450684,2.274167060852051,2.2780001163482666,5100000
2015-05-14,2.170854091644287,2.377332925796509,2.4028329849243164,2.314500093460083,2.3413329124450684,10308000
2015-05-15,2.181506872177124,2.3889999389648438,2.4166669845581055,2.3534998893737793,2.4000000953674316,4164000
2015-05-18,2.2399487495422363,2.453000068664551,2.4608330726623535,2.379667043685913,2.379667043685913,6348000
2015-05-19,2.219555616378784,2.430666923522949,2.506833076477051,2.4035000801086426,2.4801669120788574,6744000
2015-05-20,2.231121301651001,2.4433329105377197,2.5,2.4159998893737793,2.454667091369629,2923500
2015-05-21,2.264604330062866,2.4800000190734863,2.493333101272583,2.4040000438690186,2.436666965484619,2389500
2015-05-22,2.281040668487549,2.497999906539917,2.5233330726623535,2.4806671142578125,2.487333059310913,2566500
2015-05-26,2.2317304611206055,2.444000005722046,2.4913330078125,2.4046669006347656,2.4733328819274902,4063500
2015-05-27,2.492280960083008,2.72933292388916,2.752000093460083,2.456666946411133,2.4619998931884766,13917000
2015-05-28,2.4989781379699707,2.7366669178009033,2.7806670665740967,2.6826670169830322,2.73533296585083,6607500
2015-05-29,2.5208942890167236,2.760667085647583,2.8006670475006104,2.7300000190734863,2.75333309173584,5224500
2015-06-01,2.5324602127075195,2.7733330726623535,2.830667018890381,2.731333017349243,2.807332992553711,6366000
2015-06-02,2.442972183227539,2.675333023071289,2.749332904815674,2.6666669845581055,2.749332904815674,5436000
2015-06-03,2.394270420074463,2.621999979019165,2.7273330688476562,2.619999885559082,2.7253329753875732,4191000
2015-06-04,2.3315677642822266,2.553333044052124,2.619333028793335,2.5306670665740967,2.5893330574035645,8517000
2015-06-05,2.3352203369140625,2.557332992553711,2.5733330249786377,2.4806671142578125,2.5466670989990234,6295500
2015-06-08,2.2067716121673584,2.4166669845581055,2.560667037963867,2.3919999599456787,2.557332992553711,10593000
2015-06-09,2.195204734802246,2.4040000438690186,2.4246668815612793,2.3333330154418945,2.4073328971862793,10443000
2015-06-10,2.277388334274292,2.49399995803833,2.5213329792022705,2.433332920074463,2.4560000896453857,8491500
2015-06-11,2.2761709690093994,2.4926669597625732,2.5333330631256104,2.4860000610351562,2.5280001163482666,5124000
2015-06-12,2.2140769958496094,2.4246668815612793,2.4666669368743896,2.4146668910980225,2.4606668949127197,3468000
2015-06-15,2.1976397037506104,2.4066669940948486,2.4146668910980225,2.309999942779541,2.376667022705078,3541500
2015-06-16,2.220773220062256,2.431999921798706,2.447999954223633,2.376667022705078,2.384000062942505,3762000
2015-06-17,2.2256433963775635,2.437333106994629,2.4653329849243164,2.4079999923706055,2.450000047683716,4078500
2015-06-18,2.3200013637542725,2.5406670570373535,2.5733330249786377,2.458667039871216,2.458667039871216,7689000
2015-06-19,2.2993032932281494,2.5179998874664307,2.5673329830169678,2.4753329753875732,2.547333002090454,4377000
2015-06-22,2.3425252437591553,2.5653328895568848,2.5853331089019775,2.5273330211639404,2.563333034515381,4977000
2015-06-23,2.302347183227539,2.5213329792022705,2.5940001010894775,2.497999906539917,2.576667070388794,5640000
2015-06-24,2.234165668487549,2.446666955947876,2.5313329696655273,2.4433329105377197,2.512666940689087,4566000
2015-06-25,2.229294538497925,2.441333055496216,2.4886670112609863,2.419332981109619,2.4886670112609863,3018000
2015-06-26,2.0667545795440674,2.2633330821990967,2.381333112716675,2.2279999256134033,2.381333112716675,10182000
2015-06-29,1.8902137279510498,2.069999933242798,2.2173330783843994,2.064666986465454,2.1666669845581055,11571000
2015-06-30,1.9127379655838013,2.0946669578552246,2.1419999599456787,2.063999891281128,2.127332925796509,11799000
2015-07-01,1.92673921585083,2.109999895095825,2.191333055496216,2.0926671028137207,2.1726670265197754,10522500
2015-07-02,1.9504815340042114,2.135999917984009,2.1559998989105225,2.107332944869995,2.123332977294922,3387000
2015-07-06,1.8725600242614746,2.0506670475006104,2.135999917984009,2.0153329372406006,2.0933330059051514,8164500
2015-07-07,1.847599744796753,2.0233330726623535,2.047333002090454,1.8393330574035645,2.047333002090454,8449500
2015-07-08,1.712454080581665,1.8753329515457153,1.9833329916000366,1.8433330059051514,1.9413330554962158,7170000
2015-07-09,1.6308798789978027,1.7860000133514404,1.9739999771118164,1.7860000133514404,1.9666670560836792,11626500
2015-07-10,1.723412036895752,1.8873330354690552,1.9073330163955688,1.8466670513153076,1.8666670322418213,10768500
2015-07-13,1.7648086547851562,1.9326670169830322,1.9453330039978027,1.8926670551300049,1.9433330297470093,7369500
2015-07-14,1.825684666633606,1.9993330240249634,2.0086669921875,1.9533330202102661,1.9533330202102661,5853000
2015-07-15,1.7885504961013794,1.9586670398712158,2.0113329887390137,1.9320000410079956,2.0113329887390137,8317500
2015-07-16,1.8001161813735962,1.9713330268859863,2.006666898727417,1.9160000085830688,2.006666898727417,9607500
2015-07-17,1.7848976850509644,1.9546669721603394,1.963333010673523,1.9093329906463623,1.9520000219345093,5380500
2015-07-20,1.748372197151184,1.914667010307312,1.9900000095367432,1.9133330583572388,1.9753329753875732,4542000
2015-07-21,1.753242015838623,1.9199999570846558,1.9700000286102295,1.9019999504089355,1.9019999504089355,6831000
2015-07-22,1.62357497215271,1.777999997138977,1.7940000295639038,1.713333010673523,1.7940000295639038,14968500
2015-07-23,1.6948004961013794,1.8559999465942383,1.9166669845581055,1.8086669445037842,1.8086669445037842,8224500
2015-07-24,1.5925278663635254,1.74399995803833,1.8946670293807983,1.7366670370101929,1.8946670293807983,7174500
2015-07-27,1.5547847747802734,1.702666997909546,1.7393330335617065,1.6466670036315918,1.718000054359436,9583500
2015-07-28,1.651578664779663,1.8086669445037842,1.8426669836044312,1.6906670331954956,1.730666995048523,12343500
2015-07-29,1.6601005792617798,1.8179999589920044,1.8279999494552612,1.7566670179367065,1.8086669445037842,9057000
2015-07-30,1.678972840309143,1.8386670351028442,1.8566670417785645,1.7740000486373901,1.8026670217514038,5058000
2015-07-31,1.619922399520874,1.7740000486373901,1.8466670513153076,1.7640000581741333,1.8420000076293945,5568000
2015-08-03,1.6040948629379272,1.7566670179367065,1.7786669731140137,1.7273329496383667,1.7619999647140503,3805500
2015-08-04,1.5505229234695435,1.6979999542236328,1.7506669759750366,1.6640000343322754,1.7400000095367432,6415500
2015-08-05,1.6083557605743408,1.7613329887390137,1.7979999780654907,1.718000054359436,1.718000054359436,7600500
2015-08-06,1.5243457555770874,1.6693329811096191,1.7666670083999634,1.6273330450057983,1.7666670083999634,7930500
2015-08-07,1.5493059158325195,1.696666955947876,1.7013330459594727,1.6466670036315918,1.6666669845581055,6246000
2015-08-10,1.6655796766281128,1.8240000009536743,1.8306670188903809,1.7333329916000366,1.7333329916000366,8170500
2015-08-11,1.5523498058319092,1.7000000476837158,1.7879999876022339,1.675333023071289,1.7879999876022339,7215000
2015-08-12,1.578526496887207,1.7286670207977295,1.7533329725265503,1.598667025566101,1.6493330001831055,9519000
2015-08-13,1.530434012413025,1.6759999990463257,1.7519999742507935,1.6759999990463257,1.7286670207977295,7285500
2015-08-14,1.5036486387252808,1.6466670036315918,1.6720000505447388,1.6153329610824585,1.6619999408721924,5598000
2015-08-17,1.5486968755722046,1.6959999799728394,1.6959999799728394,1.600000023841858,1.621999979019165,4459500
2015-08-18,1.453120470046997,1.591333031654358,1.692667007446289,1.5833330154418945,1.692667007446289,8851500
2015-08-19,1.412333607673645,1.5466669797897339,1.6019999980926514,1.5153330564498901,1.5959999561309814,7707000
2015-08-20,1.2552731037139893,1.3746670484542847,1.5066670179367065,1.3733329772949219,1.5066670179367065,13956000
2015-08-21,1.1663923263549805,1.2773330211639404,1.3819999694824219,1.2606669664382935,1.3226670026779175,12129000
2015-08-24,1.0769044160842896,1.179332971572876,1.340000033378601,1.003999948501587,1.0213329792022705,29239500
2015-08-25,1.0415959358215332,1.1406669616699219,1.3240000009536743,1.1406669616699219,1.3066669702529907,14115000
2015-08-26,1.196221947669983,1.309999942779541,1.314666986465454,1.1779999732971191,1.2519999742507935,21187500
2015-08-27,1.3307586908340454,1.457332968711853,1.4620000123977661,1.3726669549942017,1.3799999952316284,24174000
2015-08-28,1.3563271760940552,1.48533296585083,1.4906669855117798,1.4259999990463257,1.4259999990463257,10723500
2015-08-31,1.339890480041504,1.4673329591751099,1.5140000581741333,1.425333023071289,1.446666955947876,9834000
2015-09-01,1.2017014026641846,1.315999984741211,1.425333023071289,1.2913329601287842,1.3466670513153076,13606500
2015-09-02,1.286319613456726,1.408666968345642,1.408666968345642,1.335332989692688,1.3813329935073853,5200500
2015-09-03,1.3161485195159912,1.4413330554962158,1.4966670274734497,1.4286669492721558,1.4359999895095825,7801500
2015-09-04,1.2461410760879517,1.3646670579910278,1.4193329811096191,1.3480000495910645,1.3713330030441284,7768500
2015-09-08,1.4092893600463867,1.5433330535888672,1.5486669540405273,1.4566669464111328,1.4600000381469727,11443500
2015-09-09,1.335020661354065,1.4620000123977661,1.6206669807434082,1.4520000219345093,1.5886670351028442,17734500
2015-09-10,1.3538923263549805,1.4826669692993164,1.5219999551773071,1.4173330068588257,1.4600000381469727,8355000
2015-09-11,1.3532832860946655,1.4819999933242798,1.4866670370101929,1.4213329553604126,1.437999963760376,6459000
2015-09-14,1.3666765689849854,1.4966670274734497,1.5173330307006836,1.4773329496383667,1.5019999742507935,5242500
2015-09-15,1.4135510921478271,1.5479999780654907,1.5626670122146606,1.5099999904632568,1.5099999904632568,5133000
2015-09-16,1.4251177310943604,1.5606670379638672,1.5653330087661743,1.5113329887390137,1.5466669797897339,6328500
2015-09-17,1.3867655992507935,1.5186669826507568,1.5973329544067383,1.512666940689087,1.5606670379638672,10005000
2015-09-18,1.317366361618042,1.442667007446289,1.5013329982757568,1.4246670007705688,1.4559999704360962,9004500
2015-09-21,1.3039733171463013,1.4279999732971191,1.4846669435501099,1.4093329906463623,1.4666670560836792,7872000
2015-09-22,1.218746542930603,1.3346669673919678,1.3706669807434082,1.3173329830169678,1.3519999980926514,10623000
2015-09-23,1.190743327140808,1.3040000200271606,1.3580000400543213,1.3006670475006104,1.3386670351028442,5457000
2015-09-24,1.1858733892440796,1.2986669540405273,1.3240000009536743,1.1959999799728394,1.2699999809265137,11694000
2015-09-25,1.2041367292404175,1.3186670541763306,1.378000020980835,1.281999945640564,1.352666974067688,14334000
2015-09-28,1.1036906242370605,1.2086670398712158,1.3173329830169678,1.2086670398712158,1.2906670570373535,19645500
2015-09-29,1.128040075302124,1.23533296585083,1.2686669826507568,1.1893329620361328,1.224666953086853,8577000
2015-09-30,1.2540544271469116,1.3733329772949219,1.3799999952316284,1.2906670570373535,1.2913329601287842,11164500
2015-10-01,1.2126585245132446,1.3279999494552612,1.3706669807434082,1.2566670179367065,1.3706669807434082,11292000
2015-10-02,1.2905805110931396,1.4133330583572388,1.4133330583572388,1.2713329792022705,1.2826670408248901,11044500
2015-10-05,1.3624149560928345,1.4919999837875366,1.5140000581741333,1.4359999895095825,1.4520000219345093,11214000
2015-10-06,1.3764164447784424,1.5073330402374268,1.5199999809265137,1.4266669750213623,1.5073330402374268,10017000
2015-10-07,1.4385099411010742,1.5753329992294312,1.5953329801559448,1.4900000095367432,1.542667031288147,13086000
2015-10-08,1.4652963876724243,1.6046669483184814,1.6053329706192017,1.5213329792022705,1.5579999685287476,10491000
2015-10-09,1.426335096359253,1.562000036239624,1.6119999885559082,1.5386669635772705,1.5959999561309814,9637500
2015-10-12,1.4324232339859009,1.5686670541763306,1.5766669511795044,1.5440000295639038,1.562000036239624,3466500
2015-10-13,1.3745896816253662,1.5053329467773438,1.559999942779541,1.504667043685913,1.5313329696655273,5832000
2015-10-14,1.52982497215271,1.675333023071289,1.7146669626235962,1.5186669826507568,1.5333329439163208,12873000
2015-10-15,1.5754823684692383,1.7253329753875732,1.7586669921875,1.6779999732971191,1.7126669883728027,7219500
2015-10-16,1.581570029258728,1.7319999933242798,1.7386670112609863,1.690000057220459,1.7333329916000366,3847500
2015-10-19,1.5809613466262817,1.7313330173492432,1.76466703414917,1.692667007446289,1.707332968711853,3388500
2015-10-20,1.5736560821533203,1.7233330011367798,1.7433329820632935,1.6979999542236328,1.7213330268859863,3612000
2015-10-21,1.582179069519043,1.7326669692993164,1.8320000171661377,1.7319999933242798,1.7799999713897705,7911000
2015-10-22,1.742892861366272,1.908666968345642,1.9220000505447388,1.807332992553711,1.807332992553711,9553500
2015-10-23,1.8110737800598145,1.9833329916000366,1.9986670017242432,1.9046670198440552,1.9686670303344727,12801000
2015-10-26,1.7027148008346558,1.8646670579910278,1.9593329429626465,1.8466670513153076,1.9566669464111328,7888500
2015-10-27,1.667405605316162,1.8259999752044678,1.8646670579910278,1.8126670122146606,1.8266669511795044,5899500
2015-10-28,1.7538506984710693,1.920667052268982,1.9220000505447388,1.8420000076293945,1.8606669902801514,7332000
2015-10-29,1.5998327732086182,1.7519999742507935,1.8113329410552979,1.7366670370101929,1.8053330183029175,7363500
2015-10-30,1.640620470046997,1.7966669797897339,1.8133330345153809,1.7633329629898071,1.7633329629898071,4933500
2015-11-02,1.6820162534713745,1.8420000076293945,1.850000023841858,1.8046669960021973,1.8140000104904175,4515000
2015-11-03,1.7069754600524902,1.869333028793335,1.8919999599456787,1.829332947731018,1.8366669416427612,3586500
2015-11-04,1.72523832321167,1.8893330097198486,1.899999976158142,1.8466670513153076,1.8753329515457153,4272000
2015-11-05,1.6174867153167725,1.7713329792022705,1.8673330545425415,1.7586669921875,1.8673330545425415,6928500
2015-11-06,1.7392407655715942,1.9046670198440552,1.909999966621399,1.7993329763412476,1.7993329763412476,7741500
2015-11-09,1.6899304389953613,1.8506669998168945,1.8906669616699219,1.8226670026779175,1.8906669616699219,4533000
2015-11-10,1.5980067253112793,1.75,1.7999999523162842,1.7333329916000366,1.7920000553131104,6873000
2015-11-11,1.6016589403152466,1.753999948501587,1.812000036239624,1.75,1.7619999647140503,6765000
2015-11-12,1.5426088571548462,1.6893329620361328,1.7586669921875,1.6873329877853394,1.73533296585083,5874000
2015-11-13,1.4993867874145508,1.6419999599456787,1.7039999961853027,1.6213330030441284,1.6846669912338257,8245500
2015-11-16,1.5553929805755615,1.7033330202102661,1.7053329944610596,1.6380000114440918,1.6393330097198486,4926000
2015-11-17,1.585832118988037,1.7366670370101929,1.7760000228881836,1.7020000219345093,1.7053329944610596,5721000
2015-11-18,1.6327062845230103,1.7879999876022339,1.792667031288147,1.7053329944610596,1.7386670112609863,7293000
2015-11-19,1.644273281097412,1.8006670475006104,1.8473329544067383,1.7699999809265137,1.797333002090454,4227000
2015-11-20,1.6613175868988037,1.8193329572677612,1.8466670513153076,1.8020000457763672,1.8233330249786377,4059000
2015-11-23,1.594963550567627,1.7466670274734497,1.8226670026779175,1.7433329820632935,1.8226670026779175,4002000
2015-11-24,1.6564481258392334,1.8140000104904175,1.824666976928711,1.694000005722046,1.7333329916000366,6042000
2015-11-25,1.6607098579406738,1.8186670541763306,1.8466670513153076,1.7960000038146973,1.8226670026779175,2290500
2015-11-27,1.6978440284729004,1.8593330383300781,1.8639999628067017,1.8279999494552612,1.835332989692688,1800000
2015-11-30,1.7495893239974976,1.9160000085830688,1.9193329811096191,1.8553329706192017,1.8660000562667847,4113000
2015-12-01,1.8177711963653564,1.9906669855117798,1.99399995803833,1.9273329973220825,1.9273329973220825,8346000
2015-12-02,1.7922028303146362,1.9626669883728027,2.0299999713897705,1.952666997909546,2.001332998275757,9337500
2015-12-03,1.7587205171585083,1.9259999990463257,2.049999952316284,1.897333025932312,2.0313329696655273,6945000
2015-12-04,1.856123447418213,2.0326669216156006,2.0446670055389404,1.909999966621399,1.9413330554962158,6492000
2015-12-07,1.8031606674194336,1.974666953086853,2.0213329792022705,1.9666670560836792,2.0213329792022705,3729000
2015-12-08,1.7593297958374023,1.9266669750213623,1.9459999799728394,1.8706669807434082,1.8933329582214355,6631500
2015-12-09,1.6893212795257568,1.850000023841858,1.935333013534546,1.8253329992294312,1.9106669425964355,6715500
2015-12-10,1.7185419797897339,1.8819999694824219,1.925333023071289,1.850000023841858,1.8513330221176147,5155500
2015-12-11,1.6174867153167725,1.7713329792022705,1.8426669836044312,1.762666940689087,1.8273329734802246,7531500
2015-12-14,1.5864402055740356,1.737333059310913,1.7906670570373535,1.684000015258789,1.7686669826507568,8115000
2015-12-15,1.6594918966293335,1.8173329830169678,1.8386670351028442,1.7633329629898071,1.7740000486373901,5202000
2015-12-16,1.6978440284729004,1.8593330383300781,1.8706669807434082,1.7719999551773071,1.835332989692688,5487000
2015-12-17,1.622965931892395,1.7773330211639404,1.9106669425964355,1.7773330211639404,1.8899999856948853,5890500
2015-12-18,1.5657424926757812,1.7146669626235962,1.7666670083999634,1.7066669464111328,1.7400000095367432,5401500
2015-12-21,1.652795433998108,1.809999942779541,1.8106670379638672,1.7446670532226562,1.7580000162124634,3751500
2015-12-22,1.6588836908340454,1.8166669607162476,1.835332989692688,1.773332953453064,1.8320000171661377,2517000
2015-12-23,1.6948004961013794,1.8559999465942383,1.8580000400543213,1.809999942779541,1.8320000171661377,3277500
2015-12-24,1.712454080581665,1.8753329515457153,1.8940000534057617,1.8433330059051514,1.8473329544067383,1558500
2015-12-28,1.6923648118972778,1.8533329963684082,1.8533329963684082,1.7960000038146973,1.8533329963684082,3654000
2015-12-29,1.7538506984710693,1.920667052268982,1.9420000314712524,1.8673330545425415,1.8899999856948853,5613000
2015-12-30,1.6996698379516602,1.8613330125808716,1.9286669492721558,1.8593330383300781,1.909999966621399,3543000
2015-12-31,1.6296627521514893,1.7846670150756836,1.8459999561309814,1.7846670150756836,1.8373329639434814,2239500
2016-01-04,1.5742652416229248,1.7239999771118164,1.7253329753875732,1.6486669778823853,1.6826670169830322,6852000
2016-01-05,1.5255643129348755,1.670667052268982,1.745332956314087,1.6660000085830688,1.74399995803833,7008000
2016-01-06,1.4025933742523193,1.5360000133514404,1.5920000076293945,1.4913330078125,1.5893330574035645,8817000
2016-01-07,1.258925199508667,1.3786669969558716,1.4826669692993164,1.3680000305175781,1.4193329811096191,8475000
2016-01-08,1.196831464767456,1.3106670379638672,1.420667052268982,1.3066669702529907,1.4079999923706055,9717000
2016-01-11,1.2150945663452148,1.3306670188903809,1.3666670322418213,1.2766669988632202,1.3333330154418945,9301500
2016-01-12,1.2455319166183472,1.3639999628067017,1.401332974433899,1.307332992553711,1.378000020980835,8331000
2016-01-13,1.127432107925415,1.2346669435501099,1.3946670293807983,1.230666995048523,1.3666670322418213,6531000
2016-01-14,1.196831464767456,1.3106670379638672,1.3306670188903809,1.1979999542236328,1.2506669759750366,8373000
2016-01-15,1.0355082750320435,1.1339999437332153,1.1813329458236694,1.0806670188903809,1.1526670455932617,12220500
2016-01-19,1.0391608476638794,1.1380000114440918,1.2120000123977661,1.1073329448699951,1.1933330297470093,9246000
2016-01-20,1.0592501163482666,1.159999966621399,1.1953330039978027,1.0640000104904175,1.0933330059051514,11091000
2016-01-21,1.1030809879302979,1.2079999446868896,1.25600004196167,1.156000018119812,1.1920000314712524,13318500
2016-01-22,1.1676106452941895,1.2786669731140137,1.3040000200271606,1.254667043685913,1.2760000228881836,12348000
2016-01-25,1.1176917552947998,1.2239999771118164,1.2773330211639404,1.215999960899353,1.26466703414917,7657500
2016-01-26,1.1505646705627441,1.2599999904632568,1.2886669635772705,1.2213330268859863,1.2433329820632935,7986000
2016-01-27,1.1097773313522339,1.2153329849243164,1.2860000133514404,1.1959999799728394,1.2380000352859497,9180000
2016-01-28,1.1000375747680664,1.2046669721603394,1.2506669759750366,1.1779999732971191,1.245332956314087,6303000
2016-01-29,1.2485759258270264,1.3673330545425415,1.3700000047683716,1.224666953086853,1.224666953086853,11986500
2016-02-01,1.2674477100372314,1.3880000114440918,1.408666968345642,1.3266669511795044,1.3386670351028442,8037000
2016-02-02,1.1420422792434692,1.2506669759750366,1.3426669836044312,1.2366670370101929,1.3426669836044312,8760000
2016-02-03,1.1511739492416382,1.2606669664382935,1.2999999523162842,1.1826670169830322,1.2940000295639038,9664500
2016-02-04,1.2077890634536743,1.3226670026779175,1.3480000495910645,1.2573330402374268,1.2666670083999634,13746000
2016-02-05,1.0854275226593018,1.1886670589447021,1.3106670379638672,1.1713329553604126,1.3106670379638672,16936500
2016-02-08,1.0014177560806274,1.0966670513153076,1.1333329677581787,1.0433330535888672,1.1293330192565918,10143000
2016-02-09,0.9819367527961731,1.0753329992294312,1.1380000114440918,1.047333002090454,1.055999994277954,6549000
2016-02-10,0.9606302976608276,1.0520000457763672,1.1353329420089722,1.0506670475006104,1.113332986831665,13690500
2016-02-11,0.938714861869812,1.027999997138977,1.047333002090454,0.9886670112609863,1.0,18111000
2016-02-12,1.0008090734481812,1.0959999561309814,1.1006669998168945,1.019333004951477,1.0800000429153442,14359500
2016-02-16,1.1067335605621338,1.2120000123977661,1.230666995048523,1.1293330192565918,1.1446670293807983,19578000
2016-02-17,1.1858733892440796,1.2986669540405273,1.3066669702529907,1.2313330173492432,1.237333059310913,18730500
2016-02-18,1.167001485824585,1.277999997138977,1.3306670188903809,1.275333046913147,1.3300000429153442,11878500
2016-02-19,1.1828291416168213,1.2953330278396606,1.3193329572677612,1.2699999809265137,1.2746670246124268,7744500
2016-02-22,1.2388361692428589,1.3566670417785645,1.3793330192565918,1.3380000591278076,1.3420000076293945,8479500
2016-02-23,1.1785682439804077,1.2906670570373535,1.3480000495910645,1.2853330373764038,1.3266669511795044,5545500
2016-02-24,1.227878212928772,1.3446669578552246,1.3533329963684082,1.2233330011367798,1.2466670274734497,14658000
2016-02-25,1.2753618955612183,1.3966670036315918,1.3980000019073486,1.312000036239624,1.3639999628067017,9294000
2016-02-26,1.2948417663574219,1.4179999828338623,1.4359999895095825,1.4006669521331787,1.4279999732971191,11154000
2016-02-29,1.2881460189819336,1.4106669425964355,1.4839999675750732,1.4106669425964355,1.440000057220459,15354000
2016-03-01,1.3952882289886475,1.527999997138977,1.5293329954147339,1.440000057220459,1.463333010673523,12424500
2016-03-02,1.4190301895141602,1.5540000200271606,1.5546669960021973,1.5113329887390137,1.5306669473648071,8562000
2016-03-03,1.4220737218856812,1.557332992553711,1.5666669607162476,1.5246670246124268,1.553333044052124,9262500
2016-03-04,1.4671227931976318,1.6066670417785645,1.6453330516815186,1.5553330183029175,1.591333031654358,17245500
2016-03-07,1.4835593700408936,1.6246670484542847,1.6460000276565552,1.557332992553711,1.5693329572677612,13198500
2016-03-08,1.3825042247772217,1.5140000581741333,1.590000033378601,1.5093330144882202,1.585332989692688,13114500
2016-03-09,1.4165946245193481,1.551332950592041,1.5633330345153809,1.51466703414917,1.5353330373764038,10950000
2016-03-10,1.4354668855667114,1.5720000267028809,1.6166670322418213,1.5080000162124634,1.5759999752044678,10504500
2016-03-11,1.5206935405731201,1.6653330326080322,1.6660000085830688,1.6139999628067017,1.6180000305175781,10131000
2016-03-14,1.5030393600463867,1.6460000276565552,1.6679999828338623,1.628000020980835,1.6540000438690186,10215000
2016-03-15,1.4945170879364014,1.636667013168335,1.636667013168335,1.5959999561309814,1.6293330192565918,10891500
2016-03-16,1.535913109779358,1.6820000410079956,1.6886670589447021,1.6073329448699951,1.6239999532699585,12388500
2016-03-17,1.5693951845169067,1.7186670303344727,1.7286670207977295,1.659999966621399,1.6740000247955322,10372500
2016-03-18,1.6320974826812744,1.7873330116271973,1.7906670570373535,1.713333010673523,1.7293330430984497,9391500
2016-03-21,1.640011191368103,1.7960000038146973,1.797333002090454,1.7446670532226562,1.7666670083999634,6912000
2016-03-22,1.6357499361038208,1.7913329601287842,1.8086669445037842,1.7519999742507935,1.775333046913147,6469500
2016-03-23,1.5700030326843262,1.7193330526351929,1.7833329439163208,1.7166670560836792,1.781999945640564,7260000
2016-03-24,1.5663504600524902,1.7153329849243164,1.7166670560836792,1.658666968345642,1.6806670427322388,10165500
2016-03-28,1.5645241737365723,1.713333010673523,1.7433329820632935,1.690000057220459,1.7433329820632935,8259000
2016-03-29,1.6241836547851562,1.7786669731140137,1.7879999876022339,1.6660000085830688,1.6959999799728394,8484000
2016-03-30,1.6728849411010742,1.8320000171661377,1.863332986831665,1.8079999685287476,1.812000036239624,8788500
2016-03-31,1.644273281097412,1.8006670475006104,1.8273329734802246,1.797333002090454,1.8153330087661743,6111000
2016-04-01,1.676537275314331,1.8359999656677246,1.8373329639434814,1.7419999837875366,1.7746670246124268,8401500
2016-04-04,1.6302711963653564,1.7853330373764038,1.8380000591278076,1.7766669988632202,1.8359999656677246,6859500
2016-04-05,1.6010502576828003,1.7533329725265503,1.7933330535888672,1.726667046546936,1.7419999837875366,4804500
2016-04-06,1.6497524976730347,1.8066669702529907,1.8113329410552979,1.7066669464111328,1.7513329982757568,7842000
2016-04-07,1.5724388360977173,1.722000002861023,1.786666989326477,1.7046669721603394,1.7786669731140137,4113000
2016-04-08,1.59618079662323,1.7480000257492065,1.7966669797897339,1.730666995048523,1.7726670503616333,5931000
2016-04-11,1.5937449932098389,1.745332956314087,1.824666976928711,1.745332956314087,1.7760000228881836,4776000
2016-04-12,1.5888751745224,1.7400000095367432,1.7706669569015503,1.6720000505447388,1.7519999742507935,6948000
2016-04-13,1.6972357034683228,1.858667016029358,1.8613330125808716,1.7699999809265137,1.7746670246124268,8346000
2016-04-14,1.655839204788208,1.8133330345153809,1.8220000267028809,1.7580000162124634,1.8086669445037842,7392000
2016-04-15,1.6114001274108887,1.76466703414917,1.8173329830169678,1.7633329629898071,1.8173329830169678,4174500
2016-04-18,1.6138343811035156,1.7673330307006836,1.781999945640564,1.7333329916000366,1.7333329916000366,5779500
2016-04-19,1.5523498058319092,1.7000000476837158,1.784000039100647,1.6806670427322388,1.775333046913147,7656000
2016-04-20,1.5980067253112793,1.75,1.7740000486373901,1.6866669654846191,1.690000057220459,6774000
2016-04-21,1.5700030326843262,1.7193330526351929,1.7513329982757568,1.6953330039978027,1.7513329982757568,3598500
2016-04-22,1.578526496887207,1.7286670207977295,1.7746670246124268,1.687999963760376,1.7233330011367798,4846500
2016-04-25,1.549914002418518,1.6973329782485962,1.7406669855117798,1.685333013534546,1.7093329429626465,3564000
2016-04-26,1.6120078563690186,1.7653330564498901,1.8126670122146606,1.7259999513626099,1.7359999418258667,5229000
2016-04-27,1.6637533903121948,1.8220000267028809,1.8286670446395874,1.7086670398712158,1.7146669626235962,7045500
2016-04-28,1.52982497215271,1.675333023071289,1.820667028427124,1.6640000343322754,1.784000039100647,8776500
2016-04-29,1.412333607673645,1.5466669797897339,1.6606669425964355,1.50600004196167,1.6606669425964355,10438500
2016-05-02,1.4415550231933594,1.5786670446395874,1.585332989692688,1.5213329792022705,1.5526670217514038,4453500
2016-05-03,1.39346182346344,1.5260000228881836,1.5546669960021973,1.503999948501587,1.536666989326477,4360500
2016-05-04,1.3435430526733398,1.4713330268859863,1.523332953453064,1.457332968711853,1.4866670370101929,4780500
2016-05-05,1.3538923263549805,1.4826669692993164,1.5273330211639404,1.4686670303344727,1.5140000581741333,5563500
2016-05-06,1.3593716621398926,1.4886670112609863,1.4893330335617065,1.4286669492721558,1.4686670303344727,3399000
2016-05-09,1.3532832860946655,1.4819999933242798,1.523332953453064,1.4713330268859863,1.4946670532226562,3502500
2016-05-10,1.4038105010986328,1.5373330116271973,1.5386669635772705,1.4706670045852661,1.49733304977417,4980000
2016-05-11,1.3910266160964966,1.523332953453064,1.5673329830169678,1.5206669569015503,1.527999997138977,7488000
2016-05-12,1.317366361618042,1.442667007446289,1.5433330535888672,1.4066669940948486,1.5406670570373535,8350500
2016-05-13,1.3331942558288574,1.4600000381469727,1.49399995803833,1.4459999799728394,1.4479999542236328,6027000
2016-05-16,1.3952882289886475,1.527999997138977,1.5593329668045044,1.468000054359436,1.4693330526351929,8338500
2016-05-17,1.367893934249878,1.4980000257492065,1.5486669540405273,1.4866670370101929,1.5266669988632202,4624500
2016-05-18,1.4342494010925293,1.570667028427124,1.6093330383300781,1.4693330526351929,1.4693330526351929,10564500
2016-05-19,1.4062458276748657,1.5399999618530273,1.5826669931411743,1.5019999742507935,1.5520000457763672,5457000
2016-05-20,1.537130355834961,1.6833330392837524,1.6873329877853394,1.6013330221176147,1.6160000562667847,9211500
2016-05-23,1.5706123113632202,1.7200000286102295,1.7653330564498901,1.7106670141220093,1.7313330173492432,6511500
2016-05-24,1.6844515800476074,1.8446669578552246,1.8493330478668213,1.75,1.7599999904632568,9954000
2016-05-25,1.714280605316162,1.8773330450057983,1.8899999856948853,1.8333330154418945,1.8733329772949219,10669500
2016-05-26,1.7313263416290283,1.8960000276565552,1.9079999923706055,1.8700000047683716,1.8986669778823853,4302000
2016-05-27,1.7629822492599487,1.9306670427322388,1.940000057220459,1.8960000276565552,1.8960000276565552,3603000
2016-05-31,1.791594386100769,1.9620000123977661,1.968000054359436,1.9240000247955322,1.946666955947876,4935000
2016-06-01,1.8226408958435059,1.996000051498413,2.000667095184326,1.935333013534546,1.9626669883728027,4663500
2016-06-02,1.8214236497879028,1.9946670532226562,1.9946670532226562,1.957332968711853,1.974666953086853,3682500
2016-06-03,1.8384681940078735,2.0133330821990967,2.053999900817871,1.976667046546936,2.0439999103546143,4863000
2016-06-06,1.8244668245315552,1.9980000257492065,2.0486669540405273,1.9866670370101929,2.0253329277038574,4572000
2016-06-07,1.8780388832092285,2.0566670894622803,2.0673329830169678,2.0239999294281006,2.0239999294281006,5604000
2016-06-08,1.8731679916381836,2.051332950592041,2.069333076477051,2.0346670150756836,2.0546669960021973,4368000
2016-06-09,1.880473017692566,2.059333086013794,2.062666893005371,1.9886670112609863,2.00600004196167,5599500
2016-06-10,1.7861149311065674,1.9559999704360962,1.99399995803833,1.935333013534546,1.99399995803833,5686500
2016-06-13,1.7617641687393188,1.929332971572876,1.99399995803833,1.9153330326080322,1.920667052268982,5010000
2016-06-14,1.7568944692611694,1.9240000247955322,1.9393329620361328,1.8713330030441284,1.9006669521331787,6199500
2016-06-15,1.7575033903121948,1.9246670007705688,1.9686670303344727,1.9160000085830688,1.9539999961853027,3606000
2016-06-16,1.7556768655776978,1.9226670265197754,1.9273329973220825,1.824666976928711,1.8553329706192017,7249500
2016-06-17,1.7118462324142456,1.8746670484542847,1.9266669750213623,1.8339999914169312,1.9126670360565186,3912000
2016-06-20,1.7696783542633057,1.937999963760376,2.0073330402374268,1.9346669912338257,1.9653329849243164,5973000
2016-06-21,1.787941336631775,1.9579999446868896,1.9700000286102295,1.9346669912338257,1.9673329591751099,2568000
2016-06-22,1.7800270318984985,1.9493329524993896,2.0133330821990967,1.944000005722046,1.9559999704360962,3489000
2016-06-23,1.9188252687454224,2.101332902908325,2.1026670932769775,2.0139999389648438,2.0306670665740967,5671500
2016-06-24,1.594963550567627,1.7466670274734497,1.9246670007705688,1.730666995048523,1.8166669607162476,11479500
2016-06-27,1.4050287008285522,1.5386669635772705,1.6846669912338257,1.5066670179367065,1.6846669912338257,11446500
2016-06-28,1.5176496505737305,1.6619999408721924,1.6713329553604126,1.6006669998168945,1.6119999885559082,14646000
2016-06-29,1.608964443206787,1.7619999647140503,1.7799999713897705,1.7020000219345093,1.7233330011367798,9870000
2016-06-30,1.6966264247894287,1.8580000400543213,1.8580000400543213,1.7553329467773438,1.7726670503616333,5794500
2016-07-01,1.6418377161026,1.7979999780654907,1.824666976928711,1.7893329858779907,1.8046669960021973,4080000
2016-07-05,1.5590459108352661,1.707332968711853,1.7613329887390137,1.6740000247955322,1.7606669664382935,4137000
2016-07-06,1.5657424926757812,1.7146669626235962,1.722000002861023,1.6206669807434082,1.6726670265197754,6273000
2016-07-07,1.622965931892395,1.7773330211639404,1.8140000104904175,1.7259999513626099,1.7259999513626099,6213000
2016-07-08,1.7593297958374023,1.9266669750213623,1.9286669492721558,1.8273329734802246,1.829332947731018,9957000
2016-07-11,1.817162036895752,1.9900000095367432,2.01466703414917,1.9646669626235962,1.968000054359436,9292500
2016-07-12,1.891431450843811,2.0713329315185547,2.0886669158935547,2.0366671085357666,2.041332960128784,6894000
2016-07-13,1.8963021039962769,2.076667070388794,2.1146669387817383,2.0653328895568848,2.0933330059051514,5205000
2016-07-14,1.9376977682113647,2.121999979019165,2.140000104904175,2.0820000171661377,2.134000062942505,6063000
2016-07-15,1.9334355592727661,2.117332935333252,2.129333019256592,2.0933330059051514,2.124666929244995,4302000
2016-07-18,2.020489454269409,2.2126669883728027,2.2233328819274902,2.179332971572876,2.181333065032959,5875500
2016-07-19,1.9967480897903442,2.186666965484619,2.2060000896453857,2.1686670780181885,2.198667049407959,3187500
2016-07-20,2.09293270111084,2.2920000553131104,2.310667037963867,2.2060000896453857,2.2113330364227295,6294000
2016-07-21,2.049100875854492,2.24399995803833,2.303999900817871,2.2160000801086426,2.2946670055389404,5059500
2016-07-22,2.0813653469085693,2.2793331146240234,2.2806670665740967,2.180666923522949,2.22933292388916,5407500
2016-07-25,2.1148481369018555,2.315999984741211,2.330667018890381,2.2853329181671143,2.2853329181671143,4806000
2016-07-26,2.37296462059021,2.5986669063568115,2.618666887283325,2.382667064666748,2.382667064666748,15642000
2016-07-27,2.358354330062866,2.582667112350464,2.6606669425964355,2.5353329181671143,2.6566669940948486,8205000
2016-07-28,2.3212194442749023,2.5420000553131104,2.5959999561309814,2.504667043685913,2.5333330631256104,5161500
2016-07-29,2.2859110832214355,2.50333309173584,2.562000036239624,2.4746670722961426,2.5446670055389404,5205000
2016-08-01,2.298086166381836,2.516666889190674,2.5446670055389404,2.4886670112609863,2.5366671085357666,3016500
2016-08-02,2.187899112701416,2.3959999084472656,2.501332998275757,2.355333089828491,2.501332998275757,7983000
2016-08-03,2.2031192779541016,2.4126670360565186,2.4126670360565186,2.3540000915527344,2.3540000915527344,4182000
2016-08-04,2.2603421211242676,2.4753329753875732,2.4773330688476562,2.413332939147949,2.430666923522949,5209500
2016-08-05,2.3467869758605957,2.569999933242798,2.5759999752044678,2.509999990463257,2.5220000743865967,5161500
2016-08-08,2.3370471000671387,2.559333086013794,2.614000082015991,2.547333002090454,2.5940001010894775,3063000
2016-08-09,2.3973145484924316,2.625333070755005,2.648667097091675,2.574666976928711,2.5753331184387207,3786000
2016-08-10,2.341917037963867,2.564666986465454,2.6373329162597656,2.5360000133514404,2.6353330612182617,5244000
2016-08-11,2.3753983974456787,2.601332902908325,2.609999895095825,2.5566670894622803,2.5833330154418945,2359500
2016-08-12,2.4058380126953125,2.634666919708252,2.6526670455932617,2.5999999046325684,2.5999999046325684,4086000
2016-08-15,2.505674123764038,2.74399995803833,2.762666940689087,2.6566669940948486,2.6593329906463623,4903500
2016-08-16,2.4521028995513916,2.685333013534546,2.740000009536743,2.675333023071289,2.740000009536743,2446500
2016-08-17,2.4508867263793945,2.684000015258789,2.694000005722046,2.640000104904175,2.694000005722046,3484500
2016-08-18,2.50506591796875,2.743333101272583,2.743333101272583,2.6706669330596924,2.6706669330596924,3172500
2016-08-19,2.570204019546509,2.814666986465454,2.8333330154418945,2.7446670532226562,2.75266695022583,4912500
2016-08-22,2.5732474327087402,2.818000078201294,2.8406670093536377,2.7826669216156006,2.805999994277954,3501000
2016-08-23,2.614643096923828,2.863332986831665,2.8973329067230225,2.8546669483184814,2.857332944869995,4677000
2016-08-24,2.5470709800720215,2.7893331050872803,2.878667116165161,2.7639999389648438,2.863332986831665,4705500
2016-08-25,2.5781171321868896,2.8233330249786377,2.859333038330078,2.7613329887390137,2.8213329315185547,3475500
2016-08-26,2.61403489112854,2.8626670837402344,2.923332929611206,2.799999952316284,2.8413329124450684,3075000
2016-08-29,2.640820026397705,2.8919999599456787,2.927333116531372,2.879333019256592,2.879333019256592,5029500
2016-08-30,2.617687225341797,2.8666670322418213,2.9433329105377197,2.8433330059051514,2.8973329067230225,4834500
2016-08-31,2.619513750076294,2.868666887283325,2.881333112716675,2.822666883468628,2.871999979019165,2962500
2016-09-01,2.6883039474487305,2.944000005722046,2.944000005722046,2.828666925430298,2.874000072479248,5970000
2016-09-02,2.6736931800842285,2.927999973297119,2.9779999256134033,2.888667106628418,2.9779999256134033,4899000
2016-09-06,2.6511688232421875,2.9033329486846924,2.9766669273376465,2.861332893371582,2.9766669273376465,2661000
2016-09-07,2.5927278995513916,2.8393330574035645,2.9240000247955322,2.8253331184387207,2.9113330841064453,4519500
2016-09-08,2.5811619758605957,2.826667070388794,2.8473329544067383,2.7753329277038574,2.813333034515381,4620000
2016-09-09,2.296867847442627,2.5153329372406006,2.7633330821990967,2.501332998275757,2.7633330821990967,7638000
2016-09-12,2.434448719024658,2.6659998893737793,2.673332929611206,2.433332920074463,2.4606668949127197,7582500
2016-09-13,2.36383318901062,2.5886669158935547,2.692667007446289,2.552000045776367,2.620666980743408,4434000
2016-09-14,2.431405544281006,2.6626670360565186,2.680666923522949,2.564666986465454,2.5966670513153076,5754000
2016-09-15,2.5994253158569336,2.8466670513153076,2.861999988555908,2.6626670360565186,2.6760001182556152,11305500
2016-09-16,2.600641965866089,2.8480000495910645,2.925333023071289,2.7826669216156006,2.9200000762939453,5265000
2016-09-19,2.6134259700775146,2.861999988555908,2.9846670627593994,2.830667018890381,2.913332939147949,5494500
2016-09-20,2.580552816390991,2.8259999752044678,2.913332939147949,2.7986669540405273,2.9013330936431885,3736500
2016-09-21,2.681607484817505,2.936666965484619,2.947999954223633,2.8253331184387207,2.8626670837402344,3955500
2016-09-22,2.7126553058624268,2.9706668853759766,3.0253329277038574,2.941999912261963,2.9866669178009033,4545000
2016-09-23,2.6262102127075195,2.875999927520752,2.9646670818328857,2.863332986831665,2.9646670818328857,2404500
2016-09-26,2.544635772705078,2.7866671085357666,2.8413329124450684,2.75600004196167,2.826667070388794,2850000
2016-09-27,2.681607484817505,2.936666965484619,2.937333106994629,2.766666889190674,2.7799999713897705,4380000
2016-09-28,2.6992621421813965,2.9560000896453857,3.0,2.9000000953674316,2.954667091369629,4860000
2016-09-29,2.7984912395477295,3.064666986465454,3.118000030517578,2.859999895095825,2.9560000896453857,12943500
2016-09-30,2.9287662506103516,3.2073330879211426,3.2660000324249268,3.125999927520752,3.131999969482422,7447500
2016-10-03,2.867889881134033,3.140666961669922,3.2726669311523438,3.125333070755005,3.2133328914642334,3537000
2016-10-04,2.8459746837615967,3.1166670322418213,3.2093329429626465,3.0833330154418945,3.191999912261963,4381500
2016-10-05,2.9123294353485107,3.189332962036133,3.25333309173584,3.132667064666748,3.146667003631592,3516000
2016-10-06,2.9628567695617676,3.2446670532226562,3.249332904815674,3.122667074203491,3.192667007446289,4366500
2016-10-07,2.9458112716674805,3.2260000705718994,3.2853329181671143,3.1413331031799316,3.2660000324249268,4740000
2016-10-10,2.9019806385040283,3.177999973297119,3.312666893005371,3.1760001182556152,3.2746670246124268,4125000
2016-10-11,2.7205684185028076,2.97933292388916,3.1653330326080322,2.8940000534057617,3.163332939147949,11005500
2016-10-12,2.6901302337646484,2.946000099182129,2.97933292388916,2.8606669902801514,2.97933292388916,4563000
2016-10-13,2.5927278995513916,2.8393330574035645,2.870666980743408,2.698667049407959,2.865333080291748,7308000
2016-10-14,2.6560394763946533,2.9086670875549316,3.006666898727417,2.898667097091675,2.9433329105377197,8758500
2016-10-17,2.610990285873413,2.859333038330078,2.946666955947876,2.8566670417785645,2.894666910171509,3201000
2016-10-18,2.706566572189331,2.9639999866485596,2.99666690826416,2.938667058944702,2.992000102996826,3852000
2016-10-19,2.666388511657715,2.9200000762939453,2.934000015258789,2.8393330574035645,2.884000062942505,4539000
2016-10-20,2.7236125469207764,2.9826669692993164,3.01200008392334,2.8519999980926514,2.9146668910980225,4458000
2016-10-21,2.7016968727111816,2.958667039871216,2.9693329334259033,2.873332977294922,2.9059998989105225,3619500
2016-10-24,2.8520612716674805,3.123332977294922,3.127332925796509,3.02066707611084,3.0266671180725098,4044000
2016-10-25,2.845365285873413,3.115999937057495,3.1573328971862793,3.0959999561309814,3.1513330936431885,4288500
2016-10-26,2.8289284706115723,3.0980000495910645,3.1559998989105225,3.041332960128784,3.0566670894622803,4497000
2016-10-27,2.791184902191162,3.0566670894622803,3.2160000801086426,3.0446670055389404,3.190666913986206,4950000
2016-10-28,2.7430927753448486,3.003999948501587,3.1493330001831055,2.990000009536743,3.064666986465454,5382000
2016-10-31,2.7863149642944336,3.051332950592041,3.0933330059051514,3.0353329181671143,3.063999891281128,2971500
2016-11-01,2.7077836990356445,2.9653329849243164,3.122667074203491,2.864000082015991,3.0773329734802246,5791500
2016-11-02,2.653604745864868,2.9059998989105225,3.0260000228881836,2.882667064666748,2.9746670722961426,6438000
2016-11-03,2.6359505653381348,2.886667013168335,2.9693329334259033,2.8586668968200684,2.9200000762939453,5181000
2016-11-04,2.5896835327148438,2.8359999656677246,2.9146668910980225,2.7753329277038574,2.8340001106262207,2907000
2016-11-07,2.813709020614624,3.0813329219818115,3.0846669673919678,2.9606668949127197,2.99733304977417,3789000
2016-11-08,2.831972360610962,3.101332902908325,3.1553330421447754,3.0239999294281006,3.086667060852051,4149000
2016-11-09,2.78692364692688,3.052000045776367,3.0833330154418945,2.8466670513153076,2.886667013168335,8143500
2016-11-10,2.612208843231201,2.8606669902801514,3.1706669330596924,2.768666982650757,3.121999979019165,11700000
2016-11-11,2.9068500995635986,3.183332920074463,3.198667049407959,2.9533329010009766,2.9560000896453857,8976000
2016-11-14,2.858149528503418,3.130000114440918,3.23533296585083,3.1046669483184814,3.200000047683716,3526500
2016-11-15,3.0231242179870605,3.310667037963867,3.3333330154418945,3.1459999084472656,3.185333013534546,5700000
2016-11-16,3.12783145904541,3.425333023071289,3.433332920074463,3.2860000133514404,3.2960000038146973,6178500
2016-11-17,3.2301037311553955,3.5373330116271973,3.5846669673919678,3.4033329486846924,3.52066707611084,4744500
2016-11-18,3.296459436416626,3.609999895095825,3.624666929244995,3.5139999389648438,3.555999994277954,3157500
2016-11-21,3.3402912616729736,3.6579999923706055,3.696000099182129,3.6046669483184814,3.640666961669922,4183500
2016-11-22,3.4742183685302734,3.8046669960021973,3.811332941055298,3.72933292388916,3.7633330821990967,5646000
2016-11-23,3.48822021484375,3.819999933242798,3.8380000591278076,3.747999906539917,3.791332960128784,3952500
2016-11-25,3.50283145904541,3.8359999656677246,3.8559999465942383,3.7846670150756836,3.8559999465942383,1351500
2016-11-28,3.4736099243164062,3.803999900817871,3.8526670932769775,3.7813329696655273,3.816667079925537,2221500
2016-11-29,3.4535210132598877,3.7820000648498535,3.8433330059051514,3.7246670722961426,3.7880001068115234,1993500
2016-11-30,3.3914272785186768,3.7139999866485596,3.801332950592041,3.7093329429626465,3.7873330116271973,1819500
2016-12-01,2.8898050785064697,3.1646668910980225,3.708667039871216,3.1046669483184814,3.700666904449463,10963500
2016-12-02,3.001816987991333,3.2873330116271973,3.3006670475006104,3.119999885559082,3.1519999504089355,6096000
2016-12-05,3.1113951206207275,3.4073328971862793,3.436666965484619,3.303999900817871,3.369999885559082,6199500
2016-12-06,3.2404537200927734,3.5486669540405273,3.558666944503784,3.440666913986206,3.441999912261963,4474500
2016-12-07,3.4456067085266113,3.7733330726623535,3.793333053588867,3.504667043685913,3.5333330631256104,6499500
2016-12-08,3.5338780879974365,3.869999885559082,3.930000066757202,3.7826669216156006,3.7826669216156006,7072500
2016-12-09,3.4894375801086426,3.8213329315185547,3.9860000610351562,3.7426669597625732,3.9800000190734863,5371500
2016-12-12,3.410299301147461,3.7346670627593994,3.7966670989990234,3.640666961669922,3.7746670246124268,3918000
2016-12-13,3.5253548622131348,3.8606669902801514,3.937333106994629,3.754667043685913,3.7866671085357666,6130500
2016-12-14,3.5174410343170166,3.8519999980926514,3.9260001182556152,3.811332941055298,3.8666670322418213,5143500
2016-12-15,3.7025063037872314,4.054666996002197,4.1046671867370605,3.877332925796509,3.888000011444092,7221000
2016-12-16,3.581969976425171,3.9226670265197754,4.1453328132629395,3.871999979019165,4.133333206176758,4263000
2016-12-19,3.6933743953704834,4.044666767120361,4.090000152587891,3.946666955947876,4.0,4107000
2016-12-20,3.796956777572632,3.9686670303344727,3.996000051498413,3.919332981109619,3.996000051498413,5374500
2016-12-21,3.796956777572632,3.9686670303344727,4.017333030700684,3.952666997909546,4.000667095184326,2376000
2016-12-22,3.858187675476074,4.03266716003418,4.128666877746582,3.9826669692993164,4.111332893371582,3078000
2016-12-23,3.915592670440674,4.092667102813721,4.0960001945495605,3.9946670532226562,4.006667137145996,1362000
2016-12-27,4.0584635734558105,4.242000102996826,4.265999794006348,4.099999904632568,4.104000091552734,4866000
2016-12-28,3.822469711303711,3.995332956314087,4.328000068664551,3.989332914352417,4.325333118438721,8050500
2016-12-29,3.8218331336975098,3.9946670532226562,3.99666690826416,3.868000030517578,3.9553329944610596,5998500
2016-12-30,3.6419661045074463,3.8066670894622803,4.097332954406738,3.7733330726623535,4.079999923706055,5214000
2017-01-03,3.6477065086364746,3.812666893005371,3.9773330688476562,3.7126669883728027,3.9086670875549316,6211500
2017-01-04,3.680873155593872,3.8473329544067383,3.8973329067230225,3.7906670570373535,3.864000082015991,3565500
2017-01-05,3.5794591903686523,3.7413330078125,3.9100000858306885,3.7226669788360596,3.857332944869995,3568500
2017-01-06,3.6655654907226562,3.8313329219818115,3.861332893371582,3.689332962036133,3.7673330307006836,4870500
2017-01-09,3.7835628986358643,3.954667091369629,4.000667095184326,3.865999937057495,3.8666670322418213,5397000
2017-01-10,3.8409671783447266,4.01466703414917,4.039332866668701,3.946000099182129,3.9533329010009766,3775500
2017-01-11,3.8773226737976074,4.052667140960693,4.052667140960693,3.9639999866485596,4.00266695022583,3205500
2017-01-12,3.7771849632263184,3.947999954223633,4.026000022888184,3.768666982650757,4.026000022888184,5007000
2017-01-13,3.8486201763153076,4.022666931152344,4.056000232696533,3.948667049407959,3.9600000381469727,4092000
2017-01-17,3.6636524200439453,3.8293330669403076,3.98533296585083,3.7906670570373535,3.98533296585083,4072500
2017-01-18,3.8167285919189453,3.989332914352417,3.99666690826416,3.8399999141693115,3.8406670093536377,3651000
2017-01-19,3.7644286155700684,3.9346671104431152,4.066667079925537,3.925333023071289,3.931999921798706,2694000
2017-01-20,3.910489559173584,4.0873332023620605,4.156667232513428,4.033999919891357,4.039999961853027,4134000
2017-01-23,3.833313226699829,4.006667137145996,4.065999984741211,3.9140000343322754,4.027332782745361,4033500
2017-01-24,4.06101655960083,4.244667053222656,4.25933313369751,4.051332950592041,4.051332950592041,4725000
2017-01-25,4.239604949951172,4.431333065032959,4.4593329429626465,4.313333034515381,4.409333229064941,5010000
2017-01-26,4.165618419647217,4.354000091552734,4.458000183105469,4.295332908630371,4.447999954223633,3685500
2017-01-27,4.323797702789307,4.5193328857421875,4.52066707611084,4.415999889373779,4.423999786376953,3610500
2017-01-30,4.254912853240967,4.447332859039307,4.452667236328125,4.278666973114014,4.449333190917969,7095000
2017-01-31,4.0890793800354,4.27400016784668,4.384666919708252,4.193333148956299,4.372666835784912,6417000
2017-02-01,4.283614635467529,4.477333068847656,4.489333152770996,4.3460001945495605,4.441332817077637,5668500
2017-02-02,4.272772312164307,4.466000080108643,4.516666889190674,4.311333179473877,4.386666774749756,4839000
2017-02-03,4.34675931930542,4.543333053588867,4.564667224884033,4.49066686630249,4.5279998779296875,2787000
2017-02-06,4.392045497894287,4.590666770935059,4.5980000495910645,4.48533296585083,4.575333118438721,4750500
2017-02-07,4.440518856048584,4.641333103179932,4.689332962036133,4.564000129699707,4.665999889373779,4060500
2017-02-08,4.4622063636779785,4.664000034332275,4.7220001220703125,4.592667102813721,4.693333148956299,3667500
2017-02-09,4.345483779907227,4.541999816894531,4.688666820526123,4.522666931152344,4.688666820526123,5070000
2017-02-10,4.335277557373047,4.531332969665527,4.638000011444092,4.395999908447266,4.638000011444092,5946000
2017-02-13,4.365894317626953,4.563333034515381,4.655333042144775,4.539332866668701,4.5793328285217285,4624500
2017-02-14,4.319971561431885,4.51533317565918,4.559999942779541,4.440667152404785,4.547332763671875,3199500
2017-02-15,4.427763938903809,4.627999782562256,4.642000198364258,4.488667011260986,4.539332866668701,3541500
2017-02-16,4.4443464279174805,4.6453328132629395,4.672667026519775,4.561333179473877,4.6433329582214355,2700000
2017-02-17,4.515781879425049,4.71999979019165,4.71999979019165,4.524666786193848,4.588666915893555,3577500
2017-02-21,4.709681034088135,4.922667026519775,4.924666881561279,4.787333011627197,4.812666893005371,4737000
2017-02-22,4.710318565368652,4.923333168029785,4.944666862487793,4.861999988555908,4.926000118255615,2751000
2017-02-23,4.476238250732422,4.678667068481445,4.888667106628418,4.585999965667725,4.874667167663574,7501500
2017-02-24,4.4685845375061035,4.6706671714782715,4.671999931335449,4.406000137329102,4.452000141143799,5176500
2017-02-27,4.597423076629639,4.805333137512207,4.810667037963867,4.642666816711426,4.679999828338623,3328500
2017-02-28,4.419471740722656,4.619332790374756,4.826666831970215,4.5879998207092285,4.826666831970215,4711500
2017-03-01,4.62676477432251,4.835999965667725,4.853332996368408,4.650000095367432,4.793333053588867,4848000
2017-03-02,4.4832539558410645,4.685999870300293,4.901332855224609,4.671999931335449,4.874000072479248,4126500
2017-03-03,4.474961280822754,4.677332878112793,4.700666904449463,4.5920000076293945,4.693333148956299,3142500
2017-03-06,4.4819793701171875,4.684667110443115,4.710000038146973,4.519999980926514,4.602666854858398,3381000
2017-03-07,4.51323127746582,4.71733283996582,4.808000087738037,4.618667125701904,4.658667087554932,4263000
2017-03-08,4.546398639678955,4.751999855041504,4.864666938781738,4.720666885375977,4.785333156585693,4267500
2017-03-09,4.568084716796875,4.774666786193848,4.800000190734863,4.6606669425964355,4.739333152770996,2389500
2017-03-10,4.7256269454956055,4.939332962036133,4.971333026885986,4.858666896820068,4.858666896820068,4827000
2017-03-13,4.835331439971924,5.053999900817871,5.057332992553711,4.957333087921143,4.9806671142578125,4614000
2017-03-14,4.790683746337891,5.007332801818848,5.010666847229004,4.880000114440918,5.004666805267334,4156500
2017-03-15,4.90676736831665,5.128666877746582,5.1539998054504395,4.953332901000977,5.043333053588867,4375500
2017-03-16,4.887633800506592,5.108666896820068,5.196000099182129,5.078000068664551,5.196000099182129,2938500
2017-03-17,4.914422512054443,5.136666774749756,5.168000221252441,5.098667144775391,5.156667232513428,2268000
2017-03-20,5.024127960205078,5.251333236694336,5.307332992553711,5.133333206176758,5.164000034332275,3282000
2017-03-21,4.674600601196289,4.886000156402588,5.326000213623047,4.853332996368408,5.317333221435547,8511000
2017-03-22,4.823851585388184,5.041999816894531,5.055333137512207,4.844666957855225,4.892666816711426,4558500
2017-03-23,4.786859035491943,5.00333309173584,5.073999881744385,4.962666988372803,5.039999961853027,3840000
2017-03-24,4.887633800506592,5.108666896820068,5.294000148773193,5.052667140960693,5.211999893188477,5841000
2017-03-27,4.913145542144775,5.135333061218262,5.171332836151123,4.898666858673096,4.939332962036133,7363500
2017-03-28,4.9622602462768555,5.186666965484619,5.242000102996826,5.090000152587891,5.165332794189453,4147500
2017-03-29,4.92080020904541,5.1433329582214355,5.186666965484619,5.099999904632568,5.186666965484619,3456000
2017-03-30,5.0049920082092285,5.231332778930664,5.25933313369751,5.134666919708252,5.134666919708252,5355000
2017-03-31,4.995425224304199,5.221333026885986,5.300000190734863,5.1666669845581055,5.24399995803833,3334500
2017-04-03,4.908681869506836,5.130667209625244,5.2733330726623535,5.026000022888184,5.251333236694336,4821000
2017-04-04,4.833418846130371,5.052000045776367,5.150000095367432,5.000667095184326,5.035333156585693,3976500
2017-04-05,4.728816032409668,4.942667007446289,5.193333148956299,4.933332920074463,5.108666896820068,5608500
2017-04-06,4.746674060821533,4.96133279800415,4.995333194732666,4.814667224884033,4.939332962036133,5905500
2017-04-07,4.809819221496582,5.027332782745361,5.071332931518555,4.932000160217285,4.9633331298828125,2850000
2017-04-10,4.698199272155762,4.9106669425964355,5.041333198547363,4.874000072479248,5.031332969665527,3631500
2017-04-11,4.584029674530029,4.791333198547363,4.8506669998168945,4.570666790008545,4.8506669998168945,7803000
2017-04-12,4.342297077178955,4.53866720199585,4.76800012588501,4.510000228881836,4.760666847229004,8232000
2017-04-13,4.258740425109863,4.451333045959473,4.6539998054504395,4.447999954223633,4.469333171844482,4864500
2017-04-17,4.4252119064331055,4.625332832336426,4.626667022705078,4.492667198181152,4.492667198181152,5293500
2017-04-18,4.478151798248291,4.680666923522949,4.691999912261963,4.53000020980835,4.561333179473877,3120000
2017-04-19,4.55150032043457,4.757332801818848,4.886666774749756,4.733333110809326,4.791999816894531,3657000
2017-04-20,4.769636154174805,4.98533296585083,5.006667137145996,4.792666912078857,4.861332893371582,5005500
2017-04-21,4.702664375305176,4.915332794189453,4.946000099182129,4.792666912078857,4.936666965484619,5757000
2017-04-24,4.904855728149414,5.126667022705078,5.173333168029785,5.061999797821045,5.129333019256592,7372500
2017-04-25,5.0579328536987305,5.2866668701171875,5.307332992553711,5.1620001792907715,5.22599983215332,4311000
2017-04-26,4.927816390991211,5.150667190551758,5.283999919891357,5.094666957855225,5.26800012588501,5542500
2017-04-27,5.137659072875977,5.369999885559082,5.389999866485596,5.224667072296143,5.261332988739014,5331000
2017-04-28,4.875514984130859,5.0960001945495605,5.328667163848877,5.050000190734863,5.328667163848877,7579500
2017-05-01,5.0177483558654785,5.244667053222656,5.25,5.055333137512207,5.1533331871032715,5449500
2017-05-02,4.856379508972168,5.076000213623047,5.199999809265137,4.993332862854004,5.199999809265137,4305000
2017-05-03,4.909957408905029,5.131999969482422,5.1539998054504395,4.998000144958496,5.013332843780518,2863500
2017-05-04,4.8978376388549805,5.119332790374756,5.173333168029785,5.058667182922363,5.1533331871032715,2571000
2017-05-05,4.950139999389648,5.173999786376953,5.179999828338623,5.03866720199585,5.159333229064941,2940000
2017-05-08,4.89528751373291,5.116666793823242,5.197332859039307,5.084667205810547,5.161333084106445,1861500
2017-05-09,5.043898582458496,5.271999835968018,5.310667037963867,5.116666793823242,5.116666793823242,4875000
2017-05-10,5.363448619842529,5.605999946594238,5.633333206176758,5.447999954223633,5.450666904449463,6981000
2017-05-11,5.41766357421875,5.6626667976379395,5.739333152770996,5.450666904449463,5.565332889556885,3789000
2017-05-12,5.466775894165039,5.714000225067139,5.73466682434082,5.617332935333252,5.684667110443115,3030000
2017-05-15,5.717439651489258,5.97599983215332,5.98799991607666,5.736667156219482,5.75333309173584,3984000
2017-05-16,5.972568511962891,6.242667198181152,6.24399995803833,5.97599983215332,6.041999816894531,4143000
2017-05-17,5.18868350982666,5.423333168029785,6.057332992553711,5.423333168029785,5.99666690826416,14551500
2017-05-18,5.485909461975098,5.734000205993652,5.77666711807251,5.400000095367432,5.480000019073486,12283500
2017-05-19,5.666414737701416,5.922667026519775,5.97933292388916,5.873332977294922,5.8933329582214355,6928500
2017-05-22,5.847555637359619,6.111999988555908,6.118667125701904,5.989999771118164,6.007999897003174,5236500
2017-05-23,5.779946327209473,6.041333198547363,6.133333206176758,5.888000011444092,6.125332832336426,4482000
2017-05-24,5.8877387046813965,6.1539998054504395,6.188666820526123,6.073332786560059,6.139999866485596,3240000
2017-05-25,5.986600875854492,6.257332801818848,6.315999984741211,6.133333206176758,6.24066686630249,3831000
2017-05-26,6.058675765991211,6.332666873931885,6.336667060852051,6.116000175476074,6.25600004196167,4323000
2017-05-30,6.179860591888428,6.4593329429626465,6.505332946777344,6.326000213623047,6.328667163848877,4041000
2017-05-31,6.177948474884033,6.457333087921143,6.632667064666748,6.361332893371582,6.5980000495910645,6340500
2017-06-01,6.19325590133667,6.47333288192749,6.519999980926514,6.357333183288574,6.486000061035156,3088500
2017-06-02,6.377586841583252,6.665999889373779,6.696667194366455,6.448667049407959,6.585332870483398,5817000
2017-06-05,6.433077335357666,6.723999977111816,6.822667121887207,6.646667003631592,6.667333126068115,4200000
2017-06-06,6.496859073638916,6.7906670570373535,6.9206671714782715,6.614666938781738,6.633999824523926,5025000
2017-06-07,6.649298667907715,6.949999809265137,7.015999794006348,6.829999923706055,6.868667125701904,6444000
2017-06-08,6.997548580169678,7.314000129699707,7.319333076477051,6.922667026519775,7.084667205810547,7707000
2017-06-09,6.115443229675293,6.392000198364258,7.53866720199585,5.962666988372803,7.466667175292969,32179500
2017-06-12,6.012752056121826,6.284667015075684,6.284667015075684,5.745333194732666,6.127999782562256,22534500
2017-06-13,6.128836631774902,6.406000137329102,6.599999904632568,6.171332836151123,6.5966668128967285,14511000
2017-06-14,5.931110858917236,6.199333190917969,6.527332782745361,5.99666690826416,6.482666969299316,11181000
2017-06-15,5.788239002227783,6.050000190734863,6.114666938781738,5.869999885559082,5.875999927520752,8821500
2017-06-16,5.7212677001953125,5.980000019073486,6.196000099182129,5.926000118255615,6.068666934967041,8154000
2017-06-19,6.0471954345703125,6.320666790008545,6.349999904632568,6.1620001792907715,6.165332794189453,11425500
2017-06-20,5.8462815284729,6.1106672286987305,6.443999767303467,6.102666854858398,6.3933329582214355,8809500
2017-06-21,6.045280456542969,6.318666934967041,6.326666831970215,6.116666793823242,6.193999767303467,6385500
2017-06-22,5.999995231628418,6.27133321762085,6.3566670417785645,6.183332920074463,6.351333141326904,7081500
2017-06-23,6.055485248565674,6.3293328285217285,6.433332920074463,6.214666843414307,6.24733304977417,5433000
2017-06-26,5.904959201812744,6.171999931335449,6.5406670570373535,6.066667079925537,6.483333110809326,11284500
2017-06-27,5.427868366241455,5.673333168029785,6.072000026702881,5.6666669845581055,6.046667098999023,13833000
2017-06-28,5.705321311950684,5.9633331298828125,5.986667156219482,5.605332851409912,5.791333198547363,9801000
2017-06-29,5.277342319488525,5.515999794006348,5.881332874298096,5.27666711807251,5.838666915893555,18418500
2017-06-30,5.198251724243164,5.433332920074463,5.654666900634766,5.3566670417785645,5.570666790008545,8343000
2017-07-03,4.975015640258789,5.199999809265137,5.584000110626221,5.199999809265137,5.531332969665527,6811500
2017-07-05,5.290737152099609,5.53000020980835,5.550000190734863,5.266666889190674,5.266666889190674,9180000
2017-07-06,5.22057580947876,5.456666946411133,5.595333099365234,5.293333053588867,5.3379998207092285,8092500
2017-07-07,5.476980686187744,5.724667072296143,5.791999816894531,5.50266695022583,5.567333221435547,7816500
2017-07-10,5.6734299659729,5.929999828338623,5.966667175292969,5.685332775115967,5.787333011627197,6774000
2017-07-11,5.806735038757324,6.069333076477051,6.078667163848877,5.860000133514404,5.918000221252441,7659000
2017-07-12,6.083550930023193,6.358666896820068,6.3979997634887695,6.177332878112793,6.233333110809326,14623500
2017-07-13,6.0325236320495605,6.305333137512207,6.507999897003174,6.239999771118164,6.397333145141602,13311000
2017-07-14,6.273621559143066,6.557332992553711,6.561333179473877,6.352666854858398,6.3993330001831055,9894000
2017-07-17,6.19325590133667,6.47333288192749,6.623332977294922,6.402667045593262,6.604000091552734,8266500
2017-07-18,6.251296520233154,6.533999919891357,6.533999919891357,6.2820000648498535,6.355999946594238,5998500
2017-07-19,6.419044494628906,6.7093329429626465,6.714000225067139,6.573999881744385,6.633333206176758,6400500
2017-07-20,6.4745354652404785,6.767333030700684,6.795332908630371,6.549333095550537,6.732666969299316,5653500
2017-07-21,6.308701515197754,6.593999862670898,6.631332874298096,6.48799991607666,6.613999843597412,6243000
2017-07-24,6.246830940246582,6.529333114624023,6.613333225250244,6.49666690826416,6.611999988555908,5100000
2017-07-25,6.243005275726318,6.525332927703857,6.565999984741211,6.315999984741211,6.499332904815674,6889500
2017-07-26,6.4292497634887695,6.71999979019165,6.820666790008545,6.616000175476074,6.668000221252441,7546500
2017-07-27,6.139042377471924,6.4166669845581055,6.820000171661377,6.187333106994629,6.789999961853027,19879500
2017-07-28,6.079085826873779,6.354000091552734,6.426000118255615,6.254000186920166,6.318666934967041,4975500
2017-07-31,5.942592144012451,6.21133279800415,6.452667236328125,6.150000095367432,6.366666793823242,6486000
2017-08-01,6.042090892791748,6.315332889556885,6.315332889556885,6.159999847412109,6.25600004196167,4021500
2017-08-02,5.913252353668213,6.180666923522949,6.4633331298828125,6.046667098999023,6.419332981109619,8943000
2017-08-03,5.8430914878845215,6.107333183288574,6.225333213806152,6.016666889190674,6.175333023071289,5614500
2017-08-04,5.849470138549805,6.113999843597412,6.260000228881836,6.062666893005371,6.138000011444092,3673500
2017-08-07,6.15371036529541,6.432000160217285,6.438000202178955,6.155333042144775,6.156000137329102,6843000
2017-08-08,6.089290618896484,6.364666938781738,6.597332954406738,6.300000190734863,6.428667068481445,6391500
2017-08-09,6.0293354988098145,6.302000045776367,6.323332786560059,6.133333206176758,6.201333045959473,4788000
2017-08-10,5.526092529296875,5.776000022888184,6.197332859039307,5.766666889190674,6.1706671714782715,10722000
2017-08-11,5.617301940917969,5.871333122253418,5.906667232513428,5.657332897186279,5.710667133331299,5586000
2017-08-14,6.052297592163086,6.326000213623047,6.344666957855225,6.079999923706055,6.079999923706055,6805500
2017-08-15,6.096944808959961,6.372666835784912,6.407332897186279,6.234000205993652,6.386000156402588,3964500
2017-08-16,6.124370098114014,6.401332855224609,6.478000164031982,6.305333137512207,6.427332878112793,4659000
2017-08-17,5.6364359855651855,5.891333103179932,6.365333080291748,5.891333103179932,6.28000020980835,8376000
2017-08-18,5.688100337982178,5.945333003997803,6.076666831970215,5.8460001945495605,6.006667137145996,5275500
2017-08-21,5.566277027130127,5.817999839782715,5.969333171844482,5.690000057220459,5.966667175292969,6723000
2017-08-22,5.830336093902588,6.093999862670898,6.130000114440918,5.933332920074463,5.9593329429626465,4810500
2017-08-23,5.907510757446289,6.174666881561279,6.221333026885986,5.883333206176758,5.943999767303467,4038000
2017-08-24,5.9004950523376465,6.167333126068115,6.266666889190674,6.058667182922363,6.266666889190674,3655500
2017-08-25,5.812476634979248,6.075333118438721,6.266666889190674,6.039999961853027,6.21733283996582,3156000
2017-08-28,5.857763290405273,6.122666835784912,6.145999908447266,6.028666973114014,6.093332767486572,2274000
2017-08-29,5.89921760559082,6.165999889373779,6.206666946411133,5.888000011444092,5.891333103179932,3357000
2017-08-30,6.199634552001953,6.480000019073486,6.5,6.193999767303467,6.2133331298828125,6849000
2017-08-31,6.381413459777832,6.670000076293945,6.691332817077637,6.506667137145996,6.563333034515381,6339000
2017-09-01,6.464967250823975,6.757332801818848,6.861332893371582,6.701333045959473,6.75,4966500
2017-09-05,6.191341876983643,6.471333026885986,6.708000183105469,6.300000190734863,6.619999885559082,7698000
2017-09-06,6.228337287902832,6.510000228881836,6.594666957855225,6.4079999923706055,6.561333179473877,3603000
2017-09-07,6.2570390701293945,6.539999961853027,6.613999843597412,6.452667236328125,6.566667079925537,2992500
2017-09-08,6.025508403778076,6.297999858856201,6.533332824707031,6.233333110809326,6.500667095184326,4530000
2017-09-11,6.378861427307129,6.667333126068115,6.708000183105469,6.447999954223633,6.460000038146973,6217500
2017-09-12,6.464330196380615,6.756667137145996,6.813333034515381,6.636000156402588,6.75600004196167,4447500
2017-09-13,6.490481376647949,6.783999919891357,6.840000152587891,6.636666774749756,6.697999954223633,3481500
2017-09-14,6.581052780151367,6.878666877746582,6.993332862854004,6.667333126068115,6.690000057220459,4311000
2017-09-15,6.9146318435668945,7.227333068847656,7.25333309173584,6.921999931335449,6.933332920074463,6129000
2017-09-18,7.188896179199219,7.513999938964844,7.651332855224609,7.357333183288574,7.361332893371582,7929000
2017-09-19,7.263521671295166,7.5920000076293945,7.671332836151123,7.438000202178955,7.588666915893555,4869000
2017-09-20,6.9573655128479,7.271999835968018,7.609333038330078,6.978000164031982,7.609333038330078,12088500
2017-09-21,6.8725361824035645,7.183332920074463,7.263999938964844,6.9913330078125,7.254666805267334,4734000
2017-09-22,6.970761775970459,7.285999774932861,7.317999839782715,7.067333221435547,7.085332870483398,3871500
2017-09-25,6.565106391906738,6.861999988555908,7.185332775115967,6.763332843780518,7.172667026519775,10708500
2017-09-26,6.553625106811523,6.849999904632568,7.097332954406738,6.775332927703857,7.081999778747559,7134000
2017-09-27,7.012857437133789,7.329999923706055,7.4106669425964355,7.048666954040527,7.067333221435547,7663500
2017-09-28,7.170400619506836,7.494667053222656,7.495333194732666,7.243332862854004,7.310667037963867,4728000
2017-09-29,7.351541042327881,7.684000015258789,7.702000141143799,7.462666988372803,7.545332908630371,6090000
2017-10-02,7.479104995727539,7.817333221435547,7.928667068481445,7.659333229064941,7.751999855041504,6615000
2017-10-03,7.553092956542969,7.894667148590088,7.9593329429626465,7.778666973114014,7.866000175476074,4030500
2017-10-04,7.602843761444092,7.946667194366455,7.946667194366455,7.72599983215332,7.866666793823242,4509000
2017-10-05,7.618788242340088,7.9633331298828125,8.062666893005371,7.832666873931885,8.034000396728516,4539000
2017-10-06,7.717652320861816,8.066666603088379,8.066666603088379,7.8333330154418945,7.8333330154418945,2910000
2017-10-09,7.879021167755127,8.235333442687988,8.266667366027832,8.12733268737793,8.149333000183105,4219500
2017-10-10,8.032098770141602,8.395333290100098,8.437333106994629,8.13933277130127,8.432000160217285,5818500
2017-10-11,8.189640045166016,8.5600004196167,8.564000129699707,8.300000190734863,8.307999610900879,4752000
2017-10-12,8.106724739074707,8.473333358764648,8.646666526794434,8.453332901000977,8.533332824707031,4723500
2017-10-13,8.266180038452148,8.640000343322754,8.723333358764648,8.522000312805176,8.548666954040527,4167000
2017-10-16,8.384812355041504,8.763999938964844,8.76533317565918,8.583333015441895,8.733332633972168,4827000
2017-10-17,8.366317749023438,8.744667053222656,8.759332656860352,8.604666709899902,8.758000373840332,2974500
2017-10-18,8.448596000671387,8.830666542053223,8.870667457580566,8.477999687194824,8.789999961853027,6814500
2017-10-19,8.374606132507324,8.75333309173584,8.759332656860352,8.343999862670898,8.596667289733887,7495500
2017-10-20,8.495155334472656,8.879332542419434,9.017333030700684,8.846667289733887,8.923333168029785,4353000
2017-10-23,8.631649017333984,9.022000312805176,9.165332794189453,8.885333061218262,9.005999565124512,7243500
2017-10-24,8.80769157409668,9.206000328063965,9.236666679382324,8.982000350952148,9.096667289733887,5085000
2017-10-25,8.463903427124023,8.846667289733887,9.130000114440918,8.5686674118042,9.034000396728516,12625500
2017-10-26,8.615705490112305,9.005332946777344,9.053333282470703,8.856666564941406,8.892000198364258,5766000
2017-10-27,9.143820762634277,9.557332992553711,9.599332809448242,9.061332702636719,9.233332633972168,9070500
2017-10-30,9.229927062988281,9.647333145141602,9.761333465576172,9.233332633972168,9.233332633972168,7716000
2017-10-31,9.437219619750977,9.86400032043457,9.956000328063965,9.638667106628418,9.733332633972168,5248500
2017-11-01,9.349201202392578,9.772000312805176,10.119999885559082,9.506667137145996,10.111332893371582,7902000
2017-11-02,9.47293758392334,9.90133285522461,9.979999542236328,9.58133316040039,9.784000396728516,6831000
2017-11-03,9.978090286254883,10.429332733154297,10.432666778564453,9.803333282470703,10.0086669921875,11805000
2017-11-06,10.402884483337402,10.873332977294922,10.883333206176758,10.5,10.697999954223633,10276500
2017-11-07,10.37418270111084,10.84333324432373,10.910667419433594,10.61733341217041,10.829333305358887,8470500
2017-11-08,10.47878360748291,10.952667236328125,10.970000267028809,10.675999641418457,10.766667366027832,5565000
2017-11-09,9.840962409973145,10.28600025177002,10.660667419433594,9.88933277130127,10.631333351135254,17956500
2017-11-10,10.027840614318848,10.481332778930664,10.510666847229004,10.292667388916016,10.36733341217041,6489000
2017-11-13,10.109484672546387,10.566666603088379,10.612667083740234,10.266667366027832,10.320667266845703,5070000
2017-11-14,10.0814208984375,10.537332534790039,10.63466739654541,10.3013334274292,10.488666534423828,6117000
2017-11-15,9.81417179107666,10.258000373840332,10.395999908447266,10.0,10.261333465576172,8970000
2017-11-16,10.256184577941895,10.720000267028809,10.846667289733887,10.399999618530273,10.399999618530273,7363500
2017-11-17,10.120328903198242,10.57800006866455,10.912667274475098,10.526666641235352,10.878666877746582,6295500
2017-11-20,10.477507591247559,10.951333045959473,11.007332801818848,10.661333084106445,10.668000221252441,6471000
2017-11-21,10.85318374633789,11.343999862670898,11.370667457580566,11.09866714477539,11.199999809265137,9874500
2017-11-22,10.641429901123047,11.12266731262207,11.453332901000977,11.071999549865723,11.442667007446289,6756000
2017-11-24,10.925897598266602,11.420000076293945,11.442667007446289,11.213333129882812,11.21733283996582,6757500
2017-11-27,10.514503479003906,10.989999771118164,11.216667175292969,10.933333396911621,11.215999603271484,10698000
2017-11-28,10.504934310913086,10.979999542236328,11.124667167663574,10.793333053588867,11.104666709899902,9736500
2017-11-29,9.12405014038086,9.536666870117188,10.937333106994629,9.22266674041748,10.916666984558105,36519000
2017-11-30,9.293073654174805,9.713333129882812,9.993332862854004,9.52066707611084,9.863332748413086,14869500
2017-12-01,8.974799156188965,9.380666732788086,9.553333282470703,8.666666984558105,9.419333457946777,19072500
2017-12-04,8.323582649230957,8.699999809265137,9.729999542236328,8.516667366027832,9.706666946411133,23742000
2017-12-05,8.334426879882812,8.711333274841309,9.199333190917969,8.338000297546387,8.597999572753906,16374000
2017-12-06,8.418618202209473,8.799332618713379,8.844667434692383,8.352666854858398,8.468000411987305,10795500
2017-12-07,8.66481876373291,9.05666732788086,9.13933277130127,8.883999824523926,9.010666847229004,9966000
2017-12-08,8.53087329864502,8.916666984558105,9.385333061218262,8.89466667175293,9.34333324432373,9871500
2017-12-11,8.679487228393555,9.071999549865723,9.148667335510254,8.876667022705078,8.960000038146973,5599500
2017-12-12,8.419256210327148,8.800000190734863,9.0,8.77400016784668,9.0,5977500
2017-12-13,8.417977333068848,8.798666954040527,9.042667388916016,8.780667304992676,8.88466739654541,4125000
2017-12-14,8.398845672607422,8.778667449951172,8.949333190917969,8.708000183105469,8.787332534790039,5094000
2017-12-15,8.772612571716309,9.169333457946777,9.25,8.766667366027832,8.866666793823242,10255500
2017-12-18,9.363871574401855,9.787332534790039,9.793333053588867,9.378666877746582,9.516667366027832,15397500
2017-12-19,9.330105781555176,9.744000434875488,9.843999862670898,9.577333450317383,9.7413330078125,8127000
2017-12-20,9.525436401367188,9.947999954223633,10.083333015441895,9.686667442321777,10.017333030700684,8721000
2017-12-21,9.217114448547363,9.62600040435791,10.008000373840332,9.583999633789062,10.008000373840332,6909000
2017-12-22,9.19285774230957,9.600666999816895,9.618000030517578,9.400667190551758,9.474666595458984,3942000
2017-12-26,8.927305221557617,9.323332786560059,9.342000007629395,9.073332786560059,9.266667366027832,4524000
2017-12-27,9.01731014251709,9.417332649230957,9.557999610900879,9.267333030700684,9.27066707611084,2980500
2017-12-28,9.074762344360352,9.477333068847656,9.561332702636719,9.434000015258789,9.531999588012695,3168000
2017-12-29,8.802824974060059,9.19333267211914,9.537332534790039,9.192000389099121,9.50333309173584,4132500
2018-01-02,9.528626441955566,9.951333045959473,9.951333045959473,9.303999900817871,9.350000381469727,9237000
2018-01-03,10.002922058105469,10.446666717529297,10.46399974822998,10.027999877929688,10.050666809082031,9871500
2018-01-04,10.178466796875,10.630000114440918,10.738666534423828,10.368666648864746,10.663999557495117,8502000
2018-01-05,10.362309455871582,10.821999549865723,10.937999725341797,10.577333450317383,10.746000289916992,7713000
2018-01-08,10.595312118530273,11.065333366394043,11.166666984558105,10.723333358764648,10.810667037963867,6538500
2018-01-09,10.290817260742188,10.747332572937012,11.12733268737793,10.690667152404785,11.119999885559082,9009000
2018-01-10,9.91036319732666,10.350000381469727,10.49666690826416,10.097332954406738,10.378000259399414,13269000
2018-01-11,10.085907936096191,10.533332824707031,10.547332763671875,10.317999839782715,10.47933292388916,5524500
2018-01-12,10.242304801940918,10.696666717529297,10.76533317565918,10.440667152404785,10.528667449951172,5019000
2018-01-16,10.352097511291504,10.811332702636719,11.1813325881958,10.61066722869873,10.937333106994629,9804000
2018-01-17,11.242592811584473,11.7413330078125,11.792667388916016,11.053333282470703,11.091333389282227,11496000
2018-01-18,11.402822494506836,11.908666610717773,12.083333015441895,11.630000114440918,11.65666675567627,9171000
2018-01-19,11.433463096618652,11.940667152404785,12.10200023651123,11.715999603271484,12.04800033569336,9315000
2018-01-22,11.698373794555664,12.21733283996582,12.21733283996582,11.8100004196167,11.98799991607666,5620500
2018-01-23,11.963930130004883,12.494667053222656,12.496000289916992,12.234000205993652,12.373332977294922,6738000
2018-01-24,11.140459060668945,11.63466739654541,12.236000061035156,11.370667457580566,12.138667106628418,18628500
2018-01-25,10.560837745666504,11.029333114624023,12.095333099365234,11.028667449951172,12.079999923706055,13167000
2018-01-26,11.562408447265625,12.075332641601562,12.083333015441895,11.399999618530273,11.466667175292969,12733500
2018-01-29,11.525382995605469,12.036666870117188,12.27733325958252,11.591333389282227,11.916000366210938,9184500
2018-01-30,10.823836326599121,11.303999900817871,11.718667030334473,11.267999649047852,11.40666675567627,11923500
2018-01-31,11.101517677307129,11.593999862670898,11.830666542053223,11.392000198364258,11.683333396911621,6891000
2018-02-01,10.93746280670166,11.422666549682617,11.927332878112793,11.206666946411133,11.266667366027832,6895500
2018-02-02,10.023988723754883,10.468667030334473,11.15999984741211,10.466667175292969,11.06933307647705,13788000
2018-02-05,8.682817459106445,9.067999839782715,10.72266674041748,8.933333396911621,10.199999809265137,16929000
2018-02-06,9.575230598449707,10.0,10.022000312805176,8.518667221069336,8.526666641235352,20614500
2018-02-07,8.938158988952637,9.334667205810547,10.050666809082031,9.333333015441895,9.859999656677246,12523500
2018-02-08,7.807000637054443,8.153332710266113,9.527999877929688,8.13466739654541,9.500666618347168,17155500
2018-02-09,8.5181245803833,8.895999908447266,9.03600025177002,7.820666790008545,8.757332801818848,20676000
2018-02-12,8.967519760131836,9.36533260345459,9.540666580200195,8.949999809265137,9.144000053405762,14100000
2018-02-13,8.954116821289062,9.351332664489746,9.395999908447266,9.088000297546387,9.125332832336426,7440000
2018-02-14,9.555438995361328,9.97933292388916,10.034667015075684,9.133333206176758,9.133333206176758,11127000
2018-02-15,9.908446311950684,10.347999572753906,10.347999572753906,9.633333206176758,10.254667282104492,12339000
2018-02-16,9.796100616455078,10.230667114257812,10.604666709899902,10.152000427246094,10.157333374023438,7677000
2018-02-20,10.303583145141602,10.760666847229004,11.052666664123535,10.089332580566406,10.100000381469727,11586000
2018-02-21,9.954410552978516,10.395999908447266,10.968000411987305,10.37600040435791,10.954000473022461,9901500
2018-02-22,9.88036060333252,10.3186674118042,10.638667106628418,10.224666595458984,10.523332595825195,5809500
2018-02-23,10.521897315979004,10.988666534423828,10.988666534423828,10.55666732788086,10.587332725524902,8178000
2018-02-26,11.19152545928955,11.687999725341797,11.699999809265137,11.140666961669922,11.233332633972168,8653500
2018-02-27,11.088114738464355,11.579999923706055,12.170000076293945,11.572667121887207,11.647333145141602,10837500
2018-02-28,10.782984733581543,11.261333465576172,11.930000305175781,11.231332778930664,11.800000190734863,10170000
2018-03-01,10.26272964477539,10.718000411987305,11.402667045593262,10.333333015441895,11.281999588012695,14397000
2018-03-02,10.793198585510254,11.272000312805176,11.33133316040039,10.258000373840332,10.258000373840332,9610500
2018-03-05,11.08747673034668,11.579333305358887,11.739999771118164,10.933333396911621,11.10533332824707,8790000
2018-03-06,11.588579177856445,12.102666854858398,12.190667152404785,11.716667175292969,11.853333473205566,12933000
2018-03-07,11.679863929748535,12.197999954223633,12.256667137145996,11.733332633972168,11.750666618347168,9990000
2018-03-08,11.729655265808105,12.25,12.447333335876465,12.026666641235352,12.333333015441895,8625000
2018-03-09,12.460561752319336,13.013333320617676,13.016667366027832,12.439332962036133,12.461333274841309,12120000
2018-03-12,12.848679542541504,13.41866683959961,13.628000259399414,13.166666984558105,13.279999732971191,12079500
2018-03-13,12.24863052368164,12.791999816894531,13.933333396911621,12.611332893371582,13.665332794189453,22048500
2018-03-14,12.243526458740234,12.786666870117188,12.979999542236328,12.434000015258789,12.949333190917969,13102500
2018-03-15,12.207776069641113,12.749333381652832,13.012666702270508,12.555999755859375,12.88599967956543,7572000
2018-03-16,12.198201179504395,12.739333152770996,12.96399974822998,12.682000160217285,12.805999755859375,4693500
2018-03-19,11.491552352905273,12.001333236694336,12.54466724395752,11.468667030334473,12.407999992370605,17712000
2018-03-20,11.760296821594238,12.281999588012695,12.38599967956543,12.017333030700684,12.066666603088379,8823000
2018-03-21,11.840087890625,12.36533260345459,12.822667121887207,12.079999923706055,12.196000099182129,9939000
2018-03-22,10.867884635925293,11.350000381469727,12.146666526794434,11.331999778747559,11.781999588012695,15714000
2018-03-23,9.780778884887695,10.214667320251465,11.358667373657227,10.214667320251465,11.284667015075684,16557000
2018-03-26,11.010875701904297,11.499333381652832,11.507332801818848,10.534667015075684,10.980667114257812,18847500
2018-03-27,9.783329963684082,10.21733283996582,11.851332664489746,9.934000015258789,11.84000015258789,23146500
2018-03-28,9.162856101989746,9.56933307647705,10.302666664123535,9.421333312988281,10.092666625976562,20061000
2018-03-29,9.755242347717285,10.187999725341797,10.45533275604248,9.543333053588867,9.788666725158691,17752500
2018-04-02,8.6253662109375,9.008000373840332,10.133333206176758,8.723999977111816,9.880000114440918,19338000
2018-04-03,9.1194486618042,9.52400016784668,9.586000442504883,9.042667388916016,9.392666816711426,15993000
2018-04-04,9.467347145080566,9.887332916259766,9.96066665649414,8.683333396911621,8.707332611083984,16759500
2018-04-05,9.176260948181152,9.583333015441895,10.128666877746582,9.37399959564209,10.09333324432373,13840500
2018-04-06,8.338746070861816,8.708666801452637,9.499333381652832,8.588666915893555,9.170666694641113,13326000
2018-04-09,8.491312026977539,8.868000030517578,9.623332977294922,8.854000091552734,9.045999526977539,16462500
2018-04-10,9.307764053344727,9.720666885375977,9.869999885559082,9.302666664123535,9.498000144958496,18669000
2018-04-11,9.311590194702148,9.724666595458984,9.980667114257812,9.476667404174805,9.574666976928711,10633500
2018-04-12,9.842059135437012,10.278667449951172,10.358667373657227,9.908666610717773,9.989333152770996,13927500
2018-04-13,9.610976219177246,10.037332534790039,10.677332878112793,9.916666984558105,10.657333374023438,14283000
2018-04-16,9.672895431518555,10.10200023651123,10.254667282104492,9.844667434692383,10.227999687194824,8299500
2018-04-17,10.218045234680176,10.671333312988281,10.737333297729492,10.266667366027832,10.296667098999023,12387000
2018-04-18,9.901427268981934,10.340666770935059,10.525333404541016,10.046667098999023,10.46733283996582,12802500
2018-04-19,8.622812271118164,9.005332946777344,9.800000190734863,8.90666675567627,9.797332763671875,33981000
2018-04-20,8.313212394714355,8.682000160217285,9.133333206176758,8.559332847595215,9.0,16249500
2018-04-23,7.978720664978027,8.332667350769043,8.838666915893555,8.266667366027832,8.815333366394043,16278000
2018-04-24,7.784660816192627,8.130000114440918,8.783332824707031,7.906000137329102,8.54466724395752,21633000
2018-04-25,7.757211208343506,8.101332664489746,8.281332969665527,7.710667133331299,8.251999855041504,20535000
2018-04-26,8.230865478515625,8.595999717712402,8.61733341217041,8.323332786560059,8.461333274841309,17655000
2018-04-27,8.04893970489502,8.406000137329102,8.932000160217285,8.285332679748535,8.904000282287598,13656000
2018-04-30,7.782106399536133,8.12733268737793,8.553333282470703,8.022666931152344,8.399999618530273,11466000
2018-05-01,8.167030334472656,8.529333114624023,8.55666732788086,8.047332763671875,8.066666603088379,13552500
2018-05-02,8.054681777954102,8.411999702453613,8.633999824523926,8.309332847595215,8.531332969665527,10189500
2018-05-03,8.200228691101074,8.564000129699707,8.673333168029785,8.014666557312012,8.199999809265137,15442500
2018-05-04,8.791336059570312,9.1813325881958,9.210000038146973,8.309332847595215,8.381333351135254,19219500
2018-05-07,9.031991958618164,9.432666778564453,9.5600004196167,9.275333404541016,9.335332870483398,14211000
2018-05-08,9.224133491516113,9.633333206176758,9.633333206176758,9.29466724395752,9.330666542053223,10398000
2018-05-09,9.622465133666992,10.049332618713379,10.0513334274292,9.630666732788086,9.719332695007324,12400500
2018-05-10,10.136338233947754,10.586000442504883,10.586000442504883,10.173999786376953,10.173999786376953,12277500
2018-05-11,9.894403457641602,10.333333015441895,10.633333206176758,10.275333404541016,10.378000259399414,11790000
2018-05-14,10.283794403076172,10.739999771118164,11.088666915893555,10.664667129516602,10.715999603271484,13374000
2018-05-15,9.919936180114746,10.359999656677246,10.600000381469727,10.137332916259766,10.4913330078125,10774500
2018-05-16,10.320181846618652,10.777999877929688,10.826000213623047,10.390666961669922,10.390666961669922,10854000
2018-05-17,10.199535369873047,10.652000427246094,10.932666778564453,10.420666694641113,10.657999992370605,8755500
2018-05-18,9.770565032958984,10.204000473022461,10.432000160217285,10.094667434692383,10.392666816711426,9588000
2018-05-21,10.07569408416748,10.522666931152344,10.825332641601562,10.239999771118164,10.670000076293945,13068000
2018-05-22,10.24549388885498,10.699999809265137,10.930000305175781,10.574000358581543,10.803999900817871,12891000
2018-05-23,10.409549713134766,10.871333122253418,10.87266731262207,10.30666732788086,10.399333000183105,9612000
2018-05-24,10.517435073852539,10.984000205993652,11.063332557678223,10.579999923706055,10.843999862670898,10362000
2018-05-25,10.776601791381836,11.254667282104492,11.281999588012695,10.908666610717773,10.966667175292969,9672000
2018-05-29,10.570414543151855,11.03933334350586,11.333333015441895,10.8100004196167,11.050666809082031,10375500
2018-05-30,10.779791831970215,11.258000373840332,11.501333236694336,11.094667434692383,11.19333267211914,12159000
2018-05-31,10.546154975891113,11.013999938964844,11.354000091552734,10.956666946411133,11.1813325881958,9567000
2018-06-01,11.2528076171875,11.751999855041504,11.757332801818848,11.176667213439941,11.2586669921875,17115000
2018-06-04,11.527934074401855,12.03933334350586,12.079333305358887,11.718000411987305,11.866666793823242,11950500
2018-06-05,11.681139945983887,12.199333190917969,12.312000274658203,11.99666690826416,12.133333206176758,9339000
2018-06-06,11.906478881835938,12.434666633605957,12.438667297363281,12.066666603088379,12.223999977111816,8950500
2018-06-07,11.590497970581055,12.104666709899902,12.519332885742188,11.836000442504883,12.465999603271484,9597000
2018-06-08,11.2847261428833,11.785332679748535,11.85200023651123,11.480667114257812,11.673333168029785,9820500
2018-06-11,11.20110034942627,11.697999954223633,11.892666816711426,11.58666706085205,11.707332611083984,6118500
2018-06-12,11.372817039489746,11.87733268737793,11.90999984741211,11.578666687011719,11.777999877929688,7593000
2018-06-13,11.333878517150879,11.83666706085205,12.209333419799805,11.799332618713379,11.879332542419434,8608500
2018-06-14,11.527934074401855,12.03933334350586,12.221332550048828,11.833999633789062,12.015999794006348,8094000
2018-06-15,11.505593299865723,12.015999794006348,12.03933334350586,11.683333396911621,11.739333152770996,10308000
2018-06-18,11.151948928833008,11.646666526794434,11.733332633972168,11.320667266845703,11.733332633972168,12819000
2018-06-19,10.783585548400879,11.239333152770996,11.25333309173584,10.723333358764648,11.133333206176758,14991000
2018-06-20,10.95308780670166,11.416000366210938,11.580666542053223,11.266667366027832,11.510000228881836,7033500
2018-06-21,10.542441368103027,10.98799991607666,11.658666610717773,10.944000244140625,11.65133285522461,9858000
2018-06-22,10.298105239868164,10.733332633972168,11.187999725341797,10.656000137329102,11.130000114440918,5146500
2018-06-25,9.388541221618652,9.785332679748535,10.350666999816895,9.380666732788086,10.333333015441895,16000500
2018-06-26,9.487048149108887,9.887999534606934,10.031332969665527,9.733332633972168,9.935999870300293,7869000
2018-06-27,8.78920841217041,9.160667419433594,10.12733268737793,9.156000137329102,10.034000396728516,12337500
2018-06-28,9.011161804199219,9.392000198364258,9.442000389099121,9.053999900817871,9.11066722869873,10029000
2018-06-29,9.050819396972656,9.433333396911621,9.77733325958252,9.433333396911621,9.603333473205566,8799000
2018-07-02,9.217761993408203,9.607333183288574,9.616000175476074,8.97933292388916,9.185333251953125,8422500
2018-07-03,8.696460723876953,9.064000129699707,9.764666557312012,9.049332618713379,9.697333335876465,7272000
2018-07-05,9.400054931640625,9.797332763671875,9.807999610900879,9.349332809448242,9.378000259399414,10789500
2018-07-06,9.75505256652832,10.167332649230957,10.207332611083984,9.638667106628418,9.755999565124512,14602500
2018-07-09,9.937347412109375,10.357333183288574,10.476667404174805,9.991999626159668,10.476667404174805,10915500
2018-07-10,10.248208999633789,10.6813325881958,10.752667427062988,10.36400032043457,10.399999618530273,11608500
2018-07-11,9.452506065368652,9.85200023651123,10.353333473205566,9.833999633789062,10.146666526794434,16504500
2018-07-12,9.65527057647705,10.063332557678223,10.097332954406738,9.583999633789062,9.813332557678223,13414500
2018-07-13,9.531821250915527,9.934666633605957,10.118666648864746,9.88466739654541,10.079999923706055,6973500
2018-07-16,9.492803573608398,9.894000053405762,10.095333099365234,9.873332977294922,9.947999954223633,6094500
2018-07-17,9.91368293762207,10.332667350769043,10.333333015441895,9.658666610717773,9.688667297363281,10303500
2018-07-18,10.127961158752441,10.555999755859375,10.61533260345459,10.350000381469727,10.453332901000977,9042000
2018-07-19,10.053765296936035,10.478667259216309,10.614666938781738,10.270000457763672,10.426667213439941,7416000
2018-07-20,9.906645774841309,10.325332641601562,10.511333465576172,10.166666984558105,10.393333435058594,6780000
2018-07-23,9.948225021362305,10.368666648864746,10.421333312988281,9.769332885742188,10.200667381286621,8800500
2018-07-24,9.627127647399902,10.034000396728516,10.720000267028809,9.989999771118164,10.542667388916016,10236000
2018-07-25,9.778080940246582,10.191332817077637,10.191332817077637,9.628666877746582,9.986666679382324,14748000
2018-07-26,10.309614181518555,10.745332717895508,10.7586669921875,10.355999946594238,10.366666793823242,16359000
2018-07-27,10.16122055053711,10.590666770935059,11.045332908630371,10.354000091552734,10.766667366027832,12807000
2018-07-30,9.872106552124023,10.28933334350586,10.675999641418457,10.12600040435791,10.569999694824219,10194000
2018-07-31,10.056319236755371,10.481332778930664,10.904666900634766,10.420666694641113,10.46733283996582,7806000
2018-08-01,10.001312255859375,10.423999786376953,10.764666557312012,10.305999755859375,10.552666664123535,6054000
2018-08-02,10.31153392791748,10.747332572937012,10.783332824707031,10.046667098999023,10.154666900634766,7603500
2018-08-03,10.362065315246582,10.800000190734863,10.84000015258789,10.600000381469727,10.750666618347168,4069500
2018-08-06,10.548839569091797,10.994667053222656,10.998666763305664,10.565999984741211,10.755332946777344,5463000
2018-08-07,10.8072509765625,11.263999938964844,11.28266716003418,11.021332740783691,11.11533260345459,5655000
2018-08-08,10.889763832092285,11.350000381469727,11.400667190551758,11.12399959564209,11.208000183105469,4932000
2018-08-09,10.5526762008667,10.998666763305664,11.223333358764648,10.985333442687988,11.215332984924316,6726000
2018-08-10,9.757611274719238,10.170000076293945,10.46066665649414,10.024666786193848,10.38266658782959,16897500
2018-08-13,9.795990943908691,10.210000038146973,10.490667343139648,10.186667442321777,10.22266674041748,9745500
2018-08-14,9.76656436920166,10.179332733154297,10.456000328063965,10.131333351135254,10.393333435058594,5463000
2018-08-15,9.364235877990723,9.760000228881836,10.026000022888184,9.433333396911621,9.96066665649414,12493500
2018-08-16,9.298995018005371,9.692000389099121,9.98799991607666,9.619999885559082,9.968667030334473,8014500
2018-08-17,9.08663558959961,9.470666885375977,9.549332618713379,9.053333282470703,9.407333374023438,12708000
2018-08-20,9.065528869628906,9.4486665725708,9.616000175476074,9.128000259399414,9.533332824707031,8164500
2018-08-21,9.602182388305664,10.008000373840332,10.074000358581543,9.517333030700684,9.5600004196167,10276500
2018-08-22,9.728187561035156,10.13933277130127,10.172666549682617,9.745332717895508,9.916666984558105,8587500
2018-08-23,9.76144790649414,10.173999786376953,10.396666526794434,10.092000007629395,10.137332916259766,7741500
2018-08-24,10.181049346923828,10.611332893371582,10.619333267211914,10.293333053588867,10.295999526977539,8875500
2018-08-27,10.658217430114746,11.108667373657227,11.350000381469727,10.779333114624023,10.819999694824219,16623000
2018-08-28,10.781665802001953,11.237333297729492,11.373332977294922,10.910667419433594,11.2586669921875,11250000
2018-08-29,10.871213912963867,11.330666542053223,11.420000076293945,11.11533260345459,11.236000061035156,7524000
2018-08-30,10.565468788146973,11.01200008392334,11.375332832336426,10.972000122070312,11.223333358764648,9526500
2018-08-31,10.745843887329102,11.199999809265137,11.241999626159668,10.933333396911621,10.933333396911621,4807500
2018-09-04,10.992745399475098,11.457332611083984,11.481332778930664,10.989999771118164,11.0513334274292,8767500
2018-09-05,10.834756851196289,11.292667388916016,11.526000022888184,11.001333236694336,11.399999618530273,6303000
2018-09-06,9.965493202209473,10.386667251586914,11.206000328063965,10.358667373657227,11.192000389099121,13224000
2018-09-07,9.844602584838867,10.260666847229004,10.716667175292969,10.183333396911621,10.266667366027832,8241000
2018-09-10,10.16569995880127,10.595333099365234,10.596667289733887,10.29466724395752,10.512666702270508,5392500
2018-09-11,9.861871719360352,10.278667449951172,10.505332946777344,10.11066722869873,10.417332649230957,8391000
2018-09-12,9.523506164550781,9.925999641418457,9.937333106994629,9.25333309173584,9.937333106994629,19008000
2018-09-13,9.858675003051758,10.275333404541016,10.63933277130127,10.148667335510254,10.238666534423828,13285500
2018-09-14,10.178492546081543,10.608667373657227,10.720000267028809,10.345333099365234,10.453332901000977,9342000
2018-09-17,9.722432136535645,10.133333206176758,10.566666603088379,10.109333038330078,10.417332649230957,6747000
2018-09-18,9.99555492401123,10.418000221252441,10.600000381469727,10.27400016784668,10.27400016784668,6496500
2018-09-19,10.052483558654785,10.477333068847656,10.606666564941406,10.327333450317383,10.41333293914795,4318500
2018-09-20,10.398527145385742,10.838000297546387,10.96733283996582,10.64466667175293,10.64466667175293,9111000
2018-09-21,10.30514144897461,10.740667343139648,10.986666679382324,10.658666610717773,10.835332870483398,5826000
2018-09-24,10.414519309997559,10.854666709899902,10.871333122253418,10.410667419433594,10.482666969299316,5310000
2018-09-25,9.895097732543945,10.284667015075684,10.747332572937012,10.220666885375977,10.718667030334473,10809000
2018-09-26,9.616083145141602,9.994667053222656,10.349332809448242,9.961999893188477,10.180000305175781,5340000
2018-09-27,9.74051570892334,10.12399959564209,10.220000267028809,9.990667343139648,10.073332786560059,3802500
2018-09-28,9.916905403137207,10.307332992553711,10.394000053405762,9.985333442687988,10.054667472839355,7743000
2018-10-01,9.999650955200195,10.393333435058594,10.649999618530273,10.314666748046875,10.392666816711426,6400500
2018-10-02,10.015684127807617,10.40999984741211,10.816666603088379,10.307332992553711,10.324666976928711,8142000
2018-10-03,10.03235912322998,10.427332878112793,10.630000114440918,10.133333206176758,10.540666580200195,7701000
2018-10-04,9.492932319641113,9.866666793823242,10.266667366027832,9.600000381469727,10.239999771118164,15123000
2018-10-05,8.822653770446777,9.170000076293945,9.897333145141602,8.897333145141602,9.760666847229004,22242000
2018-10-08,8.509645462036133,8.844667434692383,9.186667442321777,8.613332748413086,9.0,12891000
2018-10-09,8.50258731842041,8.837332725524902,8.954000473022461,8.65666675567627,8.777999877929688,7024500
2018-10-10,7.374340534210205,7.664667129516602,8.508000373840332,7.6533331871032715,8.506667137145996,26956500
2018-10-11,7.139582633972168,7.4206671714782715,8.10533332824707,7.24666690826416,7.646667003631592,20209500
2018-10-12,7.537259578704834,7.834000110626221,8.155332565307617,7.5,8.040666580200195,13690500
2018-10-15,7.335855007171631,7.624667167663574,7.880000114440918,7.533999919891357,7.723999977111816,8487000
2018-10-16,8.054238319396973,8.371333122253418,8.402667045593262,7.848667144775391,7.913332939147949,10891500
2018-10-17,7.952254295349121,8.26533317565918,8.60533332824707,8.09333324432373,8.53266716003418,9156000
2018-10-18,7.357021808624268,7.646667003631592,8.166666984558105,7.555333137512207,8.161333084106445,15177000
2018-10-19,7.010016441345215,7.285999774932861,7.918000221252441,7.199999809265137,7.802000045776367,14745000
2018-10-22,7.146638870239258,7.427999973297119,7.558667182922363,7.22933292388916,7.433332920074463,8202000
2018-10-23,7.031824588775635,7.308667182922363,7.433332920074463,6.6106672286987305,6.843332767486572,20764500
2018-10-24,5.641239166259766,5.863333225250244,6.966667175292969,5.8333330154418945,6.943999767303467,29644500
2018-10-25,6.024805545806885,6.26200008392334,6.402667045593262,5.960000038146973,6.000667095184326,15933000
2018-10-26,5.704097270965576,5.928667068481445,6.25333309173584,5.625332832336426,5.8393330574035645,19084500
2018-10-29,5.536046028137207,5.754000186920166,6.369332790374756,5.415999889373779,6.267333030700684,15058500
2018-10-30,6.224924564361572,6.46999979019165,6.477333068847656,5.692667007446289,5.721333026885986,18321000
2018-10-31,6.448779106140137,6.702667236328125,6.853332996368408,6.522666931152344,6.766666889190674,14517000
2018-11-01,7.336495399475098,7.625332832336426,7.691999912261963,6.789332866668701,6.794666767120361,19780500
2018-11-02,7.007451057434082,7.283332824707031,7.679333209991455,7.007999897003174,7.618000030517578,18301500
2018-11-05,6.827212810516357,7.0960001945495605,7.262667179107666,6.738667011260986,7.24666690826416,12534000
2018-11-06,7.074799537658691,7.353332996368408,7.423999786376953,7.047332763671875,7.047332763671875,7428000
2018-11-07,7.328799247741699,7.617332935333252,7.674666881561279,7.344666957855225,7.657332897186279,13149000
2018-11-08,7.232587814331055,7.517333030700684,7.680666923522949,7.303999900817871,7.3993330001831055,8494500
2018-11-09,6.82913875579834,7.0980000495910645,7.27666711807251,6.9019999504089355,7.199999809265137,8788500
2018-11-12,5.9343647956848145,6.168000221252441,6.757999897003174,6.073332786560059,6.755332946777344,15409500
2018-11-13,6.1537275314331055,6.395999908447266,6.77133321762085,6.267333030700684,6.267333030700684,10953000
2018-11-14,6.225567817687988,6.470666885375977,6.77133321762085,6.297332763671875,6.632667064666748,10629000
2018-11-15,6.855435848236084,7.125332832336426,7.199999809265137,6.366666793823242,6.398666858673096,14431500
2018-11-16,6.610415935516357,6.870666980743408,6.9633331298828125,6.3506669998168945,6.389999866485596,12009000
2018-11-19,5.841360092163086,6.071332931518555,6.8373332023620605,6.063333034515381,6.702667236328125,13630500
2018-11-20,5.868940830230713,6.099999904632568,6.345333099365234,5.556666851043701,5.572667121887207,21753000
2018-11-21,5.938855171203613,6.172667026519775,6.446000099182129,6.1620001792907715,6.319333076477051,10492500
2018-11-23,5.9362897872924805,6.170000076293945,6.3333330154418945,6.0,6.066667079925537,5686500
2018-11-26,6.2717485427856445,6.518667221069336,6.52133321762085,6.242667198181152,6.433332920074463,10636500
2018-11-27,6.31215763092041,6.560667037963867,6.7133331298828125,6.312666893005371,6.406000137329102,7797000
2018-11-28,6.745753765106201,7.011332988739014,7.01200008392334,6.380667209625244,6.757332801818848,11701500
2018-11-29,6.585400104522705,6.844666957855225,7.051332950592041,6.792666912078857,6.9106669425964355,6813000
2018-11-30,6.856076717376709,7.125999927520752,7.139999866485596,6.636666774749756,6.862667083740234,9060000
2018-12-03,7.410259246826172,7.702000141143799,7.861332893371582,7.480000019073486,7.797332763671875,18288000
2018-12-04,6.329476833343506,6.578667163848877,7.552000045776367,6.566667079925537,7.5233330726623535,18252000
2018-12-06,6.225567817687988,6.470666885375977,6.470666885375977,5.940000057220459,6.03866720199585,21013500
2018-12-07,5.52834939956665,5.745999813079834,6.47333288192749,5.657332897186279,6.427332878112793,19045500
2018-12-10,5.762465476989746,5.989333152770996,6.052000045776367,5.6579999923706055,5.715332984924316,14008500
2018-12-11,5.864450454711914,6.095333099365234,6.510000228881836,5.989333152770996,6.27066707611084,23953500
2018-12-12,6.124222278594971,6.365333080291748,6.627333164215088,6.22866678237915,6.387332916259766,17592000
2018-12-13,6.056232929229736,6.294666767120361,6.574666976928711,6.223999977111816,6.48466682434082,13446000
2018-12-14,5.79774284362793,6.026000022888184,6.409999847412109,6.021999835968018,6.0833330154418945,10413000
2018-12-17,5.580304145812988,5.800000190734863,6.275332927703857,5.691332817077637,5.966667175292969,15946500
2018-12-18,5.8009514808654785,6.029333114624023,6.305333137512207,5.944666862487793,5.946000099182129,13204500
2018-12-19,5.067812919616699,5.267333030700684,6.126667022705078,5.181333065032959,5.971333026885986,29062500
2018-12-20,4.938248634338379,5.132667064666748,5.506667137145996,4.935999870300293,5.24066686630249,19387500
2018-12-21,4.7118306159973145,4.897333145141602,5.414667129516602,4.8379998207092285,5.23199987411499,19287000
2018-12-24,4.30260705947876,4.4720001220703125,4.923333168029785,4.466667175292969,4.768667221069336,13795500
2018-12-26,5.04215669631958,5.24066686630249,5.244667053222656,4.425333023071289,4.652667045593262,17737500
2018-12-27,5.155004024505615,5.338666915893555,5.341332912445068,4.803332805633545,4.956666946411133,12370500
2018-12-28,5.263795375823975,5.451333045959473,5.74666690826416,5.314000129699707,5.454667091369629,17269500
2018-12-31,5.36357307434082,5.554666996002197,5.691332817077637,5.390666961669922,5.638000011444092,12660000
2019-01-02,5.505837917327881,5.702000141143799,5.822000026702881,5.173999786376953,5.180666923522949,13147500
2019-01-03,4.527365684509277,4.688666820526123,5.388667106628418,4.672667026519775,5.315332889556885,28599000
2019-01-04,5.112517833709717,5.294666767120361,5.3566670417785645,4.886666774749756,4.921999931335449,17604000
2019-01-07,5.412497043609619,5.605332851409912,5.754000186920166,5.280666828155518,5.398666858673096,16641000
2019-01-08,5.3294548988342285,5.5193328857421875,5.78266716003418,5.298666954040527,5.775332927703857,14445000
2019-01-09,5.7414445877075195,5.946000099182129,6.021999835968018,5.672667026519775,5.677999973297119,17928000
2019-01-10,5.903019428253174,6.113333225250244,6.137332916259766,5.757332801818848,5.760666847229004,12975000
2019-01-11,6.067816257476807,6.283999919891357,6.451333045959473,5.966667175292969,6.018667221069336,12399000
2019-01-14,5.780711650848389,5.986667156219482,6.118000030517578,5.890666961669922,6.050000190734863,10731000
2019-01-15,5.818691730499268,6.026000022888184,6.243332862854004,5.952000141143799,6.028666973114014,14590500
2019-01-16,5.676427364349365,5.878666877746582,6.179333209991455,5.870666980743408,6.099999904632568,10257000
2019-01-17,5.87276554107666,6.081999778747559,6.176000118255615,5.654666900634766,5.794000148773193,15876000
2019-01-18,6.275740146636963,6.499332904815674,6.616000175476074,6.161333084106445,6.263332843780518,15720000
2019-01-22,5.7478837966918945,5.952667236328125,6.322000026702881,5.813333034515381,6.315332889556885,18655500
2019-01-23,5.628148078918457,5.828667163848877,6.125999927520752,5.6606669425964355,6.067333221435547,15681000
2019-01-24,6.590526580810547,6.825333118438721,6.900000095367432,6.192667007446289,6.192667007446289,32491500
2019-01-25,7.011526584625244,7.261332988739014,7.3420000076293945,6.766666889190674,6.894667148590088,17100000
2019-01-28,6.584088325500488,6.818666934967041,6.994667053222656,6.407332897186279,6.453332901000977,14305500
2019-01-29,6.299560070037842,6.52400016784668,6.906667232513428,6.49666690826416,6.857333183288574,9061500
2019-01-30,6.84608793258667,7.090000152587891,7.1666669845581055,6.656667232513428,6.875999927520752,14400000
2019-01-31,6.851239204406738,7.095333099365234,7.27400016784668,6.900000095367432,7.065999984741211,10894500
2019-02-01,7.090705871582031,7.343332767486572,7.440667152404785,7.1066670417785645,7.1066670417785645,10723500
2019-02-04,7.19756555557251,7.453999996185303,7.455333232879639,7.1666669845581055,7.360000133514404,4450500
2019-02-05,7.29798698425293,7.558000087738037,7.656667232513428,7.409333229064941,7.466667175292969,9172500
2019-02-06,7.884427070617676,8.165332794189453,8.33666706085205,7.826000213623047,7.8333330154418945,17931000
2019-02-07,7.357853889465332,7.619999885559082,7.96733283996582,7.422667026519775,7.866666793823242,18687000
2019-02-08,7.327600002288818,7.588666915893555,7.624667167663574,7.184667110443115,7.2733330726623535,10705500
2019-02-11,7.4325270652771,7.697332859039307,7.748666763305664,7.49066686630249,7.705999851226807,8164500
2019-02-12,7.901163578033447,8.182666778564453,8.235333442687988,7.937333106994629,7.986667156219482,13083000
2019-02-13,7.970043659210205,8.253999710083008,8.442000389099121,8.174667358398438,8.331999778747559,12480000
2019-02-14,8.032486915588379,8.3186674118042,8.5,8.13599967956543,8.13599967956543,11575500
2019-02-15,8.162517547607422,8.453332901000977,8.577333450317383,8.29466724395752,8.53266716003418,10102500
2019-02-19,8.109733581542969,8.398667335510254,8.574666976928711,8.300666809082031,8.304667472839355,7548000
2019-02-20,8.333109855651855,8.630000114440918,8.779333114624023,8.469332695007324,8.472000122070312,9694500
2019-02-21,8.14964485168457,8.4399995803833,8.69333267211914,8.359333038330078,8.652667045593262,11476500
2019-02-22,8.40391731262207,8.703332901000977,8.734000205993652,8.525333404541016,8.642666816711426,12757500
2019-02-25,8.615062713623047,8.92199993133545,9.220666885375977,8.899333000183105,9.133999824523926,12519000
2019-02-26,8.436749458312988,8.737333297729492,8.949333190917969,8.66333293914795,8.829333305358887,8319000
2019-02-27,8.13869857788086,8.428667068481445,8.614666938781738,8.150667190551758,8.614666938781738,15036000
2019-02-28,8.15865707397461,8.449333190917969,8.517333030700684,8.239999771118164,8.324000358581543,7447500
2019-03-01,8.371731758117676,8.670000076293945,8.781999588012695,8.400667190551758,8.702667236328125,10362000
2019-03-04,8.375594139099121,8.673999786376953,8.927332878112793,8.34866714477539,8.864666938781738,14767500
2019-03-05,8.255859375,8.550000190734863,8.71066665649414,8.447999954223633,8.65133285522461,7974000
2019-03-06,7.8522419929504395,8.131999969482422,8.555999755859375,8.119999885559082,8.52400016784668,14940000
2019-03-07,7.585091590881348,7.855332851409912,8.040666580200195,7.71133279800415,8.0,15607500
2019-03-08,7.572861194610596,7.842667102813721,7.861999988555908,7.380000114440918,7.442667007446289,12711000
2019-03-11,8.11295223236084,8.402000427246094,8.512666702270508,7.946667194366455,7.988667011260986,12825000
2019-03-12,8.207581520080566,8.5,8.63266658782959,8.255332946777344,8.458000183105469,10372500
2019-03-13,8.308003425598145,8.604000091552734,8.802666664123535,8.566666603088379,8.635333061218262,8331000
2019-03-14,8.166379928588867,8.457332611083984,8.72599983215332,8.442000389099121,8.609999656677246,6633000
2019-03-15,8.86998176574707,9.185999870300293,9.38466739654541,8.720000267028809,8.76533317565918,22909500
2019-03-18,8.812043190002441,9.12600040435791,9.38466739654541,8.961999893188477,9.244000434875488,10273500
2019-03-19,9.168853759765625,9.478667259216309,9.559332847595215,9.317333221435547,9.362667083740234,13689000
2019-03-20,8.907679557800293,9.208666801452637,9.628666877746582,9.034667015075684,9.465999603271484,13167000
2019-03-21,9.831141471862793,10.16333293914795,10.34866714477539,9.236666679382324,9.236666679382324,21321000
2019-03-22,8.994736671447754,9.298666954040527,10.074000358581543,9.273332595825195,10.011333465576172,18607500
2019-03-25,8.651662826538086,8.944000244140625,9.353333473205566,8.721332550048828,9.14466667175293,23959500
2019-03-26,8.914773941040039,9.215999603271484,9.450667381286621,9.002667427062988,9.31933307647705,17310000
2019-03-27,8.523977279663086,8.812000274658203,9.317333221435547,8.609333038330078,9.233332633972168,19968000
2019-03-28,8.479479789733887,8.765999794006348,9.092000007629395,8.587332725524902,8.890666961669922,11520000
2019-03-29,8.869633674621582,9.169333457946777,9.215332984924316,8.998666763305664,9.074000358581543,12793500
2019-04-01,9.522894859313965,9.844667434692383,9.869333267211914,9.456000328063965,9.577333450317383,18229500
2019-04-02,9.553202629089355,9.87600040435791,9.9486665725708,9.696000099182129,9.829333305358887,8290500
2019-04-03,10.20388126373291,10.548666954040527,10.808667182922363,10.21399974822998,10.236666679382324,30327000
2019-04-04,10.242573738098145,10.588666915893555,10.795332908630371,10.4313325881958,10.435999870300293,14100000
2019-04-05,10.476662635803223,10.830666542053223,10.847332954406738,10.600666999816895,10.792667388916016,7863000
2019-04-08,10.552115440368652,10.908666610717773,10.933333396911621,10.616666793823242,10.683333396911621,7659000
2019-04-09,10.19614315032959,10.540666580200195,10.733332633972168,10.393333435058594,10.733332633972168,16965000
2019-04-10,10.457962989807129,10.811332702636719,10.899999618530273,10.520000457763672,10.53933334350586,13528500
2019-04-11,10.432168006896973,10.784667015075684,11.005332946777344,10.680000305175781,10.866666793823242,9259500
2019-04-12,10.866170883178711,11.233332633972168,11.239333152770996,10.974666595458984,11.09333324432373,12208500
2019-04-15,10.634657859802246,10.994000434875488,11.266667366027832,10.795999526977539,11.22933292388916,9196500
2019-04-16,11.647759437561035,12.041333198547363,12.047332763671875,11.172666549682617,11.199333190917969,19468500
2019-04-17,12.177846908569336,12.589332580566406,13.062666893005371,12.302666664123535,12.733332633972168,16183500
2019-04-18,12.201064109802246,12.613332748413086,12.723999977111816,12.421333312988281,12.601332664489746,9463500
2019-04-22,12.206222534179688,12.618666648864746,12.702667236328125,12.293333053588867,12.433333396911621,4671000
2019-04-23,12.572510719299316,12.997332572937012,13.120667457580566,12.694666862487793,12.777999877929688,8796000
2019-04-24,12.936866760253906,13.37399959564209,13.76200008392334,12.96733283996582,12.96733283996582,11011500
2019-04-25,12.232662200927734,12.645999908447266,13.262666702270508,12.3013334274292,13.262666702270508,12978000
2019-04-26,11.92634391784668,12.329333305358887,12.333333015441895,11.541999816894531,11.928667068481445,13794000
2019-04-29,11.863792419433594,12.264666557312012,12.416000366210938,12.10200023651123,12.371333122253418,4995000
2019-04-30,12.126903533935547,12.536666870117188,12.620667457580566,12.189332962036133,12.209333419799805,6696000
2019-05-01,11.829614639282227,12.22933292388916,13.106666564941406,12.209333419799805,12.934000015258789,12915000
2019-05-02,12.223634719848633,12.636667251586914,13.020000457763672,12.136667251586914,12.165332794189453,13312500
2019-05-03,12.468685150146484,12.890000343322754,12.907999992370605,12.450667381286621,12.863332748413086,8863500
2019-05-06,11.856054306030273,12.256667137145996,12.284667015075684,11.481332778930664,11.605999946594238,17829000
2019-05-07,10.990633010864258,11.362000465393066,11.859333038330078,10.960000038146973,11.8013334274292,24256500
2019-05-08,10.726876258850098,11.089332580566406,11.600000381469727,11.02400016784668,11.125332832336426,12007500
2019-05-09,10.345108985900879,10.694666862487793,10.847999572753906,9.95533275604248,10.566666603088379,18993000
2019-05-10,10.375417709350586,10.72599983215332,10.923333168029785,9.973999977111816,10.47933292388916,20788500
2019-05-13,8.910902976989746,9.211999893188477,9.858667373657227,9.079333305358887,9.662667274475098,24391500
2019-05-14,9.548688888549805,9.871333122253418,10.007332801818848,9.425333023071289,9.553333282470703,17139000
2019-05-15,9.782774925231934,10.113332748413086,10.311332702636719,9.513333320617676,9.522000312805176,14703000
2019-05-16,9.286221504211426,9.600000381469727,9.935333251953125,9.417332649230957,9.666666984558105,21981000
2019-05-17,8.737432479858398,9.03266716003418,9.715332984924316,8.918000221252441,9.155332565307617,24265500
2019-05-20,7.690151691436768,7.949999809265137,8.373332977294922,7.78000020980835,8.223999977111816,26760000
2019-05-21,8.173809051513672,8.449999809265137,8.575332641601562,8.245332717895508,8.466667175292969,19236000
2019-05-22,7.6624226570129395,7.921332836151123,8.178667068481445,7.835999965667725,7.98199987411499,15225000
2019-05-23,7.2748517990112305,7.52066707611084,7.554666996002197,7.154666900634766,7.471333026885986,20860500
2019-05-24,7.085905075073242,7.325333118438721,7.806666851043701,7.310667037963867,7.712666988372803,13459500
2019-05-28,6.893084526062012,7.125999927520752,7.533332824707031,7.095333099365234,7.457333087921143,13249500
2019-05-29,6.986593246459961,7.222667217254639,7.322667121887207,6.9033331871032715,6.950666904449463,20284500
2019-05-30,7.145876884460449,7.387332916259766,7.572000026702881,7.2266669273376465,7.296000003814697,19113000
2019-05-31,6.835690975189209,7.066667079925537,7.430666923522949,7.047999858856201,7.111999988555908,18478500
2019-06-03,6.9014692306518555,7.134666919708252,7.533332824707031,7.010000228881836,7.331999778747559,23410500
2019-06-04,7.777209281921387,8.039999961853027,8.055333137512207,7.326666831970215,7.533332824707031,32151000
2019-06-05,7.622441291809082,7.880000114440918,8.310667037963867,7.569333076477051,8.304667472839355,25533000
2019-06-06,7.939073085784912,8.207332611083984,8.291999816894531,7.826666831970215,7.877333164215088,14176500
2019-06-07,8.18799877166748,8.464667320251465,8.538666725158691,8.227333068847656,8.26533317565918,14091000
2019-06-10,8.826423645019531,9.124667167663574,9.423999786376953,8.787332534790039,8.851332664489746,21726000
2019-06-11,8.89284610748291,9.19333267211914,9.666666984558105,8.994000434875488,9.637999534606934,18606000
2019-06-12,8.265381813049316,8.54466724395752,8.946666717529297,8.517333030700684,8.92199993133545,11925000
2019-06-13,8.422086715698242,8.706666946411133,8.803333282470703,8.5,8.768667221069336,11455500
2019-06-14,7.754641532897949,8.016667366027832,8.143333435058594,7.8520002365112305,7.933332920074463,14856000
2019-06-17,7.598580360412598,7.855332851409912,8.11066722869873,7.838666915893555,8.033332824707031,8601000
2019-06-18,8.58975601196289,8.880000114440918,9.039999961853027,8.093999862670898,8.14466667175293,26061000
2019-06-19,8.606523513793945,8.897333145141602,9.08133316040039,8.755332946777344,9.026666641235352,13185000
2019-06-20,8.845126152038574,9.144000053405762,9.552666664123535,9.010666847229004,9.471332550048828,19162500
2019-06-21,8.662625312805176,8.95533275604248,9.24666690826416,8.923999786376953,9.010666847229004,12225000
2019-06-24,8.720019340515137,9.014666557312012,9.133333206176758,8.927332878112793,9.013999938964844,9433500
2019-06-25,8.349589347839355,8.619333267211914,9.170666694641113,8.587332725524902,9.025333404541016,12205500
2019-06-26,9.134237289428711,9.429332733154297,9.593999862670898,9.142000198364258,9.188667297363281,19284000
2019-06-27,9.537220001220703,9.845333099365234,10.001333236694336,9.603333473205566,9.603333473205566,13567500
2019-06-28,9.57661247253418,9.88599967956543,10.157333374023438,9.824666976928711,10.12600040435791,11226000
2019-07-01,10.35157585144043,10.685999870300293,11.4399995803833,10.4399995803833,11.180000305175781,21082500
2019-07-02,9.917597770690918,10.23799991607666,10.5600004196167,10.103333473205566,10.5600004196167,12142500
2019-07-03,9.763250350952148,10.078666687011719,10.27733325958252,9.876667022705078,10.27733325958252,9478500
2019-07-05,9.607612609863281,9.918000221252441,9.951333045959473,9.588666915893555,9.75,9699000
2019-07-08,9.37512493133545,9.678000450134277,9.778667449951172,9.516667366027832,9.64466667175293,8194500
2019-07-09,9.591465950012207,9.90133285522461,9.928667068481445,9.458666801452637,9.53600025177002,9168000
2019-07-10,9.792957305908203,10.109333038330078,10.530667304992676,10.059332847595215,10.230667114257812,16626000
2019-07-11,9.86722469329834,10.185999870300293,10.311332702636719,10.007332801818848,10.260000228881836,8664000
2019-07-12,10.431011199951172,10.767999649047852,10.778667449951172,10.268667221069336,10.295332908630371,12400500
2019-07-15,10.673834800720215,11.018667221069336,11.166666984558105,10.833333015441895,10.933333396911621,8479500
2019-07-16,10.328328132629395,10.661999702453613,10.932666778564453,10.499333381652832,10.859333038330078,9934500
2019-07-17,10.414865493774414,10.751333236694336,10.925333023071289,10.65133285522461,10.895999908447266,7201500
2019-07-18,10.89211368560791,11.244000434875488,11.302666664123535,10.774666786193848,10.795999526977539,13081500
2019-07-19,10.819785118103027,11.169333457946777,11.5,11.150667190551758,11.395999908447266,9180000
2019-07-22,11.453315734863281,11.823332786560059,11.880000114440918,11.34000015258789,11.364666938781738,13075500
2019-07-23,11.889233589172363,12.273332595825195,12.273332595825195,11.87399959564209,12.069999694824219,10419000
2019-07-24,12.972890853881836,13.392000198364258,13.473999977111816,12.512666702270508,12.533332824707031,23553000
2019-07-25,12.314818382263184,12.712667465209961,13.146666526794434,12.609999656677246,13.143333435058594,14809500
2019-07-26,12.305776596069336,12.703332901000977,12.990667343139648,12.685333251953125,12.969332695007324,8842500
2019-07-29,12.400710105895996,12.8013334274292,12.863332748413086,12.321999549865723,12.600000381469727,7939500
2019-07-30,12.316755294799805,12.714667320251465,12.804667472839355,12.322667121887207,12.456000328063965,5961000
2019-07-31,11.12718677520752,11.486666679382324,12.510666847229004,11.109333038330078,12.510666847229004,21309000
2019-08-01,10.459425926208496,10.797332763671875,12.312666893005371,10.506667137145996,11.36400032043457,25618500
2019-08-02,9.969261169433594,10.291333198547363,10.736000061035156,10.033332824707031,10.453332901000977,16612500
2019-08-05,8.666677474975586,8.946666717529297,9.430000305175781,8.70199966430664,9.386667251586914,22728000
2019-08-06,9.014763832092285,9.305999755859375,9.666000366210938,9.005999565124512,9.417332649230957,20334000
2019-08-07,9.204627990722656,9.501999855041504,9.571332931518555,8.866666793823242,8.887332916259766,19701000
2019-08-08,9.956992149353027,10.278667449951172,10.278667449951172,9.559332847595215,9.791333198547363,18787500
2019-08-09,9.400309562683105,9.704000473022461,10.070667266845703,9.505999565124512,9.947333335876465,17550000
2019-08-12,9.063199996948242,9.355999946594238,9.704000473022461,9.202667236328125,9.463333129882812,12654000
2019-08-13,9.863349914550781,10.182000160217285,10.411333084106445,9.133999824523926,9.319999694824219,19845000
2019-08-14,8.938558578491211,9.227333068847656,9.721332550048828,9.074666976928711,9.479999542236328,27957000
2019-08-15,8.864937782287598,9.15133285522461,9.473333358764648,8.928667068481445,9.473333358764648,14976000
2019-08-16,9.59017562866211,9.899999618530273,9.977333068847656,9.479999542236328,9.545332908630371,16189500
2019-08-19,10.141044616699219,10.468667030334473,10.714667320251465,10.313332557678223,10.591333389282227,15972000
2019-08-20,9.980240821838379,10.302666664123535,10.524666786193848,10.13599967956543,10.393333435058594,8716500
2019-08-21,10.263104438781738,10.594667434692383,10.733332633972168,10.432000160217285,10.633333206176758,9754500
2019-08-22,10.25212287902832,10.583333015441895,10.755332946777344,10.246000289916992,10.653332710266113,9760500
2019-08-23,8.923705101013184,9.211999893188477,10.436667442321777,9.106666564941406,10.173333168029785,31515000
2019-08-26,9.144573211669922,9.4399995803833,9.685999870300293,9.325332641601562,9.66866683959961,11319000
2019-08-27,9.048993110656738,9.341333389282227,9.766667366027832,9.180000305175781,9.676667213439941,11251500
2019-08-28,9.21496295928955,9.512666702270508,9.552666664123535,9.000666618347168,9.194666862487793,10600500
2019-08-29,9.838809967041016,10.15666675567627,10.347999572753906,9.933333396911621,9.933333396911621,18906000
2019-08-30,10.006720542907715,10.329999923706055,10.59866714477539,10.170000076293945,10.440667152404785,10582500
2019-09-03,9.486201286315918,9.792667388916016,10.102666854858398,9.62399959564209,10.000666618347168,12528000
2019-09-04,10.261809349060059,10.59333324432373,10.607333183288574,10.251333236694336,10.265999794006348,19119000
2019-09-05,11.220182418823242,11.582667350769043,11.950667381286621,11.22599983215332,11.270000457763672,17769000
2019-09-06,11.265385627746582,11.629332542419434,11.75333309173584,11.400667190551758,11.640000343322754,7131000
2019-09-09,11.423611640930176,11.792667388916016,12.084667205810547,11.646666526794434,11.853333473205566,9319500
2019-09-10,11.574081420898438,11.947999954223633,11.947999954223633,11.37399959564209,11.607999801635742,7002000
2019-09-11,12.09266185760498,12.483332633972168,12.483332633972168,11.899999618530273,12.119333267211914,9793500
2019-09-12,12.199219703674316,12.59333324432373,12.937999725341797,12.333999633789062,12.800666809082031,11793000
2019-09-13,12.088787078857422,12.47933292388916,12.703332901000977,12.280667304992676,12.597332954406738,6118500
2019-09-16,11.84273624420166,12.225333213806152,12.393333435058594,11.887999534606934,12.133333206176758,6535500
2019-09-17,11.950586318969727,12.33666706085205,12.359333038330078,11.934000015258789,12.143333435058594,5451000
2019-09-18,11.973832130432129,12.36066722869873,12.374667167663574,11.833999633789062,12.291999816894531,8751000
2019-09-19,11.791715621948242,12.172666549682617,12.55666732788086,12.11733341217041,12.472000122070312,7227000
2019-09-20,11.134289741516113,11.494000434875488,12.319999694824219,11.333333015441895,12.319999694824219,11719500
2019-09-23,11.474625587463379,11.845333099365234,12.03266716003418,11.425999641418457,11.425999641418457,8188500
2019-09-24,10.919099807739258,11.251999855041504,12.104666709899902,11.0686674118042,12.092000007629395,18163500
2019-09-25,11.477411270141602,11.827333450317383,11.938667297363281,10.795332908630371,11.067333221435547,11985000
2019-09-26,11.513639450073242,11.864666938781738,11.966667175292969,11.511333465576172,11.838666915893555,10096500
2019-09-27,10.674554824829102,11.0,11.73799991607666,10.749333381652832,11.607333183288574,17278500
2019-09-30,11.01225757598877,11.347999572753906,11.38266658782959,11.017333030700684,11.199999809265137,7299000
2019-10-01,10.710783004760742,11.037332534790039,11.986666679382324,10.910667419433594,11.573332786560059,14653500
2019-10-02,10.205522537231445,10.516667366027832,10.83666706085205,10.30666732788086,10.709333419799805,19338000
2019-10-03,10.727606773376465,11.054667472839355,11.079999923706055,10.145999908447266,10.535332679748535,17961000
2019-10-04,11.309205055236816,11.654000282287598,11.666666984558105,11.136667251586914,11.163999557495117,13695000
2019-10-07,11.05172348022461,11.388667106628418,11.762666702270508,11.383999824523926,11.553333282470703,9079500
2019-10-08,10.035377502441406,10.341333389282227,11.058667182922363,10.311332702636719,11.033332824707031,25107000
2019-10-09,10.541281700134277,10.862667083740234,11.065999984741211,10.671333312988281,10.766667366027832,15838500
2019-10-10,10.84793472290039,11.178667068481445,11.516667366027832,10.904000282287598,10.941332817077637,18492000
2019-10-11,11.576391220092773,11.929332733154297,12.336000442504883,11.762666702270508,11.800000190734863,27876000
2019-10-14,11.574450492858887,11.927332878112793,12.0,11.750666618347168,11.887999534606934,7069500
2019-10-15,12.3333158493042,12.709333419799805,12.795999526977539,12.096667289733887,12.131999969482422,19419000
2019-10-16,11.797002792358398,12.15666675567627,12.691332817077637,12.077333450317383,12.526000022888184,15471000
2019-10-17,11.92056655883789,12.284000396728516,12.701333045959473,12.043333053588867,12.595999717712402,12418500
2019-10-18,11.522695541381836,11.87399959564209,12.290666580200195,11.513999938964844,12.203332901000977,14661000
2019-10-21,12.178049087524414,12.549332618713379,12.55666732788086,12.113332748413086,12.158666610717773,11613000
2019-10-22,11.893393516540527,12.255999565124512,12.699333190917969,12.23799991607666,12.619999885559082,9618000
2019-10-23,11.201812744140625,11.543333053588867,11.866666793823242,11.316666603088379,11.576000213623047,15555000
2019-10-24,12.014372825622559,12.380666732788086,12.398667335510254,11.934000015258789,12.0,14469000
2019-10-25,12.753829002380371,13.142666816711426,13.173333168029785,12.44333267211914,12.456000328063965,18265500
2019-10-28,13.422764778137207,13.831999778747559,13.888667106628418,13.391332626342773,13.400667190551758,15250500
2019-10-29,13.070829391479492,13.469332695007324,14.165332794189453,13.423333168029785,13.898667335510254,10779000
2019-10-30,13.072772026062012,13.471332550048828,13.743332862854004,13.173333168029785,13.743332862854004,8559000
2019-10-31,12.826932907104492,13.218000411987305,13.345999717712402,12.710000038146973,13.303999900817871,9952500
2019-11-01,13.71130084991455,14.129332542419434,14.129332542419434,13.434666633605957,13.595333099365234,10477500
2019-11-04,14.609261512756348,15.054667472839355,15.131333351135254,14.628666877746582,14.665332794189453,12294000
2019-11-05,14.693364143371582,15.141332626342773,15.477333068847656,14.970000267028809,15.236000061035156,9777000
2019-11-06,14.362130165100098,14.800000190734863,15.066666603088379,14.345999717712402,15.060667037963867,11104500
2019-11-07,14.644194602966309,15.090666770935059,15.5686674118042,14.881333351135254,15.510000228881836,12427500
2019-11-08,14.877741813659668,15.33133316040039,15.33133316040039,14.638667106628418,14.906000137329102,7299000
2019-11-11,14.635785102844238,15.081999778747559,15.175333023071289,14.748666763305664,14.925999641418457,6657000
2019-11-12,14.76517391204834,15.215332984924316,15.559332847595215,15.008000373840332,15.305999755859375,13849500
2019-11-13,14.756762504577637,15.206666946411133,15.353333473205566,14.733332633972168,14.888667106628418,12061500
2019-11-14,14.635138511657715,15.08133316040039,15.12733268737793,14.741999626159668,15.055333137512207,11265000
2019-11-15,15.01554012298584,15.473333358764648,15.866666793823242,15.280667304992676,15.619333267211914,14211000
2019-11-18,14.924321174621582,15.379332542419434,15.675333023071289,15.13466739654541,15.484000205993652,8130000
2019-11-19,14.693364143371582,15.141332626342773,15.663999557495117,14.898667335510254,15.566666603088379,12429000
2019-11-20,14.188101768493652,14.620667457580566,15.167332649230957,14.285332679748535,14.895333290100098,17808000
2019-11-21,13.703537940979004,14.121333122253418,14.542667388916016,13.958000183105469,14.40666675567627,15439500
2019-11-22,13.696422576904297,14.11400032043457,14.489999771118164,14.0,14.343999862670898,10084500
2019-11-25,14.692716598510742,15.140666961669922,15.16333293914795,14.517999649047852,14.533332824707031,14046000
2019-11-26,14.494102478027344,14.935999870300293,15.094667434692383,14.739999771118164,15.063332557678223,10887000
2019-11-27,14.804635047912598,15.255999565124512,15.275333404541016,15.054667472839355,15.167332649230957,7248000
2019-11-29,14.325900077819824,14.762666702270508,15.070667266845703,14.71399974822998,15.03600025177002,4399500
2019-12-02,13.695775032043457,14.113332748413086,14.878666877746582,14.035332679748535,14.774666786193848,13189500
2019-12-03,13.069537162780762,13.468000411987305,13.475333213806152,12.979999542236328,13.153332710266113,14646000
2019-12-04,13.683486938476562,14.100666999816895,14.243332862854004,13.933333396911621,14.065999984741211,8785500
2019-12-05,13.847808837890625,14.270000457763672,14.483332633972168,14.088666915893555,14.316666603088379,7833000
2019-12-06,14.491518020629883,14.933333396911621,15.017999649047852,14.727333068847656,14.756667137145996,9769500
2019-12-09,14.246973037719727,14.6813325881958,15.052000045776367,14.673999786376953,14.933333396911621,4908000
2019-12-10,14.405472755432129,14.844667434692383,15.150667190551758,14.697999954223633,14.87600040435791,7432500
2019-12-11,15.35000991821289,15.817999839782715,15.851332664489746,14.96733283996582,15.023332595825195,11976000
2019-12-12,16.595373153686523,17.101333618164062,17.149999618530273,15.720000267028809,15.73466682434082,20947500
2019-12-13,16.322364807128906,16.81999969482422,17.61199951171875,16.60066795349121,17.053333282470703,21313500
2019-12-16,16.785573959350586,17.297332763671875,17.75933265686035,17.281333923339844,17.386667251586914,10213500
2019-12-17,17.006187438964844,17.524667739868164,17.656667709350586,17.266666412353516,17.56333351135254,9778500
2019-12-18,16.98160171508789,17.499332427978516,17.666667938232422,17.32666778564453,17.57933235168457,7486500
2019-12-19,17.38076400756836,17.910667419433594,17.92733383178711,17.46733283996582,17.667333602905273,7558500
2019-12-20,17.93907356262207,18.486000061035156,18.577333450317383,18.03733253479004,18.214000701904297,10882500
2019-12-23,18.060047149658203,18.591333389282227,18.92066764831543,18.534000396728516,18.913333892822266,11043000
2019-12-24,18.194103240966797,18.729333877563477,18.729333877563477,18.39933204650879,18.67333221435547,3774000
2019-12-26,18.26275062561035,18.799999237060547,18.873332977294922,18.554000854492188,18.829999923706055,5878500
2019-12-27,18.059404373168945,18.590667724609375,18.99066734313965,18.44066619873047,18.99066734313965,7303500
2019-12-30,17.67925262451172,18.19933319091797,18.536666870117188,17.774667739868164,18.51066780090332,9241500
2019-12-31,17.79776954650879,18.321332931518555,18.381332397460938,17.869333267211914,17.916000366210938,5722500
2020-01-02,18.907777786254883,19.464000701904297,19.465999603271484,18.752666473388672,19.0086669921875,10438500
2020-01-03,17.886486053466797,18.41266632080078,18.885332107543945,18.274667739868164,18.5,14713500
2020-01-06,17.31917953491211,17.82866668701172,17.996667861938477,17.429332733154297,17.733999252319336,11313000
2020-01-07,18.212238311767578,18.74799919128418,19.006000518798828,18.123332977294922,18.40399932861328,10441500
2020-01-08,18.25238800048828,18.78933334350586,19.123332977294922,18.486000061035156,18.82666778564453,10024500
2020-01-09,18.567777633666992,19.11400032043457,19.482667922973633,18.547332763671875,19.465999603271484,11472000
2020-01-10,18.188278198242188,18.72333335876465,19.381999969482422,18.583999633789062,19.375999450683594,11304000
2020-01-13,18.90129852294922,19.457332611083984,19.501333236694336,18.920000076293945,19.126667022705078,8160000
2020-01-14,19.023056030273438,19.582666397094727,20.01799964904785,19.222667694091797,19.470666885375977,9610500
2020-01-15,18.337228775024414,18.876667022705078,19.623332977294922,18.666667938232422,19.573333740234375,11518500
2020-01-16,19.25619125366211,19.82266616821289,19.823999404907227,19.299999237060547,19.343332290649414,10807500
2020-01-17,19.629867553710938,20.207332611083984,20.236000061035156,19.747333526611328,20.077333450317383,11839500
2020-01-21,19.593603134155273,20.170000076293945,20.399999618530273,19.933332443237305,19.95599937438965,6961500
2020-01-22,20.06118392944336,20.65133285522461,21.291332244873047,20.465999603271484,20.634000778198242,10747500
2020-01-23,20.519046783447266,21.12266731262207,21.133333206176758,20.248666763305664,20.890666961669922,9354000
2020-01-24,19.8254451751709,20.408666610717773,22.066667556762695,19.957332611083984,21.950666427612305,19885500
2020-01-27,17.525760650634766,18.041332244873047,18.796667098999023,17.937332153320312,18.586000442504883,19500000
2020-01-28,18.780195236206055,19.332666397094727,19.496667861938477,18.333332061767578,18.733333587646484,14221500
2020-01-29,17.744661331176758,18.266666412353516,19.24333381652832,18.202667236328125,19.117332458496094,12270000
2020-01-30,17.678604125976562,18.198667526245117,18.37266731262207,17.143333435058594,17.900667190551758,17106000
2020-01-31,15.776557922363281,16.24066734313965,17.78066635131836,16.034000396728516,17.757999420166016,22954500
2020-02-03,16.378835678100586,16.860666275024414,16.94066619873047,16.402666091918945,16.468000411987305,13681500
2020-02-04,17.90656280517578,18.433332443237305,18.469999313354492,17.892000198364258,18.13599967956543,15466500
2020-02-05,19.078750610351562,19.639999389648438,19.720666885375977,18.825332641601562,19.413333892822266,19452000
2020-02-06,19.09105110168457,19.652666091918945,19.72333335876465,18.946666717529297,19.701332092285156,12234000
2020-02-07,17.7440128326416,18.266000747680664,19.15333366394043,18.233333587646484,19.07466697692871,16014000
2020-02-10,18.54770278930664,19.093332290649414,19.093332290649414,17.833332061767578,17.841333389282227,11137500
2020-02-11,19.66095542907715,20.23933219909668,20.535999298095703,19.599332809448242,19.61199951171875,16857000
2020-02-12,20.52487564086914,21.1286678314209,21.227333068847656,20.799999237060547,20.892667770385742,11917500
2020-02-13,20.57020378112793,21.17533302307129,21.625333786010742,20.514667510986328,20.562667846679688,13008000
2020-02-14,20.43808937072754,21.03933334350586,21.906667709350586,20.6646671295166,21.650667190551758,11269500
2020-02-18,19.589065551757812,20.165332794189453,20.28266716003418,19.733999252319336,19.933332443237305,16186500
2020-02-19,21.11096954345703,21.73200035095215,21.810667037963867,20.93666648864746,20.989999771118164,13075500
2020-02-20,20.167388916015625,20.76066780090332,21.666667938232422,19.77400016784668,21.46666717529297,20755500
2020-02-21,18.35665512084961,18.89666748046875,20.366666793823242,18.666667938232422,20.344667434692383,25333500
2020-02-24,15.73769760131836,16.200666427612305,17.014667510986328,15.934666633605957,16.222000122070312,30187500
2020-02-25,14.292223930358887,14.712667465209961,16.922666549682617,14.45199966430664,16.893999099731445,38751000
2020-02-26,14.412034034729004,14.836000442504883,15.772000312805176,14.533332824707031,15.0686674118042,33132000
2020-02-27,12.377870559692383,12.741999626159668,14.342000007629395,12.658666610717773,13.4399995803833,38827500
2020-02-28,13.276115417480469,13.666666984558105,13.866000175476074,11.446666717529297,11.466667175292969,45580500
2020-03-02,14.590774536132812,15.020000457763672,15.02066707611084,13.02066707611084,14.5,36516000
2020-03-03,13.113560676574707,13.499333381652832,15.822667121887207,13.118000030517578,15.210000038146973,32919000
2020-03-04,15.033093452453613,15.475333213806152,15.489999771118164,13.736000061035156,14.30666732788086,20538000
2020-03-05,13.684760093688965,14.087332725524902,15.28600025177002,13.734000205993652,14.190667152404785,23968500
2020-03-06,12.862287521362305,13.240667343139648,13.565999984741211,12.199999809265137,13.0,26310000
2020-03-09,9.603487014770508,9.88599967956543,11.792667388916016,9.866666793823242,10.135333061218262,31191000
2020-03-10,11.436885833740234,11.773332595825195,11.773332595825195,9.933333396911621,11.128000259399414,33006000
2020-03-11,9.496631622314453,9.776000022888184,11.13266658782959,9.420000076293945,10.719332695007324,33735000
2020-03-12,6.608267307281494,6.802667140960693,8.915332794189453,6.801332950592041,7.77400016784668,47734500
2020-03-13,8.413818359375,8.661333084106445,8.733332633972168,6.533332824707031,8.074000358581543,43620000
2020-03-16,5.166674613952637,5.318666934967041,7.097332954406738,5.266666889190674,5.98533296585083,47341500
2020-03-17,5.680233478546143,5.847332954406738,5.992000102996826,4.380667209625244,5.320000171661377,73488000
2020-03-18,4.209499359130859,4.3333330154418945,5.263999938964844,3.566667079925537,4.6006669998168945,67953000
2020-03-19,4.528773307800293,4.6620001792907715,5.065999984741211,3.8499999046325684,4.215332984924316,67534500
2020-03-20,4.141500473022461,4.263332843780518,5.432666778564453,4.25333309173584,5.220666885375977,63204000
2020-03-23,4.52683162689209,4.659999847412109,4.938666820526123,4.0873332023620605,4.533332824707031,63927000
2020-03-24,6.077614784240723,6.249332904815674,6.265999794006348,5.547332763671875,5.570000171661377,67669500
2020-03-25,5.839672088623047,6.004666805267334,7.013332843780518,5.707333087921143,6.363333225250244,65236500
2020-03-26,7.007346153259277,7.205333232879639,7.266666889190674,6.266666889190674,6.469333171844482,55215000
2020-03-27,5.928496360778809,6.0960001945495605,6.815332889556885,6.048666954040527,6.47866678237915,51672000
2020-03-30,6.566469669342041,6.751999855041504,6.798666954040527,6.157332897186279,6.330667018890381,39718500
2020-03-31,6.142450332641602,6.315999984741211,7.082666873931885,6.164000034332275,6.76200008392334,50964000
2020-04-01,5.148532390594482,5.294000148773193,6.156000137329102,5.1066670417785645,5.687333106994629,47541000
2020-04-02,5.619881629943848,5.778666973114014,5.797332763671875,5.175333023071289,5.184000015258789,43654500
2020-04-03,5.28598165512085,5.435332775115967,5.960667133331299,5.208000183105469,5.783999919891357,43627500
2020-04-06,6.907501697540283,7.102666854858398,7.179333209991455,6.125999927520752,6.133333206176758,51997500
2020-04-07,6.820621967315674,7.013332843780518,7.97933292388916,6.9806671142578125,7.909333229064941,79462500
2020-04-08,7.503981113433838,7.716000080108643,7.802000045776367,7.064000129699707,7.3933329582214355,50287500
2020-04-09,7.011885643005371,7.210000038146973,8.22933292388916,6.986000061035156,8.040666580200195,75898500
2020-04-13,7.264740943908691,7.46999979019165,7.5233330726623535,6.9633331298828125,7.159999847412109,36957000
2020-04-14,8.229482650756836,8.461999893188477,8.492667198181152,7.940667152404785,7.992667198181152,51487500
2020-04-15,7.561683177947998,7.775332927703857,7.973999977111816,7.505332946777344,7.972667217254639,37128000
2020-04-16,8.11796760559082,8.347332954406738,8.434666633605957,7.834000110626221,8.157333374023438,47277000
2020-04-17,8.328681945800781,8.564000129699707,8.887999534606934,8.266667366027832,8.856666564941406,47445000
2020-04-20,7.791199684143066,8.011333465576172,8.566666603088379,8.0,8.200667381286621,35502000
2020-04-21,6.696788311004639,6.886000156402588,7.77400016784668,6.767333030700684,7.642666816711426,60042000
2020-04-22,7.818430423736572,8.03933334350586,8.183333396911621,7.413332939147949,7.495333194732666,37150500
2020-04-23,7.620035171508789,7.835332870483398,8.33666706085205,7.75333309173584,8.080666542053223,42906000
2020-04-24,8.105000495910645,8.333999633789062,8.378000259399414,7.626667022705078,7.863999843597412,34429500
2020-04-27,8.432415962219238,8.670666694641113,8.917332649230957,8.543999671936035,8.666666984558105,42303000
2020-04-28,8.300800323486328,8.535332679748535,9.288000106811523,8.501999855041504,9.13266658782959,55147500
2020-04-29,9.491816520690918,9.760000228881836,9.850000381469727,8.9313325881958,8.971332550048828,42030000
2020-04-30,8.494009017944336,8.734000205993652,9.655332565307617,8.668000221252441,9.624667167663574,55264500
2020-05-01,7.203148365020752,7.406667232513428,8.166666984558105,7.320000171661377,8.133333206176758,65224500
2020-05-04,7.405433177947998,7.614666938781738,7.636000156402588,7.133999824523926,7.208666801452637,35217000
2020-05-05,7.780826091766357,8.000666618347168,8.434666633605957,7.847332954406738,8.050666809082031,47706000
2020-05-06,8.050539016723633,8.277999877929688,8.657999992370605,8.21399974822998,8.266667366027832,46401000
2020-05-07,8.286538124084473,8.52066707611084,8.819999694824219,8.386667251586914,8.712667465209961,32518500
2020-05-08,9.0107421875,9.26533317565918,9.281999588012695,8.694000244140625,8.78266716003418,38311500
2020-05-11,8.986105918884277,9.239999771118164,9.482666969299316,8.939332962036133,8.962667465209961,27099000
2020-05-12,8.224294662475586,8.456666946411133,9.517999649047852,8.456666946411133,9.434666633605957,34702500
2020-05-13,7.781473636627197,8.001333236694336,8.739999771118164,7.625332832336426,8.685333251953125,53503500
2020-05-14,8.403242111206055,8.640666961669922,8.666666984558105,7.400000095367432,7.813333034515381,54496500
2020-05-15,7.8767805099487305,8.099332809448242,8.191332817077637,7.639999866485596,7.7866668701171875,55647000
2020-05-18,8.978974342346191,9.232666969299316,9.350000381469727,8.666666984558105,8.666666984558105,42394500
2020-05-19,8.871346473693848,9.121999740600586,9.762666702270508,9.107333183288574,9.185999870300293,40813500
2020-05-20,9.880175590515137,10.159333229064941,10.313332557678223,9.671333312988281,9.676667213439941,39808500
2020-05-21,9.112531661987305,9.369999885559082,10.164667129516602,9.324000358581543,10.156000137329102,37935000
2020-05-22,9.244794845581055,9.505999565124512,9.53266716003418,9.034000396728516,9.449333190917969,25134000
2020-05-26,9.531367301940918,9.800666809082031,10.387999534606934,9.748666763305664,10.249333381652832,41682000
2020-05-27,9.938528060913086,10.219332695007324,10.226667404174805,9.045999526977539,9.918000221252441,41941500
2020-05-28,9.286290168762207,9.548666954040527,10.418000221252441,9.399999618530273,10.053333282470703,33565500
2020-05-29,9.991695404052734,10.27400016784668,10.378000259399414,9.566666603088379,9.677332878112793,38440500
2020-06-01,9.867859840393066,10.146666526794434,10.27400016784668,9.866666793823242,10.071999549865723,21564000
2020-06-02,10.503240585327148,10.800000190734863,10.800000190734863,10.073332786560059,10.232000350952148,34992000
2020-06-03,11.423893928527832,11.74666690826416,11.876667022705078,11.219332695007324,11.219332695007324,30483000
2020-06-04,11.724726676940918,12.055999755859375,12.314000129699707,11.477999687194824,11.643333435058594,31461000
2020-06-05,12.578603744506836,12.934000015258789,13.466667175292969,12.826666831970215,12.927332878112793,26946000
2020-06-08,12.502097129821777,12.85533332824707,13.260666847229004,12.457332611083984,13.260666847229004,25800000
2020-06-09,12.523493766784668,12.87733268737793,13.010000228881836,12.281332969665527,12.41333293914795,22317000
2020-06-10,12.638897895812988,12.996000289916992,13.38266658782959,12.85533332824707,13.153332710266113,23647500
2020-06-11,10.227043151855469,10.515999794006348,12.156000137329102,10.501333236694336,12.001333236694336,47562000
2020-06-12,10.651062965393066,10.95199966430664,11.59866714477539,10.259332656860352,11.491999626159668,35401500
2020-06-15,11.118521690368652,11.432666778564453,11.461999893188477,10.11533260345459,10.260666847229004,29254500
2020-06-16,11.707871437072754,12.038666725158691,12.621333122253418,11.432666778564453,12.406000137329102,30856500
2020-06-17,12.03204345703125,12.371999740600586,12.66866683959961,12.133999824523926,12.295999526977539,21156000
2020-06-18,11.976288795471191,12.314666748046875,12.480667114257812,12.10200023651123,12.206666946411133,13989000
2020-06-19,11.735102653503418,12.066666603088379,12.859999656677246,12.005999565124512,12.739333152770996,29616000
2020-06-22,12.048901557922363,12.38933277130127,12.449333190917969,11.708000183105469,12.126667022705078,19461000
2020-06-23,12.154247283935547,12.4913330078125,12.880000114440918,12.421333312988281,12.62399959564209,18909000
2020-06-24,11.337563514709473,11.652000427246094,12.484000205993652,11.368000030517578,12.258000373840332,31200000
2020-06-25,11.616494178771973,11.938667297363281,11.9913330078125,11.09000015258789,11.638667106628418,21685500
2020-06-26,10.921113014221191,11.223999977111816,12.005332946777344,11.157999992370605,11.800000190734863,21492000
2020-06-29,11.296698570251465,11.609999656677246,11.619333267211914,10.833999633789062,11.248000144958496,17931000
2020-06-30,12.208735466003418,12.547332763671875,12.649333000183105,11.74666690826416,11.74666690826416,32251500
2020-07-01,11.698226928710938,12.022666931152344,12.562000274658203,11.989333152770996,12.555333137512207,21469500
2020-07-02,12.133491516113281,12.470000267028809,12.803999900817871,12.328666687011719,12.52733325958252,24289500
2020-07-06,13.10650634765625,13.470000267028809,13.594667434692383,13.088000297546387,13.10533332824707,21822000
2020-07-07,12.621943473815918,12.972000122070312,13.613332748413086,12.899999618530273,13.298666954040527,17728500
2020-07-08,13.144126892089844,13.5086669921875,13.533332824707031,12.954667091369629,13.300000190734863,14014500
2020-07-09,13.666959762573242,14.045999526977539,14.292667388916016,13.069999694824219,13.666666984558105,25341000
2020-07-10,13.530738830566406,13.906000137329102,14.197999954223633,13.481332778930664,14.073332786560059,16764000
2020-07-13,12.85546588897705,13.211999893188477,14.961333274841309,13.133333206176758,14.492667198181152,24480000
2020-07-14,13.536577224731445,13.911999702453613,13.961999893188477,12.40133285522461,12.993332862854004,25491000
2020-07-15,13.401001930236816,13.772666931152344,14.21066665649414,13.133333206176758,14.199999809265137,20254500
2020-07-16,13.237537384033203,13.604666709899902,13.76533317565918,13.126667022705078,13.333999633789062,13903500
2020-07-17,13.482735633850098,13.856666564941406,14.00333309173584,13.600000381469727,13.854000091552734,12028500
2020-07-20,14.313691139221191,14.71066665649414,14.774666786193848,13.62733268737793,13.92199993133545,16717500
2020-07-21,14.010757446289062,14.399333000183105,15.035332679748535,14.246000289916992,14.965332984924316,16822500
2020-07-22,14.178766250610352,14.571999549865723,14.903332710266113,14.21733283996582,14.533332824707031,13956000
2020-07-23,13.518413543701172,13.893333435058594,14.940667152404785,13.510000228881836,14.552000045776367,22534500
2020-07-24,12.874277114868164,13.231332778930664,13.833333015441895,12.630666732788086,13.157999992370605,19546500
2020-07-27,14.093791961669922,14.48466682434082,14.500666618347168,13.715332984924316,13.733332633972168,17731500
2020-07-28,13.26024055480957,13.628000259399414,14.231332778930664,13.553333282470703,14.231332778930664,20592000
2020-07-29,14.119088172912598,14.510666847229004,14.652667045593262,13.954667091369629,14.050000190734863,19687500
2020-07-30,14.945503234863281,15.359999656677246,15.375332832336426,14.299332618713379,14.310667037963867,25672500
2020-07-31,14.69316577911377,15.100666999816895,15.475333213806152,14.447333335876465,15.473999977111816,26299500
2020-08-03,15.567582130432129,15.999333381652832,16.077999114990234,15.390000343322754,15.390666961669922,16984500
2020-08-04,16.236370086669922,16.68666648864746,16.71066665649414,15.88266658782959,15.926667213439941,12100500
2020-08-05,16.204578399658203,16.65399932861328,16.85066795349121,16.266666412353516,16.634666442871094,12822000
2020-08-06,16.14554786682129,16.593332290649414,16.67333221435547,16.086000442504883,16.53733253479004,10840500
2020-08-07,15.596773147583008,16.029333114624023,16.733333587646484,15.444000244140625,16.474666595458984,17872500
2020-08-10,15.6065034866333,16.03933334350586,16.232667922973633,15.334667205810547,16.124666213989258,11625000
2020-08-11,15.089509963989258,15.508000373840332,16.474000930786133,15.383333206176758,15.994000434875488,15201000
2020-08-12,16.609355926513672,17.06999969482422,17.155332565307617,15.774666786193848,15.905332565307617,18397500
2020-08-13,16.065763473510742,16.511333465576172,17.077333450317383,16.268667221069336,17.077333450317383,12742500
2020-08-14,16.009328842163086,16.453332901000977,17.06599998474121,16.308666229248047,16.65333366394043,12001500
2020-08-17,16.615196228027344,17.076000213623047,17.281333923339844,16.779333114624023,16.858667373657227,11739000
2020-08-18,16.340803146362305,16.79400062561035,17.374666213989258,16.625999450683594,17.275999069213867,11410500
2020-08-19,16.023603439331055,16.468000411987305,16.931333541870117,16.319332122802734,16.812667846679688,10309500
2020-08-20,15.6065034866333,16.03933334350586,16.28066635131836,15.69333267211914,15.97933292388916,16498500
2020-08-21,15.95030403137207,16.392667770385742,16.399999618530273,15.766667366027832,16.045333862304688,10789500
2020-08-24,16.39140510559082,16.84600067138672,17.04800033569336,16.474666595458984,16.889333724975586,11776500
2020-08-25,16.91942024230957,17.3886661529541,17.391332626342773,16.876667022705078,16.876667022705078,11626500
2020-08-26,17.110137939453125,17.584667205810547,17.71933364868164,17.25933265686035,17.504667282104492,11527500
2020-08-27,16.443294525146484,16.89933204650879,17.75933265686035,16.589332580566406,17.663999557495117,17893500
2020-08-28,17.37479591369629,17.856666564941406,17.87266731262207,16.8973331451416,17.005332946777344,13989000
2020-08-31,17.326141357421875,17.80666732788086,18.19333267211914,17.387332916259766,17.840667724609375,12093000
2020-09-01,18.301753997802734,18.80933380126953,18.833332061767578,17.87066650390625,18.126667022705078,10255500
2020-09-02,19.943552017211914,20.496667861938477,20.75933265686035,19.1213321685791,19.628000259399414,18729000
2020-09-03,16.539949417114258,16.998666763305664,19.600000381469727,16.6026668548584,19.571332931518555,37044000
2020-09-04,16.081331253051758,16.527332305908203,17.363332748413086,14.670666694641113,16.615999221801758,26686500
2020-09-08,13.791507720947266,14.173999786376953,15.612667083740234,14.131333351135254,14.708666801452637,21556500
2020-09-09,14.931879043579102,15.345999717712402,15.686667442321777,14.666666984558105,15.209333419799805,19171500
2020-09-10,14.311745643615723,14.708666801452637,16.07933235168457,14.426667213439941,15.850000381469727,19227000
2020-09-11,14.261795997619629,14.657333374023438,15.475333213806152,14.191332817077637,15.029333114624023,14871000
2020-09-14,15.163457870483398,15.583999633789062,15.854000091552734,15.210000038146973,15.553333282470703,11850000
2020-09-15,15.943161010742188,16.385332107543945,16.68600082397461,16.097999572753906,16.15399932861328,11725500
2020-09-16,15.46314525604248,15.892000198364258,16.781999588012695,15.833333015441895,16.591999053955078,10791000
2020-09-17,15.392439842224121,15.81933307647705,15.971332550048828,14.554667472839355,14.749333381652832,14704500
2020-09-18,14.675003051757812,15.081999778747559,16.202667236328125,14.520000457763672,16.014667510986328,17329500
2020-09-21,14.604297637939453,15.009332656860352,15.031999588012695,13.894000053405762,14.189332962036133,25779000
2020-09-22,15.133615493774414,15.553333282470703,15.576666831970215,14.5513334274292,15.357333183288574,13864500
2020-09-23,14.006867408752441,14.395333290100098,15.786666870117188,14.262666702270508,15.464667320251465,14178000
2020-09-24,14.416182518005371,14.815999984741211,15.407333374023438,14.066666603088379,14.094667434692383,24952500
2020-09-25,15.038262367248535,15.45533275604248,15.550000190734863,14.223999977111816,14.895999908447266,15505500
2020-09-28,16.266210556030273,16.71733283996582,16.732667922973633,15.76200008392334,16.041332244873047,15123000
2020-09-29,16.40178108215332,16.856666564941406,17.27199935913086,16.607999801635742,16.607999801635742,19848000
2020-09-30,16.423831939697266,16.87933349609375,17.398666381835938,16.600000381469727,16.700666427612305,20143500
2020-10-01,17.443553924560547,17.92733383178711,18.07866668701172,17.340667724609375,17.52199935913086,18271500
2020-10-02,15.888675689697266,16.32933235168457,17.45199966430664,16.284000396728516,16.67133331298828,24060000
2020-10-05,17.439661026000977,17.92333221435547,17.92533302307129,16.768667221069336,16.790666580200195,14751000
2020-10-06,17.141923904418945,17.617332458496094,18.889333724975586,17.400667190551758,17.862667083740234,16638000
2020-10-07,18.17591094970703,18.68000030517578,18.78333282470703,18.35066795349121,18.37066650390625,13549500
2020-10-08,18.807069778442383,19.32866668701172,19.432666778564453,18.952667236328125,19.170000076293945,11172000
2020-10-09,19.79370880126953,20.342666625976562,20.496000289916992,19.92333221435547,20.019332885742188,18609000
2020-10-12,20.653202056884766,21.22599983215332,21.553333282470703,20.801332473754883,21.089332580566406,15901500
2020-10-13,20.628551483154297,21.200666427612305,21.676000595092773,20.833999633789062,21.250667572021484,14068500
2020-10-14,20.301626205444336,20.864667892456055,21.592666625976562,20.494667053222656,21.338666915893555,11320500
2020-10-15,20.141399383544922,20.700000762939453,20.82933235168457,19.575332641601562,19.80066680908203,10518000
2020-10-16,19.854034423828125,20.404666900634766,21.21666717529297,20.36400032043457,21.211999893188477,8916000
2020-10-19,19.534236907958984,20.076000213623047,21.262666702270508,19.845333099365234,20.866666793823242,11283000
2020-10-20,19.471965789794922,20.011999130249023,20.520666122436523,19.843332290649414,20.360666275024414,6909000
2020-10-21,19.060705184936523,19.589332580566406,20.25,19.549333572387695,20.155332565307617,8161500
2020-10-22,19.127519607543945,19.658000946044922,19.92066764831543,18.91266632080078,19.72599983215332,9789000
2020-10-23,18.8472900390625,19.3700008392334,19.479333877563477,18.8353328704834,19.479333877563477,6975000
2020-10-26,17.643346786499023,18.132667541503906,19.133333206176758,17.399999618530273,18.883333206176758,13960500
2020-10-27,17.461071014404297,17.94533348083496,18.665332794189453,17.726667404174805,18.516666412353516,7834500
2020-10-28,15.72326374053955,16.159332275390625,17.0853328704834,16.0939998626709,17.07466697692871,15634500
2020-10-29,16.97520637512207,17.445999145507812,17.8973331451416,16.131999969482422,16.267332077026367,10749000
2020-10-30,16.1487979888916,16.59666633605957,17.184667587280273,16.007333755493164,16.89533233642578,11187000
2020-11-02,16.40891456604004,16.86400032043457,17.399999618530273,16.423999786376953,17.142000198364258,10897500
2020-11-03,17.38517189025879,17.867332458496094,18.25933265686035,17.294666290283203,17.333332061767578,12472500
2020-11-04,19.207305908203125,19.739999771118164,19.968666076660156,18.28333282470703,18.963333129882812,17590500
2020-11-05,21.740385055541992,22.343332290649414,22.49066734313965,21.32666778564453,21.333332061767578,20565000
2020-11-06,22.85870361328125,23.492666244506836,23.68000030517578,21.93400001525879,22.14933204650879,15370500
2020-11-09,21.985584259033203,22.595333099365234,25.59866714477539,22.554000854492188,24.961999893188477,16741500
2020-11-10,20.008419036865234,20.56333351135254,22.292667388916016,20.406667709350586,21.996000289916992,16570500
2020-11-11,22.18861961364746,22.804000854492188,22.91200065612793,21.499332427978516,21.53066635131836,11782500
2020-11-12,21.32977294921875,21.92133331298828,23.093332290649414,21.58066749572754,22.842666625976562,11928000
2020-11-13,22.12116050720215,22.73466682434082,23.312000274658203,22.278667449951172,22.65999984741211,10963500
2020-11-16,23.752582550048828,24.411333084106445,24.446666717529297,23.100000381469727,23.270000457763672,12468000
2020-11-17,23.17396354675293,23.816667556762695,24.215999603271484,23.281333923339844,24.1560001373291,9009000
2020-11-18,22.68226432800293,23.31133270263672,24.45400047302246,23.272666931152344,23.91866683959961,10455000
2020-11-19,23.73506736755371,24.393333435058594,24.4060001373291,22.680667877197266,23.233333587646484,8220000
2020-11-20,23.34975242614746,23.997333526611328,24.978666305541992,23.908000946044922,24.37066650390625,11338500
2020-11-23,24.40644645690918,25.083332061767578,25.29199981689453,24.083999633789062,24.43400001525879,11436000
2020-11-24,24.80084228515625,25.488666534423828,25.566667556762695,24.30933380126953,25.53333282470703,9943500
2020-11-25,24.535531997680664,25.215999603271484,25.8613338470459,24.91200065612793,25.366666793823242,6964500
2020-11-27,25.38010597229004,26.083999633789062,26.60533332824707,25.720666885375977,25.721332550048828,8937000
2020-11-30,26.334306716918945,27.064666748046875,27.150667190551758,25.268667221069336,26.236000061035156,10632000
2020-12-01,27.7315616607666,28.500667572021484,28.932666778564453,27.53333282470703,27.746000289916992,12735000
2020-12-02,27.942378997802734,28.71733283996582,29.101999282836914,28.066667556762695,28.218666076660156,7210500
2020-12-03,27.984542846679688,28.76066780090332,29.68600082397461,28.634000778198242,29.231332778930664,7801500
2020-12-04,30.31393814086914,31.154666900634766,31.19333267211914,28.978666305541992,29.235332489013672,10473000
2020-12-07,30.71027946472168,31.562000274658203,31.736000061035156,30.687999725341797,31.736000061035156,8889000
2020-12-08,31.0975399017334,31.959999084472656,32.27333450317383,31.041332244873047,31.450666427612305,6286500
2020-12-09,28.437969207763672,29.226667404174805,32.16133117675781,28.618000030517578,31.606666564941406,19231500
2020-12-10,28.38283348083496,29.170000076293945,29.82200050354004,28.134000778198242,28.6200008392334,11490000
2020-12-11,27.403329849243164,28.163333892822266,28.859333038330078,27.266666412353516,28.413333892822266,13248000
2020-12-14,28.435373306274414,29.224000930786133,29.683332443237305,28.799999237060547,28.988666534423828,10854000
2020-12-15,29.621152877807617,30.44266700744629,30.687332153320312,29.750667572021484,30.281333923339844,7351500
2020-12-16,29.555639266967773,30.375333786010742,30.722000122070312,29.695999145507812,30.709999084472656,6372000
2020-12-17,29.713918685913086,30.538000106811523,30.99066734313965,30.180667877197266,30.91933250427246,6106500
2020-12-18,29.326007843017578,30.139333724975586,30.866666793823242,29.55733299255371,30.733333587646484,8797500
2020-12-21,28.748685836791992,29.54599952697754,29.694000244140625,28.166667938232422,29.0,11620500
2020-12-22,28.642349243164062,29.433332443237305,29.820667266845703,28.754667282104492,29.700666427612305,6235500
2020-12-23,28.04745101928711,28.82200050354004,29.799333572387695,28.78333282470703,29.623332977294922,4338000
2020-12-24,28.857091903686523,29.65399932861328,29.660667419433594,29.029333114624023,29.166667938232422,2637000
2020-12-28,28.692955017089844,29.485332489013672,30.733333587646484,29.368000030517578,30.621999740600586,7542000
2020-12-29,28.472381591796875,29.2586669921875,29.866666793823242,28.284000396728516,29.866666793823242,7833000
2020-12-30,29.944395065307617,30.771333694458008,30.891332626342773,29.600000381469727,29.672000885009766,7807500
2020-12-31,30.262935638427734,31.09866714477539,31.183332443237305,30.17733383178711,30.774667739868164,5871000
2021-01-04,29.845136642456055,30.66933250427246,33.654666900634766,29.930667877197266,31.672000885009766,17731500
2021-01-05,31.574066162109375,32.44599914550781,32.505332946777344,30.444000244140625,30.444000244140625,8538000
2021-01-06,31.341806411743164,32.207332611083984,34.160667419433594,31.284000396728516,31.527999877929688,16782000
2021-01-07,34.79575729370117,35.75666809082031,36.121334075927734,33.615333557128906,33.645999908447266,10443000
2021-01-08,34.8249626159668,35.78666687011719,37.94200134277344,34.62933349609375,37.50733184814453,13090500
2021-01-11,36.093257904052734,37.09000015258789,37.874000549316406,34.933998107910156,34.96533203125,9625500
2021-01-12,36.802337646484375,37.818668365478516,38.7586669921875,36.70600128173828,37.66533279418945,10501500
2021-01-13,36.900306701660156,37.919334411621094,38.93333435058594,37.400001525878906,38.62066650390625,6897000
2021-01-14,39.301334381103516,40.38666534423828,41.612667083740234,39.220001220703125,39.220001220703125,11373000
2021-01-15,36.80753707885742,37.82400131225586,40.313331604003906,37.10533142089844,40.19200134277344,16302000
2021-01-19,40.54693603515625,41.66666793823242,41.79533386230469,39.41133117675781,39.513999938964844,13351500
2021-01-20,40.20893478393555,41.319332122802734,43.521331787109375,40.951332092285156,43.163333892822266,11220000
2021-01-21,41.99884796142578,43.158668518066406,43.52000045776367,41.09733200073242,42.388668060302734,11056500
2021-01-22,39.693824768066406,40.790000915527344,42.47600173950195,40.77399826049805,42.0,12573000
2021-01-25,39.86444854736328,40.96533203125,42.13999938964844,38.62733459472656,42.01333236694336,12499500
2021-01-26,38.005775451660156,39.05533218383789,41.04666519165039,39.0,41.04666519165039,7641000
2021-01-27,32.2532958984375,33.14400100708008,37.048667907714844,32.538665771484375,36.866668701171875,25056000
2021-01-28,34.1898307800293,35.13399887084961,36.57666778564453,34.17333221435547,35.000667572021484,16110000
2021-01-29,32.50306701660156,33.400665283203125,35.82133483886719,32.900665283203125,35.33733367919922,15256500
2021-02-01,36.34432601928711,37.347999572753906,37.5273323059082,34.63666534423828,35.08599853515625,13749000
2021-02-02,37.99864959716797,39.04800033569336,39.15999984741211,37.46666717529297,39.132667541503906,10789500
2021-02-03,35.648216247558594,36.632667541503906,39.79666519165039,36.57133483886719,39.46666717529297,14184000
2021-02-04,36.52922058105469,37.53799819946289,37.60733413696289,35.52933120727539,36.336666107177734,8400000
2021-02-05,35.735801696777344,36.7226676940918,38.33333206176758,36.58533477783203,38.33333206176758,8242500
2021-02-08,39.054805755615234,40.133331298828125,40.133331298828125,37.44533157348633,37.461334228515625,17278500
2021-02-09,38.557220458984375,39.62200164794922,40.540000915527344,39.043331146240234,39.63666534423828,8659500
2021-02-10,38.92181396484375,39.996665954589844,41.3120002746582,38.37666702270508,40.66666793823242,15432000
2021-02-11,42.97780990600586,44.16466522216797,44.16466522216797,40.884666442871094,40.884666442871094,20781000
2021-02-12,44.54194259643555,45.77199935913086,46.01333236694336,43.00400161743164,43.487998962402344,15841500
2021-02-16,45.33017349243164,46.582000732421875,47.85266876220703,45.810665130615234,47.336666107177734,14367000
2021-02-17,42.827945709228516,44.01066589355469,45.7413330078125,42.138668060302734,45.099998474121094,19341000
2021-02-18,41.53822708129883,42.685333251953125,43.26599884033203,41.020668029785156,42.20333480834961,15594000
2021-02-19,44.567901611328125,45.798667907714844,46.518001556396484,44.223331451416016,44.64466857910156,23602500
2021-02-22,39.71004867553711,40.80666732788086,44.93600082397461,40.18000030517578,44.003334045410156,22419000
2021-02-23,38.904300689697266,39.978668212890625,40.74399948120117,35.069332122802734,38.496665954589844,27033000
2021-02-24,42.569740295410156,43.74533462524414,43.83333206176758,38.06666564941406,38.982666015625,17964000
2021-02-25,35.245338439941406,36.218666076660156,43.009334564208984,35.70333480834961,42.06733322143555,35817000
2021-02-26,37.670379638671875,38.71066665649414,39.70066833496094,35.8033332824707,37.94333267211914,29536500
2021-03-01,41.414310455322266,42.55799865722656,42.55799865722656,39.54999923706055,40.59199905395508,24520500
2021-03-02,37.51403045654297,38.54999923706055,42.9900016784668,38.45000076293945,42.939998626708984,19687700
2021-03-03,34.069149017333984,35.0099983215332,38.9900016784668,34.81999969482422,38.900001525878906,21749000
2021-03-04,29.17432975769043,29.979999542236328,35.189998626708984,28.440000534057617,34.83000183105469,34294300
2021-03-05,31.869895935058594,32.75,32.959999084472656,27.729999542236328,32.220001220703125,30945800
2021-03-08,26.780437469482422,27.520000457763672,32.93000030517578,27.5,32.709999084472656,28761200
2021-03-09,31.577951431274414,32.45000076293945,33.08000183105469,30.0,30.34000015258789,19994900
2021-03-10,29.894447326660156,30.719999313354492,34.189998626708984,30.6200008392334,34.189998626708984,19953500
2021-03-11,33.54366683959961,34.470001220703125,35.040000915527344,32.849998474121094,33.29999923706055,19094300
2021-03-12,32.52188491821289,33.41999816894531,33.59000015258789,31.850000381469727,32.52000045776367,17047600
2021-03-15,34.61410903930664,35.56999969482422,35.630001068115234,33.18000030517578,33.79999923706055,15325300
2021-03-16,35.98621368408203,36.97999954223633,38.59000015258789,36.22999954223633,36.83000183105469,27404900
2021-03-17,37.38752746582031,38.41999816894531,39.150001525878906,34.5099983215332,35.279998779296875,21743500
2021-03-18,32.8040885925293,33.709999084472656,36.91999816894531,33.45000076293945,36.7599983215332,25749000
2021-03-19,33.816139221191406,34.75,35.650001525878906,32.380001068115234,34.0099983215332,20615000
2021-03-22,36.00568389892578,37.0,38.20000076293945,35.619998931884766,35.939998626708984,23763800
2021-03-23,33.12981033325195,34.029998779296875,37.5,33.5099983215332,37.369998931884766,26947000
2021-03-24,31.72791290283203,32.59000015258789,36.130001068115234,32.54999923706055,35.630001068115234,26195900
2021-03-25,31.942092895507812,32.810001373291016,33.18000030517578,30.100000381469727,30.93000030517578,30291400
2021-03-26,36.6929931640625,37.689998626708984,37.7400016784668,32.709999084472656,32.810001373291016,35670300
2021-03-29,34.843265533447266,35.790000915527344,36.90999984741211,34.5,36.380001068115234,28422700
2021-03-30,34.58041000366211,35.52000045776367,35.779998779296875,34.279998779296875,35.119998931884766,17926000
2021-03-31,37.199241638183594,38.209999084472656,38.97999954223633,36.349998474121094,36.43000030517578,25362500
2021-04-01,41.28814697265625,42.40999984741211,42.439998626708984,40.04999923706055,40.04999923706055,27795500
2021-04-05,43.80963134765625,45.0,45.29999923706055,42.90999984741211,44.529998779296875,26445800
2021-04-06,42.23249816894531,43.380001068115234,44.970001220703125,42.06999969482422,44.119998931884766,17961500
2021-04-07,42.23249816894531,43.380001068115234,44.0,42.34000015258789,43.9900016784668,12421800
2021-04-08,43.605186462402344,44.790000915527344,45.0,43.599998474121094,44.75,12957100
2021-04-09,43.303382873535156,44.47999954223633,44.5,43.130001068115234,43.83000183105469,10748500
2021-04-12,41.950157165527344,43.09000015258789,43.790000915527344,41.79999923706055,43.720001220703125,14926000
2021-04-13,41.56074142456055,42.689998626708984,44.130001068115234,41.56999969482422,44.0,14056400
2021-04-14,40.17829513549805,41.27000045776367,43.470001220703125,40.630001068115234,42.38999938964844,12838600
2021-04-15,42.32011413574219,43.470001220703125,43.65999984741211,41.619998931884766,42.349998474121094,13642000
2021-04-16,41.61915588378906,42.75,43.63999938964844,42.47999954223633,43.5099983215332,11016200
2021-04-19,38.55247497558594,39.599998474121094,42.290000915527344,38.25,41.77000045776367,20268200
2021-04-20,36.71247482299805,37.709999084472656,39.529998779296875,37.040000915527344,39.0099983215332,13892000
2021-04-21,39.672061920166016,40.75,40.77000045776367,37.34000015258789,37.93000030517578,15160200
2021-04-22,36.97532653808594,37.97999954223633,40.61000061035156,37.27000045776367,40.369998931884766,20962100
2021-04-23,39.087928771972656,40.150001525878906,40.56999969482422,38.29999923706055,38.31999969482422,13212600
2021-04-26,41.09343719482422,42.209999084472656,42.459999084472656,40.0,40.09000015258789,13528500
2021-04-27,40.2464599609375,41.34000015258789,42.90999984741211,40.959999084472656,42.779998779296875,12557200
2021-04-28,38.37724685668945,39.41999816894531,40.689998626708984,39.310001373291016,40.68000030517578,12753600
2021-04-29,39.24369812011719,40.310001373291016,41.220001220703125,38.47999954223633,41.20000076293945,14812500
2021-04-30,35.92390441894531,36.900001525878906,39.16999816894531,36.560001373291016,38.349998474121094,19385800
2021-05-03,34.668025970458984,35.61000061035156,37.790000915527344,35.08000183105469,37.720001220703125,13899900
2021-05-04,33.071407318115234,33.970001220703125,34.45000076293945,32.0,34.40999984741211,24428000
2021-05-05,33.63606643676758,34.54999923706055,35.790000915527344,33.75,35.06999969482422,16034800
2021-05-06,34.463584899902344,35.400001525878906,35.400001525878906,33.15999984741211,34.20000076293945,15387300
2021-05-07,35.95310592651367,36.93000030517578,37.54999923706055,35.90999984741211,36.5099983215332,16784600
2021-05-10,31.08537483215332,31.93000030517578,36.0,31.8799991607666,36.0,25439800
2021-05-11,31.260604858398438,32.11000061035156,32.310001373291016,28.690000534057617,29.020000457763672,29951300
2021-05-12,27.385889053344727,28.1299991607666,30.559999465942383,27.809999465942383,30.100000381469727,34045700
2021-05-13,28.55414390563965,29.329999923706055,30.5,28.299999237060547,29.530000686645508,25520000
2021-05-14,31.08537483215332,31.93000030517578,32.68000030517578,29.579999923706055,30.489999771118164,21881300
2021-05-17,30.277324676513672,31.100000381469727,31.100000381469727,29.43000030517578,30.979999542236328,19224800
2021-05-18,29.488750457763672,30.290000915527344,32.08000183105469,30.219999313354492,31.709999084472656,15262600
2021-05-19,31.20219612121582,32.04999923706055,32.16999816894531,28.219999313354492,28.459999084472656,29208700
2021-05-20,33.72367477416992,34.63999938964844,34.97999954223633,32.66999816894531,32.75,28593200
2021-05-21,33.236907958984375,34.13999938964844,35.34000015258789,33.810001373291016,35.29999923706055,25100300
2021-05-24,35.563682556152344,36.529998779296875,37.13999938964844,34.90999984741211,35.0,21577500
2021-05-25,35.96283721923828,36.939998626708984,37.75,36.2400016784668,37.33000183105469,19468200
2021-05-26,36.19649124145508,37.18000030517578,37.68000030517578,36.189998626708984,37.029998779296875,13436700
2021-05-27,36.85850524902344,37.86000061035156,38.2599983215332,36.709999084472656,36.880001068115234,16449400
2021-05-28,37.75417709350586,38.779998779296875,39.27000045776367,37.880001068115234,38.06999969482422,15891400
2021-06-01,37.325809478759766,38.34000015258789,40.540000915527344,37.7400016784668,39.52000045776367,18159400
2021-06-02,38.153324127197266,39.189998626708984,39.58000183105469,37.90999984741211,38.27000045776367,12370500
2021-06-03,36.13808059692383,37.119998931884766,38.279998779296875,36.52000045776367,37.83000183105469,16945800
2021-06-04,38.688777923583984,39.7400016784668,39.9900016784668,38.04999923706055,38.08000183105469,15960500
2021-06-07,37.8807258605957,38.90999984741211,39.439998626708984,38.150001525878906,39.2599983215332,11453800
2021-06-08,37.16029739379883,38.16999816894531,39.970001220703125,37.29999923706055,39.79999923706055,13475800
2021-06-09,36.702735900878906,37.70000076293945,38.88999938964844,37.619998931884766,38.560001373291016,11721000
2021-06-10,38.007286071777344,39.040000915527344,39.369998931884766,37.52000045776367,37.79999923706055,17601900
2021-06-11,38.44538497924805,39.4900016784668,39.4900016784668,38.56999969482422,39.04999923706055,7971500
2021-06-14,40.08094787597656,41.16999816894531,41.16999816894531,39.060001373291016,39.810001373291016,18513300
2021-06-15,38.980838775634766,40.040000915527344,41.599998474121094,39.7400016784668,40.79999923706055,13301400
2021-06-16,38.14359664916992,39.18000030517578,40.88999938964844,38.06999969482422,40.4900016784668,18089300
2021-06-17,39.24369812011719,40.310001373291016,41.16999816894531,38.650001525878906,38.689998626708984,18466200
2021-06-18,36.33279037475586,37.31999969482422,39.58000183105469,36.75,39.290000915527344,21346600
2021-06-21,37.11163330078125,38.119998931884766,38.15999984741211,36.59000015258789,37.54999923706055,12722000
2021-06-22,37.578922271728516,38.599998474121094,38.83000183105469,37.400001525878906,37.900001525878906,10500400
2021-06-23,38.017032623291016,39.04999923706055,39.630001068115234,38.599998474121094,38.599998474121094,8615400
2021-06-24,39.99333190917969,41.08000183105469,41.22999954223633,39.880001068115234,39.880001068115234,12716800
2021-06-25,39.58443832397461,40.65999984741211,41.689998626708984,40.290000915527344,41.16999816894531,9244100
2021-06-28,42.49534606933594,43.650001525878906,44.08000183105469,41.45000076293945,41.5,18209300
2021-06-29,43.45915985107422,44.63999938964844,44.689998626708984,42.880001068115234,43.310001373291016,13090200
2021-06-30,43.3618049621582,44.540000915527344,44.72999954223633,43.66999816894531,44.369998931884766,9830900
2021-07-01,41.44390869140625,42.56999969482422,44.369998931884766,42.130001068115234,44.150001525878906,11578200
2021-07-02,42.174072265625,43.31999969482422,43.70000076293945,42.25,43.56999969482422,10933300
2021-07-06,41.90148162841797,43.040000915527344,44.13999938964844,41.36000061035156,43.63999938964844,10020300
2021-07-07,40.14909362792969,41.2400016784668,43.90999984741211,40.689998626708984,43.79999923706055,10623800
2021-07-08,38.727718353271484,39.779998779296875,40.380001068115234,37.7599983215332,38.54999923706055,14764300
2021-07-09,40.66506576538086,41.77000045776367,41.939998626708984,39.25,40.18000030517578,9799600
2021-07-12,42.18381118774414,43.33000183105469,43.33000183105469,41.810001373291016,42.15999984741211,9021800
2021-07-13,41.49259567260742,42.619998931884766,43.31999969482422,42.099998474121094,42.75,9289300
2021-07-14,41.044761657714844,42.15999984741211,44.790000915527344,41.86000061035156,43.540000915527344,15361500
2021-07-15,38.37724685668945,39.41999816894531,41.79999923706055,38.54999923706055,41.790000915527344,14968000
2021-07-16,35.787601470947266,36.7599983215332,40.45000076293945,36.59000015258789,40.029998779296875,14425600
2021-07-19,35.86549377441406,36.84000015258789,36.93000030517578,34.709999084472656,35.209999084472656,17527800
2021-07-20,37.325809478759766,38.34000015258789,39.08000183105469,35.849998474121094,37.2400016784668,12487200
2021-07-21,40.742950439453125,41.849998474121094,41.849998474121094,38.599998474121094,38.66999816894531,12599700
2021-07-22,39.662322998046875,40.7400016784668,41.619998931884766,39.900001525878906,40.900001525878906,8148900
2021-07-23,40.45089340209961,41.54999923706055,41.61000061035156,39.95000076293945,41.290000915527344,8740400
2021-07-26,40.35354232788086,41.45000076293945,41.790000915527344,40.58000183105469,40.58000183105469,7703500
2021-07-27,38.114376068115234,39.150001525878906,40.849998474121094,36.709999084472656,40.79999923706055,17917400
2021-07-28,40.09069061279297,41.18000030517578,41.5,39.02000045776367,39.540000915527344,12983000
2021-07-29,42.30064010620117,43.45000076293945,43.689998626708984,41.22999954223633,41.22999954223633,15318400
2021-07-30,43.21576690673828,44.38999938964844,44.5,42.06999969482422,42.189998626708984,13599200
2021-08-02,44.014076232910156,45.209999084472656,46.88999938964844,44.880001068115234,45.189998626708984,17018600
2021-08-03,44.75397872924805,45.970001220703125,45.97999954223633,43.61000061035156,45.290000915527344,10801400
2021-08-04,46.35059356689453,47.61000061035156,48.150001525878906,46.04999923706055,46.15999984741211,13768900
2021-08-05,45.92222595214844,47.16999816894531,48.189998626708984,46.439998626708984,48.16999816894531,8580700
2021-08-06,45.39651870727539,46.630001068115234,47.27000045776367,46.20000076293945,46.33000183105469,6202000
2021-08-09,44.92921447753906,46.150001525878906,47.27000045776367,45.540000915527344,46.900001525878906,5943700
2021-08-10,43.2741813659668,44.45000076293945,46.56999969482422,43.5,46.369998931884766,9994500
2021-08-11,43.0015869140625,44.16999816894531,45.119998931884766,42.43000030517578,45.060001373291016,10016600
2021-08-12,41.49259567260742,42.619998931884766,43.5,41.560001373291016,43.439998626708984,9746100
2021-08-13,42.329833984375,43.47999954223633,43.599998474121094,42.290000915527344,42.5,7655800
2021-08-16,41.872276306152344,43.0099983215332,43.43000030517578,41.93000030517578,42.90999984741211,6658600
2021-08-17,39.38972854614258,40.459999084472656,41.95000076293945,39.34000015258789,41.93000030517578,13983700
2021-08-18,37.63734436035156,38.65999984741211,40.959999084472656,38.58000183105469,40.290000915527344,10760100
2021-08-19,38.581687927246094,39.630001068115234,40.2599983215332,37.13999938964844,38.18000030517578,14855300
2021-08-20,39.36052322387695,40.43000030517578,40.75,39.0099983215332,39.959999084472656,10732300
2021-08-23,42.53428649902344,43.689998626708984,43.790000915527344,41.400001525878906,41.400001525878906,12229000
2021-08-24,42.57322692871094,43.72999954223633,44.439998626708984,43.380001068115234,43.97999954223633,8557100
2021-08-25,43.595455169677734,44.779998779296875,45.650001525878906,44.11000061035156,44.18000030517578,10125800
2021-08-26,43.49810028076172,44.68000030517578,45.33000183105469,43.709999084472656,44.52000045776367,9529400
2021-08-27,46.04879379272461,47.29999923706055,47.5,44.689998626708984,44.849998474121094,12358300
2021-08-30,46.47715377807617,47.7400016784668,49.0,47.130001068115234,47.779998779296875,10291100
2021-08-31,45.31863784790039,46.54999923706055,47.970001220703125,45.369998931884766,47.77000045776367,9620800
2021-09-01,44.74423599243164,45.959999084472656,47.29999923706055,45.83000183105469,47.22999954223633,7246900
2021-09-02,45.07524490356445,46.29999923706055,46.720001220703125,45.70000076293945,46.349998474121094,7168600
2021-09-03,45.99038314819336,47.2400016784668,47.849998474121094,45.959999084472656,46.13999938964844,7374000
2021-09-07,45.532814025878906,46.77000045776367,47.40999984741211,45.91999816894531,47.36000061035156,5660800
2021-09-08,43.760955810546875,44.95000076293945,46.369998931884766,43.7599983215332,46.099998474121094,11787400
2021-09-09,44.345088958740234,45.54999923706055,46.2599983215332,44.88999938964844,44.90999984741211,8643000
2021-09-10,45.35757827758789,46.59000015258789,48.630001068115234,46.5099983215332,46.63999938964844,14399600
2021-09-13,46.60372543334961,47.869998931884766,48.16999816894531,45.93000030517578,47.79999923706055,11356400
2021-09-14,46.60372543334961,47.869998931884766,48.970001220703125,47.13999938964844,48.400001525878906,10129200
2021-09-15,47.304664611816406,48.59000015258789,48.70000076293945,46.7599983215332,48.060001373291016,9321800
2021-09-16,47.77197265625,49.06999969482422,49.529998779296875,47.02000045776367,47.7400016784668,9094400
2021-09-17,45.51333999633789,46.75,48.650001525878906,45.970001220703125,48.63999938964844,14478900
2021-09-20,42.15461349487305,43.29999923706055,44.20000076293945,41.15999984741211,43.75,19454600
2021-09-21,42.4466667175293,43.599998474121094,44.52000045776367,42.349998474121094,44.040000915527344,9972400
2021-09-22,45.036312103271484,46.2599983215332,46.56999969482422,44.0099983215332,44.459999084472656,11093200
2021-09-23,46.827632904052734,48.099998474121094,48.54999923706055,46.41999816894531,46.88999938964844,11819600
2021-09-24,46.68159484863281,47.95000076293945,48.22999954223633,46.779998779296875,46.86000061035156,7465000
2021-09-27,46.42847442626953,47.689998626708984,48.18000030517578,45.560001373291016,46.52000045776367,10241300
2021-09-28,41.1129150390625,42.22999954223633,45.790000915527344,42.04999923706055,44.900001525878906,23988000
2021-09-29,39.05872344970703,40.119998931884766,42.68000030517578,39.779998779296875,42.560001373291016,19889700
2021-09-30,38.980838775634766,40.040000915527344,41.95000076293945,40.0,41.060001373291016,14470200
2021-10-01,39.01004409790039,40.06999969482422,40.70000076293945,38.060001373291016,40.5,16368700
2021-10-04,36.04071807861328,37.02000045776367,39.52000045776367,36.56999969482422,39.310001373291016,20555400
2021-10-05,37.62761306762695,38.650001525878906,39.38999938964844,37.2599983215332,37.599998474121094,15194100
2021-10-06,38.02676010131836,39.060001373291016,39.13999938964844,36.91999816894531,37.31999969482422,16403200
2021-10-07,39.32158279418945,40.38999938964844,42.029998779296875,40.27000045776367,40.529998779296875,13234300
2021-10-08,38.28962707519531,39.33000183105469,41.06999969482422,39.08000183105469,40.900001525878906,10297000
2021-10-11,37.364749908447266,38.380001068115234,40.38999938964844,38.36000061035156,38.7599983215332,9446400
2021-10-12,36.06992721557617,37.04999923706055,39.310001373291016,36.470001220703125,39.209999084472656,19847400
2021-10-13,36.65406799316406,37.650001525878906,38.29999923706055,37.2400016784668,37.70000076293945,11660600
2021-10-14,39.96411895751953,41.04999923706055,41.08000183105469,39.34000015258789,39.63999938964844,14800900
2021-10-15,40.73322677612305,41.84000015258789,42.290000915527344,41.29999923706055,42.029998779296875,10988500
2021-10-18,41.72624969482422,42.86000061035156,42.970001220703125,40.439998626708984,41.13999938964844,8498200
2021-10-19,43.254722595214844,44.43000030517578,44.47999954223633,42.630001068115234,43.11000061035156,11476200
2021-10-20,43.030799865722656,44.20000076293945,44.72999954223633,43.630001068115234,44.130001068115234,9908200
2021-10-21,44.384029388427734,45.59000015258789,45.720001220703125,43.29999923706055,43.33000183105469,10019700
2021-10-22,42.884769439697266,44.04999923706055,46.22999954223633,43.77000045776367,44.84000015258789,12691700
2021-10-25,43.868045806884766,45.060001373291016,45.66999816894531,44.15999984741211,44.599998474121094,9706700
2021-10-26,43.770694732666016,44.959999084472656,46.45000076293945,44.540000915527344,46.02000045776367,12067800
2021-10-27,42.9237060546875,44.09000015258789,45.61000061035156,43.560001373291016,44.22999954223633,13076300
2021-10-28,45.75673294067383,47.0,47.099998474121094,45.56999969482422,45.84000015258789,15904400
2021-10-29,46.38953399658203,47.650001525878906,47.650001525878906,45.619998931884766,45.970001220703125,12735000
2021-11-01,48.638427734375,49.959999084472656,49.959999084472656,47.45000076293945,47.790000915527344,14647400
2021-11-02,50.44922637939453,51.81999969482422,51.81999969482422,49.810001373291016,49.81999969482422,12421100
2021-11-03,52.25028610229492,53.66999816894531,53.810001373291016,51.41999816894531,52.06999969482422,11472200
2021-11-04,57.517181396484375,59.08000183105469,59.83000183105469,54.56999969482422,55.41999816894531,20539200
2021-11-05,59.298770904541016,60.90999984741211,62.400001525878906,59.209999084472656,60.040000915527344,19536100
2021-11-08,61.859195709228516,63.540000915527344,64.70999908447266,61.4900016784668,62.099998474121094,15603900
2021-11-09,61.7229118347168,63.400001525878906,65.62999725341797,61.40999984741211,65.2699966430664,16385900
2021-11-10,56.41706848144531,57.95000076293945,62.5,57.06999969482422,60.04999923706055,17648300
2021-11-11,60.009464263916016,61.63999938964844,61.9900016784668,59.369998931884766,60.720001220703125,13055700
2021-11-12,61.674224853515625,63.349998474121094,64.25,61.16999816894531,62.220001220703125,13052700
2021-11-15,61.5281982421875,63.20000076293945,64.73999786376953,61.2599983215332,64.7300033569336,11837400
2021-11-16,64.40016174316406,66.1500015258789,66.43000030517578,62.0099983215332,62.380001068115234,12693000
2021-11-17,62.81328201293945,64.5199966430664,66.12999725341797,63.70000076293945,66.0,11636600
2021-11-18,66.18175506591797,67.9800033569336,68.9000015258789,66.02999877929688,67.87000274658203,14102700
2021-11-19,66.79509735107422,68.61000061035156,69.87000274658203,66.87999725341797,67.86000061035156,14527400
2021-11-22,63.69921112060547,65.43000030517578,72.48999786376953,65.2300033569336,69.54000091552734,16809800
2021-11-23,63.02745819091797,64.73999786376953,66.61000061035156,61.349998474121094,64.83000183105469,16233700
2021-11-24,65.11085510253906,66.87999725341797,66.9000015258789,61.209999084472656,62.9900016784668,14762200
2021-11-26,59.746604919433594,61.369998931884766,64.9800033569336,59.849998474121094,63.099998474121094,14919700
2021-11-29,66.60037994384766,68.41000366210938,68.68000030517578,63.220001220703125,63.95000076293945,18352700
2021-11-30,62.959312438964844,64.66999816894531,69.33999633789062,62.88999938964844,67.27999877929688,22246300
2021-12-01,61.489253997802734,63.15999984741211,70.95999908447266,63.04999923706055,67.54000091552734,24798700
2021-12-02,61.576873779296875,63.25,64.73999786376953,59.68000030517578,61.2599983215332,21014200
2021-12-03,61.26533889770508,62.93000030517578,67.94999694824219,60.70000076293945,65.9000015258789,18842800
2021-12-06,60.944068908691406,62.599998474121094,63.290000915527344,56.779998779296875,62.060001373291016,13816300
2021-12-07,70.08566284179688,71.98999786376953,72.5199966430664,66.72000122070312,66.76000213623047,21654500
2021-12-08,68.82006072998047,70.69000244140625,71.19999694824219,68.48999786376953,70.93000030517578,12500700
2021-12-09,64.15679168701172,65.9000015258789,71.58999633789062,65.66000366210938,69.43000030517578,14533000
2021-12-10,65.81180572509766,67.5999984741211,70.44999694824219,65.16999816894531,69.45999908447266,12329100
2021-12-13,60.69095230102539,62.34000015258789,68.70999908447266,62.0,68.0199966430664,13561500
2021-12-14,59.892642974853516,61.52000045776367,62.369998931884766,58.939998626708984,60.0,13311200
2021-12-15,66.31805419921875,68.12000274658203,68.33999633789062,59.2400016784668,61.84000015258789,19005700
2021-12-16,57.66321563720703,59.22999954223633,69.5,58.02000045776367,69.01000213623047,27692100
2021-12-17,57.400352478027344,58.959999084472656,61.58000183105469,56.86000061035156,57.34000015258789,17729000
2021-12-20,56.027652740478516,57.54999923706055,58.7599983215332,55.470001220703125,56.13999938964844,15681400
2021-12-21,61.835304260253906,63.5,63.689998626708984,58.77000045776367,61.16999816894531,20477000
2021-12-22,63.66600799560547,65.37999725341797,65.52999877929688,61.61000061035156,62.470001220703125,13011600
2021-12-23,65.64279174804688,67.41000366210938,68.75,65.91999816894531,66.0,14507000
2021-12-27,71.07652282714844,72.98999786376953,73.0,68.0,68.0999984741211,15598000
2021-12-28,68.67127227783203,70.5199966430664,74.06999969482422,69.56999969482422,74.06999969482422,14401800
2021-12-29,69.13868713378906,71.0,72.2300033569336,69.5999984741211,70.41999816894531,10702000
2021-12-30,66.56790161132812,68.36000061035156,71.33999633789062,67.88999938964844,70.5,11188200
2021-12-31,66.22708129882812,68.01000213623047,70.0999984741211,67.83000183105469,68.69999694824219,10152000
2022-01-03,70.20985412597656,72.0999984741211,72.11000061035156,68.38999938964844,69.05000305175781,15794800
2022-01-04,69.20684051513672,71.06999969482422,74.20999908447266,66.04000091552734,72.58000183105469,21988000
2022-01-05,62.331932067871094,64.01000213623047,71.41999816894531,63.939998626708984,69.58999633789062,20821000
2022-01-06,63.82182693481445,65.54000091552734,66.38999938964844,61.849998474121094,64.08999633789062,19343100
2022-01-07,58.17387390136719,59.7400016784668,66.05000305175781,59.13999938964844,65.08000183105469,22625900
2022-01-10,58.427059173583984,60.0,60.189998626708984,53.81999969482422,57.34000015258789,25112700
2022-01-11,61.630802154541016,63.290000915527344,63.439998626708984,57.880001068115234,59.09000015258789,22053900
2022-01-12,62.886993408203125,64.58000183105469,66.4000015258789,62.63999938964844,64.98999786376953,19392000
2022-01-13,58.6218147277832,60.20000076293945,69.18000030517578,59.58000183105469,67.5,28866500
2022-01-14,62.78960418701172,64.4800033569336,64.54000091552734,58.560001373291016,58.7599983215332,23880600
2022-01-18,54.51244354248047,55.97999954223633,61.380001068115234,55.5,60.90999984741211,29055200
2022-01-19,49.48772048950195,50.81999969482422,58.15999984741211,50.72999954223633,57.47999954223633,28683300
2022-01-20,44.784339904785156,45.9900016784668,53.20000076293945,45.810001373291016,52.119998931884766,32438800
2022-01-21,42.564117431640625,43.709999084472656,48.93000030517578,43.400001525878906,45.220001220703125,45826500
2022-01-24,44.25849914550781,45.45000076293945,45.47999954223633,36.619998931884766,41.0,53548700
2022-01-25,39.13639450073242,40.189998626708984,43.349998474121094,39.380001068115234,41.77000045776367,40326300
2022-01-26,41.01579666137695,42.119998931884766,47.099998474121094,40.099998474121094,43.779998779296875,46405000
2022-01-27,35.406803131103516,36.36000061035156,43.45000076293945,36.0,43.400001525878906,50033700
2022-01-28,37.403053283691406,38.40999984741211,38.40999984741211,33.099998474121094,36.369998931884766,43946700
2022-01-31,43.411312103271484,44.58000183105469,44.75,38.29999923706055,38.9900016784668,39362500
2022-02-01,44.706443786621094,45.90999984741211,46.099998474121094,42.290000915527344,45.88999938964844,37795600
2022-02-02,48.0465202331543,49.34000015258789,49.5,46.459999084472656,48.470001220703125,40548600
2022-02-03,41.51242446899414,42.630001068115234,47.79999923706055,42.150001525878906,45.58000183105469,32875300
2022-02-04,42.3206672668457,43.459999084472656,44.52000045776367,40.369998931884766,42.08000183105469,30575600
2022-02-07,42.271968841552734,43.40999984741211,45.52000045776367,42.86000061035156,43.63999938964844,28382000
2022-02-08,45.37834930419922,46.599998474121094,46.880001068115234,42.540000915527344,42.75,33686800
2022-02-09,49.68247985839844,51.02000045776367,51.22999954223633,46.709999084472656,48.43000030517578,35302800
2022-02-10,45.20307159423828,46.41999816894531,52.209999084472656,45.58000183105469,47.58000183105469,51371000
2022-02-11,38.50343704223633,39.540000915527344,47.650001525878906,38.41999816894531,46.560001373291016,51212800
2022-02-14,38.552120208740234,39.59000015258789,41.849998474121094,37.86000061035156,39.75,43218400
2022-02-15,44.80381774902344,46.0099983215332,46.290000915527344,41.66999816894531,41.900001525878906,39910800
2022-02-16,44.89145278930664,46.099998474121094,46.5,43.040000915527344,44.06999969482422,35357600
2022-02-17,39.798561096191406,40.869998931884766,44.38999938964844,40.66999816894531,44.119998931884766,41858900
2022-02-18,38.59107208251953,39.630001068115234,41.349998474121094,37.77000045776367,41.13999938964844,46904100
2022-02-22,37.59781265258789,38.61000061035156,41.560001373291016,36.83000183105469,38.22999954223633,49765600
2022-02-23,34.968589782714844,35.90999984741211,41.29999923706055,35.630001068115234,40.06999969482422,52830600
2022-02-24,38.892948150634766,39.939998626708984,40.04999923706055,31.549999237060547,31.809999465942383,68362100
2022-02-25,40.68470764160156,41.779998779296875,41.84000015258789,38.15999984741211,40.0,40949000
2022-02-28,39.93490219116211,41.0099983215332,42.22999954223633,38.560001373291016,40.20000076293945,43350600
2022-03-01,35.621036529541016,36.58000183105469,41.29999923706055,35.349998474121094,40.779998779296875,46635000
2022-03-02,39.0682258605957,40.119998931884766,40.880001068115234,37.22999954223633,37.470001220703125,41485400
2022-03-03,36.56560134887695,37.54999923706055,40.869998931884766,36.81999969482422,40.650001525878906,45902800
2022-03-04,33.85847473144531,34.77000045776367,37.41999816894531,33.36000061035156,36.630001068115234,46799000
2022-03-07,28.804536819458008,29.579999923706055,35.599998474121094,29.5,34.81999969482422,50665800
2022-03-08,30.34311866760254,31.15999984741211,34.34000015258789,28.479999542236328,29.670000076293945,68456500
2022-03-09,34.0142822265625,34.93000030517578,35.65999984741211,33.06999969482422,34.119998931884766,46482400
2022-03-10,31.891435623168945,32.75,33.20000076293945,30.799999237060547,33.06999969482422,43831500
2022-03-11,29.885440826416016,30.690000534057617,34.41999816894531,30.5,34.15999984741211,34118300
2022-03-14,27.178319931030273,27.90999984741211,30.850000381469727,27.299999237060547,30.010000228881836,49351500
2022-03-15,30.683942794799805,31.510000228881836,31.719999313354492,28.010000228881836,28.450000762939453,42082900
2022-03-16,35.3483772277832,36.29999923706055,36.400001525878906,32.060001373291016,33.040000915527344,55754000
2022-03-17,35.9813232421875,36.95000076293945,37.0,34.31999969482422,35.25,37147500
2022-03-18,38.14312744140625,39.16999816894531,39.66999816894531,35.599998474121094,36.61000061035156,39797700
2022-03-21,37.97759246826172,39.0,39.970001220703125,36.880001068115234,38.70000076293945,38312100
2022-03-22,38.55904006958008,39.59000015258789,41.02000045776367,38.630001068115234,38.790000915527344,34654100
2022-03-23,35.73455047607422,36.689998626708984,39.9900016784668,36.59000015258789,38.5099983215332,38313200
2022-03-24,40.99394607543945,42.09000015258789,42.25,37.29999923706055,37.81999969482422,44687200
2022-03-25,40.91602325439453,42.0099983215332,42.369998931884766,39.75,42.06999969482422,36316000
2022-03-28,41.59779357910156,42.709999084472656,42.810001373291016,39.31999969482422,41.20000076293945,35741000
2022-03-29,44.39305877685547,45.58000183105469,46.0,43.11000061035156,44.84000015258789,40148500
2022-03-30,40.27320861816406,41.349998474121094,45.20000076293945,40.68000030517578,44.709999084472656,38435700
2022-03-31,37.770137786865234,38.779998779296875,41.84000015258789,38.41999816894531,41.2599983215332,38547400
2022-04-01,35.344974517822266,36.290000915527344,39.33000183105469,34.619998931884766,39.06999969482422,57428500
2022-04-04,36.97148895263672,37.959999084472656,38.220001220703125,36.16999816894531,36.58000183105469,28200500
2022-04-05,32.02377700805664,32.880001068115234,37.2400016784668,32.529998779296875,37.09000015258789,57649600
2022-04-06,29.715492248535156,30.510000228881836,32.099998474121094,29.559999465942383,30.850000381469727,69146900
2022-04-07,29.715492248535156,30.510000228881836,31.420000076293945,28.65999984741211,30.25,55657300
2022-04-08,27.55330467224121,28.290000915527344,29.959999084472656,28.149999618530273,29.860000610351562,71608900
2022-04-11,25.800180435180664,26.489999771118164,27.709999084472656,26.34000015258789,27.040000915527344,60558200
2022-04-12,25.55668830871582,26.239999771118164,28.84000015258789,25.860000610351562,28.040000915527344,66793200
2022-04-13,27.30007553100586,28.030000686645508,28.540000915527344,26.309999465942383,26.770000457763672,50484000
2022-04-14,24.943092346191406,25.610000610351562,28.6200008392334,25.540000915527344,28.549999237060547,51193200
2022-04-18,26.277416229248047,26.979999542236328,27.670000076293945,25.15999984741211,25.260000228881836,49251700
2022-04-19,28.001325607299805,28.75,28.889999389648438,26.219999313354492,26.68000030517578,45358800
2022-04-20,27.75783348083496,28.5,30.850000381469727,28.239999771118164,30.06999969482422,51891900
2022-04-21,25.527467727661133,26.209999084472656,30.56999969482422,25.809999465942383,29.600000381469727,53808500
2022-04-22,23.81329917907715,24.450000762939453,26.559999465942383,24.3700008392334,26.100000381469727,57459200
2022-04-25,25.001527786254883,25.670000076293945,25.760000228881836,23.68000030517578,23.889999389648438,58210600
2022-04-26,21.845903396606445,22.43000030517578,24.899999618530273,22.350000381469727,24.709999084472656,55039200
2022-04-27,21.378402709960938,21.950000762939453,23.59000015258789,21.479999542236328,21.6200008392334,52406400
2022-04-28,24.91387176513672,25.579999923706055,26.299999237060547,22.399999618530273,23.200000762939453,63555800
2022-04-29,21.66084861755371,22.239999771118164,25.950000762939453,22.100000381469727,24.299999237060547,48104400
2022-05-02,23.862001419067383,24.5,24.549999237060547,21.809999465942383,22.3799991607666,57669900
2022-05-03,24.45611572265625,25.110000610351562,25.68000030517578,23.75,24.329999923706055,53115700
2022-05-04,27.290334701538086,28.020000457763672,28.139999389648438,23.299999237060547,25.690000534057617,77054200
2022-05-05,23.36528205871582,23.989999771118164,26.6200008392334,22.75,26.530000686645508,64302700
2022-05-06,22.741945266723633,23.350000381469727,24.8700008392334,21.940000534057617,23.239999771118164,73607500
2022-05-09,19.206472396850586,19.719999313354492,22.600000381469727,19.31999969482422,21.81999969482422,72482100
2022-05-10,20.540800094604492,21.09000015258789,22.149999618530273,19.719999313354492,21.450000762939453,72934500
2022-05-11,18.651315689086914,19.149999618530273,22.0,18.969999313354492,20.530000686645508,76546000
2022-05-12,18.904544830322266,19.40999984741211,19.989999771118164,17.959999084472656,18.510000228881836,79889100
2022-05-13,21.904340744018555,22.489999771118164,22.90999984741211,20.18000030517578,20.56999969482422,65885900
2022-05-16,20.813505172729492,21.3700008392334,22.510000228881836,21.200000762939453,21.860000610351562,49300800
2022-05-17,23.939912796020508,24.579999923706055,24.739999771118164,22.84000015258789,23.079999923706055,65619700
2022-05-18,20.307048797607422,20.850000381469727,24.350000381469727,20.530000686645508,23.399999618530273,61497800
2022-05-19,19.975900650024414,20.510000228881836,22.040000915527344,19.899999618530273,20.549999237060547,62522000
2022-05-20,19.829809188842773,20.360000610351562,21.649999618530273,17.65999984741211,21.540000915527344,86718200
2022-05-23,20.0927791595459,20.6299991607666,20.829999923706055,19.450000762939453,19.93000030517578,54498700
2022-05-24,18.602619171142578,19.100000381469727,19.8799991607666,18.440000534057617,19.690000534057617,57291400
2022-05-25,19.66423797607422,20.190000534057617,20.719999313354492,18.719999313354492,18.729999542236328,54536300
2022-05-26,21.953035354614258,22.540000915527344,22.829999923706055,19.479999542236328,19.610000610351562,60520000
2022-05-27,24.60220718383789,25.260000228881836,25.440000534057617,23.59000015258789,23.600000381469727,54680400
2022-05-31,24.21262550354004,24.860000610351562,25.600000381469727,23.75,25.139999389648438,48671900
2022-06-01,23.092571258544922,23.709999084472656,25.719999313354492,22.709999084472656,25.34000015258789,52378500
2022-06-02,25.517732620239258,26.200000762939453,26.280000686645508,23.299999237060547,23.399999618530273,49439000
2022-06-03,23.306842803955078,23.93000030517578,24.950000762939453,23.5,24.549999237060547,42093200
2022-06-06,23.28736114501953,23.90999984741211,25.579999923706055,23.479999542236328,25.25,40514000
2022-06-07,23.959392547607422,24.600000381469727,24.739999771118164,22.540000915527344,23.020000457763672,37067500
2022-06-08,22.313400268554688,22.90999984741211,24.459999084472656,22.420000076293945,24.15999984741211,38501600
2022-06-09,20.540800094604492,21.09000015258789,23.559999465942383,21.030000686645508,22.389999389648438,37937200
2022-06-10,18.320167541503906,18.809999465942383,20.510000228881836,18.65999984741211,19.979999542236328,58924000
2022-06-13,15.145063400268555,15.550000190734863,17.40999984741211,15.34000015258789,16.93000030517578,77061300
2022-06-14,15.34959602355957,15.760000228881836,16.219999313354492,15.210000038146973,16.010000228881836,52253400
2022-06-15,16.177459716796875,16.610000610351562,17.43000030517578,15.470000267028809,16.350000381469727,77001800
2022-06-16,13.216623306274414,13.569999694824219,15.1899995803833,12.989999771118164,15.140000343322754,90753100
2022-06-17,13.34323787689209,13.699999809265137,14.020000457763672,12.779999732971191,13.649999618530273,64012800
2022-06-21,14.414595603942871,14.800000190734863,15.430000305175781,14.489999771118164,14.539999961853027,57522800
2022-06-22,13.935765266418457,14.289999961853027,14.970000267028809,13.9399995803833,14.039999961853027,49362200
2022-06-23,13.662707328796387,14.010000228881836,14.59000015258789,13.34000015258789,14.579999923706055,47625300
2022-06-24,15.418086051940918,15.8100004196167,15.850000381469727,14.569999694824219,14.640000343322754,60548200
2022-06-27,15.408334732055664,15.800000190734863,16.459999084472656,15.369999885559082,16.309999465942383,43426900
2022-06-28,14.199073791503906,14.5600004196167,16.579999923706055,14.520000457763672,16.0,56957600
2022-06-29,13.214109420776367,13.550000190734863,14.039999961853027,13.029999732971191,14.0,61516700
2022-06-30,12.77526569366455,13.100000381469727,13.829999923706055,12.380000114440918,13.029999732971191,70274900
2022-07-01,11.312447547912598,11.600000381469727,12.600000381469727,11.130000114440918,12.489999771118164,92067100
2022-07-05,11.556249618530273,11.850000381469727,11.899999618530273,10.529999732971191,10.739999771118164,82942200
2022-07-06,11.790300369262695,12.09000015258789,12.5,11.520000457763672,11.920000076293945,77177800
2022-07-07,13.370145797729492,13.710000038146973,13.890000343322754,12.90999984741211,12.90999984741211,75926300
2022-07-08,13.565186500549316,13.90999984741211,14.170000076293945,12.960000038146973,13.130000114440918,77437200
2022-07-11,12.589974403381348,12.90999984741211,13.449999809265137,12.649999618530273,13.25,52520600
2022-07-12,12.64848804473877,12.970000267028809,13.449999809265137,12.720000267028809,13.180000305175781,53368400
2022-07-13,12.960555076599121,13.289999961853027,13.5600004196167,12.130000114440918,12.180000305175781,70014100
2022-07-14,13.721219062805176,14.069999694824219,14.260000228881836,12.539999961853027,13.170000076293945,78227900
2022-07-15,14.735440254211426,15.109999656677246,15.149999618530273,14.039999961853027,14.75,74112400
2022-07-18,14.550148963928223,14.920000076293945,16.18000030517578,14.630000114440918,15.829999923706055,83926600
2022-07-19,16.52982521057129,16.950000762939453,17.170000076293945,15.5,15.609999656677246,78348500
2022-07-20,17.74884033203125,18.200000762939453,18.440000534057617,16.5,16.829999923706055,85890600
2022-07-21,18.62653160095215,19.100000381469727,19.1200008392334,17.68000030517578,18.520000457763672,80210800
2022-07-22,17.212474822998047,17.649999618530273,18.90999984741211,17.149999618530273,18.84000015258789,65689500
2022-07-25,16.87114906311035,17.299999237060547,17.3700008392334,16.43000030517578,17.229999542236328,43336800
2022-07-26,16.022720336914062,16.43000030517578,17.239999771118164,16.25,16.93000030517578,48959700
2022-07-27,18.265701293945312,18.729999542236328,19.1200008392334,17.170000076293945,17.31999969482422,78797600
2022-07-28,18.889841079711914,19.3700008392334,19.520000457763672,17.579999923706055,18.860000610351562,69548100
2022-07-29,19.33843231201172,19.829999923706055,19.989999771118164,18.31999969482422,18.56999969482422,61313500
2022-08-01,19.51397132873535,20.010000228881836,20.610000610351562,19.030000686645508,19.40999984741211,61205100
2022-08-02,19.426204681396484,19.920000076293945,20.8700008392334,19.110000610351562,19.43000030517578,60816500
2022-08-03,21.015796661376953,21.549999237060547,21.719999313354492,19.8700008392334,19.979999542236328,57214600
2022-08-04,21.522911071777344,22.06999969482422,22.270000457763672,21.219999313354492,21.469999313354492,56294600
2022-08-05,21.025548934936523,21.559999465942383,22.1200008392334,20.56999969482422,20.959999084472656,60067800
2022-08-08,20.030834197998047,20.540000915527344,21.389999389648438,19.56999969482422,20.649999618530273,59477700
2022-08-09,17.251483917236328,17.690000534057617,19.229999542236328,16.90999984741211,19.229999542236328,65153600
2022-08-10,19.41645050048828,19.90999984741211,20.020000457763672,18.389999389648438,19.079999923706055,69125300
2022-08-11,19.289674758911133,19.780000686645508,21.600000381469727,19.68000030517578,20.469999313354492,70069200
2022-08-12,21.06456184387207,21.600000381469727,21.719999313354492,19.979999542236328,20.239999771118164,57238400
2022-08-15,21.240097045898438,21.780000686645508,21.969999313354492,20.799999237060547,21.239999771118164,48991600
2022-08-16,20.6159610748291,21.139999389648438,21.739999771118164,20.389999389648438,21.479999542236328,48777200
2022-08-17,19.06537628173828,19.549999237060547,20.200000762939453,18.709999084472656,20.18000030517578,67988800
2022-08-18,20.372159957885742,20.889999389648438,21.360000610351562,19.5,19.719999313354492,50790800
2022-08-19,18.69479751586914,19.170000076293945,20.3799991607666,18.889999389648438,20.059999465942383,49700800
2022-08-22,16.61760139465332,17.040000915527344,18.149999618530273,16.770000457763672,18.100000381469727,51389400
2022-08-23,16.900407791137695,17.329999923706055,18.059999465942383,17.010000228881836,17.079999923706055,49723200
2022-08-24,16.978422164916992,17.40999984741211,17.59000015258789,16.770000457763672,17.25,42087500
2022-08-25,18.84107780456543,19.31999969482422,19.3799991607666,17.420000076293945,17.459999084472656,58659800
2022-08-26,15.58387279510498,15.979999542236328,19.329999923706055,15.949999809265137,19.25,84676900
2022-08-29,14.676925659179688,15.050000190734863,16.049999237060547,14.949999809265137,15.479999542236328,61062700
2022-08-30,14.111305236816406,14.470000267028809,15.569999694824219,13.960000038146973,15.5,77063100
2022-08-31,13.691962242126465,14.039999961853027,14.699999809265137,13.65999984741211,14.6899995803833,86870500
2022-09-01,12.892289161682129,13.220000267028809,13.260000228881836,11.970000267028809,13.029999732971191,113345600
2022-09-02,12.541213989257812,12.859999656677246,14.140000343322754,12.630000114440918,13.84000015258789,100737200
2022-09-06,12.112122535705566,12.420000076293945,13.029999732971191,12.069999694824219,12.90999984741211,79919100
2022-09-07,12.667991638183594,12.989999771118164,13.319999694824219,12.229999542236328,12.420000076293945,79632700
2022-09-08,13.311629295349121,13.649999618530273,13.800000190734863,12.369999885559082,12.640000343322754,103258300
2022-09-09,14.286843299865723,14.649999618530273,14.850000381469727,14.1899995803833,14.260000228881836,81908900
2022-09-12,14.413618087768555,14.779999732971191,15.050000190734863,14.300000190734863,14.829999923706055,67153300
2022-09-13,11.790300369262695,12.09000015258789,13.489999771118164,11.949999809265137,13.149999618530273,85975600
2022-09-14,12.151129722595215,12.460000038146973,12.739999771118164,11.9399995803833,12.279999732971191,65846900
2022-09-15,11.614765167236328,11.90999984741211,12.670000076293945,11.59000015258789,12.229999542236328,94630600
2022-09-16,11.7610445022583,12.0600004196167,12.100000381469727,11.180000305175781,11.470000267028809,87622100
2022-09-19,11.956088066101074,12.260000228881836,12.4399995803833,11.569999694824219,11.619999885559082,75532200
2022-09-20,11.447317123413086,11.699999809265137,12.039999961853027,11.430000305175781,11.850000381469727,70577400
2022-09-21,11.15379524230957,11.399999618530273,12.920000076293945,11.380000114440918,11.760000228881836,125021300
2022-09-22,10.283018112182617,10.510000228881836,11.319999694824219,10.25,11.170000076293945,112096100
2022-09-23,9.813383102416992,10.029999732971191,10.140000343322754,9.449999809265137,10.069999694824219,120047000
2022-09-26,9.343751907348633,9.550000190734863,10.359999656677246,9.5,9.90999984741211,96464800
2022-09-27,9.598135948181152,9.8100004196167,10.279999732971191,9.390000343322754,10.039999961853027,115839400
2022-09-28,9.950361251831055,10.170000076293945,10.350000381469727,9.449999809265137,9.569999694824219,119412700
2022-09-29,9.089365005493164,9.289999961853027,9.739999771118164,8.800000190734863,9.699999809265137,128122600
2022-09-30,8.66865062713623,8.859999656677246,9.609999656677246,8.739999771118164,8.899999618530273,109534300
2022-10-03,9.490510940551758,9.699999809265137,10.0,8.880000114440918,9.09000015258789,126786100
2022-10-04,10.801572799682617,11.039999961853027,11.100000381469727,10.539999961853027,10.579999923706055,114533100
2022-10-05,11.173365592956543,11.420000076293945,11.65999984741211,10.210000038146973,10.529999732971191,110030200
2022-10-06,10.948330879211426,11.1899995803833,11.920000076293945,11.050000190734863,11.289999961853027,117138000
2022-10-07,9.011094093322754,9.210000038146973,10.279999732971191,9.0,10.180000305175781,134873300
2022-10-10,8.101177215576172,8.279999732971191,9.09000015258789,7.860000133514404,9.069999694824219,163448700
2022-10-11,7.40651273727417,7.570000171661377,8.020000457763672,7.199999809265137,7.809999942779541,186475200
2022-10-12,7.181478977203369,7.340000152587891,7.619999885559082,7.230000019073486,7.489999771118164,110516500
2022-10-13,7.827226161956787,8.0,8.359999656677246,6.210000038146973,6.420000076293945,284532700
2022-10-14,6.780333995819092,6.929999828338623,8.270000457763672,6.869999885559082,8.260000228881836,177216100
2022-10-17,7.171695232391357,7.329999923706055,7.670000076293945,7.199999809265137,7.46999979019165,113321500
2022-10-18,7.2401838302612305,7.400000095367432,8.210000038146973,7.039999961853027,8.039999961853027,185506400
2022-10-19,7.40651273727417,7.570000171661377,7.800000190734863,7.199999809265137,7.269999980926514,134272400
2022-10-20,7.533705234527588,7.699999809265137,8.420000076293945,7.590000152587891,7.699999809265137,170614600
2022-10-21,8.394700050354004,8.579999923706055,8.640000343322754,7.550000190734863,7.650000095367432,178616600
2022-10-24,8.492538452148438,8.680000305175781,8.8100004196167,8.079999923706055,8.640000343322754,147205700
2022-10-25,9.060013771057129,9.260000228881836,9.470000267028809,8.75,8.800000190734863,127146900
2022-10-26,8.815412521362305,9.010000228881836,9.670000076293945,8.550000190734863,8.739999771118164,143571600
2022-10-27,8.3359956741333,8.520000457763672,9.4399995803833,8.479999542236328,9.15999984741211,129662300
2022-10-28,9.294830322265625,9.5,9.5600004196167,8.489999771118164,8.5600004196167,129291600
2022-10-31,8.727355003356934,8.920000076293945,9.350000381469727,8.75,9.300000190734863,118351000
2022-11-01,8.903470039367676,9.100000381469727,9.520000457763672,8.9399995803833,9.40999984741211,108638200
2022-11-02,8.062043190002441,8.239999771118164,9.770000457763672,8.199999809265137,9.270000457763672,174985600
2022-11-03,7.719601154327393,7.889999866485596,8.289999961853027,7.53000020980835,7.78000020980835,135668700
2022-11-04,8.795845031738281,8.989999771118164,9.0600004196167,8.420000076293945,8.720000267028809,173041700
2022-11-07,9.382887840270996,9.59000015258789,9.6899995803833,8.880000114440918,9.270000457763672,105846700
2022-11-08,9.950361251831055,10.170000076293945,10.5600004196167,9.609999656677246,10.109999656677246,147373300
2022-11-09,9.040446281433105,9.239999771118164,9.819999694824219,9.180000305175781,9.739999771118164,107444900
2022-11-10,11.819110870361328,12.079999923706055,12.170000076293945,10.5600004196167,10.800000190734863,196270300
2022-11-11,12.934490203857422,13.220000267028809,13.40999984741211,11.829999923706055,12.279999732971191,166468400
2022-11-14,12.494209289550781,12.770000457763672,13.510000228881836,12.729999542236328,12.989999771118164,108739600
2022-11-15,13.570453643798828,13.869999885559082,14.4399995803833,13.3100004196167,14.34000015258789,159797700
2022-11-16,11.86803150177002,12.130000114440918,12.989999771118164,11.869999885559082,12.930000305175781,112310400
2022-11-17,12.102849006652832,12.369999885559082,12.579999923706055,11.3100004196167,11.34000015258789,128795400
2022-11-18,12.220256805419922,12.489999771118164,13.029999732971191,12.069999694824219,12.989999771118164,117064100
2022-11-21,11.633213996887207,11.890000343322754,12.199999809265137,11.739999771118164,12.069999694824219,84238200
2022-11-22,12.621399879455566,12.899999618530273,12.9399995803833,11.850000381469727,12.140000343322754,86949600
2022-11-23,13.032329559326172,13.319999694824219,13.75,12.84000015258789,12.899999618530273,113790600
2022-11-25,12.582265853881836,12.859999656677246,13.260000228881836,12.829999923706055,13.130000114440918,41754500
2022-11-28,11.584294319152832,11.84000015258789,12.760000228881836,11.600000381469727,12.359999656677246,87803100
2022-11-29,11.476668357849121,11.729999542236328,12.180000305175781,11.5,11.949999809265137,75056000
2022-11-30,13.521530151367188,13.819999694824219,13.850000381469727,11.520000457763672,11.84000015258789,133385800
2022-12-01,13.208443641662598,13.5,14.130000114440918,12.9399995803833,14.09000015258789,112133900
2022-12-02,12.748592376708984,13.029999732971191,13.130000114440918,12.300000190734863,12.489999771118164,98017700
2022-12-05,12.318098068237305,12.59000015258789,13.15999984741211,12.199999809265137,12.800000190734863,71095100
2022-12-06,11.466885566711426,11.720000267028809,12.600000381469727,11.380000114440918,12.539999961853027,86923400
2022-12-07,11.447317123413086,11.699999809265137,11.930000305175781,11.329999923706055,11.40999984741211,86276700
2022-12-08,12.347447395324707,12.619999885559082,12.720000267028809,11.649999618530273,11.890000343322754,101888300
2022-12-09,12.053927421569824,12.319999694824219,12.989999771118164,12.180000305175781,12.489999771118164,88787400
2022-12-12,12.699673652648926,12.979999542236328,13.010000228881836,11.9399995803833,12.140000343322754,73482200
2022-12-13,13.335636138916016,13.630000114440918,14.90999984741211,13.140000343322754,14.720000267028809,180078900
2022-12-14,12.71924114227295,13.0,14.029999732971191,12.539999961853027,13.510000228881836,139612300
2022-12-15,11.15379524230957,11.399999618530273,12.380000114440918,11.319999694824219,12.229999542236328,107181700
2022-12-16,10.870058059692383,11.109999656677246,11.479999542236328,10.770000457763672,11.199999809265137,88813800
2022-12-19,10.45913028717041,10.6899995803833,11.149999618530273,10.350000381469727,11.119999885559082,82876800
2022-12-20,10.221510887145996,10.40999984741211,10.75,10.15999984741211,10.25,88304000
2022-12-21,10.938295364379883,11.140000343322754,11.270000457763672,10.600000381469727,10.630000114440918,83240400
2022-12-22,9.60291862487793,9.779999732971191,10.5600004196167,9.109999656677246,10.539999961853027,135617300
2022-12-23,9.593100547790527,9.770000457763672,9.8100004196167,9.229999542236328,9.59000015258789,92378600
2022-12-27,9.102152824401855,9.270000457763672,9.59000015258789,9.130000114440918,9.579999923706055,78142100
2022-12-28,8.699576377868652,8.859999656677246,9.430000305175781,8.739999771118164,9.100000381469727,83917300
2022-12-29,9.494911193847656,9.670000076293945,9.829999923706055,9.180000305175781,9.279999732971191,90966000
2022-12-30,9.494911193847656,9.670000076293945,9.699999809265137,9.0600004196167,9.270000457763672,64369800
2023-01-03,9.190523147583008,9.359999656677246,10.210000038146973,9.1899995803833,10.170000076293945,97509800
2023-01-04,9.887667655944824,10.069999694824219,10.270000457763672,9.579999923706055,9.880000114440918,114576600
2023-01-05,9.396720886230469,9.569999694824219,10.0,9.529999732971191,9.800000190734863,83312800
2023-01-06,10.673181533813477,10.869999885559082,11.069999694824219,9.5600004196167,9.949999809265137,123492600
2023-01-09,11.321231842041016,11.529999732971191,12.270000457763672,11.279999732971191,11.529999732971191,136968300
2023-01-10,11.753266334533691,11.970000267028809,11.989999771118164,11.1899995803833,11.380000114440918,90401400
2023-01-11,12.1754789352417,12.399999618530273,12.430000305175781,11.649999618530273,11.979999542236328,80469400
2023-01-12,12.587874412536621,12.819999694824219,13.079999923706055,11.819999694824219,12.59000015258789,135343400
2023-01-13,12.715519905090332,12.949999809265137,13.0,12.270000457763672,12.369999885559082,74389800
2023-01-17,12.823531150817871,13.0600004196167,13.430000305175781,12.670000076293945,12.880000114440918,74500500
2023-01-18,12.587874412536621,12.819999694824219,13.760000228881836,12.8100004196167,13.449999809265137,82050400
2023-01-19,11.556886672973633,11.770000457763672,12.520000457763672,11.619999885559082,12.479999542236328,99618400
2023-01-20,12.558418273925781,12.789999961853027,12.859999656677246,11.75,12.109999656677246,89921600
2023-01-23,14.47311019897461,14.739999771118164,14.90999984741211,13.130000114440918,13.180000305175781,125178200
2023-01-24,14.178543090820312,14.4399995803833,14.850000381469727,14.15999984741211,14.289999961853027,75816000
2023-01-25,14.266913414001465,14.529999732971191,14.630000114440918,13.329999923706055,13.710000038146973,93424800
2023-01-26,14.964056015014648,15.239999771118164,15.300000190734863,14.300000190734863,15.020000457763672,111443300
2023-01-27,14.708765029907227,14.979999542236328,15.359999656677246,14.350000381469727,14.5,101402600
2023-01-30,13.550131797790527,13.800000190734863,14.619999885559082,13.729999542236328,14.350000381469727,81286700
2023-01-31,14.257094383239746,14.520000457763672,14.550000190734863,13.640000343322754,13.670000076293945,97363300
2023-02-01,16.49581527709961,16.799999237060547,17.280000686645508,14.680000305175781,14.729999542236328,150219900
2023-02-02,17.59553337097168,17.920000076293945,18.399999618530273,17.010000228881836,17.329999923706055,116420900
2023-02-03,16.62346076965332,16.93000030517578,18.1299991607666,16.600000381469727,16.780000686645508,94867600
2023-02-06,15.808487892150879,16.100000381469727,16.860000610351562,15.859999656677246,16.1200008392334,77254800
2023-02-07,17.271507263183594,17.59000015258789,17.850000381469727,16.1299991607666,16.219999313354492,119100900
2023-02-08,16.191423416137695,16.489999771118164,17.690000534057617,16.350000381469727,17.329999923706055,72392900
2023-02-09,16.279796600341797,16.579999923706055,17.899999618530273,16.209999084472656,17.329999923706055,84793400
2023-02-10,15.51391887664795,15.800000190734863,16.219999313354492,15.25,16.059999465942383,78447700
2023-02-13,16.122692108154297,16.420000076293945,16.6200008392334,15.569999694824219,15.989999771118164,60332300
2023-02-14,17.016218185424805,17.329999923706055,17.530000686645508,15.670000076293945,16.059999465942383,111460800
2023-02-15,17.222414016723633,17.540000915527344,17.59000015258789,16.43000030517578,16.809999465942383,74638200
2023-02-16,15.985227584838867,16.280000686645508,17.170000076293945,16.18000030517578,16.649999618530273,81774100
2023-02-17,15.21934986114502,15.5,16.1200008392334,15.039999961853027,15.979999542236328,82871000
2023-02-21,13.756328582763672,14.010000228881836,15.3100004196167,13.890000343322754,14.789999961853027,68114400
2023-02-22,13.579588890075684,13.829999923706055,14.40999984741211,13.539999961853027,14.109999656677246,70471500
2023-02-23,14.806954383850098,15.079999923706055,15.34000015258789,14.279999732971191,15.130000114440918,94198000
2023-02-24,14.050898551940918,14.3100004196167,14.539999961853027,13.960000038146973,14.289999961853027,74689200
2023-02-27,14.237456321716309,14.5,15.010000228881836,14.5,14.960000038146973,61896900
2023-02-28,14.384740829467773,14.649999618530273,15.270000457763672,14.3100004196167,14.399999618530273,59300500
2023-03-01,14.41419792175293,14.680000305175781,15.220000267028809,14.479999542236328,14.8100004196167,63832600
2023-03-02,14.7382230758667,15.010000228881836,15.239999771118164,13.65999984741211,14.010000228881836,73485400
2023-03-03,15.39609146118164,15.680000305175781,15.770000457763672,14.649999618530273,15.050000190734863,72055200
2023-03-06,14.895323753356934,15.170000076293945,16.25,15.039999961853027,15.829999923706055,56252700
2023-03-07,14.384740829467773,14.649999618530273,15.420000076293945,14.489999771118164,15.1899995803833,66744300
2023-03-08,15.523736000061035,15.8100004196167,15.899999618530273,14.850000381469727,14.859999656677246,71670200
2023-03-09,14.640031814575195,14.90999984741211,16.540000915527344,14.800000190734863,15.75,87945700
2023-03-10,13.795604705810547,14.050000190734863,15.25,13.8100004196167,15.109999656677246,128656300
2023-03-13,13.766149520874023,14.020000457763672,14.539999961853027,13.149999618530273,13.609999656677246,121199400
2023-03-14,14.944419860839844,15.220000267028809,15.539999961853027,14.539999961853027,14.760000228881836,107012500
2023-03-15,14.424015998840332,14.6899995803833,14.850000381469727,13.75,14.600000381469727,126199700
2023-03-16,16.122692108154297,16.420000076293945,16.520000457763672,14.300000190734863,14.479999542236328,108646600
2023-03-17,15.837944030761719,16.1299991607666,16.899999618530273,15.829999923706055,16.489999771118164,79179200
2023-03-20,16.30925178527832,16.610000610351562,16.790000915527344,15.779999732971191,16.139999389648438,62536400
2023-03-21,16.392839431762695,16.670000076293945,17.530000686645508,15.9399995803833,17.010000228881836,76051300
2023-03-22,15.969986915588379,16.239999771118164,18.020000457763672,16.200000762939453,16.68000030517578,95075000
2023-03-23,17.199207305908203,17.489999771118164,18.170000076293945,16.6299991607666,17.020000457763672,97514400
2023-03-24,16.294498443603516,16.56999969482422,17.219999313354492,16.040000915527344,17.100000381469727,90583300
2023-03-27,15.70447826385498,15.970000267028809,16.920000076293945,15.8100004196167,16.760000228881836,64605200
2023-03-28,15.37013053894043,15.630000114440918,15.880000114440918,14.899999618530273,15.869999885559082,75621600
2023-03-29,16.796022415161133,17.079999923706055,17.469999313354492,16.299999237060547,16.34000015258789,90012500
2023-03-30,17.65155792236328,17.950000762939453,18.290000915527344,17.579999923706055,17.760000228881836,80622200
2023-03-31,17.995737075805664,18.299999237060547,18.34000015258789,17.43000030517578,17.559999465942383,68287500
2023-04-03,17.513883590698242,17.809999465942383,18.15999984741211,17.1299991607666,17.920000076293945,57147300
2023-04-04,16.510845184326172,16.790000915527344,17.899999618530273,16.510000228881836,17.8700008392334,64093400
2023-04-05,15.655308723449707,15.920000076293945,16.309999465942383,15.380000114440918,16.25,86953300
2023-04-06,15.399630546569824,15.65999984741211,16.010000228881836,15.09000015258789,15.449999809265137,65901100
2023-04-10,16.117494583129883,16.389999389648438,16.5,15.140000343322754,15.220000267028809,63177700
2023-04-11,15.940486907958984,16.209999084472656,16.790000915527344,16.110000610351562,16.719999313354492,52220200
2023-04-12,15.075118064880371,15.329999923706055,16.739999771118164,15.270000457763672,16.65999984741211,76962300
2023-04-13,15.409464836120605,15.670000076293945,15.949999809265137,15.039999961853027,15.390000343322754,59431400
2023-04-14,15.32096004486084,15.579999923706055,16.190000534057617,15.079999923706055,15.640000343322754,56858500
2023-04-17,15.32096004486084,15.579999923706055,15.619999885559082,14.949999809265137,15.100000381469727,56761700
2023-04-18,15.5176362991333,15.779999732971191,16.360000610351562,15.40999984741211,16.020000457763672,56833200
2023-04-19,15.006282806396484,15.260000228881836,15.380000114440918,14.979999542236328,15.199999809265137,53185600
2023-04-20,14.947279930114746,15.199999809265137,15.899999618530273,14.75,14.789999961853027,65191000
2023-04-21,14.612931251525879,14.859999656677246,15.09000015258789,14.479999542236328,15.09000015258789,68276000
2023-04-24,14.386756896972656,14.630000114440918,15.039999961853027,14.359999656677246,14.779999732971191,48740200
2023-04-25,12.980530738830566,13.199999809265137,14.420000076293945,13.170000076293945,14.420000076293945,89382800
2023-04-26,13.147706031799316,13.369999885559082,13.789999961853027,13.180000305175781,13.619999885559082,68911200
2023-04-27,13.314879417419434,13.539999961853027,13.600000381469727,12.520000457763672,13.329999923706055,87997600
2023-04-28,13.993407249450684,14.229999542236328,14.270000457763672,13.539999961853027,13.760000228881836,65456800
2023-05-01,14.416257858276367,14.65999984741211,14.789999961853027,14.319999694824219,14.460000038146973,57191000
2023-05-02,14.11141300201416,14.350000381469727,14.90999984741211,13.90999984741211,14.65999984741211,61126500
2023-05-03,13.609891891479492,13.84000015258789,14.619999885559082,13.8100004196167,14.119999885559082,71240700
2023-05-04,13.373883247375488,13.600000381469727,14.0,13.220000267028809,13.5,62383900
2023-05-05,14.229416847229004,14.470000267028809,14.680000305175781,13.4399995803833,13.619999885559082,62449400
2023-05-08,14.406425476074219,14.649999618530273,14.699999809265137,14.069999694824219,14.460000038146973,41012800
2023-05-09,13.70822811126709,13.9399995803833,14.119999885559082,13.739999771118164,14.069999694824219,57414300
2023-05-10,14.072077751159668,14.3100004196167,14.640000343322754,13.90999984741211,14.380000114440918,78346700
2023-05-11,13.836068153381348,14.069999694824219,14.430000305175781,13.640000343322754,14.329999923706055,54962200
2023-05-12,13.786900520324707,14.020000457763672,14.369999885559082,13.59000015258789,14.180000305175781,46095300
2023-05-15,14.858777046203613,15.109999656677246,15.140000343322754,13.970000267028809,14.100000381469727,64054000
2023-05-16,14.799774169921875,15.050000190734863,15.569999694824219,14.970000267028809,14.979999542236328,54294600
2023-05-17,15.871652603149414,16.139999389648438,16.34000015258789,15.140000343322754,15.479999542236328,77302900
2023-05-18,17.37621307373047,17.670000076293945,17.799999237060547,16.31999969482422,16.34000015258789,91302200
2023-05-19,17.100866317749023,17.389999389648438,17.639999389648438,17.059999465942383,17.59000015258789,49381700
2023-05-22,17.238542556762695,17.530000686645508,17.719999313354492,16.889999389648438,16.920000076293945,43944400
2023-05-23,16.638681411743164,16.920000076293945,17.549999237060547,16.790000915527344,17.200000762939453,41287200
2023-05-24,15.763480186462402,16.030000686645508,16.229999542236328,15.489999771118164,15.890000343322754,87475800
2023-05-25,18.83160400390625,19.149999618530273,19.389999389648438,17.6299991607666,18.15999984741211,124768700
2023-05-26,22.499589920043945,22.8799991607666,23.260000228881836,20.030000686645508,20.049999237060547,112964600
2023-05-30,22.489757537841797,22.8700008392334,24.799999237060547,22.59000015258789,24.56999969482422,99439100
2023-05-31,20.798351287841797,21.149999618530273,22.670000076293945,21.09000015258789,21.709999084472656,73938700
2023-06-01,21.79155921936035,22.15999984741211,22.75,20.829999923706055,21.479999542236328,74757400
2023-06-02,21.65389060974121,22.020000457763672,22.889999389648438,21.530000686645508,22.690000534057617,64902000
2023-06-05,20.62134552001953,20.969999313354492,21.75,20.65999984741211,21.75,35747700
2023-06-06,21.368711471557617,21.729999542236328,22.059999465942383,20.43000030517578,20.549999237060547,49445200
2023-06-07,21.28020668029785,21.639999389648438,23.100000381469727,21.489999771118164,22.149999618530273,65066100
2023-06-08,21.90956687927246,22.280000686645508,22.469999313354492,21.459999084472656,21.790000915527344,43045900
2023-06-09,22.027570724487305,22.399999618530273,23.489999771118164,22.09000015258789,23.030000686645508,50040000
2023-06-12,24.19099235534668,24.600000381469727,24.68000030517578,23.1299991607666,23.200000762939453,52761000
2023-06-13,25.13503074645996,25.559999465942383,26.079999923706055,24.719999313354492,25.790000915527344,82626800
2023-06-14,26.19707489013672,26.639999389648438,26.700000762939453,24.84000015258789,25.309999465942383,84622000
2023-06-15,25.518545150756836,25.950000762939453,26.56999969482422,25.420000076293945,25.75,64797200
2023-06-16,24.820350646972656,25.239999771118164,26.790000915527344,25.1299991607666,26.770000457763672,55258200
2023-06-20,24.240161895751953,24.649999618530273,25.549999237060547,23.979999542236328,24.860000610351562,43349100
2023-06-21,22.43583869934082,22.780000686645508,24.489999771118164,22.700000762939453,24.170000076293945,59099400
2023-06-22,22.75100326538086,23.100000381469727,23.3799991607666,22.219999313354492,22.280000686645508,44637500
2023-06-23,21.559284210205078,21.889999389648438,22.280000686645508,21.520000457763672,21.950000762939453,44180600
2023-06-26,21.756263732910156,22.09000015258789,23.31999969482422,22.049999237060547,22.31999969482422,47524300
2023-06-27,24.001815795898438,24.3700008392334,24.489999771118164,22.010000228881836,22.290000915527344,54471000
2023-06-28,23.361635208129883,23.719999313354492,24.440000534057617,23.110000610351562,23.18000030517578,55584500
2023-06-29,23.450275421142578,23.809999465942383,24.110000610351562,23.170000076293945,24.110000610351562,45213700
2023-06-30,24.454866409301758,24.829999923706055,25.170000076293945,24.290000915527344,24.56999969482422,47279500
2023-07-03,25.104896545410156,25.489999771118164,25.75,24.68000030517578,25.260000228881836,25289900
2023-07-05,23.48967170715332,23.850000381469727,25.18000030517578,23.829999923706055,24.989999771118164,38292000
2023-07-06,22.632816314697266,22.979999542236328,23.049999237060547,22.040000915527344,22.600000381469727,49420400
2023-07-07,22.613117218017578,22.959999084472656,24.030000686645508,22.829999923706055,23.079999923706055,41157600
2023-07-10,23.952573776245117,24.31999969482422,24.440000534057617,23.079999923706055,23.15999984741211,39943500
2023-07-11,23.972267150878906,24.34000015258789,24.739999771118164,23.280000686645508,24.68000030517578,44231000
2023-07-12,25.3018741607666,25.690000534057617,25.850000381469727,25.0,25.440000534057617,54237000
2023-07-13,26.86785125732422,27.280000686645508,27.450000762939453,26.209999084472656,26.510000228881836,42645500
2023-07-14,25.833715438842773,26.229999542236328,28.030000686645508,25.899999618530273,27.34000015258789,47819700
2023-07-17,27.636066436767578,28.059999465942383,28.530000686645508,25.770000457763672,26.280000686645508,50068600
2023-07-18,27.833044052124023,28.260000228881836,28.549999237060547,27.09000015258789,27.75,46023900
2023-07-19,26.877700805664062,27.290000915527344,28.440000534057617,27.040000915527344,28.40999984741211,49085500
2023-07-20,23.92302703857422,24.290000915527344,26.059999465942383,23.8700008392334,25.790000915527344,67340600
2023-07-21,24.543508529663086,24.920000076293945,25.59000015258789,24.5,25.010000228881836,43045200
2023-07-24,24.5238094329834,24.899999618530273,25.440000534057617,24.510000228881836,24.90999984741211,29911500
2023-07-25,25.735225677490234,26.1299991607666,26.59000015258789,25.309999465942383,25.309999465942383,39288500
2023-07-26,24.681392669677734,25.059999465942383,25.729999542236328,24.209999084472656,25.200000762939453,54225500
2023-07-27,26.060239791870117,26.459999084472656,28.049999237060547,26.0,27.0,83083300
2023-07-28,27.724706649780273,28.149999618530273,28.440000534057617,27.149999618530273,27.989999771118164,60636000
2023-07-31,27.98077964782715,28.40999984741211,28.75,27.950000762939453,28.459999084472656,37007400
2023-08-01,28.098968505859375,28.530000686645508,28.719999313354492,27.440000534057617,27.809999465942383,36908400
2023-08-02,24.898069381713867,25.280000686645508,27.5,24.790000915527344,27.5,81886500
2023-08-03,24.77003288269043,25.149999618530273,25.600000381469727,24.06999969482422,24.290000915527344,51031600
2023-08-04,24.50411033630371,24.8799991607666,25.950000762939453,24.079999923706055,24.81999969482422,59052800
2023-08-07,25.27232551574707,25.65999984741211,25.780000686645508,24.979999542236328,25.459999084472656,40030800
2023-08-08,24.090457916259766,24.459999084472656,24.549999237060547,23.43000030517578,24.5,52987700
2023-08-09,22.74115562438965,23.09000015258789,24.440000534057617,22.950000762939453,24.399999618530273,49811500
2023-08-10,22.46538543701172,22.809999465942383,24.40999984741211,22.309999465942383,23.65999984741211,65350400
2023-08-11,20.82061767578125,21.139999389648438,22.0,21.010000228881836,21.93000030517578,66018400
2023-08-14,22.583572387695312,22.93000030517578,22.959999084472656,20.65999984741211,20.860000610351562,55110100
2023-08-15,21.470643997192383,21.799999237060547,22.81999969482422,21.700000762939453,22.6200008392334,45574800
2023-08-16,20.219833374023438,20.530000686645508,21.780000686645508,20.469999313354492,21.709999084472656,54398900
2023-08-17,19.60919761657715,19.90999984741211,20.75,19.709999084472656,20.6200008392334,50769000
2023-08-18,19.845571517944336,20.149999618530273,20.43000030517578,19.110000610351562,19.219999313354492,63506400
2023-08-21,21.5494327545166,21.8799991607666,22.030000686645508,20.389999389648438,20.510000228881836,60272400
2023-08-22,21.027442932128906,21.350000381469727,22.81999969482422,21.100000381469727,22.709999084472656,59837800
2023-08-23,22.258560180664062,22.600000381469727,22.889999389648438,20.899999618530273,20.950000762939453,67010200
2023-08-24,20.10164451599121,20.40999984741211,23.920000076293945,20.239999771118164,23.889999389648438,87095000
2023-08-25,20.34786605834961,20.65999984741211,21.170000076293945,19.399999618530273,20.34000015258789,73315300
2023-08-28,21.096385955810547,21.420000076293945,21.59000015258789,20.760000228881836,21.260000228881836,57976500
2023-08-29,22.721458435058594,23.06999969482422,23.309999465942383,20.969999313354492,21.09000015258789,62384100
2023-08-30,23.046470642089844,23.399999618530273,23.700000762939453,22.3700008392334,22.920000076293945,58519900
2023-08-31,23.499523162841797,23.860000610351562,24.280000686645508,23.139999389648438,23.170000076293945,57584100
2023-09-01,23.6571044921875,24.020000457763672,24.510000228881836,23.510000228881836,24.350000381469727,50066200
2023-09-05,23.6571044921875,24.020000457763672,24.579999923706055,23.3799991607666,23.75,39873800
2023-09-06,23.085866928100586,23.440000534057617,24.290000915527344,22.65999984741211,23.8700008392334,45032300
2023-09-07,21.539587020874023,21.8700008392334,22.049999237060547,21.0,21.860000610351562,61690800
2023-09-08,21.17517852783203,21.5,22.190000534057617,21.219999313354492,21.719999313354492,40693000
2023-09-11,21.125930786132812,21.450000762939453,22.309999465942383,20.59000015258789,22.239999771118164,55474600
2023-09-12,20.623638153076172,20.940000534057617,21.979999542236328,20.850000381469727,21.0,49005100
2023-09-13,20.909255981445312,21.229999542236328,21.8700008392334,20.790000915527344,20.8799991607666,56098900
2023-09-14,21.322912216186523,21.649999618530273,21.93000030517578,21.049999237060547,21.860000610351562,54201500
2023-09-15,19.491012573242188,19.790000915527344,21.270000457763672,19.450000762939453,21.239999771118164,77052100
2023-09-18,19.628896713256836,19.93000030517578,20.18000030517578,19.200000762939453,19.290000915527344,41631100
2023-09-19,19.168190002441406,19.43000030517578,19.809999465942383,19.079999923706055,19.760000228881836,50047300
2023-09-20,18.230989456176758,18.479999542236328,19.920000076293945,18.440000534057617,19.65999984741211,58695600
2023-09-21,17.185274124145508,17.420000076293945,18.1299991607666,17.389999389648438,17.760000228881836,67572800
2023-09-22,17.5996150970459,17.84000015258789,18.3700008392334,17.6299991607666,17.899999618530273,65378900
2023-09-25,17.9744930267334,18.219999313354492,18.280000686645508,17.34000015258789,17.610000610351562,56510100
2023-09-26,17.007699966430664,17.239999771118164,17.920000076293945,16.989999771118164,17.739999771118164,70947400
2023-09-27,17.441770553588867,17.68000030517578,18.079999923706055,16.889999389648438,17.639999389648438,80980900
2023-09-28,18.38883399963379,18.639999389648438,19.219999313354492,17.350000381469727,17.56999969482422,88909800
2023-09-29,18.61573600769043,18.8700008392334,19.65999984741211,18.65999984741211,19.43000030517578,75483900
2023-10-02,18.822904586791992,19.079999923706055,19.579999923706055,18.43000030517578,18.950000762939453,65982800
2023-10-03,17.648941040039062,17.889999389648438,19.389999389648438,17.530000686645508,18.600000381469727,77741000
2023-10-04,18.38883399963379,18.639999389648438,18.809999465942383,17.770000457763672,18.18000030517578,74018800
2023-10-05,18.152069091796875,18.399999618530273,18.8700008392334,17.81999969482422,18.579999923706055,63584100
2023-10-06,19.20764923095703,19.469999313354492,19.790000915527344,17.65999984741211,18.020000457763672,92579900
2023-10-09,19.11886215209961,19.3799991607666,19.530000686645508,18.450000762939453,18.920000076293945,62652500
2023-10-10,19.779836654663086,20.049999237060547,20.6200008392334,19.290000915527344,19.559999465942383,67622800
2023-10-11,20.2336368560791,20.510000228881836,20.68000030517578,19.81999969482422,20.309999465942383,62660000
2023-10-12,20.40134620666504,20.68000030517578,21.56999969482422,20.09000015258789,20.670000076293945,83392100
2023-10-13,18.724252700805664,18.979999542236328,20.889999389648438,18.850000381469727,20.799999237060547,88671200
2023-10-16,19.54306983947754,19.809999465942383,20.0,19.100000381469727,19.1299991607666,65688500
2023-10-17,19.03993797302246,19.299999237060547,19.760000228881836,17.90999984741211,18.6299991607666,90214600
2023-10-18,18.03368377685547,18.280000686645508,18.790000915527344,17.979999542236328,18.3700008392334,81406400
2023-10-19,17.19513702392578,17.43000030517578,18.93000030517578,17.229999542236328,18.760000228881836,115930900
2023-10-20,16.415782928466797,16.639999389648438,17.790000915527344,16.56999969482422,17.420000076293945,83300000
2023-10-23,16.169153213500977,16.389999389648438,17.260000228881836,15.829999923706055,16.350000381469727,89594500
2023-10-24,16.810394287109375,17.040000915527344,17.1299991607666,16.420000076293945,16.65999984741211,79093400
2023-10-25,14.768285751342773,14.970000267028809,16.520000457763672,14.710000038146973,16.3799991607666,107436500
2023-10-26,14.53152084350586,14.729999542236328,15.680000305175781,14.479999542236328,15.130000114440918,101804700
2023-10-27,14.89653491973877,15.100000381469727,15.569999694824219,14.930000305175781,15.300000190734863,91507300
2023-10-30,14.334214210510254,14.529999732971191,15.109999656677246,14.020000457763672,14.819999694824219,104353000
2023-10-31,14.69922924041748,14.899999618530273,15.029999732971191,14.010000228881836,14.539999961853027,75873100
2023-11-01,15.73508071899414,15.949999809265137,16.020000457763672,14.930000305175781,14.949999809265137,100044400
2023-11-02,16.849853515625,17.079999923706055,17.40999984741211,16.3799991607666,16.899999618530273,89974100
2023-11-03,18.132335662841797,18.3799991607666,18.760000228881836,17.5,17.600000381469727,87767200
2023-11-06,18.00408935546875,18.25,18.639999389648438,17.729999542236328,18.450000762939453,52668800
2023-11-07,18.349376678466797,18.600000381469727,18.8799991607666,18.059999465942383,18.15999984741211,56719500
2023-11-08,18.418428421020508,18.670000076293945,18.959999084472656,18.280000686645508,18.65999984741211,50269100
2023-11-09,18.14220428466797,18.389999389648438,19.700000762939453,18.280000686645508,19.040000915527344,75784400
2023-11-10,20.322425842285156,20.600000381469727,20.780000686645508,18.829999923706055,19.059999465942383,95598900
2023-11-13,19.750240325927734,20.020000457763672,20.200000762939453,19.579999923706055,20.110000610351562,57461900
2023-11-14,21.841672897338867,22.139999389648438,22.389999389648438,21.3799991607666,21.510000228881836,94381100
2023-11-15,22.325071334838867,22.6299991607666,23.18000030517578,22.18000030517578,22.610000610351562,78026200
2023-11-16,22.413856506347656,22.719999313354492,22.90999984741211,22.139999389648438,22.3700008392334,61404400
2023-11-17,22.81833267211914,23.1299991607666,23.290000915527344,22.3700008392334,22.469999313354492,54090800
2023-11-20,23.854185104370117,24.18000030517578,24.420000076293945,23.049999237060547,23.09000015258789,56824400
2023-11-21,22.53223991394043,22.84000015258789,23.600000381469727,22.450000762939453,23.56999969482422,63297900
2023-11-22,22.690088272094727,23.0,24.1200008392334,22.81999969482422,23.229999542236328,64858200
2023-11-24,22.778871536254883,23.09000015258789,23.149999618530273,22.75,22.969999313354492,21933500
2023-11-27,22.660490036010742,22.969999313354492,23.540000915527344,22.600000381469727,22.790000915527344,40671500
2023-11-28,22.236284255981445,22.540000915527344,22.889999389648438,21.969999313354492,22.5,53548300
2023-11-29,22.907121658325195,23.219999313354492,24.299999237060547,23.139999389648438,23.459999084472656,69262600
2023-11-30,22.50264549255371,22.809999465942383,23.469999313354492,22.190000534057617,23.450000762939453,58913500
2023-12-01,22.759143829345703,23.06999969482422,23.200000762939453,21.84000015258789,22.3799991607666,54806900
2023-12-04,22.009382247924805,22.309999465942383,22.440000534057617,21.290000915527344,22.360000610351562,55773300
2023-12-05,21.634502410888672,21.93000030517578,22.09000015258789,21.34000015258789,21.68000030517578,51980900
2023-12-06,21.180702209472656,21.469999313354492,22.889999389648438,21.40999984741211,22.829999923706055,60117400
2023-12-07,22.867664337158203,23.18000030517578,23.399999618530273,21.81999969482422,22.020000457763672,77337000
2023-12-08,23.380651473999023,23.700000762939453,24.040000915527344,22.950000762939453,23.010000228881836,69195000
2023-12-11,25.7581787109375,26.110000610351562,26.3799991607666,24.309999465942383,24.389999389648438,80772700
2023-12-12,26.290903091430664,26.649999618530273,26.719999313354492,25.600000381469727,25.75,55752100
2023-12-13,27.543792724609375,27.920000076293945,28.399999618530273,26.420000076293945,26.700000762939453,80992700
2023-12-14,29.783201217651367,30.190000534057617,30.489999771118164,28.610000610351562,28.6200008392334,86502800
2023-12-15,30.1580810546875,30.56999969482422,31.59000015258789,30.350000381469727,30.459999084472656,66764600
2023-12-18,29.88185691833496,30.290000915527344,30.709999084472656,29.459999084472656,30.559999465942383,46100400
2023-12-19,30.335657119750977,30.75,30.979999542236328,30.290000915527344,30.329999923706055,39361100
2023-12-20,27.72136688232422,28.100000381469727,30.6200008392334,28.049999237060547,30.200000762939453,59562600
2023-12-21,29.919340133666992,30.260000228881836,30.40999984741211,29.350000381469727,29.75,62019200
2023-12-22,30.166522979736328,30.510000228881836,31.079999923706055,29.8799991607666,30.6200008392334,42545100
2023-12-26,31.79794692993164,32.15999984741211,32.529998779296875,30.90999984741211,30.93000030517578,48619700
2023-12-27,31.985807418823242,32.349998474121094,32.7400016784668,31.850000381469727,32.560001373291016,47991500
2023-12-28,31.857271194458008,32.220001220703125,32.779998779296875,32.04999923706055,32.59000015258789,34883800
2023-12-29,31.0465030670166,31.399999618530273,32.349998474121094,30.889999389648438,32.16999816894531,53166400
