Price,Adj Close,Close,High,Low,Open,Volume
Ticker,SOXL,SOXL,SOXL,SOXL,SOXL,SOXL
Date,,,,,,
2018-01-02,9.528627395629883,9.951333045959473,9.951333045959473,9.303999900817871,9.350000381469727,9237000
2018-01-03,10.002920150756836,10.446666717529297,10.46399974822998,10.027999877929688,10.050666809082031,9871500
2018-01-04,10.178466796875,10.630000114440918,10.738666534423828,10.368666648864746,10.663999557495117,8502000
2018-01-05,10.362313270568848,10.821999549865723,10.937999725341797,10.577333450317383,10.746000289916992,7713000
2018-01-08,10.595308303833008,11.065333366394043,11.166666984558105,10.723333358764648,10.810667037963867,6538500
2018-01-09,10.290818214416504,10.747332572937012,11.12733268737793,10.690667152404785,11.119999885559082,9009000
2018-01-10,9.91036319732666,10.350000381469727,10.49666690826416,10.097332954406738,10.378000259399414,13269000
2018-01-11,10.085906982421875,10.533332824707031,10.547332763671875,10.317999839782715,10.47933292388916,5524500
2018-01-12,10.242302894592285,10.696666717529297,10.76533317565918,10.440667152404785,10.528667449951172,5019000
2018-01-16,10.352097511291504,10.811332702636719,11.1813325881958,10.61066722869873,10.937333106994629,9804000
2018-01-17,11.242597579956055,11.7413330078125,11.792667388916016,11.053333282470703,11.091333389282227,11496000
2018-01-18,11.402819633483887,11.908666610717773,12.083333015441895,11.630000114440918,11.65666675567627,9171000
2018-01-19,11.433463096618652,11.940667152404785,12.10200023651123,11.715999603271484,12.04800033569336,9315000
2018-01-22,11.698376655578613,12.21733283996582,12.21733283996582,11.8100004196167,11.98799991607666,5620500
2018-01-23,11.963930130004883,12.494667053222656,12.496000289916992,12.234000205993652,12.373332977294922,6738000
2018-01-24,11.140459060668945,11.63466739654541,12.236000061035156,11.370667457580566,12.138667106628418,18628500
2018-01-25,10.560837745666504,11.029333114624023,12.095333099365234,11.028667449951172,12.079999923706055,13167000
2018-01-26,11.562405586242676,12.075332641601562,12.083333015441895,11.399999618530273,11.466667175292969,12733500
2018-01-29,11.525384902954102,12.036666870117188,12.27733325958252,11.591333389282227,11.916000366210938,9184500
2018-01-30,10.823838233947754,11.303999900817871,11.718667030334473,11.267999649047852,11.40666675567627,11923500
2018-01-31,11.101520538330078,11.593999862670898,11.830666542053223,11.392000198364258,11.683333396911621,6891000
2018-02-01,10.937463760375977,11.422666549682617,11.927332878112793,11.206666946411133,11.266667366027832,6895500
2018-02-02,10.02398681640625,10.468667030334473,11.15999984741211,10.466667175292969,11.06933307647705,13788000
2018-02-05,8.682814598083496,9.067999839782715,10.72266674041748,8.933333396911621,10.199999809265137,16929000
2018-02-06,9.575227737426758,10.0,10.022000312805176,8.518667221069336,8.526666641235352,20614500
2018-02-07,8.938155174255371,9.334667205810547,10.050666809082031,9.333333015441895,9.859999656677246,12523500
2018-02-08,7.80700159072876,8.153332710266113,9.527999877929688,8.13466739654541,9.500666618347168,17155500
2018-02-09,8.518123626708984,8.895999908447266,9.03600025177002,7.820666790008545,8.757332801818848,20676000
2018-02-12,8.967519760131836,9.36533260345459,9.540666580200195,8.949999809265137,9.144000053405762,14100000
2018-02-13,8.954113960266113,9.351332664489746,9.395999908447266,9.088000297546387,9.125332832336426,7440000
2018-02-14,9.555440902709961,9.97933292388916,10.034667015075684,9.133333206176758,9.133333206176758,11127000
2018-02-15,9.908447265625,10.347999572753906,10.347999572753906,9.633333206176758,10.254667282104492,12339000
2018-02-16,9.796096801757812,10.230667114257812,10.604666709899902,10.152000427246094,10.157333374023438,7677000
2018-02-20,10.303585052490234,10.760666847229004,11.052666664123535,10.089332580566406,10.100000381469727,11586000
2018-02-21,9.954407691955566,10.395999908447266,10.968000411987305,10.37600040435791,10.954000473022461,9901500
2018-02-22,9.880361557006836,10.3186674118042,10.638667106628418,10.224666595458984,10.523332595825195,5809500
2018-02-23,10.52189826965332,10.988666534423828,10.988666534423828,10.55666732788086,10.587332725524902,8178000
2018-02-26,11.191527366638184,11.687999725341797,11.699999809265137,11.140666961669922,11.233332633972168,8653500
2018-02-27,11.088113784790039,11.579999923706055,12.170000076293945,11.572667121887207,11.647333145141602,10837500
2018-02-28,10.782984733581543,11.261333465576172,11.930000305175781,11.231332778930664,11.800000190734863,10170000
2018-03-01,10.262730598449707,10.718000411987305,11.402667045593262,10.333333015441895,11.281999588012695,14397000
2018-03-02,10.793197631835938,11.272000312805176,11.33133316040039,10.258000373840332,10.258000373840332,9610500
2018-03-05,11.087475776672363,11.579333305358887,11.739999771118164,10.933333396911621,11.10533332824707,8790000
2018-03-06,11.588579177856445,12.102666854858398,12.190667152404785,11.716667175292969,11.853333473205566,12933000
2018-03-07,11.679862976074219,12.197999954223633,12.256667137145996,11.733332633972168,11.750666618347168,9990000
2018-03-08,11.729655265808105,12.25,12.447333335876465,12.026666641235352,12.333333015441895,8625000
2018-03-09,12.460563659667969,13.013333320617676,13.016667366027832,12.439332962036133,12.461333274841309,12120000
2018-03-12,12.848681449890137,13.41866683959961,13.628000259399414,13.166666984558105,13.279999732971191,12079500
2018-03-13,12.248634338378906,12.791999816894531,13.933333396911621,12.611332893371582,13.665332794189453,22048500
2018-03-14,12.24352741241455,12.786666870117188,12.979999542236328,12.434000015258789,12.949333190917969,13102500
2018-03-15,12.207777976989746,12.749333381652832,13.012666702270508,12.555999755859375,12.88599967956543,7572000
2018-03-16,12.198200225830078,12.739333152770996,12.96399974822998,12.682000160217285,12.805999755859375,4693500
2018-03-19,11.491551399230957,12.001333236694336,12.54466724395752,11.468667030334473,12.407999992370605,17712000
2018-03-20,11.760294914245605,12.281999588012695,12.38599967956543,12.017333030700684,12.066666603088379,8823000
2018-03-21,11.840089797973633,12.36533260345459,12.822667121887207,12.079999923706055,12.196000099182129,9939000
2018-03-22,10.867883682250977,11.350000381469727,12.146666526794434,11.331999778747559,11.781999588012695,15714000
2018-03-23,9.780776023864746,10.214667320251465,11.358667373657227,10.214667320251465,11.284667015075684,16557000
2018-03-26,11.01087474822998,11.499333381652832,11.507332801818848,10.534667015075684,10.980667114257812,18847500
2018-03-27,9.783329010009766,10.21733283996582,11.851332664489746,9.934000015258789,11.84000015258789,23146500
2018-03-28,9.16285514831543,9.56933307647705,10.302666664123535,9.421333312988281,10.092666625976562,20061000
2018-03-29,9.755241394042969,10.187999725341797,10.45533275604248,9.543333053588867,9.788666725158691,17752500
2018-04-02,8.625368118286133,9.008000373840332,10.133333206176758,8.723999977111816,9.880000114440918,19338000
2018-04-03,9.11944580078125,9.52400016784668,9.586000442504883,9.042667388916016,9.392666816711426,15993000
2018-04-04,9.467348098754883,9.887332916259766,9.96066665649414,8.683333396911621,8.707332611083984,16759500
2018-04-05,9.176259994506836,9.583333015441895,10.128666877746582,9.37399959564209,10.09333324432373,13840500
2018-04-06,8.338747024536133,8.708666801452637,9.499333381652832,8.588666915893555,9.170666694641113,13326000
2018-04-09,8.491314888000488,8.868000030517578,9.623332977294922,8.854000091552734,9.045999526977539,16462500
2018-04-10,9.307762145996094,9.720666885375977,9.869999885559082,9.302666664123535,9.498000144958496,18669000
2018-04-11,9.311590194702148,9.724666595458984,9.980667114257812,9.476667404174805,9.574666976928711,10633500
2018-04-12,9.842059135437012,10.278667449951172,10.358667373657227,9.908666610717773,9.989333152770996,13927500
2018-04-13,9.610976219177246,10.037332534790039,10.677332878112793,9.916666984558105,10.657333374023438,14283000
2018-04-16,9.672896385192871,10.10200023651123,10.254667282104492,9.844667434692383,10.227999687194824,8299500
2018-04-17,10.218043327331543,10.671333312988281,10.737333297729492,10.266667366027832,10.296667098999023,12387000
2018-04-18,9.901424407958984,10.340666770935059,10.525333404541016,10.046667098999023,10.46733283996582,12802500
2018-04-19,8.622811317443848,9.005332946777344,9.800000190734863,8.90666675567627,9.797332763671875,33981000
2018-04-20,8.313212394714355,8.682000160217285,9.133333206176758,8.559332847595215,9.0,16249500
2018-04-23,7.978719234466553,8.332667350769043,8.838666915893555,8.266667366027832,8.815333366394043,16278000
2018-04-24,7.784661769866943,8.130000114440918,8.783332824707031,7.906000137329102,8.54466724395752,21633000
2018-04-25,7.757213115692139,8.101332664489746,8.281332969665527,7.710667133331299,8.251999855041504,20535000
2018-04-26,8.230864524841309,8.595999717712402,8.61733341217041,8.323332786560059,8.461333274841309,17655000
2018-04-27,8.048933982849121,8.406000137329102,8.932000160217285,8.285332679748535,8.904000282287598,13656000
2018-04-30,7.782108306884766,8.12733268737793,8.553333282470703,8.022666931152344,8.399999618530273,11466000
2018-05-01,8.167030334472656,8.529333114624023,8.55666732788086,8.047332763671875,8.066666603088379,13552500
2018-05-02,8.054682731628418,8.411999702453613,8.633999824523926,8.309332847595215,8.531332969665527,10189500
2018-05-03,8.200226783752441,8.564000129699707,8.673333168029785,8.014666557312012,8.199999809265137,15442500
2018-05-04,8.79133415222168,9.1813325881958,9.210000038146973,8.309332847595215,8.381333351135254,19219500
2018-05-07,9.03199291229248,9.432666778564453,9.5600004196167,9.275333404541016,9.335332870483398,14211000
2018-05-08,9.224137306213379,9.633333206176758,9.633333206176758,9.29466724395752,9.330666542053223,10398000
2018-05-09,9.622466087341309,10.049332618713379,10.0513334274292,9.630666732788086,9.719332695007324,12400500
2018-05-10,10.136337280273438,10.586000442504883,10.586000442504883,10.173999786376953,10.173999786376953,12277500
2018-05-11,9.894400596618652,10.333333015441895,10.633333206176758,10.275333404541016,10.378000259399414,11790000
2018-05-14,10.283795356750488,10.739999771118164,11.088666915893555,10.664667129516602,10.715999603271484,13374000
2018-05-15,9.919939041137695,10.359999656677246,10.600000381469727,10.137332916259766,10.4913330078125,10774500
2018-05-16,10.320181846618652,10.777999877929688,10.826000213623047,10.390666961669922,10.390666961669922,10854000
2018-05-17,10.199535369873047,10.652000427246094,10.932666778564453,10.420666694641113,10.657999992370605,8755500
2018-05-18,9.770565032958984,10.204000473022461,10.432000160217285,10.094667434692383,10.392666816711426,9588000
2018-05-21,10.075695037841797,10.522666931152344,10.825332641601562,10.239999771118164,10.670000076293945,13068000
2018-05-22,10.245495796203613,10.699999809265137,10.930000305175781,10.574000358581543,10.803999900817871,12891000
2018-05-23,10.409549713134766,10.871333122253418,10.87266731262207,10.30666732788086,10.399333000183105,9612000
2018-05-24,10.517431259155273,10.984000205993652,11.063332557678223,10.579999923706055,10.843999862670898,10362000
2018-05-25,10.77660083770752,11.254667282104492,11.281999588012695,10.908666610717773,10.966667175292969,9672000
2018-05-29,10.570413589477539,11.03933334350586,11.333333015441895,10.8100004196167,11.050666809082031,10375500
2018-05-30,10.779791831970215,11.258000373840332,11.501333236694336,11.094667434692383,11.19333267211914,12159000
2018-05-31,10.546156883239746,11.013999938964844,11.354000091552734,10.956666946411133,11.1813325881958,9567000
2018-06-01,11.2528076171875,11.751999855041504,11.757332801818848,11.176667213439941,11.2586669921875,17115000
2018-06-04,11.527935981750488,12.03933334350586,12.079333305358887,11.718000411987305,11.866666793823242,11950500
2018-06-05,11.681139945983887,12.199333190917969,12.312000274658203,11.99666690826416,12.133333206176758,9339000
2018-06-06,11.906475067138672,12.434666633605957,12.438667297363281,12.066666603088379,12.223999977111816,8950500
2018-06-07,11.590495109558105,12.104666709899902,12.519332885742188,11.836000442504883,12.465999603271484,9597000
2018-06-08,11.284725189208984,11.785332679748535,11.85200023651123,11.480667114257812,11.673333168029785,9820500
2018-06-11,11.201102256774902,11.697999954223633,11.892666816711426,11.58666706085205,11.707332611083984,6118500
2018-06-12,11.372817039489746,11.87733268737793,11.90999984741211,11.578666687011719,11.777999877929688,7593000
2018-06-13,11.333878517150879,11.83666706085205,12.209333419799805,11.799332618713379,11.879332542419434,8608500
2018-06-14,11.527935981750488,12.03933334350586,12.221332550048828,11.833999633789062,12.015999794006348,8094000
2018-06-15,11.505593299865723,12.015999794006348,12.03933334350586,11.683333396911621,11.739333152770996,10308000
2018-06-18,11.151948928833008,11.646666526794434,11.733332633972168,11.320667266845703,11.733332633972168,12819000
2018-06-19,10.78358268737793,11.239333152770996,11.25333309173584,10.723333358764648,11.133333206176758,14991000
2018-06-20,10.953084945678711,11.416000366210938,11.580666542053223,11.266667366027832,11.510000228881836,7033500
2018-06-21,10.54244327545166,10.98799991607666,11.658666610717773,10.944000244140625,11.65133285522461,9858000
2018-06-22,10.298100471496582,10.733332633972168,11.187999725341797,10.656000137329102,11.130000114440918,5146500
2018-06-25,9.388544082641602,9.785332679748535,10.350666999816895,9.380666732788086,10.333333015441895,16000500
2018-06-26,9.487046241760254,9.887999534606934,10.031332969665527,9.733332633972168,9.935999870300293,7869000
2018-06-27,8.789207458496094,9.160667419433594,10.12733268737793,9.156000137329102,10.034000396728516,12337500
2018-06-28,9.011160850524902,9.392000198364258,9.442000389099121,9.053999900817871,9.11066722869873,10029000
2018-06-29,9.050814628601074,9.433333396911621,9.77733325958252,9.433333396911621,9.603333473205566,8799000
2018-07-02,9.217758178710938,9.607333183288574,9.616000175476074,8.97933292388916,9.185333251953125,8422500
2018-07-03,8.69645881652832,9.064000129699707,9.764666557312012,9.049332618713379,9.697333335876465,7272000
2018-07-05,9.400056838989258,9.797332763671875,9.807999610900879,9.349332809448242,9.378000259399414,10789500
2018-07-06,9.75505256652832,10.167332649230957,10.207332611083984,9.638667106628418,9.755999565124512,14602500
2018-07-09,9.937348365783691,10.357333183288574,10.476667404174805,9.991999626159668,10.476667404174805,10915500
2018-07-10,10.248208999633789,10.6813325881958,10.752667427062988,10.36400032043457,10.399999618530273,11608500
2018-07-11,9.452508926391602,9.85200023651123,10.353333473205566,9.833999633789062,10.146666526794434,16504500
2018-07-12,9.655269622802734,10.063332557678223,10.097332954406738,9.583999633789062,9.813332557678223,13414500
2018-07-13,9.531821250915527,9.934666633605957,10.118666648864746,9.88466739654541,10.079999923706055,6973500
2018-07-16,9.492804527282715,9.894000053405762,10.095333099365234,9.873332977294922,9.947999954223633,6094500
2018-07-17,9.913683891296387,10.332667350769043,10.333333015441895,9.658666610717773,9.688667297363281,10303500
2018-07-18,10.127959251403809,10.555999755859375,10.61533260345459,10.350000381469727,10.453332901000977,9042000
2018-07-19,10.05376148223877,10.478667259216309,10.614666938781738,10.270000457763672,10.426667213439941,7416000
2018-07-20,9.906647682189941,10.325332641601562,10.511333465576172,10.166666984558105,10.393333435058594,6780000
2018-07-23,9.948224067687988,10.368666648864746,10.421333312988281,9.769332885742188,10.200667381286621,8800500
2018-07-24,9.627126693725586,10.034000396728516,10.720000267028809,9.989999771118164,10.542667388916016,10236000
2018-07-25,9.778079986572266,10.191332817077637,10.191332817077637,9.628666877746582,9.986666679382324,14748000
2018-07-26,10.309616088867188,10.745332717895508,10.7586669921875,10.355999946594238,10.366666793823242,16359000
2018-07-27,10.161219596862793,10.590666770935059,11.045332908630371,10.354000091552734,10.766667366027832,12807000
2018-07-30,9.872106552124023,10.28933334350586,10.675999641418457,10.12600040435791,10.569999694824219,10194000
2018-07-31,10.056318283081055,10.481332778930664,10.904666900634766,10.420666694641113,10.46733283996582,7806000
2018-08-01,10.001311302185059,10.423999786376953,10.764666557312012,10.305999755859375,10.552666664123535,6054000
2018-08-02,10.311535835266113,10.747332572937012,10.783332824707031,10.046667098999023,10.154666900634766,7603500
2018-08-03,10.362065315246582,10.800000190734863,10.84000015258789,10.600000381469727,10.750666618347168,4069500
2018-08-06,10.548840522766113,10.994667053222656,10.998666763305664,10.565999984741211,10.755332946777344,5463000
2018-08-07,10.807251930236816,11.263999938964844,11.28266716003418,11.021332740783691,11.11533260345459,5655000
2018-08-08,10.889763832092285,11.350000381469727,11.400667190551758,11.12399959564209,11.208000183105469,4932000
2018-08-09,10.5526762008667,10.998666763305664,11.223333358764648,10.985333442687988,11.215332984924316,6726000
2018-08-10,9.757611274719238,10.170000076293945,10.46066665649414,10.024666786193848,10.38266658782959,16897500
2018-08-13,9.795992851257324,10.210000038146973,10.490667343139648,10.186667442321777,10.22266674041748,9745500
2018-08-14,9.76656723022461,10.179332733154297,10.456000328063965,10.131333351135254,10.393333435058594,5463000
2018-08-15,9.364237785339355,9.760000228881836,10.026000022888184,9.433333396911621,9.96066665649414,12493500
2018-08-16,9.298995018005371,9.692000389099121,9.98799991607666,9.619999885559082,9.968667030334473,8014500
2018-08-17,9.08663558959961,9.470666885375977,9.549332618713379,9.053333282470703,9.407333374023438,12708000
2018-08-20,9.06552791595459,9.4486665725708,9.616000175476074,9.128000259399414,9.533332824707031,8164500
2018-08-21,9.602179527282715,10.008000373840332,10.074000358581543,9.517333030700684,9.5600004196167,10276500
2018-08-22,9.728185653686523,10.13933277130127,10.172666549682617,9.745332717895508,9.916666984558105,8587500
2018-08-23,9.76145076751709,10.173999786376953,10.396666526794434,10.092000007629395,10.137332916259766,7741500
2018-08-24,10.181048393249512,10.611332893371582,10.619333267211914,10.293333053588867,10.295999526977539,8875500
2018-08-27,10.65821647644043,11.108667373657227,11.350000381469727,10.779333114624023,10.819999694824219,16623000
2018-08-28,10.781664848327637,11.237333297729492,11.373332977294922,10.910667419433594,11.2586669921875,11250000
2018-08-29,10.8712158203125,11.330666542053223,11.420000076293945,11.11533260345459,11.236000061035156,7524000
2018-08-30,10.565469741821289,11.01200008392334,11.375332832336426,10.972000122070312,11.223333358764648,9526500
2018-08-31,10.745845794677734,11.199999809265137,11.241999626159668,10.933333396911621,10.933333396911621,4807500
2018-09-04,10.992743492126465,11.457332611083984,11.481332778930664,10.989999771118164,11.0513334274292,8767500
2018-09-05,10.834754943847656,11.292667388916016,11.526000022888184,11.001333236694336,11.399999618530273,6303000
2018-09-06,9.965494155883789,10.386667251586914,11.206000328063965,10.358667373657227,11.192000389099121,13224000
2018-09-07,9.844602584838867,10.260666847229004,10.716667175292969,10.183333396911621,10.266667366027832,8241000
2018-09-10,10.16569709777832,10.595333099365234,10.596667289733887,10.29466724395752,10.512666702270508,5392500
2018-09-11,9.861871719360352,10.278667449951172,10.505332946777344,10.11066722869873,10.417332649230957,8391000
2018-09-12,9.523506164550781,9.925999641418457,9.937333106994629,9.25333309173584,9.937333106994629,19008000
2018-09-13,9.858675003051758,10.275333404541016,10.63933277130127,10.148667335510254,10.238666534423828,13285500
2018-09-14,10.178489685058594,10.608667373657227,10.720000267028809,10.345333099365234,10.453332901000977,9342000
2018-09-17,9.722429275512695,10.133333206176758,10.566666603088379,10.109333038330078,10.417332649230957,6747000
2018-09-18,9.995555877685547,10.418000221252441,10.600000381469727,10.27400016784668,10.27400016784668,6496500
2018-09-19,10.052481651306152,10.477333068847656,10.606666564941406,10.327333450317383,10.41333293914795,4318500
2018-09-20,10.398526191711426,10.838000297546387,10.96733283996582,10.64466667175293,10.64466667175293,9111000
2018-09-21,10.305137634277344,10.740667343139648,10.986666679382324,10.658666610717773,10.835332870483398,5826000
2018-09-24,10.414514541625977,10.854666709899902,10.871333122253418,10.410667419433594,10.482666969299316,5310000
2018-09-25,9.895097732543945,10.284667015075684,10.747332572937012,10.220666885375977,10.718667030334473,10809000
2018-09-26,9.616081237792969,9.994667053222656,10.349332809448242,9.961999893188477,10.180000305175781,5340000
2018-09-27,9.740518569946289,10.12399959564209,10.220000267028809,9.990667343139648,10.073332786560059,3802500
2018-09-28,9.916906356811523,10.307332992553711,10.394000053405762,9.985333442687988,10.054667472839355,7743000
2018-10-01,9.99964714050293,10.393333435058594,10.649999618530273,10.314666748046875,10.392666816711426,6400500
2018-10-02,10.015682220458984,10.40999984741211,10.816666603088379,10.307332992553711,10.324666976928711,8142000
2018-10-03,10.032360076904297,10.427332878112793,10.630000114440918,10.133333206176758,10.540666580200195,7701000
2018-10-04,9.492932319641113,9.866666793823242,10.266667366027832,9.600000381469727,10.239999771118164,15123000
2018-10-05,8.822653770446777,9.170000076293945,9.897333145141602,8.897333145141602,9.760666847229004,22242000
2018-10-08,8.509644508361816,8.844667434692383,9.186667442321777,8.613332748413086,9.0,12891000
2018-10-09,8.50258731842041,8.837332725524902,8.954000473022461,8.65666675567627,8.777999877929688,7024500
2018-10-10,7.3743391036987305,7.664667129516602,8.508000373840332,7.6533331871032715,8.506667137145996,26956500
2018-10-11,7.139582633972168,7.4206671714782715,8.10533332824707,7.24666690826416,7.646667003631592,20209500
2018-10-12,7.537259101867676,7.834000110626221,8.155332565307617,7.5,8.040666580200195,13690500
2018-10-15,7.335855960845947,7.624667167663574,7.880000114440918,7.533999919891357,7.723999977111816,8487000
2018-10-16,8.054241180419922,8.371333122253418,8.402667045593262,7.848667144775391,7.913332939147949,10891500
2018-10-17,7.9522552490234375,8.26533317565918,8.60533332824707,8.09333324432373,8.53266716003418,9156000
2018-10-18,7.357022762298584,7.646667003631592,8.166666984558105,7.555333137512207,8.161333084106445,15177000
2018-10-19,7.010015487670898,7.285999774932861,7.918000221252441,7.199999809265137,7.802000045776367,14745000
2018-10-22,7.146637439727783,7.427999973297119,7.558667182922363,7.22933292388916,7.433332920074463,8202000
2018-10-23,7.031824588775635,7.308667182922363,7.433332920074463,6.6106672286987305,6.843332767486572,20764500
2018-10-24,5.641238212585449,5.863333225250244,6.966667175292969,5.8333330154418945,6.943999767303467,29644500
2018-10-25,6.024804592132568,6.26200008392334,6.402667045593262,5.960000038146973,6.000667095184326,15933000
2018-10-26,5.704097270965576,5.928667068481445,6.25333309173584,5.625332832336426,5.8393330574035645,19084500
2018-10-29,5.536047458648682,5.754000186920166,6.369332790374756,5.415999889373779,6.267333030700684,15058500
2018-10-30,6.2249250411987305,6.46999979019165,6.477333068847656,5.692667007446289,5.721333026885986,18321000
2018-10-31,6.448780536651611,6.702667236328125,6.853332996368408,6.522666931152344,6.766666889190674,14517000
2018-11-01,7.336496353149414,7.625332832336426,7.691999912261963,6.789332866668701,6.794666767120361,19780500
2018-11-02,7.007449626922607,7.283332824707031,7.679333209991455,7.007999897003174,7.618000030517578,18301500
2018-11-05,6.827213287353516,7.0960001945495605,7.262667179107666,6.738667011260986,7.24666690826416,12534000
2018-11-06,7.074798583984375,7.353332996368408,7.423999786376953,7.047332763671875,7.047332763671875,7428000
2018-11-07,7.328798294067383,7.617332935333252,7.674666881561279,7.344666957855225,7.657332897186279,13149000
2018-11-08,7.232588291168213,7.517333030700684,7.680666923522949,7.303999900817871,7.3993330001831055,8494500
2018-11-09,6.829137325286865,7.0980000495910645,7.27666711807251,6.9019999504089355,7.199999809265137,8788500
2018-11-12,5.934364318847656,6.168000221252441,6.757999897003174,6.073332786560059,6.755332946777344,15409500
2018-11-13,6.15372896194458,6.395999908447266,6.77133321762085,6.267333030700684,6.267333030700684,10953000
2018-11-14,6.225568771362305,6.470666885375977,6.77133321762085,6.297332763671875,6.632667064666748,10629000
2018-11-15,6.855436325073242,7.125332832336426,7.199999809265137,6.366666793823242,6.398666858673096,14431500
2018-11-16,6.610416412353516,6.870666980743408,6.9633331298828125,6.3506669998168945,6.389999866485596,12009000
2018-11-19,5.8413591384887695,6.071332931518555,6.8373332023620605,6.063333034515381,6.702667236328125,13630500
2018-11-20,5.8689398765563965,6.099999904632568,6.345333099365234,5.556666851043701,5.572667121887207,21753000
2018-11-21,5.938853740692139,6.172667026519775,6.446000099182129,6.1620001792907715,6.319333076477051,10492500
2018-11-23,5.936288356781006,6.170000076293945,6.3333330154418945,6.0,6.066667079925537,5686500
2018-11-26,6.271749973297119,6.518667221069336,6.52133321762085,6.242667198181152,6.433332920074463,10636500
2018-11-27,6.312158584594727,6.560667037963867,6.7133331298828125,6.312666893005371,6.406000137329102,7797000
2018-11-28,6.745753765106201,7.011332988739014,7.01200008392334,6.380667209625244,6.757332801818848,11701500
2018-11-29,6.5854010581970215,6.844666957855225,7.051332950592041,6.792666912078857,6.9106669425964355,6813000
2018-11-30,6.856078624725342,7.125999927520752,7.139999866485596,6.636666774749756,6.862667083740234,9060000
2018-12-03,7.41025972366333,7.702000141143799,7.861332893371582,7.480000019073486,7.797332763671875,18288000
2018-12-04,6.329474925994873,6.578667163848877,7.552000045776367,6.566667079925537,7.5233330726623535,18252000
2018-12-06,6.225568771362305,6.470666885375977,6.470666885375977,5.940000057220459,6.03866720199585,21013500
2018-12-07,5.528348922729492,5.745999813079834,6.47333288192749,5.657332897186279,6.427332878112793,19045500
2018-12-10,5.762465953826904,5.989333152770996,6.052000045776367,5.6579999923706055,5.715332984924316,14008500
2018-12-11,5.864450931549072,6.095333099365234,6.510000228881836,5.989333152770996,6.27066707611084,23953500
2018-12-12,6.124223232269287,6.365333080291748,6.627333164215088,6.22866678237915,6.387332916259766,17592000
2018-12-13,6.056233882904053,6.294666767120361,6.574666976928711,6.223999977111816,6.48466682434082,13446000
2018-12-14,5.797743797302246,6.026000022888184,6.409999847412109,6.021999835968018,6.0833330154418945,10413000
2018-12-17,5.5803046226501465,5.800000190734863,6.275332927703857,5.691332817077637,5.966667175292969,15946500
2018-12-18,5.800950527191162,6.029333114624023,6.305333137512207,5.944666862487793,5.946000099182129,13204500
2018-12-19,5.067814350128174,5.267333030700684,6.126667022705078,5.181333065032959,5.971333026885986,29062500
2018-12-20,4.938248157501221,5.132667064666748,5.506667137145996,4.935999870300293,5.24066686630249,19387500
2018-12-21,4.711828708648682,4.897333145141602,5.414667129516602,4.8379998207092285,5.23199987411499,19287000
2018-12-24,4.302606582641602,4.4720001220703125,4.923333168029785,4.466667175292969,4.768667221069336,13795500
2018-12-26,5.0421576499938965,5.24066686630249,5.244667053222656,4.425333023071289,4.652667045593262,17737500
2018-12-27,5.155004501342773,5.338666915893555,5.341332912445068,4.803332805633545,4.956666946411133,12370500
2018-12-28,5.263794422149658,5.451333045959473,5.74666690826416,5.314000129699707,5.454667091369629,17269500
2018-12-31,5.3635735511779785,5.554666996002197,5.691332817077637,5.390666961669922,5.638000011444092,12660000
2019-01-02,5.505837917327881,5.702000141143799,5.822000026702881,5.173999786376953,5.180666923522949,13147500
2019-01-03,4.527365684509277,4.688666820526123,5.388667106628418,4.672667026519775,5.315332889556885,28599000
2019-01-04,5.112517356872559,5.294666767120361,5.3566670417785645,4.886666774749756,4.921999931335449,17604000
2019-01-07,5.412496566772461,5.605332851409912,5.754000186920166,5.280666828155518,5.398666858673096,16641000
2019-01-08,5.329455375671387,5.5193328857421875,5.78266716003418,5.298666954040527,5.775332927703857,14445000
2019-01-09,5.741443157196045,5.946000099182129,6.021999835968018,5.672667026519775,5.677999973297119,17928000
2019-01-10,5.903020858764648,6.113333225250244,6.137332916259766,5.757332801818848,5.760666847229004,12975000
2019-01-11,6.067814350128174,6.283999919891357,6.451333045959473,5.966667175292969,6.018667221069336,12399000
2019-01-14,5.780712127685547,5.986667156219482,6.118000030517578,5.890666961669922,6.050000190734863,10731000
2019-01-15,5.818692207336426,6.026000022888184,6.243332862854004,5.952000141143799,6.028666973114014,14590500
2019-01-16,5.676426410675049,5.878666877746582,6.179333209991455,5.870666980743408,6.099999904632568,10257000
2019-01-17,5.8727641105651855,6.081999778747559,6.176000118255615,5.654666900634766,5.794000148773193,15876000
2019-01-18,6.2757415771484375,6.499332904815674,6.616000175476074,6.161333084106445,6.263332843780518,15720000
2019-01-22,5.747881889343262,5.952667236328125,6.322000026702881,5.813333034515381,6.315332889556885,18655500
2019-01-23,5.628147125244141,5.828667163848877,6.125999927520752,5.6606669425964355,6.067333221435547,15681000
2019-01-24,6.590524673461914,6.825333118438721,6.900000095367432,6.192667007446289,6.192667007446289,32491500
2019-01-25,7.011526584625244,7.261332988739014,7.3420000076293945,6.766666889190674,6.894667148590088,17100000
2019-01-28,6.584089756011963,6.818666934967041,6.994667053222656,6.407332897186279,6.453332901000977,14305500
2019-01-29,6.299558639526367,6.52400016784668,6.906667232513428,6.49666690826416,6.857333183288574,9061500
2019-01-30,6.846087455749512,7.090000152587891,7.1666669845581055,6.656667232513428,6.875999927520752,14400000
2019-01-31,6.8512372970581055,7.095333099365234,7.27400016784668,6.900000095367432,7.065999984741211,10894500
2019-02-01,7.090704917907715,7.343332767486572,7.440667152404785,7.1066670417785645,7.1066670417785645,10723500
2019-02-04,7.197565078735352,7.453999996185303,7.455333232879639,7.1666669845581055,7.360000133514404,4450500
2019-02-05,7.297986030578613,7.558000087738037,7.656667232513428,7.409333229064941,7.466667175292969,9172500
2019-02-06,7.884427070617676,8.165332794189453,8.33666706085205,7.826000213623047,7.8333330154418945,17931000
2019-02-07,7.357853412628174,7.619999885559082,7.96733283996582,7.422667026519775,7.866666793823242,18687000
2019-02-08,7.327598571777344,7.588666915893555,7.624667167663574,7.184667110443115,7.2733330726623535,10705500
2019-02-11,7.4325270652771,7.697332859039307,7.748666763305664,7.49066686630249,7.705999851226807,8164500
2019-02-12,7.901163578033447,8.182666778564453,8.235333442687988,7.937333106994629,7.986667156219482,13083000
2019-02-13,7.97004508972168,8.253999710083008,8.442000389099121,8.174667358398438,8.331999778747559,12480000
2019-02-14,8.032485961914062,8.3186674118042,8.5,8.13599967956543,8.13599967956543,11575500
2019-02-15,8.162519454956055,8.453332901000977,8.577333450317383,8.29466724395752,8.53266716003418,10102500
2019-02-19,8.109733581542969,8.398667335510254,8.574666976928711,8.300666809082031,8.304667472839355,7548000
2019-02-20,8.333108901977539,8.630000114440918,8.779333114624023,8.469332695007324,8.472000122070312,9694500
2019-02-21,8.14964485168457,8.4399995803833,8.69333267211914,8.359333038330078,8.652667045593262,11476500
2019-02-22,8.40391731262207,8.703332901000977,8.734000205993652,8.525333404541016,8.642666816711426,12757500
2019-02-25,8.615059852600098,8.92199993133545,9.220666885375977,8.899333000183105,9.133999824523926,12519000
2019-02-26,8.436746597290039,8.737333297729492,8.949333190917969,8.66333293914795,8.829333305358887,8319000
2019-02-27,8.138699531555176,8.428667068481445,8.614666938781738,8.150667190551758,8.614666938781738,15036000
2019-02-28,8.158656120300293,8.449333190917969,8.517333030700684,8.239999771118164,8.324000358581543,7447500
2019-03-01,8.37173080444336,8.670000076293945,8.781999588012695,8.400667190551758,8.702667236328125,10362000
2019-03-04,8.375594139099121,8.673999786376953,8.927332878112793,8.34866714477539,8.864666938781738,14767500
2019-03-05,8.255860328674316,8.550000190734863,8.71066665649414,8.447999954223633,8.65133285522461,7974000
2019-03-06,7.852240085601807,8.131999969482422,8.555999755859375,8.119999885559082,8.52400016784668,14940000
2019-03-07,7.585091590881348,7.855332851409912,8.040666580200195,7.71133279800415,8.0,15607500
2019-03-08,7.572861671447754,7.842667102813721,7.861999988555908,7.380000114440918,7.442667007446289,12711000
2019-03-11,8.112951278686523,8.402000427246094,8.512666702270508,7.946667194366455,7.988667011260986,12825000
2019-03-12,8.207578659057617,8.5,8.63266658782959,8.255332946777344,8.458000183105469,10372500
2019-03-13,8.308002471923828,8.604000091552734,8.802666664123535,8.566666603088379,8.635333061218262,8331000
2019-03-14,8.16638469696045,8.457332611083984,8.72599983215332,8.442000389099121,8.609999656677246,6633000
2019-03-15,8.869978904724121,9.185999870300293,9.38466739654541,8.720000267028809,8.76533317565918,22909500
2019-03-18,8.812047004699707,9.12600040435791,9.38466739654541,8.961999893188477,9.244000434875488,10273500
2019-03-19,9.168853759765625,9.478667259216309,9.559332847595215,9.317333221435547,9.362667083740234,13689000
2019-03-20,8.907679557800293,9.208666801452637,9.628666877746582,9.034667015075684,9.465999603271484,13167000
2019-03-21,9.831140518188477,10.16333293914795,10.34866714477539,9.236666679382324,9.236666679382324,21321000
2019-03-22,8.994739532470703,9.298666954040527,10.074000358581543,9.273332595825195,10.011333465576172,18607500
2019-03-25,8.651663780212402,8.944000244140625,9.353333473205566,8.721332550048828,9.14466667175293,23959500
2019-03-26,8.914772033691406,9.215999603271484,9.450667381286621,9.002667427062988,9.31933307647705,17310000
2019-03-27,8.523980140686035,8.812000274658203,9.317333221435547,8.609333038330078,9.233332633972168,19968000
2019-03-28,8.47948169708252,8.765999794006348,9.092000007629395,8.587332725524902,8.890666961669922,11520000
2019-03-29,8.869634628295898,9.169333457946777,9.215332984924316,8.998666763305664,9.074000358581543,12793500
2019-04-01,9.522893905639648,9.844667434692383,9.869333267211914,9.456000328063965,9.577333450317383,18229500
2019-04-02,9.553200721740723,9.87600040435791,9.9486665725708,9.696000099182129,9.829333305358887,8290500
2019-04-03,10.20388126373291,10.548666954040527,10.808667182922363,10.21399974822998,10.236666679382324,30327000
2019-04-04,10.242573738098145,10.588666915893555,10.795332908630371,10.4313325881958,10.435999870300293,14100000
2019-04-05,10.476663589477539,10.830666542053223,10.847332954406738,10.600666999816895,10.792667388916016,7863000
2019-04-08,10.55211353302002,10.908666610717773,10.933333396911621,10.616666793823242,10.683333396911621,7659000
2019-04-09,10.19614315032959,10.540666580200195,10.733332633972168,10.393333435058594,10.733332633972168,16965000
2019-04-10,10.457962036132812,10.811332702636719,10.899999618530273,10.520000457763672,10.53933334350586,13528500
2019-04-11,10.432167053222656,10.784667015075684,11.005332946777344,10.680000305175781,10.866666793823242,9259500
2019-04-12,10.866167068481445,11.233332633972168,11.239333152770996,10.974666595458984,11.09333324432373,12208500
2019-04-15,10.634660720825195,10.994000434875488,11.266667366027832,10.795999526977539,11.22933292388916,9196500
2019-04-16,11.647760391235352,12.041333198547363,12.047332763671875,11.172666549682617,11.199333190917969,19468500
2019-04-17,12.177847862243652,12.589332580566406,13.062666893005371,12.302666664123535,12.733332633972168,16183500
2019-04-18,12.201062202453613,12.613332748413086,12.723999977111816,12.421333312988281,12.601332664489746,9463500
2019-04-22,12.206223487854004,12.618666648864746,12.702667236328125,12.293333053588867,12.433333396911621,4671000
2019-04-23,12.572509765625,12.997332572937012,13.120667457580566,12.694666862487793,12.777999877929688,8796000
2019-04-24,12.936866760253906,13.37399959564209,13.76200008392334,12.96733283996582,12.96733283996582,11011500
2019-04-25,12.232664108276367,12.645999908447266,13.262666702270508,12.3013334274292,13.262666702270508,12978000
2019-04-26,11.926346778869629,12.329333305358887,12.333333015441895,11.541999816894531,11.928667068481445,13794000
2019-04-29,11.863794326782227,12.264666557312012,12.416000366210938,12.10200023651123,12.371333122253418,4995000
2019-04-30,12.126903533935547,12.536666870117188,12.620667457580566,12.189332962036133,12.209333419799805,6696000
2019-05-01,11.82961654663086,12.22933292388916,13.106666564941406,12.209333419799805,12.934000015258789,12915000
2019-05-02,12.223636627197266,12.636667251586914,13.020000457763672,12.136667251586914,12.165332794189453,13312500
2019-05-03,12.468687057495117,12.890000343322754,12.907999992370605,12.450667381286621,12.863332748413086,8863500
2019-05-06,11.85605525970459,12.256667137145996,12.284667015075684,11.481332778930664,11.605999946594238,17829000
2019-05-07,10.990631103515625,11.362000465393066,11.859333038330078,10.960000038146973,11.8013334274292,24256500
2019-05-08,10.726877212524414,11.089332580566406,11.600000381469727,11.02400016784668,11.125332832336426,12007500
2019-05-09,10.345108985900879,10.694666862487793,10.847999572753906,9.95533275604248,10.566666603088379,18993000
2019-05-10,10.375418663024902,10.72599983215332,10.923333168029785,9.973999977111816,10.47933292388916,20788500
2019-05-13,8.910903930664062,9.211999893188477,9.858667373657227,9.079333305358887,9.662667274475098,24391500
2019-05-14,9.548686027526855,9.871333122253418,10.007332801818848,9.425333023071289,9.553333282470703,17139000
2019-05-15,9.782774925231934,10.113332748413086,10.311332702636719,9.513333320617676,9.522000312805176,14703000
2019-05-16,9.286222457885742,9.600000381469727,9.935333251953125,9.417332649230957,9.666666984558105,21981000
2019-05-17,8.737434387207031,9.03266716003418,9.715332984924316,8.918000221252441,9.155332565307617,24265500
2019-05-20,7.690152645111084,7.949999809265137,8.373332977294922,7.78000020980835,8.223999977111816,26760000
2019-05-21,8.173810958862305,8.449999809265137,8.575332641601562,8.245332717895508,8.466667175292969,19236000
2019-05-22,7.6624226570129395,7.921332836151123,8.178667068481445,7.835999965667725,7.98199987411499,15225000
2019-05-23,7.274852275848389,7.52066707611084,7.554666996002197,7.154666900634766,7.471333026885986,20860500
2019-05-24,7.085901737213135,7.325333118438721,7.806666851043701,7.310667037963867,7.712666988372803,13459500
2019-05-28,6.893085479736328,7.125999927520752,7.533332824707031,7.095333099365234,7.457333087921143,13249500
2019-05-29,6.986593246459961,7.222667217254639,7.322667121887207,6.9033331871032715,6.950666904449463,20284500
2019-05-30,7.145875930786133,7.387332916259766,7.572000026702881,7.2266669273376465,7.296000003814697,19113000
2019-05-31,6.835691928863525,7.066667079925537,7.430666923522949,7.047999858856201,7.111999988555908,18478500
2019-06-03,6.901468753814697,7.134666919708252,7.533332824707031,7.010000228881836,7.331999778747559,23410500
2019-06-04,7.777212619781494,8.039999961853027,8.055333137512207,7.326666831970215,7.533332824707031,32151000
2019-06-05,7.622440338134766,7.880000114440918,8.310667037963867,7.569333076477051,8.304667472839355,25533000
2019-06-06,7.93907356262207,8.207332611083984,8.291999816894531,7.826666831970215,7.877333164215088,14176500
2019-06-07,8.187996864318848,8.464667320251465,8.538666725158691,8.227333068847656,8.26533317565918,14091000
2019-06-10,8.826424598693848,9.124667167663574,9.423999786376953,8.787332534790039,8.851332664489746,21726000
2019-06-11,8.89284896850586,9.19333267211914,9.666666984558105,8.994000434875488,9.637999534606934,18606000
2019-06-12,8.265382766723633,8.54466724395752,8.946666717529297,8.517333030700684,8.92199993133545,11925000
2019-06-13,8.422087669372559,8.706666946411133,8.803333282470703,8.5,8.768667221069336,11455500
2019-06-14,7.754639625549316,8.016667366027832,8.143333435058594,7.8520002365112305,7.933332920074463,14856000
2019-06-17,7.5985798835754395,7.855332851409912,8.11066722869873,7.838666915893555,8.033332824707031,8601000
2019-06-18,8.589754104614258,8.880000114440918,9.039999961853027,8.093999862670898,8.14466667175293,26061000
2019-06-19,8.606520652770996,8.897333145141602,9.08133316040039,8.755332946777344,9.026666641235352,13185000
2019-06-20,8.845128059387207,9.144000053405762,9.552666664123535,9.010666847229004,9.471332550048828,19162500
2019-06-21,8.662627220153809,8.95533275604248,9.24666690826416,8.923999786376953,9.010666847229004,12225000
2019-06-24,8.720020294189453,9.014666557312012,9.133333206176758,8.927332878112793,9.013999938964844,9433500
2019-06-25,8.349586486816406,8.619333267211914,9.170666694641113,8.587332725524902,9.025333404541016,12205500
2019-06-26,9.134238243103027,9.429332733154297,9.593999862670898,9.142000198364258,9.188667297363281,19284000
2019-06-27,9.53722095489502,9.845333099365234,10.001333236694336,9.603333473205566,9.603333473205566,13567500
2019-06-28,9.576613426208496,9.88599967956543,10.157333374023438,9.824666976928711,10.12600040435791,11226000
2019-07-01,10.351577758789062,10.685999870300293,11.4399995803833,10.4399995803833,11.180000305175781,21082500
2019-07-02,9.917598724365234,10.23799991607666,10.5600004196167,10.103333473205566,10.5600004196167,12142500
2019-07-03,9.763248443603516,10.078666687011719,10.27733325958252,9.876667022705078,10.27733325958252,9478500
2019-07-05,9.607610702514648,9.918000221252441,9.951333045959473,9.588666915893555,9.75,9699000
2019-07-08,9.375123023986816,9.678000450134277,9.778667449951172,9.516667366027832,9.64466667175293,8194500
2019-07-09,9.591466903686523,9.90133285522461,9.928667068481445,9.458666801452637,9.53600025177002,9168000
2019-07-10,9.792957305908203,10.109333038330078,10.530667304992676,10.059332847595215,10.230667114257812,16626000
2019-07-11,9.86722469329834,10.185999870300293,10.311332702636719,10.007332801818848,10.260000228881836,8664000
2019-07-12,10.431009292602539,10.767999649047852,10.778667449951172,10.268667221069336,10.295332908630371,12400500
2019-07-15,10.673832893371582,11.018667221069336,11.166666984558105,10.833333015441895,10.933333396911621,8479500
2019-07-16,10.328327178955078,10.661999702453613,10.932666778564453,10.499333381652832,10.859333038330078,9934500
2019-07-17,10.41486644744873,10.751333236694336,10.925333023071289,10.65133285522461,10.895999908447266,7201500
2019-07-18,10.892114639282227,11.244000434875488,11.302666664123535,10.774666786193848,10.795999526977539,13081500
2019-07-19,10.819784164428711,11.169333457946777,11.5,11.150667190551758,11.395999908447266,9180000
2019-07-22,11.453313827514648,11.823332786560059,11.880000114440918,11.34000015258789,11.364666938781738,13075500
2019-07-23,11.889232635498047,12.273332595825195,12.273332595825195,11.87399959564209,12.069999694824219,10419000
2019-07-24,12.972891807556152,13.392000198364258,13.473999977111816,12.512666702270508,12.533332824707031,23553000
2019-07-25,12.314818382263184,12.712667465209961,13.146666526794434,12.609999656677246,13.143333435058594,14809500
2019-07-26,12.30577564239502,12.703332901000977,12.990667343139648,12.685333251953125,12.969332695007324,8842500
2019-07-29,12.400710105895996,12.8013334274292,12.863332748413086,12.321999549865723,12.600000381469727,7939500
2019-07-30,12.316755294799805,12.714667320251465,12.804667472839355,12.322667121887207,12.456000328063965,5961000
2019-07-31,11.12718391418457,11.486666679382324,12.510666847229004,11.109333038330078,12.510666847229004,21309000
2019-08-01,10.459425926208496,10.797332763671875,12.312666893005371,10.506667137145996,11.36400032043457,25618500
2019-08-02,9.969260215759277,10.291333198547363,10.736000061035156,10.033332824707031,10.453332901000977,16612500
2019-08-05,8.66667652130127,8.946666717529297,9.430000305175781,8.70199966430664,9.386667251586914,22728000
2019-08-06,9.014764785766602,9.305999755859375,9.666000366210938,9.005999565124512,9.417332649230957,20334000
2019-08-07,9.204632759094238,9.501999855041504,9.571332931518555,8.866666793823242,8.887332916259766,19701000
2019-08-08,9.956992149353027,10.278667449951172,10.278667449951172,9.559332847595215,9.791333198547363,18787500
2019-08-09,9.400309562683105,9.704000473022461,10.070667266845703,9.505999565124512,9.947333335876465,17550000
2019-08-12,9.063199043273926,9.355999946594238,9.704000473022461,9.202667236328125,9.463333129882812,12654000
2019-08-13,9.863348960876465,10.182000160217285,10.411333084106445,9.133999824523926,9.319999694824219,19845000
2019-08-14,8.938559532165527,9.227333068847656,9.721332550048828,9.074666976928711,9.479999542236328,27957000
2019-08-15,8.864937782287598,9.15133285522461,9.473333358764648,8.928667068481445,9.473333358764648,14976000
2019-08-16,9.590174674987793,9.899999618530273,9.977333068847656,9.479999542236328,9.545332908630371,16189500
2019-08-19,10.141045570373535,10.468667030334473,10.714667320251465,10.313332557678223,10.591333389282227,15972000
2019-08-20,9.980238914489746,10.302666664123535,10.524666786193848,10.13599967956543,10.393333435058594,8716500
2019-08-21,10.263101577758789,10.594667434692383,10.733332633972168,10.432000160217285,10.633333206176758,9754500
2019-08-22,10.252123832702637,10.583333015441895,10.755332946777344,10.246000289916992,10.653332710266113,9760500
2019-08-23,8.923705101013184,9.211999893188477,10.436667442321777,9.106666564941406,10.173333168029785,31515000
2019-08-26,9.144569396972656,9.4399995803833,9.685999870300293,9.325332641601562,9.66866683959961,11319000
2019-08-27,9.048994064331055,9.341333389282227,9.766667366027832,9.180000305175781,9.676667213439941,11251500
2019-08-28,9.214963912963867,9.512666702270508,9.552666664123535,9.000666618347168,9.194666862487793,10600500
2019-08-29,9.838810920715332,10.15666675567627,10.347999572753906,9.933333396911621,9.933333396911621,18906000
2019-08-30,10.00671672821045,10.329999923706055,10.59866714477539,10.170000076293945,10.440667152404785,10582500
2019-09-03,9.486201286315918,9.792667388916016,10.102666854858398,9.62399959564209,10.000666618347168,12528000
2019-09-04,10.261811256408691,10.59333324432373,10.607333183288574,10.251333236694336,10.265999794006348,19119000
2019-09-05,11.220184326171875,11.582667350769043,11.950667381286621,11.22599983215332,11.270000457763672,17769000
2019-09-06,11.265387535095215,11.629332542419434,11.75333309173584,11.400667190551758,11.640000343322754,7131000
2019-09-09,11.42361068725586,11.792667388916016,12.084667205810547,11.646666526794434,11.853333473205566,9319500
2019-09-10,11.574082374572754,11.947999954223633,11.947999954223633,11.37399959564209,11.607999801635742,7002000
2019-09-11,12.09266185760498,12.483332633972168,12.483332633972168,11.899999618530273,12.119333267211914,9793500
2019-09-12,12.199219703674316,12.59333324432373,12.937999725341797,12.333999633789062,12.800666809082031,11793000
2019-09-13,12.088787078857422,12.47933292388916,12.703332901000977,12.280667304992676,12.597332954406738,6118500
2019-09-16,11.842735290527344,12.225333213806152,12.393333435058594,11.887999534606934,12.133333206176758,6535500
2019-09-17,11.950586318969727,12.33666706085205,12.359333038330078,11.934000015258789,12.143333435058594,5451000
2019-09-18,11.973834991455078,12.36066722869873,12.374667167663574,11.833999633789062,12.291999816894531,8751000
2019-09-19,11.791716575622559,12.172666549682617,12.55666732788086,12.11733341217041,12.472000122070312,7227000
2019-09-20,11.134289741516113,11.494000434875488,12.319999694824219,11.333333015441895,12.319999694824219,11719500
2019-09-23,11.474629402160645,11.845333099365234,12.03266716003418,11.425999641418457,11.425999641418457,8188500
2019-09-24,10.919099807739258,11.251999855041504,12.104666709899902,11.0686674118042,12.092000007629395,18163500
2019-09-25,11.477412223815918,11.827333450317383,11.938667297363281,10.795332908630371,11.067333221435547,11985000
2019-09-26,11.513639450073242,11.864666938781738,11.966667175292969,11.511333465576172,11.838666915893555,10096500
2019-09-27,10.674555778503418,11.0,11.73799991607666,10.749333381652832,11.607333183288574,17278500
2019-09-30,11.012258529663086,11.347999572753906,11.38266658782959,11.017333030700684,11.199999809265137,7299000
2019-10-01,10.710783004760742,11.037332534790039,11.986666679382324,10.910667419433594,11.573332786560059,14653500
2019-10-02,10.205522537231445,10.516667366027832,10.83666706085205,10.30666732788086,10.709333419799805,19338000
2019-10-03,10.727604866027832,11.054667472839355,11.079999923706055,10.145999908447266,10.535332679748535,17961000
2019-10-04,11.30920696258545,11.654000282287598,11.666666984558105,11.136667251586914,11.163999557495117,13695000
2019-10-07,11.051724433898926,11.388667106628418,11.762666702270508,11.383999824523926,11.553333282470703,9079500
2019-10-08,10.035374641418457,10.341333389282227,11.058667182922363,10.311332702636719,11.033332824707031,25107000
2019-10-09,10.541284561157227,10.862667083740234,11.065999984741211,10.671333312988281,10.766667366027832,15838500
2019-10-10,10.84793472290039,11.178667068481445,11.516667366027832,10.904000282287598,10.941332817077637,18492000
2019-10-11,11.576393127441406,11.929332733154297,12.336000442504883,11.762666702270508,11.800000190734863,27876000
2019-10-14,11.574453353881836,11.927332878112793,12.0,11.750666618347168,11.887999534606934,7069500
2019-10-15,12.333317756652832,12.709333419799805,12.795999526977539,12.096667289733887,12.131999969482422,19419000
2019-10-16,11.797001838684082,12.15666675567627,12.691332817077637,12.077333450317383,12.526000022888184,15471000
2019-10-17,11.920565605163574,12.284000396728516,12.701333045959473,12.043333053588867,12.595999717712402,12418500
2019-10-18,11.522697448730469,11.87399959564209,12.290666580200195,11.513999938964844,12.203332901000977,14661000
2019-10-21,12.178049087524414,12.549332618713379,12.55666732788086,12.113332748413086,12.158666610717773,11613000
2019-10-22,11.89339542388916,12.255999565124512,12.699333190917969,12.23799991607666,12.619999885559082,9618000
2019-10-23,11.201813697814941,11.543333053588867,11.866666793823242,11.316666603088379,11.576000213623047,15555000
2019-10-24,12.014372825622559,12.380666732788086,12.398667335510254,11.934000015258789,12.0,14469000
2019-10-25,12.753830909729004,13.142666816711426,13.173333168029785,12.44333267211914,12.456000328063965,18265500
2019-10-28,13.42276668548584,13.831999778747559,13.888667106628418,13.391332626342773,13.400667190551758,15250500
2019-10-29,13.070829391479492,13.469332695007324,14.165332794189453,13.423333168029785,13.898667335510254,10779000
2019-10-30,13.072771072387695,13.471332550048828,13.743332862854004,13.173333168029785,13.743332862854004,8559000
2019-10-31,12.82693099975586,13.218000411987305,13.345999717712402,12.710000038146973,13.303999900817871,9952500
2019-11-01,13.711301803588867,14.129332542419434,14.129332542419434,13.434666633605957,13.595333099365234,10477500
2019-11-04,14.609261512756348,15.054667472839355,15.131333351135254,14.628666877746582,14.665332794189453,12294000
2019-11-05,14.693363189697266,15.141332626342773,15.477333068847656,14.970000267028809,15.236000061035156,9777000
2019-11-06,14.362128257751465,14.800000190734863,15.066666603088379,14.345999717712402,15.060667037963867,11104500
2019-11-07,14.644194602966309,15.090666770935059,15.5686674118042,14.881333351135254,15.510000228881836,12427500
2019-11-08,14.877741813659668,15.33133316040039,15.33133316040039,14.638667106628418,14.906000137329102,7299000
2019-11-11,14.635784149169922,15.081999778747559,15.175333023071289,14.748666763305664,14.925999641418457,6657000
2019-11-12,14.765172958374023,15.215332984924316,15.559332847595215,15.008000373840332,15.305999755859375,13849500
2019-11-13,14.75676441192627,15.206666946411133,15.353333473205566,14.733332633972168,14.888667106628418,12061500
2019-11-14,14.635138511657715,15.08133316040039,15.12733268737793,14.741999626159668,15.055333137512207,11265000
2019-11-15,15.01554012298584,15.473333358764648,15.866666793823242,15.280667304992676,15.619333267211914,14211000
2019-11-18,14.924322128295898,15.379332542419434,15.675333023071289,15.13466739654541,15.484000205993652,8130000
2019-11-19,14.693363189697266,15.141332626342773,15.663999557495117,14.898667335510254,15.566666603088379,12429000
2019-11-20,14.188103675842285,14.620667457580566,15.167332649230957,14.285332679748535,14.895333290100098,17808000
2019-11-21,13.703540802001953,14.121333122253418,14.542667388916016,13.958000183105469,14.40666675567627,15439500
2019-11-22,13.696423530578613,14.11400032043457,14.489999771118164,14.0,14.343999862670898,10084500
2019-11-25,14.69271469116211,15.140666961669922,15.16333293914795,14.517999649047852,14.533332824707031,14046000
2019-11-26,14.494104385375977,14.935999870300293,15.094667434692383,14.739999771118164,15.063332557678223,10887000
2019-11-27,14.804636001586914,15.255999565124512,15.275333404541016,15.054667472839355,15.167332649230957,7248000
2019-11-29,14.325898170471191,14.762666702270508,15.070667266845703,14.71399974822998,15.03600025177002,4399500
2019-12-02,13.69577693939209,14.113332748413086,14.878666877746582,14.035332679748535,14.774666786193848,13189500
2019-12-03,13.069537162780762,13.468000411987305,13.475333213806152,12.979999542236328,13.153332710266113,14646000
2019-12-04,13.683485984802246,14.100666999816895,14.243332862854004,13.933333396911621,14.065999984741211,8785500
2019-12-05,13.847807884216309,14.270000457763672,14.483332633972168,14.088666915893555,14.316666603088379,7833000
2019-12-06,14.491518020629883,14.933333396911621,15.017999649047852,14.727333068847656,14.756667137145996,9769500
2019-12-09,14.24697208404541,14.6813325881958,15.052000045776367,14.673999786376953,14.933333396911621,4908000
2019-12-10,14.405474662780762,14.844667434692383,15.150667190551758,14.697999954223633,14.87600040435791,7432500
2019-12-11,15.350008010864258,15.817999839782715,15.851332664489746,14.96733283996582,15.023332595825195,11976000
2019-12-12,16.595373153686523,17.101333618164062,17.149999618530273,15.720000267028809,15.73466682434082,20947500
2019-12-13,16.322364807128906,16.81999969482422,17.61199951171875,16.60066795349121,17.053333282470703,21313500
2019-12-16,16.78557777404785,17.297332763671875,17.75933265686035,17.281333923339844,17.386667251586914,10213500
2019-12-17,17.006183624267578,17.524667739868164,17.656667709350586,17.266666412353516,17.56333351135254,9778500
2019-12-18,16.981597900390625,17.499332427978516,17.666667938232422,17.32666778564453,17.57933235168457,7486500
2019-12-19,17.380762100219727,17.910667419433594,17.92733383178711,17.46733283996582,17.667333602905273,7558500
2019-12-20,17.939071655273438,18.486000061035156,18.577333450317383,18.03733253479004,18.214000701904297,10882500
2019-12-23,18.060049057006836,18.591333389282227,18.92066764831543,18.534000396728516,18.913333892822266,11043000
2019-12-24,18.194107055664062,18.729333877563477,18.729333877563477,18.39933204650879,18.67333221435547,3774000
2019-12-26,18.262754440307617,18.799999237060547,18.873332977294922,18.554000854492188,18.829999923706055,5878500
2019-12-27,18.059398651123047,18.590667724609375,18.99066734313965,18.44066619873047,18.99066734313965,7303500
2019-12-30,17.679250717163086,18.19933319091797,18.536666870117188,17.774667739868164,18.51066780090332,9241500
2019-12-31,17.79776382446289,18.321332931518555,18.381332397460938,17.869333267211914,17.916000366210938,5722500
2020-01-02,18.90777587890625,19.464000701904297,19.465999603271484,18.752666473388672,19.0086669921875,10438500
2020-01-03,17.886491775512695,18.41266632080078,18.885332107543945,18.274667739868164,18.5,14713500
2020-01-06,17.319177627563477,17.82866668701172,17.996667861938477,17.429332733154297,17.733999252319336,11313000
2020-01-07,18.212238311767578,18.74799919128418,19.006000518798828,18.123332977294922,18.40399932861328,10441500
2020-01-08,18.25238800048828,18.78933334350586,19.123332977294922,18.486000061035156,18.82666778564453,10024500
2020-01-09,18.567777633666992,19.11400032043457,19.482667922973633,18.547332763671875,19.465999603271484,11472000
2020-01-10,18.188276290893555,18.72333335876465,19.381999969482422,18.583999633789062,19.375999450683594,11304000
2020-01-13,18.901296615600586,19.457332611083984,19.501333236694336,18.920000076293945,19.126667022705078,8160000
2020-01-14,19.02305030822754,19.582666397094727,20.01799964904785,19.222667694091797,19.470666885375977,9610500
2020-01-15,18.337230682373047,18.876667022705078,19.623332977294922,18.666667938232422,19.573333740234375,11518500
2020-01-16,19.256193161010742,19.82266616821289,19.823999404907227,19.299999237060547,19.343332290649414,10807500
2020-01-17,19.629865646362305,20.207332611083984,20.236000061035156,19.747333526611328,20.077333450317383,11839500
2020-01-21,19.593608856201172,20.170000076293945,20.399999618530273,19.933332443237305,19.95599937438965,6961500
2020-01-22,20.061182022094727,20.65133285522461,21.291332244873047,20.465999603271484,20.634000778198242,10747500
2020-01-23,20.51904296875,21.12266731262207,21.133333206176758,20.248666763305664,20.890666961669922,9354000
2020-01-24,19.825450897216797,20.408666610717773,22.066667556762695,19.957332611083984,21.950666427612305,19885500
2020-01-27,17.525766372680664,18.041332244873047,18.796667098999023,17.937332153320312,18.586000442504883,19500000
2020-01-28,18.780197143554688,19.332666397094727,19.496667861938477,18.333332061767578,18.733333587646484,14221500
2020-01-29,17.74465560913086,18.266666412353516,19.24333381652832,18.202667236328125,19.117332458496094,12270000
2020-01-30,17.67860221862793,18.198667526245117,18.37266731262207,17.143333435058594,17.900667190551758,17106000
2020-01-31,15.776557922363281,16.24066734313965,17.78066635131836,16.034000396728516,17.757999420166016,22954500
2020-02-03,16.37883949279785,16.860666275024414,16.94066619873047,16.402666091918945,16.468000411987305,13681500
2020-02-04,17.906564712524414,18.433332443237305,18.469999313354492,17.892000198364258,18.13599967956543,15466500
2020-02-05,19.078746795654297,19.639999389648438,19.720666885375977,18.825332641601562,19.413333892822266,19452000
2020-02-06,19.091049194335938,19.652666091918945,19.72333335876465,18.946666717529297,19.701332092285156,12234000
2020-02-07,17.7440128326416,18.266000747680664,19.15333366394043,18.233333587646484,19.07466697692871,16014000
2020-02-10,18.547700881958008,19.093332290649414,19.093332290649414,17.833332061767578,17.841333389282227,11137500
2020-02-11,19.66095542907715,20.23933219909668,20.535999298095703,19.599332809448242,19.61199951171875,16857000
2020-02-12,20.524871826171875,21.1286678314209,21.227333068847656,20.799999237060547,20.892667770385742,11917500
2020-02-13,20.570207595825195,21.17533302307129,21.625333786010742,20.514667510986328,20.562667846679688,13008000
2020-02-14,20.438095092773438,21.03933334350586,21.906667709350586,20.6646671295166,21.650667190551758,11269500
2020-02-18,19.589069366455078,20.165332794189453,20.28266716003418,19.733999252319336,19.933332443237305,16186500
2020-02-19,21.110963821411133,21.73200035095215,21.810667037963867,20.93666648864746,20.989999771118164,13075500
2020-02-20,20.167390823364258,20.76066780090332,21.666667938232422,19.77400016784668,21.46666717529297,20755500
2020-02-21,18.356658935546875,18.89666748046875,20.366666793823242,18.666667938232422,20.344667434692383,25333500
2020-02-24,15.737700462341309,16.200666427612305,17.014667510986328,15.934666633605957,16.222000122070312,30187500
2020-02-25,14.292224884033203,14.712667465209961,16.922666549682617,14.45199966430664,16.893999099731445,38751000
2020-02-26,14.412033081054688,14.836000442504883,15.772000312805176,14.533332824707031,15.0686674118042,33132000
2020-02-27,12.377872467041016,12.741999626159668,14.342000007629395,12.658666610717773,13.4399995803833,38827500
2020-02-28,13.276115417480469,13.666666984558105,13.866000175476074,11.446666717529297,11.466667175292969,45580500
2020-03-02,14.59077262878418,15.020000457763672,15.02066707611084,13.02066707611084,14.5,36516000
2020-03-03,13.113563537597656,13.499333381652832,15.822667121887207,13.118000030517578,15.210000038146973,32919000
2020-03-04,15.033096313476562,15.475333213806152,15.489999771118164,13.736000061035156,14.30666732788086,20538000
2020-03-05,13.684759140014648,14.087332725524902,15.28600025177002,13.734000205993652,14.190667152404785,23968500
2020-03-06,12.862289428710938,13.240667343139648,13.565999984741211,12.199999809265137,13.0,26310000
2020-03-09,9.603487968444824,9.88599967956543,11.792667388916016,9.866666793823242,10.135333061218262,31191000
2020-03-10,11.436883926391602,11.773332595825195,11.773332595825195,9.933333396911621,11.128000259399414,33006000
2020-03-11,9.496630668640137,9.776000022888184,11.13266658782959,9.420000076293945,10.719332695007324,33735000
2020-03-12,6.6082682609558105,6.802667140960693,8.915332794189453,6.801332950592041,7.77400016784668,47734500
2020-03-13,8.41381549835205,8.661333084106445,8.733332633972168,6.533332824707031,8.074000358581543,43620000
2020-03-16,5.166675567626953,5.318666934967041,7.097332954406738,5.266666889190674,5.98533296585083,47341500
2020-03-17,5.680233478546143,5.847332954406738,5.992000102996826,4.380667209625244,5.320000171661377,73488000
2020-03-18,4.209499835968018,4.3333330154418945,5.263999938964844,3.566667079925537,4.6006669998168945,67953000
2020-03-19,4.528774261474609,4.6620001792907715,5.065999984741211,3.8499999046325684,4.215332984924316,67534500
2020-03-20,4.1414995193481445,4.263332843780518,5.432666778564453,4.25333309173584,5.220666885375977,63204000
2020-03-23,4.526830196380615,4.659999847412109,4.938666820526123,4.0873332023620605,4.533332824707031,63927000
2020-03-24,6.077615261077881,6.249332904815674,6.265999794006348,5.547332763671875,5.570000171661377,67669500
2020-03-25,5.839672088623047,6.004666805267334,7.013332843780518,5.707333087921143,6.363333225250244,65236500
2020-03-26,7.0073466300964355,7.205333232879639,7.266666889190674,6.266666889190674,6.469333171844482,55215000
2020-03-27,5.928496360778809,6.0960001945495605,6.815332889556885,6.048666954040527,6.47866678237915,51672000
2020-03-30,6.566470623016357,6.751999855041504,6.798666954040527,6.157332897186279,6.330667018890381,39718500
2020-03-31,6.14245080947876,6.315999984741211,7.082666873931885,6.164000034332275,6.76200008392334,50964000
2020-04-01,5.148532390594482,5.294000148773193,6.156000137329102,5.1066670417785645,5.687333106994629,47541000
2020-04-02,5.619883060455322,5.778666973114014,5.797332763671875,5.175333023071289,5.184000015258789,43654500
2020-04-03,5.285982131958008,5.435332775115967,5.960667133331299,5.208000183105469,5.783999919891357,43627500
2020-04-06,6.9075026512146,7.102666854858398,7.179333209991455,6.125999927520752,6.133333206176758,51997500
2020-04-07,6.820621967315674,7.013332843780518,7.97933292388916,6.9806671142578125,7.909333229064941,79462500
2020-04-08,7.503981590270996,7.716000080108643,7.802000045776367,7.064000129699707,7.3933329582214355,50287500
2020-04-09,7.011885643005371,7.210000038146973,8.22933292388916,6.986000061035156,8.040666580200195,75898500
2020-04-13,7.264741897583008,7.46999979019165,7.5233330726623535,6.9633331298828125,7.159999847412109,36957000
2020-04-14,8.229483604431152,8.461999893188477,8.492667198181152,7.940667152404785,7.992667198181152,51487500
2020-04-15,7.561684608459473,7.775332927703857,7.973999977111816,7.505332946777344,7.972667217254639,37128000
2020-04-16,8.11796760559082,8.347332954406738,8.434666633605957,7.834000110626221,8.157333374023438,47277000
2020-04-17,8.328679084777832,8.564000129699707,8.887999534606934,8.266667366027832,8.856666564941406,47445000
2020-04-20,7.791199684143066,8.011333465576172,8.566666603088379,8.0,8.200667381286621,35502000
2020-04-21,6.696788787841797,6.886000156402588,7.77400016784668,6.767333030700684,7.642666816711426,60042000
2020-04-22,7.8184309005737305,8.03933334350586,8.183333396911621,7.413332939147949,7.495333194732666,37150500
2020-04-23,7.620035648345947,7.835332870483398,8.33666706085205,7.75333309173584,8.080666542053223,42906000
2020-04-24,8.104998588562012,8.333999633789062,8.378000259399414,7.626667022705078,7.863999843597412,34429500
2020-04-27,8.432416915893555,8.670666694641113,8.917332649230957,8.543999671936035,8.666666984558105,42303000
2020-04-28,8.300799369812012,8.535332679748535,9.288000106811523,8.501999855041504,9.13266658782959,55147500
2020-04-29,9.491819381713867,9.760000228881836,9.850000381469727,8.9313325881958,8.971332550048828,42030000
2020-04-30,8.494009971618652,8.734000205993652,9.655332565307617,8.668000221252441,9.624667167663574,55264500
2020-05-01,7.20314884185791,7.406667232513428,8.166666984558105,7.320000171661377,8.133333206176758,65224500
2020-05-04,7.40543270111084,7.614666938781738,7.636000156402588,7.133999824523926,7.208666801452637,35217000
2020-05-05,7.780825614929199,8.000666618347168,8.434666633605957,7.847332954406738,8.050666809082031,47706000
2020-05-06,8.05053997039795,8.277999877929688,8.657999992370605,8.21399974822998,8.266667366027832,46401000
2020-05-07,8.286538124084473,8.52066707611084,8.819999694824219,8.386667251586914,8.712667465209961,32518500
2020-05-08,9.01074504852295,9.26533317565918,9.281999588012695,8.694000244140625,8.78266716003418,38311500
2020-05-11,8.986105918884277,9.239999771118164,9.482666969299316,8.939332962036133,8.962667465209961,27099000
2020-05-12,8.224298477172852,8.456666946411133,9.517999649047852,8.456666946411133,9.434666633605957,34702500
2020-05-13,7.781475067138672,8.001333236694336,8.739999771118164,7.625332832336426,8.685333251953125,53503500
2020-05-14,8.403239250183105,8.640666961669922,8.666666984558105,7.400000095367432,7.813333034515381,54496500
2020-05-15,7.876780986785889,8.099332809448242,8.191332817077637,7.639999866485596,7.7866668701171875,55647000
2020-05-18,8.978972434997559,9.232666969299316,9.350000381469727,8.666666984558105,8.666666984558105,42394500
2020-05-19,8.871349334716797,9.121999740600586,9.762666702270508,9.107333183288574,9.185999870300293,40813500
2020-05-20,9.88017749786377,10.159333229064941,10.313332557678223,9.671333312988281,9.676667213439941,39808500
2020-05-21,9.112533569335938,9.369999885559082,10.164667129516602,9.324000358581543,10.156000137329102,37935000
2020-05-22,9.244795799255371,9.505999565124512,9.53266716003418,9.034000396728516,9.449333190917969,25134000
2020-05-26,9.531366348266602,9.800666809082031,10.387999534606934,9.748666763305664,10.249333381652832,41682000
2020-05-27,9.93852710723877,10.219332695007324,10.226667404174805,9.045999526977539,9.918000221252441,41941500
2020-05-28,9.286290168762207,9.548666954040527,10.418000221252441,9.399999618530273,10.053333282470703,33565500
2020-05-29,9.991695404052734,10.27400016784668,10.378000259399414,9.566666603088379,9.677332878112793,38440500
2020-06-01,9.867857933044434,10.146666526794434,10.27400016784668,9.866666793823242,10.071999549865723,21564000
2020-06-02,10.503241539001465,10.800000190734863,10.800000190734863,10.073332786560059,10.232000350952148,34992000
2020-06-03,11.423892974853516,11.74666690826416,11.876667022705078,11.219332695007324,11.219332695007324,30483000
2020-06-04,11.724725723266602,12.055999755859375,12.314000129699707,11.477999687194824,11.643333435058594,31461000
2020-06-05,12.578603744506836,12.934000015258789,13.466667175292969,12.826666831970215,12.927332878112793,26946000
2020-06-08,12.502096176147461,12.85533332824707,13.260666847229004,12.457332611083984,13.260666847229004,25800000
2020-06-09,12.523491859436035,12.87733268737793,13.010000228881836,12.281332969665527,12.41333293914795,22317000
2020-06-10,12.638898849487305,12.996000289916992,13.38266658782959,12.85533332824707,13.153332710266113,23647500
2020-06-11,10.227044105529785,10.515999794006348,12.156000137329102,10.501333236694336,12.001333236694336,47562000
2020-06-12,10.65106201171875,10.95199966430664,11.59866714477539,10.259332656860352,11.491999626159668,35401500
2020-06-15,11.118523597717285,11.432666778564453,11.461999893188477,10.11533260345459,10.260666847229004,29254500
2020-06-16,11.707870483398438,12.038666725158691,12.621333122253418,11.432666778564453,12.406000137329102,30856500
2020-06-17,12.032045364379883,12.371999740600586,12.66866683959961,12.133999824523926,12.295999526977539,21156000
2020-06-18,11.976287841796875,12.314666748046875,12.480667114257812,12.10200023651123,12.206666946411133,13989000
2020-06-19,11.735099792480469,12.066666603088379,12.859999656677246,12.005999565124512,12.739333152770996,29616000
2020-06-22,12.048901557922363,12.38933277130127,12.449333190917969,11.708000183105469,12.126667022705078,19461000
2020-06-23,12.15424633026123,12.4913330078125,12.880000114440918,12.421333312988281,12.62399959564209,18909000
2020-06-24,11.337564468383789,11.652000427246094,12.484000205993652,11.368000030517578,12.258000373840332,31200000
2020-06-25,11.616495132446289,11.938667297363281,11.9913330078125,11.09000015258789,11.638667106628418,21685500
2020-06-26,10.921113967895508,11.223999977111816,12.005332946777344,11.157999992370605,11.800000190734863,21492000
2020-06-29,11.296696662902832,11.609999656677246,11.619333267211914,10.833999633789062,11.248000144958496,17931000
2020-06-30,12.208736419677734,12.547332763671875,12.649333000183105,11.74666690826416,11.74666690826416,32251500
2020-07-01,11.698227882385254,12.022666931152344,12.562000274658203,11.989333152770996,12.555333137512207,21469500
2020-07-02,12.133488655090332,12.470000267028809,12.803999900817871,12.328666687011719,12.52733325958252,24289500
2020-07-06,13.10650634765625,13.470000267028809,13.594667434692383,13.088000297546387,13.10533332824707,21822000
2020-07-07,12.621942520141602,12.972000122070312,13.613332748413086,12.899999618530273,13.298666954040527,17728500
2020-07-08,13.14412784576416,13.5086669921875,13.533332824707031,12.954667091369629,13.300000190734863,14014500
2020-07-09,13.666959762573242,14.045999526977539,14.292667388916016,13.069999694824219,13.666666984558105,25341000
2020-07-10,13.530738830566406,13.906000137329102,14.197999954223633,13.481332778930664,14.073332786560059,16764000
2020-07-13,12.855466842651367,13.211999893188477,14.961333274841309,13.133333206176758,14.492667198181152,24480000
2020-07-14,13.536576271057129,13.911999702453613,13.961999893188477,12.40133285522461,12.993332862854004,25491000
2020-07-15,13.401002883911133,13.772666931152344,14.21066665649414,13.133333206176758,14.199999809265137,20254500
2020-07-16,13.237537384033203,13.604666709899902,13.76533317565918,13.126667022705078,13.333999633789062,13903500
2020-07-17,13.482734680175781,13.856666564941406,14.00333309173584,13.600000381469727,13.854000091552734,12028500
2020-07-20,14.313691139221191,14.71066665649414,14.774666786193848,13.62733268737793,13.92199993133545,16717500
2020-07-21,14.010758399963379,14.399333000183105,15.035332679748535,14.246000289916992,14.965332984924316,16822500
2020-07-22,14.178766250610352,14.571999549865723,14.903332710266113,14.21733283996582,14.533332824707031,13956000
2020-07-23,13.518412590026855,13.893333435058594,14.940667152404785,13.510000228881836,14.552000045776367,22534500
2020-07-24,12.874277114868164,13.231332778930664,13.833333015441895,12.630666732788086,13.157999992370605,19546500
2020-07-27,14.093791007995605,14.48466682434082,14.500666618347168,13.715332984924316,13.733332633972168,17731500
2020-07-28,13.260241508483887,13.628000259399414,14.231332778930664,13.553333282470703,14.231332778930664,20592000
2020-07-29,14.11909008026123,14.510666847229004,14.652667045593262,13.954667091369629,14.050000190734863,19687500
2020-07-30,14.945501327514648,15.359999656677246,15.375332832336426,14.299332618713379,14.310667037963867,25672500
2020-07-31,14.693168640136719,15.100666999816895,15.475333213806152,14.447333335876465,15.473999977111816,26299500
2020-08-03,15.567582130432129,15.999333381652832,16.077999114990234,15.390000343322754,15.390666961669922,16984500
2020-08-04,16.236364364624023,16.68666648864746,16.71066665649414,15.88266658782959,15.926667213439941,12100500
2020-08-05,16.20458221435547,16.65399932861328,16.85066795349121,16.266666412353516,16.634666442871094,12822000
2020-08-06,16.145553588867188,16.593332290649414,16.67333221435547,16.086000442504883,16.53733253479004,10840500
2020-08-07,15.596773147583008,16.029333114624023,16.733333587646484,15.444000244140625,16.474666595458984,17872500
2020-08-10,15.6065034866333,16.03933334350586,16.232667922973633,15.334667205810547,16.124666213989258,11625000
2020-08-11,15.089506149291992,15.508000373840332,16.474000930786133,15.383333206176758,15.994000434875488,15201000
2020-08-12,16.609355926513672,17.06999969482422,17.155332565307617,15.774666786193848,15.905332565307617,18397500
2020-08-13,16.06576919555664,16.511333465576172,17.077333450317383,16.268667221069336,17.077333450317383,12742500
2020-08-14,16.00933074951172,16.453332901000977,17.06599998474121,16.308666229248047,16.65333366394043,12001500
2020-08-17,16.615190505981445,17.076000213623047,17.281333923339844,16.779333114624023,16.858667373657227,11739000
2020-08-18,16.34080696105957,16.79400062561035,17.374666213989258,16.625999450683594,17.275999069213867,11410500
2020-08-19,16.023601531982422,16.468000411987305,16.931333541870117,16.319332122802734,16.812667846679688,10309500
2020-08-20,15.6065034866333,16.03933334350586,16.28066635131836,15.69333267211914,15.97933292388916,16498500
2020-08-21,15.950300216674805,16.392667770385742,16.399999618530273,15.766667366027832,16.045333862304688,10789500
2020-08-24,16.39140510559082,16.84600067138672,17.04800033569336,16.474666595458984,16.889333724975586,11776500
2020-08-25,16.919422149658203,17.3886661529541,17.391332626342773,16.876667022705078,16.876667022705078,11626500
2020-08-26,17.11013412475586,17.584667205810547,17.71933364868164,17.25933265686035,17.504667282104492,11527500
2020-08-27,16.44329261779785,16.89933204650879,17.75933265686035,16.589332580566406,17.663999557495117,17893500
2020-08-28,17.37479019165039,17.856666564941406,17.87266731262207,16.8973331451416,17.005332946777344,13989000
2020-08-31,17.326147079467773,17.80666732788086,18.19333267211914,17.387332916259766,17.840667724609375,12093000
2020-09-01,18.30175018310547,18.80933380126953,18.833332061767578,17.87066650390625,18.126667022705078,10255500
2020-09-02,19.943557739257812,20.496667861938477,20.75933265686035,19.1213321685791,19.628000259399414,18729000
2020-09-03,16.539945602416992,16.998666763305664,19.600000381469727,16.6026668548584,19.571332931518555,37044000
2020-09-04,16.08133316040039,16.527332305908203,17.363332748413086,14.670666694641113,16.615999221801758,26686500
2020-09-08,13.791504859924316,14.173999786376953,15.612667083740234,14.131333351135254,14.708666801452637,21556500
2020-09-09,14.931879043579102,15.345999717712402,15.686667442321777,14.666666984558105,15.209333419799805,19171500
2020-09-10,14.311745643615723,14.708666801452637,16.07933235168457,14.426667213439941,15.850000381469727,19227000
2020-09-11,14.261795997619629,14.657333374023438,15.475333213806152,14.191332817077637,15.029333114624023,14871000
2020-09-14,15.163455963134766,15.583999633789062,15.854000091552734,15.210000038146973,15.553333282470703,11850000
2020-09-15,15.94316291809082,16.385332107543945,16.68600082397461,16.097999572753906,16.15399932861328,11725500
2020-09-16,15.46314525604248,15.892000198364258,16.781999588012695,15.833333015441895,16.591999053955078,10791000
2020-09-17,15.392438888549805,15.81933307647705,15.971332550048828,14.554667472839355,14.749333381652832,14704500
2020-09-18,14.675003051757812,15.081999778747559,16.202667236328125,14.520000457763672,16.014667510986328,17329500
2020-09-21,14.604297637939453,15.009332656860352,15.031999588012695,13.894000053405762,14.189332962036133,25779000
2020-09-22,15.133618354797363,15.553333282470703,15.576666831970215,14.5513334274292,15.357333183288574,13864500
2020-09-23,14.006867408752441,14.395333290100098,15.786666870117188,14.262666702270508,15.464667320251465,14178000
2020-09-24,14.416182518005371,14.815999984741211,15.407333374023438,14.066666603088379,14.094667434692383,24952500
2020-09-25,15.038262367248535,15.45533275604248,15.550000190734863,14.223999977111816,14.895999908447266,15505500
2020-09-28,16.266202926635742,16.71733283996582,16.732667922973633,15.76200008392334,16.041332244873047,15123000
2020-09-29,16.401779174804688,16.856666564941406,17.27199935913086,16.607999801635742,16.607999801635742,19848000
2020-09-30,16.42383575439453,16.87933349609375,17.398666381835938,16.600000381469727,16.700666427612305,20143500
2020-10-01,17.443557739257812,17.92733383178711,18.07866668701172,17.340667724609375,17.52199935913086,18271500
2020-10-02,15.888680458068848,16.32933235168457,17.45199966430664,16.284000396728516,16.67133331298828,24060000
2020-10-05,17.439659118652344,17.92333221435547,17.92533302307129,16.768667221069336,16.790666580200195,14751000
2020-10-06,17.14192008972168,17.617332458496094,18.889333724975586,17.400667190551758,17.862667083740234,16638000
2020-10-07,18.175912857055664,18.68000030517578,18.78333282470703,18.35066795349121,18.37066650390625,13549500
2020-10-08,18.807069778442383,19.32866668701172,19.432666778564453,18.952667236328125,19.170000076293945,11172000
2020-10-09,19.79370880126953,20.342666625976562,20.496000289916992,19.92333221435547,20.019332885742188,18609000
2020-10-12,20.65320587158203,21.22599983215332,21.553333282470703,20.801332473754883,21.089332580566406,15901500
2020-10-13,20.628557205200195,21.200666427612305,21.676000595092773,20.833999633789062,21.250667572021484,14068500
2020-10-14,20.301624298095703,20.864667892456055,21.592666625976562,20.494667053222656,21.338666915893555,11320500
2020-10-15,20.141399383544922,20.700000762939453,20.82933235168457,19.575332641601562,19.80066680908203,10518000
2020-10-16,19.85403823852539,20.404666900634766,21.21666717529297,20.36400032043457,21.211999893188477,8916000
2020-10-19,19.534236907958984,20.076000213623047,21.262666702270508,19.845333099365234,20.866666793823242,11283000
2020-10-20,19.47196388244629,20.011999130249023,20.520666122436523,19.843332290649414,20.360666275024414,6909000
2020-10-21,19.060697555541992,19.589332580566406,20.25,19.549333572387695,20.155332565307617,8161500
2020-10-22,19.127517700195312,19.658000946044922,19.92066764831543,18.91266632080078,19.72599983215332,9789000
2020-10-23,18.8472900390625,19.3700008392334,19.479333877563477,18.8353328704834,19.479333877563477,6975000
2020-10-26,17.643346786499023,18.132667541503906,19.133333206176758,17.399999618530273,18.883333206176758,13960500
2020-10-27,17.461069107055664,17.94533348083496,18.665332794189453,17.726667404174805,18.516666412353516,7834500
2020-10-28,15.72326374053955,16.159332275390625,17.0853328704834,16.0939998626709,17.07466697692871,15634500
2020-10-29,16.975210189819336,17.445999145507812,17.8973331451416,16.131999969482422,16.267332077026367,10749000
2020-10-30,16.1487979888916,16.59666633605957,17.184667587280273,16.007333755493164,16.89533233642578,11187000
2020-11-02,16.408920288085938,16.86400032043457,17.399999618530273,16.423999786376953,17.142000198364258,10897500
2020-11-03,17.385169982910156,17.867332458496094,18.25933265686035,17.294666290283203,17.333332061767578,12472500
2020-11-04,19.207304000854492,19.739999771118164,19.968666076660156,18.28333282470703,18.963333129882812,17590500
2020-11-05,21.740385055541992,22.343332290649414,22.49066734313965,21.32666778564453,21.333332061767578,20565000
2020-11-06,22.858705520629883,23.492666244506836,23.68000030517578,21.93400001525879,22.14933204650879,15370500
2020-11-09,21.98558235168457,22.595333099365234,25.59866714477539,22.554000854492188,24.961999893188477,16741500
2020-11-10,20.008419036865234,20.56333351135254,22.292667388916016,20.406667709350586,21.996000289916992,16570500
2020-11-11,22.188623428344727,22.804000854492188,22.91200065612793,21.499332427978516,21.53066635131836,11782500
2020-11-12,21.329774856567383,21.92133331298828,23.093332290649414,21.58066749572754,22.842666625976562,11928000
2020-11-13,22.121156692504883,22.73466682434082,23.312000274658203,22.278667449951172,22.65999984741211,10963500
2020-11-16,23.752580642700195,24.411333084106445,24.446666717529297,23.100000381469727,23.270000457763672,12468000
2020-11-17,23.173959732055664,23.816667556762695,24.215999603271484,23.281333923339844,24.1560001373291,9009000
2020-11-18,22.682262420654297,23.31133270263672,24.45400047302246,23.272666931152344,23.91866683959961,10455000
2020-11-19,23.735063552856445,24.393333435058594,24.4060001373291,22.680667877197266,23.233333587646484,8220000
2020-11-20,23.349754333496094,23.997333526611328,24.978666305541992,23.908000946044922,24.37066650390625,11338500
2020-11-23,24.406444549560547,25.083332061767578,25.29199981689453,24.083999633789062,24.43400001525879,11436000
2020-11-24,24.800840377807617,25.488666534423828,25.566667556762695,24.30933380126953,25.53333282470703,9943500
2020-11-25,24.5355281829834,25.215999603271484,25.8613338470459,24.91200065612793,25.366666793823242,6964500
2020-11-27,25.380109786987305,26.083999633789062,26.60533332824707,25.720666885375977,25.721332550048828,8937000
2020-11-30,26.33431053161621,27.064666748046875,27.150667190551758,25.268667221069336,26.236000061035156,10632000
2020-12-01,27.7315673828125,28.500667572021484,28.932666778564453,27.53333282470703,27.746000289916992,12735000
2020-12-02,27.942378997802734,28.71733283996582,29.101999282836914,28.066667556762695,28.218666076660156,7210500
2020-12-03,27.984548568725586,28.76066780090332,29.68600082397461,28.634000778198242,29.231332778930664,7801500
2020-12-04,30.313940048217773,31.154666900634766,31.19333267211914,28.978666305541992,29.235332489013672,10473000
2020-12-07,30.710281372070312,31.562000274658203,31.736000061035156,30.687999725341797,31.736000061035156,8889000
2020-12-08,31.09754180908203,31.959999084472656,32.27333450317383,31.041332244873047,31.450666427612305,6286500
2020-12-09,28.437965393066406,29.226667404174805,32.16133117675781,28.618000030517578,31.606666564941406,19231500
2020-12-10,28.38283348083496,29.170000076293945,29.82200050354004,28.134000778198242,28.6200008392334,11490000
2020-12-11,27.403329849243164,28.163333892822266,28.859333038330078,27.266666412353516,28.413333892822266,13248000
2020-12-14,28.43537712097168,29.224000930786133,29.683332443237305,28.799999237060547,28.988666534423828,10854000
2020-12-15,29.62115478515625,30.44266700744629,30.687332153320312,29.750667572021484,30.281333923339844,7351500
2020-12-16,29.55563735961914,30.375333786010742,30.722000122070312,29.695999145507812,30.709999084472656,6372000
2020-12-17,29.713916778564453,30.538000106811523,30.99066734313965,30.180667877197266,30.91933250427246,6106500
2020-12-18,29.326005935668945,30.139333724975586,30.866666793823242,29.55733299255371,30.733333587646484,8797500
2020-12-21,28.748687744140625,29.54599952697754,29.694000244140625,28.166667938232422,29.0,11620500
2020-12-22,28.64235496520996,29.433332443237305,29.820667266845703,28.754667282104492,29.700666427612305,6235500
2020-12-23,28.047452926635742,28.82200050354004,29.799333572387695,28.78333282470703,29.623332977294922,4338000
2020-12-24,28.85709571838379,29.65399932861328,29.660667419433594,29.029333114624023,29.166667938232422,2637000
2020-12-28,28.69295883178711,29.485332489013672,30.733333587646484,29.368000030517578,30.621999740600586,7542000
2020-12-29,28.472383499145508,29.2586669921875,29.866666793823242,28.284000396728516,29.866666793823242,7833000
2020-12-30,29.944400787353516,30.771333694458008,30.891332626342773,29.600000381469727,29.672000885009766,7807500
2020-12-31,30.2629337310791,31.09866714477539,31.183332443237305,30.17733383178711,30.774667739868164,5871000
2021-01-04,29.845142364501953,30.66933250427246,33.654666900634766,29.930667877197266,31.672000885009766,17731500
2021-01-05,31.574058532714844,32.44599914550781,32.505332946777344,30.444000244140625,30.444000244140625,8538000
2021-01-06,31.341808319091797,32.207332611083984,34.160667419433594,31.284000396728516,31.527999877929688,16782000
2021-01-07,34.79574966430664,35.75666809082031,36.121334075927734,33.615333557128906,33.645999908447266,10443000
2021-01-08,34.824951171875,35.78666687011719,37.94200134277344,34.62933349609375,37.50733184814453,13090500
2021-01-11,36.09326171875,37.09000015258789,37.874000549316406,34.933998107910156,34.96533203125,9625500
2021-01-12,36.80234146118164,37.818668365478516,38.7586669921875,36.70600128173828,37.66533279418945,10501500
2021-01-13,36.900299072265625,37.919334411621094,38.93333435058594,37.400001525878906,38.62066650390625,6897000
2021-01-14,39.30132293701172,40.38666534423828,41.612667083740234,39.220001220703125,39.220001220703125,11373000
2021-01-15,36.80754089355469,37.82400131225586,40.313331604003906,37.10533142089844,40.19200134277344,16302000
2021-01-19,40.546939849853516,41.66666793823242,41.79533386230469,39.41133117675781,39.513999938964844,13351500
2021-01-20,40.20893478393555,41.319332122802734,43.521331787109375,40.951332092285156,43.163333892822266,11220000
2021-01-21,41.99884033203125,43.158668518066406,43.52000045776367,41.09733200073242,42.388668060302734,11056500
2021-01-22,39.69383239746094,40.790000915527344,42.47600173950195,40.77399826049805,42.0,12573000
2021-01-25,39.86445236206055,40.96533203125,42.13999938964844,38.62733459472656,42.01333236694336,12499500
2021-01-26,38.005767822265625,39.05533218383789,41.04666519165039,39.0,41.04666519165039,7641000
2021-01-27,32.2533073425293,33.14400100708008,37.048667907714844,32.538665771484375,36.866668701171875,25056000
2021-01-28,34.1898307800293,35.13399887084961,36.57666778564453,34.17333221435547,35.000667572021484,16110000
2021-01-29,32.5030632019043,33.400665283203125,35.82133483886719,32.900665283203125,35.33733367919922,15256500
2021-02-01,36.34433364868164,37.347999572753906,37.5273323059082,34.63666534423828,35.08599853515625,13749000
2021-02-02,37.99864196777344,39.04800033569336,39.15999984741211,37.46666717529297,39.132667541503906,10789500
2021-02-03,35.64822006225586,36.632667541503906,39.79666519165039,36.57133483886719,39.46666717529297,14184000
2021-02-04,36.52922058105469,37.53799819946289,37.60733413696289,35.52933120727539,36.336666107177734,8400000
2021-02-05,35.73580551147461,36.7226676940918,38.33333206176758,36.58533477783203,38.33333206176758,8242500
2021-02-08,39.0548095703125,40.133331298828125,40.133331298828125,37.44533157348633,37.461334228515625,17278500
2021-02-09,38.55721664428711,39.62200164794922,40.540000915527344,39.043331146240234,39.63666534423828,8659500
2021-02-10,38.921810150146484,39.996665954589844,41.3120002746582,38.37666702270508,40.66666793823242,15432000
2021-02-11,42.97779846191406,44.16466522216797,44.16466522216797,40.884666442871094,40.884666442871094,20781000
2021-02-12,44.54194259643555,45.77199935913086,46.01333236694336,43.00400161743164,43.487998962402344,15841500
2021-02-16,45.33017349243164,46.582000732421875,47.85266876220703,45.810665130615234,47.336666107177734,14367000
2021-02-17,42.82794189453125,44.01066589355469,45.7413330078125,42.138668060302734,45.099998474121094,19341000
2021-02-18,41.53822326660156,42.685333251953125,43.26599884033203,41.020668029785156,42.20333480834961,15594000
2021-02-19,44.56789016723633,45.798667907714844,46.518001556396484,44.223331451416016,44.64466857910156,23602500
2021-02-22,39.710044860839844,40.80666732788086,44.93600082397461,40.18000030517578,44.003334045410156,22419000
2021-02-23,38.904300689697266,39.978668212890625,40.74399948120117,35.069332122802734,38.496665954589844,27033000
2021-02-24,42.56974411010742,43.74533462524414,43.83333206176758,38.06666564941406,38.982666015625,17964000
2021-02-25,35.24534606933594,36.218666076660156,43.009334564208984,35.70333480834961,42.06733322143555,35817000
2021-02-26,37.670372009277344,38.71066665649414,39.70066833496094,35.8033332824707,37.94333267211914,29536500
2021-03-01,41.41431427001953,42.55799865722656,42.55799865722656,39.54999923706055,40.59199905395508,24520500
2021-03-02,37.514015197753906,38.54999923706055,42.9900016784668,38.45000076293945,42.939998626708984,19687700
2021-03-03,34.069149017333984,35.0099983215332,38.9900016784668,34.81999969482422,38.900001525878906,21749000
2021-03-04,29.174331665039062,29.979999542236328,35.189998626708984,28.440000534057617,34.83000183105469,34294300
2021-03-05,31.86989402770996,32.75,32.959999084472656,27.729999542236328,32.220001220703125,30945800
2021-03-08,26.78044319152832,27.520000457763672,32.93000030517578,27.5,32.709999084472656,28761200
2021-03-09,31.577953338623047,32.45000076293945,33.08000183105469,30.0,30.34000015258789,19994900
2021-03-10,29.89444351196289,30.719999313354492,34.189998626708984,30.6200008392334,34.189998626708984,19953500
2021-03-11,33.543670654296875,34.470001220703125,35.040000915527344,32.849998474121094,33.29999923706055,19094300
2021-03-12,32.521888732910156,33.41999816894531,33.59000015258789,31.850000381469727,32.52000045776367,17047600
2021-03-15,34.614105224609375,35.56999969482422,35.630001068115234,33.18000030517578,33.79999923706055,15325300
2021-03-16,35.98622131347656,36.97999954223633,38.59000015258789,36.22999954223633,36.83000183105469,27404900
2021-03-17,37.387516021728516,38.41999816894531,39.150001525878906,34.5099983215332,35.279998779296875,21743500
2021-03-18,32.80409622192383,33.709999084472656,36.91999816894531,33.45000076293945,36.7599983215332,25749000
2021-03-19,33.81614303588867,34.75,35.650001525878906,32.380001068115234,34.0099983215332,20615000
2021-03-22,36.00568389892578,37.0,38.20000076293945,35.619998931884766,35.939998626708984,23763800
2021-03-23,33.129817962646484,34.029998779296875,37.5,33.5099983215332,37.369998931884766,26947000
2021-03-24,31.7279109954834,32.59000015258789,36.130001068115234,32.54999923706055,35.630001068115234,26195900
2021-03-25,31.942081451416016,32.810001373291016,33.18000030517578,30.100000381469727,30.93000030517578,30291400
2021-03-26,36.6930046081543,37.689998626708984,37.7400016784668,32.709999084472656,32.810001373291016,35670300
2021-03-29,34.843265533447266,35.790000915527344,36.90999984741211,34.5,36.380001068115234,28422700
2021-03-30,34.58040237426758,35.52000045776367,35.779998779296875,34.279998779296875,35.119998931884766,17926000
2021-03-31,37.199241638183594,38.209999084472656,38.97999954223633,36.349998474121094,36.43000030517578,25362500
2021-04-01,41.28815460205078,42.40999984741211,42.439998626708984,40.04999923706055,40.04999923706055,27795500
2021-04-05,43.80963134765625,45.0,45.29999923706055,42.90999984741211,44.529998779296875,26445800
2021-04-06,42.232486724853516,43.380001068115234,44.970001220703125,42.06999969482422,44.119998931884766,17961500
2021-04-07,42.232486724853516,43.380001068115234,44.0,42.34000015258789,43.9900016784668,12421800
2021-04-08,43.605186462402344,44.790000915527344,45.0,43.599998474121094,44.75,12957100
2021-04-09,43.30339050292969,44.47999954223633,44.5,43.130001068115234,43.83000183105469,10748500
2021-04-12,41.950157165527344,43.09000015258789,43.790000915527344,41.79999923706055,43.720001220703125,14926000
2021-04-13,41.560733795166016,42.689998626708984,44.130001068115234,41.56999969482422,44.0,14056400
2021-04-14,40.17829895019531,41.27000045776367,43.470001220703125,40.630001068115234,42.38999938964844,12838600
2021-04-15,42.32011032104492,43.470001220703125,43.65999984741211,41.619998931884766,42.349998474121094,13642000
2021-04-16,41.61915588378906,42.75,43.63999938964844,42.47999954223633,43.5099983215332,11016200
2021-04-19,38.55247497558594,39.599998474121094,42.290000915527344,38.25,41.77000045776367,20268200
2021-04-20,36.71247482299805,37.709999084472656,39.529998779296875,37.040000915527344,39.0099983215332,13892000
2021-04-21,39.67204666137695,40.75,40.77000045776367,37.34000015258789,37.93000030517578,15160200
2021-04-22,36.97533416748047,37.97999954223633,40.61000061035156,37.27000045776367,40.369998931884766,20962100
2021-04-23,39.08793258666992,40.150001525878906,40.56999969482422,38.29999923706055,38.31999969482422,13212600
2021-04-26,41.09342956542969,42.209999084472656,42.459999084472656,40.0,40.09000015258789,13528500
2021-04-27,40.24645233154297,41.34000015258789,42.90999984741211,40.959999084472656,42.779998779296875,12557200
2021-04-28,38.377235412597656,39.41999816894531,40.689998626708984,39.310001373291016,40.68000030517578,12753600
2021-04-29,39.24370193481445,40.310001373291016,41.220001220703125,38.47999954223633,41.20000076293945,14812500
2021-04-30,35.92389678955078,36.900001525878906,39.16999816894531,36.560001373291016,38.349998474121094,19385800
2021-05-03,34.66802215576172,35.61000061035156,37.790000915527344,35.08000183105469,37.720001220703125,13899900
2021-05-04,33.0714111328125,33.970001220703125,34.45000076293945,32.0,34.40999984741211,24428000
2021-05-05,33.636070251464844,34.54999923706055,35.790000915527344,33.75,35.06999969482422,16034800
2021-05-06,34.46358871459961,35.400001525878906,35.400001525878906,33.15999984741211,34.20000076293945,15387300
2021-05-07,35.95310974121094,36.93000030517578,37.54999923706055,35.90999984741211,36.5099983215332,16784600
2021-05-10,31.085371017456055,31.93000030517578,36.0,31.8799991607666,36.0,25439800
2021-05-11,31.260608673095703,32.11000061035156,32.310001373291016,28.690000534057617,29.020000457763672,29951300
2021-05-12,27.385887145996094,28.1299991607666,30.559999465942383,27.809999465942383,30.100000381469727,34045700
2021-05-13,28.554147720336914,29.329999923706055,30.5,28.299999237060547,29.530000686645508,25520000
2021-05-14,31.085371017456055,31.93000030517578,32.68000030517578,29.579999923706055,30.489999771118164,21881300
2021-05-17,30.277328491210938,31.100000381469727,31.100000381469727,29.43000030517578,30.979999542236328,19224800
2021-05-18,29.48875617980957,30.290000915527344,32.08000183105469,30.219999313354492,31.709999084472656,15262600
2021-05-19,31.202194213867188,32.04999923706055,32.16999816894531,28.219999313354492,28.459999084472656,29208700
2021-05-20,33.723690032958984,34.63999938964844,34.97999954223633,32.66999816894531,32.75,28593200
2021-05-21,33.236907958984375,34.13999938964844,35.34000015258789,33.810001373291016,35.29999923706055,25100300
2021-05-24,35.56368637084961,36.529998779296875,37.13999938964844,34.90999984741211,35.0,21577500
2021-05-25,35.96283721923828,36.939998626708984,37.75,36.2400016784668,37.33000183105469,19468200
2021-05-26,36.196495056152344,37.18000030517578,37.68000030517578,36.189998626708984,37.029998779296875,13436700
2021-05-27,36.85850524902344,37.86000061035156,38.2599983215332,36.709999084472656,36.880001068115234,16449400
2021-05-28,37.75416946411133,38.779998779296875,39.27000045776367,37.880001068115234,38.06999969482422,15891400
2021-06-01,37.325809478759766,38.34000015258789,40.540000915527344,37.7400016784668,39.52000045776367,18159400
2021-06-02,38.15332794189453,39.189998626708984,39.58000183105469,37.90999984741211,38.27000045776367,12370500
2021-06-03,36.138084411621094,37.119998931884766,38.279998779296875,36.52000045776367,37.83000183105469,16945800
2021-06-04,38.68877029418945,39.7400016784668,39.9900016784668,38.04999923706055,38.08000183105469,15960500
2021-06-07,37.88072967529297,38.90999984741211,39.439998626708984,38.150001525878906,39.2599983215332,11453800
2021-06-08,37.16030502319336,38.16999816894531,39.970001220703125,37.29999923706055,39.79999923706055,13475800
2021-06-09,36.70274353027344,37.70000076293945,38.88999938964844,37.619998931884766,38.560001373291016,11721000
2021-06-10,38.007293701171875,39.040000915527344,39.369998931884766,37.52000045776367,37.79999923706055,17601900
2021-06-11,38.445396423339844,39.4900016784668,39.4900016784668,38.56999969482422,39.04999923706055,7971500
2021-06-14,40.0809440612793,41.16999816894531,41.16999816894531,39.060001373291016,39.810001373291016,18513300
2021-06-15,38.98084259033203,40.040000915527344,41.599998474121094,39.7400016784668,40.79999923706055,13301400
2021-06-16,38.143585205078125,39.18000030517578,40.88999938964844,38.06999969482422,40.4900016784668,18089300
2021-06-17,39.24370193481445,40.310001373291016,41.16999816894531,38.650001525878906,38.689998626708984,18466200
2021-06-18,36.332786560058594,37.31999969482422,39.58000183105469,36.75,39.290000915527344,21346600
2021-06-21,37.111629486083984,38.119998931884766,38.15999984741211,36.59000015258789,37.54999923706055,12722000
2021-06-22,37.57892990112305,38.599998474121094,38.83000183105469,37.400001525878906,37.900001525878906,10500400
2021-06-23,38.017032623291016,39.04999923706055,39.630001068115234,38.599998474121094,38.599998474121094,8615400
2021-06-24,39.993324279785156,41.08000183105469,41.22999954223633,39.880001068115234,39.880001068115234,12716800
2021-06-25,39.58443832397461,40.65999984741211,41.689998626708984,40.290000915527344,41.16999816894531,9244100
2021-06-28,42.4953498840332,43.650001525878906,44.08000183105469,41.45000076293945,41.5,18209300
2021-06-29,43.45915985107422,44.63999938964844,44.689998626708984,42.880001068115234,43.310001373291016,13090200
2021-06-30,43.3618049621582,44.540000915527344,44.72999954223633,43.66999816894531,44.369998931884766,9830900
2021-07-01,41.44392395019531,42.56999969482422,44.369998931884766,42.130001068115234,44.150001525878906,11578200
2021-07-02,42.174072265625,43.31999969482422,43.70000076293945,42.25,43.56999969482422,10933300
2021-07-06,41.9014778137207,43.040000915527344,44.13999938964844,41.36000061035156,43.63999938964844,10020300
2021-07-07,40.149105072021484,41.2400016784668,43.90999984741211,40.689998626708984,43.79999923706055,10623800
2021-07-08,38.727718353271484,39.779998779296875,40.380001068115234,37.7599983215332,38.54999923706055,14764300
2021-07-09,40.665077209472656,41.77000045776367,41.939998626708984,39.25,40.18000030517578,9799600
2021-07-12,42.18381118774414,43.33000183105469,43.33000183105469,41.810001373291016,42.15999984741211,9021800
2021-07-13,41.49259567260742,42.619998931884766,43.31999969482422,42.099998474121094,42.75,9289300
2021-07-14,41.04475402832031,42.15999984741211,44.790000915527344,41.86000061035156,43.540000915527344,15361500
2021-07-15,38.377235412597656,39.41999816894531,41.79999923706055,38.54999923706055,41.790000915527344,14968000
2021-07-16,35.78759765625,36.7599983215332,40.45000076293945,36.59000015258789,40.029998779296875,14425600
2021-07-19,35.86548614501953,36.84000015258789,36.93000030517578,34.709999084472656,35.209999084472656,17527800
2021-07-20,37.325809478759766,38.34000015258789,39.08000183105469,35.849998474121094,37.2400016784668,12487200
2021-07-21,40.74296188354492,41.849998474121094,41.849998474121094,38.599998474121094,38.66999816894531,12599700
2021-07-22,39.66232681274414,40.7400016784668,41.619998931884766,39.900001525878906,40.900001525878906,8148900
2021-07-23,40.450897216796875,41.54999923706055,41.61000061035156,39.95000076293945,41.290000915527344,8740400
2021-07-26,40.353546142578125,41.45000076293945,41.790000915527344,40.58000183105469,40.58000183105469,7703500
2021-07-27,38.11438751220703,39.150001525878906,40.849998474121094,36.709999084472656,40.79999923706055,17917400
2021-07-28,40.0906867980957,41.18000030517578,41.5,39.02000045776367,39.540000915527344,12983000
2021-07-29,42.300636291503906,43.45000076293945,43.689998626708984,41.22999954223633,41.22999954223633,15318400
2021-07-30,43.21577453613281,44.38999938964844,44.5,42.06999969482422,42.189998626708984,13599200
2021-08-02,44.014076232910156,45.209999084472656,46.88999938964844,44.880001068115234,45.189998626708984,17018600
2021-08-03,44.75397872924805,45.970001220703125,45.97999954223633,43.61000061035156,45.290000915527344,10801400
2021-08-04,46.3505973815918,47.61000061035156,48.150001525878906,46.04999923706055,46.15999984741211,13768900
2021-08-05,45.922237396240234,47.16999816894531,48.189998626708984,46.439998626708984,48.16999816894531,8580700
2021-08-06,45.396514892578125,46.630001068115234,47.27000045776367,46.20000076293945,46.33000183105469,6202000
2021-08-09,44.92921447753906,46.150001525878906,47.27000045776367,45.540000915527344,46.900001525878906,5943700
2021-08-10,43.27417755126953,44.45000076293945,46.56999969482422,43.5,46.369998931884766,9994500
2021-08-11,43.00159454345703,44.16999816894531,45.119998931884766,42.43000030517578,45.060001373291016,10016600
2021-08-12,41.49259567260742,42.619998931884766,43.5,41.560001373291016,43.439998626708984,9746100
2021-08-13,42.32985305786133,43.47999954223633,43.599998474121094,42.290000915527344,42.5,7655800
2021-08-16,41.87227249145508,43.0099983215332,43.43000030517578,41.93000030517578,42.90999984741211,6658600
2021-08-17,39.389732360839844,40.459999084472656,41.95000076293945,39.34000015258789,41.93000030517578,13983700
2021-08-18,37.63734436035156,38.65999984741211,40.959999084472656,38.58000183105469,40.290000915527344,10760100
2021-08-19,38.581687927246094,39.630001068115234,40.2599983215332,37.13999938964844,38.18000030517578,14855300
2021-08-20,39.36051559448242,40.43000030517578,40.75,39.0099983215332,39.959999084472656,10732300
2021-08-23,42.534278869628906,43.689998626708984,43.790000915527344,41.400001525878906,41.400001525878906,12229000
2021-08-24,42.57323455810547,43.72999954223633,44.439998626708984,43.380001068115234,43.97999954223633,8557100
2021-08-25,43.59544372558594,44.779998779296875,45.650001525878906,44.11000061035156,44.18000030517578,10125800
2021-08-26,43.49810028076172,44.68000030517578,45.33000183105469,43.709999084472656,44.52000045776367,9529400
2021-08-27,46.04879379272461,47.29999923706055,47.5,44.689998626708984,44.849998474121094,12358300
2021-08-30,46.4771614074707,47.7400016784668,49.0,47.130001068115234,47.779998779296875,10291100
2021-08-31,45.31863021850586,46.54999923706055,47.970001220703125,45.369998931884766,47.77000045776367,9620800
2021-09-01,44.744232177734375,45.959999084472656,47.29999923706055,45.83000183105469,47.22999954223633,7246900
2021-09-02,45.075252532958984,46.29999923706055,46.720001220703125,45.70000076293945,46.349998474121094,7168600
2021-09-03,45.99038314819336,47.2400016784668,47.849998474121094,45.959999084472656,46.13999938964844,7374000
2021-09-07,45.532814025878906,46.77000045776367,47.40999984741211,45.91999816894531,47.36000061035156,5660800
2021-09-08,43.760963439941406,44.95000076293945,46.369998931884766,43.7599983215332,46.099998474121094,11787400
2021-09-09,44.3450813293457,45.54999923706055,46.2599983215332,44.88999938964844,44.90999984741211,8643000
2021-09-10,45.357582092285156,46.59000015258789,48.630001068115234,46.5099983215332,46.63999938964844,14399600
2021-09-13,46.60371398925781,47.869998931884766,48.16999816894531,45.93000030517578,47.79999923706055,11356400
2021-09-14,46.60371398925781,47.869998931884766,48.970001220703125,47.13999938964844,48.400001525878906,10129200
2021-09-15,47.3046760559082,48.59000015258789,48.70000076293945,46.7599983215332,48.060001373291016,9321800
2021-09-16,47.77196502685547,49.06999969482422,49.529998779296875,47.02000045776367,47.7400016784668,9094400
2021-09-17,45.51333999633789,46.75,48.650001525878906,45.970001220703125,48.63999938964844,14478900
2021-09-20,42.154598236083984,43.29999923706055,44.20000076293945,41.15999984741211,43.75,19454600
2021-09-21,42.4466667175293,43.599998474121094,44.52000045776367,42.349998474121094,44.040000915527344,9972400
2021-09-22,45.03630828857422,46.2599983215332,46.56999969482422,44.0099983215332,44.459999084472656,11093200
2021-09-23,46.82762908935547,48.099998474121094,48.54999923706055,46.41999816894531,46.88999938964844,11819600
2021-09-24,46.681602478027344,47.95000076293945,48.22999954223633,46.779998779296875,46.86000061035156,7465000
2021-09-27,46.42847442626953,47.689998626708984,48.18000030517578,45.560001373291016,46.52000045776367,10241300
2021-09-28,41.11290740966797,42.22999954223633,45.790000915527344,42.04999923706055,44.900001525878906,23988000
2021-09-29,39.05872344970703,40.119998931884766,42.68000030517578,39.779998779296875,42.560001373291016,19889700
2021-09-30,38.98084259033203,40.040000915527344,41.95000076293945,40.0,41.060001373291016,14470200
2021-10-01,39.010047912597656,40.06999969482422,40.70000076293945,38.060001373291016,40.5,16368700
2021-10-04,36.04072570800781,37.02000045776367,39.52000045776367,36.56999969482422,39.310001373291016,20555400
2021-10-05,37.62761306762695,38.650001525878906,39.38999938964844,37.2599983215332,37.599998474121094,15194100
2021-10-06,38.02676773071289,39.060001373291016,39.13999938964844,36.91999816894531,37.31999969482422,16403200
2021-10-07,39.32157897949219,40.38999938964844,42.029998779296875,40.27000045776367,40.529998779296875,13234300
2021-10-08,38.28961181640625,39.33000183105469,41.06999969482422,39.08000183105469,40.900001525878906,10297000
2021-10-11,37.364749908447266,38.380001068115234,40.38999938964844,38.36000061035156,38.7599983215332,9446400
2021-10-12,36.06992721557617,37.04999923706055,39.310001373291016,36.470001220703125,39.209999084472656,19847400
2021-10-13,36.654056549072266,37.650001525878906,38.29999923706055,37.2400016784668,37.70000076293945,11660600
2021-10-14,39.9641227722168,41.04999923706055,41.08000183105469,39.34000015258789,39.63999938964844,14800900
2021-10-15,40.73322296142578,41.84000015258789,42.290000915527344,41.29999923706055,42.029998779296875,10988500
2021-10-18,41.72624206542969,42.86000061035156,42.970001220703125,40.439998626708984,41.13999938964844,8498200
2021-10-19,43.25471496582031,44.43000030517578,44.47999954223633,42.630001068115234,43.11000061035156,11476200
2021-10-20,43.03079605102539,44.20000076293945,44.72999954223633,43.630001068115234,44.130001068115234,9908200
2021-10-21,44.384029388427734,45.59000015258789,45.720001220703125,43.29999923706055,43.33000183105469,10019700
2021-10-22,42.884761810302734,44.04999923706055,46.22999954223633,43.77000045776367,44.84000015258789,12691700
2021-10-25,43.8680534362793,45.060001373291016,45.66999816894531,44.15999984741211,44.599998474121094,9706700
2021-10-26,43.77069854736328,44.959999084472656,46.45000076293945,44.540000915527344,46.02000045776367,12067800
2021-10-27,42.92371368408203,44.09000015258789,45.61000061035156,43.560001373291016,44.22999954223633,13076300
2021-10-28,45.75672912597656,47.0,47.099998474121094,45.56999969482422,45.84000015258789,15904400
2021-10-29,46.3895378112793,47.650001525878906,47.650001525878906,45.619998931884766,45.970001220703125,12735000
2021-11-01,48.638427734375,49.959999084472656,49.959999084472656,47.45000076293945,47.790000915527344,14647400
2021-11-02,50.44921875,51.81999969482422,51.81999969482422,49.810001373291016,49.81999969482422,12421100
2021-11-03,52.250282287597656,53.66999816894531,53.810001373291016,51.41999816894531,52.06999969482422,11472200
2021-11-04,57.51718521118164,59.08000183105469,59.83000183105469,54.56999969482422,55.41999816894531,20539200
2021-11-05,59.29878234863281,60.90999984741211,62.400001525878906,59.209999084472656,60.040000915527344,19536100
2021-11-08,61.85920715332031,63.540000915527344,64.70999908447266,61.4900016784668,62.099998474121094,15603900
2021-11-09,61.7229118347168,63.400001525878906,65.62999725341797,61.40999984741211,65.2699966430664,16385900
2021-11-10,56.41707229614258,57.95000076293945,62.5,57.06999969482422,60.04999923706055,17648300
2021-11-11,60.009464263916016,61.63999938964844,61.9900016784668,59.369998931884766,60.720001220703125,13055700
2021-11-12,61.674232482910156,63.349998474121094,64.25,61.16999816894531,62.220001220703125,13052700
2021-11-15,61.52819061279297,63.20000076293945,64.73999786376953,61.2599983215332,64.7300033569336,11837400
2021-11-16,64.40016174316406,66.1500015258789,66.43000030517578,62.0099983215332,62.380001068115234,12693000
2021-11-17,62.81328201293945,64.5199966430664,66.12999725341797,63.70000076293945,66.0,11636600
2021-11-18,66.18177795410156,67.9800033569336,68.9000015258789,66.02999877929688,67.87000274658203,14102700
2021-11-19,66.79509735107422,68.61000061035156,69.87000274658203,66.87999725341797,67.86000061035156,14527400
2021-11-22,63.699214935302734,65.43000030517578,72.48999786376953,65.2300033569336,69.54000091552734,16809800
2021-11-23,63.02745056152344,64.73999786376953,66.61000061035156,61.349998474121094,64.83000183105469,16233700
2021-11-24,65.11085510253906,66.87999725341797,66.9000015258789,61.209999084472656,62.9900016784668,14762200
2021-11-26,59.746604919433594,61.369998931884766,64.9800033569336,59.849998474121094,63.099998474121094,14919700
2021-11-29,66.60037231445312,68.41000366210938,68.68000030517578,63.220001220703125,63.95000076293945,18352700
2021-11-30,62.959312438964844,64.66999816894531,69.33999633789062,62.88999938964844,67.27999877929688,22246300
2021-12-01,61.4892578125,63.15999984741211,70.95999908447266,63.04999923706055,67.54000091552734,24798700
2021-12-02,61.576881408691406,63.25,64.73999786376953,59.68000030517578,61.2599983215332,21014200
2021-12-03,61.265342712402344,62.93000030517578,67.94999694824219,60.70000076293945,65.9000015258789,18842800
2021-12-06,60.944068908691406,62.599998474121094,63.290000915527344,56.779998779296875,62.060001373291016,13816300
2021-12-07,70.08567810058594,71.98999786376953,72.5199966430664,66.72000122070312,66.76000213623047,21654500
2021-12-08,68.82006072998047,70.69000244140625,71.19999694824219,68.48999786376953,70.93000030517578,12500700
2021-12-09,64.15677642822266,65.9000015258789,71.58999633789062,65.66000366210938,69.43000030517578,14533000
2021-12-10,65.81179809570312,67.5999984741211,70.44999694824219,65.16999816894531,69.45999908447266,12329100
2021-12-13,60.690948486328125,62.34000015258789,68.70999908447266,62.0,68.0199966430664,13561500
2021-12-14,59.892642974853516,61.52000045776367,62.369998931884766,58.939998626708984,60.0,13311200
2021-12-15,66.31804656982422,68.12000274658203,68.33999633789062,59.2400016784668,61.84000015258789,19005700
2021-12-16,57.66321563720703,59.22999954223633,69.5,58.02000045776367,69.01000213623047,27692100
2021-12-17,57.400352478027344,58.959999084472656,61.58000183105469,56.86000061035156,57.34000015258789,17729000
2021-12-20,56.02764892578125,57.54999923706055,58.7599983215332,55.470001220703125,56.13999938964844,15681400
2021-12-21,61.835304260253906,63.5,63.689998626708984,58.77000045776367,61.16999816894531,20477000
2021-12-22,63.666011810302734,65.37999725341797,65.52999877929688,61.61000061035156,62.470001220703125,13011600
2021-12-23,65.6427993774414,67.41000366210938,68.75,65.91999816894531,66.0,14507000
2021-12-27,71.07652282714844,72.98999786376953,73.0,68.0,68.0999984741211,15598000
2021-12-28,68.6712646484375,70.5199966430664,74.06999969482422,69.56999969482422,74.06999969482422,14401800
2021-12-29,69.13868713378906,71.0,72.2300033569336,69.5999984741211,70.41999816894531,10702000
2021-12-30,66.56790924072266,68.36000061035156,71.33999633789062,67.88999938964844,70.5,11188200
2021-12-31,66.22708129882812,68.01000213623047,70.0999984741211,67.83000183105469,68.69999694824219,10152000
2022-01-03,70.20985412597656,72.0999984741211,72.11000061035156,68.38999938964844,69.05000305175781,15794800
2022-01-04,69.20684814453125,71.06999969482422,74.20999908447266,66.04000091552734,72.58000183105469,21988000
2022-01-05,62.33192825317383,64.01000213623047,71.41999816894531,63.939998626708984,69.58999633789062,20821000
2022-01-06,63.82183074951172,65.54000091552734,66.38999938964844,61.849998474121094,64.08999633789062,19343100
2022-01-07,58.17387390136719,59.7400016784668,66.05000305175781,59.13999938964844,65.08000183105469,22625900
2022-01-10,58.42706298828125,60.0,60.189998626708984,53.81999969482422,57.34000015258789,25112700
2022-01-11,61.63080596923828,63.290000915527344,63.439998626708984,57.880001068115234,59.09000015258789,22053900
2022-01-12,62.88699722290039,64.58000183105469,66.4000015258789,62.63999938964844,64.98999786376953,19392000
2022-01-13,58.621822357177734,60.20000076293945,69.18000030517578,59.58000183105469,67.5,28866500
2022-01-14,62.78962326049805,64.4800033569336,64.54000091552734,58.560001373291016,58.7599983215332,23880600
2022-01-18,54.5124397277832,55.97999954223633,61.380001068115234,55.5,60.90999984741211,29055200
2022-01-19,49.48771286010742,50.81999969482422,58.15999984741211,50.72999954223633,57.47999954223633,28683300
2022-01-20,44.78434371948242,45.9900016784668,53.20000076293945,45.810001373291016,52.119998931884766,32438800
2022-01-21,42.564109802246094,43.709999084472656,48.93000030517578,43.400001525878906,45.220001220703125,45826500
2022-01-24,44.25849533081055,45.45000076293945,45.47999954223633,36.619998931884766,41.0,53548700
2022-01-25,39.13638687133789,40.189998626708984,43.349998474121094,39.380001068115234,41.77000045776367,40326300
2022-01-26,41.01580047607422,42.119998931884766,47.099998474121094,40.099998474121094,43.779998779296875,46405000
2022-01-27,35.40679931640625,36.36000061035156,43.45000076293945,36.0,43.400001525878906,50033700
2022-01-28,37.4030647277832,38.40999984741211,38.40999984741211,33.099998474121094,36.369998931884766,43946700
2022-01-31,43.41131591796875,44.58000183105469,44.75,38.29999923706055,38.9900016784668,39362500
2022-02-01,44.7064323425293,45.90999984741211,46.099998474121094,42.290000915527344,45.88999938964844,37795600
2022-02-02,48.04651641845703,49.34000015258789,49.5,46.459999084472656,48.470001220703125,40548600
2022-02-03,41.512428283691406,42.630001068115234,47.79999923706055,42.150001525878906,45.58000183105469,32875300
2022-02-04,42.32065963745117,43.459999084472656,44.52000045776367,40.369998931884766,42.08000183105469,30575600
2022-02-07,42.27198028564453,43.40999984741211,45.52000045776367,42.86000061035156,43.63999938964844,28382000
2022-02-08,45.37834167480469,46.599998474121094,46.880001068115234,42.540000915527344,42.75,33686800
2022-02-09,49.68247604370117,51.02000045776367,51.22999954223633,46.709999084472656,48.43000030517578,35302800
2022-02-10,45.203067779541016,46.41999816894531,52.209999084472656,45.58000183105469,47.58000183105469,51371000
2022-02-11,38.5034294128418,39.540000915527344,47.650001525878906,38.41999816894531,46.560001373291016,51212800
2022-02-14,38.552120208740234,39.59000015258789,41.849998474121094,37.86000061035156,39.75,43218400
2022-02-15,44.803810119628906,46.0099983215332,46.290000915527344,41.66999816894531,41.900001525878906,39910800
2022-02-16,44.891456604003906,46.099998474121094,46.5,43.040000915527344,44.06999969482422,35357600
2022-02-17,39.79856491088867,40.869998931884766,44.38999938964844,40.66999816894531,44.119998931884766,41858900
2022-02-18,38.5910758972168,39.630001068115234,41.349998474121094,37.77000045776367,41.13999938964844,46904100
2022-02-22,37.59781265258789,38.61000061035156,41.560001373291016,36.83000183105469,38.22999954223633,49765600
2022-02-23,34.968589782714844,35.90999984741211,41.29999923706055,35.630001068115234,40.06999969482422,52830600
2022-02-24,38.89293670654297,39.939998626708984,40.04999923706055,31.549999237060547,31.809999465942383,68362100
2022-02-25,40.684715270996094,41.779998779296875,41.84000015258789,38.15999984741211,40.0,40949000
2022-02-28,39.93489456176758,41.0099983215332,42.22999954223633,38.560001373291016,40.20000076293945,43350600
2022-03-01,35.62103271484375,36.58000183105469,41.29999923706055,35.349998474121094,40.779998779296875,46635000
2022-03-02,39.0682258605957,40.119998931884766,40.880001068115234,37.22999954223633,37.470001220703125,41485400
2022-03-03,36.56559371948242,37.54999923706055,40.869998931884766,36.81999969482422,40.650001525878906,45902800
2022-03-04,33.85847854614258,34.77000045776367,37.41999816894531,33.36000061035156,36.630001068115234,46799000
2022-03-07,28.804540634155273,29.579999923706055,35.599998474121094,29.5,34.81999969482422,50665800
2022-03-08,30.34311866760254,31.15999984741211,34.34000015258789,28.479999542236328,29.670000076293945,68456500
2022-03-09,34.01428985595703,34.93000030517578,35.65999984741211,33.06999969482422,34.119998931884766,46482400
2022-03-10,31.891435623168945,32.75,33.20000076293945,30.799999237060547,33.06999969482422,43831500
2022-03-11,29.885438919067383,30.690000534057617,34.41999816894531,30.5,34.15999984741211,34118300
2022-03-14,27.178321838378906,27.90999984741211,30.850000381469727,27.299999237060547,30.010000228881836,49351500
2022-03-15,30.683944702148438,31.510000228881836,31.719999313354492,28.010000228881836,28.450000762939453,42082900
2022-03-16,35.3483772277832,36.29999923706055,36.400001525878906,32.060001373291016,33.040000915527344,55754000
2022-03-17,35.98133087158203,36.95000076293945,37.0,34.31999969482422,35.25,37147500
2022-03-18,38.14312744140625,39.16999816894531,39.66999816894531,35.599998474121094,36.61000061035156,39797700
2022-03-21,37.97758483886719,39.0,39.970001220703125,36.880001068115234,38.70000076293945,38312100
2022-03-22,38.559043884277344,39.59000015258789,41.02000045776367,38.630001068115234,38.790000915527344,34654100
2022-03-23,35.734554290771484,36.689998626708984,39.9900016784668,36.59000015258789,38.5099983215332,38313200
2022-03-24,40.99394226074219,42.09000015258789,42.25,37.29999923706055,37.81999969482422,44687200
2022-03-25,40.91602325439453,42.0099983215332,42.369998931884766,39.75,42.06999969482422,36316000
2022-03-28,41.5977897644043,42.709999084472656,42.810001373291016,39.31999969482422,41.20000076293945,35741000
2022-03-29,44.3930549621582,45.58000183105469,46.0,43.11000061035156,44.84000015258789,40148500
2022-03-30,40.27321243286133,41.349998474121094,45.20000076293945,40.68000030517578,44.709999084472656,38435700
2022-03-31,37.77013397216797,38.779998779296875,41.84000015258789,38.41999816894531,41.2599983215332,38547400
2022-04-01,35.34497833251953,36.290000915527344,39.33000183105469,34.619998931884766,39.06999969482422,57428500
2022-04-04,36.97148132324219,37.959999084472656,38.220001220703125,36.16999816894531,36.58000183105469,28200500
2022-04-05,32.023773193359375,32.880001068115234,37.2400016784668,32.529998779296875,37.09000015258789,57649600
2022-04-06,29.71549415588379,30.510000228881836,32.099998474121094,29.559999465942383,30.850000381469727,69146900
2022-04-07,29.71549415588379,30.510000228881836,31.420000076293945,28.65999984741211,30.25,55657300
2022-04-08,27.55330467224121,28.290000915527344,29.959999084472656,28.149999618530273,29.860000610351562,71608900
2022-04-11,25.80017852783203,26.489999771118164,27.709999084472656,26.34000015258789,27.040000915527344,60558200
2022-04-12,25.556684494018555,26.239999771118164,28.84000015258789,25.860000610351562,28.040000915527344,66793200
2022-04-13,27.300077438354492,28.030000686645508,28.540000915527344,26.309999465942383,26.770000457763672,50484000
2022-04-14,24.94309425354004,25.610000610351562,28.6200008392334,25.540000915527344,28.549999237060547,51193200
2022-04-18,26.277414321899414,26.979999542236328,27.670000076293945,25.15999984741211,25.260000228881836,49251700
2022-04-19,28.001327514648438,28.75,28.889999389648438,26.219999313354492,26.68000030517578,45358800
2022-04-20,27.757835388183594,28.5,30.850000381469727,28.239999771118164,30.06999969482422,51891900
2022-04-21,25.527467727661133,26.209999084472656,30.56999969482422,25.809999465942383,29.600000381469727,53808500
2022-04-22,23.81330108642578,24.450000762939453,26.559999465942383,24.3700008392334,26.100000381469727,57459200
2022-04-25,25.001529693603516,25.670000076293945,25.760000228881836,23.68000030517578,23.889999389648438,58210600
2022-04-26,21.845905303955078,22.43000030517578,24.899999618530273,22.350000381469727,24.709999084472656,55039200
2022-04-27,21.378400802612305,21.950000762939453,23.59000015258789,21.479999542236328,21.6200008392334,52406400
2022-04-28,24.91387176513672,25.579999923706055,26.299999237060547,22.399999618530273,23.200000762939453,63555800
2022-04-29,21.660850524902344,22.239999771118164,25.950000762939453,22.100000381469727,24.299999237060547,48104400
2022-05-02,23.86199378967285,24.5,24.549999237060547,21.809999465942383,22.3799991607666,57669900
2022-05-03,24.45611572265625,25.110000610351562,25.68000030517578,23.75,24.329999923706055,53115700
2022-05-04,27.290334701538086,28.020000457763672,28.139999389648438,23.299999237060547,25.690000534057617,77054200
2022-05-05,23.365280151367188,23.989999771118164,26.6200008392334,22.75,26.530000686645508,64302700
2022-05-06,22.741943359375,23.350000381469727,24.8700008392334,21.940000534057617,23.239999771118164,73607500
2022-05-09,19.20647621154785,19.719999313354492,22.600000381469727,19.31999969482422,21.81999969482422,72482100
2022-05-10,20.540796279907227,21.09000015258789,22.149999618530273,19.719999313354492,21.450000762939453,72934500
2022-05-11,18.651315689086914,19.149999618530273,22.0,18.969999313354492,20.530000686645508,76546000
2022-05-12,18.9045467376709,19.40999984741211,19.989999771118164,17.959999084472656,18.510000228881836,79889100
2022-05-13,21.904342651367188,22.489999771118164,22.90999984741211,20.18000030517578,20.56999969482422,65885900
2022-05-16,20.813505172729492,21.3700008392334,22.510000228881836,21.200000762939453,21.860000610351562,49300800
2022-05-17,23.93991470336914,24.579999923706055,24.739999771118164,22.84000015258789,23.079999923706055,65619700
2022-05-18,20.307048797607422,20.850000381469727,24.350000381469727,20.530000686645508,23.399999618530273,61497800
2022-05-19,19.975902557373047,20.510000228881836,22.040000915527344,19.899999618530273,20.549999237060547,62522000
2022-05-20,19.829809188842773,20.360000610351562,21.649999618530273,17.65999984741211,21.540000915527344,86718200
2022-05-23,20.0927734375,20.6299991607666,20.829999923706055,19.450000762939453,19.93000030517578,54498700
2022-05-24,18.60262107849121,19.100000381469727,19.8799991607666,18.440000534057617,19.690000534057617,57291400
2022-05-25,19.664234161376953,20.190000534057617,20.719999313354492,18.719999313354492,18.729999542236328,54536300
2022-05-26,21.953039169311523,22.540000915527344,22.829999923706055,19.479999542236328,19.610000610351562,60520000
2022-05-27,24.60220718383789,25.260000228881836,25.440000534057617,23.59000015258789,23.600000381469727,54680400
2022-05-31,24.212623596191406,24.860000610351562,25.600000381469727,23.75,25.139999389648438,48671900
2022-06-01,23.092571258544922,23.709999084472656,25.719999313354492,22.709999084472656,25.34000015258789,52378500
2022-06-02,25.517732620239258,26.200000762939453,26.280000686645508,23.299999237060547,23.399999618530273,49439000
2022-06-03,23.306842803955078,23.93000030517578,24.950000762939453,23.5,24.549999237060547,42093200
2022-06-06,23.287363052368164,23.90999984741211,25.579999923706055,23.479999542236328,25.25,40514000
2022-06-07,23.959394454956055,24.600000381469727,24.739999771118164,22.540000915527344,23.020000457763672,37067500
2022-06-08,22.31340217590332,22.90999984741211,24.459999084472656,22.420000076293945,24.15999984741211,38501600
2022-06-09,20.540796279907227,21.09000015258789,23.559999465942383,21.030000686645508,22.389999389648438,37937200
2022-06-10,18.320171356201172,18.809999465942383,20.510000228881836,18.65999984741211,19.979999542236328,58924000
2022-06-13,15.145065307617188,15.550000190734863,17.40999984741211,15.34000015258789,16.93000030517578,77061300
2022-06-14,15.34959602355957,15.760000228881836,16.219999313354492,15.210000038146973,16.010000228881836,52253400
2022-06-15,16.177461624145508,16.610000610351562,17.43000030517578,15.470000267028809,16.350000381469727,77001800
2022-06-16,13.216625213623047,13.569999694824219,15.1899995803833,12.989999771118164,15.140000343322754,90753100
2022-06-17,13.343238830566406,13.699999809265137,14.020000457763672,12.779999732971191,13.649999618530273,64012800
2022-06-21,14.414592742919922,14.800000190734863,15.430000305175781,14.489999771118164,14.539999961853027,57522800
2022-06-22,13.935765266418457,14.289999961853027,14.970000267028809,13.9399995803833,14.039999961853027,49362200
2022-06-23,13.662708282470703,14.010000228881836,14.59000015258789,13.34000015258789,14.579999923706055,47625300
2022-06-24,15.418086051940918,15.8100004196167,15.850000381469727,14.569999694824219,14.640000343322754,60548200
2022-06-27,15.408334732055664,15.800000190734863,16.459999084472656,15.369999885559082,16.309999465942383,43426900
2022-06-28,14.199073791503906,14.5600004196167,16.579999923706055,14.520000457763672,16.0,56957600
2022-06-29,13.214109420776367,13.550000190734863,14.039999961853027,13.029999732971191,14.0,61516700
2022-06-30,12.77526569366455,13.100000381469727,13.829999923706055,12.380000114440918,13.029999732971191,70274900
2022-07-01,11.31244945526123,11.600000381469727,12.600000381469727,11.130000114440918,12.489999771118164,92067100
2022-07-05,11.556252479553223,11.850000381469727,11.899999618530273,10.529999732971191,10.739999771118164,82942200
2022-07-06,11.790302276611328,12.09000015258789,12.5,11.520000457763672,11.920000076293945,77177800
2022-07-07,13.37014389038086,13.710000038146973,13.890000343322754,12.90999984741211,12.90999984741211,75926300
2022-07-08,13.565185546875,13.90999984741211,14.170000076293945,12.960000038146973,13.130000114440918,77437200
2022-07-11,12.589973449707031,12.90999984741211,13.449999809265137,12.649999618530273,13.25,52520600
2022-07-12,12.64848804473877,12.970000267028809,13.449999809265137,12.720000267028809,13.180000305175781,53368400
2022-07-13,12.960554122924805,13.289999961853027,13.5600004196167,12.130000114440918,12.180000305175781,70014100
2022-07-14,13.721219062805176,14.069999694824219,14.260000228881836,12.539999961853027,13.170000076293945,78227900
2022-07-15,14.735438346862793,15.109999656677246,15.149999618530273,14.039999961853027,14.75,74112400
2022-07-18,14.550148010253906,14.920000076293945,16.18000030517578,14.630000114440918,15.829999923706055,83926600
2022-07-19,16.529827117919922,16.950000762939453,17.170000076293945,15.5,15.609999656677246,78348500
2022-07-20,17.748842239379883,18.200000762939453,18.440000534057617,16.5,16.829999923706055,85890600
2022-07-21,18.626529693603516,19.100000381469727,19.1200008392334,17.68000030517578,18.520000457763672,80210800
2022-07-22,17.212474822998047,17.649999618530273,18.90999984741211,17.149999618530273,18.84000015258789,65689500
2022-07-25,16.87114906311035,17.299999237060547,17.3700008392334,16.43000030517578,17.229999542236328,43336800
2022-07-26,16.02271842956543,16.43000030517578,17.239999771118164,16.25,16.93000030517578,48959700
2022-07-27,18.265703201293945,18.729999542236328,19.1200008392334,17.170000076293945,17.31999969482422,78797600
2022-07-28,18.88983726501465,19.3700008392334,19.520000457763672,17.579999923706055,18.860000610351562,69548100
2022-07-29,19.33843421936035,19.829999923706055,19.989999771118164,18.31999969482422,18.56999969482422,61313500
2022-08-01,19.51397132873535,20.010000228881836,20.610000610351562,19.030000686645508,19.40999984741211,61205100
2022-08-02,19.42620086669922,19.920000076293945,20.8700008392334,19.110000610351562,19.43000030517578,60816500
2022-08-03,21.015796661376953,21.549999237060547,21.719999313354492,19.8700008392334,19.979999542236328,57214600
2022-08-04,21.522905349731445,22.06999969482422,22.270000457763672,21.219999313354492,21.469999313354492,56294600
2022-08-05,21.025550842285156,21.559999465942383,22.1200008392334,20.56999969482422,20.959999084472656,60067800
2022-08-08,20.030834197998047,20.540000915527344,21.389999389648438,19.56999969482422,20.649999618530273,59477700
2022-08-09,17.251483917236328,17.690000534057617,19.229999542236328,16.90999984741211,19.229999542236328,65153600
2022-08-10,19.416452407836914,19.90999984741211,20.020000457763672,18.389999389648438,19.079999923706055,69125300
2022-08-11,19.289674758911133,19.780000686645508,21.600000381469727,19.68000030517578,20.469999313354492,70069200
2022-08-12,21.06456184387207,21.600000381469727,21.719999313354492,19.979999542236328,20.239999771118164,57238400
2022-08-15,21.24009895324707,21.780000686645508,21.969999313354492,20.799999237060547,21.239999771118164,48991600
2022-08-16,20.61595916748047,21.139999389648438,21.739999771118164,20.389999389648438,21.479999542236328,48777200
2022-08-17,19.065372467041016,19.549999237060547,20.200000762939453,18.709999084472656,20.18000030517578,67988800
2022-08-18,20.372159957885742,20.889999389648438,21.360000610351562,19.5,19.719999313354492,50790800
2022-08-19,18.694795608520508,19.170000076293945,20.3799991607666,18.889999389648438,20.059999465942383,49700800
2022-08-22,16.617595672607422,17.040000915527344,18.149999618530273,16.770000457763672,18.100000381469727,51389400
2022-08-23,16.900409698486328,17.329999923706055,18.059999465942383,17.010000228881836,17.079999923706055,49723200
2022-08-24,16.978424072265625,17.40999984741211,17.59000015258789,16.770000457763672,17.25,42087500
2022-08-25,18.841073989868164,19.31999969482422,19.3799991607666,17.420000076293945,17.459999084472656,58659800
2022-08-26,15.583873748779297,15.979999542236328,19.329999923706055,15.949999809265137,19.25,84676900
2022-08-29,14.67692756652832,15.050000190734863,16.049999237060547,14.949999809265137,15.479999542236328,61062700
2022-08-30,14.111305236816406,14.470000267028809,15.569999694824219,13.960000038146973,15.5,77063100
2022-08-31,13.691963195800781,14.039999961853027,14.699999809265137,13.65999984741211,14.6899995803833,86870500
2022-09-01,12.892291069030762,13.220000267028809,13.260000228881836,11.970000267028809,13.029999732971191,113345600
2022-09-02,12.541215896606445,12.859999656677246,14.140000343322754,12.630000114440918,13.84000015258789,100737200
2022-09-06,12.112119674682617,12.420000076293945,13.029999732971191,12.069999694824219,12.90999984741211,79919100
2022-09-07,12.667991638183594,12.989999771118164,13.319999694824219,12.229999542236328,12.420000076293945,79632700
2022-09-08,13.311630249023438,13.649999618530273,13.800000190734863,12.369999885559082,12.640000343322754,103258300
2022-09-09,14.28684139251709,14.649999618530273,14.850000381469727,14.1899995803833,14.260000228881836,81908900
2022-09-12,14.413619041442871,14.779999732971191,15.050000190734863,14.300000190734863,14.829999923706055,67153300
2022-09-13,11.790302276611328,12.09000015258789,13.489999771118164,11.949999809265137,13.149999618530273,85975600
2022-09-14,12.151129722595215,12.460000038146973,12.739999771118164,11.9399995803833,12.279999732971191,65846900
2022-09-15,11.614763259887695,11.90999984741211,12.670000076293945,11.59000015258789,12.229999542236328,94630600
2022-09-16,11.76104736328125,12.0600004196167,12.100000381469727,11.180000305175781,11.470000267028809,87622100
2022-09-19,11.956087112426758,12.260000228881836,12.4399995803833,11.569999694824219,11.619999885559082,75532200
2022-09-20,11.44731616973877,11.699999809265137,12.039999961853027,11.430000305175781,11.850000381469727,70577400
2022-09-21,11.153797149658203,11.399999618530273,12.920000076293945,11.380000114440918,11.760000228881836,125021300
2022-09-22,10.283018112182617,10.510000228881836,11.319999694824219,10.25,11.170000076293945,112096100
2022-09-23,9.813384056091309,10.029999732971191,10.140000343322754,9.449999809265137,10.069999694824219,120047000
2022-09-26,9.343750953674316,9.550000190734863,10.359999656677246,9.5,9.90999984741211,96464800
2022-09-27,9.598135948181152,9.8100004196167,10.279999732971191,9.390000343322754,10.039999961853027,115839400
2022-09-28,9.950358390808105,10.170000076293945,10.350000381469727,9.449999809265137,9.569999694824219,119412700
2022-09-29,9.089366912841797,9.289999961853027,9.739999771118164,8.800000190734863,9.699999809265137,128122600
2022-09-30,8.668652534484863,8.859999656677246,9.609999656677246,8.739999771118164,8.899999618530273,109534300
2022-10-03,9.490510940551758,9.699999809265137,10.0,8.880000114440918,9.09000015258789,126786100
2022-10-04,10.801570892333984,11.039999961853027,11.100000381469727,10.539999961853027,10.579999923706055,114533100
2022-10-05,11.17336368560791,11.420000076293945,11.65999984741211,10.210000038146973,10.529999732971191,110030200
2022-10-06,10.948331832885742,11.1899995803833,11.920000076293945,11.050000190734863,11.289999961853027,117138000
2022-10-07,9.01109504699707,9.210000038146973,10.279999732971191,9.0,10.180000305175781,134873300
2022-10-10,8.101179122924805,8.279999732971191,9.09000015258789,7.860000133514404,9.069999694824219,163448700
2022-10-11,7.4065117835998535,7.570000171661377,8.020000457763672,7.199999809265137,7.809999942779541,186475200
2022-10-12,7.181480407714844,7.340000152587891,7.619999885559082,7.230000019073486,7.489999771118164,110516500
2022-10-13,7.827225685119629,8.0,8.359999656677246,6.210000038146973,6.420000076293945,284532700
2022-10-14,6.780333995819092,6.929999828338623,8.270000457763672,6.869999885559082,8.260000228881836,177216100
2022-10-17,7.171695232391357,7.329999923706055,7.670000076293945,7.199999809265137,7.46999979019165,113321500
2022-10-18,7.240183353424072,7.400000095367432,8.210000038146973,7.039999961853027,8.039999961853027,185506400
2022-10-19,7.4065117835998535,7.570000171661377,7.800000190734863,7.199999809265137,7.269999980926514,134272400
2022-10-20,7.53370475769043,7.699999809265137,8.420000076293945,7.590000152587891,7.699999809265137,170614600
2022-10-21,8.39470100402832,8.579999923706055,8.640000343322754,7.550000190734863,7.650000095367432,178616600
2022-10-24,8.492541313171387,8.680000305175781,8.8100004196167,8.079999923706055,8.640000343322754,147205700
2022-10-25,9.060013771057129,9.260000228881836,9.470000267028809,8.75,8.800000190734863,127146900
2022-10-26,8.815413475036621,9.010000228881836,9.670000076293945,8.550000190734863,8.739999771118164,143571600
2022-10-27,8.335997581481934,8.520000457763672,9.4399995803833,8.479999542236328,9.15999984741211,129662300
2022-10-28,9.294829368591309,9.5,9.5600004196167,8.489999771118164,8.5600004196167,129291600
2022-10-31,8.72735595703125,8.920000076293945,9.350000381469727,8.75,9.300000190734863,118351000
2022-11-01,8.903470993041992,9.100000381469727,9.520000457763672,8.9399995803833,9.40999984741211,108638200
2022-11-02,8.062042236328125,8.239999771118164,9.770000457763672,8.199999809265137,9.270000457763672,174985600
2022-11-03,7.719601154327393,7.889999866485596,8.289999961853027,7.53000020980835,7.78000020980835,135668700
2022-11-04,8.795844078063965,8.989999771118164,9.0600004196167,8.420000076293945,8.720000267028809,173041700
2022-11-07,9.382887840270996,9.59000015258789,9.6899995803833,8.880000114440918,9.270000457763672,105846700
2022-11-08,9.950358390808105,10.170000076293945,10.5600004196167,9.609999656677246,10.109999656677246,147373300
2022-11-09,9.040445327758789,9.239999771118164,9.819999694824219,9.180000305175781,9.739999771118164,107444900
2022-11-10,11.819109916687012,12.079999923706055,12.170000076293945,10.5600004196167,10.800000190734863,196270300
2022-11-11,12.934490203857422,13.220000267028809,13.40999984741211,11.829999923706055,12.279999732971191,166468400
2022-11-14,12.494210243225098,12.770000457763672,13.510000228881836,12.729999542236328,12.989999771118164,108739600
2022-11-15,13.570451736450195,13.869999885559082,14.4399995803833,13.3100004196167,14.34000015258789,159797700
2022-11-16,11.86803150177002,12.130000114440918,12.989999771118164,11.869999885559082,12.930000305175781,112310400
2022-11-17,12.102848052978516,12.369999885559082,12.579999923706055,11.3100004196167,11.34000015258789,128795400
2022-11-18,12.220254898071289,12.489999771118164,13.029999732971191,12.069999694824219,12.989999771118164,117064100
2022-11-21,11.633213996887207,11.890000343322754,12.199999809265137,11.739999771118164,12.069999694824219,84238200
2022-11-22,12.621399879455566,12.899999618530273,12.9399995803833,11.850000381469727,12.140000343322754,86949600
2022-11-23,13.032330513000488,13.319999694824219,13.75,12.84000015258789,12.899999618530273,113790600
2022-11-25,12.582265853881836,12.859999656677246,13.260000228881836,12.829999923706055,13.130000114440918,41754500
2022-11-28,11.584293365478516,11.84000015258789,12.760000228881836,11.600000381469727,12.359999656677246,87803100
2022-11-29,11.476670265197754,11.729999542236328,12.180000305175781,11.5,11.949999809265137,75056000
2022-11-30,13.521531105041504,13.819999694824219,13.850000381469727,11.520000457763672,11.84000015258789,133385800
2022-12-01,13.208443641662598,13.5,14.130000114440918,12.9399995803833,14.09000015258789,112133900
2022-12-02,12.74859619140625,13.029999732971191,13.130000114440918,12.300000190734863,12.489999771118164,98017700
2022-12-05,12.318097114562988,12.59000015258789,13.15999984741211,12.199999809265137,12.800000190734863,71095100
2022-12-06,11.466885566711426,11.720000267028809,12.600000381469727,11.380000114440918,12.539999961853027,86923400
2022-12-07,11.44731616973877,11.699999809265137,11.930000305175781,11.329999923706055,11.40999984741211,86276700
2022-12-08,12.34744930267334,12.619999885559082,12.720000267028809,11.649999618530273,11.890000343322754,101888300
2022-12-09,12.053926467895508,12.319999694824219,12.989999771118164,12.180000305175781,12.489999771118164,88787400
2022-12-12,12.699673652648926,12.979999542236328,13.010000228881836,11.9399995803833,12.140000343322754,73482200
2022-12-13,13.335637092590332,13.630000114440918,14.90999984741211,13.140000343322754,14.720000267028809,180078900
2022-12-14,12.719243049621582,13.0,14.029999732971191,12.539999961853027,13.510000228881836,139612300
2022-12-15,11.153797149658203,11.399999618530273,12.380000114440918,11.319999694824219,12.229999542236328,107181700
2022-12-16,10.870059967041016,11.109999656677246,11.479999542236328,10.770000457763672,11.199999809265137,88813800
2022-12-19,10.45913028717041,10.6899995803833,11.149999618530273,10.350000381469727,11.119999885559082,82876800
2022-12-20,10.22150993347168,10.40999984741211,10.75,10.15999984741211,10.25,88304000
2022-12-21,10.938295364379883,11.140000343322754,11.270000457763672,10.600000381469727,10.630000114440918,83240400
2022-12-22,9.602920532226562,9.779999732971191,10.5600004196167,9.109999656677246,10.539999961853027,135617300
2022-12-23,9.593100547790527,9.770000457763672,9.8100004196167,9.229999542236328,9.59000015258789,92378600
2022-12-27,9.102153778076172,9.270000457763672,9.59000015258789,9.130000114440918,9.579999923706055,78142100
2022-12-28,8.699576377868652,8.859999656677246,9.430000305175781,8.739999771118164,9.100000381469727,83917300
2022-12-29,9.494911193847656,9.670000076293945,9.829999923706055,9.180000305175781,9.279999732971191,90966000
2022-12-30,9.494911193847656,9.670000076293945,9.699999809265137,9.0600004196167,9.270000457763672,64369800
