Price,Adj Close,Close,High,Low,Open,Volume
Ticker,SPY,SPY,SPY,SPY,SPY,SPY
Date,,,,,,
2014-01-02,150.28355407714844,182.9199981689453,184.07000732421875,182.47999572753906,183.97999572753906,119636900
2014-01-03,150.2589111328125,182.88999938964844,183.60000610351562,182.6300048828125,183.22999572753906,81390600
2014-01-06,149.8234100341797,182.36000061035156,183.55999755859375,182.0800018310547,183.49000549316406,108028200
2014-01-07,150.74359130859375,183.47999572753906,183.7899932861328,182.9499969482422,183.08999633789062,86144200
2014-01-08,150.7764892578125,183.52000427246094,183.8300018310547,182.88999938964844,183.4499969482422,96582300
2014-01-09,150.8750762939453,183.63999938964844,184.1300048828125,182.8000030517578,184.11000061035156,90683400
2014-01-10,151.28587341308594,184.13999938964844,184.22000122070312,183.00999450683594,183.9499969482422,102026400
2014-01-13,149.2729949951172,181.69000244140625,184.17999267578125,181.33999633789062,183.6699981689453,149892000
2014-01-14,150.89974975585938,183.6699981689453,183.77000427246094,181.9499969482422,182.2899932861328,105016100
2014-01-15,151.7130584716797,184.66000366210938,184.94000244140625,183.7100067138672,184.10000610351562,98525800
2014-01-16,151.51593017578125,184.4199981689453,184.66000366210938,183.8300018310547,184.27999877929688,72290600
2014-01-17,150.8750762939453,183.63999938964844,184.4499969482422,183.32000732421875,184.10000610351562,107848700
2014-01-21,151.31874084472656,184.17999267578125,184.77000427246094,183.0500030517578,184.6999969482422,88621200
2014-01-22,151.4172821044922,184.3000030517578,184.57000732421875,183.91000366210938,184.49000549316406,61270900
2014-01-23,150.17665100097656,182.7899932861328,183.39999389648438,181.82000732421875,183.3699951171875,132496900
2014-01-24,146.97254943847656,178.88999938964844,181.66000366210938,178.8300018310547,181.60000610351562,208677100
2014-01-27,146.24952697753906,178.00999450683594,179.52000427246094,177.1199951171875,179.05999755859375,180843100
2014-01-28,147.12042236328125,179.07000732421875,179.3000030517578,178.1199951171875,178.13999938964844,110463200
2014-01-29,145.7073516845703,177.35000610351562,178.5500030517578,176.8800048828125,177.5800018310547,216597300
2014-01-30,147.25186157226562,179.22999572753906,179.80999755859375,178.25999450683594,178.8300018310547,118938100
2014-01-31,146.3892059326172,178.17999267578125,179.2899932861328,176.9199981689453,177.00999450683594,194677900
2014-02-03,143.09474182128906,174.1699981689453,178.3699951171875,173.8300018310547,177.97000122070312,254837100
2014-02-04,144.0970458984375,175.38999938964844,175.83999633789062,174.11000061035156,174.9499969482422,165012400
2014-02-05,143.91629028320312,175.1699981689453,175.55999755859375,173.7100067138672,174.77999877929688,164230500
2014-02-06,145.8141632080078,177.47999572753906,177.47999572753906,175.22000122070312,175.5800018310547,132877600
2014-02-07,147.62164306640625,179.67999267578125,179.8699951171875,177.72999572753906,178.30999755859375,170787200
2014-02-10,147.89273071289062,180.00999450683594,180.07000732421875,179.2100067138672,179.6999969482422,92218800
2014-02-11,149.51119995117188,181.97999572753906,182.44000244140625,180.0399932861328,180.16000366210938,117814100
2014-02-12,149.585205078125,182.07000732421875,182.8300018310547,181.7100067138672,182.25,94717700
2014-02-13,150.35745239257812,183.00999450683594,183.1999969482422,180.8300018310547,180.83999633789062,100542200
2014-02-14,151.1873016357422,184.02000427246094,184.36000061035156,182.6699981689453,182.83999633789062,96498400
2014-02-18,151.3679962158203,184.24000549316406,184.49000549316406,183.64999389648438,184.17999267578125,80460900
2014-02-19,150.36570739746094,183.02000427246094,184.9499969482422,182.8699951171875,183.75999450683594,126524300
2014-02-20,151.25296020507812,184.10000610351562,184.52000427246094,182.60000610351562,183.27000427246094,104998100
2014-02-21,151.08041381835938,183.88999938964844,184.88999938964844,183.8000030517578,184.4499969482422,118116400
2014-02-24,151.9185028076172,184.91000366210938,186.14999389648438,184.1999969482422,184.27999877929688,114063900
2014-02-25,151.86097717285156,184.83999633789062,185.58999633789062,184.22999572753906,185.05999755859375,117085000
2014-02-26,151.86917114257812,184.85000610351562,185.60000610351562,184.3300018310547,185.11000061035156,98677200
2014-02-27,152.66615295410156,185.82000732421875,185.8699951171875,184.3699951171875,184.5800018310547,93880800
2014-02-28,153.05221557617188,186.2899932861328,187.14999389648438,185.0500030517578,185.7899932861328,150842000
2014-03-03,151.9759521484375,184.97999572753906,185.4499969482422,183.75,184.64999389648438,167748500
2014-03-04,154.1121063232422,187.5800018310547,187.97999572753906,186.75,186.7899932861328,167545900
2014-03-05,154.2517547607422,187.75,188.07000732421875,187.4499969482422,187.74000549316406,88376900
2014-03-06,154.60504150390625,188.17999267578125,188.61000061035156,187.77999877929688,188.2100067138672,82516500
2014-03-07,154.67079162597656,188.25999450683594,188.9600067138672,187.42999267578125,188.9600067138672,114513500
2014-03-10,154.58860778808594,188.16000366210938,188.22999572753906,187.0800018310547,187.97000122070312,74939200
2014-03-11,153.8245086669922,187.22999572753906,188.7100067138672,186.8000030517578,188.44000244140625,99009100
2014-03-12,153.86561584472656,187.27999877929688,187.35000610351562,185.89999389648438,186.32000732421875,104824400
2014-03-13,152.14027404785156,185.17999267578125,187.99000549316406,184.66000366210938,187.83999633789062,155014300
2014-03-14,151.7130584716797,184.66000366210938,185.8000030517578,184.44000244140625,184.85000610351562,153919600
2014-03-17,153.08517456054688,186.3300018310547,186.77000427246094,185.50999450683594,185.58999633789062,98359500
2014-03-18,154.1778106689453,187.66000366210938,187.91000366210938,186.50999450683594,186.7100067138672,101804600
2014-03-19,153.35626220703125,186.66000366210938,187.94000244140625,185.47000122070312,187.67999267578125,176267300
2014-03-20,154.2517547607422,187.75,187.88999938964844,185.9199981689453,186.25,117241000
2014-03-21,153.6534423828125,186.1999969482422,189.02000427246094,186.02999877929688,187.7100067138672,163128000
2014-03-24,153.01808166503906,185.42999267578125,187.07000732421875,184.6199951171875,186.83999633789062,121411000
2014-03-25,153.7442626953125,186.30999755859375,186.94000244140625,185.27000427246094,186.3699951171875,103852000
2014-03-26,152.63853454589844,184.97000122070312,187.33999633789062,184.9199981689453,187.0399932861328,119843000
2014-03-27,152.31663513183594,184.5800018310547,185.33999633789062,183.89999389648438,184.75,142383000
2014-03-28,153.06761169433594,185.49000549316406,186.4199981689453,185.0,185.11000061035156,101642000
2014-03-31,154.32188415527344,187.00999450683594,187.3000030517578,185.52000427246094,186.6699981689453,99745000
2014-04-01,155.34512329101562,188.25,188.36000061035156,187.0,187.6199951171875,89193000
2014-04-02,155.86502075195312,188.8800048828125,189.1300048828125,188.13999938964844,188.49000549316406,78774000
2014-04-03,155.6587371826172,188.6300048828125,189.22000122070312,188.0500030517578,189.1699981689453,77435000
2014-04-04,153.81845092773438,186.39999389648438,189.6999969482422,186.10000610351562,189.66000366210938,169381000
2014-04-07,152.1186065673828,184.33999633789062,186.25999450683594,183.9600067138672,185.9499969482422,140803000
2014-04-08,152.74575805664062,185.10000610351562,185.39999389648438,183.58999633789062,184.25999450683594,112660000
2014-04-09,154.38792419433594,187.08999633789062,187.14999389648438,185.05999755859375,185.60000610351562,100254000
2014-04-10,151.14488220214844,183.16000366210938,187.1699981689453,182.92999267578125,187.0800018310547,172959000
2014-04-11,149.7832489013672,181.50999450683594,183.4199981689453,181.30999755859375,182.13999938964844,167251000
2014-04-14,150.96331787109375,182.94000244140625,183.3699951171875,181.44000244140625,182.92999267578125,132382000
2014-04-15,152.00306701660156,184.1999969482422,184.3300018310547,181.50999450683594,183.32000732421875,157093000
2014-04-16,153.595703125,186.1300048828125,186.13999938964844,184.64999389648438,185.47000122070312,105197000
2014-04-17,153.81024169921875,186.38999938964844,186.91000366210938,185.55999755859375,185.8800048828125,105255000
2014-04-21,154.34661865234375,187.0399932861328,187.10000610351562,186.2100067138672,186.44000244140625,68329000
2014-04-22,155.04803466796875,187.88999938964844,188.39999389648438,187.1300048828125,187.22999572753906,85790000
2014-04-23,154.68502807617188,187.4499969482422,187.9199981689453,187.3000030517578,187.82000732421875,73869000
2014-04-24,154.99856567382812,187.8300018310547,188.38999938964844,186.92999267578125,188.3699951171875,88170000
2014-04-25,153.72776794433594,186.2899932861328,187.3300018310547,185.8699951171875,187.22000122070312,100380000
2014-04-28,154.21463012695312,186.8800048828125,187.69000244140625,184.9600067138672,187.0500030517578,135121000
2014-04-29,154.93252563476562,187.75,188.0399932861328,187.0800018310547,187.47999572753906,84098000
2014-04-30,155.3946990966797,188.30999755859375,188.5,187.17999267578125,187.44000244140625,101508000
2014-05-01,155.4111785888672,188.3300018310547,188.83999633789062,187.72999572753906,188.22000122070312,93019000
2014-05-02,155.18838500976562,188.05999755859375,189.13999938964844,187.77999877929688,188.30999755859375,98122000
2014-05-05,155.4854278564453,188.4199981689453,188.5500030517578,186.6199951171875,187.13999938964844,75883000
2014-05-06,154.13214111328125,186.77999877929688,188.1300048828125,186.74000549316406,188.0,85454000
2014-05-07,155.03981018066406,187.8800048828125,187.97000122070312,186.00999450683594,187.41000366210938,106500000
2014-05-08,154.874755859375,187.67999267578125,189.0500030517578,187.0800018310547,187.7100067138672,93618000
2014-05-09,155.10585021972656,187.9600067138672,188.0399932861328,186.8300018310547,187.7100067138672,83679000
2014-05-12,156.61598205566406,189.7899932861328,189.8800048828125,188.0,188.8000030517578,86940000
2014-05-13,156.75624084472656,189.9600067138672,190.4199981689453,189.77000427246094,190.0399932861328,66454000
2014-05-14,156.0135498046875,189.05999755859375,189.8800048828125,188.7899932861328,189.7899932861328,72367000
2014-05-15,154.64370727539062,187.39999389648438,188.72000122070312,186.47999572753906,188.67999267578125,154956000
2014-05-16,155.18008422851562,188.0500030517578,188.1300048828125,186.72000122070312,187.50999450683594,97458000
2014-05-19,155.74952697753906,188.74000549316406,188.88999938964844,187.52000427246094,187.69000244140625,63839000
2014-05-20,154.7675018310547,187.5500030517578,188.6699981689453,187.07000732421875,188.64999389648438,111644000
2014-05-21,156.07130432128906,189.1300048828125,189.22000122070312,188.05999755859375,188.08999633789062,89093000
2014-05-22,156.45095825195312,189.58999633789062,189.97999572753906,188.86000061035156,189.17999267578125,61549000
2014-05-23,157.07810974121094,190.35000610351562,190.47999572753906,189.58999633789062,189.75999450683594,61092800
2014-05-27,158.04359436035156,191.52000427246094,191.5800018310547,190.9499969482422,191.05999755859375,72010000
2014-05-28,157.92800903320312,191.3800048828125,191.82000732421875,191.05999755859375,191.52000427246094,66723000
2014-05-29,158.74502563476562,192.3699951171875,192.39999389648438,191.3300018310547,191.82000732421875,64377000
2014-05-30,159.0008087158203,192.67999267578125,192.8000030517578,192.02999877929688,192.19000244140625,76316000
2014-06-02,159.18238830566406,192.89999389648438,192.99000549316406,191.97000122070312,192.9499969482422,64656000
2014-06-03,159.0998077392578,192.8000030517578,192.89999389648438,192.25,192.42999267578125,65047000
2014-06-04,159.4216766357422,193.19000244140625,193.3000030517578,192.27000427246094,192.47000122070312,55529000
2014-06-05,160.46145629882812,194.4499969482422,194.64999389648438,192.6999969482422,193.41000366210938,92103000
2014-06-06,161.22885131835938,195.3800048828125,195.42999267578125,194.77999877929688,194.8699951171875,78696000
2014-06-09,161.39390563964844,195.5800018310547,196.0500030517578,195.1699981689453,195.35000610351562,65119000
2014-06-10,161.41041564941406,195.60000610351562,195.63999938964844,194.9199981689453,195.33999633789062,57129000
2014-06-11,160.84927368164062,194.9199981689453,195.1199951171875,194.47999572753906,194.89999389648438,68772000
2014-06-12,159.71044921875,193.5399932861328,194.8000030517578,193.11000061035156,194.69000244140625,106350000
2014-06-13,160.19740295410156,194.1300048828125,194.32000732421875,193.3000030517578,193.9199981689453,82017000
2014-06-16,160.329345703125,194.2899932861328,194.6999969482422,193.66000366210938,193.88999938964844,87424000
2014-06-17,160.77496337890625,194.8300018310547,194.97000122070312,193.80999755859375,194.02000427246094,84834000
2014-06-18,161.95506286621094,196.25999450683594,196.3699951171875,194.39999389648438,194.8300018310547,105267000
2014-06-19,162.13662719726562,196.47999572753906,196.60000610351562,195.8000030517578,196.42999267578125,85929000
2014-06-20,162.46575927734375,195.94000244140625,196.10000610351562,195.6999969482422,196.02999877929688,100587000
2014-06-23,162.416015625,195.8800048828125,196.0500030517578,195.52000427246094,195.99000549316406,70611000
2014-06-24,161.43759155273438,194.6999969482422,196.5,194.47999572753906,195.52999877929688,96237000
2014-06-25,162.16725158691406,195.5800018310547,195.77999877929688,194.25,194.2899932861328,82782000
2014-06-26,162.0511474609375,195.44000244140625,195.6300048828125,194.1300048828125,195.61000061035156,84312000
2014-06-27,162.36624145507812,195.82000732421875,195.8800048828125,194.88999938964844,194.97999572753906,71445100
2014-06-30,162.2833709716797,195.72000122070312,196.1699981689453,195.52999877929688,195.6999969482422,70201200
2014-07-01,163.36961364746094,197.02999877929688,197.6300048828125,196.1300048828125,196.1999969482422,90470000
2014-07-02,163.53536987304688,197.22999572753906,197.47999572753906,196.9600067138672,197.0500030517578,52475000
2014-07-03,164.3396759033203,198.1999969482422,198.2899932861328,197.63999938964844,197.7899932861328,52938800
2014-07-07,163.76756286621094,197.50999450683594,197.97999572753906,197.22000122070312,197.82000732421875,61696000
2014-07-08,162.71444702148438,196.24000549316406,197.22000122070312,195.75999450683594,197.14999389648438,108143000
2014-07-09,163.4441680908203,197.1199951171875,197.3000030517578,196.30999755859375,196.72999572753906,72992000
2014-07-10,162.79739379882812,196.33999633789062,196.86000061035156,195.05999755859375,195.22000122070312,99040000
2014-07-11,163.02133178710938,196.61000061035156,196.75,195.77999877929688,196.22000122070312,64243000
2014-07-14,163.84219360351562,197.60000610351562,197.86000061035156,197.44000244140625,197.61000061035156,58658000
2014-07-15,163.53536987304688,197.22999572753906,198.10000610351562,196.36000061035156,197.72000122070312,111307000
2014-07-16,164.14068603515625,197.9600067138672,198.25999450683594,197.4199981689453,198.11000061035156,79986400
2014-07-17,162.27505493164062,195.7100067138672,198.10000610351562,195.42999267578125,197.35000610351562,145398000
2014-07-18,163.9333953857422,197.7100067138672,197.91000366210938,196.24000549316406,196.35000610351562,124330000
2014-07-21,163.62661743164062,197.33999633789062,197.5,196.42999267578125,197.08999633789062,67592000
2014-07-22,164.3396759033203,198.1999969482422,198.55999755859375,197.8699951171875,198.00999450683594,67678000
2014-07-23,164.70458984375,198.63999938964844,198.85000610351562,198.10000610351562,198.5,65612000
2014-07-24,164.71279907226562,198.64999389648438,199.05999755859375,198.4499969482422,198.8300018310547,56888000
2014-07-25,163.9416961669922,197.72000122070312,198.25999450683594,197.3300018310547,198.08999633789062,76837000
2014-07-28,164.00807189941406,197.8000030517578,198.08999633789062,196.6199951171875,197.75999450683594,69259000
2014-07-29,163.30320739746094,196.9499969482422,198.4499969482422,196.9199981689453,198.1699981689453,80466000
2014-07-30,163.32809448242188,196.97999572753906,197.91000366210938,196.16000366210938,197.64999389648438,104222000
2014-07-31,160.10264587402344,193.08999633789062,195.77999877929688,192.97000122070312,195.61000061035156,183479000
2014-08-01,159.61343383789062,192.5,193.75999450683594,191.57000732421875,192.55999755859375,189261000
2014-08-04,160.7659912109375,193.88999938964844,194.3000030517578,192.0500030517578,192.8699951171875,91340000
2014-08-05,159.20721435546875,192.00999450683594,193.60000610351562,191.30999755859375,193.10000610351562,152690000
2014-08-06,159.25692749023438,192.07000732421875,192.88999938964844,191.0800018310547,191.11000061035156,94818000
2014-08-07,158.39456176757812,191.02999877929688,193.1300048828125,190.5500030517578,192.94000244140625,135733000
2014-08-08,160.22703552246094,193.24000549316406,193.3699951171875,190.9499969482422,191.4600067138672,117014000
2014-08-11,160.6913604736328,193.8000030517578,194.66000366210938,193.7100067138672,193.97000122070312,74544000
2014-08-12,160.46749877929688,193.52999877929688,194.14999389648438,192.94000244140625,193.61000061035156,73632000
2014-08-13,161.5536651611328,194.83999633789062,195.05999755859375,193.9600067138672,194.2899932861328,69047000
2014-08-14,162.31655883789062,195.75999450683594,195.75999450683594,194.97999572753906,195.16000366210938,57371000
2014-08-15,162.2833709716797,195.72000122070312,196.64999389648438,194.30999755859375,196.47000122070312,139951000
2014-08-18,163.64317321777344,197.36000061035156,197.4499969482422,196.69000244140625,196.8000030517578,75424000
2014-08-19,164.49722290039062,198.38999938964844,198.5399932861328,197.44000244140625,197.83999633789062,59135000
2014-08-20,164.9367218017578,198.9199981689453,199.16000366210938,198.0800018310547,198.1199951171875,72763000
2014-08-21,165.41761779785156,199.5,199.75999450683594,198.92999267578125,199.08999633789062,67791000
2014-08-22,165.1605682373047,199.19000244140625,199.69000244140625,198.74000549316406,199.33999633789062,76107000
2014-08-25,165.9980010986328,200.1999969482422,200.58999633789062,199.14999389648438,200.13999938964844,63855000
2014-08-26,166.1057891845703,200.3300018310547,200.82000732421875,200.27999877929688,200.3300018310547,47298000
2014-08-27,166.0394287109375,200.25,200.57000732421875,199.94000244140625,200.42999267578125,47874000
2014-08-28,165.94827270507812,200.13999938964844,200.27000427246094,199.38999938964844,199.58999633789062,58330000
2014-08-29,166.4208984375,200.7100067138672,200.72999572753906,199.82000732421875,200.4499969482422,65907000
2014-09-02,166.33792114257812,200.61000061035156,201.0,199.86000061035156,200.97000122070312,72426000
2014-09-03,166.24679565429688,200.5,201.41000366210938,200.22000122070312,201.3800048828125,57462000
2014-09-04,166.00628662109375,200.2100067138672,201.5800018310547,199.66000366210938,200.83999633789062,85236000
2014-09-05,166.75254821777344,201.11000061035156,201.19000244140625,199.41000366210938,200.1699981689453,102177000
2014-09-08,166.3213348388672,200.58999633789062,201.2100067138672,200.0,200.9199981689453,64146000
2014-09-09,165.2683868408203,199.32000732421875,200.5500030517578,198.91000366210938,200.41000366210938,88591000
2014-09-10,165.89024353027344,200.07000732421875,200.1999969482422,198.77000427246094,199.42999267578125,67251000
2014-09-11,166.08091735839844,200.3000030517578,200.3300018310547,199.1199951171875,199.27000427246094,66774400
2014-09-12,165.11077880859375,199.1300048828125,200.1199951171875,198.55999755859375,200.10000610351562,117409300
2014-09-15,164.98641967773438,198.97999572753906,199.32000732421875,198.3800048828125,199.16000366210938,76401000
2014-09-16,166.2301483154297,200.47999572753906,200.83999633789062,198.5,198.61000061035156,116201000
2014-09-17,166.4540252685547,200.75,201.67999267578125,199.75,200.77000427246094,151266000
2014-09-18,167.34127807617188,201.82000732421875,201.85000610351562,201.10000610351562,201.36000061035156,94990000
2014-09-19,167.1905059814453,200.6999969482422,201.89999389648438,200.2899932861328,201.52000427246094,121649000
2014-09-22,165.8992156982422,199.14999389648438,200.3800048828125,198.72999572753906,200.35000610351562,125553000
2014-09-23,164.9495849609375,198.00999450683594,199.25999450683594,197.9499969482422,198.42999267578125,111393000
2014-09-24,166.24073791503906,199.55999755859375,199.69000244140625,197.52000427246094,198.0399932861328,107276000
2014-09-25,163.5583953857422,196.33999633789062,199.0500030517578,196.27000427246094,199.0399932861328,150300000
2014-09-26,164.8579864501953,197.89999389648438,198.38999938964844,196.4199981689453,196.6999969482422,103547000
2014-09-29,164.55807495117188,197.5399932861328,197.88999938964844,196.0500030517578,196.1999969482422,95112000
2014-09-30,164.12490844726562,197.02000427246094,198.3000030517578,196.61000061035156,197.69000244140625,131302000
2014-10-01,161.90069580078125,194.35000610351562,196.77000427246094,193.91000366210938,196.6999969482422,177798000
2014-10-02,161.92564392089844,194.3800048828125,195.05999755859375,192.35000610351562,194.17999267578125,157285000
2014-10-03,163.70835876464844,196.52000427246094,196.94000244140625,195.0800018310547,195.67999267578125,121569000
2014-10-06,163.5167999267578,196.2899932861328,197.60000610351562,195.5800018310547,197.33999633789062,104778000
2014-10-07,160.99267578125,193.25999450683594,195.72000122070312,193.22000122070312,195.27999877929688,147913000
2014-10-08,163.80831909179688,196.63999938964844,196.9199981689453,192.36000061035156,193.3699951171875,186461000
2014-10-09,160.55950927734375,192.74000549316406,196.60000610351562,192.5800018310547,196.3300018310547,210705000
2014-10-10,158.72683715820312,190.5399932861328,193.64999389648438,190.49000549316406,192.69000244140625,221909000
2014-10-13,156.11941528320312,187.41000366210938,191.14999389648438,187.3000030517578,190.4600067138672,230939000
2014-10-14,156.36094665527344,187.6999969482422,189.82000732421875,187.0399932861328,188.4199981689453,215847000
2014-10-15,155.30299377441406,186.42999267578125,187.69000244140625,181.9199981689453,185.16000366210938,380715000
2014-10-16,155.16978454589844,186.27000427246094,187.5800018310547,182.88999938964844,183.05999755859375,270391000
2014-10-17,157.00247192382812,188.47000122070312,189.75,187.6199951171875,188.4199981689453,214625000
2014-10-20,158.5269012451172,190.3000030517578,190.4499969482422,188.07000732421875,188.1300048828125,130011000
2014-10-21,161.6674041748047,194.07000732421875,194.1999969482422,191.47999572753906,191.67999267578125,154949000
2014-10-22,160.51783752441406,192.69000244140625,194.91000366210938,192.61000061035156,194.41000366210938,151822000
2014-10-23,162.38381958007812,194.92999267578125,196.1999969482422,194.25999450683594,194.6199951171875,154944000
2014-10-24,163.63345336914062,196.42999267578125,196.49000549316406,194.49000549316406,195.25,117927000
2014-10-27,163.40846252441406,196.16000366210938,196.4499969482422,195.02999877929688,195.72999572753906,82954000
2014-10-28,165.28280639648438,198.41000366210938,198.4199981689453,196.72999572753906,196.82000732421875,106736000
2014-10-29,165.03294372558594,198.11000061035156,199.1199951171875,196.8000030517578,198.5500030517578,142557000
2014-10-30,166.0908660888672,199.3800048828125,199.9499969482422,197.39999389648438,197.5800018310547,113330000
2014-10-31,167.9901885986328,201.66000366210938,201.82000732421875,200.77000427246094,201.77999877929688,146903000
2014-11-03,168.0818634033203,201.77000427246094,202.4499969482422,201.30999755859375,201.9199981689453,93600000
2014-11-04,167.49867248535156,201.07000732421875,201.60000610351562,200.05999755859375,201.22999572753906,93343000
2014-11-05,168.55662536621094,202.33999633789062,202.58999633789062,201.4499969482422,202.5399932861328,91709000
2014-11-06,169.2313690185547,203.14999389648438,203.25999450683594,201.63999938964844,202.38999938964844,107089000
2014-11-07,169.3896484375,203.33999633789062,203.60000610351562,202.61000061035156,203.1699981689453,89540000
2014-11-10,169.9228057861328,203.97999572753906,204.0399932861328,203.1300048828125,203.3800048828125,66319000
2014-11-11,170.0894317626953,204.17999267578125,204.30999755859375,203.64999389648438,204.05999755859375,54499400
2014-11-12,169.90618896484375,203.9600067138672,204.24000549316406,203.30999755859375,203.35000610351562,90120300
2014-11-13,170.0977783203125,204.19000244140625,204.8300018310547,203.2100067138672,204.16000366210938,85357900
2014-11-14,170.139404296875,204.24000549316406,204.49000549316406,203.72000122070312,204.10000610351562,80417500
2014-11-17,170.24769592285156,204.3699951171875,204.5800018310547,203.64999389648438,203.85000610351562,80441000
2014-11-18,171.23068237304688,205.5500030517578,205.9199981689453,204.44000244140625,204.44000244140625,76068100
2014-11-19,170.95582580566406,205.22000122070312,205.5500030517578,204.3000030517578,205.30999755859375,82373000
2014-11-20,171.25572204589844,205.5800018310547,205.7100067138672,204.17999267578125,204.25999450683594,72840300
2014-11-21,172.1719970703125,206.67999267578125,207.83999633789062,205.97999572753906,207.63999938964844,142327300
2014-11-24,172.65518188476562,207.25999450683594,207.38999938964844,206.91000366210938,207.1699981689453,65880800
2014-11-25,172.53021240234375,207.11000061035156,207.7899932861328,206.8000030517578,207.5399932861328,79108300
2014-11-26,172.9717559814453,207.63999938964844,207.75999450683594,207.02999877929688,207.2899932861328,62167800
2014-11-28,172.60520935058594,207.1999969482422,207.8699951171875,206.91000366210938,207.49000549316406,57890100
2014-12-01,171.40560913085938,205.75999450683594,206.5399932861328,205.3800048828125,206.39999389648438,103968400
2014-12-02,172.51361083984375,207.08999633789062,207.33999633789062,205.77999877929688,205.80999755859375,74507200
2014-12-03,173.17999267578125,207.88999938964844,208.14999389648438,207.10000610351562,207.3000030517578,68952000
2014-12-04,172.98837280273438,207.66000366210938,208.27000427246094,206.6999969482422,207.5399932861328,91316600
2014-12-05,173.27163696289062,208.0,208.47000122070312,207.5500030517578,207.8699951171875,91025500
2014-12-08,172.1136932373047,206.61000061035156,208.1199951171875,205.92999267578125,207.52000427246094,108588200
2014-12-09,171.99716186523438,206.47000122070312,206.60000610351562,203.91000366210938,204.3699951171875,125180100
2014-12-10,169.23974609375,203.16000366210938,205.97999572753906,202.92999267578125,205.91000366210938,159856400
2014-12-11,170.0977783203125,204.19000244140625,206.19000244140625,203.7100067138672,203.8800048828125,159012800
2014-12-12,167.34873962402344,200.88999938964844,203.82000732421875,200.85000610351562,202.63999938964844,202330200
2014-12-15,166.19915771484375,199.50999450683594,202.52999877929688,198.77999877929688,201.97999572753906,189965800
2014-12-16,164.86627197265625,197.91000366210938,202.39999389648438,197.86000061035156,198.5800018310547,259543800
2014-12-17,168.0984649658203,201.7899932861328,202.33999633789062,198.2899932861328,198.44000244140625,253910100
2014-12-18,172.25537109375,206.77999877929688,212.97000122070312,203.9199981689453,204.74000549316406,257633900
2014-12-19,172.9882354736328,206.52000427246094,207.3300018310547,205.61000061035156,206.42999267578125,245084600
2014-12-22,173.7839813232422,207.47000122070312,207.47000122070312,206.4600067138672,206.75,148318900
2014-12-23,174.0185546875,207.75,208.22999572753906,207.39999389648438,208.1699981689453,122167900
2014-12-24,174.03530883789062,207.77000427246094,208.33999633789062,207.72000122070312,208.02000427246094,42963400
2014-12-26,174.59654235839844,208.44000244140625,208.85000610351562,208.25,208.30999755859375,57326700
2014-12-29,174.8311004638672,208.72000122070312,208.97000122070312,208.13999938964844,208.22000122070312,79643900
2014-12-30,173.89292907714844,207.60000610351562,208.3699951171875,207.50999450683594,208.2100067138672,73540800
2014-12-31,172.16734313964844,205.5399932861328,208.19000244140625,205.38999938964844,207.99000549316406,130333800
2015-01-02,172.0752410888672,205.42999267578125,206.8800048828125,204.17999267578125,206.3800048828125,121465900
2015-01-05,168.96762084960938,201.72000122070312,204.3699951171875,201.35000610351562,204.1699981689453,169632600
2015-01-06,167.37612915039062,199.82000732421875,202.72000122070312,198.86000061035156,202.08999633789062,209151400
2015-01-07,169.46188354492188,202.30999755859375,202.72000122070312,200.8800048828125,201.4199981689453,125346700
2015-01-08,172.46888732910156,205.89999389648438,206.16000366210938,203.99000549316406,204.00999450683594,147217800
2015-01-09,171.08682250976562,204.25,206.4199981689453,203.50999450683594,206.39999389648438,158567300
2015-01-12,169.7466278076172,202.64999389648438,204.60000610351562,201.9199981689453,204.41000366210938,144396100
2015-01-13,169.2692108154297,202.0800018310547,205.47999572753906,200.50999450683594,204.1199951171875,214553300
2015-01-14,168.24720764160156,200.86000061035156,201.10000610351562,198.57000732421875,199.64999389648438,192991100
2015-01-15,166.70596313476562,199.02000427246094,202.00999450683594,198.8800048828125,201.6300048828125,176613900
2015-01-16,168.89222717285156,201.6300048828125,201.82000732421875,198.5500030517578,198.77000427246094,211879600
2015-01-20,169.25244140625,202.05999755859375,202.72000122070312,200.1699981689453,202.39999389648438,130991100
2015-01-21,170.10678100585938,203.0800018310547,203.66000366210938,200.94000244140625,201.5,122942700
2015-01-22,172.6364288330078,206.10000610351562,206.25999450683594,202.3300018310547,203.99000549316406,174356000
2015-01-23,171.68991088867188,204.97000122070312,206.10000610351562,204.80999755859375,205.7899932861328,117516800
2015-01-26,172.09194946289062,205.4499969482422,205.55999755859375,203.85000610351562,204.7100067138672,92009700
2015-01-27,169.82196044921875,202.74000549316406,204.1199951171875,201.74000549316406,202.97000122070312,134044600
2015-01-28,167.64413452148438,200.13999938964844,204.2899932861328,199.91000366210938,204.1699981689453,168514300
2015-01-29,169.1937713623047,201.99000549316406,202.3000030517578,198.67999267578125,200.3800048828125,173585400
2015-01-30,167.06619262695312,199.4499969482422,202.1699981689453,199.1300048828125,200.57000732421875,197729700
2015-02-02,169.13516235351562,201.9199981689453,202.02999877929688,197.86000061035156,200.0500030517578,163107000
2015-02-03,171.58103942871094,204.83999633789062,204.85000610351562,202.5500030517578,203.0,124212900
2015-02-04,170.92764282226562,204.05999755859375,205.3800048828125,203.50999450683594,203.9199981689453,134306700
2015-02-05,172.65316772460938,206.1199951171875,206.3000030517578,204.77000427246094,204.86000061035156,97953200
2015-02-06,172.1757354736328,205.5500030517578,207.24000549316406,204.9199981689453,206.55999755859375,125672000
2015-02-09,171.40513610839844,204.6300048828125,205.63999938964844,204.13999938964844,204.77000427246094,87219000
2015-02-10,173.23117065429688,206.80999755859375,207.1199951171875,204.67999267578125,205.8800048828125,96164200
2015-02-11,173.33169555664062,206.92999267578125,207.4499969482422,205.8300018310547,206.61000061035156,91087800
2015-02-12,174.9985809326172,208.9199981689453,208.99000549316406,206.97000122070312,207.88999938964844,97545900
2015-02-13,175.718994140625,209.77999877929688,209.83999633789062,208.75999450683594,209.07000732421875,93670400
2015-02-17,175.99539184570312,210.11000061035156,210.32000732421875,209.10000610351562,209.39999389648438,76968200
2015-02-18,176.01206970214844,210.1300048828125,210.22000122070312,209.33999633789062,209.66000366210938,80652900
2015-02-19,175.886474609375,209.97999572753906,210.4199981689453,209.24000549316406,209.41000366210938,91462500
2015-02-20,176.94186401367188,211.24000549316406,211.3300018310547,208.72999572753906,209.47999572753906,140896400
2015-02-23,176.9167938232422,211.2100067138672,211.2100067138672,210.47999572753906,210.94000244140625,74411100
2015-02-24,177.41937255859375,211.80999755859375,212.0500030517578,210.75999450683594,211.1199951171875,72472300
2015-02-25,177.26861572265625,211.6300048828125,212.24000549316406,211.22000122070312,211.66000366210938,73061700
2015-02-26,177.0591583251953,211.3800048828125,211.7100067138672,210.64999389648438,211.52000427246094,72697900
2015-02-27,176.4560546875,210.66000366210938,211.5800018310547,210.60000610351562,211.25999450683594,108076000
2015-03-02,177.570068359375,211.99000549316406,212.05999755859375,210.72000122070312,210.77999877929688,87491400
2015-03-03,176.84140014648438,211.1199951171875,212.0500030517578,210.0800018310547,211.47000122070312,110325800
2015-03-04,176.09591674804688,210.22999572753906,210.49000549316406,209.05999755859375,210.39999389648438,114497200
2015-03-05,176.2885284423828,210.4600067138672,210.8000030517578,209.85000610351562,210.6199951171875,76873000
2015-03-06,173.8091583251953,207.5,209.94000244140625,207.10000610351562,209.4199981689453,188128000
2015-03-09,174.52951049804688,208.36000061035156,208.7899932861328,207.5500030517578,207.74000549316406,89818900
2015-03-10,171.69827270507812,204.97999572753906,206.80999755859375,204.92999267578125,206.7100067138672,157121300
2015-03-11,171.29623413085938,204.5,205.5,204.39999389648438,205.2899932861328,110145700
2015-03-12,173.4740753173828,207.10000610351562,207.17999267578125,205.1999969482422,205.25999450683594,93993500
2015-03-13,172.41030883789062,205.8300018310547,207.92999267578125,204.5800018310547,206.77000427246094,162410900
2015-03-16,174.71380615234375,208.5800018310547,208.69000244140625,205.86000061035156,206.7100067138672,136099200
2015-03-17,174.1944122314453,207.9600067138672,208.4199981689453,206.97999572753906,207.69000244140625,94510400
2015-03-18,176.2885284423828,210.4600067138672,211.27000427246094,206.6199951171875,207.38999938964844,228808500
2015-03-19,175.48440551757812,209.5,210.47000122070312,209.02999877929688,209.9600067138672,117917300
2015-03-20,177.03335571289062,210.41000366210938,211.02000427246094,209.49000549316406,209.7100067138672,177715100
2015-03-23,176.6884307861328,210.0,211.11000061035156,210.0,210.4199981689453,71784500
2015-03-24,175.6956329345703,208.82000732421875,210.39999389648438,208.74000549316406,209.85000610351562,77805300
2015-03-25,173.12098693847656,205.75999450683594,209.35000610351562,205.7100067138672,209.07000732421875,159521700
2015-03-26,172.708740234375,205.27000427246094,206.3699951171875,204.1199951171875,204.9600067138672,153067200
2015-03-27,173.10427856445312,205.74000549316406,205.9499969482422,204.89999389648438,205.1300048828125,118939000
2015-03-30,175.21604919433594,208.25,208.61000061035156,206.9600067138672,206.97999572753906,96180400
2015-03-31,173.6847381591797,206.42999267578125,208.10000610351562,206.36000061035156,207.25999450683594,126768700
2015-04-01,173.07054138183594,205.6999969482422,206.4199981689453,204.50999450683594,206.38999938964844,137303600
2015-04-02,173.69313049316406,206.44000244140625,206.97999572753906,205.39999389648438,205.6199951171875,86900900
2015-04-06,174.86260986328125,207.8300018310547,208.4499969482422,205.2100067138672,205.3699951171875,114368200
2015-04-07,174.39991760253906,207.27999877929688,208.75999450683594,207.24000549316406,207.86000061035156,81236300
2015-04-08,174.9888916015625,207.97999572753906,208.50999450683594,207.0800018310547,207.5500030517578,89351900
2015-04-09,175.76290893554688,208.89999389648438,209.17999267578125,207.19000244140625,207.77999877929688,85548900
2015-04-10,176.7220458984375,210.0399932861328,210.08999633789062,208.9600067138672,209.1999969482422,72722900
2015-04-13,175.92276000976562,209.08999633789062,210.6300048828125,209.02999877929688,209.8699951171875,74436600
2015-04-14,176.25933837890625,209.49000549316406,209.7100067138672,208.10000610351562,208.85000610351562,75099900
2015-04-15,177.05018615722656,210.42999267578125,211.0399932861328,209.9499969482422,210.0500030517578,99529300
2015-04-16,176.99977111816406,210.3699951171875,210.97999572753906,209.7899932861328,210.02999877929688,68934900
2015-04-17,174.96360778808594,207.9499969482422,209.22999572753906,207.00999450683594,208.94000244140625,191113200
2015-04-20,176.56222534179688,209.85000610351562,210.25,208.9600067138672,209.05999755859375,92189500
2015-04-21,176.35189819335938,209.60000610351562,210.86000061035156,209.24000549316406,210.6699981689453,72559800
2015-04-22,177.21847534179688,210.6300048828125,210.85000610351562,208.89999389648438,210.00999450683594,78264600
2015-04-23,177.66444396972656,211.16000366210938,211.94000244140625,210.00999450683594,210.14999389648438,102585900
2015-04-24,178.07664489746094,211.64999389648438,211.97000122070312,211.11000061035156,211.66000366210938,61327400
2015-04-27,177.3363037109375,210.77000427246094,212.47999572753906,210.5399932861328,212.3300018310547,79358100
2015-04-28,177.9000244140625,211.44000244140625,211.5,209.3300018310547,210.74000549316406,86863500
2015-04-29,177.16798400878906,210.57000732421875,211.2899932861328,209.60000610351562,210.3699951171875,125684900
2015-04-30,175.39273071289062,208.4600067138672,210.35000610351562,207.6199951171875,209.8800048828125,161304900
2015-05-01,177.29421997070312,210.72000122070312,210.77000427246094,209.27999877929688,209.39999389648438,103399700
2015-05-04,177.79904174804688,211.32000732421875,212.02000427246094,211.10000610351562,211.22999572753906,70927200
2015-05-05,175.76290893554688,208.89999389648438,211.4600067138672,208.72999572753906,211.02999877929688,113326200
2015-05-06,175.03932189941406,208.0399932861328,209.92999267578125,206.75999450683594,209.55999755859375,135060200
2015-05-07,175.7376708984375,208.8699951171875,209.3800048828125,207.52000427246094,207.9199981689453,88244900
2015-05-08,178.05145263671875,211.6199951171875,211.86000061035156,210.77999877929688,210.8800048828125,155877300
2015-05-11,177.2016143798828,210.61000061035156,211.88999938964844,210.52000427246094,211.57000732421875,75708100
2015-05-12,176.6715850830078,209.97999572753906,210.6300048828125,208.6199951171875,209.61000061035156,119727600
2015-05-13,176.7052459716797,210.02000427246094,211.22000122070312,209.74000549316406,210.47000122070312,94667900
2015-05-14,178.54783630371094,212.2100067138672,212.32000732421875,210.91000366210938,211.24000549316406,95934000
2015-05-15,178.74142456054688,212.44000244140625,212.61000061035156,211.86000061035156,212.44000244140625,76510100
2015-05-18,179.2966766357422,213.10000610351562,213.39999389648438,212.16000366210938,212.24000549316406,74549700
2015-05-19,179.23776245117188,213.02999877929688,213.57000732421875,212.69000244140625,213.24000549316406,72114600
2015-05-20,179.111572265625,212.8800048828125,213.77999877929688,212.5,213.14999389648438,76857500
2015-05-21,179.63327026367188,213.5,213.75,212.50999450683594,212.7100067138672,64764600
2015-05-22,179.20413208007812,212.99000549316406,213.5399932861328,212.91000366210938,213.0399932861328,57433500
2015-05-26,177.27737426757812,210.6999969482422,212.91000366210938,210.1999969482422,212.39999389648438,124308600
2015-05-27,178.96011352539062,212.6999969482422,212.97999572753906,210.75999450683594,211.25,93214000
2015-05-28,178.75823974609375,212.4600067138672,212.58999633789062,211.6300048828125,212.3300018310547,74974600
2015-05-29,177.64761352539062,211.13999938964844,212.42999267578125,210.82000732421875,212.3800048828125,124919600
2015-06-01,178.0093536376953,211.57000732421875,212.33999633789062,210.6199951171875,211.94000244140625,93338800
2015-06-02,177.83270263671875,211.36000061035156,212.19000244140625,210.27000427246094,211.02000427246094,91531000
2015-06-03,178.3038787841797,211.9199981689453,212.6699981689453,211.3300018310547,212.0,87820900
2015-06-04,176.79774475097656,210.1300048828125,211.86000061035156,209.75,211.07000732421875,151882800
2015-06-05,176.49497985839844,209.77000427246094,210.5800018310547,208.97999572753906,209.9499969482422,121704700
2015-06-08,175.4095458984375,208.47999572753906,209.82000732421875,208.38999938964844,209.63999938964844,89063300
2015-06-09,175.3843231201172,208.4499969482422,209.10000610351562,207.69000244140625,208.4499969482422,105034700
2015-06-10,177.4877166748047,210.9499969482422,211.41000366210938,209.3000030517578,209.3699951171875,134551300
2015-06-11,178.05990600585938,211.6300048828125,212.08999633789062,211.1999969482422,211.47999572753906,73876400
2015-06-12,176.69683837890625,210.00999450683594,211.47999572753906,209.67999267578125,210.63999938964844,135382400
2015-06-15,175.9396209716797,209.11000061035156,209.4499969482422,207.7899932861328,208.63999938964844,124384200
2015-06-16,176.8987274169922,210.25,210.35000610351562,208.72000122070312,208.92999267578125,85308200
2015-06-17,177.18482971191406,210.58999633789062,211.32000732421875,209.36000061035156,210.58999633789062,126708600
2015-06-18,179.02740478515625,212.77999877929688,213.33999633789062,210.6300048828125,211.30999755859375,165867900
2015-06-19,178.2327117919922,210.80999755859375,211.5500030517578,210.36000061035156,211.4600067138672,130478700
2015-06-22,179.1457977294922,211.88999938964844,212.58999633789062,211.63999938964844,211.91000366210938,70696000
2015-06-23,179.2725830078125,212.0399932861328,212.44000244140625,211.57000732421875,212.13999938964844,68476800
2015-06-24,177.97061157226562,210.5,212.1699981689453,210.47000122070312,211.72000122070312,92307300
2015-06-25,177.4295196533203,209.86000061035156,211.25,209.77000427246094,211.10000610351562,97107400
2015-06-26,177.3957061767578,209.82000732421875,210.5800018310547,209.16000366210938,210.2899932861328,104174800
2015-06-29,173.6756134033203,205.4199981689453,209.8300018310547,205.3300018310547,208.0500030517578,202621300
2015-06-30,174.03919982910156,205.85000610351562,207.32000732421875,205.27999877929688,207.25999450683594,182925100
2015-07-01,175.43418884277344,207.5,208.02999877929688,206.55999755859375,207.72999572753906,135979900
2015-07-02,175.27362060546875,207.30999755859375,208.27000427246094,206.80999755859375,208.07000732421875,104373700
2015-07-06,174.77474975585938,206.72000122070312,207.64999389648438,205.52999877929688,205.77000427246094,117975400
2015-07-07,175.87379455566406,208.02000427246094,208.1699981689453,204.11000061035156,206.9600067138672,173820200
2015-07-08,172.9231719970703,204.52999877929688,206.75999450683594,204.25,206.4199981689453,164020100
2015-07-09,173.23597717285156,204.89999389648438,207.35000610351562,204.77000427246094,207.0399932861328,144113100
2015-07-10,175.417236328125,207.47999572753906,207.97999572753906,204.9499969482422,207.2899932861328,129456900
2015-07-13,177.35342407226562,209.77000427246094,209.89999389648438,208.94000244140625,208.99000549316406,106069400
2015-07-14,178.12283325195312,210.67999267578125,211.0500030517578,209.64999389648438,209.72000122070312,81709600
2015-07-15,178.06356811523438,210.61000061035156,211.27999877929688,210.0399932861328,210.72999572753906,97914100
2015-07-16,179.49241638183594,212.3000030517578,212.3000030517578,211.5800018310547,211.8699951171875,106683300
2015-07-17,179.6445770263672,212.47999572753906,212.5500030517578,211.8000030517578,212.2899932861328,89030000
2015-07-20,179.7375946044922,212.58999633789062,213.17999267578125,212.2100067138672,212.75,70446800
2015-07-21,179.0274200439453,211.75,212.74000549316406,211.38999938964844,212.42999267578125,77965000
2015-07-22,178.7061767578125,211.3699951171875,211.77000427246094,210.88999938964844,210.92999267578125,88667900
2015-07-23,177.70005798339844,210.17999267578125,211.64999389648438,209.75,211.52999877929688,90509100
2015-07-24,175.85699462890625,208.0,210.3699951171875,207.60000610351562,210.3000030517578,117755000
2015-07-27,174.83389282226562,206.7899932861328,207.5500030517578,206.25999450683594,206.94000244140625,132361100
2015-07-28,176.98146057128906,209.3300018310547,209.5,206.8000030517578,207.7899932861328,123544800
2015-07-29,178.19888305664062,210.77000427246094,211.0399932861328,209.30999755859375,209.47999572753906,105791300
2015-07-30,178.24114990234375,210.82000732421875,211.02000427246094,209.4199981689453,210.16000366210938,91304400
2015-07-31,177.97061157226562,210.5,211.4499969482422,210.16000366210938,211.4199981689453,103266900
2015-08-03,177.37025451660156,209.7899932861328,210.52999877929688,208.64999389648438,210.4600067138672,113965700
2015-08-04,177.02371215820312,209.3800048828125,210.25,208.8000030517578,209.6999969482422,81820800
2015-08-05,177.6070556640625,210.07000732421875,211.30999755859375,209.72999572753906,210.4499969482422,85786800
2015-08-06,176.15284729003906,208.35000610351562,210.4199981689453,207.64999389648438,210.2899932861328,116030800
2015-08-07,175.814697265625,207.9499969482422,208.33999633789062,206.8699951171875,208.16000366210938,117858000
2015-08-10,178.02980041503906,210.57000732421875,210.6699981689453,209.27999877929688,209.27999877929688,80270700
2015-08-11,176.42335510253906,208.6699981689453,209.47000122070312,207.75999450683594,208.97000122070312,126081400
2015-08-12,176.63475036621094,208.9199981689453,209.13999938964844,205.36000061035156,207.11000061035156,172123700
2015-08-13,176.41494750976562,208.66000366210938,209.5500030517578,208.00999450683594,208.72999572753906,89383300
2015-08-14,177.0574951171875,209.4199981689453,209.50999450683594,208.25999450683594,208.42999267578125,72786500
2015-08-17,178.04672241210938,210.58999633789062,210.58999633789062,208.16000366210938,208.7100067138672,79072600
2015-08-18,177.53097534179688,209.97999572753906,210.67999267578125,209.6999969482422,210.25999450683594,71692700
2015-08-19,176.1274871826172,208.32000732421875,210.00999450683594,207.35000610351562,209.08999633789062,172946000
2015-08-20,172.44973754882812,203.97000122070312,208.2899932861328,203.89999389648438,206.50999450683594,194327900
2015-08-21,167.25851440429688,197.8300018310547,203.94000244140625,197.52000427246094,201.72999572753906,346588500
2015-08-24,160.2158660888672,189.5,197.47999572753906,182.39999389648438,187.49000549316406,507244300
2015-08-25,158.3303985595703,187.27000427246094,195.4499969482422,186.9199981689453,195.42999267578125,369833100
2015-08-26,164.40936279296875,194.4600067138672,194.7899932861328,188.3699951171875,192.0800018310547,339257000
2015-08-27,168.47604370117188,199.27000427246094,199.4199981689453,195.2100067138672,197.02000427246094,274143900
2015-08-28,168.4844512939453,199.27999877929688,199.83999633789062,197.9199981689453,198.5,160414400
2015-08-31,167.123291015625,197.6699981689453,199.1300048828125,197.00999450683594,198.11000061035156,163298800
2015-09-01,162.13504028320312,191.77000427246094,194.77000427246094,190.72999572753906,193.1199951171875,256000400
2015-09-02,165.21253967285156,195.41000366210938,195.4600067138672,192.4199981689453,194.6199951171875,160269300
2015-09-03,165.3309326171875,195.5500030517578,198.0500030517578,194.9600067138672,196.25999450683594,152087800
2015-09-04,162.82833862304688,192.58999633789062,193.86000061035156,191.61000061035156,192.85000610351562,207081000
2015-09-08,166.92034912109375,197.42999267578125,197.61000061035156,195.1699981689453,195.94000244140625,116025700
2015-09-09,164.6883087158203,194.7899932861328,199.47000122070312,194.35000610351562,199.32000732421875,149347700
2015-09-10,165.5845184326172,195.85000610351562,197.22000122070312,194.25,194.55999755859375,158611100
2015-09-11,166.33700561523438,196.74000549316406,196.82000732421875,194.52999877929688,195.3800048828125,119691200
2015-09-14,165.7197723388672,196.00999450683594,197.00999450683594,195.42999267578125,196.9499969482422,79452000
2015-09-15,167.7912139892578,198.4600067138672,198.99000549316406,195.9600067138672,196.61000061035156,113806200
2015-09-16,169.2454376220703,200.17999267578125,200.41000366210938,198.41000366210938,198.82000732421875,99581600
2015-09-17,168.86488342285156,199.72999572753906,202.88999938964844,199.27999877929688,200.02000427246094,276046600
2015-09-18,166.10543823242188,195.4499969482422,198.67999267578125,194.9600067138672,195.7100067138672,223657500
2015-09-21,166.9638214111328,196.4600067138672,197.67999267578125,195.2100067138672,196.44000244140625,105726200
2015-09-22,164.79666137695312,193.91000366210938,194.4600067138672,192.55999755859375,193.8800048828125,153890900
2015-09-23,164.53323364257812,193.60000610351562,194.6699981689453,192.91000366210938,194.11000061035156,92790600
2015-09-24,163.93829345703125,192.89999389648438,193.4499969482422,190.55999755859375,192.14999389648438,159378800
2015-09-25,163.895751953125,192.85000610351562,195.0,191.80999755859375,194.63999938964844,155054800
2015-09-28,159.78245544433594,188.00999450683594,191.91000366210938,187.63999938964844,191.77999877929688,178515900
2015-09-29,159.8759307861328,188.1199951171875,189.74000549316406,186.92999267578125,188.27000427246094,159045600
2015-09-30,162.85894775390625,191.6300048828125,191.8300018310547,189.44000244140625,190.3699951171875,163452000
2015-10-01,163.28392028808594,192.1300048828125,192.49000549316406,189.82000732421875,192.0800018310547,131079000
2015-10-02,165.72300720214844,195.0,195.02999877929688,189.1199951171875,189.77000427246094,211003300
2015-10-05,168.67205810546875,198.47000122070312,198.74000549316406,196.3300018310547,196.4600067138672,126320800
2015-10-06,168.09413146972656,197.7899932861328,198.97999572753906,197.0,198.30999755859375,110274500
2015-10-07,169.4708709716797,199.41000366210938,199.8300018310547,197.47999572753906,198.89999389648438,124307300
2015-10-08,171.0006561279297,201.2100067138672,201.5500030517578,198.58999633789062,198.9499969482422,153055200
2015-10-09,171.1026153564453,201.3300018310547,201.89999389648438,200.5800018310547,201.3800048828125,107069200
2015-10-12,171.26412963867188,201.52000427246094,201.75999450683594,200.91000366210938,201.4199981689453,56395600
2015-10-13,170.18478393554688,200.25,202.16000366210938,200.0500030517578,200.64999389648438,88038700
2015-10-14,169.36888122558594,199.2899932861328,200.8699951171875,198.94000244140625,200.17999267578125,99106200
2015-10-15,171.969482421875,202.35000610351562,202.36000061035156,199.63999938964844,200.0800018310547,134142200
2015-10-16,172.75137329101562,203.27000427246094,203.2899932861328,201.9199981689453,202.8300018310547,114580100
2015-10-19,172.83633422851562,203.3699951171875,203.3699951171875,202.1300048828125,202.5,76523900
2015-10-20,172.61532592773438,203.11000061035156,203.83999633789062,202.5500030517578,202.85000610351562,78448500
2015-10-21,171.5445556640625,201.85000610351562,203.7899932861328,201.64999389648438,203.61000061035156,102038000
2015-10-22,174.44256591796875,205.25999450683594,205.50999450683594,201.85000610351562,202.97999572753906,174911700
2015-10-23,176.354736328125,207.50999450683594,207.9499969482422,206.3000030517578,207.25,144442300
2015-10-26,175.92137145996094,207.0,207.3699951171875,206.55999755859375,207.3000030517578,69033000
2015-10-27,175.5814208984375,206.60000610351562,207.0,205.7899932861328,206.1999969482422,77905800
2015-10-28,177.5785369873047,208.9499969482422,208.97999572753906,206.2100067138672,207.0,135906700
2015-10-29,177.47659301757812,208.8300018310547,209.27000427246094,208.2100067138672,208.35000610351562,90525500
2015-10-30,176.7117156982422,207.92999267578125,209.44000244140625,207.74000549316406,209.05999755859375,131076900
2015-11-02,178.80238342285156,210.38999938964844,210.6199951171875,208.1699981689453,208.32000732421875,86270800
2015-11-03,179.32077026367188,211.0,211.66000366210938,209.6999969482422,209.97000122070312,95246100
2015-11-04,178.77684020996094,210.36000061035156,211.5,209.72000122070312,211.35000610351562,96224500
2015-11-05,178.598388671875,210.14999389648438,210.97999572753906,209.08999633789062,210.42999267578125,78408700
2015-11-06,178.50489807128906,210.0399932861328,210.32000732421875,208.4600067138672,209.74000549316406,110471500
2015-11-09,176.83920288085938,208.0800018310547,209.49000549316406,206.9499969482422,209.30999755859375,131008700
2015-11-10,177.2471160888672,208.55999755859375,208.60000610351562,207.19000244140625,207.50999450683594,75874600
2015-11-11,176.55027770996094,207.74000549316406,208.94000244140625,207.66000366210938,208.8800048828125,67846000
2015-11-12,174.08560180664062,204.83999633789062,207.05999755859375,204.82000732421875,206.5,121315200
2015-11-13,172.13096618652344,202.5399932861328,204.6699981689453,202.44000244140625,204.35000610351562,153577100
2015-11-16,174.74850463867188,205.6199951171875,205.69000244140625,202.17999267578125,202.32000732421875,117645200
2015-11-17,174.62100219726562,205.47000122070312,207.0399932861328,204.8800048828125,205.99000549316406,121123700
2015-11-18,177.3915557861328,208.72999572753906,208.89999389648438,205.99000549316406,206.0399932861328,121342500
2015-11-19,177.23866271972656,208.5500030517578,209.0500030517578,208.1999969482422,208.58999633789062,88220500
2015-11-20,177.8844757080078,209.30999755859375,210.1199951171875,208.86000061035156,209.4499969482422,94011500
2015-11-23,177.68057250976562,209.07000732421875,209.97999572753906,208.52000427246094,209.3800048828125,64931200
2015-11-24,177.9185028076172,209.35000610351562,209.8300018310547,207.41000366210938,207.8699951171875,98874400
2015-11-25,177.8930206298828,209.32000732421875,209.74000549316406,209.00999450683594,209.5,51980100
2015-11-27,178.0970001220703,209.55999755859375,209.8000030517578,208.86000061035156,209.42999267578125,37317800
2015-11-30,177.3576202392578,208.69000244140625,209.88999938964844,208.55999755859375,209.75,112822700
2015-12-01,179.048828125,210.67999267578125,210.82000732421875,209.11000061035156,209.44000244140625,97858400
2015-12-02,177.2216339111328,208.52999877929688,211.0,208.22999572753906,210.6199951171875,108441300
2015-12-03,174.74005126953125,205.61000061035156,209.14999389648438,204.75,208.8300018310547,166224200
2015-12-04,178.14793395996094,209.6199951171875,209.97000122070312,205.61000061035156,205.61000061035156,192913900
2015-12-07,177.06866455078125,208.35000610351562,209.72999572753906,207.1999969482422,209.22999572753906,102027100
2015-12-08,175.87884521484375,206.9499969482422,208.2899932861328,205.77999877929688,206.49000549316406,103372400
2015-12-09,174.51058959960938,205.33999633789062,208.67999267578125,204.17999267578125,206.19000244140625,162401500
2015-12-10,174.9610137939453,205.8699951171875,207.42999267578125,205.13999938964844,205.4199981689453,116128900
2015-12-11,171.57008361816406,201.8800048828125,204.13999938964844,201.50999450683594,203.35000610351562,211173300
2015-12-14,172.43685913085938,202.89999389648438,203.0500030517578,199.9499969482422,202.07000732421875,182385200
2015-12-15,174.2471466064453,205.02999877929688,206.11000061035156,202.8699951171875,204.6999969482422,154069600
2015-12-16,176.7967071533203,208.02999877929688,208.38999938964844,204.8000030517578,206.3699951171875,197017000
2015-12-17,174.10264587402344,204.86000061035156,208.47999572753906,204.83999633789062,208.39999389648438,173092500
2015-12-18,171.0010223388672,200.02000427246094,202.92999267578125,199.8300018310547,202.77000427246094,251393500
2015-12-21,172.41162109375,201.6699981689453,201.8800048828125,200.08999633789062,201.41000366210938,99094300
2015-12-22,173.9761199951172,203.5,203.85000610351562,201.5500030517578,202.72000122070312,111026200
2015-12-23,176.13046264648438,206.02000427246094,206.07000732421875,204.5800018310547,204.69000244140625,110987200
2015-12-24,175.83981323242188,205.67999267578125,206.3300018310547,205.4199981689453,205.72000122070312,48539600
2015-12-28,175.43798828125,205.2100067138672,205.25999450683594,203.94000244140625,204.86000061035156,65899900
2015-12-29,177.31028747558594,207.39999389648438,207.7899932861328,206.47000122070312,206.50999450683594,92640700
2015-12-30,176.05355834960938,205.92999267578125,207.2100067138672,205.75999450683594,207.11000061035156,63317700
2015-12-31,174.29238891601562,203.8699951171875,205.88999938964844,203.8699951171875,205.1300048828125,114877900
2016-01-04,171.8559112548828,201.02000427246094,201.02999877929688,198.58999633789062,200.49000549316406,222353500
2016-01-05,172.14659118652344,201.36000061035156,201.89999389648438,200.0500030517578,201.39999389648438,110845800
2016-01-06,169.9750518798828,198.82000732421875,200.05999755859375,197.60000610351562,198.33999633789062,152112600
2016-01-07,165.8971405029297,194.0500030517578,197.44000244140625,193.58999633789062,195.3300018310547,213436100
2016-01-08,164.07614135742188,191.9199981689453,195.85000610351562,191.5800018310547,195.19000244140625,209817200
2016-01-11,164.23854064941406,192.11000061035156,193.41000366210938,189.82000732421875,193.00999450683594,187941300
2016-01-12,165.56370544433594,193.66000366210938,194.5500030517578,191.13999938964844,193.82000732421875,172330500
2016-01-13,161.43447875976562,188.8300018310547,194.86000061035156,188.3800048828125,194.4499969482422,221168900
2016-01-14,164.08468627929688,191.92999267578125,193.25999450683594,187.66000366210938,189.5500030517578,240795600
2016-01-15,160.5624542236328,187.80999755859375,188.75999450683594,185.52000427246094,186.77000427246094,324846400
2016-01-19,160.77615356445312,188.05999755859375,190.11000061035156,186.1999969482422,189.9600067138672,195244400
2016-01-20,158.7157745361328,185.64999389648438,187.5,181.02000427246094,185.02999877929688,286547800
2016-01-21,159.60491943359375,186.69000244140625,188.8699951171875,184.63999938964844,186.2100067138672,195772900
2016-01-22,162.8792266845703,190.52000427246094,190.75999450683594,188.8800048828125,189.77999877929688,168319600
2016-01-25,160.41705322265625,187.63999938964844,190.14999389648438,187.41000366210938,189.9199981689453,130371700
2016-01-26,162.60568237304688,190.1999969482422,190.52999877929688,188.02000427246094,188.4199981689453,141036800
2016-01-27,160.83596801757812,188.1300048828125,191.55999755859375,187.05999755859375,189.5800018310547,185681700
2016-01-28,161.67381286621094,189.11000061035156,190.1999969482422,187.16000366210938,189.9600067138672,143798800
2016-01-29,165.61500549316406,193.72000122070312,193.8800048828125,189.8800048828125,190.02000427246094,210529300
2016-02-01,165.5551300048828,193.64999389648438,194.5800018310547,191.83999633789062,192.52999877929688,136061600
2016-02-02,162.5714569091797,190.16000366210938,191.97000122070312,189.5399932861328,191.9600067138672,182564900
2016-02-03,163.54608154296875,191.3000030517578,191.77999877929688,187.10000610351562,191.41000366210938,205054900
2016-02-04,163.8025665283203,191.60000610351562,192.75,189.9600067138672,190.7100067138672,139531800
2016-02-05,160.68212890625,187.9499969482422,191.6699981689453,187.1999969482422,190.99000549316406,180788300
2016-02-08,158.51914978027344,185.4199981689453,186.1199951171875,182.8000030517578,185.77000427246094,191526700
2016-02-09,158.52772521972656,185.42999267578125,186.94000244140625,183.1999969482422,183.36000061035156,184513100
2016-02-10,158.39096069335938,185.27000427246094,188.33999633789062,185.1199951171875,186.41000366210938,148214100
2016-02-11,156.33055114746094,182.86000061035156,184.10000610351562,181.08999633789062,182.33999633789062,219058900
2016-02-12,159.55361938476562,186.6300048828125,186.64999389648438,183.9600067138672,184.9600067138672,127632400
2016-02-16,162.24658203125,189.77999877929688,189.80999755859375,187.6300048828125,188.77000427246094,120250700
2016-02-17,164.89683532714844,192.8800048828125,193.32000732421875,191.00999450683594,191.16000366210938,136009500
2016-02-18,164.2214813232422,192.08999633789062,193.27000427246094,191.72000122070312,193.1999969482422,102343000
2016-02-19,164.14450073242188,192.0,192.17999267578125,190.4499969482422,191.1699981689453,114793000
2016-02-22,166.52120971679688,194.77999877929688,194.9499969482422,193.7899932861328,193.8699951171875,103640300
2016-02-23,164.41810607910156,192.32000732421875,194.32000732421875,192.17999267578125,194.0,111455300
2016-02-24,165.17044067382812,193.1999969482422,193.52999877929688,189.32000732421875,190.6300048828125,150812200
2016-02-25,167.17098999023438,195.5399932861328,195.5500030517578,192.8300018310547,193.72999572753906,110728300
2016-02-26,166.78627014160156,195.08999633789062,196.67999267578125,194.89999389648438,196.57000732421875,129833700
2016-02-29,165.47824096679688,193.55999755859375,196.22999572753906,193.3300018310547,195.11000061035156,125918100
2016-03-01,169.3680877685547,198.11000061035156,198.2100067138672,194.4499969482422,195.00999450683594,141799700
2016-03-02,170.1289520263672,199.0,199.05999755859375,197.25,197.74000549316406,102415000
2016-03-03,170.79580688476562,199.77999877929688,199.8000030517578,198.11000061035156,198.7899932861328,95172200
2016-03-04,171.3514404296875,200.42999267578125,201.35000610351562,199.02999877929688,200.00999450683594,129293600
2016-03-07,171.4883270263672,200.58999633789062,201.07000732421875,199.25,199.33999633789062,100219000
2016-03-08,169.61599731445312,198.39999389648438,199.9199981689453,198.2100067138672,199.32000732421875,123974900
2016-03-09,170.453857421875,199.3800048828125,199.7899932861328,198.42999267578125,199.36000061035156,94801200
2016-03-10,170.5906219482422,199.5399932861328,201.07000732421875,197.3800048828125,199.9600067138672,156838700
2016-03-11,173.3434600830078,202.75999450683594,202.80999755859375,199.52000427246094,201.25999450683594,137964500
2016-03-14,173.12115478515625,202.5,203.0399932861328,201.77000427246094,202.16000366210938,73612000
2016-03-15,172.8390350341797,202.1699981689453,202.52999877929688,201.0500030517578,201.36000061035156,93169100
2016-03-16,173.83929443359375,203.33999633789062,203.82000732421875,201.5500030517578,201.60000610351562,129303200
2016-03-17,174.94216918945312,204.6300048828125,205.22999572753906,202.77000427246094,203.24000549316406,134278500
2016-03-18,175.62960815429688,204.3800048828125,204.77999877929688,203.8000030517578,204.1699981689453,138372400
2016-03-21,175.87881469726562,204.6699981689453,204.94000244140625,203.8000030517578,204.07000732421875,72926700
2016-03-22,175.7843017578125,204.55999755859375,205.22999572753906,203.57000732421875,203.75999450683594,97471900
2016-03-23,174.62417602539062,203.2100067138672,204.3300018310547,203.00999450683594,204.11000061035156,81052500
2016-03-24,174.54690551757812,203.1199951171875,203.16000366210938,201.74000549316406,202.0,84360900
2016-03-28,174.6499481201172,203.24000549316406,203.86000061035156,202.7100067138672,203.61000061035156,62408200
2016-03-29,176.26551818847656,205.1199951171875,205.25,202.39999389648438,202.75999450683594,92922900
2016-03-30,177.0388946533203,206.02000427246094,206.8699951171875,205.58999633789062,206.3000030517578,86365300
2016-03-31,176.6092529296875,205.52000427246094,206.41000366210938,205.3300018310547,205.91000366210938,94584100
2016-04-01,177.81227111816406,206.9199981689453,207.13999938964844,203.97999572753906,204.35000610351562,114423500
2016-04-04,177.23655700683594,206.25,207.07000732421875,205.88999938964844,206.8300018310547,63497000
2016-04-05,175.4663848876953,204.19000244140625,206.25999450683594,203.88999938964844,204.6699981689453,99662200
2016-04-06,177.38265991210938,206.4199981689453,206.49000549316406,203.97999572753906,204.19000244140625,91839800
2016-04-07,175.26010131835938,203.9499969482422,205.55999755859375,203.08999633789062,205.13999938964844,113859000
2016-04-08,175.7327880859375,204.5,205.85000610351562,203.8699951171875,205.33999633789062,95040600
2016-04-11,175.32020568847656,204.02000427246094,206.07000732421875,203.91000366210938,205.25,83757500
2016-04-12,176.95303344726562,205.9199981689453,206.25,203.6999969482422,204.22000122070312,115350600
2016-04-13,178.74041748046875,208.0,208.10000610351562,206.83999633789062,207.0,96336400
2016-04-14,178.7489471435547,208.00999450683594,208.60000610351562,207.60000610351562,208.07000732421875,65212900
2016-04-15,178.55136108398438,207.77999877929688,208.1699981689453,207.39999389648438,208.00999450683594,75761600
2016-04-18,179.80596923828125,209.24000549316406,209.27999877929688,207.0,207.77999877929688,82531000
2016-04-19,180.3731231689453,209.89999389648438,210.1999969482422,208.94000244140625,209.74000549316406,88316100
2016-04-20,180.5449981689453,210.10000610351562,210.9199981689453,209.38999938964844,209.9499969482422,81100300
2016-04-21,179.5739288330078,208.97000122070312,210.25,208.64999389648438,210.1199951171875,85695000
2016-04-22,179.5739288330078,208.97000122070312,209.2899932861328,207.91000366210938,208.5500030517578,99251700
2016-04-25,179.2645721435547,208.61000061035156,208.66000366210938,207.5399932861328,208.25999450683594,66166500
2016-04-26,179.53094482421875,208.9199981689453,209.52000427246094,208.36000061035156,209.0399932861328,75864200
2016-04-27,179.90049743652344,209.35000610351562,209.80999755859375,208.0500030517578,208.47000122070312,77329400
2016-04-28,178.26776123046875,207.4499969482422,209.75999450683594,206.9600067138672,208.4600067138672,97216200
2016-04-29,177.3052978515625,206.3300018310547,207.1300048828125,205.02999877929688,206.72000122070312,142424100
2016-05-02,178.714599609375,207.97000122070312,208.17999267578125,206.41000366210938,206.9199981689453,62188000
2016-05-03,177.1592254638672,206.16000366210938,206.8000030517578,205.27999877929688,206.52000427246094,106422100
2016-05-04,176.1710205078125,205.00999450683594,205.85000610351562,204.4199981689453,204.99000549316406,92243800
2016-05-05,176.1366424560547,204.97000122070312,205.97999572753906,204.47000122070312,205.55999755859375,67619200
2016-05-06,176.78111267089844,205.72000122070312,205.77000427246094,203.8800048828125,204.05999755859375,89315000
2016-05-09,176.92715454101562,205.88999938964844,206.39999389648438,205.36000061035156,205.57000732421875,74374900
2016-05-10,179.1271209716797,208.4499969482422,208.47000122070312,206.63999938964844,206.72000122070312,77472200
2016-05-11,177.45143127441406,206.5,208.5399932861328,206.5,207.91000366210938,81727000
2016-05-12,177.50294494628906,206.55999755859375,207.49000549316406,205.3699951171875,207.2899932861328,89586300
2016-05-13,175.95611572265625,204.75999450683594,206.86000061035156,204.3800048828125,206.2100067138672,96474600
2016-05-16,177.6920166015625,206.77999877929688,207.33999633789062,204.88999938964844,204.9600067138672,77486800
2016-05-17,176.0334930419922,204.85000610351562,206.8000030517578,204.22999572753906,206.4600067138672,114924900
2016-05-18,176.08506774902344,204.91000366210938,206.3000030517578,203.6300048828125,204.44000244140625,120062100
2016-05-19,175.47496032714844,204.1999969482422,204.5399932861328,202.77999877929688,204.05999755859375,115430500
2016-05-20,176.58349609375,205.49000549316406,206.10000610351562,204.86000061035156,204.9199981689453,104990400
2016-05-23,176.3428192138672,205.2100067138672,205.83999633789062,204.99000549316406,205.50999450683594,58682600
2016-05-24,178.62863159179688,207.8699951171875,208.24000549316406,206.13999938964844,206.1699981689453,93537800
2016-05-25,179.84030151367188,209.27999877929688,209.77000427246094,207.8699951171875,208.6699981689453,76621400
2016-05-26,179.89186096191406,209.33999633789062,209.7100067138672,208.97000122070312,209.44000244140625,55280700
2016-05-27,180.6653289794922,210.24000549316406,210.25,209.47000122070312,209.52999877929688,64211200
2016-05-31,180.32156372070312,209.83999633789062,210.69000244140625,209.17999267578125,210.55999755859375,109879400
2016-06-01,180.69110107421875,210.27000427246094,210.47999572753906,208.88999938964844,209.1199951171875,69936200
2016-06-02,181.24102783203125,210.91000366210938,210.92999267578125,209.24000549316406,209.8000030517578,63044700
2016-06-03,180.6996612548828,210.27999877929688,210.69000244140625,208.86000061035156,210.25,101757100
2016-06-06,181.619140625,211.35000610351562,211.77000427246094,210.50999450683594,210.6999969482422,64887000
2016-06-07,181.90269470214844,211.67999267578125,212.33999633789062,211.5,211.52999877929688,60974800
2016-06-08,182.4956512451172,212.3699951171875,212.52000427246094,211.69000244140625,211.83999633789062,66170900
2016-06-09,182.2464599609375,212.0800018310547,212.22000122070312,211.19000244140625,211.50999450683594,73786900
2016-06-10,180.5191650390625,210.07000732421875,210.86000061035156,209.42999267578125,210.4600067138672,113829200
2016-06-13,179.1271209716797,208.4499969482422,210.3699951171875,208.35000610351562,209.36000061035156,117751200
2016-06-14,178.77481079101562,208.0399932861328,208.74000549316406,206.9199981689453,208.0,125059300
2016-06-15,178.5255584716797,207.75,209.36000061035156,207.52999877929688,208.0399932861328,109124500
2016-06-16,179.05836486816406,208.3699951171875,208.57000732421875,205.58999633789062,207.75,149533100
2016-06-17,178.39151000976562,206.52000427246094,207.1999969482422,205.75,207.1699981689453,117055700
2016-06-20,179.5403594970703,207.85000610351562,209.61000061035156,207.75,208.82000732421875,82789600
2016-06-21,180.05001831054688,208.44000244140625,208.9199981689453,207.77999877929688,208.3000030517578,72461700
2016-06-22,179.75631713867188,208.10000610351562,209.5,207.92999267578125,208.64999389648438,95560500
2016-06-23,182.0972137451172,210.80999755859375,210.8699951171875,209.27000427246094,209.80999755859375,102731400
2016-06-24,175.5582275390625,203.24000549316406,210.85000610351562,202.72000122070312,203.6300048828125,333444400
2016-06-27,172.41403198242188,199.60000610351562,201.60000610351562,198.64999389648438,201.58999633789062,230775800
2016-06-28,175.52366638183594,203.1999969482422,203.22999572753906,201.1199951171875,201.47999572753906,159382400
2016-06-29,178.512451171875,206.66000366210938,206.92999267578125,204.72000122070312,204.83999633789062,137328600
2016-06-30,180.94833374023438,209.47999572753906,209.5399932861328,206.55999755859375,207.2100067138672,165021900
2016-07-01,181.3284149169922,209.9199981689453,210.49000549316406,209.2899932861328,209.47999572753906,106055300
2016-07-05,180.0241241455078,208.41000366210938,209.0800018310547,207.7100067138672,208.9499969482422,109803700
2016-07-06,181.10382080078125,209.66000366210938,209.8000030517578,207.05999755859375,207.8300018310547,96021500
2016-07-07,180.9915313720703,209.52999877929688,210.64999389648438,208.6300048828125,209.8699951171875,85593800
2016-07-08,183.68655395507812,212.64999389648438,212.94000244140625,210.77999877929688,211.0500030517578,133971000
2016-07-11,184.33441162109375,213.39999389648438,214.07000732421875,212.9499969482422,213.19000244140625,73633900
2016-07-12,185.67330932617188,214.9499969482422,215.3000030517578,213.42999267578125,214.52999877929688,101275600
2016-07-13,185.64736938476562,214.9199981689453,215.4499969482422,214.35000610351562,215.44000244140625,87324100
2016-07-14,186.68394470214844,216.1199951171875,216.6699981689453,215.66000366210938,216.39999389648438,91230900
2016-07-15,186.43345642089844,215.8300018310547,217.00999450683594,215.30999755859375,216.77999877929688,107155400
2016-07-18,186.93447875976562,216.41000366210938,216.60000610351562,215.6699981689453,215.97000122070312,58725900
2016-07-19,186.74440002441406,216.19000244140625,216.22999572753906,215.6300048828125,215.9199981689453,54345700
2016-07-20,187.52183532714844,217.08999633789062,217.3699951171875,216.19000244140625,216.19000244140625,58159500
2016-07-21,186.81353759765625,216.27000427246094,217.22000122070312,215.75,216.9600067138672,67777300
2016-07-22,187.6514129638672,217.24000549316406,217.3000030517578,216.10000610351562,216.41000366210938,62787500
2016-07-25,187.14175415039062,216.64999389648438,217.05999755859375,215.97000122070312,217.0,55873100
2016-07-26,187.2281494140625,216.75,217.1699981689453,215.75999450683594,216.52999877929688,70080500
2016-07-27,187.02947998046875,216.52000427246094,217.27000427246094,215.6199951171875,217.19000244140625,84083900
2016-07-28,187.24542236328125,216.77000427246094,217.11000061035156,215.75,216.2899932861328,65035700
2016-07-29,187.54774475097656,217.1199951171875,217.5399932861328,216.1300048828125,216.4600067138672,79519400
2016-08-01,187.39227294921875,216.94000244140625,217.64999389648438,216.41000366210938,217.19000244140625,73311400
2016-08-02,186.1915740966797,215.5500030517578,216.8300018310547,214.57000732421875,216.64999389648438,92295500
2016-08-03,186.73577880859375,216.17999267578125,216.25,215.1300048828125,215.47999572753906,53993600
2016-08-04,186.93447875976562,216.41000366210938,216.77999877929688,214.25,216.30999755859375,46585500
2016-08-05,188.46334838867188,218.17999267578125,218.22999572753906,216.41000366210938,216.41000366210938,71892200
2016-08-08,188.35108947753906,218.0500030517578,218.52000427246094,217.74000549316406,218.39999389648438,39906500
2016-08-09,188.46334838867188,218.17999267578125,218.75999450683594,217.8000030517578,218.1300048828125,51251700
2016-08-10,187.99688720703125,217.63999938964844,218.39999389648438,217.22999572753906,218.30999755859375,57941100
2016-08-11,188.86936950683594,218.64999389648438,218.94000244140625,217.9499969482422,218.25999450683594,72504300
2016-08-12,188.70521545410156,218.4600067138672,218.7100067138672,217.99000549316406,218.2899932861328,61313500
2016-08-15,189.24942016601562,219.08999633789062,219.5,218.8800048828125,218.88999938964844,49813500
2016-08-16,188.27330017089844,217.9600067138672,218.67999267578125,217.9600067138672,218.60000610351562,53213600
2016-08-17,188.62745666503906,218.3699951171875,218.52999877929688,217.02000427246094,218.0,75134300
2016-08-18,189.05076599121094,218.86000061035156,218.89999389648438,218.2100067138672,218.33999633789062,52989300
2016-08-19,188.77435302734375,218.5399932861328,218.75,217.74000549316406,218.30999755859375,75443000
2016-08-22,188.76571655273438,218.52999877929688,218.8000030517578,217.8300018310547,218.25999450683594,61368800
2016-08-23,189.145751953125,218.97000122070312,219.60000610351562,218.89999389648438,219.25,53399200
2016-08-24,188.1783447265625,217.85000610351562,218.91000366210938,217.36000061035156,218.8000030517578,71728900
2016-08-25,188.0487518310547,217.6999969482422,218.19000244140625,217.22000122070312,217.39999389648438,69224800
2016-08-26,187.6945343017578,217.2899932861328,219.1199951171875,216.25,217.9199981689453,122506300
2016-08-29,188.618896484375,218.36000061035156,218.6699981689453,217.39999389648438,217.44000244140625,70502200
2016-08-30,188.30789184570312,218.0,218.58999633789062,217.35000610351562,218.25999450683594,58114500
2016-08-31,187.7723388671875,217.3800048828125,217.75,216.47000122070312,217.61000061035156,85269500
2016-09-01,187.78097534179688,217.38999938964844,217.72999572753906,216.02999877929688,217.3699951171875,97844200
2016-09-02,188.62745666503906,218.3699951171875,218.8699951171875,217.6999969482422,218.38999938964844,79293900
2016-09-06,189.19760131835938,219.02999877929688,219.1199951171875,217.86000061035156,218.6999969482422,56702100
2016-09-07,189.18032836914062,219.00999450683594,219.22000122070312,218.3000030517578,218.83999633789062,76554900
2016-09-08,188.7484130859375,218.50999450683594,218.94000244140625,218.14999389648438,218.6199951171875,74102900
2016-09-09,184.2307891845703,213.27999877929688,217.02999877929688,213.25,216.97000122070312,221589100
2016-09-12,186.87399291992188,216.33999633789062,216.80999755859375,212.30999755859375,212.38999938964844,168110900
2016-09-13,184.18759155273438,213.22999572753906,215.14999389648438,212.5,214.83999633789062,182828800
2016-09-14,184.1184539794922,213.14999389648438,214.6999969482422,212.5,213.2899932861328,134185500
2016-09-15,185.95834350585938,215.27999877929688,215.72999572753906,212.75,212.9600067138672,134427900
2016-09-16,185.23953247070312,213.3699951171875,213.69000244140625,212.57000732421875,213.47999572753906,155236400
2016-09-19,185.27423095703125,213.41000366210938,214.8800048828125,213.02999877929688,214.1300048828125,80250500
2016-09-20,185.28294372558594,213.4199981689453,214.58999633789062,213.3800048828125,214.41000366210938,69665300
2016-09-21,187.36651611328125,215.82000732421875,216.02999877929688,213.44000244140625,214.24000549316406,110284400
2016-09-22,188.5471954345703,217.17999267578125,217.52999877929688,216.7100067138672,217.0,76678700
2016-09-23,187.5141143798828,215.99000549316406,216.8800048828125,215.8800048828125,216.72000122070312,73630900
2016-09-26,185.99478149414062,214.24000549316406,215.22999572753906,214.00999450683594,215.02000427246094,89827300
2016-09-27,187.1494598388672,215.57000732421875,215.67999267578125,213.6199951171875,214.0500030517578,78494800
2016-09-28,188.07839965820312,216.63999938964844,216.82000732421875,214.7100067138672,215.8300018310547,87411000
2016-09-29,186.37681579589844,214.67999267578125,216.8699951171875,214.0399932861328,216.39999389648438,128070600
2016-09-30,187.78321838378906,216.3000030517578,217.1199951171875,215.36000061035156,215.64999389648438,117202900
2016-10-03,187.331787109375,215.77999877929688,216.0399932861328,215.0399932861328,215.82000732421875,83512100
2016-10-04,186.37681579589844,214.67999267578125,216.1699981689453,213.99000549316406,215.91000366210938,119948100
2016-10-05,187.20156860351562,215.6300048828125,216.1300048828125,215.3300018310547,215.41000366210938,72816000
2016-10-06,187.331787109375,215.77999877929688,216.0399932861328,214.74000549316406,215.3699951171875,62927400
2016-10-07,186.68934631347656,215.0399932861328,216.3000030517578,214.19000244140625,216.10000610351562,89788300
2016-10-10,187.66172790527344,216.16000366210938,216.6999969482422,215.99000549316406,216.16000366210938,51855000
2016-10-11,185.29164123535156,213.42999267578125,215.74000549316406,212.5800018310547,215.66000366210938,130367400
2016-10-12,185.5347137451172,213.7100067138672,214.32000732421875,213.00999450683594,213.58999633789062,73866100
2016-10-13,184.92697143554688,213.00999450683594,213.58999633789062,211.2100067138672,212.16000366210938,101357000
2016-10-14,185.02244567871094,213.1199951171875,214.69000244140625,213.02999877929688,214.14999389648438,93346200
2016-10-17,184.38003540039062,212.3800048828125,213.38999938964844,212.1699981689453,213.08999633789062,58275700
2016-10-18,185.5347137451172,213.7100067138672,214.30999755859375,213.27000427246094,214.24000549316406,76869700
2016-10-19,186.02955627441406,214.27999877929688,214.63999938964844,213.60000610351562,214.02000427246094,66519200
2016-10-20,185.68226623535156,213.8800048828125,214.52999877929688,213.11000061035156,213.8699951171875,73639800
2016-10-21,185.76907348632812,213.97999572753906,214.0800018310547,212.75999450683594,213.8800048828125,89089100
2016-10-24,186.5591583251953,214.88999938964844,215.32000732421875,214.47999572753906,215.0,60146600
2016-10-25,185.93409729003906,214.1699981689453,214.97999572753906,213.97999572753906,214.67999267578125,66542300
2016-10-26,185.56072998046875,213.74000549316406,214.4199981689453,212.92999267578125,213.2100067138672,75705500
2016-10-27,185.06585693359375,213.1699981689453,214.6199951171875,213.0800018310547,214.5800018310547,77220200
2016-10-28,184.51895141601562,212.5399932861328,213.92999267578125,211.7100067138672,213.13999938964844,140623200
2016-10-31,184.5276336669922,212.5500030517578,213.19000244140625,212.36000061035156,212.92999267578125,61272500
2016-11-01,183.19068908691406,211.00999450683594,212.99000549316406,209.60000610351562,212.92999267578125,122781800
2016-11-02,182.0880889892578,209.74000549316406,211.10000610351562,209.22999572753906,210.64999389648438,103330800
2016-11-03,181.2546844482422,208.77999877929688,210.24000549316406,208.4600067138672,209.99000549316406,88939300
2016-11-04,181.0549774169922,208.5500030517578,209.88999938964844,208.3800048828125,208.91000366210938,109122100
2016-11-07,185.04849243164062,213.14999389648438,213.19000244140625,208.5500030517578,208.5500030517578,109794900
2016-11-08,185.88194274902344,214.11000061035156,214.77000427246094,212.3800048828125,212.69000244140625,106772100
2016-11-09,187.85269165039062,216.3800048828125,217.10000610351562,212.33999633789062,212.3699951171875,258429000
2016-11-10,188.32147216796875,216.9199981689453,218.30999755859375,215.22000122070312,217.3000030517578,172113300
2016-11-11,187.88739013671875,216.4199981689453,216.6999969482422,215.32000732421875,216.0800018310547,100552700
2016-11-14,188.0349884033203,216.58999633789062,217.27000427246094,215.72000122070312,217.02999877929688,94580000
2016-11-15,189.502197265625,218.27999877929688,218.27999877929688,216.8000030517578,217.0399932861328,91652600
2016-11-16,189.14625549316406,217.8699951171875,218.13999938964844,217.4199981689453,217.55999755859375,65617700
2016-11-17,190.1186065673828,218.99000549316406,219.05999755859375,217.9199981689453,218.0500030517578,69797200
2016-11-18,189.69314575195312,218.5,219.27000427246094,218.2899932861328,219.07000732421875,86265800
2016-11-21,191.12562561035156,220.14999389648438,220.17999267578125,219.0,219.1699981689453,72402600
2016-11-22,191.4989776611328,220.5800018310547,220.7899932861328,219.72999572753906,220.50999450683594,67429000
2016-11-23,191.60316467285156,220.6999969482422,220.75999450683594,219.75,219.97999572753906,56620200
2016-11-25,192.3150177001953,221.52000427246094,221.55999755859375,221.00999450683594,221.10000610351562,37872300
2016-11-28,191.412109375,220.47999572753906,221.47999572753906,220.36000061035156,221.16000366210938,76572500
2016-11-29,191.78550720214844,220.91000366210938,221.44000244140625,220.1699981689453,220.52000427246094,69886700
2016-11-30,191.3253173828125,220.3800048828125,221.82000732421875,220.30999755859375,221.6300048828125,113291800
2016-12-01,190.62217712402344,219.57000732421875,220.72999572753906,219.14999389648438,220.72999572753906,79040500
2016-12-02,190.71755981445312,219.67999267578125,220.25,219.25999450683594,219.6699981689453,74840300
2016-12-05,191.8635711669922,221.0,221.39999389648438,220.4199981689453,220.64999389648438,67837800
2016-12-06,192.47134399414062,221.6999969482422,221.74000549316406,220.66000366210938,221.22000122070312,59877400
2016-12-07,194.98895263671875,224.60000610351562,224.6699981689453,221.3800048828125,221.52000427246094,110738100
2016-12-08,195.4664306640625,225.14999389648438,225.6999969482422,224.25999450683594,224.57000732421875,99714400
2016-12-09,196.64712524414062,226.50999450683594,226.52999877929688,225.3699951171875,225.41000366210938,88005800
2016-12-12,196.42138671875,226.25,226.9600067138672,225.75999450683594,226.39999389648438,102016100
2016-12-13,197.73236083984375,227.75999450683594,228.33999633789062,227.0,227.02000427246094,110477500
2016-12-14,196.10020446777344,225.8800048828125,228.22999572753906,225.3699951171875,227.41000366210938,142501800
2016-12-15,196.9075927734375,226.80999755859375,227.80999755859375,225.88999938964844,226.16000366210938,124972600
2016-12-16,196.52249145507812,225.0399932861328,226.0800018310547,224.6699981689453,226.00999450683594,156420200
2016-12-19,196.950439453125,225.52999877929688,226.02000427246094,225.0800018310547,225.25,90341100
2016-12-20,197.7101593017578,226.39999389648438,226.57000732421875,225.8800048828125,226.14999389648438,89838800
2016-12-21,197.1599578857422,225.77000427246094,226.4499969482422,225.77000427246094,226.25,67909000
2016-12-22,196.81942749023438,225.3800048828125,225.74000549316406,224.9199981689453,225.60000610351562,56219100
2016-12-23,197.1076202392578,225.7100067138672,225.72000122070312,225.2100067138672,225.42999267578125,36697800
2016-12-27,197.59661865234375,226.27000427246094,226.72999572753906,226.0,226.02000427246094,42672500
2016-12-28,195.96359252929688,224.39999389648438,226.58999633789062,224.27000427246094,226.57000732421875,64095000
2016-12-29,195.91995239257812,224.35000610351562,224.88999938964844,223.83999633789062,224.47999572753906,48696100
2016-12-30,195.20382690429688,223.52999877929688,224.8300018310547,222.72999572753906,224.72999572753906,108998300
2017-01-03,196.69712829589844,225.24000549316406,225.8300018310547,223.8800048828125,225.0399932861328,91366500
2017-01-04,197.86734008789062,226.5800018310547,226.75,225.61000061035156,225.6199951171875,78744400
2017-01-05,197.7101593017578,226.39999389648438,226.5800018310547,225.47999572753906,226.27000427246094,78379000
2017-01-06,198.41749572753906,227.2100067138672,227.75,225.89999389648438,226.52999877929688,71559900
2017-01-09,197.7625732421875,226.4600067138672,227.07000732421875,226.4199981689453,226.91000366210938,46939700
2017-01-10,197.7625732421875,226.4600067138672,227.4499969482422,226.00999450683594,226.47999572753906,63771900
2017-01-11,198.3214111328125,227.10000610351562,227.10000610351562,225.58999633789062,226.36000061035156,74650000
2017-01-12,197.82366943359375,226.52999877929688,226.75,224.9600067138672,226.5,72113200
2017-01-13,198.2777557373047,227.0500030517578,227.39999389648438,226.69000244140625,226.72999572753906,62717900
2017-01-17,197.57911682128906,226.25,226.77999877929688,225.8000030517578,226.30999755859375,61240800
2017-01-18,198.01577758789062,226.75,226.8000030517578,225.89999389648438,226.5399932861328,54793300
2017-01-19,197.28225708007812,225.91000366210938,227.0,225.41000366210938,226.83999633789062,66608800
2017-01-20,198.00709533691406,226.74000549316406,227.30999755859375,225.97000122070312,226.6999969482422,129168600
2017-01-23,197.4918212890625,226.14999389648438,226.80999755859375,225.27000427246094,226.74000549316406,75061600
2017-01-24,198.75807189941406,227.60000610351562,228.0800018310547,226.27000427246094,226.39999389648438,95555300
2017-01-25,200.4784393310547,229.57000732421875,229.57000732421875,228.50999450683594,228.6999969482422,84437700
2017-01-26,200.2688751220703,229.3300018310547,229.7100067138672,229.00999450683594,229.39999389648438,59970700
2017-01-27,199.95443725585938,228.97000122070312,229.58999633789062,228.75999450683594,229.4199981689453,59711100
2017-01-30,198.7144317626953,227.5500030517578,228.1999969482422,226.41000366210938,228.1699981689453,79737300
2017-01-31,198.69696044921875,227.52999877929688,227.60000610351562,226.32000732421875,226.97999572753906,75880800
2017-02-01,198.7755126953125,227.6199951171875,228.58999633789062,226.94000244140625,227.52999877929688,79117700
2017-02-02,198.90650939941406,227.77000427246094,228.10000610351562,226.82000732421875,227.6199951171875,69657600
2017-02-03,200.2775421142578,229.33999633789062,229.5500030517578,228.4600067138672,228.82000732421875,80563200
2017-02-06,199.91958618164062,228.92999267578125,229.3300018310547,228.5399932861328,228.8699951171875,57790100
2017-02-07,199.92828369140625,228.94000244140625,229.66000366210938,228.72000122070312,229.3800048828125,57931200
2017-02-08,200.1902618408203,229.24000549316406,229.38999938964844,228.30999755859375,228.94000244140625,51566200
2017-02-09,201.37791442871094,230.60000610351562,230.9499969482422,229.24000549316406,229.24000549316406,65955200
2017-02-10,202.1725616455078,231.50999450683594,231.77000427246094,230.6199951171875,231.0,66015900
2017-02-13,203.27291870117188,232.77000427246094,233.07000732421875,232.0500030517578,232.0800018310547,55182100
2017-02-14,204.0850372314453,233.6999969482422,233.7100067138672,232.16000366210938,232.55999755859375,71109000
2017-02-15,205.15045166015625,234.9199981689453,235.13999938964844,233.38999938964844,233.4499969482422,86785800
2017-02-16,204.97584533691406,234.72000122070312,235.16000366210938,233.85000610351562,234.9499969482422,84722400
2017-02-17,205.29893493652344,235.08999633789062,235.08999633789062,233.92999267578125,233.9499969482422,77204100
2017-02-21,206.52154541015625,236.49000549316406,236.69000244140625,235.50999450683594,235.52000427246094,88946100
2017-02-22,206.33811950683594,236.27999877929688,236.5399932861328,235.8300018310547,236.02000427246094,62115200
2017-02-23,206.47787475585938,236.44000244140625,236.89999389648438,235.55999755859375,236.8800048828125,74615900
2017-02-24,206.7398681640625,236.74000549316406,236.7899932861328,235.41000366210938,235.4600067138672,82381600
2017-02-27,207.06295776367188,237.11000061035156,237.30999755859375,236.35000610351562,236.63999938964844,56515400
2017-02-28,206.5040283203125,236.47000122070312,236.9499969482422,236.02000427246094,236.6699981689453,96961900
2017-03-01,209.3946075439453,239.77999877929688,240.32000732421875,238.3699951171875,238.38999938964844,149158200
2017-03-02,208.0759735107422,238.27000427246094,239.57000732421875,238.2100067138672,239.55999755859375,70246000
2017-03-03,208.20697021484375,238.4199981689453,238.61000061035156,237.72999572753906,238.1699981689453,81974300
2017-03-06,207.58692932128906,237.7100067138672,238.1199951171875,237.00999450683594,237.5,55391500
2017-03-07,206.9668731689453,237.0,237.77000427246094,236.75999450683594,237.36000061035156,65103700
2017-03-08,206.58262634277344,236.55999755859375,237.63999938964844,236.39999389648438,237.33999633789062,78168800
2017-03-09,206.84461975097656,236.86000061035156,237.24000549316406,235.74000549316406,236.6999969482422,90683900
2017-03-10,207.56948852539062,237.69000244140625,238.02000427246094,236.58999633789062,237.97000122070312,81991700
2017-03-13,207.67428588867188,237.80999755859375,237.86000061035156,237.24000549316406,237.6199951171875,57256800
2017-03-14,206.87953186035156,236.89999389648438,237.24000549316406,236.19000244140625,237.17999267578125,59880800
2017-03-15,208.66978454589844,238.9499969482422,239.44000244140625,237.2899932861328,237.55999755859375,96081800
2017-03-16,208.25929260253906,238.47999572753906,239.1999969482422,238.10000610351562,239.11000061035156,78344000
2017-03-17,207.8936309814453,237.02999877929688,237.97000122070312,237.02999877929688,237.75,89002100
2017-03-20,207.6655731201172,236.77000427246094,237.36000061035156,236.32000732421875,237.02999877929688,52537000
2017-03-21,204.99925231933594,233.72999572753906,237.61000061035156,233.5800018310547,237.47000122070312,131809300
2017-03-22,205.48170471191406,234.27999877929688,234.61000061035156,233.0500030517578,233.77000427246094,97569200
2017-03-23,205.2623291015625,234.02999877929688,235.33999633789062,233.60000610351562,234.27999877929688,100410300
2017-03-24,205.1133270263672,233.86000061035156,235.0399932861328,232.9600067138672,234.3800048828125,112504900
2017-03-27,204.9027557373047,233.6199951171875,233.9199981689453,231.61000061035156,231.92999267578125,87454500
2017-03-28,206.39385986328125,235.32000732421875,235.80999755859375,233.13999938964844,233.27000427246094,93483900
2017-03-29,206.58673095703125,235.5399932861328,235.80999755859375,234.72999572753906,234.99000549316406,61950400
2017-03-30,207.24453735351562,236.2899932861328,236.52000427246094,235.27000427246094,235.47000122070312,56737900
2017-03-31,206.76219177246094,235.74000549316406,236.50999450683594,235.67999267578125,235.89999389648438,73733100
2017-04-03,206.40260314941406,235.3300018310547,236.02999877929688,233.91000366210938,235.8000030517578,85546500
2017-04-04,206.53408813476562,235.47999572753906,235.5800018310547,234.55999755859375,235.0,56466200
2017-04-05,205.9202117919922,234.77999877929688,237.38999938964844,234.5399932861328,236.25999450683594,108800600
2017-04-06,206.49908447265625,235.44000244140625,236.0399932861328,234.42999267578125,234.94000244140625,69135800
2017-04-07,206.28855895996094,235.1999969482422,236.0,234.63999938964844,235.14999389648438,74412300
2017-04-10,206.41134643554688,235.33999633789062,236.25999450683594,234.72999572753906,235.36000061035156,67615300
2017-04-11,206.16574096679688,235.05999755859375,235.17999267578125,233.33999633789062,234.89999389648438,88045300
2017-04-12,205.2623291015625,234.02999877929688,234.9600067138672,233.77000427246094,234.74000549316406,81864400
2017-04-13,203.92918395996094,232.50999450683594,234.49000549316406,232.50999450683594,233.63999938964844,92880400
2017-04-17,205.73599243164062,234.57000732421875,234.57000732421875,232.8800048828125,233.11000061035156,68405400
2017-04-18,205.12205505371094,233.8699951171875,234.49000549316406,233.0800018310547,233.72000122070312,83225800
2017-04-19,204.74490356445312,233.44000244140625,234.9499969482422,233.17999267578125,234.52000427246094,68699900
2017-04-20,206.41134643554688,235.33999633789062,235.85000610351562,233.77999877929688,234.14999389648438,92572200
2017-04-21,205.7535858154297,234.58999633789062,235.30999755859375,234.1300048828125,235.25,110389800
2017-04-24,208.01641845703125,237.1699981689453,237.41000366210938,234.55999755859375,237.17999267578125,119209900
2017-04-25,209.2267608642578,238.5500030517578,238.9499969482422,237.80999755859375,237.91000366210938,76698300
2017-04-26,209.09523010253906,238.39999389648438,239.52999877929688,238.35000610351562,238.50999450683594,84702500
2017-04-27,209.27066040039062,238.60000610351562,238.9499969482422,237.97999572753906,238.77000427246094,57410300
2017-04-28,208.8145294189453,238.0800018310547,238.92999267578125,237.92999267578125,238.89999389648438,63532800
2017-05-01,209.3407440185547,238.67999267578125,239.1699981689453,238.1999969482422,238.67999267578125,66882500
2017-05-02,209.41973876953125,238.77000427246094,238.97999572753906,238.3000030517578,238.83999633789062,57375700
2017-05-03,209.165283203125,238.47999572753906,238.8800048828125,237.6999969482422,238.77000427246094,73137700
2017-05-04,209.4109649658203,238.75999450683594,238.9199981689453,237.77999877929688,238.8300018310547,61462700
2017-05-05,210.23541259765625,239.6999969482422,239.72000122070312,238.67999267578125,239.19000244140625,62001300
2017-05-08,210.20030212402344,239.66000366210938,239.9199981689453,239.1699981689453,239.75,48385700
2017-05-09,210.00733947753906,239.44000244140625,240.19000244140625,239.0399932861328,239.9600067138672,51363200
2017-05-10,210.38449096679688,239.8699951171875,239.8699951171875,239.14999389648438,239.38999938964844,54293800
2017-05-11,209.95474243164062,239.3800048828125,239.57000732421875,238.1300048828125,239.35000610351562,62358300
2017-05-12,209.60386657714844,238.97999572753906,239.42999267578125,238.6699981689453,239.08999633789062,53912700
2017-05-15,210.7615966796875,240.3000030517578,240.44000244140625,239.4499969482422,239.47000122070312,61918900
2017-05-16,210.56869506835938,240.0800018310547,240.6699981689453,239.6300048828125,240.63999938964844,51241800
2017-05-17,206.83230590820312,235.82000732421875,240.0800018310547,235.75,240.0800018310547,172174100
2017-05-18,207.6655731201172,236.77000427246094,237.75,235.42999267578125,235.72999572753906,107047700
2017-05-19,209.0162811279297,238.30999755859375,239.0800018310547,237.27000427246094,237.3300018310547,115011400
2017-05-22,210.0775146484375,239.52000427246094,239.7100067138672,238.82000732421875,238.89999389648438,61010600
2017-05-23,210.54241943359375,240.0500030517578,240.24000549316406,239.50999450683594,239.9499969482422,48341700
2017-05-24,211.0335235595703,240.61000061035156,240.72999572753906,239.92999267578125,240.32000732421875,46927700
2017-05-25,212.04217529296875,241.75999450683594,242.0800018310547,240.9600067138672,241.1999969482422,64071700
2017-05-26,211.99835205078125,241.7100067138672,241.89999389648438,241.4499969482422,241.5399932861328,46629900
2017-05-30,211.8141326904297,241.5,241.7899932861328,241.16000366210938,241.33999633789062,35201900
2017-05-31,211.76153564453125,241.44000244140625,241.8800048828125,240.63999938964844,241.83999633789062,91796000
2017-06-01,213.44554138183594,243.36000061035156,243.3800048828125,241.63999938964844,241.97000122070312,68962000
2017-06-02,214.15589904785156,244.1699981689453,244.35000610351562,243.0800018310547,243.4199981689453,88666100
2017-06-05,213.9980926513672,243.99000549316406,244.3000030517578,243.75999450683594,243.97000122070312,44698800
2017-06-06,213.31394958496094,243.2100067138672,243.97999572753906,243.1199951171875,243.33999633789062,50375400
2017-06-07,213.70864868164062,243.66000366210938,243.9199981689453,242.8300018310547,243.60000610351562,54144300
2017-06-08,213.81393432617188,243.77999877929688,244.3300018310547,243.1699981689453,243.77000427246094,65950700
2017-06-09,213.48939514160156,243.41000366210938,245.00999450683594,241.9499969482422,244.08999633789062,132256400
2017-06-12,213.44554138183594,243.36000061035156,243.4199981689453,242.3800048828125,243.1300048828125,86108100
2017-06-13,214.48919677734375,244.5500030517578,244.61000061035156,243.5800018310547,243.97999572753906,60067000
2017-06-14,214.21731567382812,244.24000549316406,244.8699951171875,243.2899932861328,244.86000061035156,78602300
2017-06-15,213.8050994873047,243.77000427246094,243.91000366210938,242.36000061035156,242.67999267578125,66464900
2017-06-16,213.85183715820312,242.63999938964844,242.8300018310547,241.6300048828125,242.77000427246094,84553100
2017-06-19,215.6321563720703,244.66000366210938,244.72999572753906,243.47999572753906,243.58999633789062,65123800
2017-06-20,214.1779022216797,243.00999450683594,244.25999450683594,242.99000549316406,244.25,56906400
2017-06-21,214.12506103515625,242.9499969482422,243.58999633789062,242.41000366210938,243.4600067138672,55977600
2017-06-22,214.028076171875,242.83999633789062,243.52999877929688,242.63999938964844,242.9600067138672,44148100
2017-06-23,214.28370666503906,243.1300048828125,243.50999450683594,242.47000122070312,242.91000366210938,66986800
2017-06-26,214.42466735839844,243.2899932861328,244.3800048828125,243.0500030517578,243.89999389648438,56700500
2017-06-27,212.69725036621094,241.3300018310547,243.3800048828125,241.30999755859375,243.0399932861328,82247700
2017-06-28,214.6009521484375,243.49000549316406,243.72000122070312,242.22999572753906,242.5,70042600
2017-06-29,212.71485900878906,241.35000610351562,243.72000122070312,239.9600067138672,243.66000366210938,106949700
2017-06-30,213.11146545410156,241.8000030517578,242.7100067138672,241.5800018310547,242.27999877929688,86820700
2017-07-03,213.47283935546875,242.2100067138672,243.3800048828125,242.2100067138672,242.8800048828125,39153800
2017-07-05,213.9664306640625,242.77000427246094,243.00999450683594,241.6999969482422,242.6300048828125,54427600
2017-07-06,212.0098114013672,240.5500030517578,242.02999877929688,240.33999633789062,241.88999938964844,65400800
2017-07-07,213.38473510742188,242.11000061035156,242.27999877929688,240.55999755859375,241.2100067138672,57972300
2017-07-10,213.61386108398438,242.3699951171875,242.8000030517578,241.75999450683594,242.11000061035156,36663300
2017-07-11,213.4552001953125,242.19000244140625,242.5500030517578,240.85000610351562,242.3699951171875,50354600
2017-07-12,215.0592803955078,244.00999450683594,244.1999969482422,243.3000030517578,243.3000030517578,59610400
2017-07-13,215.42059326171875,244.4199981689453,244.5500030517578,243.75999450683594,244.02000427246094,39471600
2017-07-14,216.4253387451172,245.55999755859375,245.97000122070312,244.30999755859375,244.4199981689453,60262700
2017-07-17,216.39891052246094,245.52999877929688,245.91000366210938,245.3300018310547,245.47000122070312,33531900
2017-07-18,216.51348876953125,245.66000366210938,245.72000122070312,244.6699981689453,245.05999755859375,42742500
2017-07-19,217.68572998046875,246.99000549316406,247.0,246.00999450683594,246.02000427246094,51034300
2017-07-20,217.7826690673828,247.10000610351562,247.4199981689453,246.47000122070312,247.27999877929688,47135200
2017-07-21,217.5887908935547,246.8800048828125,246.91000366210938,246.17999267578125,246.44000244140625,82340800
2017-07-24,217.53587341308594,246.82000732421875,246.97999572753906,246.27999877929688,246.7899932861328,46622300
2017-07-25,218.064697265625,247.4199981689453,247.8000030517578,247.16000366210938,247.67999267578125,54915600
2017-07-26,218.07350158691406,247.42999267578125,247.7899932861328,247.1300048828125,247.75,47575400
2017-07-27,217.87081909179688,247.1999969482422,248.0,245.67999267578125,247.9600067138672,70766600
2017-07-28,217.61521911621094,246.91000366210938,247.05999755859375,246.1300048828125,246.64999389648438,50088400
2017-07-31,217.49179077148438,246.77000427246094,247.47999572753906,246.52999877929688,247.3699951171875,65838700
2017-08-01,217.9765625,247.32000732421875,247.5,246.72000122070312,247.4600067138672,55050400
2017-08-02,218.08229064941406,247.44000244140625,247.60000610351562,246.3699951171875,247.47000122070312,47211200
2017-08-03,217.6593017578125,246.9600067138672,247.33999633789062,246.63999938964844,247.30999755859375,40856000
2017-08-04,218.05587768554688,247.41000366210938,247.7899932861328,246.97000122070312,247.52000427246094,60191800
2017-08-07,218.4613037109375,247.8699951171875,247.8699951171875,247.3699951171875,247.49000549316406,31995000
2017-08-08,217.92369079589844,247.25999450683594,248.91000366210938,246.8300018310547,247.50999450683594,61719400
2017-08-09,217.9148712158203,247.25,247.30999755859375,246.05999755859375,246.47000122070312,62632600
2017-08-10,214.83892822265625,243.75999450683594,246.44000244140625,243.6999969482422,246.2899932861328,120479500
2017-08-11,215.15621948242188,244.1199951171875,244.8000030517578,243.75,244.02000427246094,74869900
2017-08-14,217.28909301757812,246.5399932861328,246.7899932861328,245.5500030517578,245.58999633789062,73291900
2017-08-15,217.2626495361328,246.50999450683594,247.0,246.16000366210938,246.97999572753906,55242700
2017-08-16,217.64163208007812,246.94000244140625,247.57000732421875,246.4499969482422,247.11000061035156,56715500
2017-08-17,214.24842834472656,243.08999633789062,246.60000610351562,243.08999633789062,246.24000549316406,128490400
2017-08-18,213.91348266601562,242.7100067138672,244.19000244140625,242.1999969482422,242.89999389648438,136748000
2017-08-21,214.08096313476562,242.89999389648438,243.1999969482422,241.8300018310547,242.63999938964844,65469700
2017-08-22,216.3196563720703,245.44000244140625,245.6199951171875,243.5500030517578,243.57000732421875,63140100
2017-08-23,215.5440216064453,244.55999755859375,245.0500030517578,244.16000366210938,244.3300018310547,50203800
2017-08-24,215.0416717529297,243.99000549316406,245.17999267578125,243.75,245.0,50741700
2017-08-25,215.5440216064453,244.55999755859375,245.61000061035156,244.38999938964844,244.89999389648438,64445900
2017-08-28,215.5528106689453,244.57000732421875,245.1999969482422,244.08999633789062,245.1699981689453,40565600
2017-08-29,215.7996368408203,244.85000610351562,245.14999389648438,242.92999267578125,243.05999755859375,51135700
2017-08-30,216.8219451904297,246.00999450683594,246.32000732421875,244.6199951171875,244.8300018310547,62030800
2017-08-31,218.1264190673828,247.49000549316406,247.77000427246094,246.0500030517578,246.72000122070312,103803900
2017-09-01,218.43482971191406,247.83999633789062,248.3300018310547,247.6699981689453,247.9199981689453,62007000
2017-09-05,216.86602783203125,246.05999755859375,247.52000427246094,244.9499969482422,247.25999450683594,91398800
2017-09-06,217.6063690185547,246.89999389648438,247.27999877929688,246.22999572753906,246.83999633789062,57916900
2017-09-07,217.5799560546875,246.8699951171875,247.27000427246094,246.39999389648438,247.25,58034700
2017-09-08,217.32435607910156,246.5800018310547,247.11000061035156,246.3000030517578,246.5399932861328,63832800
2017-09-11,219.64230346679688,249.2100067138672,249.3000030517578,248.02000427246094,248.0399932861328,71364800
2017-09-12,220.38265991210938,250.0500030517578,250.08999633789062,249.4199981689453,249.6300048828125,56896000
2017-09-13,220.4884490966797,250.1699981689453,250.2100067138672,249.58999633789062,249.72000122070312,59228000
2017-09-14,220.4179229736328,250.08999633789062,250.32000732421875,249.60000610351562,249.8000030517578,95446300
2017-09-15,220.71463012695312,249.19000244140625,249.2899932861328,248.57000732421875,248.69000244140625,95432400
2017-09-18,221.18406677246094,249.72000122070312,250.1199951171875,249.27999877929688,249.61000061035156,46235200
2017-09-19,221.405517578125,249.97000122070312,250.07000732421875,249.60000610351562,250.0,47108100
2017-09-20,221.48521423339844,250.05999755859375,250.19000244140625,248.9199981689453,250.07000732421875,59574100
2017-09-21,220.89178466796875,249.38999938964844,249.97999572753906,249.19000244140625,249.8800048828125,48211400
2017-09-22,220.93606567382812,249.44000244140625,249.6300048828125,249.02000427246094,249.0500030517578,51214000
2017-09-25,220.4843292236328,248.92999267578125,249.5500030517578,248.0800018310547,249.14999389648438,57064400
2017-09-26,220.61720275878906,249.0800018310547,249.6999969482422,248.80999755859375,249.4199981689453,54082000
2017-09-27,221.47634887695312,250.0500030517578,250.49000549316406,248.8699951171875,249.8800048828125,81001400
2017-09-28,221.74209594726562,250.35000610351562,250.44000244140625,249.6300048828125,249.72999572753906,44778800
2017-09-29,222.52151489257812,251.22999572753906,251.32000732421875,250.1300048828125,250.33999633789062,85578000
2017-10-02,223.4869842529297,252.32000732421875,252.32000732421875,251.2899932861328,251.49000549316406,59023000
2017-10-03,223.9652862548828,252.86000061035156,252.88999938964844,252.22999572753906,252.32000732421875,66810200
2017-10-04,224.23094177246094,253.16000366210938,253.44000244140625,252.55999755859375,252.69000244140625,55953600
2017-10-05,225.5596160888672,254.66000366210938,254.67999267578125,253.1999969482422,253.5399932861328,63522800
2017-10-06,225.30271911621094,254.3699951171875,254.6999969482422,253.85000610351562,254.14999389648438,80646000
2017-10-09,224.9307403564453,253.9499969482422,254.6999969482422,253.64999389648438,254.6300048828125,35803100
2017-10-10,225.524169921875,254.6199951171875,255.0500030517578,253.97999572753906,254.60000610351562,43057400
2017-10-11,225.87843322753906,255.02000427246094,255.02000427246094,254.32000732421875,254.50999450683594,47674300
2017-10-12,225.5418243408203,254.63999938964844,255.05999755859375,254.3699951171875,254.66000366210938,47065100
2017-10-13,225.81643676757812,254.9499969482422,255.27000427246094,254.63999938964844,255.13999938964844,54800400
2017-10-16,226.1175537109375,255.2899932861328,255.50999450683594,254.82000732421875,255.2100067138672,38221700
2017-10-17,226.2770538330078,255.47000122070312,255.52000427246094,254.97999572753906,255.22999572753906,31561000
2017-10-18,226.49847412109375,255.72000122070312,255.9499969482422,255.5,255.89999389648438,40888300
2017-10-19,226.56040954589844,255.7899932861328,255.8300018310547,254.35000610351562,254.8300018310547,61903800
2017-10-20,227.72958374023438,257.1099853515625,257.1400146484375,255.77000427246094,256.70001220703125,89176400
2017-10-23,226.8438720703125,256.1099853515625,257.510009765625,256.0199890136719,257.4800109863281,63915300
2017-10-24,227.242431640625,256.55999755859375,256.8299865722656,256.1499938964844,256.6000061035156,66935900
2017-10-25,226.1175537109375,255.2899932861328,256.30999755859375,254.0,256.17999267578125,103715300
2017-10-26,226.4098663330078,255.6199951171875,256.29998779296875,255.47999572753906,255.99000549316406,69798000
2017-10-27,228.26101684570312,257.7099914550781,257.8900146484375,255.6300048828125,256.4700012207031,85562500
2017-10-30,227.41073608398438,256.75,257.6000061035156,256.4100036621094,256.4700012207031,54285700
2017-10-31,227.76502990722656,257.1499938964844,257.44000244140625,256.80999755859375,257.17999267578125,60304800
2017-11-01,228.06619262695312,257.489990234375,258.42999267578125,257.07000732421875,258.0400085449219,54202700
2017-11-02,228.1547393798828,257.5899963378906,257.75,256.19000244140625,257.4100036621094,56449500
2017-11-03,228.91653442382812,258.45001220703125,258.5,257.29998779296875,257.7699890136719,59589700
2017-11-06,229.27073669433594,258.8500061035156,259.0,258.2200012207031,258.29998779296875,49652600
2017-11-07,229.11131286621094,258.6700134277344,259.3500061035156,258.0899963378906,258.9700012207031,57502200
2017-11-08,229.50106811523438,259.1099853515625,259.2200012207031,258.1499938964844,258.4700012207031,50469600
2017-11-09,228.66847229003906,258.1700134277344,258.3900146484375,256.3599853515625,257.7300109863281,95085500
2017-11-10,228.59765625,258.0899963378906,258.2900085449219,257.3699951171875,257.7300109863281,59984700
2017-11-13,228.81021118164062,258.3299865722656,258.5899963378906,257.2699890136719,257.30999755859375,50228600
2017-11-14,228.2787322998047,257.7300109863281,257.8500061035156,256.5199890136719,257.4100036621094,61315200
2017-11-15,227.13616943359375,256.44000244140625,257.2200012207031,255.6300048828125,256.6199951171875,80811500
2017-11-16,229.0670928955078,258.6199951171875,259.0400085449219,257.4700012207031,257.5199890136719,67777000
2017-11-17,228.3939208984375,257.8599853515625,258.5899963378906,257.7699890136719,258.2200012207031,75756800
2017-11-20,228.78363037109375,258.29998779296875,258.5199890136719,257.8599853515625,258.1400146484375,48075500
2017-11-21,230.28048706054688,259.989990234375,260.20001220703125,258.260009765625,259.17999267578125,69176800
2017-11-22,230.07681274414062,259.760009765625,260.1499938964844,259.57000732421875,260.0,45033400
2017-11-24,230.6082305908203,260.3599853515625,260.4800109863281,260.1600036621094,260.32000732421875,27856500
2017-11-27,230.4931182861328,260.2300109863281,260.75,260.0,260.4100036621094,52274900
2017-11-28,232.83140563964844,262.8699951171875,262.8999938964844,260.6499938964844,260.760009765625,98971700
2017-11-29,232.68963623046875,262.7099914550781,263.6300048828125,262.20001220703125,263.0199890136719,77512100
2017-11-30,234.72682189941406,265.010009765625,266.04998779296875,263.6700134277344,263.760009765625,127894400
2017-12-01,234.2396697998047,264.4599914550781,265.30999755859375,260.760009765625,264.760009765625,164390900
2017-12-04,233.95626831054688,264.1400146484375,266.79998779296875,264.0799865722656,266.30999755859375,94040600
2017-12-05,233.11477661132812,263.19000244140625,265.1499938964844,263.0400085449219,263.19000244140625,77994500
2017-12-06,233.1591033935547,263.239990234375,263.7300109863281,262.7099914550781,263.29998779296875,75898600
2017-12-07,233.8943328857422,264.07000732421875,264.42999267578125,262.94000244140625,264.07000732421875,77218600
2017-12-08,235.16970825195312,265.510009765625,265.5199890136719,264.0299987792969,265.1600036621094,76563900
2017-12-11,235.87832641601562,266.30999755859375,266.3800048828125,265.4800109863281,266.30999755859375,83077500
2017-12-12,236.2945556640625,266.7799987792969,267.32000732421875,266.3500061035156,267.2099914550781,85195800
2017-12-13,236.26805114746094,266.75,267.55999755859375,266.6499938964844,267.05999755859375,102905400
2017-12-14,235.30258178710938,265.6600036621094,267.2200012207031,265.6000061035156,267.0899963378906,100666700
2017-12-15,237.2620086669922,266.510009765625,267.0400085449219,265.3900146484375,265.45001220703125,144610300
2017-12-18,238.7666015625,268.20001220703125,268.6000061035156,267.9800109863281,268.1000061035156,83653600
2017-12-19,237.8496551513672,267.1700134277344,268.5299987792969,267.0899963378906,268.4800109863281,82382900
2017-12-20,237.72496032714844,267.0299987792969,268.3299865722656,266.69000244140625,268.2699890136719,76751500
2017-12-21,238.21461486816406,267.5799865722656,268.3900146484375,267.29998779296875,267.739990234375,67032300
2017-12-22,238.1522979736328,267.510009765625,267.6400146484375,266.8999938964844,267.6000061035156,78720900
2017-12-26,237.867431640625,267.19000244140625,267.44000244140625,266.8900146484375,267.04998779296875,45244400
2017-12-27,237.9830780029297,267.32000732421875,267.7300109863281,267.010009765625,267.3800048828125,57751000
2017-12-28,238.47276306152344,267.8699951171875,267.9200134277344,267.45001220703125,267.8900146484375,45116100
2017-12-29,237.5736083984375,266.8599853515625,268.54998779296875,266.6400146484375,268.5299987792969,96007400
2018-01-02,239.27394104003906,268.7699890136719,268.80999755859375,267.3999938964844,267.8399963378906,86655700
2018-01-03,240.78736877441406,270.4700012207031,270.6400146484375,268.9599914550781,268.9599914550781,90070400
2018-01-04,241.80227661132812,271.6099853515625,272.1600036621094,270.5400085449219,271.20001220703125,80636400
2018-01-05,243.41375732421875,273.4200134277344,273.55999755859375,271.95001220703125,272.510009765625,83524000
2018-01-08,243.8588409423828,273.9200134277344,274.1000061035156,272.9800109863281,273.30999755859375,57319200
2018-01-09,244.4108123779297,274.5400085449219,275.25,274.0799865722656,274.3999938964844,57254000
2018-01-10,244.03683471679688,274.1199951171875,274.4200134277344,272.9200134277344,273.67999267578125,69574300
2018-01-11,245.8174591064453,276.1199951171875,276.1199951171875,274.55999755859375,274.75,62361500
2018-01-12,247.4198760986328,277.9200134277344,278.1099853515625,276.0799865722656,276.4200134277344,90816100
2018-01-16,246.57415771484375,276.9700012207031,280.0899963378906,276.17999267578125,279.3500061035156,106555100
2018-01-17,248.92431640625,279.6099853515625,280.04998779296875,276.9700012207031,278.0299987792969,113258800
2018-01-18,248.50596618652344,279.1400146484375,279.9599914550781,278.5799865722656,279.4800109863281,100728000
2018-01-19,249.63656616210938,280.4100036621094,280.4100036621094,279.1400146484375,279.79998779296875,140920100
2018-01-22,251.66639709472656,282.69000244140625,282.69000244140625,280.1099853515625,280.1700134277344,91322400
2018-01-23,252.2004852294922,283.2900085449219,283.6199951171875,282.3699951171875,282.739990234375,97084700
2018-01-24,252.10250854492188,283.17999267578125,284.70001220703125,281.8399963378906,284.0199890136719,134816100
2018-01-25,252.20941162109375,283.29998779296875,284.2699890136719,282.3999938964844,284.1600036621094,84587300
2018-01-26,255.12948608398438,286.5799865722656,286.6300048828125,283.9599914550781,284.25,107743100
2018-01-29,253.43792724609375,284.67999267578125,286.42999267578125,284.5,285.92999267578125,90118300
2018-01-30,250.83839416503906,281.760009765625,284.739990234375,281.2200012207031,282.6000061035156,131796400
2018-01-31,250.9630889892578,281.8999938964844,283.29998779296875,280.67999267578125,282.7300109863281,108364800
2018-02-01,250.67822265625,281.5799865722656,283.05999755859375,280.67999267578125,281.07000732421875,90102500
2018-02-02,245.2209014892578,275.45001220703125,280.2300109863281,275.4100036621094,280.0799865722656,173174800
2018-02-05,234.96519470214844,263.92999267578125,275.8500061035156,263.30999755859375,273.45001220703125,294681800
2018-02-06,239.59445190429688,269.1300048828125,269.70001220703125,258.70001220703125,259.94000244140625,355026800
2018-02-07,238.29476928710938,267.6700134277344,272.3599853515625,267.5799865722656,268.5,167376100
2018-02-08,229.35655212402344,257.6300048828125,268.1700134277344,257.5899963378906,268.010009765625,246449500
2018-02-09,232.8018798828125,261.5,263.6099853515625,252.9199981689453,260.79998779296875,283565300
2018-02-12,236.2204132080078,265.3399963378906,267.010009765625,261.6600036621094,263.8299865722656,143736000
2018-02-13,236.80795288085938,266.0,266.6199951171875,263.30999755859375,263.9700012207031,81223600
2018-02-14,240.00404357910156,269.5899963378906,270.0,264.29998779296875,264.30999755859375,120735700
2018-02-15,243.0664825439453,273.0299987792969,273.0400085449219,268.7699890136719,271.57000732421875,111200300
2018-02-16,243.1376953125,273.1099853515625,275.32000732421875,272.2699890136719,272.32000732421875,160420100
2018-02-20,241.61541748046875,271.3999938964844,273.6700134277344,270.5,272.0299987792969,86369700
2018-02-21,240.41351318359375,270.04998779296875,274.7200012207031,269.94000244140625,271.8999938964844,98883700
2018-02-22,240.72509765625,270.3999938964844,273.04998779296875,269.6400146484375,271.1000061035156,110511300
2018-02-23,244.56210327148438,274.7099914550781,274.7099914550781,271.25,271.7900085449219,92766400
2018-02-26,247.40203857421875,277.8999938964844,278.010009765625,275.260009765625,275.92999267578125,86491400
2018-02-27,244.31285095214844,274.42999267578125,278.9200134277344,274.3599853515625,278.1099853515625,99099200
2018-02-28,241.8379364013672,271.6499938964844,276.19000244140625,271.2900085449219,275.67999267578125,121907800
2018-03-01,238.3214569091797,267.70001220703125,273.1700134277344,266.0,271.4100036621094,176855100
2018-03-02,239.55001831054688,269.0799865722656,269.7200012207031,264.82000732421875,265.79998779296875,139083200
2018-03-05,242.3187255859375,272.19000244140625,272.8900146484375,267.6099853515625,267.7300109863281,97307400
2018-03-06,242.93299865722656,272.8800048828125,273.3900146484375,271.17999267578125,273.29998779296875,79213200
2018-03-07,242.84400939941406,272.7799987792969,273.17999267578125,270.20001220703125,270.4200134277344,87063500
2018-03-08,244.01910400390625,274.1000061035156,274.239990234375,272.4200134277344,273.54998779296875,66901200
2018-03-09,248.265625,278.8699951171875,278.8699951171875,275.3399963378906,275.70001220703125,113625300
2018-03-12,247.9539794921875,278.5199890136719,279.9100036621094,278.0799865722656,279.20001220703125,71924800
2018-03-13,246.3515625,276.7200012207031,280.4100036621094,276.0299987792969,279.8399963378906,91968900
2018-03-14,245.08740234375,275.29998779296875,278.0199890136719,274.6700134277344,277.80999755859375,105895100
2018-03-15,244.82028198242188,275.0,276.6099853515625,274.42999267578125,275.8800048828125,83433000
2018-03-16,245.08580017089844,274.20001220703125,275.3900146484375,274.1400146484375,274.5,100343700
2018-03-19,241.76968383789062,270.489990234375,274.3999938964844,268.6199951171875,273.3500061035156,109208400
2018-03-20,242.18087768554688,270.95001220703125,271.6700134277344,270.17999267578125,270.94000244140625,59757300
2018-03-21,241.71612548828125,270.42999267578125,273.2699890136719,270.19000244140625,270.8999938964844,78709600
2018-03-22,235.67388916015625,263.6700134277344,268.8699951171875,263.3599853515625,267.9100036621094,148785900
2018-03-23,230.65052795410156,258.04998779296875,264.5400085449219,257.8299865722656,264.1700134277344,183534800
2018-03-26,236.9609375,265.1099853515625,265.42999267578125,259.4100036621094,262.1300048828125,141956100
2018-03-27,232.92979431152344,260.6000061035156,266.7699890136719,258.8399963378906,266.1700134277344,129941400
2018-03-28,232.24156188964844,259.8299865722656,262.6400146484375,258.5799865722656,260.75,146452300
2018-03-29,235.20909118652344,263.1499938964844,265.260009765625,259.8399963378906,261.1199951171875,111601600
2018-04-02,230.13214111328125,257.4700012207031,263.1300048828125,254.6699981689453,262.54998779296875,186286300
2018-04-03,233.08172607421875,260.7699890136719,261.30999755859375,256.8399963378906,258.8699951171875,119956900
2018-04-04,235.57553100585938,263.55999755859375,264.3599853515625,256.6000061035156,256.75,123715300
2018-04-05,237.43467712402344,265.6400146484375,266.6400146484375,264.32000732421875,265.54998779296875,82652600
2018-04-06,232.14321899414062,259.7200012207031,265.1099853515625,258.0,263.4200134277344,179521200
2018-04-09,233.28733825683594,261.0,264.8399963378906,259.94000244140625,261.3699951171875,105442900
2018-04-10,236.99673461914062,265.1499938964844,266.0400085449219,262.9800109863281,264.2699890136719,103529000
2018-04-11,235.75428771972656,263.760009765625,265.6400146484375,263.3900146484375,263.4700012207031,91140200
2018-04-12,237.69387817382812,265.92999267578125,267.0,265.05999755859375,265.260009765625,68890500
2018-04-13,236.99673461914062,265.1499938964844,267.5400085449219,264.010009765625,267.4100036621094,85079200
2018-04-16,238.94520568847656,267.3299865722656,268.20001220703125,266.07000732421875,267.0,63405300
2018-04-17,241.5015869140625,270.19000244140625,270.8699951171875,268.75,269.3299865722656,64682000
2018-04-18,241.6803741455078,270.3900146484375,271.29998779296875,269.8699951171875,270.69000244140625,57303900
2018-04-19,240.33956909179688,268.8900146484375,269.8800048828125,267.7200012207031,269.6499938964844,77655900
2018-04-20,238.3017120361328,266.6099853515625,269.05999755859375,265.6099853515625,268.80999755859375,99953100
2018-04-23,238.2659149169922,266.57000732421875,267.8900146484375,265.3500061035156,267.260009765625,65558000
2018-04-24,235.05711364746094,262.9800109863281,267.9800109863281,261.2799987792969,267.7300109863281,112885500
2018-04-25,235.63809204101562,263.6300048828125,264.1300048828125,260.8500061035156,262.9100036621094,103840900
2018-04-26,238.0335693359375,266.30999755859375,267.25,264.2900085449219,264.7900085449219,67731900
2018-04-27,238.2569580078125,266.55999755859375,267.3399963378906,265.5,267.0,57053600
2018-04-30,236.42462158203125,264.510009765625,267.8900146484375,264.42999267578125,267.260009765625,82182300
2018-05-01,236.84471130371094,264.9800109863281,265.1000061035156,262.1099853515625,263.8699951171875,74203400
2018-05-02,235.2537384033203,263.20001220703125,265.67999267578125,262.760009765625,264.760009765625,86368900
2018-05-03,234.7353057861328,262.6199951171875,263.3599853515625,259.04998779296875,262.260009765625,136311500
2018-05-04,237.77427673339844,266.0199890136719,266.7900085449219,261.1499938964844,261.5199890136719,91222100
2018-05-07,238.57875061035156,266.9200134277344,268.0199890136719,266.1099853515625,266.8900146484375,55304900
2018-05-08,238.57875061035156,266.9200134277344,267.3299865722656,265.1499938964844,266.5,67499200
2018-05-09,240.88487243652344,269.5,269.8699951171875,267.0899963378906,267.67999267578125,59666100
2018-05-10,243.13720703125,272.0199890136719,272.3900146484375,270.2200012207031,270.3399963378906,72063900
2018-05-11,243.8791046142578,272.8500061035156,273.1499938964844,271.5799865722656,272.1600036621094,59871500
2018-05-14,243.99533081054688,272.9800109863281,274.0799865722656,272.3599853515625,273.3399963378906,54790600
2018-05-15,242.31497192382812,271.1000061035156,271.6099853515625,270.0299987792969,271.5899963378906,87036100
2018-05-16,243.33389282226562,272.239990234375,272.760009765625,271.1099853515625,271.1400146484375,53942600
2018-05-17,243.12835693359375,272.010009765625,273.2300109863281,271.1300048828125,271.94000244140625,56536400
2018-05-18,242.52047729492188,271.3299865722656,272.0299987792969,270.92999267578125,271.6199951171875,64368000
2018-05-21,244.34390258789062,273.3699951171875,273.9800109863281,272.57000732421875,273.010009765625,58025900
2018-05-22,243.66464233398438,272.6099853515625,274.25,272.239990234375,273.9599914550781,52966400
2018-05-23,244.3349609375,273.3599853515625,273.3900146484375,270.989990234375,271.1700134277344,64694200
2018-05-24,243.83445739746094,272.79998779296875,273.2200012207031,270.7799987792969,272.9100036621094,76043800
2018-05-25,243.2534637451172,272.1499938964844,272.8599853515625,271.5799865722656,272.1499938964844,56374800
2018-05-29,240.45579528808594,269.0199890136719,271.1700134277344,267.760009765625,270.30999755859375,115908600
2018-05-30,243.66464233398438,272.6099853515625,273.1099853515625,270.4200134277344,270.5,69678400
2018-05-31,242.1719207763672,270.94000244140625,272.489990234375,270.260009765625,272.1499938964844,93519900
2018-06-01,244.5495147705078,273.6000061035156,273.94000244140625,272.3299865722656,272.4100036621094,71258400
2018-06-04,245.71142578125,274.8999938964844,275.19000244140625,274.260009765625,274.5299987792969,45385200
2018-06-05,245.8902587890625,275.1000061035156,275.5299987792969,274.17999267578125,275.04998779296875,51135000
2018-06-06,247.94601440429688,277.3999938964844,277.5199890136719,275.0899963378906,275.7900085449219,62732200
2018-06-07,247.9191436767578,277.3699951171875,278.2799987792969,276.3399963378906,277.95001220703125,72969400
2018-06-08,248.65213012695312,278.19000244140625,278.25,276.6600036621094,276.8500061035156,72139700
2018-06-11,248.98281860351562,278.55999755859375,279.3699951171875,278.30999755859375,278.44000244140625,58892500
2018-06-12,249.30458068847656,278.9200134277344,279.3299865722656,278.19000244140625,279.0299987792969,72329000
2018-06-13,248.50912475585938,278.0299987792969,279.4800109863281,277.79998779296875,279.19000244140625,79070600
2018-06-14,249.13475036621094,278.7300109863281,279.3299865722656,278.05999755859375,279.010009765625,77097600
2018-06-15,248.81690979003906,277.1300048828125,277.510009765625,275.3500061035156,276.6000061035156,120041600
2018-06-18,248.30520629882812,276.55999755859375,276.70001220703125,274.95001220703125,275.489990234375,52917600
2018-06-19,247.3533935546875,275.5,275.75,273.5299987792969,274.0,97531500
2018-06-20,247.77552795410156,275.9700012207031,276.7200012207031,275.5899963378906,276.2699890136719,53785500
2018-06-21,246.22222900390625,274.239990234375,275.9800109863281,273.67999267578125,275.9599914550781,71061400
2018-06-22,246.67112731933594,274.739990234375,275.7900085449219,274.489990234375,275.6600036621094,54898500
2018-06-25,243.313232421875,271.0,273.6199951171875,269.1000061035156,273.44000244140625,137854200
2018-06-26,243.8519287109375,271.6000061035156,272.55999755859375,270.7900085449219,271.6400146484375,68547400
2018-06-27,241.83175659179688,269.3500061035156,273.8699951171875,269.17999267578125,272.260009765625,105110700
2018-06-28,243.2144775390625,270.8900146484375,271.75,268.489990234375,269.2900085449219,76650500
2018-06-29,243.5646514892578,271.2799987792969,273.6600036621094,271.1499938964844,272.1199951171875,97592500
2018-07-02,244.0853271484375,271.8599853515625,272.0400085449219,269.239990234375,269.510009765625,63554800
2018-07-03,243.22349548339844,270.8999938964844,272.9800109863281,270.4200134277344,272.8699951171875,42187100
2018-07-05,245.20765686035156,273.1099853515625,273.17999267578125,270.9599914550781,272.1700134277344,56925900
2018-07-06,247.28163146972656,275.4200134277344,275.8399963378906,272.7099914550781,273.1400146484375,66493700
2018-07-09,249.5082550048828,277.8999938964844,277.9599914550781,276.5,276.54998779296875,50550400
2018-07-10,250.4060821533203,278.8999938964844,279.010009765625,278.0799865722656,278.4100036621094,51966800
2018-07-11,248.57456970214844,276.8599853515625,278.0400085449219,276.5199890136719,277.1499938964844,77054700
2018-07-12,250.8280792236328,279.3699951171875,279.42999267578125,277.6000061035156,278.2799987792969,60124700
2018-07-13,251.02561950683594,279.5899963378906,279.92999267578125,278.6600036621094,279.1700134277344,48216000
2018-07-16,250.80111694335938,279.3399963378906,279.79998779296875,278.8399963378906,279.6400146484375,48201000
2018-07-17,251.81578063964844,280.4700012207031,280.9100036621094,278.4100036621094,278.4700012207031,52315500
2018-07-18,252.34547424316406,281.05999755859375,281.17999267578125,280.05999755859375,280.55999755859375,44593500
2018-07-19,251.39373779296875,280.0,280.739990234375,279.4599914550781,280.30999755859375,61412100
2018-07-20,251.10643005371094,279.67999267578125,280.4800109863281,279.5,279.7699890136719,82337700
2018-07-23,251.57334899902344,280.20001220703125,280.42999267578125,279.05999755859375,279.45001220703125,47047600
2018-07-24,252.83920288085938,281.6099853515625,282.55999755859375,280.6300048828125,281.7900085449219,68026900
2018-07-25,254.9940185546875,284.010009765625,284.3699951171875,281.2799987792969,281.3299865722656,78882900
2018-07-26,254.39248657226562,283.3399963378906,284.1099853515625,283.0899963378906,283.20001220703125,57919500
2018-07-27,252.6686248779297,281.4200134277344,283.82000732421875,280.3800048828125,283.7099914550781,76768700
2018-07-30,251.3488311767578,279.95001220703125,281.69000244140625,279.3599853515625,281.510009765625,63742500
2018-07-31,252.58779907226562,281.3299865722656,282.0199890136719,280.3800048828125,280.80999755859375,68570500
2018-08-01,252.16586303710938,280.8599853515625,282.1300048828125,280.1300048828125,281.55999755859375,53853300
2018-08-02,253.53948974609375,282.3900146484375,282.5799865722656,279.1600036621094,279.3900146484375,63426400
2018-08-03,254.6259765625,283.6000061035156,283.6600036621094,282.3299865722656,282.5299987792969,53935400
2018-08-06,255.5597381591797,284.6400146484375,284.989990234375,283.20001220703125,283.6400146484375,39400900
2018-08-07,256.40362548828125,285.5799865722656,286.010009765625,285.239990234375,285.3900146484375,43196600
2018-08-08,256.2958984375,285.4599914550781,285.9100036621094,284.94000244140625,285.3900146484375,42114600
2018-08-09,255.94580078125,285.07000732421875,285.9700012207031,284.9200134277344,285.5299987792969,35717000
2018-08-10,254.23089599609375,283.1600036621094,284.05999755859375,282.3599853515625,283.45001220703125,77076000
2018-08-13,253.2792205810547,282.1000061035156,284.1600036621094,281.7699890136719,283.4700012207031,65732900
2018-08-14,254.895263671875,283.8999938964844,284.1700134277344,282.4800109863281,282.9200134277344,43842000
2018-08-15,252.9918975830078,281.7799987792969,282.5400085449219,280.1600036621094,282.3800048828125,102925400
2018-08-16,255.03890991210938,284.05999755859375,285.0400085449219,283.3599853515625,283.3999938964844,69967900
2018-08-17,255.93673706054688,285.05999755859375,285.55999755859375,283.3699951171875,283.8299865722656,65618500
2018-08-20,256.484375,285.6700134277344,285.9700012207031,285.05999755859375,285.57000732421875,39807500
2018-08-21,257.08612060546875,286.3399963378906,287.30999755859375,285.7099914550781,286.25,67272000
2018-08-22,256.9333801269531,286.1700134277344,286.760009765625,285.5799865722656,285.8800048828125,44993300
2018-08-23,256.5922546386719,285.7900085449219,286.94000244140625,285.42999267578125,285.9700012207031,49204900
2018-08-24,258.136474609375,287.510009765625,287.6700134277344,286.3800048828125,286.44000244140625,57487400
2018-08-27,260.174560546875,289.7799987792969,289.8999938964844,288.67999267578125,288.8599853515625,57072400
2018-08-28,260.3002624511719,289.9200134277344,290.4200134277344,289.3999938964844,290.29998779296875,46943500
2018-08-29,261.7008972167969,291.4800109863281,291.739990234375,289.8900146484375,290.1600036621094,61485500
2018-08-30,260.6414794921875,290.29998779296875,291.3599853515625,289.6300048828125,290.94000244140625,61229500
2018-08-31,260.650390625,290.30999755859375,290.80999755859375,289.2900085449219,289.8399963378906,66140800
2018-09-04,260.20147705078125,289.80999755859375,290.2099914550781,288.67999267578125,289.8399963378906,57594400
2018-09-05,259.50115966796875,289.0299987792969,289.6400146484375,287.8900146484375,289.4100036621094,72452400
2018-09-06,258.7200012207031,288.1600036621094,289.489990234375,287.0,289.1499938964844,65909900
2018-09-07,258.2173156738281,287.6000061035156,288.70001220703125,286.7099914550781,286.9800109863281,73524800
2018-09-10,258.6661071777344,288.1000061035156,289.0400085449219,287.8800048828125,288.739990234375,50210900
2018-09-11,259.51910400390625,289.04998779296875,289.54998779296875,286.9800109863281,287.3699951171875,50530500
2018-09-12,259.5819091796875,289.1199951171875,289.79998779296875,288.2300109863281,289.05999755859375,59810800
2018-09-13,261.11724853515625,290.8299865722656,291.0400085449219,290.0,290.32000732421875,51034200
2018-09-14,261.1620788574219,290.8800048828125,291.2699890136719,290.0,291.05999755859375,55079900
2018-09-17,259.7794494628906,289.3399963378906,290.8599853515625,289.0299987792969,290.82000732421875,68244000
2018-09-18,261.1890563964844,290.9100036621094,291.5799865722656,289.54998779296875,289.5799865722656,61930400
2018-09-19,261.4674987792969,291.2200012207031,291.69000244140625,290.8299865722656,290.9700012207031,49080600
2018-09-20,263.5863952636719,293.5799865722656,293.94000244140625,291.239990234375,292.6400146484375,100360600
2018-09-21,263.3454895019531,291.989990234375,293.2200012207031,291.80999755859375,293.0899963378906,105479700
2018-09-24,262.4707336425781,291.0199890136719,291.5,290.3699951171875,291.3399963378906,53409600
2018-09-25,262.2271423339844,290.75,291.6499938964844,290.4800109863281,291.5299987792969,44370000
2018-09-26,261.44244384765625,289.8800048828125,292.239990234375,289.4100036621094,290.9100036621094,79739700
2018-09-27,262.1730651855469,290.69000244140625,291.9100036621094,290.1000061035156,290.4100036621094,59249500
2018-09-28,262.2001037597656,290.7200012207031,291.2799987792969,289.95001220703125,289.989990234375,70091400
2018-10-01,263.11102294921875,291.7300109863281,292.92999267578125,290.9800109863281,292.1099853515625,62078900
2018-10-02,262.9576721191406,291.55999755859375,292.3599853515625,291.1400146484375,291.55999755859375,47258200
2018-10-03,263.10205078125,291.7200012207031,293.2099914550781,291.32000732421875,292.739990234375,64694600
2018-10-04,261.0456848144531,289.44000244140625,291.239990234375,287.6600036621094,291.17999267578125,111545900
2018-10-05,259.5845947265625,287.82000732421875,290.2699890136719,286.2200012207031,289.69000244140625,105951700
2018-10-08,259.5845947265625,287.82000732421875,288.2200012207031,285.5,287.04998779296875,87742200
2018-10-09,259.2059020996094,287.3999938964844,288.8599853515625,286.7699890136719,287.3900146484375,74339000
2018-10-10,250.99853515625,278.29998779296875,286.9100036621094,277.8800048828125,286.8299865722656,214731000
2018-10-11,245.46983337402344,272.1700134277344,278.8999938964844,270.3599853515625,277.0799865722656,274840500
2018-10-12,248.8790740966797,275.95001220703125,277.0899963378906,272.3699951171875,276.7699890136719,183186500
2018-10-15,247.4811248779297,274.3999938964844,277.0400085449219,274.29998779296875,275.54998779296875,102263700
2018-10-16,252.89248657226562,280.3999938964844,280.82000732421875,276.07000732421875,276.6000061035156,118255800
2018-10-17,252.93759155273438,280.45001220703125,281.1499938964844,277.55999755859375,280.44000244140625,110626000
2018-10-18,249.28494262695312,276.3999938964844,280.07000732421875,274.9700012207031,279.3999938964844,134557500
2018-10-19,249.1495819091797,276.25,279.29998779296875,275.4700012207031,277.1300048828125,139901600
2018-10-22,248.03126525878906,275.010009765625,277.3599853515625,274.4100036621094,277.0,82415800
2018-10-23,246.76858520507812,273.6099853515625,274.8699951171875,268.6099853515625,270.95001220703125,146352700
2018-10-24,239.29190063476562,265.32000732421875,273.760009765625,264.70001220703125,273.3299865722656,177806700
2018-10-25,243.58482360839844,270.0799865722656,271.80999755859375,266.2300109863281,267.3800048828125,138061500
2018-10-26,239.30087280273438,265.3299865722656,271.0,262.2900085449219,265.9200134277344,201574600
2018-10-29,237.97506713867188,263.8599853515625,270.25,259.8500061035156,268.79998779296875,160749100
2018-10-30,241.5015106201172,267.7699890136719,268.1199951171875,263.1199951171875,263.6700134277344,157116000
2018-10-31,244.08099365234375,270.6300048828125,273.2300109863281,270.1199951171875,270.6499938964844,128296300
2018-11-01,246.6783905029297,273.510009765625,273.7300109863281,270.3800048828125,271.6000061035156,99495000
2018-11-02,245.21737670898438,271.8900146484375,275.2300109863281,269.5899963378906,274.75,122634100
2018-11-05,246.57025146484375,273.3900146484375,274.010009765625,271.3500061035156,272.44000244140625,65622500
2018-11-06,248.13050842285156,275.1199951171875,275.29998779296875,273.25,273.32000732421875,60085900
2018-11-07,253.44271850585938,281.010009765625,281.1000061035156,277.0799865722656,277.55999755859375,102752100
2018-11-08,252.9827423095703,280.5,281.2200012207031,279.2200012207031,280.1099853515625,65584900
2018-11-09,250.51148986816406,277.760009765625,279.239990234375,276.17999267578125,279.0299987792969,98812600
2018-11-12,245.83067321777344,272.57000732421875,277.4599914550781,271.989990234375,277.19000244140625,99673600
2018-11-13,245.37069702148438,272.05999755859375,275.3299865722656,271.25,273.0899963378906,98176600
2018-11-14,243.69314575195312,270.20001220703125,274.6099853515625,268.45001220703125,274.1600036621094,125335900
2018-11-15,246.23638916015625,273.0199890136719,273.5400085449219,267.010009765625,268.7799987792969,135101400
2018-11-16,246.87681579589844,273.7300109863281,274.75,271.2099914550781,271.7900085449219,126668000
2018-11-19,242.7010498046875,269.1000061035156,273.3800048828125,268.07000732421875,273.04998779296875,103061700
2018-11-20,238.20960998535156,264.1199951171875,267.0,263.1499938964844,265.3599853515625,136021300
2018-11-21,239.02125549316406,265.0199890136719,267.1499938964844,265.010009765625,265.8599853515625,75563700
2018-11-23,237.42489624023438,263.25,264.82000732421875,263.07000732421875,263.17999267578125,42807900
2018-11-26,241.25796508789062,267.5,267.75,265.3399963378906,265.7799987792969,79981400
2018-11-27,242.06973266601562,268.3999938964844,268.3999938964844,265.6600036621094,266.3399963378906,75502400
2018-11-28,247.64341735839844,274.5799865722656,274.5799865722656,268.3299865722656,269.6000061035156,127629600
2018-11-29,247.10232543945312,273.9800109863281,275.54998779296875,272.42999267578125,273.7099914550781,82346400
2018-11-30,248.60853576660156,275.6499938964844,276.2799987792969,273.45001220703125,273.80999755859375,98204200
2018-12-03,251.900390625,279.29998779296875,280.3999938964844,277.510009765625,280.2799987792969,103176300
2018-12-04,243.73822021484375,270.25,278.8500061035156,269.8999938964844,278.3699951171875,177986000
2018-12-06,243.36839294433594,269.8399963378906,269.9700012207031,262.44000244140625,265.9200134277344,204185400
2018-12-07,237.71356201171875,263.57000732421875,271.2200012207031,262.6300048828125,269.4599914550781,161018900
2018-12-10,238.16453552246094,264.07000732421875,265.1600036621094,258.6199951171875,263.3699951171875,151445900
2018-12-11,238.2186279296875,264.1300048828125,267.8699951171875,262.4800109863281,267.6600036621094,121504400
2018-12-12,239.41812133789062,265.4599914550781,269.0,265.3699951171875,267.4700012207031,97976700
2018-12-13,239.3369903564453,265.3699951171875,267.489990234375,264.1199951171875,266.5199890136719,96662700
2018-12-14,234.91766357421875,260.4700012207031,264.0299987792969,259.8500061035156,262.9599914550781,116961100
2018-12-17,230.30899047851562,255.36000061035156,260.6499938964844,253.52999877929688,259.3999938964844,165492300
2018-12-18,230.0564422607422,255.0800018310547,257.95001220703125,253.27999877929688,257.20001220703125,134515100
2018-12-19,226.61122131347656,251.25999450683594,259.3999938964844,249.35000610351562,255.1699981689453,214992800
2018-12-20,222.9224395751953,247.1699981689453,251.6199951171875,244.64999389648438,249.86000061035156,252053400
2018-12-21,218.3548126220703,240.6999969482422,249.7100067138672,239.97999572753906,246.74000549316406,255345600
2018-12-24,212.58522033691406,234.33999633789062,240.83999633789062,234.27000427246094,239.0399932861328,147311600
2018-12-26,223.32608032226562,246.17999267578125,246.17999267578125,233.75999450683594,235.97000122070312,218485400
2018-12-27,225.0406494140625,248.07000732421875,248.2899932861328,238.9600067138672,242.57000732421875,186267300
2018-12-28,224.7503204345703,247.75,251.39999389648438,246.4499969482422,249.5800018310547,153100200
2018-12-31,226.7188720703125,249.9199981689453,250.19000244140625,247.47000122070312,249.55999755859375,144299400
2019-01-02,226.9547882080078,250.17999267578125,251.2100067138672,245.9499969482422,245.97999572753906,126925200
2019-01-03,221.5389862060547,244.2100067138672,248.57000732421875,243.6699981689453,248.22999572753906,144140700
2019-01-04,228.9595947265625,252.38999938964844,253.11000061035156,247.1699981689453,247.58999633789062,142628800
2019-01-07,230.76487731933594,254.3800048828125,255.9499969482422,251.69000244140625,252.69000244140625,103139100
2019-01-08,232.9329833984375,256.7699890136719,257.30999755859375,254.0,256.82000732421875,102512600
2019-01-09,234.0215606689453,257.9700012207031,258.9100036621094,256.19000244140625,257.55999755859375,95006600
2019-01-10,234.8471221923828,258.8800048828125,259.1600036621094,255.5,256.260009765625,96823900
2019-01-11,234.93783569335938,258.9800109863281,259.010009765625,257.0299987792969,257.67999267578125,73858100
2019-01-14,233.50448608398438,257.3999938964844,258.29998779296875,256.4100036621094,256.8599853515625,70908200
2019-01-15,236.1806640625,260.3500061035156,260.70001220703125,257.80999755859375,257.82000732421875,85208300
2019-01-16,236.75218200683594,260.9800109863281,261.9700012207031,260.6000061035156,260.8299865722656,77636700
2019-01-17,238.54835510253906,262.9599914550781,263.9200134277344,259.9599914550781,260.010009765625,96118400
2019-01-18,241.72341918945312,266.4599914550781,266.9800109863281,263.0,264.9800109863281,127900300
2019-01-22,238.4575958251953,262.8599853515625,265.05999755859375,261.05999755859375,264.82000732421875,115531200
2019-01-23,238.95657348632812,263.4100036621094,264.7900085449219,260.6600036621094,264.010009765625,86030300
2019-01-24,239.0835418701172,263.54998779296875,264.20001220703125,262.0799865722656,263.2099914550781,59204100
2019-01-25,241.10647583007812,265.7799987792969,266.70001220703125,263.6600036621094,265.6099853515625,96883400
2019-01-28,239.27406311035156,263.760009765625,263.8299865722656,261.7900085449219,263.3900146484375,85613700
2019-01-29,238.95657348632812,263.4100036621094,264.54998779296875,262.4800109863281,263.9200134277344,66136300
2019-01-30,242.7394256591797,267.5799865722656,268.5199890136719,264.25,265.1000061035156,92473700
2019-01-31,244.87124633789062,269.92999267578125,270.4700012207031,267.2699890136719,267.510009765625,104012100
2019-02-01,244.9891815185547,270.05999755859375,271.20001220703125,269.17999267578125,270.1499938964844,85782500
2019-02-04,246.71278381347656,271.9599914550781,272.0299987792969,269.3599853515625,270.1099853515625,60744800
2019-02-05,247.74697875976562,273.1000061035156,273.44000244140625,271.8800048828125,272.44000244140625,79552800
2019-02-06,247.42037963867188,272.739990234375,273.3399963378906,271.9200134277344,272.7900085449219,58347800
2019-02-07,245.06173706054688,270.1400146484375,271.54998779296875,268.2900085449219,270.94000244140625,95482000
2019-02-08,245.3611297607422,270.4700012207031,270.5799865722656,267.8299865722656,268.75,75788900
2019-02-11,245.49720764160156,270.6199951171875,271.489990234375,270.0299987792969,271.20001220703125,68021400
2019-02-12,248.6542205810547,274.1000061035156,274.5199890136719,272.3399963378906,272.4200134277344,72270200
2019-02-13,249.4614715576172,274.989990234375,275.92999267578125,274.55999755859375,275.0299987792969,65277200
2019-02-14,248.9082489013672,274.3800048828125,275.6400146484375,272.8699951171875,273.7799987792969,83234400
2019-02-15,251.62062072753906,277.3699951171875,277.4100036621094,276.1300048828125,276.3599853515625,97088700
2019-02-19,252.05606079101562,277.8500061035156,278.5799865722656,276.4700012207031,276.4800109863281,59120800
2019-02-20,252.56405639648438,278.4100036621094,278.9200134277344,277.25,277.80999755859375,76610800
2019-02-21,251.66603088378906,277.4200134277344,278.1000061035156,276.3500061035156,277.70001220703125,64214700
2019-02-22,253.22628784179688,279.1400146484375,279.3599853515625,277.3999938964844,278.1099853515625,78114600
2019-02-25,253.57098388671875,279.5199890136719,281.30999755859375,279.42999267578125,280.7300109863281,69030700
2019-02-26,253.38958740234375,279.32000732421875,280.29998779296875,278.8999938964844,279.1300048828125,56844100
2019-02-27,253.28074645996094,279.20001220703125,279.5899963378906,277.4800109863281,278.5199890136719,56921600
2019-02-28,252.80897521972656,278.67999267578125,279.45001220703125,278.32000732421875,278.9599914550781,69268300
2019-03-01,254.38746643066406,280.4200134277344,280.8800048828125,278.82000732421875,280.44000244140625,78880500
2019-03-04,253.46212768554688,279.3999938964844,281.8699951171875,276.8399963378906,281.6000061035156,106494600
2019-03-05,253.1174774169922,279.0199890136719,279.760009765625,278.4100036621094,279.5400085449219,59114600
2019-03-06,251.5843048095703,277.3299865722656,279.1600036621094,276.9700012207031,279.1499938964844,75039800
2019-03-07,249.47967529296875,275.010009765625,276.989990234375,274.07000732421875,276.8299865722656,94885100
2019-03-08,248.98072814941406,274.4599914550781,274.6499938964844,272.4200134277344,272.94000244140625,85795800
2019-03-11,252.59127807617188,278.44000244140625,278.6199951171875,275.2300109863281,275.260009765625,65098900
2019-03-12,253.5437774658203,279.489990234375,280.07000732421875,278.8500061035156,279.05999755859375,79667500
2019-03-13,255.22210693359375,281.3399963378906,282.3800048828125,280.29998779296875,280.4800109863281,80639200
2019-03-14,255.05873107910156,281.1600036621094,281.8399963378906,280.6700134277344,281.3699951171875,67518400
2019-03-15,256.3189392089844,281.30999755859375,282.2099914550781,280.3299865722656,280.5400085449219,81309000
2019-03-18,257.24822998046875,282.3299865722656,282.6600036621094,281.29998779296875,281.54998779296875,62199800
2019-03-19,257.31207275390625,282.3999938964844,284.3599853515625,281.4100036621094,283.510009765625,90268100
2019-03-20,256.53753662109375,281.54998779296875,283.5,280.32000732421875,282.1600036621094,84609200
2019-03-21,259.4351501464844,284.7300109863281,285.17999267578125,280.5899963378906,280.6400146484375,79550400
2019-03-22,254.4417724609375,279.25,283.79998779296875,279.17999267578125,283.2200012207031,122659300
2019-03-25,254.2505340576172,279.0400085449219,280.19000244140625,277.6400146484375,278.8699951171875,85575200
2019-03-26,256.14581298828125,281.1199951171875,282.17999267578125,279.55999755859375,280.989990234375,68125900
2019-03-27,254.80633544921875,279.6499938964844,281.760009765625,277.92999267578125,281.1099853515625,72224700
2019-03-28,255.772216796875,280.7099914550781,281.2099914550781,279.07000732421875,280.3500061035156,56238500
2019-03-29,257.3849182128906,282.4800109863281,282.8399963378906,281.1400146484375,282.3900146484375,82186800
2019-04-01,260.4373474121094,285.8299865722656,286.1600036621094,284.3999938964844,284.70001220703125,77617900
2019-04-02,260.5649108886719,285.9700012207031,286.2300109863281,285.0899963378906,286.0400085449219,40070400
2019-04-03,260.9749450683594,286.4200134277344,287.760009765625,285.75,287.32000732421875,68243200
2019-04-04,261.6673889160156,287.17999267578125,287.4599914550781,286.010009765625,286.7799987792969,48997500
2019-04-05,262.9339599609375,288.57000732421875,288.6300048828125,287.6000061035156,287.9200134277344,58621700
2019-04-08,263.1343994140625,288.7900085449219,288.9100036621094,287.3699951171875,288.1000061035156,53566300
2019-04-09,261.7857971191406,287.30999755859375,288.0799865722656,286.70001220703125,287.7200012207031,66142300
2019-04-10,262.67877197265625,288.2900085449219,288.3900146484375,287.30999755859375,287.7699890136719,52601500
2019-04-11,262.60589599609375,288.2099914550781,288.8399963378906,287.5799865722656,288.8299865722656,55093100
2019-04-12,264.3827209472656,290.1600036621094,290.4700012207031,288.260009765625,290.0,69727800
2019-04-15,264.20953369140625,289.9700012207031,290.3500061035156,289.0799865722656,290.239990234375,49596700
2019-04-16,264.3827209472656,290.1600036621094,291.010009765625,289.5,290.95001220703125,52153200
2019-04-17,263.7356872558594,289.45001220703125,291.42999267578125,288.989990234375,291.3999938964844,58268300
2019-04-18,264.2550964355469,290.0199890136719,290.32000732421875,288.6600036621094,290.1000061035156,68708500
2019-04-22,264.4829406738281,290.2699890136719,290.44000244140625,289.07000732421875,289.1700134277344,40160100
2019-04-23,266.861083984375,292.8800048828125,293.1400146484375,290.4200134277344,290.67999267578125,52246600
2019-04-24,266.2687683105469,292.2300109863281,293.1600036621094,292.07000732421875,292.7900085449219,50392900
2019-04-25,266.1047058105469,292.04998779296875,292.7799987792969,290.7300109863281,292.1199951171875,57770900
2019-04-26,267.34393310546875,293.4100036621094,293.489990234375,291.239990234375,292.1000061035156,50916400
2019-04-29,267.7630920410156,293.8699951171875,294.45001220703125,293.4100036621094,293.510009765625,57197700
2019-04-30,267.8997497558594,294.0199890136719,294.3399963378906,291.9200134277344,293.489990234375,81111700
2019-05-01,265.8860778808594,291.80999755859375,294.95001220703125,291.79998779296875,294.7200012207031,71671900
2019-05-02,265.31207275390625,291.17999267578125,292.70001220703125,289.5199890136719,291.67999267578125,65030200
2019-05-03,267.90887451171875,294.0299987792969,294.3399963378906,291.29998779296875,292.82000732421875,56543700
2019-05-06,266.80633544921875,292.82000732421875,293.30999755859375,288.8999938964844,289.25,107198100
2019-05-07,262.3507995605469,287.92999267578125,290.80999755859375,285.80999755859375,290.1499938964844,144729900
2019-05-08,261.9863586425781,287.5299987792969,289.42999267578125,286.8699951171875,287.5299987792969,91568300
2019-05-09,261.19366455078125,286.6600036621094,287.3299865722656,283.29998779296875,285.2300109863281,103471100
2019-05-10,262.5057373046875,288.1000061035156,288.94000244140625,282.29998779296875,285.6199951171875,112429300
2019-05-13,255.9088134765625,280.8599853515625,283.489990234375,279.92999267578125,282.4200134277344,127290500
2019-05-14,258.2232360839844,283.3999938964844,285.1000061035156,281.8500061035156,281.989990234375,77003200
2019-05-15,259.7356872558594,285.05999755859375,285.7699890136719,281.3599853515625,281.5899963378906,73956400
2019-05-16,262.1411437988281,287.70001220703125,289.2099914550781,285.760009765625,285.8399963378906,76749600
2019-05-17,260.446533203125,285.8399963378906,288.6000061035156,285.1199951171875,285.1400146484375,100353000
2019-05-20,258.724365234375,283.95001220703125,285.9599914550781,283.1199951171875,284.05999755859375,62877600
2019-05-21,261.056884765625,286.510009765625,286.92999267578125,285.54998779296875,285.8299865722656,46847100
2019-05-22,260.2551574707031,285.6300048828125,286.69000244140625,285.1000061035156,285.45001220703125,49482500
2019-05-23,257.0751647949219,282.1400146484375,283.2099914550781,280.57000732421875,283.1600036621094,98733800
2019-05-24,257.6582946777344,282.7799987792969,284.20001220703125,282.0899963378906,283.739990234375,55268100
2019-05-28,255.26197814941406,280.1499938964844,284.1499938964844,280.1300048828125,283.0899963378906,70029400
2019-05-29,253.54891967773438,278.2699890136719,279.3599853515625,276.7099914550781,278.9100036621094,104972900
2019-05-30,254.24143981933594,279.0299987792969,280.0400085449219,277.80999755859375,279.1099853515625,62523800
2019-05-31,250.8154754638672,275.2699890136719,277.1199951171875,275.239990234375,276.20001220703125,86862800
2019-06-03,250.17764282226562,274.57000732421875,276.54998779296875,273.0899963378906,275.30999755859375,96428000
2019-06-04,255.6082000732422,280.5299987792969,280.67999267578125,276.6199951171875,277.1199951171875,77231900
2019-06-05,257.82232666015625,282.9599914550781,282.989990234375,280.32000732421875,282.3299865722656,71169700
2019-06-06,259.4987487792969,284.79998779296875,285.54998779296875,282.57000732421875,283.2900085449219,69430400
2019-06-07,262.0957336425781,287.6499938964844,288.8500061035156,285.739990234375,285.92999267578125,74272200
2019-06-10,263.2984313964844,288.9700012207031,290.82000732421875,288.8699951171875,289.3699951171875,60799100
2019-06-11,263.2346496582031,288.8999938964844,291.3999938964844,288.17999267578125,290.989990234375,58641300
2019-06-12,262.7699279785156,288.3900146484375,289.260009765625,287.82000732421875,288.6400146484375,47096300
2019-06-13,263.8541259765625,289.5799865722656,289.9800109863281,288.6199951171875,289.3999938964844,48945200
2019-06-14,263.56268310546875,289.260009765625,289.92999267578125,288.4100036621094,289.260009765625,52324700
2019-06-17,263.66290283203125,289.3699951171875,290.2200012207031,289.17999267578125,289.5199890136719,39205700
2019-06-18,266.42364501953125,292.3999938964844,293.57000732421875,290.989990234375,291.3900146484375,85434800
2019-06-19,267.0251159667969,293.05999755859375,293.6499938964844,291.4700012207031,292.54998779296875,78674400
2019-06-20,269.57623291015625,295.8599853515625,296.30999755859375,293.1300048828125,296.0400085449219,116570000
2019-06-21,269.1844787597656,294.0,295.5199890136719,293.760009765625,294.1300048828125,83309500
2019-06-24,268.8548278808594,293.6400146484375,294.5799865722656,293.4700012207031,294.2300109863281,47582700
2019-06-25,266.21795654296875,290.760009765625,293.7300109863281,290.6400146484375,293.70001220703125,82028700
2019-06-26,265.9523620605469,290.4700012207031,292.30999755859375,290.3500061035156,291.75,51584900
2019-06-27,266.89544677734375,291.5,292.05999755859375,290.8900146484375,291.30999755859375,40355200
2019-06-28,268.2688293457031,293.0,293.54998779296875,292.010009765625,292.5799865722656,59350900
2019-07-01,270.7043151855469,295.6600036621094,296.9200134277344,294.3299865722656,296.67999267578125,78705600
2019-07-02,271.4093017578125,296.42999267578125,296.489990234375,294.67999267578125,295.6099853515625,61504500
2019-07-03,273.5792541503906,298.79998779296875,298.82000732421875,297.0199890136719,297.17999267578125,40898900
2019-07-05,273.2679748535156,298.4599914550781,298.6400146484375,296.010009765625,297.44000244140625,51677300
2019-07-08,271.7664489746094,296.82000732421875,298.260009765625,296.2200012207031,297.010009765625,45841800
2019-07-09,272.1051940917969,297.19000244140625,297.5199890136719,295.4800109863281,295.5400085449219,41101300
2019-07-10,273.4052734375,298.6099853515625,299.6600036621094,297.7799987792969,298.3699951171875,58448500
2019-07-11,274.04620361328125,299.30999755859375,299.5799865722656,298.20001220703125,299.32000732421875,50826100
2019-07-12,275.2731628417969,300.6499938964844,300.7300109863281,299.510009765625,299.8500061035156,40326000
2019-07-15,275.36468505859375,300.75,301.1300048828125,300.19000244140625,301.1300048828125,33900000
2019-07-16,274.47662353515625,299.7799987792969,300.8800048828125,299.44000244140625,300.6499938964844,36650100
2019-07-17,272.6086730957031,297.739990234375,299.92999267578125,297.739990234375,299.75,36036300
2019-07-18,273.606689453125,298.8299865722656,299.25,296.70001220703125,297.19000244140625,51392600
2019-07-19,272.0869140625,297.1700134277344,300.07000732421875,296.9800109863281,300.0400085449219,58678600
2019-07-22,272.75531005859375,297.8999938964844,298.5,297.0400085449219,297.6099853515625,43638100
2019-07-23,274.7054443359375,300.0299987792969,300.0299987792969,298.2200012207031,299.1400146484375,44564500
2019-07-24,275.99639892578125,301.44000244140625,301.44000244140625,299.0899963378906,299.19000244140625,47213200
2019-07-25,274.677978515625,300.0,301.0,299.1099853515625,300.94000244140625,55394100
2019-07-26,276.5182800292969,302.010009765625,302.2300109863281,300.6199951171875,300.760009765625,45084100
2019-07-29,276.0147399902344,301.4599914550781,302.010009765625,300.8500061035156,301.8800048828125,38126500
2019-07-30,275.3372497558594,300.7200012207031,301.1700134277344,299.489990234375,299.9100036621094,45849000
2019-07-31,272.3249206542969,297.42999267578125,301.20001220703125,295.20001220703125,300.989990234375,104245200
2019-08-01,269.9535217285156,294.8399963378906,300.8699951171875,293.9599914550781,297.6000061035156,142646600
2019-08-02,267.9208679199219,292.6199951171875,294.1199951171875,290.8999938964844,293.8500061035156,116749700
2019-08-05,259.86370849609375,283.82000732421875,288.2099914550781,281.7200012207031,288.0899963378906,178745400
2019-08-06,263.5076904296875,287.79998779296875,288.0400085449219,284.2799987792969,285.9100036621094,120711700
2019-08-07,263.6633605957031,287.9700012207031,288.82000732421875,282.0400085449219,284.3999938964844,140572300
2019-08-08,268.8365783691406,293.6199951171875,293.6199951171875,289.010009765625,289.6199951171875,87713900
2019-08-09,267.00531005859375,291.6199951171875,293.239990234375,289.6499938964844,292.5799865722656,93730000
2019-08-12,263.7549133300781,288.07000732421875,291.6099853515625,287.0199890136719,289.9599914550781,65527600
2019-08-13,267.8567810058594,292.54998779296875,294.1499938964844,287.3599853515625,287.739990234375,94299800
2019-08-14,259.9368896484375,283.8999938964844,288.739990234375,283.760009765625,288.07000732421875,135622100
2019-08-15,260.6236572265625,284.6499938964844,285.6400146484375,282.3900146484375,284.8800048828125,99556600
2019-08-16,264.4691162109375,288.8500061035156,289.3299865722656,284.7099914550781,286.4800109863281,83018300
2019-08-19,267.6553649902344,292.3299865722656,293.0799865722656,291.44000244140625,292.19000244140625,53571800
2019-08-20,265.60443115234375,290.0899963378906,292.3599853515625,289.95001220703125,291.7699890136719,51596400
2019-08-21,267.7652587890625,292.45001220703125,292.8599853515625,291.7200012207031,292.4800109863281,49524700
2019-08-22,267.68280029296875,292.3599853515625,293.92999267578125,290.3999938964844,293.2300109863281,51666400
2019-08-23,260.8067932128906,284.8500061035156,292.760009765625,283.4700012207031,290.9200134277344,149161500
2019-08-26,263.6907958984375,288.0,288.0,285.5799865722656,287.2699890136719,72423800
2019-08-27,262.6562194824219,286.8699951171875,289.95001220703125,286.0299987792969,289.5400085449219,66668900
2019-08-28,264.5057678222656,288.8900146484375,289.07000732421875,285.25,286.1400146484375,59696700
2019-08-29,267.88427734375,292.5799865722656,293.1600036621094,290.6099853515625,291.7200012207031,57899400
2019-08-30,267.7652587890625,292.45001220703125,294.239990234375,291.4200134277344,294.2200012207031,62901200
2019-09-03,266.1995544433594,290.739990234375,291.5799865722656,289.2699890136719,290.57000732421875,69101400
2019-09-04,269.2210693359375,294.0400085449219,294.05999755859375,292.30999755859375,293.1400146484375,46887300
2019-09-05,272.6820373535156,297.82000732421875,298.8299865722656,294.0,296.7900085449219,83258100
2019-09-06,272.8925476074219,298.04998779296875,298.760009765625,297.4200134277344,298.1700134277344,49584300
2019-09-09,273.0299072265625,298.20001220703125,299.239990234375,297.1600036621094,299.1400146484375,51260300
2019-09-10,272.96575927734375,298.1300048828125,298.20001220703125,295.9700012207031,297.3599853515625,57947100
2019-09-11,274.9068908691406,300.25,300.3399963378906,297.75,298.4700012207031,68821100
2019-09-12,275.85906982421875,301.2900085449219,302.4599914550781,300.4100036621094,301.25,72908700
2019-09-13,275.6759948730469,301.0899963378906,302.1700134277344,300.67999267578125,301.7799987792969,62104800
2019-09-16,274.8244934082031,300.1600036621094,301.1400146484375,299.45001220703125,299.8399963378906,58191200
2019-09-17,275.52032470703125,300.9200134277344,301.0199890136719,299.75,299.94000244140625,41475500
2019-09-18,275.6851806640625,301.1000061035156,301.2200012207031,298.239990234375,300.489990234375,73375800
2019-09-19,275.6667785644531,301.0799865722656,302.6300048828125,300.7099914550781,301.5299987792969,76560500
2019-09-20,274.3643493652344,298.2799987792969,300.6700134277344,297.4100036621094,300.3599853515625,89565000
2019-09-23,274.2999267578125,298.2099914550781,299.0,297.2699890136719,297.54998779296875,43476800
2019-09-24,272.14752197265625,295.8699951171875,299.8399963378906,294.80999755859375,299.4100036621094,94869400
2019-09-25,273.7572937011719,297.6199951171875,298.1099853515625,294.3299865722656,295.9599914550781,71854000
2019-09-26,273.1869812011719,297.0,297.8599853515625,295.45001220703125,297.6300048828125,56179700
2019-09-27,271.71527099609375,295.3999938964844,297.95001220703125,293.69000244140625,297.8299865722656,84746600
2019-09-30,272.9754638671875,296.7699890136719,297.54998779296875,295.9200134277344,295.9700012207031,51662400
2019-10-01,269.72845458984375,293.239990234375,298.4599914550781,293.0,297.739990234375,88242400
2019-10-02,264.9637451171875,288.05999755859375,291.510009765625,286.6400146484375,291.5,122539500
2019-10-03,267.13458251953125,290.4200134277344,290.45001220703125,284.82000732421875,287.80999755859375,85278800
2019-10-04,270.7493896484375,294.3500061035156,294.6300048828125,291.0799865722656,291.1400146484375,65091200
2019-10-07,269.5813293457031,293.0799865722656,295.260009765625,292.7699890136719,293.4700012207031,59610500
2019-10-08,265.3961486816406,288.5299987792969,291.8500061035156,288.489990234375,291.0400085449219,95708100
2019-10-09,267.91644287109375,291.2699890136719,292.29998779296875,290.05999755859375,290.75,62359400
2019-10-10,269.72845458984375,293.239990234375,294.2099914550781,291.0,291.17999267578125,55296300
2019-10-11,272.5247802734375,296.2799987792969,298.739990234375,296.1400146484375,296.2699890136719,98720400
2019-10-14,272.22119140625,295.95001220703125,296.6700134277344,295.57000732421875,295.92999267578125,40394800
2019-10-15,274.9162902832031,298.8800048828125,299.70001220703125,296.9700012207031,297.1000061035156,46754500
2019-10-16,274.47479248046875,298.3999938964844,299.1600036621094,297.9200134277344,298.3699951171875,48928200
2019-10-17,275.2841796875,299.2799987792969,300.239990234375,298.5199890136719,299.67999267578125,45736600
2019-10-18,274.0792236328125,297.9700012207031,299.3999938964844,297.0299987792969,298.69000244140625,64304000
2019-10-21,275.9372253417969,299.989990234375,300.2099914550781,298.94000244140625,299.4200134277344,39048600
2019-10-22,275.03582763671875,299.010009765625,300.8999938964844,298.9100036621094,300.5799865722656,48594700
2019-10-23,275.8360900878906,299.8800048828125,299.94000244140625,298.5,298.7300109863281,34352200
2019-10-24,276.2868347167969,300.3699951171875,301.07000732421875,299.4599914550781,300.9100036621094,35453100
2019-10-25,277.41815185546875,301.6000061035156,302.20001220703125,299.67999267578125,299.739990234375,45205400
2019-10-28,278.98187255859375,303.29998779296875,303.8500061035156,302.9100036621094,302.94000244140625,42147000
2019-10-29,278.8990478515625,303.2099914550781,304.2300109863281,302.8599853515625,303.0,44284900
2019-10-30,279.7545471191406,304.1400146484375,304.54998779296875,301.989990234375,303.42999267578125,49643900
2019-10-31,279.0094299316406,303.3299865722656,304.1300048828125,301.7300109863281,304.1300048828125,69053800
2019-11-01,281.5941467285156,306.1400146484375,306.19000244140625,304.739990234375,304.9200134277344,71141500
2019-11-04,282.7255554199219,307.3699951171875,308.0,306.9599914550781,307.8500061035156,60606900
2019-11-05,282.41278076171875,307.0299987792969,307.9200134277344,306.7099914550781,307.5899963378906,42933200
2019-11-06,282.4772033691406,307.1000061035156,307.3999938964844,306.05999755859375,307.0299987792969,46487100
2019-11-07,283.4704895019531,308.17999267578125,309.6499938964844,307.6600036621094,308.57000732421875,54272300
2019-11-08,284.1696472167969,308.94000244140625,309.0,307.0299987792969,307.79998779296875,49032100
2019-11-11,283.6269226074219,308.3500061035156,308.5400085449219,307.2699890136719,307.4200134277344,35797300
2019-11-12,284.2248840332031,309.0,309.989990234375,308.1499938964844,308.75,46484600
2019-11-13,284.3167724609375,309.1000061035156,309.5400085449219,307.6600036621094,307.9100036621094,53917700
2019-11-14,284.730712890625,309.54998779296875,309.6400146484375,308.0899963378906,308.7900085449219,51219900
2019-11-15,286.7911376953125,311.7900085449219,311.8399963378906,310.260009765625,311.0199890136719,62023600
2019-11-18,287.002685546875,312.0199890136719,312.2799987792969,311.0299987792969,311.5299987792969,49228000
2019-11-19,286.9198913574219,311.92999267578125,312.69000244140625,311.2200012207031,312.67999267578125,67804700
2019-11-20,285.8528747558594,310.7699890136719,311.8500061035156,309.05999755859375,311.2799987792969,79406200
2019-11-21,285.39300537109375,310.2699890136719,311.010009765625,309.3900146484375,310.8900146484375,54664700
2019-11-22,286.0276794433594,310.9599914550781,311.239990234375,309.8500061035156,311.0899963378906,44850200
2019-11-25,288.24444580078125,313.3699951171875,313.3699951171875,311.9800109863281,311.9800109863281,48647200
2019-11-26,288.8974609375,314.0799865722656,314.2799987792969,313.05999755859375,313.4100036621094,37569000
2019-11-27,290.1852111816406,315.4800109863281,315.4800109863281,314.3699951171875,314.6099853515625,44444600
2019-11-29,289.1091003417969,314.30999755859375,315.1300048828125,314.05999755859375,314.8599853515625,36592700
2019-12-02,286.65313720703125,311.6400146484375,314.6600036621094,311.1700134277344,314.5899963378906,75767800
2019-12-03,284.730712890625,309.54998779296875,309.6400146484375,307.1300048828125,308.6499938964844,73941700
2019-12-04,286.48760986328125,311.4599914550781,312.1199951171875,310.32000732421875,310.70001220703125,49080000
2019-12-05,287.002685546875,312.0199890136719,312.25,310.5799865722656,312.2300109863281,40709000
2019-12-06,289.6242370605469,314.8699951171875,315.30999755859375,314.1099853515625,314.1199951171875,48927000
2019-12-09,288.71356201171875,313.8800048828125,315.17999267578125,313.79998779296875,314.44000244140625,34838500
2019-12-10,288.3916931152344,313.5299987792969,314.54998779296875,312.80999755859375,313.82000732421875,52649800
2019-12-11,289.21026611328125,314.4200134277344,314.70001220703125,313.44000244140625,314.0299987792969,53429100
2019-12-12,291.7029724121094,317.1300048828125,317.989990234375,314.1700134277344,314.42999267578125,96389600
2019-12-13,291.8777770996094,317.32000732421875,318.6700134277344,316.0199890136719,316.8699951171875,81503900
2019-12-16,293.8830261230469,319.5,320.1499938964844,317.25,319.2200012207031,82749700
2019-12-17,293.9473571777344,319.57000732421875,320.25,319.4800109863281,319.9200134277344,61097700
2019-12-18,293.9657897949219,319.5899963378906,320.25,319.5299987792969,320.0,48133000
2019-12-19,295.17071533203125,320.8999938964844,320.9800109863281,319.5199890136719,319.79998779296875,85310500
2019-12-20,296.4648132324219,320.7300109863281,321.9700012207031,319.3900146484375,320.4599914550781,147142100
2019-12-23,296.917724609375,321.2200012207031,321.6499938964844,321.05999755859375,321.5899963378906,52990000
2019-12-24,296.927001953125,321.2300109863281,321.5199890136719,320.8999938964844,321.4700012207031,20270000
2019-12-26,298.5075988769531,322.94000244140625,322.95001220703125,321.6400146484375,321.6499938964844,30911200
2019-12-27,298.4336242675781,322.8599853515625,323.79998779296875,322.2799987792969,323.739990234375,42528800
2019-12-30,296.788330078125,321.0799865722656,323.1000061035156,320.54998779296875,322.95001220703125,49729100
2019-12-31,297.5092468261719,321.8599853515625,322.1300048828125,320.1499938964844,320.5299987792969,57077300
2020-01-02,300.29156494140625,324.8699951171875,324.8900146484375,322.5299987792969,323.5400085449219,59151200
2020-01-03,298.01763916015625,322.4100036621094,323.6400146484375,321.1000061035156,321.1600036621094,77709700
2020-01-06,299.1546936035156,323.6400146484375,323.7300109863281,320.3599853515625,320.489990234375,55653900
2020-01-07,298.31353759765625,322.7300109863281,323.5400085449219,322.239990234375,323.0199890136719,40496400
2020-01-08,299.9032897949219,324.45001220703125,325.7799987792969,322.6700134277344,322.94000244140625,68296000
2020-01-09,301.9368591308594,326.6499938964844,326.7300109863281,325.5199890136719,326.1600036621094,48473300
2020-01-10,301.06793212890625,325.7099914550781,327.4599914550781,325.20001220703125,327.2900085449219,53029300
2020-01-13,303.1384582519531,327.95001220703125,327.9599914550781,325.9200134277344,326.3900146484375,47086800
2020-01-14,302.6764221191406,327.45001220703125,328.6199951171875,326.8399963378906,327.4700012207031,62832800
2020-01-15,303.3604431152344,328.19000244140625,329.0199890136719,327.260009765625,327.3500061035156,72056600
2020-01-16,305.88385009765625,330.9200134277344,330.9200134277344,329.45001220703125,329.70001220703125,54050300
2020-01-17,306.8359375,331.95001220703125,332.17999267578125,330.8500061035156,331.70001220703125,95846000
2020-01-21,306.235107421875,331.29998779296875,332.17999267578125,330.82000732421875,330.8999938964844,77742400
2020-01-22,306.27203369140625,331.3399963378906,332.95001220703125,331.1700134277344,332.239990234375,48914900
2020-01-23,306.623291015625,331.7200012207031,332.1700134277344,329.4100036621094,330.6300048828125,51963000
2020-01-24,303.896484375,328.7699890136719,332.5299987792969,327.3599853515625,332.44000244140625,87578400
2020-01-27,299.0252380371094,323.5,325.1199951171875,322.6600036621094,323.0299987792969,84062500
2020-01-28,302.15875244140625,326.8900146484375,327.8500061035156,323.6000061035156,325.05999755859375,63834000
2020-01-29,301.90911865234375,326.6199951171875,328.6300048828125,326.3999938964844,328.3800048828125,53888900
2020-01-30,302.8890380859375,327.67999267578125,327.9100036621094,323.5400085449219,324.3599853515625,75491800
2020-01-31,297.3890686035156,321.7300109863281,327.1700134277344,320.7300109863281,327.0,113845600
2020-02-03,299.59832763671875,324.1199951171875,326.1600036621094,323.2200012207031,323.3500061035156,69083000
2020-02-04,304.1646728515625,329.05999755859375,330.010009765625,327.7200012207031,328.07000732421875,62573200
2020-02-05,307.67706298828125,332.8599853515625,333.0899963378906,330.6700134277344,332.2699890136719,65951100
2020-02-06,308.7123107910156,333.9800109863281,334.19000244140625,332.79998779296875,333.9100036621094,50359700
2020-02-07,307.0671081542969,332.20001220703125,333.989990234375,331.6000061035156,332.82000732421875,64139400
2020-02-10,309.35931396484375,334.67999267578125,334.75,331.19000244140625,331.2300109863281,42070000
2020-02-11,309.8955078125,335.260009765625,337.0199890136719,334.67999267578125,336.1600036621094,54864500
2020-02-12,311.8920593261719,337.4200134277344,337.6499938964844,336.42999267578125,336.8299865722656,43992700
2020-02-13,311.5593566894531,337.05999755859375,338.1199951171875,335.55999755859375,335.8599853515625,54501900
2020-02-14,312.0584411621094,337.6000061035156,337.7300109863281,336.20001220703125,337.510009765625,64582200
2020-02-18,311.2543029785156,336.7300109863281,337.6700134277344,335.2099914550781,336.510009765625,57226200
2020-02-19,312.7424621582031,338.3399963378906,339.0799865722656,337.4800109863281,337.7900085449219,48814700
2020-02-20,311.4576110839844,336.95001220703125,338.6400146484375,333.67999267578125,337.739990234375,74163400
2020-02-21,308.25018310546875,333.4800109863281,335.80999755859375,332.5799865722656,335.4700012207031,113788200
2020-02-24,298.0269775390625,322.4200134277344,333.55999755859375,321.239990234375,323.1400146484375,161088400
2020-02-25,288.99609375,312.6499938964844,324.6099853515625,311.69000244140625,323.94000244140625,218913200
2020-02-26,287.9331359863281,311.5,318.1099853515625,310.70001220703125,314.17999267578125,194773800
2020-02-27,275.0015563964844,297.510009765625,311.55999755859375,297.510009765625,305.4599914550781,284353500
2020-02-28,273.8460998535156,296.260009765625,297.8900146484375,285.5400085449219,288.70001220703125,384975800
2020-03-02,285.70538330078125,309.0899963378906,309.1600036621094,294.4599914550781,298.2099914550781,238703600
2020-03-03,277.5249938964844,300.239990234375,313.8399963378906,297.57000732421875,309.5,300139100
2020-03-04,289.1902160644531,312.8599853515625,313.1000061035156,303.3299865722656,306.1199951171875,176613400
2020-03-05,279.5770568847656,302.4599914550781,308.4700012207031,300.010009765625,304.9800109863281,186366800
2020-03-06,274.9552917480469,297.4599914550781,298.7799987792969,290.2300109863281,293.1499938964844,228667200
2020-03-09,253.48280334472656,274.2300109863281,284.19000244140625,273.45001220703125,275.29998779296875,309417300
2020-03-10,266.5992736816406,288.4200134277344,288.5199890136719,273.5,284.6400146484375,276444100
2020-03-11,253.60296630859375,274.3599853515625,281.94000244140625,270.8800048828125,280.70001220703125,255316300
2020-03-12,229.3389434814453,248.11000061035156,266.6600036621094,247.67999267578125,256.0,392220700
2020-03-13,248.94427490234375,269.32000732421875,271.4800109863281,248.52000427246094,263.0899963378906,329566100
2020-03-16,221.70387268066406,239.85000610351562,256.8999938964844,237.36000061035156,241.17999267578125,297240000
2020-03-17,233.67413330078125,252.8000030517578,256.1700134277344,237.07000732421875,245.0399932861328,262070500
2020-03-18,221.84254455566406,240.0,248.3699951171875,228.02000427246094,236.25,327597100
2020-03-19,222.31396484375,240.50999450683594,247.3800048828125,232.22000122070312,239.25,289322000
2020-03-20,212.73348999023438,228.8000030517578,244.47000122070312,228.5,242.52999877929688,347158800
2020-03-23,207.29428100585938,222.9499969482422,229.67999267578125,218.25999450683594,228.19000244140625,326025200
2020-03-24,226.0758056640625,243.14999389648438,244.10000610351562,233.8000030517578,234.4199981689453,235494500
2020-03-25,229.46017456054688,246.7899932861328,256.3500061035156,239.75,244.8699951171875,299430300
2020-03-26,242.8583221435547,261.20001220703125,262.79998779296875,249.0500030517578,249.52000427246094,257632800
2020-03-27,235.62466430664062,253.4199981689453,260.80999755859375,251.0500030517578,253.27000427246094,224341200
2020-03-30,243.2767791748047,261.6499938964844,262.42999267578125,253.52999877929688,255.6999969482422,171369500
2020-03-31,239.6505584716797,257.75,263.3299865722656,256.2200012207031,260.55999755859375,194881100
2020-04-01,228.8651580810547,246.14999389648438,257.6600036621094,243.89999389648438,247.97999572753906,189554600
2020-04-02,234.14627075195312,251.8300018310547,252.67999267578125,244.58999633789062,245.19000244140625,177660400
2020-04-03,230.76190185546875,248.19000244140625,253.32000732421875,245.22000122070312,250.75999450683594,135561200
2020-04-06,246.2612762451172,264.8599853515625,267.0,248.1699981689453,257.8399963378906,188061200
2020-04-07,246.5124053955078,265.1300048828125,275.0299987792969,264.8900146484375,274.2099914550781,201427200
2020-04-08,254.7873992919922,274.0299987792969,276.0,265.25,267.9599914550781,153774500
2020-04-09,258.66461181640625,278.20001220703125,281.20001220703125,275.4700012207031,277.5799865722656,189999200
2020-04-13,256.30291748046875,275.6600036621094,277.510009765625,271.4100036621094,277.1400146484375,114839100
2020-04-14,263.862060546875,283.7900085449219,284.8999938964844,275.510009765625,280.9800109863281,134143400
2020-04-15,258.2554931640625,277.760009765625,283.94000244140625,275.4599914550781,277.57000732421875,121775000
2020-04-16,259.5013427734375,279.1000061035156,280.0299987792969,275.760009765625,279.1499938964844,131798300
2020-04-17,266.51190185546875,286.6400146484375,287.29998779296875,282.3999938964844,285.3800048828125,146684800
2020-04-20,261.8165283203125,281.5899963378906,286.7900085449219,281.3500061035156,282.6099853515625,100109300
2020-04-21,253.86692810058594,273.0400085449219,278.0400085449219,272.0199890136719,276.7300109863281,126385700
2020-04-22,259.5013427734375,279.1000061035156,281.0,276.9100036621094,278.3500061035156,92951600
2020-04-23,259.4828186035156,279.0799865722656,283.94000244140625,278.75,280.489990234375,104709700
2020-04-24,263.0996398925781,282.9700012207031,283.70001220703125,278.5,280.7300109863281,85063200
2020-04-27,266.8930969238281,287.04998779296875,288.2699890136719,284.6199951171875,285.1199951171875,77896600
2020-04-28,265.6658020019531,285.7300109863281,291.3999938964844,285.3999938964844,291.0199890136719,105270000
2020-04-29,272.6206359863281,293.2099914550781,294.8800048828125,290.4100036621094,291.5299987792969,118745600
2020-04-30,270.0823059082031,290.4800109863281,293.32000732421875,288.5899963378906,291.7099914550781,122901700
2020-05-01,262.9322814941406,282.7900085449219,290.6600036621094,281.5199890136719,285.30999755859375,125180000
2020-05-04,263.657470703125,283.57000732421875,283.8999938964844,279.1300048828125,280.739990234375,80873200
2020-05-05,266.0935363769531,286.19000244140625,289.25,283.7099914550781,286.6400146484375,79569900
2020-05-06,264.2897644042969,284.25,288.4599914550781,283.7799987792969,288.0400085449219,73632600
2020-05-07,267.4789123535156,287.67999267578125,289.7799987792969,287.1300048828125,287.75,75250400
2020-05-08,271.90460205078125,292.44000244140625,292.95001220703125,289.8599853515625,291.0899963378906,76452400
2020-05-11,271.96038818359375,292.5,294.0,289.8800048828125,290.3399963378906,79514200
2020-05-12,266.539794921875,286.6700134277344,294.239990234375,286.5199890136719,293.7900085449219,95870800
2020-05-13,261.82586669921875,281.6000061035156,287.19000244140625,278.9599914550781,286.05999755859375,144721100
2020-05-14,264.95916748046875,284.9700012207031,285.1099853515625,272.989990234375,278.95001220703125,121977900
2020-05-15,266.17718505859375,286.2799987792969,286.3299865722656,281.3399963378906,282.3699951171875,111146300
2020-05-18,274.2848815917969,295.0,296.75,292.70001220703125,293.04998779296875,119703800
2020-05-19,271.4675598144531,291.9700012207031,296.2099914550781,291.95001220703125,294.3500061035156,95189300
2020-05-20,276.079345703125,296.92999267578125,297.8699951171875,295.57000732421875,295.82000732421875,85861700
2020-05-21,274.17333984375,294.8800048828125,297.6700134277344,293.69000244140625,296.7900085449219,78293900
2020-05-22,274.6940002441406,295.44000244140625,295.6300048828125,293.2200012207031,294.57000732421875,63958200
2020-05-26,278.078369140625,299.0799865722656,302.19000244140625,295.4599914550781,301.92999267578125,88951400
2020-05-27,282.2159423828125,303.5299987792969,303.57000732421875,296.8699951171875,302.1199951171875,104817400
2020-05-28,281.6951904296875,302.9700012207031,306.8399963378906,302.239990234375,304.6499938964844,90405200
2020-05-29,282.950439453125,304.32000732421875,304.9599914550781,299.4700012207031,302.4599914550781,119090800
2020-06-01,284.09405517578125,305.54998779296875,306.2099914550781,303.05999755859375,303.6199951171875,55758300
2020-06-02,286.4464111328125,308.0799865722656,308.1300048828125,305.1000061035156,306.54998779296875,74267200
2020-06-03,290.2584533691406,312.17999267578125,313.2200012207031,309.94000244140625,310.239990234375,92567600
2020-06-04,289.49603271484375,311.3599853515625,313.0,309.0799865722656,311.1099853515625,75794400
2020-06-05,296.91571044921875,319.3399963378906,321.2699890136719,317.1600036621094,317.2300109863281,150524700
2020-06-08,300.50469970703125,323.20001220703125,323.4100036621094,319.6300048828125,320.2200012207031,73641200
2020-06-09,298.26385498046875,320.7900085449219,323.2799987792969,319.3599853515625,320.29998779296875,77479200
2020-06-10,296.5995788574219,319.0,322.3900146484375,318.2200012207031,321.4200134277344,95000800
2020-06-11,279.5008850097656,300.6099853515625,312.1499938964844,300.010009765625,311.4599914550781,209243600
2020-06-12,282.84808349609375,304.2099914550781,309.0799865722656,298.6000061035156,308.239990234375,194678900
2020-06-15,285.4886474609375,307.04998779296875,308.2799987792969,296.739990234375,298.0199890136719,135782700
2020-06-16,290.98370361328125,312.9599914550781,315.6400146484375,307.6700134277344,315.4800109863281,137627500
2020-06-17,289.77496337890625,311.6600036621094,314.3900146484375,310.8599853515625,314.07000732421875,83398900
2020-06-18,289.8865661621094,311.7799987792969,312.29998779296875,309.510009765625,310.010009765625,80828700
2020-06-19,288.2298583984375,308.6400146484375,314.3800048828125,306.5299987792969,314.1700134277344,135549600
2020-06-22,290.0788879394531,310.6199951171875,311.04998779296875,306.75,307.989990234375,74649400
2020-06-23,291.4144287109375,312.04998779296875,314.5,311.6099853515625,313.489990234375,68471200
2020-06-24,283.980712890625,304.0899963378906,310.510009765625,302.1000061035156,309.8399963378906,132813500
2020-06-25,287.0251770019531,307.3500061035156,307.6400146484375,301.2799987792969,303.4700012207031,89468000
2020-06-26,280.20794677734375,300.04998779296875,306.3900146484375,299.4200134277344,306.1600036621094,127961000
2020-06-29,284.3263244628906,304.4599914550781,304.6099853515625,298.92999267578125,301.4100036621094,79773300
2020-06-30,287.9683837890625,308.3599853515625,310.20001220703125,303.82000732421875,303.989990234375,113394800
2020-07-01,289.9855651855469,310.5199890136719,311.8900146484375,309.07000732421875,309.57000732421875,72396500
2020-07-02,291.58245849609375,312.2300109863281,315.70001220703125,311.510009765625,314.239990234375,69344200
2020-07-06,296.08367919921875,317.04998779296875,317.67999267578125,315.55999755859375,316.3699951171875,61713800
2020-07-07,293.0299987792969,313.7799987792969,317.5199890136719,313.3699951171875,315.3800048828125,82910000
2020-07-08,295.2712707519531,316.17999267578125,316.29998779296875,312.70001220703125,314.6099853515625,54638600
2020-07-09,293.59033203125,314.3800048828125,317.1000061035156,310.67999267578125,316.8399963378906,83354200
2020-07-10,296.5879821777344,317.5899963378906,317.8800048828125,312.760009765625,314.30999755859375,57550400
2020-07-13,294.0198669433594,314.8399963378906,322.7099914550781,314.1300048828125,320.1300048828125,102997500
2020-07-14,297.8301086425781,318.9200134277344,319.760009765625,312.0,313.29998779296875,93657000
2020-07-15,300.56634521484375,321.8500061035156,323.0400085449219,319.2699890136719,322.4100036621094,87196500
2020-07-16,299.576416015625,320.7900085449219,321.2799987792969,319.0899963378906,319.7900085449219,54622500
2020-07-17,300.4449157714844,321.7200012207031,322.57000732421875,319.739990234375,321.8800048828125,62774900
2020-07-20,302.8729553222656,324.32000732421875,325.1300048828125,320.6199951171875,321.42999267578125,56308800
2020-07-21,303.51739501953125,325.010009765625,326.92999267578125,323.94000244140625,326.45001220703125,57292200
2020-07-22,305.2449645996094,326.8599853515625,327.20001220703125,324.5,324.6199951171875,57792900
2020-07-23,301.60284423828125,322.9599914550781,327.2300109863281,321.4800109863281,326.4700012207031,75738000
2020-07-24,299.66046142578125,320.8800048828125,321.989990234375,319.25,320.95001220703125,73766600
2020-07-27,301.8456726074219,323.2200012207031,323.4100036621094,320.7699890136719,321.6300048828125,48293000
2020-07-28,299.9312438964844,321.1700134277344,323.6400146484375,320.8500061035156,322.42999267578125,57495000
2020-07-29,303.6200256347656,325.1199951171875,325.7300109863281,322.0799865722656,322.1199951171875,48454200
2020-07-30,302.5367431640625,323.9599914550781,324.4100036621094,319.6400146484375,321.8999938964844,61861700
2020-07-31,304.92742919921875,326.5199890136719,326.6300048828125,321.3299865722656,325.8999938964844,84986800
2020-08-03,307.04736328125,328.7900085449219,329.6199951171875,327.7300109863281,328.32000732421875,53077900
2020-08-04,308.2333984375,330.05999755859375,330.05999755859375,327.8599853515625,327.8599853515625,41917900
2020-08-05,310.1478576660156,332.1099853515625,332.3900146484375,331.17999267578125,331.4700012207031,42697700
2020-08-06,312.22100830078125,334.3299865722656,334.4599914550781,331.1300048828125,331.4800109863281,43679400
2020-08-07,312.4450988769531,334.57000732421875,334.8800048828125,332.29998779296875,333.2799987792969,57308300
2020-08-10,313.37908935546875,335.57000732421875,335.7699890136719,332.9599914550781,335.05999755859375,44282100
2020-08-11,310.7922058105469,332.79998779296875,337.5400085449219,332.010009765625,336.8500061035156,69601100
2020-08-12,315.1253967285156,337.44000244140625,338.2799987792969,335.4100036621094,335.44000244140625,53774400
2020-08-13,314.5556945800781,336.8299865722656,338.25,335.8299865722656,336.6099853515625,41816100
2020-08-14,314.56500244140625,336.8399963378906,337.4200134277344,335.6199951171875,336.4100036621094,47260400
2020-08-17,315.5643005371094,337.9100036621094,338.3399963378906,336.8500061035156,337.94000244140625,35481000
2020-08-18,316.2460632324219,338.6400146484375,339.1000061035156,336.6099853515625,338.3399963378906,38733900
2020-08-19,314.9293212890625,337.2300109863281,339.6099853515625,336.6199951171875,339.04998779296875,68054200
2020-08-20,315.90985107421875,338.2799987792969,338.79998779296875,335.2200012207031,335.3599853515625,42207800
2020-08-21,317.0304260253906,339.4800109863281,339.7200012207031,337.54998779296875,337.9200134277344,55106600
2020-08-24,320.242919921875,342.9200134277344,343.0,339.45001220703125,342.1199951171875,48588700
2020-08-25,321.3636779785156,344.1199951171875,344.2099914550781,342.2699890136719,343.5299987792969,38463400
2020-08-26,324.5855407714844,347.57000732421875,347.8599853515625,344.1700134277344,344.760009765625,50790200
2020-08-27,325.29522705078125,348.3299865722656,349.8999938964844,346.5299987792969,348.510009765625,58034100
2020-08-28,327.39642333984375,350.5799865722656,350.7200012207031,348.1499938964844,349.44000244140625,48588900
2020-08-31,326.2104187011719,349.30999755859375,351.29998779296875,349.05999755859375,350.3500061035156,66099200
2020-09-01,329.2828369140625,352.6000061035156,352.7099914550781,349.239990234375,350.2099914550781,54908700
2020-09-02,334.04559326171875,357.70001220703125,358.75,353.42999267578125,354.6700134277344,69540000
2020-09-03,322.5496520996094,345.3900146484375,356.3800048828125,342.5899963378906,355.8699951171875,148011100
2020-09-04,319.91607666015625,342.57000732421875,347.8299865722656,334.8699951171875,346.1300048828125,139156300
2020-09-08,311.175048828125,333.2099914550781,342.6400146484375,332.8800048828125,336.7099914550781,114465300
2020-09-09,317.3199768066406,339.7900085449219,342.4599914550781,336.6099853515625,337.54998779296875,91462300
2020-09-10,311.8101501464844,333.8900146484375,342.5299987792969,332.8500061035156,341.82000732421875,90569500
2020-09-11,311.9689636230469,334.05999755859375,336.9700012207031,331.0,335.82000732421875,84680200
2020-09-14,316.0778503417969,338.4599914550781,340.3800048828125,334.2200012207031,337.489990234375,65605700
2020-09-15,317.6748352050781,340.1700134277344,342.0199890136719,338.4700012207031,341.1199951171875,52920900
2020-09-16,316.4140930175781,338.82000732421875,343.05999755859375,338.5199890136719,341.510009765625,82096000
2020-09-17,313.6311950683594,335.8399963378906,337.70001220703125,332.989990234375,333.55999755859375,91523300
2020-09-18,310.0204162597656,330.6499938964844,335.489990234375,327.9700012207031,335.3699951171875,105877900
2020-09-21,306.570068359375,326.9700012207031,327.1300048828125,321.7300109863281,325.70001220703125,99450800
2020-09-22,309.6922912597656,330.29998779296875,330.8999938964844,325.8599853515625,328.57000732421875,63612100
2020-09-23,302.5101623535156,322.6400146484375,331.20001220703125,322.1000061035156,330.8999938964844,93112200
2020-09-24,303.3164978027344,323.5,326.79998779296875,319.79998779296875,321.2200012207031,76681300
2020-09-25,308.22027587890625,328.7300109863281,329.5799865722656,321.6400146484375,322.5799865722656,71069400
2020-09-28,313.3395690917969,334.19000244140625,334.9599914550781,332.1499938964844,333.2200012207031,64584600
2020-09-29,311.6331787109375,332.3699951171875,334.7699890136719,331.6199951171875,333.9700012207031,51304000
2020-09-30,313.9958801269531,334.8900146484375,338.2900085449219,332.8800048828125,333.0899963378906,104081100
2020-10-01,316.0117492675781,337.0400085449219,338.739990234375,335.010009765625,337.69000244140625,88698700
2020-10-02,313.01141357421875,333.8399963378906,337.010009765625,331.19000244140625,331.70001220703125,89431100
2020-10-05,318.5620422363281,339.760009765625,339.9599914550781,336.010009765625,336.05999755859375,45713100
2020-10-06,314.0334777832031,334.92999267578125,342.1700134277344,334.3800048828125,339.9100036621094,90128900
2020-10-07,319.49969482421875,340.760009765625,341.6300048828125,338.0899963378906,338.1199951171875,56999600
2020-10-08,322.3312072753906,343.7799987792969,343.8500061035156,341.8599853515625,342.8500061035156,45242500
2020-10-09,325.2096862792969,346.8500061035156,347.3500061035156,344.8900146484375,345.55999755859375,59528600
2020-10-12,330.4415283203125,352.42999267578125,354.0199890136719,349.05999755859375,349.5899963378906,80388500
2020-10-13,328.2850036621094,350.1300048828125,352.4700012207031,349.0899963378906,352.2799987792969,73255500
2020-10-14,326.22222900390625,347.92999267578125,351.92999267578125,347.1400146484375,350.75,57727900
2020-10-15,325.8191223144531,347.5,348.0199890136719,343.1300048828125,343.7099914550781,60357700
2020-10-16,325.6221618652344,347.2900085449219,350.75,347.1000061035156,348.9599914550781,89501900
2020-10-19,320.6717224121094,342.010009765625,349.3299865722656,341.0400085449219,348.6499938964844,68425600
2020-10-20,321.95611572265625,343.3800048828125,346.8800048828125,342.6400146484375,343.4599914550781,60051900
2020-10-21,321.34674072265625,342.7300109863281,345.6700134277344,342.3999938964844,343.3299865722656,63575000
2020-10-22,323.109375,344.6099853515625,345.239990234375,340.6499938964844,342.9599914550781,55399300
2020-10-23,324.2064208984375,345.7799987792969,345.989990234375,343.1300048828125,345.92999267578125,49143900
2020-10-26,318.21514892578125,339.3900146484375,342.9800109863281,335.6199951171875,342.1300048828125,91473000
2020-10-27,317.1181335449219,338.2200012207031,340.1199951171875,337.989990234375,339.760009765625,65994100
2020-10-28,306.2793273925781,326.6600036621094,338.25,326.1300048828125,332.1000061035156,127094300
2020-10-29,309.3923034667969,329.9800109863281,333.3999938964844,325.0899963378906,326.9100036621094,90597700
2020-10-30,306.16693115234375,326.5400085449219,329.69000244140625,322.6000061035156,328.2799987792969,120287300
2020-11-02,309.5985107421875,330.20001220703125,332.3599853515625,327.239990234375,330.20001220703125,86068300
2020-11-03,315.0648193359375,336.0299987792969,338.25,330.2900085449219,333.69000244140625,93294200
2020-11-04,322.1062316894531,343.5400085449219,347.94000244140625,339.5899963378906,340.8599853515625,126959700
2020-11-05,328.38818359375,350.239990234375,352.19000244140625,348.8599853515625,349.239990234375,82039700
2020-11-06,328.3131408691406,350.1600036621094,351.510009765625,347.6499938964844,349.92999267578125,74973000
2020-11-09,332.4385986328125,354.55999755859375,364.3800048828125,354.05999755859375,363.9700012207031,172304200
2020-11-10,331.9510803222656,354.0400085449219,355.17999267578125,350.510009765625,353.489990234375,85552000
2020-11-11,334.4170837402344,356.6700134277344,357.55999755859375,355.05999755859375,356.3999938964844,58649000
2020-11-12,331.17291259765625,353.2099914550781,356.7200012207031,351.260009765625,355.5799865722656,67546200
2020-11-13,335.7577819824219,358.1000061035156,358.8999938964844,354.7099914550781,355.2699890136719,62892200
2020-11-16,339.948974609375,362.57000732421875,362.7799987792969,359.5899963378906,360.9800109863281,74541100
2020-11-17,338.12066650390625,360.6199951171875,361.9200134277344,358.3399963378906,359.9700012207031,66111000
2020-11-18,334.0513000488281,356.2799987792969,361.5,356.239990234375,360.9100036621094,70591300
2020-11-19,335.4577941894531,357.7799987792969,358.17999267578125,354.1499938964844,355.6000061035156,59940900
2020-11-20,333.16058349609375,355.3299865722656,357.7200012207031,355.25,357.5,70417300
2020-11-23,335.1577453613281,357.4599914550781,358.82000732421875,354.8699951171875,357.2799987792969,63230600
2020-11-24,340.55828857421875,363.2200012207031,363.80999755859375,359.2900085449219,360.2099914550781,62415900
2020-11-25,340.0333251953125,362.6600036621094,363.1600036621094,361.4800109863281,363.1300048828125,45330900
2020-11-27,340.9803161621094,363.6700134277344,364.17999267578125,362.5799865722656,363.8399963378906,28514100
2020-11-30,339.470703125,362.05999755859375,363.1199951171875,359.1700134277344,362.8299865722656,83872700
2020-12-01,343.1836242675781,366.0199890136719,367.67999267578125,364.92999267578125,365.57000732421875,74231400
2020-12-02,343.9056396484375,366.7900085449219,366.9599914550781,364.20001220703125,364.82000732421875,45927000
2020-12-03,343.81182861328125,366.69000244140625,368.19000244140625,365.5,366.67999267578125,62882000
2020-12-04,346.77471923828125,369.8500061035156,369.8500061035156,367.2200012207031,367.32000732421875,50749900
2020-12-07,346.0621032714844,369.0899963378906,369.6199951171875,367.7200012207031,369.0199890136719,48944300
2020-12-08,347.07476806640625,370.1700134277344,370.7799987792969,367.6700134277344,367.7200012207031,42458900
2020-12-09,343.96185302734375,366.8500061035156,371.04998779296875,365.95001220703125,370.8800048828125,74098300
2020-12-10,343.849365234375,366.7300109863281,367.8599853515625,364.42999267578125,365.3699951171875,57735400
2020-12-11,343.446044921875,366.29998779296875,366.739990234375,363.260009765625,364.8999938964844,57698600
2020-12-14,341.90850830078125,364.6600036621094,369.79998779296875,364.4700012207031,368.6400146484375,69216200
2020-12-15,346.5309143066406,369.5899963378906,369.5899963378906,365.9200134277344,367.3999938964844,63865300
2020-12-16,347.07476806640625,370.1700134277344,371.1600036621094,368.8699951171875,369.82000732421875,58420500
2020-12-17,349.01556396484375,372.239990234375,372.4599914550781,371.04998779296875,371.94000244140625,64119500
2020-12-18,347.62200927734375,369.17999267578125,371.1499938964844,367.0199890136719,370.9700012207031,136542300
2020-12-21,346.37908935546875,367.8599853515625,378.4599914550781,362.0299987792969,364.9700012207031,96386700
2020-12-22,345.79522705078125,367.239990234375,368.3299865722656,366.0299987792969,368.2099914550781,47949000
2020-12-23,346.10601806640625,367.57000732421875,369.6199951171875,367.2200012207031,368.2799987792969,46201400
2020-12-24,347.4525451660156,369.0,369.0299987792969,367.45001220703125,368.0799865722656,26457900
2020-12-28,350.43743896484375,372.1700134277344,372.5899963378906,371.07000732421875,371.739990234375,39000400
2020-12-29,349.7688903808594,371.4599914550781,374.0,370.8299865722656,373.80999755859375,53680500
2020-12-30,350.26788330078125,371.989990234375,373.1000061035156,371.57000732421875,372.3399963378906,49455300
2020-12-31,352.04754638671875,373.8800048828125,374.6600036621094,371.2300109863281,371.7799987792969,78520700
2021-01-04,347.2547912597656,368.7900085449219,375.45001220703125,364.82000732421875,375.30999755859375,110210800
2021-01-05,349.6464538574219,371.3299865722656,372.5,368.04998779296875,368.1000061035156,66426200
2021-01-06,351.73681640625,373.54998779296875,376.9800109863281,369.1199951171875,369.7099914550781,107997700
2021-01-07,356.9627380371094,379.1000061035156,379.8999938964844,375.9100036621094,376.1000061035156,68766800
2021-01-08,358.99664306640625,381.260009765625,381.489990234375,377.1000061035156,380.5899963378906,71677200
2021-01-11,356.5766906738281,378.69000244140625,380.5799865722656,377.7200012207031,377.8500061035156,51034700
2021-01-12,356.65203857421875,378.7699890136719,379.8599853515625,376.3599853515625,378.8900146484375,52547700
2021-01-13,357.61248779296875,379.7900085449219,380.8599853515625,377.8500061035156,378.69000244140625,45303600
2021-01-14,356.3601379394531,378.4599914550781,381.1300048828125,378.1000061035156,380.5899963378906,49989100
2021-01-15,353.76129150390625,375.70001220703125,377.5799865722656,373.70001220703125,376.7200012207031,107160000
2021-01-19,356.5389404296875,378.6499938964844,379.2300109863281,376.75,378.3399963378906,51233300
2021-01-20,361.4729919433594,383.8900146484375,384.7900085449219,380.69000244140625,381.1099853515625,61836100
2021-01-21,361.8026123046875,384.239990234375,384.95001220703125,383.25,384.489990234375,47840100
2021-01-22,360.52203369140625,382.8800048828125,384.1300048828125,381.8399963378906,382.25,52860500
2021-01-25,361.9438171386719,384.3900146484375,384.7699890136719,378.4599914550781,383.6700134277344,70402000
2021-01-26,361.3788757324219,383.7900085449219,385.8500061035156,383.5400085449219,385.4100036621094,42665300
2021-01-27,352.546630859375,374.4100036621094,380.32000732421875,372.010009765625,380.2200012207031,123351100
2021-01-28,355.57861328125,377.6300048828125,381.92999267578125,375.8900146484375,376.3599853515625,94198100
2021-01-29,348.46002197265625,370.07000732421875,376.6700134277344,368.2699890136719,375.6300048828125,126765100
2021-02-01,354.2603759765625,376.2300109863281,377.3399963378906,370.3800048828125,373.7200012207031,75817600
2021-02-02,359.2696533203125,381.54998779296875,383.2200012207031,376.32000732421875,379.6499938964844,64450700
2021-02-03,359.5521240234375,381.8500061035156,383.70001220703125,380.4800109863281,382.44000244140625,52427100
2021-02-04,363.6386413574219,386.19000244140625,386.239990234375,381.9700012207031,382.9599914550781,47142600
2021-02-05,365.0700378417969,387.7099914550781,388.4700012207031,386.1400146484375,388.20001220703125,48669800
2021-02-08,367.7064514160156,390.510009765625,390.55999755859375,388.3500061035156,389.2699890136719,38365200
2021-02-09,367.4616394042969,390.25,390.8900146484375,389.1700134277344,389.6099853515625,35551100
2021-02-10,367.3016052246094,390.0799865722656,392.2799987792969,387.5,392.1199951171875,59154400
2021-02-11,367.89471435546875,390.7099914550781,391.69000244140625,388.1000061035156,391.239990234375,42913300
2021-02-12,369.7121276855469,392.6400146484375,392.8999938964844,389.7699890136719,389.8500061035156,50593300
2021-02-16,369.3919372558594,392.29998779296875,394.1700134277344,391.5299987792969,393.9599914550781,50972400
2021-02-17,369.4767150878906,392.3900146484375,392.6600036621094,389.3299865722656,390.4200134277344,52290600
2021-02-18,367.9041442871094,390.7200012207031,391.5199890136719,387.739990234375,389.5899963378906,59712800
2021-02-19,367.2545166015625,390.0299987792969,392.3800048828125,389.54998779296875,392.07000732421875,83241000
2021-02-22,364.4296569824219,387.0299987792969,389.6199951171875,386.739990234375,387.05999755859375,67414200
2021-02-23,364.8721923828125,387.5,388.95001220703125,380.20001220703125,384.6600036621094,107284100
2021-02-24,368.892822265625,391.7699890136719,392.2300109863281,385.2699890136719,386.3299865722656,72433900
2021-02-25,360.004150390625,382.3299865722656,391.8800048828125,380.7799987792969,390.4100036621094,146670500
2021-02-26,358.14910888671875,380.3599853515625,385.5799865722656,378.2300109863281,384.3500061035156,152701600
2021-03-01,366.8307800292969,389.5799865722656,390.9200134277344,380.57000732421875,385.5899963378906,105348800
2021-03-02,363.9683532714844,386.5400085449219,390.07000732421875,386.0,389.82000732421875,79595300
2021-03-03,359.14727783203125,381.4200134277344,386.8299865722656,381.30999755859375,385.7900085449219,119940200
2021-03-04,354.70294189453125,376.70001220703125,384.0,371.8800048828125,381.2200012207031,183433000
2021-03-05,361.2282409667969,383.6300048828125,384.760009765625,372.6400146484375,380.4599914550781,152039600
2021-03-08,359.42974853515625,381.7200012207031,387.67999267578125,381.4200134277344,384.6600036621094,123149200
2021-03-09,364.5614929199219,387.1700134277344,389.9100036621094,385.30999755859375,385.8500061035156,113633600
2021-03-10,366.8307800292969,389.5799865722656,391.3999938964844,388.1700134277344,389.69000244140625,109899400
2021-03-11,370.5500793457031,393.5299987792969,395.6499938964844,391.739990234375,392.2300109863281,86245000
2021-03-12,371.0491638183594,394.05999755859375,394.2099914550781,391.20001220703125,392.07000732421875,64653600
2021-03-15,373.26190185546875,396.4100036621094,396.69000244140625,392.0299987792969,394.3299865722656,73427200
2021-03-16,372.7911376953125,395.9100036621094,397.8299865722656,395.0799865722656,397.07000732421875,73722500
2021-03-17,374.0623474121094,397.260009765625,398.1199951171875,393.29998779296875,394.5299987792969,97959300
2021-03-18,368.619873046875,391.4800109863281,396.7200012207031,390.75,394.4800109863281,115349100
2021-03-19,367.9377746582031,389.4800109863281,391.57000732421875,387.1499938964844,389.8800048828125,113624500
2021-03-22,370.8757019042969,392.5899963378906,394.07000732421875,389.9700012207031,390.0299987792969,73778600
2021-03-23,367.9566955566406,389.5,393.4599914550781,388.6600036621094,391.9100036621094,90686600
2021-03-24,366.086181640625,387.5199890136719,392.75,387.4700012207031,391.0,97588600
2021-03-25,368.1455993652344,389.70001220703125,390.54998779296875,383.8999938964844,385.9800109863281,116128600
2021-03-26,374.0782470703125,395.9800109863281,396.4100036621094,390.2900085449219,390.92999267578125,114409100
2021-03-29,373.8893127441406,395.7799987792969,396.75,392.80999755859375,394.3999938964844,108107600
2021-03-30,372.8974304199219,394.7300109863281,395.45001220703125,393.0199890136719,394.4200134277344,76262200
2021-03-31,374.4088439941406,396.3299865722656,398.0,395.30999755859375,395.3399963378906,112734200
2021-04-01,378.4521789550781,400.6099853515625,400.6700134277344,398.17999267578125,398.3999938964844,99682900
2021-04-05,383.8841247558594,406.3599853515625,406.94000244140625,403.3800048828125,403.4599914550781,91684800
2021-04-06,383.6573791503906,406.1199951171875,407.239990234375,405.3999938964844,405.760009765625,62021000
2021-04-07,384.10150146484375,406.5899963378906,406.9599914550781,405.45001220703125,405.94000244140625,55836300
2021-04-08,385.9245910644531,408.5199890136719,408.5799865722656,406.92999267578125,407.92999267578125,57863100
2021-04-09,388.7303466796875,411.489990234375,411.6700134277344,408.260009765625,408.3900146484375,61104600
2021-04-12,388.8721008300781,411.6400146484375,411.92999267578125,410.20001220703125,410.8500061035156,56704900
2021-04-13,390.02459716796875,412.8599853515625,413.5299987792969,411.1199951171875,411.5299987792969,56551000
2021-04-14,388.692626953125,411.45001220703125,413.9599914550781,410.8699951171875,412.8299865722656,61659900
2021-04-15,392.8681335449219,415.8699951171875,416.1600036621094,413.69000244140625,413.739990234375,60229800
2021-04-16,394.18121337890625,417.260009765625,417.9100036621094,415.7300109863281,417.25,82037300
2021-04-19,392.2445983886719,415.2099914550781,416.739990234375,413.7900085449219,416.260009765625,78498500
2021-04-20,389.372802734375,412.1700134277344,415.0899963378906,410.5899963378906,413.9100036621094,81851800
2021-04-21,393.05706787109375,416.07000732421875,416.2900085449219,411.3599853515625,411.510009765625,66793000
2021-04-22,389.46722412109375,412.2699890136719,416.7799987792969,411.1300048828125,415.8900146484375,97582800
2021-04-23,393.6899719238281,416.739990234375,418.25,412.7900085449219,412.8699951171875,73209200
2021-04-26,394.51190185546875,417.6099853515625,418.2200012207031,416.80999755859375,417.44000244140625,52182400
2021-04-27,394.4268493652344,417.5199890136719,418.1400146484375,416.29998779296875,417.92999267578125,51303100
2021-04-28,394.31341552734375,417.3999938964844,419.010009765625,416.8999938964844,417.80999755859375,51238900
2021-04-29,396.8263854980469,420.05999755859375,420.7200012207031,416.44000244140625,420.32000732421875,78544300
2021-04-30,394.218994140625,417.29998779296875,418.5400085449219,416.3399963378906,417.6300048828125,85527000
2021-05-03,395.06927490234375,418.20001220703125,419.8399963378906,417.6700134277344,419.42999267578125,68128300
2021-05-04,392.6319580078125,415.6199951171875,416.6000061035156,411.6700134277344,416.07000732421875,101591200
2021-05-05,392.7547607421875,415.75,417.6300048828125,415.1499938964844,417.3800048828125,60162200
2021-05-06,395.8911437988281,419.07000732421875,419.2099914550781,413.67999267578125,415.8299865722656,74321400
2021-05-07,398.7724304199219,422.1199951171875,422.82000732421875,419.1600036621094,419.8900146484375,67733800
2021-05-10,394.82366943359375,417.94000244140625,422.739990234375,417.80999755859375,422.5,81852400
2021-05-11,391.29986572265625,414.2099914550781,415.2699890136719,410.05999755859375,413.1000061035156,116888000
2021-05-12,382.9867248535156,405.4100036621094,412.5899963378906,404.0,411.2300109863281,134811000
2021-05-13,387.5873718261719,410.2799987792969,412.3500061035156,407.0199890136719,407.07000732421875,106394000
2021-05-14,393.538818359375,416.5799865722656,417.489990234375,413.17999267578125,413.2099914550781,82201600
2021-05-17,392.5374450683594,415.5199890136719,416.3900146484375,413.3599853515625,415.3900146484375,65129200
2021-05-18,389.155517578125,411.94000244140625,416.05999755859375,411.7699890136719,415.79998779296875,59810200
2021-05-19,388.1352233886719,410.8599853515625,411.04998779296875,405.3299865722656,406.9200134277344,106467100
2021-05-20,392.310791015625,415.2799987792969,416.6300048828125,411.6700134277344,411.79998779296875,78022200
2021-05-21,391.9895324707031,414.94000244140625,418.20001220703125,414.45001220703125,416.8699951171875,76578700
2021-05-24,395.985595703125,419.1700134277344,420.32000732421875,417.0799865722656,417.3399963378906,51376700
2021-05-25,395.1070251464844,418.239990234375,420.7099914550781,417.6199951171875,420.3299865722656,57451400
2021-05-26,395.8911437988281,419.07000732421875,419.6099853515625,417.760009765625,418.8699951171875,43088600
2021-05-27,396.0990295410156,419.2900085449219,420.7200012207031,418.989990234375,420.1700134277344,56707700
2021-05-28,396.80743408203125,420.0400085449219,421.25,419.7900085449219,420.9700012207031,58520200
2021-06-01,396.45794677734375,419.6700134277344,422.7200012207031,419.20001220703125,422.57000732421875,54216600
2021-06-02,397.0814208984375,420.3299865722656,421.2300109863281,419.2900085449219,420.3699951171875,49097100
2021-06-03,395.60772705078125,418.7699890136719,419.989990234375,416.2799987792969,417.8500061035156,58138800
2021-06-04,399.225830078125,422.6000061035156,422.9200134277344,418.8399963378906,420.75,55938800
2021-06-07,398.8385314941406,422.19000244140625,422.7799987792969,421.19000244140625,422.5899963378906,51555000
2021-06-08,398.9235534667969,422.2799987792969,423.2099914550781,420.32000732421875,423.1099853515625,47134300
2021-06-09,398.3284606933594,421.6499938964844,423.260009765625,421.4100036621094,423.17999267578125,48436300
2021-06-10,400.1800231933594,423.6099853515625,424.6300048828125,421.54998779296875,422.9599914550781,51020100
2021-06-11,400.84136962890625,424.30999755859375,424.42999267578125,422.82000732421875,424.20001220703125,45570800
2021-06-14,401.7388000488281,425.260009765625,425.3699951171875,423.1000061035156,424.42999267578125,42358500
2021-06-15,401.00189208984375,424.4800109863281,425.4599914550781,423.5400085449219,425.4200134277344,51508500
2021-06-16,398.762939453125,422.1099853515625,424.8699951171875,419.9200134277344,424.6300048828125,80386100
2021-06-17,398.63067626953125,421.9700012207031,423.0199890136719,419.32000732421875,421.6700134277344,90949700
2021-06-18,393.25311279296875,414.9200134277344,417.8299865722656,414.70001220703125,417.0899963378906,118676300
2021-06-21,398.8828125,420.8599853515625,421.05999755859375,415.92999267578125,416.79998779296875,72822000
2021-06-22,401.0152893066406,423.1099853515625,424.0,420.0799865722656,420.8500061035156,57700300
2021-06-23,400.5320129394531,422.6000061035156,424.04998779296875,422.510009765625,423.19000244140625,49445400
2021-06-24,402.9013671875,425.1000061035156,425.54998779296875,424.6199951171875,424.8900146484375,45110300
2021-06-25,404.3326110839844,426.6099853515625,427.0899963378906,425.54998779296875,425.8999938964844,58129500
2021-06-28,405.14764404296875,427.4700012207031,427.6499938964844,425.8900146484375,427.1700134277344,53159600
2021-06-29,405.36572265625,427.70001220703125,428.55999755859375,427.1300048828125,427.8800048828125,35970500
2021-06-30,405.7069091796875,428.05999755859375,428.7799987792969,427.17999267578125,427.2099914550781,64827900
2021-07-01,407.953125,430.42999267578125,430.6000061035156,428.79998779296875,428.8699951171875,53441000
2021-07-02,411.0713195800781,433.7200012207031,434.1000061035156,430.5199890136719,431.6700134277344,57697700
2021-07-06,410.3225402832031,432.92999267578125,434.010009765625,430.010009765625,433.7799987792969,68710400
2021-07-07,411.77264404296875,434.4599914550781,434.760009765625,431.510009765625,433.6600036621094,63549500
2021-07-08,408.4176025390625,430.9200134277344,431.7300109863281,427.5199890136719,428.7799987792969,97595200
2021-07-09,412.77728271484375,435.5199890136719,435.8399963378906,430.7099914550781,432.5299987792969,76238600
2021-07-12,414.25579833984375,437.0799865722656,437.3500061035156,434.9700012207031,435.42999267578125,52889600
2021-07-13,412.8436584472656,435.5899963378906,437.8399963378906,435.30999755859375,436.239990234375,52911300
2021-07-14,413.4596862792969,436.239990234375,437.9200134277344,434.9100036621094,437.3999938964844,64130400
2021-07-15,412.0475769042969,434.75,435.5299987792969,432.7200012207031,434.80999755859375,55126400
2021-07-16,408.8155822753906,431.3399963378906,436.05999755859375,430.9200134277344,436.010009765625,75874700
2021-07-19,402.7782287597656,424.9700012207031,431.4100036621094,421.9700012207031,426.19000244140625,147987000
2021-07-20,408.5501708984375,431.05999755859375,432.4200134277344,424.8299865722656,425.67999267578125,99608200
2021-07-21,411.85797119140625,434.54998779296875,434.70001220703125,431.010009765625,432.3399963378906,64724400
2021-07-22,412.72039794921875,435.4599914550781,435.7200012207031,433.69000244140625,434.739990234375,47878500
2021-07-23,416.96649169921875,439.94000244140625,440.29998779296875,436.7900085449219,437.5199890136719,63766600
2021-07-26,417.9900817871094,441.0199890136719,441.0299987792969,439.260009765625,439.30999755859375,43719200
2021-07-27,416.0850830078125,439.010009765625,439.94000244140625,435.989990234375,439.9100036621094,67397100
2021-07-28,415.91448974609375,438.8299865722656,440.29998779296875,437.30999755859375,439.67999267578125,52472400
2021-07-29,417.639404296875,440.6499938964844,441.79998779296875,439.80999755859375,439.82000732421875,47435300
2021-07-30,415.6112365722656,438.510009765625,440.05999755859375,437.7699890136719,437.9100036621094,68951200
2021-08-02,414.7392578125,437.5899963378906,440.92999267578125,437.2099914550781,440.3399963378906,58783300
2021-08-03,418.1133117675781,441.1499938964844,441.2799987792969,436.1000061035156,438.44000244140625,58053900
2021-08-04,416.056640625,438.9800109863281,441.1199951171875,438.7300109863281,439.7799987792969,46732200
2021-08-05,418.69146728515625,441.760009765625,441.8500061035156,439.8800048828125,440.2200012207031,38969700
2021-08-06,419.38330078125,442.489990234375,442.94000244140625,441.79998779296875,442.1000061035156,46930000
2021-08-09,419.0421447753906,442.1300048828125,442.79998779296875,441.30999755859375,442.4599914550781,41222600
2021-08-10,419.5635070800781,442.67999267578125,443.44000244140625,441.8800048828125,442.6099853515625,43339300
2021-08-11,420.6059265136719,443.7799987792969,443.8800048828125,442.6199951171875,443.82000732421875,44034300
2021-08-12,421.8665466308594,445.1099853515625,445.260009765625,442.6600036621094,443.6199951171875,38909400
2021-08-13,422.6342468261719,445.9200134277344,445.94000244140625,445.07000732421875,445.5899963378906,39470300
2021-08-16,423.6293640136719,446.9700012207031,447.1099853515625,442.8699951171875,444.5299987792969,73740000
2021-08-17,420.85235595703125,444.0400085449219,444.9599914550781,440.8500061035156,444.239990234375,92673900
2021-08-18,416.2461853027344,439.17999267578125,444.6300048828125,438.9200134277344,442.9599914550781,89351900
2021-08-19,416.8906555175781,439.8599853515625,441.1400146484375,436.1199951171875,436.2699890136719,92812200
2021-08-20,420.2079162597656,443.3599853515625,443.7099914550781,439.7099914550781,440.2300109863281,72008700
2021-08-23,423.90423583984375,447.260009765625,448.2300109863281,443.44000244140625,445.1600036621094,54973000
2021-08-24,424.5771789550781,447.9700012207031,448.5400085449219,447.4200134277344,447.9700012207031,38744700
2021-08-25,425.46807861328125,448.9100036621094,449.4599914550781,447.7699890136719,448.1700134277344,40529700
2021-08-26,422.95648193359375,446.260009765625,448.8599853515625,446.1600036621094,448.6099853515625,57829600
2021-08-27,426.73809814453125,450.25,450.6499938964844,447.05999755859375,447.1199951171875,77235100
2021-08-30,428.6147766113281,452.2300109863281,453.07000732421875,450.7099914550781,450.9700012207031,48357400
2021-08-31,427.97967529296875,451.55999755859375,452.489990234375,450.9200134277344,452.1300048828125,59300200
2021-09-01,428.2071533203125,451.79998779296875,453.1099853515625,451.54998779296875,452.55999755859375,48721400
2021-09-02,429.5246276855469,453.19000244140625,454.04998779296875,451.9100036621094,453.32000732421875,42501000
2021-09-03,429.4203186035156,453.0799865722656,453.6300048828125,451.54998779296875,451.9800109863281,47170500
2021-09-07,427.88494873046875,451.4599914550781,452.80999755859375,450.739990234375,452.7099914550781,51671500
2021-09-08,427.3636169433594,450.9100036621094,451.6700134277344,448.8599853515625,450.8900146484375,56181900
2021-09-09,425.5344543457031,448.9800109863281,452.57000732421875,448.7200012207031,450.70001220703125,57970400
2021-09-10,422.17926025390625,445.44000244140625,451.489990234375,445.30999755859375,451.0400085449219,89948200
2021-09-13,423.2597351074219,446.5799865722656,448.9200134277344,444.1099853515625,448.6400146484375,83738600
2021-09-14,420.9756164550781,444.1700134277344,448.3399963378906,443.2200012207031,448.1199951171875,78197100
2021-09-15,424.4919128417969,447.8800048828125,448.4100036621094,443.44000244140625,444.6199951171875,78792200
2021-09-16,423.8189392089844,447.1700134277344,448.3599853515625,444.0199890136719,447.32000732421875,77786700
2021-09-17,419.6905212402344,441.3999938964844,445.3699951171875,441.0199890136719,444.9200134277344,118425000
2021-09-20,412.6925048828125,434.0400085449219,436.55999755859375,428.8599853515625,434.8800048828125,166445500
2021-09-21,412.3027648925781,433.6300048828125,437.9100036621094,433.07000732421875,436.5299987792969,92526100
2021-09-22,416.32464599609375,437.8599853515625,440.0299987792969,433.75,436.04998779296875,102350100
2021-09-23,421.3830261230469,443.17999267578125,444.8900146484375,439.6000061035156,439.8500061035156,76396000
2021-09-24,422.0770568847656,443.9100036621094,444.6700134277344,441.2099914550781,441.44000244140625,62094800
2021-09-27,420.8695068359375,442.6400146484375,444.04998779296875,441.8999938964844,442.80999755859375,61371100
2021-09-28,412.38824462890625,433.7200012207031,440.0400085449219,432.94000244140625,439.69000244140625,130436300
2021-09-29,413.0823669433594,434.45001220703125,437.0400085449219,433.8500061035156,435.19000244140625,82329200
2021-09-30,408.03350830078125,429.1400146484375,436.7699890136719,428.7799987792969,436.0199890136719,140506000
2021-10-01,412.8826599121094,434.239990234375,436.0299987792969,427.2300109863281,430.9800109863281,129240100
2021-10-04,407.55810546875,428.6400146484375,433.9599914550781,426.3599853515625,433.0,128570000
2021-10-05,411.7986755371094,433.1000061035156,435.489990234375,429.3900146484375,430.239990234375,90682500
2021-10-06,413.51019287109375,434.8999938964844,435.1199951171875,427.5400085449219,429.2699890136719,113032200
2021-10-07,417.0852966308594,438.6600036621094,441.67999267578125,438.20001220703125,438.3900146484375,72437500
2021-10-08,416.32464599609375,437.8599853515625,439.8900146484375,437.19000244140625,439.4800109863281,74557400
2021-10-11,413.31060791015625,434.69000244140625,440.260009765625,434.6199951171875,437.1600036621094,65233300
2021-10-12,412.2931823730469,433.6199951171875,436.1000061035156,432.7799987792969,435.6700134277344,71181200
2021-10-13,413.77642822265625,435.17999267578125,436.04998779296875,431.5400085449219,434.7099914550781,72974000
2021-10-14,420.7364196777344,442.5,442.6600036621094,438.5799865722656,439.0799865722656,70236800
2021-10-15,423.940673828125,445.8699951171875,446.260009765625,444.0899963378906,444.75,66260200
2021-10-18,425.19573974609375,447.19000244140625,447.54998779296875,443.2699890136719,443.9700012207031,62213200
2021-10-19,428.4761047363281,450.6400146484375,450.7099914550781,448.2699890136719,448.9200134277344,46996800
2021-10-20,430.1590576171875,452.4100036621094,452.7300109863281,451.010009765625,451.1300048828125,49571600
2021-10-21,431.28094482421875,453.5899963378906,453.8299865722656,451.30999755859375,451.7699890136719,41305400
2021-10-22,430.83404541015625,453.1199951171875,454.6700134277344,451.04998779296875,453.1300048828125,58845100
2021-10-25,433.1445617675781,455.54998779296875,455.8999938964844,452.3900146484375,454.2799987792969,45214500
2021-10-26,433.5343322753906,455.9599914550781,458.489990234375,455.55999755859375,457.20001220703125,56075100
2021-10-27,431.61370849609375,453.94000244140625,457.1600036621094,453.8599853515625,456.45001220703125,72438000
2021-10-28,435.7783203125,458.32000732421875,458.3999938964844,455.45001220703125,455.4599914550781,51437900
2021-10-29,436.66253662109375,459.25,459.55999755859375,455.55999755859375,455.8699951171875,70162400
2021-11-01,437.4136657714844,460.0400085449219,460.70001220703125,458.20001220703125,460.29998779296875,48433600
2021-11-02,439.1822509765625,461.8999938964844,462.2300109863281,460.0799865722656,460.2200012207031,48908400
2021-11-03,441.86358642578125,464.7200012207031,465.1499938964844,460.8299865722656,461.29998779296875,52509800
2021-11-04,443.9458312988281,466.9100036621094,467.0,464.989990234375,465.3599853515625,52847100
2021-11-05,445.4861145019531,468.5299987792969,470.6499938964844,466.9200134277344,469.2799987792969,66390600
2021-11-08,445.8665771484375,468.92999267578125,470.2300109863281,468.20001220703125,469.70001220703125,50405200
2021-11-09,444.3927001953125,467.3800048828125,469.57000732421875,465.8800048828125,469.32000732421875,51149100
2021-11-10,440.8176574707031,463.6199951171875,467.3800048828125,462.0400085449219,465.5799865722656,69429700
2021-11-11,440.9602355957031,463.7699890136719,465.2900085449219,463.75,465.2099914550781,34848500
2021-11-12,444.28814697265625,467.2699890136719,467.8599853515625,464.1099853515625,465.1199951171875,53466700
2021-11-15,444.4402160644531,467.42999267578125,468.80999755859375,466.2300109863281,468.6400146484375,46980500
2021-11-16,446.1993103027344,469.2799987792969,470.489990234375,467.07000732421875,467.1499938964844,48857500
2021-11-17,445.1153869628906,468.1400146484375,469.19000244140625,467.4800109863281,469.0,47858300
2021-11-18,446.6271667480469,469.7300109863281,470.010009765625,466.3399963378906,469.239990234375,50625600
2021-11-19,445.8284912109375,468.8900146484375,470.94000244140625,468.5,469.6099853515625,57315600
2021-11-22,444.5733947753906,467.57000732421875,473.5400085449219,467.3500061035156,470.8900146484375,72762000
2021-11-23,445.162841796875,468.19000244140625,469.1000061035156,464.45001220703125,467.2200012207031,73206500
2021-11-24,446.3514099121094,469.44000244140625,469.57000732421875,465.19000244140625,466.05999755859375,61858800
2021-11-26,436.3963623046875,458.9700012207031,463.8999938964844,457.7699890136719,462.3399963378906,112669600
2021-11-29,441.7494201660156,464.6000061035156,466.55999755859375,461.7300109863281,464.07000732421875,86268800
2021-11-30,433.1540832519531,455.55999755859375,464.0299987792969,455.29998779296875,462.0,148559600
2021-12-01,428.3429260253906,450.5,464.6700134277344,450.2900085449219,461.6400146484375,131939200
2021-12-02,434.90350341796875,457.3999938964844,459.07000732421875,450.30999755859375,450.7300109863281,127637800
2021-12-03,431.119384765625,453.4200134277344,460.29998779296875,448.9200134277344,459.1700134277344,137331600
2021-12-06,436.2253112792969,458.7900085449219,460.7900085449219,453.55999755859375,456.1300048828125,98977500
2021-12-07,445.2484436035156,468.2799987792969,468.8800048828125,458.6499938964844,464.4100036621094,95484700
2021-12-08,446.42742919921875,469.5199890136719,470.0,466.8299865722656,468.70001220703125,72238800
2021-12-09,443.41339111328125,466.3500061035156,469.6300048828125,466.1400146484375,468.1499938964844,61272600
2021-12-10,447.5874938964844,470.739990234375,470.8999938964844,466.510009765625,469.2300109863281,77159800
2021-12-13,443.62261962890625,466.57000732421875,470.55999755859375,466.2699890136719,470.19000244140625,87724700
2021-12-14,440.5704345703125,463.3599853515625,465.739990234375,460.25,463.0899963378906,97264100
2021-12-15,447.454345703125,470.6000061035156,470.8599853515625,460.739990234375,463.4200134277344,116899300
2021-12-16,443.5084228515625,466.45001220703125,472.8699951171875,464.79998779296875,472.57000732421875,116568600
2021-12-17,438.78826904296875,459.8699951171875,464.739990234375,458.05999755859375,461.54998779296875,135511600
2021-12-20,434.1224670410156,454.9800109863281,455.3999938964844,451.1400146484375,454.4800109863281,107134800
2021-12-21,441.8320617675781,463.05999755859375,463.2099914550781,456.30999755859375,458.6099853515625,69806300
2021-12-22,446.2497863769531,467.69000244140625,467.80999755859375,462.5799865722656,462.7900085449219,58890200
2021-12-23,449.0263671875,470.6000061035156,472.19000244140625,468.6400146484375,468.75,56439700
2021-12-27,455.3810729980469,477.260009765625,477.30999755859375,472.010009765625,472.05999755859375,56808600
2021-12-28,455.0089111328125,476.8699951171875,478.80999755859375,476.05999755859375,477.7200012207031,47274600
2021-12-29,455.59100341796875,477.4800109863281,478.55999755859375,475.9200134277344,476.9800109863281,54503000
2021-12-30,454.3315124511719,476.1600036621094,479.0,475.6700134277344,477.92999267578125,55329000
2021-12-31,453.1864929199219,474.9599914550781,476.8599853515625,474.6700134277344,475.6400146484375,65237400
2022-01-03,455.8104553222656,477.7099914550781,477.8500061035156,473.8500061035156,476.29998779296875,72668200
2022-01-04,455.6577453613281,477.54998779296875,479.9800109863281,475.5799865722656,479.2200012207031,71178700
2022-01-05,446.9080810546875,468.3800048828125,477.9800109863281,468.2799987792969,477.1600036621094,104538900
2022-01-06,446.48828125,467.94000244140625,470.82000732421875,465.42999267578125,467.8900146484375,86858900
2022-01-07,444.7231140136719,466.0899963378906,469.20001220703125,464.6499938964844,467.95001220703125,85111600
2022-01-10,444.1697082519531,465.510009765625,465.739990234375,456.6000061035156,462.70001220703125,119362000
2022-01-11,448.21533203125,469.75,469.8500061035156,462.04998779296875,465.2300109863281,74303100
2022-01-12,449.4271545410156,471.0199890136719,473.20001220703125,468.94000244140625,471.5899963378906,67605400
2022-01-13,443.234619140625,464.5299987792969,472.8800048828125,463.44000244140625,472.19000244140625,91173100
2022-01-14,443.41595458984375,464.7200012207031,465.0899963378906,459.8999938964844,461.19000244140625,95890900
2022-01-18,435.56317138671875,456.489990234375,459.9599914550781,455.30999755859375,459.739990234375,109709100
2022-01-19,431.04052734375,451.75,459.6099853515625,451.4599914550781,458.1300048828125,109357600
2022-01-20,426.269775390625,446.75,458.739990234375,444.5,453.75,122379700
2022-01-21,417.9017333984375,437.9800109863281,448.05999755859375,437.95001220703125,445.55999755859375,202271200
2022-01-24,419.6764221191406,439.8399963378906,440.3800048828125,420.760009765625,432.0299987792969,251783900
2022-01-25,414.5526428222656,434.4700012207031,439.7200012207031,427.1499938964844,433.05999755859375,167997300
2022-01-26,413.5126037597656,433.3800048828125,444.0400085449219,428.8599853515625,440.7200012207031,186391100
2022-01-27,411.4707946777344,431.239990234375,441.5899963378906,429.45001220703125,438.260009765625,149878300
2022-01-28,421.6897888183594,441.95001220703125,442.0,427.82000732421875,432.67999267578125,164457400
2022-01-31,429.28485107421875,449.9100036621094,450.2799987792969,439.80999755859375,441.239990234375,152251400
2022-02-01,432.18548583984375,452.95001220703125,453.6300048828125,446.94000244140625,450.67999267578125,123155400
2022-02-02,436.3837890625,457.3500061035156,458.1199951171875,453.04998779296875,455.5,117361000
2022-02-03,426.1266174316406,446.6000061035156,452.9700012207031,445.7099914550781,450.95001220703125,118024400
2022-02-04,428.1304016113281,448.70001220703125,452.7799987792969,443.8299865722656,446.3500061035156,118454400
2022-02-07,426.7563171386719,447.260009765625,450.989990234375,445.8500061035156,449.510009765625,84472900
2022-02-08,430.2676696777344,450.94000244140625,451.9200134277344,445.2200012207031,446.7300109863281,81012000
2022-02-09,436.5650939941406,457.5400085449219,457.8800048828125,455.010009765625,455.2200012207031,92589900
2022-02-10,428.7218933105469,449.32000732421875,457.7099914550781,447.20001220703125,451.3399963378906,140103700
2022-02-11,420.2680969238281,440.4599914550781,451.6099853515625,438.94000244140625,449.4100036621094,153214600
2022-02-14,418.8940734863281,439.0199890136719,441.6000061035156,435.3399963378906,439.9200134277344,123006300
2022-02-15,425.64947509765625,446.1000061035156,446.2799987792969,443.17999267578125,443.7300109863281,88482700
2022-02-16,426.1266174316406,446.6000061035156,448.05999755859375,441.94000244140625,443.92999267578125,84863600
2022-02-17,417.02392578125,437.05999755859375,446.57000732421875,436.4200134277344,443.2200012207031,102259100
2022-02-18,414.3236389160156,434.2300109863281,438.6600036621094,431.82000732421875,437.3299865722656,132642900
2022-02-22,409.8772888183594,429.57000732421875,435.5,425.8599853515625,431.8900146484375,124391800
2022-02-23,402.6066589355469,421.95001220703125,433.260009765625,421.3500061035156,432.6600036621094,132578000
2022-02-24,408.6654968261719,428.29998779296875,428.760009765625,410.6400146484375,411.0199890136719,213942900
2022-02-25,417.682373046875,437.75,437.8399963378906,427.8599853515625,429.6099853515625,121804500
2022-02-28,416.6136474609375,436.6300048828125,438.20001220703125,430.70001220703125,432.0299987792969,145615000
2022-03-01,410.26861572265625,429.9800109863281,437.1700134277344,427.1099853515625,435.0400085449219,137785900
2022-03-02,417.81591796875,437.8900146484375,439.7200012207031,431.57000732421875,432.3699951171875,117726500
2022-03-03,415.73577880859375,435.7099914550781,441.1099853515625,433.79998779296875,440.4700012207031,105501700
2022-03-04,412.3581237792969,432.1700134277344,433.3699951171875,427.8800048828125,431.75,113978200
2022-03-07,400.2021484375,419.42999267578125,432.29998779296875,419.3599853515625,431.54998779296875,137896600
2022-03-08,397.1678771972656,416.25,427.2099914550781,415.1199951171875,419.6199951171875,164772700
2022-03-09,407.81634521484375,427.4100036621094,429.510009765625,422.82000732421875,425.1400146484375,116990800
2022-03-10,405.97479248046875,425.4800109863281,426.42999267578125,420.44000244140625,422.5199890136719,93972700
2022-03-11,400.8128662109375,420.07000732421875,428.7699890136719,419.5299987792969,428.1199951171875,95636300
2022-03-14,397.8835144042969,417.0,424.54998779296875,415.7900085449219,420.8900146484375,95729200
2022-03-15,406.63323974609375,426.1700134277344,426.8399963378906,418.4200134277344,419.7699890136719,106219100
2022-03-16,415.64996337890625,435.6199951171875,435.67999267578125,424.79998779296875,429.8900146484375,144954800
2022-03-17,420.85009765625,441.07000732421875,441.07000732421875,433.19000244140625,433.5899963378906,102676900
2022-03-18,425.4595642089844,444.5199890136719,444.8599853515625,437.2200012207031,438.0,106345500
2022-03-21,425.3352355957031,444.3900146484375,446.4599914550781,440.67999267578125,444.3399963378906,88349800
2022-03-22,430.3121643066406,449.5899963378906,450.5799865722656,445.8599853515625,445.8599853515625,74650400
2022-03-23,424.7703857421875,443.79998779296875,448.489990234375,443.7099914550781,446.9100036621094,79426100
2022-03-24,431.17364501953125,450.489990234375,450.5,444.760009765625,445.94000244140625,64736900
2022-03-25,433.279296875,452.69000244140625,452.9800109863281,448.42999267578125,451.1600036621094,77101300
2022-03-28,436.36126708984375,455.9100036621094,455.9100036621094,450.05999755859375,452.05999755859375,68529800
2022-03-29,441.75933837890625,461.54998779296875,462.07000732421875,457.17999267578125,460.0199890136719,86581500
2022-03-30,439.0316162109375,458.70001220703125,461.20001220703125,456.4700012207031,460.3399963378906,79666900
2022-03-31,432.2743225097656,451.6400146484375,458.760009765625,451.1600036621094,457.8900146484375,121699900
2022-04-01,433.4994201660156,452.9200134277344,453.4599914550781,449.1400146484375,453.30999755859375,89048800
2022-04-04,437.2130126953125,456.79998779296875,456.9100036621094,452.260009765625,453.1300048828125,59601000
2022-04-05,431.69049072265625,451.0299987792969,457.8299865722656,449.82000732421875,455.2200012207031,74214500
2022-04-06,427.37384033203125,446.5199890136719,448.92999267578125,443.4700012207031,446.8900146484375,106898000
2022-04-07,429.5273132324219,448.7699890136719,450.69000244140625,443.5299987792969,445.5899963378906,78097200
2022-04-08,428.37884521484375,447.57000732421875,450.6300048828125,445.94000244140625,447.9700012207031,79272700
2022-04-11,421.056884765625,439.9200134277344,445.0,439.3900146484375,444.1099853515625,89770500
2022-04-12,419.4967346191406,438.2900085449219,445.75,436.6499938964844,443.0799865722656,84363600
2022-04-13,424.30145263671875,443.30999755859375,444.1099853515625,437.8399963378906,438.0299987792969,74070400
2022-04-14,419.0181579589844,437.7900085449219,444.7300109863281,437.67999267578125,443.54998779296875,97869500
2022-04-18,419.1904602050781,437.9700012207031,439.75,435.6099853515625,436.80999755859375,66002500
2022-04-19,425.957275390625,445.0400085449219,445.79998779296875,437.67999267578125,437.8599853515625,77821000
2022-04-20,425.64141845703125,444.7099914550781,447.57000732421875,443.4800109863281,446.9200134277344,65224400
2022-04-21,419.276611328125,438.05999755859375,450.010009765625,437.1000061035156,448.5400085449219,85417300
2022-04-22,407.77203369140625,426.0400085449219,438.0799865722656,425.44000244140625,436.9100036621094,132471800
2022-04-25,410.1361083984375,428.510009765625,428.69000244140625,418.8399963378906,423.6700134277344,119647700
2022-04-26,398.2582092285156,416.1000061035156,426.0400085449219,416.07000732421875,425.8299865722656,103996300
2022-04-27,399.3780517578125,417.2699890136719,422.9200134277344,415.010009765625,417.239990234375,122030000
2022-04-28,409.4660949707031,427.80999755859375,429.6400146484375,417.6000061035156,422.2900085449219,105449100
2022-04-29,394.333984375,412.0,425.8699951171875,411.2099914550781,423.5899963378906,145491100
2022-05-02,396.7076416015625,414.4800109863281,415.9200134277344,405.0199890136719,412.07000732421875,158312500
2022-05-03,398.5262451171875,416.3800048828125,418.92999267578125,413.3599853515625,415.010009765625,100028200
2022-05-04,410.6625061035156,429.05999755859375,429.6600036621094,413.7099914550781,417.0799865722656,144247900
2022-05-05,396.0664367675781,413.80999755859375,425.0,409.44000244140625,424.54998779296875,172929100
2022-05-06,393.7023620605469,411.3399963378906,414.79998779296875,405.7300109863281,411.1000061035156,151770800
2022-05-09,381.09698486328125,398.1700134277344,406.4100036621094,396.5,405.1000061035156,155586100
2022-05-10,381.97760009765625,399.0899963378906,406.0799865722656,394.82000732421875,404.489990234375,132497200
2022-05-11,375.909423828125,392.75,404.0400085449219,391.9599914550781,398.07000732421875,142361000
2022-05-12,375.5170593261719,392.3399963378906,395.79998779296875,385.1499938964844,389.3699951171875,125090800
2022-05-13,384.4948425292969,401.7200012207031,403.17999267578125,395.6099853515625,396.7099914550781,104174400
2022-05-16,382.93463134765625,400.0899963378906,403.9700012207031,397.6000061035156,399.9800109863281,78622400
2022-05-17,390.81182861328125,408.32000732421875,408.57000732421875,402.5799865722656,406.5299987792969,83029700
2022-05-18,375.05755615234375,391.8599853515625,403.79998779296875,390.54998779296875,403.5,117674500
2022-05-19,372.760498046875,389.4599914550781,394.1400146484375,387.1099853515625,388.6199951171875,98510700
2022-05-20,372.9232482910156,389.6300048828125,397.0299987792969,380.5400085449219,393.25,131432200
2022-05-23,379.9006042480469,396.9200134277344,397.7300109863281,390.3800048828125,392.8299865722656,76414900
2022-05-24,377.00054931640625,393.8900146484375,395.1499938964844,386.9599914550781,392.55999755859375,91448800
2022-05-25,380.331298828125,397.3699951171875,399.45001220703125,391.8900146484375,392.30999755859375,91472900
2022-05-26,387.9308166503906,405.30999755859375,407.0400085449219,398.45001220703125,398.6700134277344,82168300
2022-05-27,397.4542236328125,415.260009765625,415.3800048828125,407.70001220703125,407.9100036621094,84768700
2022-05-31,395.2240905761719,412.92999267578125,416.4599914550781,410.0299987792969,413.54998779296875,95937000
2022-06-01,392.0273742675781,409.5899963378906,416.239990234375,406.92999267578125,415.1700134277344,86585800
2022-06-02,399.49298095703125,417.3900146484375,417.44000244140625,407.0400085449219,409.4200134277344,79609600
2022-06-03,392.9366455078125,410.5400085449219,414.0400085449219,409.510009765625,412.3999938964844,71874300
2022-06-06,394.1330871582031,411.7900085449219,416.6099853515625,410.54998779296875,414.7799987792969,57508900
2022-06-07,397.91363525390625,415.739990234375,416.2200012207031,407.6099853515625,408.1000061035156,59272400
2022-06-08,393.58746337890625,411.2200012207031,415.82000732421875,410.3800048828125,413.92999267578125,64350000
2022-06-09,384.226806640625,401.44000244140625,411.739990234375,401.44000244140625,409.3399963378906,86289800
2022-06-10,373.08587646484375,389.79998779296875,395.7799987792969,389.75,394.8800048828125,132893900
2022-06-13,358.9205017089844,375.0,381.80999755859375,373.29998779296875,379.8500061035156,170004900
2022-06-14,357.8390197753906,373.8699951171875,377.94000244140625,370.5899963378906,376.8500061035156,104011800
2022-06-15,362.9404296875,379.20001220703125,383.8999938964844,372.1199951171875,377.3599853515625,125666800
2022-06-16,350.9285888671875,366.6499938964844,370.94000244140625,364.0799865722656,370.510009765625,134473300
2022-06-17,351.6850280761719,365.8599853515625,369.3800048828125,362.1700134277344,365.510009765625,111113900
2022-06-21,360.5382385253906,375.07000732421875,376.5299987792969,371.80999755859375,371.8900146484375,76811900
2022-06-22,359.8846130371094,374.3900146484375,378.7200012207031,370.17999267578125,370.6199951171875,90059400
2022-06-23,363.4123840332031,378.05999755859375,378.8299865722656,372.8900146484375,376.6400146484375,79292100
2022-06-24,374.9666442871094,390.0799865722656,390.0899963378906,381.3699951171875,381.3999938964844,98050300
2022-06-27,373.534423828125,388.5899963378906,391.3599853515625,387.44000244140625,391.04998779296875,66009600
2022-06-28,365.9020690917969,380.6499938964844,393.1600036621094,380.5299987792969,390.2300109863281,86548900
2022-06-29,365.6040954589844,380.3399963378906,382.2699890136719,378.4200134277344,381.2300109863281,65676000
2022-06-30,362.6337890625,377.25,380.6600036621094,372.55999755859375,376.239990234375,112508300
2022-07-01,366.46917724609375,381.239990234375,381.70001220703125,373.79998779296875,376.55999755859375,74839700
2022-07-05,367.1612548828125,381.9599914550781,381.9800109863281,372.8999938964844,375.8800048828125,81438000
2022-07-06,368.40130615234375,383.25,385.8699951171875,379.6000061035156,382.1099853515625,70426200
2022-07-07,373.91888427734375,388.989990234375,389.8299865722656,383.2699890136719,385.1199951171875,64525900
2022-07-08,373.6112976074219,388.6700134277344,390.6400146484375,385.6600036621094,387.2699890136719,72397800
2022-07-11,369.34332275390625,384.2300109863281,386.8699951171875,383.5,385.8500061035156,58366900
2022-07-12,366.0750427246094,380.8299865722656,386.1600036621094,378.989990234375,383.6499938964844,62219200
2022-07-13,364.152587890625,378.8299865722656,381.9200134277344,374.6600036621094,375.1000061035156,84224600
2022-07-14,363.2681579589844,377.9100036621094,379.04998779296875,371.0400085449219,373.6099853515625,89704800
2022-07-15,370.2085266113281,385.1300048828125,385.25,380.5400085449219,382.54998779296875,79060400
2022-07-18,367.15167236328125,381.95001220703125,389.0899963378906,380.6600036621094,388.3800048828125,63203600
2022-07-19,377.0718078613281,392.2699890136719,392.8699951171875,385.3900146484375,386.0799865722656,78506000
2022-07-20,379.4749755859375,394.7699890136719,396.260009765625,391.0299987792969,392.4700012207031,71843800
2022-07-21,383.3392333984375,398.7900085449219,398.8399963378906,391.6300048828125,394.1600036621094,64903900
2022-07-22,379.7825622558594,395.0899963378906,400.17999267578125,392.75,398.9200134277344,72197300
2022-07-25,380.2439880371094,395.57000732421875,396.4700012207031,393.2099914550781,395.75,53631500
2022-07-26,375.7453308105469,390.8900146484375,394.05999755859375,389.95001220703125,393.8399963378906,52946400
2022-07-27,385.5020446777344,401.0400085449219,402.8800048828125,394.04998779296875,394.3599853515625,82342100
2022-07-28,390.3371887207031,406.07000732421875,406.79998779296875,398.1499938964844,401.8900146484375,73966600
2022-07-29,396.0278015136719,411.989990234375,413.0299987792969,406.7699890136719,407.5799865722656,87003700
2022-08-01,394.85504150390625,410.7699890136719,413.4100036621094,408.3999938964844,409.1499938964844,69997500
2022-08-02,392.2500305175781,408.05999755859375,413.0,406.82000732421875,409.1199951171875,63435400
2022-08-03,398.3924560546875,414.45001220703125,415.67999267578125,410.0,410.29998779296875,67820600
2022-08-04,398.1233825683594,414.1700134277344,415.0899963378906,412.44000244140625,414.3699951171875,45656600
2022-08-05,397.450439453125,413.4700012207031,414.1499938964844,409.6000061035156,409.6600036621094,56814900
2022-08-08,396.9890441894531,412.989990234375,417.6199951171875,411.8299865722656,415.25,53886100
2022-08-09,395.41265869140625,411.3500061035156,412.75,410.2200012207031,412.2200012207031,44931800
2022-08-10,403.71783447265625,419.989990234375,420.1400146484375,416.7200012207031,418.7799987792969,68665700
2022-08-11,403.71783447265625,419.989990234375,424.95001220703125,419.2099914550781,422.989990234375,59489700
2022-08-12,410.55242919921875,427.1000061035156,427.2099914550781,421.0299987792969,422.0299987792969,61694500
2022-08-15,412.24420166015625,428.8599853515625,429.4100036621094,424.7099914550781,424.7699890136719,54048300
2022-08-16,413.0516662597656,429.70001220703125,431.7300109863281,426.8800048828125,427.7300109863281,59289000
2022-08-17,410.11981201171875,426.6499938964844,429.5,424.5400085449219,425.9100036621094,63563400
2022-08-18,411.3117370605469,427.8900146484375,428.6099853515625,425.5,426.8599853515625,49023200
2022-08-19,405.7845764160156,422.1400146484375,425.260009765625,421.2200012207031,424.9800109863281,68016900
2022-08-22,397.3350830078125,413.3500061035156,417.2300109863281,412.3999938964844,417.04998779296875,77695600
2022-08-23,396.3739318847656,412.3500061035156,415.4200134277344,411.7699890136719,412.8999938964844,49105200
2022-08-24,397.64276123046875,413.6700134277344,415.1099853515625,411.3900146484375,412.1099853515625,49177800
2022-08-25,403.2564392089844,419.510009765625,419.55999755859375,414.0899963378906,415.239990234375,50942300
2022-08-26,389.6065979003906,405.30999755859375,419.9599914550781,405.25,419.3900146484375,103087000
2022-08-29,387.0304870605469,402.6300048828125,405.8399963378906,401.20001220703125,402.20001220703125,65370800
2022-08-30,382.78167724609375,398.2099914550781,404.1000061035156,396.0,403.8500061035156,85652400
2022-08-31,379.86907958984375,395.17999267578125,401.239990234375,395.0400085449219,399.92999267578125,76029700
2022-09-01,381.0610656738281,396.4200134277344,396.7799987792969,390.0400085449219,392.8900146484375,78740100
2022-09-02,377.04296875,392.239990234375,401.55999755859375,390.3299865722656,400.2799987792969,99632100
2022-09-06,375.6203918457031,390.760009765625,394.1199951171875,388.4200134277344,393.1300048828125,76637400
2022-09-07,382.36834716796875,397.7799987792969,398.5899963378906,390.20001220703125,390.42999267578125,70964200
2022-09-08,384.86761474609375,400.3800048828125,400.8599853515625,394.1199951171875,395.3900146484375,80821700
2022-09-09,390.84661865234375,406.6000061035156,407.510009765625,402.4599914550781,402.739990234375,76706900
2022-09-12,395.04736328125,410.9700012207031,411.7300109863281,408.4599914550781,408.7799987792969,69256300
2022-09-13,377.86968994140625,393.1000061035156,403.1000061035156,391.9200134277344,401.8299865722656,122947100
2022-09-14,379.31158447265625,394.6000061035156,396.20001220703125,391.1199951171875,394.4700012207031,85023700
2022-09-15,375.005126953125,390.1199951171875,395.9599914550781,388.7799987792969,392.9599914550781,87633800
2022-09-16,372.1442565917969,385.55999755859375,386.25,382.1099853515625,384.1400146484375,103084800
2022-09-19,375.0302429199219,388.54998779296875,388.54998779296875,382.17999267578125,382.260009765625,73278500
2022-09-20,370.72540283203125,384.0899963378906,386.1199951171875,381.20001220703125,385.05999755859375,77274900
2022-09-21,364.2585754394531,377.3900146484375,389.30999755859375,377.3800048828125,386.1099853515625,106746600
2022-09-22,361.1988525390625,374.2200012207031,378.29998779296875,373.44000244140625,376.5799865722656,89472600
2022-09-23,355.1470031738281,367.95001220703125,370.6199951171875,363.2900085449219,370.5799865722656,122346900
2022-09-26,351.6336669921875,364.30999755859375,370.2099914550781,363.0299987792969,366.4100036621094,92581200
2022-09-27,350.7360534667969,363.3800048828125,370.3999938964844,360.8699951171875,368.0199890136719,108294100
2022-09-28,357.6372375488281,370.5299987792969,372.29998779296875,362.6000061035156,364.3800048828125,110802200
2022-09-29,350.16656494140625,362.7900085449219,367.1099853515625,359.70001220703125,366.80999755859375,112952300
2022-09-30,344.75177001953125,357.17999267578125,365.9100036621094,357.0400085449219,361.79998779296875,153711200
2022-10-03,353.8536376953125,366.6099853515625,368.54998779296875,359.2099914550781,361.0799865722656,89756500
2022-10-04,364.818359375,377.9700012207031,378.0,366.57000732421875,372.3999938964844,103602800
2022-10-05,363.9689636230469,377.0899963378906,379.4599914550781,370.95001220703125,373.3900146484375,88065700
2022-10-06,360.21435546875,373.20001220703125,378.7200012207031,372.67999267578125,375.6199951171875,82333500
2022-10-07,350.16656494140625,362.7900085449219,373.2900085449219,360.94000244140625,368.9700012207031,107789500
2022-10-10,347.492919921875,360.0199890136719,364.2099914550781,357.6700134277344,363.9599914550781,76042800
2022-10-11,345.292236328125,357.739990234375,363.0299987792969,355.7099914550781,358.239990234375,92482800
2022-10-12,344.1533508300781,356.55999755859375,359.82000732421875,356.29998779296875,358.1700134277344,76991800
2022-10-13,353.2359313964844,365.9700012207031,367.510009765625,348.1099853515625,349.2099914550781,147254500
2022-10-14,345.18609619140625,357.6300048828125,370.260009765625,356.9599914550781,368.54998779296875,123737000
2022-10-17,354.0563049316406,366.82000732421875,367.9800109863281,357.2799987792969,364.010009765625,93168200
2022-10-18,358.2164001464844,371.1300048828125,375.45001220703125,367.5199890136719,375.1300048828125,97162900
2022-10-19,355.6778869628906,368.5,371.8500061035156,365.54998779296875,368.989990234375,79746900
2022-10-20,352.6954040527344,365.4100036621094,372.6700134277344,364.6099853515625,368.0299987792969,88283100
2022-10-21,361.2664489746094,374.2900085449219,374.79998779296875,363.5400085449219,365.1199951171875,131038400
2022-10-24,365.6870422363281,378.8699951171875,380.05999755859375,373.1099853515625,375.8900146484375,85436900
2022-10-25,371.52655029296875,384.9200134277344,385.25,378.6700134277344,378.7900085449219,78846300
2022-10-26,368.7274475097656,382.0199890136719,387.5799865722656,381.3500061035156,381.6199951171875,104087300
2022-10-27,366.7583923339844,379.9800109863281,385.0,379.3299865722656,383.07000732421875,81971800
2022-10-28,375.4839172363281,389.0199890136719,389.5199890136719,379.67999267578125,379.8699951171875,100302000
2022-10-31,372.7716064453125,386.2099914550781,388.3999938964844,385.260009765625,386.44000244140625,96631300
2022-11-01,371.14044189453125,384.5199890136719,390.3900146484375,383.2900085449219,390.1400146484375,85407600
2022-11-02,361.8262634277344,374.8699951171875,388.6300048828125,374.760009765625,383.8999938964844,126990400
2022-11-03,358.1005554199219,371.010009765625,374.20001220703125,368.7900085449219,371.4700012207031,87100100
2022-11-04,363.2547912597656,376.3500061035156,378.8699951171875,370.0,377.0,103505200
2022-11-07,366.7294616699219,379.95001220703125,380.57000732421875,375.5299987792969,377.7099914550781,68286900
2022-11-08,368.7081604003906,382.0,385.1199951171875,377.7200012207031,381.1099853515625,84641100
2022-11-09,361.1119384765625,374.1300048828125,381.1400146484375,373.6099853515625,379.92999267578125,78495500
2022-11-10,380.9565734863281,394.69000244140625,395.0400085449219,385.6400146484375,388.04998779296875,141455800
2022-11-11,384.6436767578125,398.510009765625,399.3500061035156,393.6099853515625,395.5899963378906,93839900
2022-11-14,381.3716125488281,395.1199951171875,400.17999267578125,394.8299865722656,396.6600036621094,71903500
2022-11-15,384.62432861328125,398.489990234375,402.30999755859375,394.489990234375,401.1499938964844,93194500
2022-11-16,381.6901550292969,395.45001220703125,397.7799987792969,394.7900085449219,396.7799987792969,68508500
2022-11-17,380.52227783203125,394.239990234375,394.95001220703125,390.1400146484375,390.4599914550781,74496300
2022-11-18,382.2499694824219,396.0299987792969,397.80999755859375,393.0400085449219,397.739990234375,92922500
2022-11-21,380.8600158691406,394.5899963378906,395.82000732421875,392.6600036621094,394.6400146484375,51243200
2022-11-22,385.9853515625,399.8999938964844,400.07000732421875,395.1499938964844,396.6300048828125,60429000
2022-11-23,388.41766357421875,402.4200134277344,402.92999267578125,399.30999755859375,399.54998779296875,68261600
2022-11-25,388.33074951171875,402.3299865722656,402.9100036621094,401.5400085449219,401.8299865722656,30545400
2022-11-28,382.1341552734375,395.9100036621094,400.80999755859375,395.1099853515625,399.0899963378906,67881600
2022-11-29,381.47784423828125,395.2300109863281,397.29998779296875,393.29998779296875,396.04998779296875,52310000
2022-11-30,393.49456787109375,407.67999267578125,407.67999267578125,393.4800109863281,395.489990234375,144566700
2022-12-01,393.2049560546875,407.3800048828125,410.0,404.75,408.7699890136719,76398200
2022-12-02,392.7513732910156,406.9100036621094,407.8599853515625,402.1400146484375,402.25,85342700
2022-12-05,385.68609619140625,399.5899963378906,404.92999267578125,398.1700134277344,403.95001220703125,77289800
2022-12-06,380.1264953613281,393.8299865722656,399.989990234375,391.6400146484375,399.4200134277344,77972200
2022-12-07,379.4798278808594,393.1600036621094,395.6400146484375,391.9700012207031,392.94000244140625,65927900
2022-12-08,382.4526672363281,396.239990234375,397.3599853515625,393.2699890136719,395.1400146484375,60737900
2022-12-09,379.59564208984375,393.2799987792969,397.6199951171875,393.1499938964844,394.94000244140625,81447700
2022-12-12,385.0683898925781,398.95001220703125,398.95001220703125,393.4100036621094,394.1099853515625,75405800
2022-12-13,387.9833068847656,401.9700012207031,410.489990234375,399.07000732421875,410.2200012207031,123782500
2022-12-14,385.502685546875,399.3999938964844,405.5,396.30999755859375,401.6099853515625,108111300
2022-12-15,376.0726623535156,389.6300048828125,395.25,387.8900146484375,394.29998779296875,117705900
2022-12-16,371.6326599121094,383.2699890136719,386.5799865722656,381.0400085449219,385.17999267578125,119858000
2022-12-19,368.4813232421875,380.0199890136719,383.82000732421875,378.2799987792969,383.4700012207031,79878100
2022-12-20,368.9856262207031,380.5400085449219,382.2300109863281,377.8500061035156,379.2300109863281,74427200
2022-12-21,374.50286865234375,386.2300109863281,387.4100036621094,382.69000244140625,383.25,78167400
2022-12-22,369.16015625,380.7200012207031,386.2099914550781,374.7699890136719,383.04998779296875,100120900
2022-12-23,371.28363037109375,382.9100036621094,383.05999755859375,378.0299987792969,379.6499938964844,59857300
2022-12-27,369.8194274902344,381.3999938964844,383.1499938964844,379.6499938964844,382.7900085449219,51638200
2022-12-28,365.2233581542969,376.6600036621094,383.3900146484375,376.4200134277344,381.3299865722656,70911500
2022-12-29,371.79754638671875,383.44000244140625,384.3500061035156,379.0799865722656,379.6300048828125,66970900
2022-12-30,370.81817626953125,382.42999267578125,382.5799865722656,378.42999267578125,380.6400146484375,84022200
2023-01-03,369.2571105957031,380.82000732421875,386.42999267578125,377.8299865722656,384.3699951171875,74850700
2023-01-04,372.1078186035156,383.760009765625,385.8800048828125,380.0,383.17999267578125,85934100
2023-01-05,367.86077880859375,379.3800048828125,381.8399963378906,378.760009765625,381.7200012207031,76970500
2023-01-06,376.2966613769531,388.0799865722656,389.25,379.4100036621094,382.6099853515625,104189600
2023-01-09,376.0832824707031,387.8599853515625,393.70001220703125,387.6700134277344,390.3699951171875,73978100
2023-01-10,378.720703125,390.5799865722656,390.6499938964844,386.2699890136719,387.25,65358100
2023-01-11,383.51068115234375,395.5199890136719,395.6000061035156,391.3800048828125,392.2300109863281,68881100
2023-01-12,384.9070129394531,396.9599914550781,398.489990234375,392.4200134277344,396.6700134277344,90157700
2023-01-13,386.4002685546875,398.5,399.1000061035156,393.3399963378906,393.6199951171875,63903900
2023-01-17,385.6924133300781,397.7699890136719,400.2300109863281,397.05999755859375,398.4800109863281,62677300
2023-01-18,379.6031188964844,391.489990234375,400.1199951171875,391.2799987792969,399.010009765625,99632300
2023-01-19,376.83966064453125,388.6400146484375,391.0799865722656,387.260009765625,389.3599853515625,86958900
2023-01-20,383.85980224609375,395.8800048828125,396.0400085449219,388.3800048828125,390.1000061035156,91806400
2023-01-23,388.465576171875,400.6300048828125,402.6499938964844,395.7200012207031,396.7200012207031,84178800
2023-01-24,388.04864501953125,400.20001220703125,401.1499938964844,397.6400146484375,398.8800048828125,59524900
2023-01-25,388.1941223144531,400.3500061035156,400.70001220703125,393.55999755859375,395.95001220703125,84800300
2023-01-26,392.46051025390625,404.75,404.9200134277344,400.0299987792969,403.1300048828125,72287400
2023-01-27,393.36224365234375,405.67999267578125,408.1600036621094,403.44000244140625,403.6600036621094,68346200
2023-01-30,388.4268493652344,400.5899963378906,405.1300048828125,400.2799987792969,402.79998779296875,74202000
2023-01-31,394.137939453125,406.4800109863281,406.5299987792969,400.7699890136719,401.1300048828125,86811800
2023-02-01,398.3267517089844,410.79998779296875,413.6700134277344,402.3500061035156,405.2099914550781,101459200
2023-02-02,404.1251525878906,416.7799987792969,418.30999755859375,412.8800048828125,414.8599853515625,101654500
2023-02-03,399.8297424316406,412.3500061035156,416.9700012207031,411.0899963378906,411.5899963378906,94736800
2023-02-06,397.38623046875,409.8299865722656,411.2900085449219,408.1000061035156,409.7900085449219,60295300
2023-02-07,402.58349609375,415.19000244140625,416.489990234375,407.57000732421875,408.8699951171875,90990700
2023-02-08,398.18133544921875,410.6499938964844,414.5299987792969,409.92999267578125,413.1300048828125,76227500
2023-02-09,394.7294616699219,407.0899963378906,414.57000732421875,405.80999755859375,414.4100036621094,78694900
2023-02-10,395.650634765625,408.0400085449219,408.44000244140625,405.010009765625,405.8599853515625,70769700
2023-02-13,400.295166015625,412.8299865722656,412.9700012207031,408.239990234375,408.7200012207031,64913500
2023-02-14,400.1109619140625,412.6400146484375,415.04998779296875,408.510009765625,411.239990234375,88389300
2023-02-15,401.4102478027344,413.9800109863281,414.05999755859375,409.4700012207031,410.3500061035156,61555700
2023-02-16,395.8832702636719,408.2799987792969,412.9100036621094,408.1400146484375,408.7900085449219,76431500
2023-02-17,394.894287109375,407.260009765625,407.510009765625,404.04998779296875,406.05999755859375,89257800
2023-02-21,386.97235107421875,399.0899963378906,404.1600036621094,398.82000732421875,403.05999755859375,82655900
2023-02-22,386.4390563964844,398.5400085449219,401.1300048828125,397.0199890136719,399.5199890136719,83742300
2023-02-23,388.4946594238281,400.6600036621094,402.20001220703125,396.25,401.55999755859375,96242400
2023-02-24,384.3446044921875,396.3800048828125,397.25,393.6400146484375,395.4200134277344,108194400
2023-02-27,385.65362548828125,397.7300109863281,401.2900085449219,396.75,399.8699951171875,80444700
2023-02-28,384.2283020019531,396.260009765625,399.2799987792969,396.1499938964844,397.2300109863281,96438600
2023-03-01,382.75439453125,394.739990234375,396.69000244140625,393.3800048828125,395.4100036621094,99706800
2023-03-02,385.731201171875,397.80999755859375,398.69000244140625,392.3299865722656,392.67999267578125,85127800
2023-03-03,391.91748046875,404.19000244140625,404.45001220703125,399.0299987792969,399.7099914550781,90120000
2023-03-06,392.18896484375,404.4700012207031,407.45001220703125,404.010009765625,405.04998779296875,72795900
2023-03-07,386.17724609375,398.2699890136719,404.6700134277344,397.6300048828125,404.4200134277344,108310600
2023-03-08,386.80755615234375,398.9200134277344,399.7099914550781,396.5899963378906,398.3900146484375,74746600
2023-03-09,379.6709899902344,391.55999755859375,401.4800109863281,390.5299987792969,399.739990234375,111945300
2023-03-10,374.19256591796875,385.9100036621094,393.1600036621094,384.32000732421875,390.989990234375,189253000
2023-03-13,373.65924072265625,385.3599853515625,390.3900146484375,380.6499938964844,381.80999755859375,157790000
2023-03-14,379.8358154296875,391.7300109863281,393.45001220703125,387.04998779296875,390.5,149752400
2023-03-15,377.460205078125,389.2799987792969,389.489990234375,383.7099914550781,385.8900146484375,172996900
2023-03-16,384.0827941894531,396.1099853515625,396.4700012207031,386.2900085449219,386.82000732421875,143254200
2023-03-17,379.591796875,389.989990234375,394.3999938964844,388.54998779296875,393.2200012207031,140553400
2023-03-20,383.24188232421875,393.739990234375,394.1700134277344,390.07000732421875,390.79998779296875,93055800
2023-03-21,388.2740173339844,398.9100036621094,399.4100036621094,395.5799865722656,397.239990234375,91524200
2023-03-22,381.6553039550781,392.1099853515625,402.489990234375,392.07000732421875,398.7300109863281,111746600
2023-03-23,382.6870422363281,393.1700134277344,399.2900085449219,390.3500061035156,395.0899963378906,119351300
2023-03-24,385.1982727050781,395.75,395.8399963378906,389.3999938964844,391.8399963378906,107682400
2023-03-27,385.91851806640625,396.489990234375,398.9200134277344,395.55999755859375,398.1199951171875,74010400
2023-03-28,385.0522766113281,395.6000061035156,396.489990234375,393.69000244140625,395.7699890136719,62871700
2023-03-29,390.64892578125,401.3500061035156,401.6000061035156,398.67999267578125,399.92999267578125,77497900
2023-03-30,392.93634033203125,403.70001220703125,404.3500061035156,401.760009765625,404.0899963378906,69840000
2023-03-31,398.474609375,409.3900146484375,409.70001220703125,404.54998779296875,404.6600036621094,112062600
2023-04-03,399.9930114746094,410.95001220703125,411.3699951171875,408.44000244140625,408.8500061035156,67391100
2023-04-04,397.7738037109375,408.6700134277344,411.9200134277344,407.239990234375,411.6199951171875,66601500
2023-04-05,396.7323303222656,407.6000061035156,408.70001220703125,405.8800048828125,407.9100036621094,65200200
2023-04-06,398.27996826171875,409.19000244140625,409.4800109863281,405.67999267578125,406.7699890136719,63743300
2023-04-10,398.688720703125,409.6099853515625,409.69000244140625,405.9700012207031,406.6099853515625,63681000
2023-04-11,398.7958068847656,409.7200012207031,411.17999267578125,408.9200134277344,410.260009765625,59297900
2023-04-12,397.17034912109375,408.04998779296875,412.1700134277344,407.44000244140625,411.8699951171875,86420400
2023-04-13,402.4457702636719,413.4700012207031,413.8399963378906,407.989990234375,409.17999267578125,85814800
2023-04-14,401.4627380371094,412.4599914550781,415.0899963378906,410.05999755859375,412.80999755859375,78161500
2023-04-17,402.90325927734375,413.94000244140625,413.9599914550781,411.0899963378906,412.3699951171875,66436400
2023-04-18,403.1660461425781,414.2099914550781,415.7200012207031,412.7799987792969,415.5799865722656,63560000
2023-04-19,403.09796142578125,414.1400146484375,415.0799865722656,412.1600036621094,412.2200012207031,55227300
2023-04-20,400.898193359375,411.8800048828125,413.70001220703125,410.2699890136719,411.2099914550781,75840400
2023-04-21,401.209716796875,412.20001220703125,412.67999267578125,410.1700134277344,412.19000244140625,73457400
2023-04-24,401.62823486328125,412.6300048828125,413.07000732421875,410.6000061035156,411.989990234375,64332100
2023-04-25,395.25286865234375,406.0799865722656,411.1600036621094,406.0199890136719,410.5799865722656,97766700
2023-04-26,393.57867431640625,404.3599853515625,407.8399963378906,403.7799987792969,406.7200012207031,80447000
2023-04-27,401.4140930175781,412.4100036621094,412.69000244140625,406.739990234375,407.0,92968400
2023-04-28,404.8403015136719,415.92999267578125,415.94000244140625,411.42999267578125,411.489990234375,89335600
2023-05-01,404.4314270019531,415.510009765625,417.6199951171875,415.2699890136719,415.4700012207031,62122300
2023-05-02,399.88592529296875,410.8399963378906,414.82000732421875,407.82000732421875,414.7699890136719,103998500
2023-05-03,397.1410827636719,408.0199890136719,413.8699951171875,407.7699890136719,411.3599853515625,91531800
2023-05-04,394.32818603515625,405.1300048828125,407.2699890136719,403.739990234375,406.92999267578125,94901900
2023-05-05,401.62823486328125,412.6300048828125,413.7200012207031,408.6400146484375,408.9100036621094,87844000
2023-05-08,401.73529052734375,412.739990234375,413.239990234375,411.2799987792969,412.9700012207031,50046800
2023-05-09,399.9735107421875,410.92999267578125,412.0899963378906,410.69000244140625,411.1300048828125,49220100
2023-05-10,401.84234619140625,412.8500061035156,414.5400085449219,408.8699951171875,413.8800048828125,96142900
2023-05-11,401.1415710449219,412.1300048828125,412.42999267578125,409.9700012207031,411.95001220703125,70157100
2023-05-12,400.61590576171875,411.5899963378906,413.6400146484375,409.07000732421875,413.4200134277344,70439400
2023-05-15,401.998046875,413.010009765625,413.42999267578125,410.2300109863281,412.2200012207031,54289400
2023-05-16,399.3116760253906,410.25,412.82000732421875,410.239990234375,411.8599853515625,57705500
2023-05-17,404.1588439941406,415.2300109863281,415.8599853515625,410.6400146484375,412.3500061035156,87287000
2023-05-18,408.0522766113281,419.2300109863281,419.6700134277344,414.6700134277344,414.8999938964844,97177200
2023-05-19,407.45849609375,418.6199951171875,420.7200012207031,417.3500061035156,420.1700134277344,103679700
2023-05-22,407.62396240234375,418.7900085449219,420.3900146484375,417.3500061035156,418.6400146484375,60745400
2023-05-23,403.04925537109375,414.0899963378906,418.7200012207031,413.67999267578125,417.0799865722656,86383500
2023-05-24,400.1292419433594,411.0899963378906,412.82000732421875,409.8800048828125,412.4200134277344,89213700
2023-05-25,403.5943603515625,414.6499938964844,416.1600036621094,412.4100036621094,414.739990234375,90961600
2023-05-26,408.8211669921875,420.0199890136719,420.7699890136719,415.25,415.3299865722656,93830000
2023-05-30,408.9768981933594,420.17999267578125,422.5799865722656,418.739990234375,422.0299987792969,72216000
2023-05-31,406.70904541015625,417.8500061035156,419.2200012207031,416.2200012207031,418.2799987792969,110811800
2023-06-01,410.5732116699219,421.82000732421875,422.9200134277344,416.7900085449219,418.0899963378906,88865000
2023-06-02,416.51055908203125,427.9200134277344,428.739990234375,423.95001220703125,424.5,91366700
2023-06-05,415.7124328613281,427.1000061035156,429.6199951171875,426.3699951171875,428.2799987792969,65460200
2023-06-06,416.6176452636719,428.0299987792969,428.5799865722656,425.989990234375,426.6700134277344,64022200
2023-06-07,415.1770935058594,426.54998779296875,429.6199951171875,426.1099853515625,428.44000244140625,85373300
2023-06-08,417.68829345703125,429.1300048828125,429.6000061035156,425.82000732421875,426.6199951171875,61952800
2023-06-09,418.4377136230469,429.8999938964844,431.989990234375,428.8699951171875,429.9599914550781,85742800
2023-06-12,422.2337646484375,433.79998779296875,433.8800048828125,430.1700134277344,430.9200134277344,76104300
2023-06-13,425.01751708984375,436.6600036621094,437.3299865722656,434.6300048828125,435.32000732421875,95899700
2023-06-14,425.5236511230469,437.17999267578125,439.05999755859375,433.5899963378906,437.010009765625,100612100
2023-06-15,430.79913330078125,442.6000061035156,443.8999938964844,436.2300109863281,436.3299865722656,110303100
2023-06-16,429.33172607421875,439.4599914550781,443.6099853515625,438.9700012207031,443.0199890136719,114121300
2023-06-20,427.1042785644531,437.17999267578125,438.3699951171875,435.0299987792969,437.45001220703125,76160400
2023-06-21,424.91595458984375,434.94000244140625,436.989990234375,434.3299865722656,436.1600036621094,76982300
2023-06-22,426.44976806640625,436.510009765625,436.6199951171875,433.6000061035156,433.95001220703125,70637200
2023-06-23,423.22576904296875,433.2099914550781,435.05999755859375,432.4700012207031,432.92999267578125,92074500
2023-06-26,421.49658203125,431.44000244140625,434.6099853515625,431.19000244140625,432.6199951171875,72823600
2023-06-27,426.1175842285156,436.1700134277344,436.80999755859375,431.8800048828125,432.3500061035156,72813700
2023-06-28,426.3325500488281,436.3900146484375,437.44000244140625,434.4100036621094,435.04998779296875,75636000
2023-06-29,428.0128173828125,438.1099853515625,438.2799987792969,435.5400085449219,435.9599914550781,67882300
2023-06-30,433.063720703125,443.2799987792969,444.29998779296875,441.1099853515625,441.44000244140625,104921500
2023-07-03,433.56195068359375,443.7900085449219,444.0799865722656,442.6300048828125,442.9200134277344,32793400
2023-07-05,432.91717529296875,443.1300048828125,443.8900146484375,441.8999938964844,441.9100036621094,58418400
2023-07-06,429.52716064453125,439.6600036621094,440.1000061035156,437.05999755859375,439.4200134277344,80658300
2023-07-07,428.4427795410156,438.54998779296875,442.6400146484375,438.29998779296875,438.6300048828125,86076100
2023-07-10,429.52716064453125,439.6600036621094,439.8399963378906,437.5899963378906,438.17999267578125,62443500
2023-07-11,432.2626037597656,442.4599914550781,442.9700012207031,439.44000244140625,440.45001220703125,64463800
2023-07-12,435.74053955078125,446.0199890136719,447.4800109863281,444.9100036621094,446.3900146484375,91924500
2023-07-13,439.1990051269531,449.55999755859375,450.3800048828125,447.45001220703125,447.8999938964844,72425200
2023-07-14,438.9253845214844,449.2799987792969,451.3599853515625,448.489990234375,450.4800109863281,69761800
2023-07-17,440.4494934082031,450.8399963378906,451.92999267578125,449.0799865722656,449.1300048828125,52680200
2023-07-18,443.7222900390625,454.19000244140625,454.8599853515625,450.04998779296875,450.5,80744400
2023-07-19,444.70904541015625,455.20001220703125,456.42999267578125,454.1099853515625,455.010009765625,65891700
2023-07-20,441.7585754394531,452.17999267578125,455.1000061035156,451.44000244140625,454.1700134277344,70591600
2023-07-21,441.7585754394531,452.17999267578125,454.1700134277344,452.1700134277344,453.9599914550781,71245400
2023-07-24,443.7320861816406,454.20001220703125,455.0400085449219,452.29998779296875,453.3699951171875,54023400
2023-07-25,444.9434814453125,455.44000244140625,456.739990234375,453.8699951171875,453.9200134277344,55191200
2023-07-26,445.0118713378906,455.510009765625,456.989990234375,453.3800048828125,454.4700012207031,71052900
2023-07-27,442.0614013671875,452.489990234375,459.44000244140625,451.54998779296875,459.0199890136719,92194400
2023-07-28,446.38934326171875,456.9200134277344,457.7799987792969,452.489990234375,455.8800048828125,80011800
2023-07-31,447.23931884765625,457.7900085449219,458.1600036621094,456.04998779296875,457.4100036621094,62040400
2023-08-01,445.9595031738281,456.4800109863281,457.25,455.489990234375,456.2699890136719,55291500
2023-08-02,439.7558288574219,450.1300048828125,453.5199890136719,449.3500061035156,453.25,93933400
2023-08-03,438.4955749511719,448.8399963378906,450.7900085449219,447.3699951171875,448.0400085449219,64276100
2023-08-04,436.5123291015625,446.80999755859375,452.8999938964844,446.2699890136719,450.7200012207031,100052300
2023-08-07,440.32244873046875,450.7099914550781,450.8699951171875,447.989990234375,448.7099914550781,58357500
2023-08-08,438.4076232910156,448.75,450.70001220703125,445.2699890136719,448.0799865722656,71361300
2023-08-09,435.4767761230469,445.75,449.20001220703125,444.9599914550781,449.0299987792969,78789600
2023-08-10,435.63311767578125,445.9100036621094,451.70001220703125,444.70001220703125,448.19000244140625,93005500
2023-08-11,435.37908935546875,445.6499938964844,446.70001220703125,443.3500061035156,443.9700012207031,68664600
2023-08-14,437.7823791503906,448.1099853515625,448.1099853515625,444.3800048828125,444.70001220703125,47867400
2023-08-15,432.6827392578125,442.8900146484375,446.6400146484375,442.29998779296875,446.2699890136719,75707500
2023-08-16,429.50762939453125,439.6400146484375,444.17999267578125,439.5299987792969,442.4599914550781,80107200
2023-08-17,426.2348327636719,436.2900085449219,441.42999267578125,435.75,441.1600036621094,95711300
2023-08-18,426.4399719238281,436.5,437.57000732421875,433.010009765625,433.3699951171875,98758400
2023-08-21,429.2144775390625,439.3399963378906,440.1099853515625,435.32000732421875,437.54998779296875,68719000
2023-08-22,428.0519104003906,438.1499938964844,441.17999267578125,437.57000732421875,441.17999267578125,65062900
2023-08-23,432.8194580078125,443.0299987792969,443.6700134277344,439.1000061035156,439.25,68441000
2023-08-24,426.821044921875,436.8900146484375,445.2200012207031,436.8599853515625,444.69000244140625,88517300
2023-08-25,429.83001708984375,439.9700012207031,441.29998779296875,435.0,438.67999267578125,102325100
2023-08-28,432.5556945800781,442.760009765625,443.3999938964844,439.9700012207031,442.239990234375,61595400
2023-08-29,438.80816650390625,449.1600036621094,449.45001220703125,442.4599914550781,442.6499938964844,83081900
2023-08-30,440.6155700683594,451.010009765625,451.6700134277344,448.7799987792969,449.510009765625,69053900
2023-08-31,439.97076416015625,450.3500061035156,452.8299865722656,450.1600036621094,451.6499938964844,66084600
2023-09-01,440.7913818359375,451.19000244140625,453.6700134277344,449.67999267578125,453.1700134277344,58875700
2023-09-05,438.8863220214844,449.239990234375,451.05999755859375,449.1700134277344,450.7300109863281,55166200
2023-09-06,435.93597412109375,446.2200012207031,448.510009765625,443.80999755859375,448.3999938964844,70758500
2023-09-07,434.5975646972656,444.8500061035156,445.54998779296875,442.75,443.1099853515625,70355400
2023-09-08,435.2521057128906,445.5199890136719,447.1099853515625,444.5299987792969,444.8999938964844,61659700
2023-09-11,438.1145324707031,448.45001220703125,448.7699890136719,446.4700012207031,448.239990234375,60180100
2023-09-12,435.71124267578125,445.989990234375,448.5299987792969,445.3900146484375,446.95001220703125,67565400
2023-09-13,436.21929931640625,446.510009765625,447.7099914550781,445.0799865722656,446.2200012207031,60199300
2023-09-14,439.98052978515625,450.3599853515625,451.0799865722656,447.7200012207031,449.07000732421875,83430800
2023-09-15,434.6795349121094,443.3699951171875,447.4800109863281,442.9200134277344,447.1400146484375,111761400
2023-09-18,434.9344482421875,443.6300048828125,444.9700012207031,442.55999755859375,443.04998779296875,55752200
2023-09-19,434.0324401855469,442.7099914550781,443.2900085449219,439.94000244140625,442.67999267578125,66514600
2023-09-20,430.0422668457031,438.6400146484375,444.44000244140625,438.42999267578125,444.010009765625,82562600
2023-09-21,422.9342956542969,431.3900146484375,435.9700012207031,431.2300109863281,435.70001220703125,103976100
2023-09-22,421.98333740234375,430.4200134277344,434.1000061035156,429.989990234375,432.45001220703125,100829700
2023-09-25,423.75787353515625,432.2300109863281,432.2699890136719,428.7200012207031,429.1700134277344,70874500
2023-09-26,417.5323181152344,425.8800048828125,429.82000732421875,425.0199890136719,429.0899963378906,96168400
2023-09-27,417.698974609375,426.04998779296875,427.6700134277344,422.2900085449219,427.0899963378906,104705800
2023-09-28,420.1205749511719,428.5199890136719,430.25,424.8699951171875,425.4800109863281,92258300
2023-09-29,419.10101318359375,427.4800109863281,431.8500061035156,425.9100036621094,431.6700134277344,115078500
2023-10-02,418.934326171875,427.30999755859375,428.6000061035156,424.4599914550781,426.6199951171875,83798600
2023-10-03,413.3264465332031,421.5899963378906,427.3699951171875,420.17999267578125,425.05999755859375,103760600
2023-10-04,416.3362731933594,424.6600036621094,425.42999267578125,420.55999755859375,422.07000732421875,87453000
2023-10-05,416.1793518066406,424.5,425.3699951171875,421.1700134277344,424.3599853515625,70142700
2023-10-06,421.1205749511719,429.5400085449219,431.1300048828125,420.6000061035156,421.9700012207031,113202700
2023-10-09,423.8166809082031,432.2900085449219,432.8800048828125,427.010009765625,427.5799865722656,80374400
2023-10-10,426.0225830078125,434.5400085449219,437.2200012207031,432.5299987792969,432.94000244140625,78607300
2023-10-11,427.7677001953125,436.32000732421875,436.5799865722656,433.17999267578125,435.6400146484375,62451700
2023-10-12,425.15985107421875,433.6600036621094,437.3399963378906,431.2300109863281,436.95001220703125,81154200
2023-10-13,423.0422058105469,431.5,436.45001220703125,429.8800048828125,435.2099914550781,95143100
2023-10-16,427.4931945800781,436.0400085449219,437.1400146484375,433.57000732421875,433.82000732421875,75433200
2023-10-17,427.47357177734375,436.0199890136719,438.1400146484375,432.45001220703125,432.80999755859375,75324700
2023-10-18,421.7774353027344,430.2099914550781,435.17999267578125,429.0899963378906,434.19000244140625,93559800
2023-10-19,418.071533203125,426.42999267578125,432.82000732421875,425.7300109863281,430.95001220703125,121323000
2023-10-20,412.934326171875,421.19000244140625,426.5400085449219,421.0799865722656,425.9800109863281,123845800
2023-10-23,412.2185363769531,420.4599914550781,424.45001220703125,417.79998779296875,419.6099853515625,92035100
2023-10-24,415.326416015625,423.6300048828125,424.82000732421875,420.739990234375,422.6499938964844,78564200
2023-10-25,409.3656005859375,417.54998779296875,421.9200134277344,417.0199890136719,421.8900146484375,94223200
2023-10-26,404.463623046875,412.54998779296875,417.3299865722656,411.6000061035156,416.45001220703125,115156800
2023-10-27,402.6302185058594,410.67999267578125,414.6000061035156,409.2099914550781,414.19000244140625,107367700
2023-10-30,407.4440612792969,415.5899963378906,416.67999267578125,412.2200012207031,413.55999755859375,86562700
2023-10-31,410.00286865234375,418.20001220703125,418.5299987792969,414.2099914550781,416.17999267578125,79665200
2023-11-01,414.3754577636719,422.6600036621094,423.5,418.6499938964844,419.20001220703125,98068100
2023-11-02,422.3166809082031,430.760009765625,430.9200134277344,426.55999755859375,426.5799865722656,94938900
2023-11-03,426.1696472167969,434.69000244140625,436.2900085449219,433.010009765625,433.1400146484375,100110800
2023-11-06,427.1500244140625,435.69000244140625,436.1499938964844,433.67999267578125,435.4700012207031,67831700
2023-11-07,428.36572265625,436.92999267578125,437.5899963378906,434.510009765625,435.69000244140625,64256100
2023-11-08,428.6794738769531,437.25,438.0899963378906,434.8699951171875,437.54998779296875,61746000
2023-11-09,425.3363037109375,433.8399963378906,438.4700012207031,433.3999938964844,438.42999267578125,83174400
2023-11-10,431.9736022949219,440.6099853515625,440.92999267578125,433.8299865722656,435.9800109863281,89462200
2023-11-13,431.5618591308594,440.19000244140625,441.3299865722656,438.4200134277344,439.2300109863281,52236100
2023-11-14,439.9344482421875,448.7300109863281,450.05999755859375,446.0899963378906,446.32000732421875,97176900
2023-11-15,440.8658447265625,449.67999267578125,451.3800048828125,448.79998779296875,450.1099853515625,77327600
2023-11-16,441.405029296875,450.2300109863281,450.55999755859375,448.1199951171875,449.2200012207031,66665800
2023-11-17,441.9540710449219,450.7900085449219,451.4200134277344,449.2900085449219,450.239990234375,83133200
2023-11-20,445.3561096191406,454.260009765625,455.1300048828125,450.5199890136719,450.5299987792969,69936200
2023-11-21,444.38543701171875,453.2699890136719,454.1300048828125,451.9599914550781,453.17999267578125,49244600
2023-11-22,446.1011657714844,455.0199890136719,456.3800048828125,453.8900146484375,454.9800109863281,59394900
2023-11-24,446.37567138671875,455.29998779296875,455.5,454.7300109863281,455.07000732421875,29737400
2023-11-27,445.5717468261719,454.4800109863281,455.489990234375,454.0799865722656,454.6499938964844,50506000
2023-11-28,446.0129089355469,454.92999267578125,456.2699890136719,453.5,454.0799865722656,62115000
2023-11-29,445.69921875,454.6099853515625,458.32000732421875,454.20001220703125,457.1499938964844,63146000
2023-11-30,447.4541015625,456.3999938964844,456.760009765625,453.3399963378906,455.4800109863281,79752700
2023-12-01,450.1011962890625,459.1000061035156,459.6499938964844,455.1600036621094,455.7699890136719,89097900
2023-12-04,447.7384338378906,456.69000244140625,459.1199951171875,454.3399963378906,455.6000061035156,72430900
2023-12-05,447.65020751953125,456.6000061035156,457.5899963378906,454.8699951171875,455.260009765625,69793500
2023-12-06,445.84625244140625,454.760009765625,458.8399963378906,454.30999755859375,458.80999755859375,69124700
2023-12-07,449.24822998046875,458.2300109863281,458.8999938964844,456.2900085449219,456.9100036621094,66995400
2023-12-08,451.1796569824219,460.20001220703125,460.75,457.2099914550781,457.4599914550781,83080900
2023-12-11,452.9345397949219,461.989990234375,462.1700134277344,459.4700012207031,459.69000244140625,65002200
2023-12-12,455.003173828125,464.1000061035156,464.20001220703125,460.6000061035156,461.6300048828125,68327600
2023-12-13,461.2777404785156,470.5,470.760009765625,464.1199951171875,464.489990234375,93278000
2023-12-14,462.75811767578125,472.010009765625,473.7300109863281,469.25,472.5,119026000
2023-12-15,461.9961853027344,469.3299865722656,470.70001220703125,467.42999267578125,469.489990234375,141319300
2023-12-18,464.594970703125,471.9700012207031,472.9800109863281,469.8900146484375,470.9800109863281,70375300
2023-12-19,467.42010498046875,474.8399963378906,474.9200134277344,472.45001220703125,472.5299987792969,55761800
2023-12-20,460.9429626464844,468.260009765625,475.8999938964844,467.82000732421875,473.9599914550781,102921000
2023-12-21,465.3135986328125,472.70001220703125,472.9800109863281,468.8399963378906,471.3299865722656,86667500
2023-12-22,466.24871826171875,473.6499938964844,475.3800048828125,471.70001220703125,473.8599853515625,67126600
2023-12-26,468.21746826171875,475.6499938964844,476.5799865722656,473.989990234375,474.07000732421875,55387000
2023-12-27,469.0640563964844,476.510009765625,476.6600036621094,474.8900146484375,475.44000244140625,68000300
2023-12-28,469.2412109375,476.69000244140625,477.54998779296875,476.260009765625,476.8800048828125,77158100
2023-12-29,467.8827819824219,475.30999755859375,477.0299987792969,473.29998779296875,476.489990234375,122234100
