Price,Adj Close,Close,High,Low,Open,Volume
Ticker,SPY,SPY,SPY,SPY,SPY,SPY
Date,,,,,,
2018-01-02,238.56874084472656,268.7699890136719,268.80999755859375,267.3999938964844,267.8399963378906,86655700
2018-01-03,240.0776824951172,270.4700012207031,270.6400146484375,268.9599914550781,268.9599914550781,90070400
2018-01-04,241.08958435058594,271.6099853515625,272.1600036621094,270.5400085449219,271.20001220703125,80636400
2018-01-05,242.6962127685547,273.4200134277344,273.55999755859375,271.95001220703125,272.510009765625,83524000
2018-01-08,243.1400604248047,273.9200134277344,274.1000061035156,272.9800109863281,273.30999755859375,57319200
2018-01-09,243.6903839111328,274.5400085449219,275.25,274.0799865722656,274.3999938964844,57254000
2018-01-10,243.31748962402344,274.1199951171875,274.4200134277344,272.9200134277344,273.67999267578125,69574300
2018-01-11,245.0927734375,276.1199951171875,276.1199951171875,274.55999755859375,274.75,62361500
2018-01-12,246.69058227539062,277.9200134277344,278.1099853515625,276.0799865722656,276.4200134277344,90816100
2018-01-16,245.84727478027344,276.9700012207031,280.0899963378906,276.17999267578125,279.3500061035156,106555100
2018-01-17,248.19064331054688,279.6099853515625,280.04998779296875,276.9700012207031,278.0299987792969,113258800
2018-01-18,247.77346801757812,279.1400146484375,279.9599914550781,278.5799865722656,279.4800109863281,100728000
2018-01-19,248.90081787109375,280.4100036621094,280.4100036621094,279.1400146484375,279.79998779296875,140920100
2018-01-22,250.92457580566406,282.69000244140625,282.69000244140625,280.1099853515625,280.1700134277344,91322400
2018-01-23,251.45713806152344,283.2900085449219,283.6199951171875,282.3699951171875,282.739990234375,97084700
2018-01-24,251.35952758789062,283.17999267578125,284.70001220703125,281.8399963378906,284.0199890136719,134816100
2018-01-25,251.46592712402344,283.29998779296875,284.2699890136719,282.3999938964844,284.1600036621094,84587300
2018-01-26,254.37733459472656,286.5799865722656,286.6300048828125,283.9599914550781,284.25,107743100
2018-01-29,252.69094848632812,284.67999267578125,286.42999267578125,284.5,285.92999267578125,90118300
2018-01-30,250.09906005859375,281.760009765625,284.739990234375,281.2200012207031,282.6000061035156,131796400
2018-01-31,250.2233428955078,281.8999938964844,283.29998779296875,280.67999267578125,282.7300109863281,108364800
2018-02-01,249.9392852783203,281.5799865722656,283.05999755859375,280.67999267578125,281.07000732421875,90102500
2018-02-02,244.49818420410156,275.45001220703125,280.2300109863281,275.4100036621094,280.0799865722656,173174800
2018-02-05,234.27261352539062,263.92999267578125,275.8500061035156,263.30999755859375,273.45001220703125,294681800
2018-02-06,238.88832092285156,269.1300048828125,269.70001220703125,258.70001220703125,259.94000244140625,355026800
2018-02-07,237.5923614501953,267.6700134277344,272.3599853515625,267.5799865722656,268.5,167376100
2018-02-08,228.68052673339844,257.6300048828125,268.1700134277344,257.5899963378906,268.010009765625,246449500
2018-02-09,232.11566162109375,261.5,263.6099853515625,252.9199981689453,260.79998779296875,283565300
2018-02-12,235.524169921875,265.3399963378906,267.010009765625,261.6600036621094,263.8299865722656,143736000
2018-02-13,236.11001586914062,266.0,266.6199951171875,263.30999755859375,263.9700012207031,81223600
2018-02-14,239.2965850830078,269.5899963378906,270.0,264.29998779296875,264.30999755859375,120735700
2018-02-15,242.35009765625,273.0299987792969,273.0400085449219,268.7699890136719,271.57000732421875,111200300
2018-02-16,242.4210662841797,273.1099853515625,275.32000732421875,272.2699890136719,272.32000732421875,160420100
2018-02-20,240.9032440185547,271.3999938964844,273.6700134277344,270.5,272.0299987792969,86369700
2018-02-21,239.7048797607422,270.04998779296875,274.7200012207031,269.94000244140625,271.8999938964844,98883700
2018-02-22,240.0155792236328,270.3999938964844,273.04998779296875,269.6400146484375,271.1000061035156,110511300
2018-02-23,243.84124755859375,274.7099914550781,274.7099914550781,271.25,271.7900085449219,92766400
2018-02-26,246.6728057861328,277.8999938964844,278.010009765625,275.260009765625,275.92999267578125,86491400
2018-02-27,243.59275817871094,274.42999267578125,278.9200134277344,274.3599853515625,278.1099853515625,99099200
2018-02-28,241.1251220703125,271.6499938964844,276.19000244140625,271.2900085449219,275.67999267578125,121907800
2018-03-01,237.6190643310547,267.70001220703125,273.1700134277344,266.0,271.4100036621094,176855100
2018-03-02,238.84388732910156,269.0799865722656,269.7200012207031,264.82000732421875,265.79998779296875,139083200
2018-03-05,241.6043701171875,272.19000244140625,272.8900146484375,267.6099853515625,267.7300109863281,97307400
2018-03-06,242.2169189453125,272.8800048828125,273.3900146484375,271.17999267578125,273.29998779296875,79213200
2018-03-07,242.12811279296875,272.7799987792969,273.17999267578125,270.20001220703125,270.4200134277344,87063500
2018-03-08,243.2998046875,274.1000061035156,274.239990234375,272.4200134277344,273.54998779296875,66901200
2018-03-09,247.53378295898438,278.8699951171875,278.8699951171875,275.3399963378906,275.70001220703125,113625300
2018-03-12,247.22315979003906,278.5199890136719,279.9100036621094,278.0799865722656,279.20001220703125,71924800
2018-03-13,245.62539672851562,276.7200012207031,280.4100036621094,276.0299987792969,279.8399963378906,91968900
2018-03-14,244.3649444580078,275.29998779296875,278.0199890136719,274.6700134277344,277.80999755859375,105895100
2018-03-15,244.09872436523438,275.0,276.6099853515625,274.42999267578125,275.8800048828125,83433000
2018-03-16,244.3633270263672,274.20001220703125,275.3900146484375,274.1400146484375,274.5,100343700
2018-03-19,241.05706787109375,270.489990234375,274.3999938964844,268.6199951171875,273.3500061035156,109208400
2018-03-20,241.46702575683594,270.95001220703125,271.6700134277344,270.17999267578125,270.94000244140625,59757300
2018-03-21,241.003662109375,270.42999267578125,273.2699890136719,270.19000244140625,270.8999938964844,78709600
2018-03-22,234.97915649414062,263.6700134277344,268.8699951171875,263.3599853515625,267.9100036621094,148785900
2018-03-23,229.97068786621094,258.04998779296875,264.5400085449219,257.8299865722656,264.1700134277344,183534800
2018-03-26,236.26239013671875,265.1099853515625,265.42999267578125,259.4100036621094,262.1300048828125,141956100
2018-03-27,232.24322509765625,260.6000061035156,266.7699890136719,258.8399963378906,266.1700134277344,129941400
2018-03-28,231.55703735351562,259.8299865722656,262.6400146484375,258.5799865722656,260.75,146452300
2018-03-29,234.51577758789062,263.1499938964844,265.260009765625,259.8399963378906,261.1199951171875,111601600
2018-04-02,229.4538116455078,257.4700012207031,263.1300048828125,254.6699981689453,262.54998779296875,186286300
2018-04-03,232.39471435546875,260.7699890136719,261.30999755859375,256.8399963378906,258.8699951171875,119956900
2018-04-04,234.88121032714844,263.55999755859375,264.3599853515625,256.6000061035156,256.75,123715300
2018-04-05,236.73483276367188,265.6400146484375,266.6400146484375,264.32000732421875,265.54998779296875,82652600
2018-04-06,231.458984375,259.7200012207031,265.1099853515625,258.0,263.4200134277344,179521200
2018-04-09,232.5997314453125,261.0,264.8399963378906,259.94000244140625,261.3699951171875,105442900
2018-04-10,236.298095703125,265.1499938964844,266.0400085449219,262.9800109863281,264.2699890136719,103529000
2018-04-11,235.0594024658203,263.760009765625,265.6400146484375,263.3900146484375,263.4700012207031,91140200
2018-04-12,236.9932403564453,265.92999267578125,267.0,265.05999755859375,265.260009765625,68890500
2018-04-13,236.298095703125,265.1499938964844,267.5400085449219,264.010009765625,267.4100036621094,85079200
2018-04-16,238.24095153808594,267.3299865722656,268.20001220703125,266.07000732421875,267.0,63405300
2018-04-17,240.78973388671875,270.19000244140625,270.8699951171875,268.75,269.3299865722656,64682000
2018-04-18,240.96800231933594,270.3900146484375,271.29998779296875,269.8699951171875,270.69000244140625,57303900
2018-04-19,239.6311798095703,268.8900146484375,269.8800048828125,267.7200012207031,269.6499938964844,77655900
2018-04-20,237.59925842285156,266.6099853515625,269.05999755859375,265.6099853515625,268.80999755859375,99953100
2018-04-23,237.56361389160156,266.57000732421875,267.8900146484375,265.3500061035156,267.260009765625,65558000
2018-04-24,234.3642120361328,262.9800109863281,267.9800109863281,261.2799987792969,267.7300109863281,112885500
2018-04-25,234.94351196289062,263.6300048828125,264.1300048828125,260.8500061035156,262.9100036621094,103840900
2018-04-26,237.33189392089844,266.30999755859375,267.25,264.2900085449219,264.7900085449219,67731900
2018-04-27,237.55470275878906,266.55999755859375,267.3399963378906,265.5,267.0,57053600
2018-04-30,235.727783203125,264.510009765625,267.8900146484375,264.42999267578125,267.260009765625,82182300
2018-05-01,236.14662170410156,264.9800109863281,265.1000061035156,262.1099853515625,263.8699951171875,74203400
2018-05-02,234.5603485107422,263.20001220703125,265.67999267578125,262.760009765625,264.760009765625,86368900
2018-05-03,234.0434112548828,262.6199951171875,263.3599853515625,259.04998779296875,262.260009765625,136311500
2018-05-04,237.073486328125,266.0199890136719,266.7900085449219,261.1499938964844,261.5199890136719,91222100
2018-05-07,237.87557983398438,266.9200134277344,268.0199890136719,266.1099853515625,266.8900146484375,55304900
2018-05-08,237.87557983398438,266.9200134277344,267.3299865722656,265.1499938964844,266.5,67499200
2018-05-09,240.1748046875,269.5,269.8699951171875,267.0899963378906,267.67999267578125,59666100
2018-05-10,242.42054748535156,272.0199890136719,272.3900146484375,270.2200012207031,270.3399963378906,72063900
2018-05-11,243.1602325439453,272.8500061035156,273.1499938964844,271.5799865722656,272.1600036621094,59871500
2018-05-14,243.2761688232422,272.9800109863281,274.0799865722656,272.3599853515625,273.3399963378906,54790600
2018-05-15,241.60072326660156,271.1000061035156,271.6099853515625,270.0299987792969,271.5899963378906,87036100
2018-05-16,242.61663818359375,272.239990234375,272.760009765625,271.1099853515625,271.1400146484375,53942600
2018-05-17,242.4116668701172,272.010009765625,273.2300109863281,271.1300048828125,271.94000244140625,56536400
2018-05-18,241.80569458007812,271.3299865722656,272.0299987792969,270.92999267578125,271.6199951171875,64368000
2018-05-21,243.62364196777344,273.3699951171875,273.9800109863281,272.57000732421875,273.010009765625,58025900
2018-05-22,242.94635009765625,272.6099853515625,274.25,272.239990234375,273.9599914550781,52966400
2018-05-23,243.61473083496094,273.3599853515625,273.3900146484375,270.989990234375,271.1700134277344,64694200
2018-05-24,243.11563110351562,272.79998779296875,273.2200012207031,270.7799987792969,272.9100036621094,76043800
2018-05-25,242.5364532470703,272.1499938964844,272.8599853515625,271.5799865722656,272.1499938964844,56374800
2018-05-29,239.7470245361328,269.0199890136719,271.1700134277344,267.760009765625,270.30999755859375,115908600
2018-05-30,242.94635009765625,272.6099853515625,273.1099853515625,270.4200134277344,270.5,69678400
2018-05-31,241.45803833007812,270.94000244140625,272.489990234375,270.260009765625,272.1499938964844,93519900
2018-06-01,243.82867431640625,273.6000061035156,273.94000244140625,272.3299865722656,272.4100036621094,71258400
2018-06-04,244.9871826171875,274.8999938964844,275.19000244140625,274.260009765625,274.5299987792969,45385200
2018-06-05,245.16543579101562,275.1000061035156,275.5299987792969,274.17999267578125,275.04998779296875,51135000
2018-06-06,247.2151641845703,277.3999938964844,277.5199890136719,275.0899963378906,275.7900085449219,62732200
2018-06-07,247.18849182128906,277.3699951171875,278.2799987792969,276.3399963378906,277.95001220703125,72969400
2018-06-08,247.91925048828125,278.19000244140625,278.25,276.6600036621094,276.8500061035156,72139700
2018-06-11,248.24891662597656,278.55999755859375,279.3699951171875,278.30999755859375,278.44000244140625,58892500
2018-06-12,248.5697784423828,278.9200134277344,279.3299865722656,278.19000244140625,279.0299987792969,72329000
2018-06-13,247.776611328125,278.0299987792969,279.4800109863281,277.79998779296875,279.19000244140625,79070600
2018-06-14,248.40048217773438,278.7300109863281,279.3299865722656,278.05999755859375,279.010009765625,77097600
2018-06-15,248.0835418701172,277.1300048828125,277.510009765625,275.3500061035156,276.6000061035156,120041600
2018-06-18,247.5732879638672,276.55999755859375,276.70001220703125,274.95001220703125,275.489990234375,52917600
2018-06-19,246.6243896484375,275.5,275.75,273.5299987792969,274.0,97531500
2018-06-20,247.0451202392578,275.9700012207031,276.7200012207031,275.5899963378906,276.2699890136719,53785500
2018-06-21,245.49644470214844,274.239990234375,275.9800109863281,273.67999267578125,275.9599914550781,71061400
2018-06-22,245.9440155029297,274.739990234375,275.7900085449219,274.489990234375,275.6600036621094,54898500
2018-06-25,242.59605407714844,271.0,273.6199951171875,269.1000061035156,273.44000244140625,137854200
2018-06-26,243.13323974609375,271.6000061035156,272.55999755859375,270.7900085449219,271.6400146484375,68547400
2018-06-27,241.1190185546875,269.3500061035156,273.8699951171875,269.17999267578125,272.260009765625,105110700
2018-06-28,242.49757385253906,270.8900146484375,271.75,268.489990234375,269.2900085449219,76650500
2018-06-29,242.8466796875,271.2799987792969,273.6600036621094,271.1499938964844,272.1199951171875,97592500
2018-07-02,243.3658905029297,271.8599853515625,272.0400085449219,269.239990234375,269.510009765625,63554800
2018-07-03,242.50653076171875,270.8999938964844,272.9800109863281,270.4200134277344,272.8699951171875,42187100
2018-07-05,244.48492431640625,273.1099853515625,273.17999267578125,270.9599914550781,272.1700134277344,56925900
2018-07-06,246.55294799804688,275.4200134277344,275.8399963378906,272.7099914550781,273.1400146484375,66493700
2018-07-09,248.77284240722656,277.8999938964844,277.9599914550781,276.5,276.54998779296875,50550400
2018-07-10,249.66812133789062,278.8999938964844,279.010009765625,278.0799865722656,278.4100036621094,51966800
2018-07-11,247.84178161621094,276.8599853515625,278.0400085449219,276.5199890136719,277.1499938964844,77054700
2018-07-12,250.08876037597656,279.3699951171875,279.42999267578125,277.6000061035156,278.2799987792969,60124700
2018-07-13,250.28567504882812,279.5899963378906,279.92999267578125,278.6600036621094,279.1700134277344,48216000
2018-07-16,250.06192016601562,279.3399963378906,279.79998779296875,278.8399963378906,279.6400146484375,48201000
2018-07-17,251.07342529296875,280.4700012207031,280.9100036621094,278.4100036621094,278.4700012207031,52315500
2018-07-18,251.60165405273438,281.05999755859375,281.17999267578125,280.05999755859375,280.55999755859375,44593500
2018-07-19,250.65277099609375,280.0,280.739990234375,279.4599914550781,280.30999755859375,61412100
2018-07-20,250.36631774902344,279.67999267578125,280.4800109863281,279.5,279.7699890136719,82337700
2018-07-23,250.831787109375,280.20001220703125,280.42999267578125,279.05999755859375,279.45001220703125,47047600
2018-07-24,252.0939178466797,281.6099853515625,282.55999755859375,280.6300048828125,281.7900085449219,68026900
2018-07-25,254.24244689941406,284.010009765625,284.3699951171875,281.2799987792969,281.3299865722656,78882900
2018-07-26,253.64263916015625,283.3399963378906,284.1099853515625,283.0899963378906,283.20001220703125,57919500
2018-07-27,251.92393493652344,281.4200134277344,283.82000732421875,280.3800048828125,283.7099914550781,76768700
2018-07-30,250.60797119140625,279.95001220703125,281.69000244140625,279.3599853515625,281.510009765625,63742500
2018-07-31,251.84335327148438,281.3299865722656,282.0199890136719,280.3800048828125,280.80999755859375,68570500
2018-08-01,251.42259216308594,280.8599853515625,282.1300048828125,280.1300048828125,281.55999755859375,53853300
2018-08-02,252.79214477539062,282.3900146484375,282.5799865722656,279.1600036621094,279.3900146484375,63426400
2018-08-03,253.87533569335938,283.6000061035156,283.6600036621094,282.3299865722656,282.5299987792969,53935400
2018-08-06,254.8064422607422,284.6400146484375,284.989990234375,283.20001220703125,283.6400146484375,39400900
2018-08-07,255.6479034423828,285.5799865722656,286.010009765625,285.239990234375,285.3900146484375,43196600
2018-08-08,255.5404510498047,285.4599914550781,285.9100036621094,284.94000244140625,285.3900146484375,42114600
2018-08-09,255.19131469726562,285.07000732421875,285.9700012207031,284.9200134277344,285.5299987792969,35717000
2018-08-10,253.48153686523438,283.1600036621094,284.05999755859375,282.3599853515625,283.45001220703125,77076000
2018-08-13,252.53271484375,282.1000061035156,284.1600036621094,281.7699890136719,283.4700012207031,65732900
2018-08-14,254.14401245117188,283.8999938964844,284.1700134277344,282.4800109863281,282.9200134277344,43842000
2018-08-15,252.24610900878906,281.7799987792969,282.5400085449219,280.1600036621094,282.3800048828125,102925400
2018-08-16,254.28721618652344,284.05999755859375,285.0400085449219,283.3599853515625,283.3999938964844,69967900
2018-08-17,255.18234252929688,285.05999755859375,285.55999755859375,283.3699951171875,283.8299865722656,65618500
2018-08-20,255.7284393310547,285.6700134277344,285.9700012207031,285.05999755859375,285.57000732421875,39807500
2018-08-21,256.32830810546875,286.3399963378906,287.30999755859375,285.7099914550781,286.25,67272000
2018-08-22,256.1760559082031,286.1700134277344,286.760009765625,285.5799865722656,285.8800048828125,44993300
2018-08-23,255.8358917236328,285.7900085449219,286.94000244140625,285.42999267578125,285.9700012207031,49204900
2018-08-24,257.3756103515625,287.510009765625,287.6700134277344,286.3800048828125,286.44000244140625,57487400
2018-08-27,259.40765380859375,289.7799987792969,289.8999938964844,288.67999267578125,288.8599853515625,57072400
2018-08-28,259.5329895019531,289.9200134277344,290.4200134277344,289.3999938964844,290.29998779296875,46943500
2018-08-29,260.9295959472656,291.4800109863281,291.739990234375,289.8900146484375,290.1600036621094,61485500
2018-08-30,259.87310791015625,290.29998779296875,291.3599853515625,289.6300048828125,290.94000244140625,61229500
2018-08-31,259.88214111328125,290.30999755859375,290.80999755859375,289.2900085449219,289.8399963378906,66140800
2018-09-04,259.43450927734375,289.80999755859375,290.2099914550781,288.67999267578125,289.8399963378906,57594400
2018-09-05,258.7362976074219,289.0299987792969,289.6400146484375,287.8900146484375,289.4100036621094,72452400
2018-09-06,257.95751953125,288.1600036621094,289.489990234375,287.0,289.1499938964844,65909900
2018-09-07,257.4561767578125,287.6000061035156,288.70001220703125,286.7099914550781,286.9800109863281,73524800
2018-09-10,257.90374755859375,288.1000061035156,289.0400085449219,287.8800048828125,288.739990234375,50210900
2018-09-11,258.7542724609375,289.04998779296875,289.54998779296875,286.9800109863281,287.3699951171875,50530500
2018-09-12,258.81689453125,289.1199951171875,289.79998779296875,288.2300109863281,289.05999755859375,59810800
2018-09-13,260.3475646972656,290.8299865722656,291.0400085449219,290.0,290.32000732421875,51034200
2018-09-14,260.3924255371094,290.8800048828125,291.2699890136719,290.0,291.05999755859375,55079900
2018-09-17,259.0137634277344,289.3399963378906,290.8599853515625,289.0299987792969,290.82000732421875,68244000
2018-09-18,260.4193115234375,290.9100036621094,291.5799865722656,289.54998779296875,289.5799865722656,61930400
2018-09-19,260.6967468261719,291.2200012207031,291.69000244140625,290.8299865722656,290.9700012207031,49080600
2018-09-20,262.8093566894531,293.5799865722656,293.94000244140625,291.239990234375,292.6400146484375,100360600
2018-09-21,262.5693359375,291.989990234375,293.2200012207031,291.80999755859375,293.0899963378906,105479700
2018-09-24,261.69696044921875,291.0199890136719,291.5,290.3699951171875,291.3399963378906,53409600
2018-09-25,261.4543151855469,290.75,291.6499938964844,290.4800109863281,291.5299987792969,44370000
2018-09-26,260.67181396484375,289.8800048828125,292.239990234375,289.4100036621094,290.9100036621094,79739700
2018-09-27,261.40032958984375,290.69000244140625,291.9100036621094,290.1000061035156,290.4100036621094,59249500
2018-09-28,261.42730712890625,290.7200012207031,291.2799987792969,289.95001220703125,289.989990234375,70091400
2018-10-01,262.3355407714844,291.7300109863281,292.92999267578125,290.9800109863281,292.1099853515625,62078900
2018-10-02,262.1826171875,291.55999755859375,292.3599853515625,291.1400146484375,291.55999755859375,47258200
2018-10-03,262.3265686035156,291.7200012207031,293.2099914550781,291.32000732421875,292.739990234375,64694600
2018-10-04,260.27618408203125,289.44000244140625,291.239990234375,287.6600036621094,291.17999267578125,111545900
2018-10-05,258.8194885253906,287.82000732421875,290.2699890136719,286.2200012207031,289.69000244140625,105951700
2018-10-08,258.8194885253906,287.82000732421875,288.2200012207031,285.5,287.04998779296875,87742200
2018-10-09,258.44183349609375,287.3999938964844,288.8599853515625,286.7699890136719,287.3900146484375,74339000
2018-10-10,250.25872802734375,278.29998779296875,286.9100036621094,277.8800048828125,286.8299865722656,214731000
2018-10-11,244.74632263183594,272.1700134277344,278.8999938964844,270.3599853515625,277.0799865722656,274840500
2018-10-12,248.1454620361328,275.95001220703125,277.0899963378906,272.3699951171875,276.7699890136719,183186500
2018-10-15,246.75164794921875,274.3999938964844,277.0400085449219,274.29998779296875,275.54998779296875,102263700
2018-10-16,252.14710998535156,280.3999938964844,280.82000732421875,276.07000732421875,276.6000061035156,118255800
2018-10-17,252.19203186035156,280.45001220703125,281.1499938964844,277.55999755859375,280.44000244140625,110626000
2018-10-18,248.5501251220703,276.3999938964844,280.07000732421875,274.9700012207031,279.3999938964844,134557500
2018-10-19,248.41526794433594,276.25,279.29998779296875,275.4700012207031,277.1300048828125,139901600
2018-10-22,247.30026245117188,275.010009765625,277.3599853515625,274.4100036621094,277.0,82415800
2018-10-23,246.04119873046875,273.6099853515625,274.8699951171875,268.6099853515625,270.95001220703125,146352700
2018-10-24,238.58657836914062,265.32000732421875,273.760009765625,264.70001220703125,273.3299865722656,177806700
2018-10-25,242.8668975830078,270.0799865722656,271.80999755859375,266.2300109863281,267.3800048828125,138061500
2018-10-26,238.5955047607422,265.3299865722656,271.0,262.2900085449219,265.9200134277344,201574600
2018-10-29,237.27362060546875,263.8599853515625,270.25,259.8500061035156,268.79998779296875,160749100
2018-10-30,240.78965759277344,267.7699890136719,268.1199951171875,263.1199951171875,263.6700134277344,157116000
2018-10-31,243.361572265625,270.6300048828125,273.2300109863281,270.1199951171875,270.6499938964844,128296300
2018-11-01,245.95138549804688,273.510009765625,273.7300109863281,270.3800048828125,271.6000061035156,99495000
2018-11-02,244.49452209472656,271.8900146484375,275.2300109863281,269.5899963378906,274.75,122634100
2018-11-05,245.84339904785156,273.3900146484375,274.010009765625,271.3500061035156,272.44000244140625,65622500
2018-11-06,247.3991241455078,275.1199951171875,275.29998779296875,273.25,273.32000732421875,60085900
2018-11-07,252.6956329345703,281.010009765625,281.1000061035156,277.0799865722656,277.55999755859375,102752100
2018-11-08,252.23703002929688,280.5,281.2200012207031,279.2200012207031,280.1099853515625,65584900
2018-11-09,249.77313232421875,277.760009765625,279.239990234375,276.17999267578125,279.0299987792969,98812600
2018-11-12,245.10606384277344,272.57000732421875,277.4599914550781,271.989990234375,277.19000244140625,99673600
2018-11-13,244.6474151611328,272.05999755859375,275.3299865722656,271.25,273.0899963378906,98176600
2018-11-14,242.97482299804688,270.20001220703125,274.6099853515625,268.45001220703125,274.1600036621094,125335900
2018-11-15,245.5107421875,273.0199890136719,273.5400085449219,267.010009765625,268.7799987792969,135101400
2018-11-16,246.1491241455078,273.7300109863281,274.75,271.2099914550781,271.7900085449219,126668000
2018-11-19,241.9856719970703,269.1000061035156,273.3800048828125,268.07000732421875,273.04998779296875,103061700
2018-11-20,237.50746154785156,264.1199951171875,267.0,263.1499938964844,265.3599853515625,136021300
2018-11-21,238.3167724609375,265.0199890136719,267.1499938964844,265.010009765625,265.8599853515625,75563700
2018-11-23,236.7251434326172,263.25,264.82000732421875,263.07000732421875,263.17999267578125,42807900
2018-11-26,240.54681396484375,267.5,267.75,265.3399963378906,265.7799987792969,79981400
2018-11-27,241.3562469482422,268.3999938964844,268.3999938964844,265.6600036621094,266.3399963378906,75502400
2018-11-28,246.9134979248047,274.5799865722656,274.5799865722656,268.3299865722656,269.6000061035156,127629600
2018-11-29,246.37400817871094,273.9800109863281,275.54998779296875,272.42999267578125,273.7099914550781,82346400
2018-11-30,247.87571716308594,275.6499938964844,276.2799987792969,273.45001220703125,273.80999755859375,98204200
2018-12-03,251.1578826904297,279.29998779296875,280.3999938964844,277.510009765625,280.2799987792969,103176300
2018-12-04,243.01980590820312,270.25,278.8500061035156,269.8999938964844,278.3699951171875,177986000
2018-12-06,242.651123046875,269.8399963378906,269.9700012207031,262.44000244140625,265.9200134277344,204185400
2018-12-07,237.0128936767578,263.57000732421875,271.2200012207031,262.6300048828125,269.4599914550781,161018900
2018-12-10,237.4624786376953,264.07000732421875,265.1600036621094,258.6199951171875,263.3699951171875,151445900
2018-12-11,237.51646423339844,264.1300048828125,267.8699951171875,262.4800109863281,267.6600036621094,121504400
2018-12-12,238.71240234375,265.4599914550781,269.0,265.3699951171875,267.4700012207031,97976700
2018-12-13,238.6315155029297,265.3699951171875,267.489990234375,264.1199951171875,266.5199890136719,96662700
2018-12-14,234.22518920898438,260.4700012207031,264.0299987792969,259.8500061035156,262.9599914550781,116961100
2018-12-17,229.63009643554688,255.36000061035156,260.6499938964844,253.52999877929688,259.3999938964844,165492300
2018-12-18,229.37832641601562,255.0800018310547,257.95001220703125,253.27999877929688,257.20001220703125,134515100
2018-12-19,225.94322204589844,251.25999450683594,259.3999938964844,249.35000610351562,255.1699981689453,214992800
2018-12-20,222.26531982421875,247.1699981689453,251.6199951171875,244.64999389648438,249.86000061035156,252053400
2018-12-21,217.711181640625,240.6999969482422,249.7100067138672,239.97999572753906,246.74000549316406,255345600
2018-12-24,211.95863342285156,234.33999633789062,240.83999633789062,234.27000427246094,239.0399932861328,147311600
2018-12-26,222.66783142089844,246.17999267578125,246.17999267578125,233.75999450683594,235.97000122070312,218485400
2018-12-27,224.37730407714844,248.07000732421875,248.2899932861328,238.9600067138672,242.57000732421875,186267300
2018-12-28,224.087890625,247.75,251.39999389648438,246.4499969482422,249.5800018310547,153100200
2018-12-31,226.05062866210938,249.9199981689453,250.19000244140625,247.47000122070312,249.55999755859375,144299400
2019-01-02,226.28578186035156,250.17999267578125,251.2100067138672,245.9499969482422,245.97999572753906,126925200
2019-01-03,220.88600158691406,244.2100067138672,248.57000732421875,243.6699981689453,248.22999572753906,144140700
2019-01-04,228.28469848632812,252.38999938964844,253.11000061035156,247.1699981689453,247.58999633789062,142628800
2019-01-07,230.08465576171875,254.3800048828125,255.9499969482422,251.69000244140625,252.69000244140625,103139100
2019-01-08,232.2463836669922,256.7699890136719,257.30999755859375,254.0,256.82000732421875,102512600
2019-01-09,233.33181762695312,257.9700012207031,258.9100036621094,256.19000244140625,257.55999755859375,95006600
2019-01-10,234.1548614501953,258.8800048828125,259.1600036621094,255.5,256.260009765625,96823900
2019-01-11,234.2453155517578,258.9800109863281,259.010009765625,257.0299987792969,257.67999267578125,73858100
2019-01-14,232.81617736816406,257.3999938964844,258.29998779296875,256.4100036621094,256.8599853515625,70908200
2019-01-15,235.48448181152344,260.3500061035156,260.70001220703125,257.80999755859375,257.82000732421875,85208300
2019-01-16,236.05429077148438,260.9800109863281,261.9700012207031,260.6000061035156,260.8299865722656,77636700
2019-01-17,237.84518432617188,262.9599914550781,263.9200134277344,259.9599914550781,260.010009765625,96118400
2019-01-18,241.01087951660156,266.4599914550781,266.9800109863281,263.0,264.9800109863281,127900300
2019-01-22,237.7547149658203,262.8599853515625,265.05999755859375,261.05999755859375,264.82000732421875,115531200
2019-01-23,238.25222778320312,263.4100036621094,264.7900085449219,260.6600036621094,264.010009765625,86030300
2019-01-24,238.3788604736328,263.54998779296875,264.20001220703125,262.0799865722656,263.2099914550781,59204100
2019-01-25,240.39581298828125,265.7799987792969,266.70001220703125,263.6600036621094,265.6099853515625,96883400
2019-01-28,238.5688018798828,263.760009765625,263.8299865722656,261.7900085449219,263.3900146484375,85613700
2019-01-29,238.25222778320312,263.4100036621094,264.54998779296875,262.4800109863281,263.9200134277344,66136300
2019-01-30,242.02395629882812,267.5799865722656,268.5199890136719,264.25,265.1000061035156,92473700
2019-01-31,244.14947509765625,269.92999267578125,270.4700012207031,267.2699890136719,267.510009765625,104012100
2019-02-01,244.26707458496094,270.05999755859375,271.20001220703125,269.17999267578125,270.1499938964844,85782500
2019-02-04,245.98561096191406,271.9599914550781,272.0299987792969,269.3599853515625,270.1099853515625,60744800
2019-02-05,247.0167999267578,273.1000061035156,273.44000244140625,271.8800048828125,272.44000244140625,79552800
2019-02-06,246.6910858154297,272.739990234375,273.3399963378906,271.9200134277344,272.7900085449219,58347800
2019-02-07,244.3394317626953,270.1400146484375,271.54998779296875,268.2900085449219,270.94000244140625,95482000
2019-02-08,244.63790893554688,270.4700012207031,270.5799865722656,267.8299865722656,268.75,75788900
2019-02-11,244.77359008789062,270.6199951171875,271.489990234375,270.0299987792969,271.20001220703125,68021400
2019-02-12,247.92124938964844,274.1000061035156,274.5199890136719,272.3399963378906,272.4200134277344,72270200
2019-02-13,248.7262420654297,274.989990234375,275.92999267578125,274.55999755859375,275.0299987792969,65277200
2019-02-14,248.1744842529297,274.3800048828125,275.6400146484375,272.8699951171875,273.7799987792969,83234400
2019-02-15,250.8790283203125,277.3699951171875,277.4100036621094,276.1300048828125,276.3599853515625,97088700
2019-02-19,251.31309509277344,277.8500061035156,278.5799865722656,276.4700012207031,276.4800109863281,59120800
2019-02-20,251.819580078125,278.4100036621094,278.9200134277344,277.25,277.80999755859375,76610800
2019-02-21,250.9241485595703,277.4200134277344,278.1000061035156,276.3500061035156,277.70001220703125,64214700
2019-02-22,252.4799041748047,279.1400146484375,279.3599853515625,277.3999938964844,278.1099853515625,78114600
2019-02-25,252.82359313964844,279.5199890136719,281.30999755859375,279.42999267578125,280.7300109863281,69030700
2019-02-26,252.6427459716797,279.32000732421875,280.29998779296875,278.8999938964844,279.1300048828125,56844100
2019-02-27,252.5341339111328,279.20001220703125,279.5899963378906,277.4800109863281,278.5199890136719,56921600
2019-02-28,252.06378173828125,278.67999267578125,279.45001220703125,278.32000732421875,278.9599914550781,69268300
2019-03-01,253.63766479492188,280.4200134277344,280.8800048828125,278.82000732421875,280.44000244140625,78880500
2019-03-04,252.7150115966797,279.3999938964844,281.8699951171875,276.8399963378906,281.6000061035156,106494600
2019-03-05,252.37136840820312,279.0199890136719,279.760009765625,278.4100036621094,279.5400085449219,59114600
2019-03-06,250.8427734375,277.3299865722656,279.1600036621094,276.9700012207031,279.1499938964844,75039800
2019-03-07,248.7444305419922,275.010009765625,276.989990234375,274.07000732421875,276.8299865722656,94885100
2019-03-08,248.2469024658203,274.4599914550781,274.6499938964844,272.4200134277344,272.94000244140625,85795800
2019-03-11,251.8467254638672,278.44000244140625,278.6199951171875,275.2300109863281,275.260009765625,65098900
2019-03-12,252.7964630126953,279.489990234375,280.07000732421875,278.8500061035156,279.05999755859375,79667500
2019-03-13,254.46971130371094,281.3399963378906,282.3800048828125,280.29998779296875,280.4800109863281,80639200
2019-03-14,254.30697631835938,281.1600036621094,281.8399963378906,280.6700134277344,281.3699951171875,67518400
2019-03-15,255.56332397460938,281.30999755859375,282.2099914550781,280.3299865722656,280.5400085449219,81309000
2019-03-18,256.4900207519531,282.3299865722656,282.6600036621094,281.29998779296875,281.54998779296875,62199800
2019-03-19,256.5535583496094,282.3999938964844,284.3599853515625,281.4100036621094,283.510009765625,90268100
2019-03-20,255.7814178466797,281.54998779296875,283.5,280.32000732421875,282.1600036621094,84609200
2019-03-21,258.6704406738281,284.7300109863281,285.17999267578125,280.5899963378906,280.6400146484375,79550400
2019-03-22,253.6919708251953,279.25,283.79998779296875,279.17999267578125,283.2200012207031,122659300
2019-03-25,253.50108337402344,279.0400085449219,280.19000244140625,277.6400146484375,278.8699951171875,85575200
2019-03-26,255.39080810546875,281.1199951171875,282.17999267578125,279.55999755859375,280.989990234375,68125900
2019-03-27,254.0552978515625,279.6499938964844,281.760009765625,277.92999267578125,281.1099853515625,72224700
2019-03-28,255.01829528808594,280.7099914550781,281.2099914550781,279.07000732421875,280.3500061035156,56238500
2019-03-29,256.6263122558594,282.4800109863281,282.8399963378906,281.1400146484375,282.3900146484375,82186800
2019-04-01,259.669677734375,285.8299865722656,286.1600036621094,284.3999938964844,284.70001220703125,77617900
2019-04-02,259.796875,285.9700012207031,286.2300109863281,285.0899963378906,286.0400085449219,40070400
2019-04-03,260.2056884765625,286.4200134277344,287.760009765625,285.75,287.32000732421875,68243200
2019-04-04,260.8961181640625,287.17999267578125,287.4599914550781,286.010009765625,286.7799987792969,48997500
2019-04-05,262.158935546875,288.57000732421875,288.6300048828125,287.6000061035156,287.9200134277344,58621700
2019-04-08,262.3587341308594,288.7900085449219,288.9100036621094,287.3699951171875,288.1000061035156,53566300
2019-04-09,261.0142517089844,287.30999755859375,288.0799865722656,286.70001220703125,287.7200012207031,66142300
2019-04-10,261.9045104980469,288.2900085449219,288.3900146484375,287.30999755859375,287.7699890136719,52601500
2019-04-11,261.8319091796875,288.2099914550781,288.8399963378906,287.5799865722656,288.8299865722656,55093100
2019-04-12,263.60345458984375,290.1600036621094,290.4700012207031,288.260009765625,290.0,69727800
2019-04-15,263.43084716796875,289.9700012207031,290.3500061035156,289.0799865722656,290.239990234375,49596700
2019-04-16,263.60345458984375,290.1600036621094,291.010009765625,289.5,290.95001220703125,52153200
2019-04-17,262.9584045410156,289.45001220703125,291.42999267578125,288.989990234375,291.3999938964844,58268300
2019-04-18,263.4761962890625,290.0199890136719,290.32000732421875,288.6600036621094,290.1000061035156,68708500
2019-04-22,263.70330810546875,290.2699890136719,290.44000244140625,289.07000732421875,289.1700134277344,40160100
2019-04-23,266.07440185546875,292.8800048828125,293.1400146484375,290.4200134277344,290.67999267578125,52246600
2019-04-24,265.4839172363281,292.2300109863281,293.1600036621094,292.07000732421875,292.7900085449219,50392900
2019-04-25,265.3204040527344,292.04998779296875,292.7799987792969,290.7300109863281,292.1199951171875,57770900
2019-04-26,266.555908203125,293.4100036621094,293.489990234375,291.239990234375,292.1000061035156,50916400
2019-04-29,266.9737854003906,293.8699951171875,294.45001220703125,293.4100036621094,293.510009765625,57197700
2019-04-30,267.1100769042969,294.0199890136719,294.3399963378906,291.9200134277344,293.489990234375,81111700
2019-05-01,265.1023864746094,291.80999755859375,294.95001220703125,291.79998779296875,294.7200012207031,71671900
2019-05-02,264.5299987792969,291.17999267578125,292.70001220703125,289.5199890136719,291.67999267578125,65030200
2019-05-03,267.1191711425781,294.0299987792969,294.3399963378906,291.29998779296875,292.82000732421875,56543700
2019-05-06,266.0198974609375,292.82000732421875,293.30999755859375,288.8999938964844,289.25,107198100
2019-05-07,261.5775146484375,287.92999267578125,290.80999755859375,285.80999755859375,290.1499938964844,144729900
2019-05-08,261.214111328125,287.5299987792969,289.42999267578125,286.8699951171875,287.5299987792969,91568300
2019-05-09,260.4237365722656,286.6600036621094,287.3299865722656,283.29998779296875,285.2300109863281,103471100
2019-05-10,261.7319641113281,288.1000061035156,288.94000244140625,282.29998779296875,285.6199951171875,112429300
2019-05-13,255.15452575683594,280.8599853515625,283.489990234375,279.92999267578125,282.4200134277344,127290500
2019-05-14,257.4620666503906,283.3999938964844,285.1000061035156,281.8500061035156,281.989990234375,77003200
2019-05-15,258.9701232910156,285.05999755859375,285.7699890136719,281.3599853515625,281.5899963378906,73956400
2019-05-16,261.3685607910156,287.70001220703125,289.2099914550781,285.760009765625,285.8399963378906,76749600
2019-05-17,259.67889404296875,285.8399963378906,288.6000061035156,285.1199951171875,285.1400146484375,100353000
2019-05-20,257.9617614746094,283.95001220703125,285.9599914550781,283.1199951171875,284.05999755859375,62877600
2019-05-21,260.2874450683594,286.510009765625,286.92999267578125,285.54998779296875,285.8299865722656,46847100
2019-05-22,259.48797607421875,285.6300048828125,286.69000244140625,285.1000061035156,285.45001220703125,49482500
2019-05-23,256.3175354003906,282.1400146484375,283.2099914550781,280.57000732421875,283.1600036621094,98733800
2019-05-24,256.8987731933594,282.7799987792969,284.20001220703125,282.0899963378906,283.739990234375,55268100
2019-05-28,254.5095672607422,280.1499938964844,284.1499938964844,280.1300048828125,283.0899963378906,70029400
2019-05-29,252.8015899658203,278.2699890136719,279.3599853515625,276.7099914550781,278.9100036621094,104972900
2019-05-30,253.4921112060547,279.0299987792969,280.0400085449219,277.80999755859375,279.1099853515625,62523800
2019-05-31,250.07620239257812,275.2699890136719,277.1199951171875,275.239990234375,276.20001220703125,86862800
2019-06-03,249.4402618408203,274.57000732421875,276.54998779296875,273.0899963378906,275.30999755859375,96428000
2019-06-04,254.8548126220703,280.5299987792969,280.67999267578125,276.6199951171875,277.1199951171875,77231900
2019-06-05,257.0623474121094,282.9599914550781,282.989990234375,280.32000732421875,282.3299865722656,71169700
2019-06-06,258.73394775390625,284.79998779296875,285.54998779296875,282.57000732421875,283.2900085449219,69430400
2019-06-07,261.3231506347656,287.6499938964844,288.8500061035156,285.739990234375,285.92999267578125,74272200
2019-06-10,262.5223083496094,288.9700012207031,290.82000732421875,288.8699951171875,289.3699951171875,60799100
2019-06-11,262.45867919921875,288.8999938964844,291.3999938964844,288.17999267578125,290.989990234375,58641300
2019-06-12,261.9953308105469,288.3900146484375,289.260009765625,287.82000732421875,288.6400146484375,47096300
2019-06-13,263.0765075683594,289.5799865722656,289.9800109863281,288.6199951171875,289.3999938964844,48945200
2019-06-14,262.78582763671875,289.260009765625,289.92999267578125,288.4100036621094,289.260009765625,52324700
2019-06-17,262.8856506347656,289.3699951171875,290.2200012207031,289.17999267578125,289.5199890136719,39205700
2019-06-18,265.638427734375,292.3999938964844,293.57000732421875,290.989990234375,291.3900146484375,85434800
2019-06-19,266.2379455566406,293.05999755859375,293.6499938964844,291.4700012207031,292.54998779296875,78674400
2019-06-20,268.78179931640625,295.8599853515625,296.30999755859375,293.1300048828125,296.0400085449219,116570000
2019-06-21,268.3909606933594,294.0,295.5199890136719,293.760009765625,294.1300048828125,83309500
2019-06-24,268.0623474121094,293.6400146484375,294.5799865722656,293.4700012207031,294.2300109863281,47582700
2019-06-25,265.4332275390625,290.760009765625,293.7300109863281,290.6400146484375,293.70001220703125,82028700
2019-06-26,265.16851806640625,290.4700012207031,292.30999755859375,290.3500061035156,291.75,51584900
2019-06-27,266.1087341308594,291.5,292.05999755859375,290.8900146484375,291.30999755859375,40355200
2019-06-28,267.47808837890625,293.0,293.54998779296875,292.010009765625,292.5799865722656,59350900
2019-07-01,269.9063415527344,295.6600036621094,296.9200134277344,294.3299865722656,296.67999267578125,78705600
2019-07-02,270.60931396484375,296.42999267578125,296.489990234375,294.67999267578125,295.6099853515625,61504500
2019-07-03,272.7728576660156,298.79998779296875,298.82000732421875,297.0199890136719,297.17999267578125,40898900
2019-07-05,272.4625244140625,298.4599914550781,298.6400146484375,296.010009765625,297.44000244140625,51677300
2019-07-08,270.9653625488281,296.82000732421875,298.260009765625,296.2200012207031,297.010009765625,45841800
2019-07-09,271.3031005859375,297.19000244140625,297.5199890136719,295.4800109863281,295.5400085449219,41101300
2019-07-10,272.5993957519531,298.6099853515625,299.6600036621094,297.7799987792969,298.3699951171875,58448500
2019-07-11,273.2384338378906,299.30999755859375,299.5799865722656,298.20001220703125,299.32000732421875,50826100
2019-07-12,274.4617614746094,300.6499938964844,300.7300109863281,299.510009765625,299.8500061035156,40326000
2019-07-15,274.552978515625,300.75,301.1300048828125,300.19000244140625,301.1300048828125,33900000
2019-07-16,273.6675109863281,299.7799987792969,300.8800048828125,299.44000244140625,300.6499938964844,36650100
2019-07-17,271.80517578125,297.739990234375,299.92999267578125,297.739990234375,299.75,36036300
2019-07-18,272.80023193359375,298.8299865722656,299.25,296.70001220703125,297.19000244140625,51392600
2019-07-19,271.28485107421875,297.1700134277344,300.07000732421875,296.9800109863281,300.0400085449219,58678600
2019-07-22,271.9512939453125,297.8999938964844,298.5,297.0400085449219,297.6099853515625,43638100
2019-07-23,273.8957824707031,300.0299987792969,300.0299987792969,298.2200012207031,299.1400146484375,44564500
2019-07-24,275.1829528808594,301.44000244140625,301.44000244140625,299.0899963378906,299.19000244140625,47213200
2019-07-25,273.86834716796875,300.0,301.0,299.1099853515625,300.94000244140625,55394100
2019-07-26,275.7032775878906,302.010009765625,302.2300109863281,300.6199951171875,300.760009765625,45084100
2019-07-29,275.20123291015625,301.4599914550781,302.010009765625,300.8500061035156,301.8800048828125,38126500
2019-07-30,274.525634765625,300.7200012207031,301.1700134277344,299.489990234375,299.9100036621094,45849000
2019-07-31,271.52215576171875,297.42999267578125,301.20001220703125,295.20001220703125,300.989990234375,104245200
2019-08-01,269.1578063964844,294.8399963378906,300.8699951171875,293.9599914550781,297.6000061035156,142646600
2019-08-02,267.13116455078125,292.6199951171875,294.1199951171875,290.8999938964844,293.8500061035156,116749700
2019-08-05,259.0977783203125,283.82000732421875,288.2099914550781,281.7200012207031,288.0899963378906,178745400
2019-08-06,262.7310485839844,287.79998779296875,288.0400085449219,284.2799987792969,285.9100036621094,120711700
2019-08-07,262.8861999511719,287.9700012207031,288.82000732421875,282.0400085449219,284.3999938964844,140572300
2019-08-08,268.0440979003906,293.6199951171875,293.6199951171875,289.010009765625,289.6199951171875,87713900
2019-08-09,266.21832275390625,291.6199951171875,293.239990234375,289.6499938964844,292.5799865722656,93730000
2019-08-12,262.9774169921875,288.07000732421875,291.6099853515625,287.0199890136719,289.9599914550781,65527600
2019-08-13,267.0672607421875,292.54998779296875,294.1499938964844,287.3599853515625,287.739990234375,94299800
2019-08-14,259.1707458496094,283.8999938964844,288.739990234375,283.760009765625,288.07000732421875,135622100
2019-08-15,259.8553771972656,284.6499938964844,285.6400146484375,282.3900146484375,284.8800048828125,99556600
2019-08-16,263.6896057128906,288.8500061035156,289.3299865722656,284.7099914550781,286.4800109863281,83018300
2019-08-19,266.8664245605469,292.3299865722656,293.0799865722656,291.44000244140625,292.19000244140625,53571800
2019-08-20,264.8216247558594,290.0899963378906,292.3599853515625,289.95001220703125,291.7699890136719,51596400
2019-08-21,266.97601318359375,292.45001220703125,292.8599853515625,291.7200012207031,292.4800109863281,49524700
2019-08-22,266.893798828125,292.3599853515625,293.92999267578125,290.3999938964844,293.2300109863281,51666400
2019-08-23,260.0380554199219,284.8500061035156,292.760009765625,283.4700012207031,290.9200134277344,149161500
2019-08-26,262.91357421875,288.0,288.0,285.5799865722656,287.2699890136719,72423800
2019-08-27,261.8821105957031,286.8699951171875,289.95001220703125,286.0299987792969,289.5400085449219,66668900
2019-08-28,263.7261047363281,288.8900146484375,289.07000732421875,285.25,286.1400146484375,59696700
2019-08-29,267.0946044921875,292.5799865722656,293.1600036621094,290.6099853515625,291.7200012207031,57899400
2019-08-30,266.97601318359375,292.45001220703125,294.239990234375,291.4200134277344,294.2200012207031,62901200
2019-09-03,265.41497802734375,290.739990234375,291.5799865722656,289.2699890136719,290.57000732421875,69101400
2019-09-04,268.4275817871094,294.0400085449219,294.05999755859375,292.30999755859375,293.1400146484375,46887300
2019-09-05,271.87823486328125,297.82000732421875,298.8299865722656,294.0,296.7900085449219,83258100
2019-09-06,272.0881042480469,298.04998779296875,298.760009765625,297.4200134277344,298.1700134277344,49584300
2019-09-09,272.2252197265625,298.20001220703125,299.239990234375,297.1600036621094,299.1400146484375,51260300
2019-09-10,272.1612548828125,298.1300048828125,298.20001220703125,295.9700012207031,297.3599853515625,57947100
2019-09-11,274.0965881347656,300.25,300.3399963378906,297.75,298.4700012207031,68821100
2019-09-12,275.0459899902344,301.2900085449219,302.4599914550781,300.4100036621094,301.25,72908700
2019-09-13,274.8633728027344,301.0899963378906,302.1700134277344,300.67999267578125,301.7799987792969,62104800
2019-09-16,274.0144348144531,300.1600036621094,301.1400146484375,299.45001220703125,299.8399963378906,58191200
2019-09-17,274.7082214355469,300.9200134277344,301.0199890136719,299.75,299.94000244140625,41475500
2019-09-18,274.87249755859375,301.1000061035156,301.2200012207031,298.239990234375,300.489990234375,73375800
2019-09-19,274.854248046875,301.0799865722656,302.6300048828125,300.7099914550781,301.5299987792969,76560500
2019-09-20,273.5556640625,298.2799987792969,300.6700134277344,297.4100036621094,300.3599853515625,89565000
2019-09-23,273.491455078125,298.2099914550781,299.0,297.2699890136719,297.54998779296875,43476800
2019-09-24,271.345458984375,295.8699951171875,299.8399963378906,294.80999755859375,299.4100036621094,94869400
2019-09-25,272.9503479003906,297.6199951171875,298.1099853515625,294.3299865722656,295.9599914550781,71854000
2019-09-26,272.3817138671875,297.0,297.8599853515625,295.45001220703125,297.6300048828125,56179700
2019-09-27,270.9143981933594,295.3999938964844,297.95001220703125,293.69000244140625,297.8299865722656,84746600
2019-09-30,272.1708068847656,296.7699890136719,297.54998779296875,295.9200134277344,295.9700012207031,51662400
2019-10-01,268.93341064453125,293.239990234375,298.4599914550781,293.0,297.739990234375,88242400
2019-10-02,264.18280029296875,288.05999755859375,291.510009765625,286.6400146484375,291.5,122539500
2019-10-03,266.34716796875,290.4200134277344,290.45001220703125,284.82000732421875,287.80999755859375,85278800
2019-10-04,269.95147705078125,294.3500061035156,294.6300048828125,291.0799865722656,291.1400146484375,65091200
2019-10-07,268.78656005859375,293.0799865722656,295.260009765625,292.7699890136719,293.4700012207031,59610500
2019-10-08,264.6138610839844,288.5299987792969,291.8500061035156,288.489990234375,291.0400085449219,95708100
2019-10-09,267.1266784667969,291.2699890136719,292.29998779296875,290.05999755859375,290.75,62359400
2019-10-10,268.93341064453125,293.239990234375,294.2099914550781,291.0,291.17999267578125,55296300
2019-10-11,271.721435546875,296.2799987792969,298.739990234375,296.1400146484375,296.2699890136719,98720400
2019-10-14,271.4188232421875,295.95001220703125,296.6700134277344,295.57000732421875,295.92999267578125,40394800
2019-10-15,274.1059265136719,298.8800048828125,299.70001220703125,296.9700012207031,297.1000061035156,46754500
2019-10-16,273.6656494140625,298.3999938964844,299.1600036621094,297.9200134277344,298.3699951171875,48928200
2019-10-17,274.47271728515625,299.2799987792969,300.239990234375,298.5199890136719,299.67999267578125,45736600
2019-10-18,273.2713623046875,297.9700012207031,299.3999938964844,297.0299987792969,298.69000244140625,64304000
2019-10-21,275.1239318847656,299.989990234375,300.2099914550781,298.94000244140625,299.4200134277344,39048600
2019-10-22,274.22515869140625,299.010009765625,300.8999938964844,298.9100036621094,300.5799865722656,48594700
2019-10-23,275.0230407714844,299.8800048828125,299.94000244140625,298.5,298.7300109863281,34352200
2019-10-24,275.4724426269531,300.3699951171875,301.07000732421875,299.4599914550781,300.9100036621094,35453100
2019-10-25,276.6003723144531,301.6000061035156,302.20001220703125,299.67999267578125,299.739990234375,45205400
2019-10-28,278.15948486328125,303.29998779296875,303.8500061035156,302.9100036621094,302.94000244140625,42147000
2019-10-29,278.0769348144531,303.2099914550781,304.2300109863281,302.8599853515625,303.0,44284900
2019-10-30,278.92999267578125,304.1400146484375,304.54998779296875,301.989990234375,303.42999267578125,49643900
2019-10-31,278.18707275390625,303.3299865722656,304.1300048828125,301.7300109863281,304.1300048828125,69053800
2019-11-01,280.76409912109375,306.1400146484375,306.19000244140625,304.739990234375,304.9200134277344,71141500
2019-11-04,281.8922424316406,307.3699951171875,308.0,306.9599914550781,307.8500061035156,60606900
2019-11-05,281.58038330078125,307.0299987792969,307.9200134277344,306.7099914550781,307.5899963378906,42933200
2019-11-06,281.64459228515625,307.1000061035156,307.3999938964844,306.05999755859375,307.0299987792969,46487100
2019-11-07,282.6350402832031,308.17999267578125,309.6499938964844,307.6600036621094,308.57000732421875,54272300
2019-11-08,283.33209228515625,308.94000244140625,309.0,307.0299987792969,307.79998779296875,49032100
2019-11-11,282.7908935546875,308.3500061035156,308.5400085449219,307.2699890136719,307.4200134277344,35797300
2019-11-12,283.3871154785156,309.0,309.989990234375,308.1499938964844,308.75,46484600
2019-11-13,283.4788513183594,309.1000061035156,309.5400085449219,307.6600036621094,307.9100036621094,53917700
2019-11-14,283.8914794921875,309.54998779296875,309.6400146484375,308.0899963378906,308.7900085449219,51219900
2019-11-15,285.94586181640625,311.7900085449219,311.8399963378906,310.260009765625,311.0199890136719,62023600
2019-11-18,286.1567077636719,312.0199890136719,312.2799987792969,311.0299987792969,311.5299987792969,49228000
2019-11-19,286.07421875,311.92999267578125,312.69000244140625,311.2200012207031,312.67999267578125,67804700
2019-11-20,285.0103759765625,310.7699890136719,311.8500061035156,309.05999755859375,311.2799987792969,79406200
2019-11-21,284.55181884765625,310.2699890136719,311.010009765625,309.3900146484375,310.8900146484375,54664700
2019-11-22,285.1846008300781,310.9599914550781,311.239990234375,309.8500061035156,311.0899963378906,44850200
2019-11-25,287.3948669433594,313.3699951171875,313.3699951171875,311.9800109863281,311.9800109863281,48647200
2019-11-26,288.0459289550781,314.0799865722656,314.2799987792969,313.05999755859375,313.4100036621094,37569000
2019-11-27,289.3299560546875,315.4800109863281,315.4800109863281,314.3699951171875,314.6099853515625,44444600
2019-11-29,288.25689697265625,314.30999755859375,315.1300048828125,314.05999755859375,314.8599853515625,36592700
2019-12-02,285.8082580566406,311.6400146484375,314.6600036621094,311.1700134277344,314.5899963378906,75767800
2019-12-03,283.8914794921875,309.54998779296875,309.6400146484375,307.1300048828125,308.6499938964844,73941700
2019-12-04,285.6431579589844,311.4599914550781,312.1199951171875,310.32000732421875,310.70001220703125,49080000
2019-12-05,286.1567077636719,312.0199890136719,312.25,310.5799865722656,312.2300109863281,40709000
2019-12-06,288.7704772949219,314.8699951171875,315.30999755859375,314.1099853515625,314.1199951171875,48927000
2019-12-09,287.8626403808594,313.8800048828125,315.17999267578125,313.79998779296875,314.44000244140625,34838500
2019-12-10,287.54150390625,313.5299987792969,314.54998779296875,312.80999755859375,313.82000732421875,52649800
2019-12-11,288.3578186035156,314.4200134277344,314.70001220703125,313.44000244140625,314.0299987792969,53429100
2019-12-12,290.8432312011719,317.1300048828125,317.989990234375,314.1700134277344,314.42999267578125,96389600
2019-12-13,291.017333984375,317.32000732421875,318.6700134277344,316.0199890136719,316.8699951171875,81503900
2019-12-16,293.0167541503906,319.5,320.1499938964844,317.25,319.2200012207031,82749700
2019-12-17,293.0809326171875,319.57000732421875,320.25,319.4800109863281,319.9200134277344,61097700
2019-12-18,293.0992431640625,319.5899963378906,320.25,319.5299987792969,320.0,48133000
2019-12-19,294.30072021484375,320.8999938964844,320.9800109863281,319.5199890136719,319.79998779296875,85310500
2019-12-20,295.5909729003906,320.7300109863281,321.9700012207031,319.3900146484375,320.4599914550781,147142100
2019-12-23,296.0425109863281,321.2200012207031,321.6499938964844,321.05999755859375,321.5899963378906,52990000
2019-12-24,296.0517272949219,321.2300109863281,321.5199890136719,320.8999938964844,321.4700012207031,20270000
2019-12-26,297.6277160644531,322.94000244140625,322.95001220703125,321.6400146484375,321.6499938964844,30911200
2019-12-27,297.5539855957031,322.8599853515625,323.79998779296875,322.2799987792969,323.739990234375,42528800
2019-12-30,295.91351318359375,321.0799865722656,323.1000061035156,320.54998779296875,322.95001220703125,49729100
2019-12-31,296.6323547363281,321.8599853515625,322.1300048828125,320.1499938964844,320.5299987792969,57077300
2020-01-02,299.4064025878906,324.8699951171875,324.8900146484375,322.5299987792969,323.5400085449219,59151200
2020-01-03,297.1391906738281,322.4100036621094,323.6400146484375,321.1000061035156,321.1600036621094,77709700
2020-01-06,298.27288818359375,323.6400146484375,323.7300109863281,320.3599853515625,320.489990234375,55653900
2020-01-07,297.43426513671875,322.7300109863281,323.5400085449219,322.239990234375,323.0199890136719,40496400
2020-01-08,299.0193786621094,324.45001220703125,325.7799987792969,322.6700134277344,322.94000244140625,68296000
2020-01-09,301.04693603515625,326.6499938964844,326.7300109863281,325.5199890136719,326.1600036621094,48473300
2020-01-10,300.1806640625,325.7099914550781,327.4599914550781,325.20001220703125,327.2900085449219,53029300
2020-01-13,302.2450866699219,327.95001220703125,327.9599914550781,325.9200134277344,326.3900146484375,47086800
2020-01-14,301.78424072265625,327.45001220703125,328.6199951171875,326.8399963378906,327.4700012207031,62832800
2020-01-15,302.4661865234375,328.19000244140625,329.0199890136719,327.260009765625,327.3500061035156,72056600
2020-01-16,304.9822692871094,330.9200134277344,330.9200134277344,329.45001220703125,329.70001220703125,54050300
2020-01-17,305.93145751953125,331.95001220703125,332.17999267578125,330.8500061035156,331.70001220703125,95846000
2020-01-21,305.33245849609375,331.29998779296875,332.17999267578125,330.82000732421875,330.8999938964844,77742400
2020-01-22,305.3692626953125,331.3399963378906,332.95001220703125,331.1700134277344,332.239990234375,48914900
2020-01-23,305.71954345703125,331.7200012207031,332.1700134277344,329.4100036621094,330.6300048828125,51963000
2020-01-24,303.000732421875,328.7699890136719,332.5299987792969,327.3599853515625,332.44000244140625,87578400
2020-01-27,298.1438293457031,323.5,325.1199951171875,322.6600036621094,323.0299987792969,84062500
2020-01-28,301.2680969238281,326.8900146484375,327.8500061035156,323.6000061035156,325.05999755859375,63834000
2020-01-29,301.019287109375,326.6199951171875,328.6300048828125,326.3999938964844,328.3800048828125,53888900
2020-01-30,301.9962158203125,327.67999267578125,327.9100036621094,323.5400085449219,324.3599853515625,75491800
2020-01-31,296.5124816894531,321.7300109863281,327.1700134277344,320.7300109863281,327.0,113845600
2020-02-03,298.7151794433594,324.1199951171875,326.1600036621094,323.2200012207031,323.3500061035156,69083000
2020-02-04,303.2680969238281,329.05999755859375,330.010009765625,327.7200012207031,328.07000732421875,62573200
2020-02-05,306.7702331542969,332.8599853515625,333.0899963378906,330.6700134277344,332.2699890136719,65951100
2020-02-06,307.8023681640625,333.9800109863281,334.19000244140625,332.79998779296875,333.9100036621094,50359700
2020-02-07,306.1619567871094,332.20001220703125,333.989990234375,331.6000061035156,332.82000732421875,64139400
2020-02-10,308.44757080078125,334.67999267578125,334.75,331.19000244140625,331.2300109863281,42070000
2020-02-11,308.9820861816406,335.260009765625,337.0199890136719,334.67999267578125,336.1600036621094,54864500
2020-02-12,310.9727783203125,337.4200134277344,337.6499938964844,336.42999267578125,336.8299865722656,43992700
2020-02-13,310.6409912109375,337.05999755859375,338.1199951171875,335.55999755859375,335.8599853515625,54501900
2020-02-14,311.138671875,337.6000061035156,337.7300109863281,336.20001220703125,337.510009765625,64582200
2020-02-18,310.33685302734375,336.7300109863281,337.6700134277344,335.2099914550781,336.510009765625,57226200
2020-02-19,311.82061767578125,338.3399963378906,339.0799865722656,337.4800109863281,337.7900085449219,48814700
2020-02-20,310.53961181640625,336.95001220703125,338.6400146484375,333.67999267578125,337.739990234375,74163400
2020-02-21,307.3415222167969,333.4800109863281,335.80999755859375,332.5799865722656,335.4700012207031,113788200
2020-02-24,297.1484680175781,322.4200134277344,333.55999755859375,321.239990234375,323.1400146484375,161088400
2020-02-25,288.1441955566406,312.6499938964844,324.6099853515625,311.69000244140625,323.94000244140625,218913200
2020-02-26,287.08441162109375,311.5,318.1099853515625,310.70001220703125,314.17999267578125,194773800
2020-02-27,274.19097900390625,297.510009765625,311.55999755859375,297.510009765625,305.4599914550781,284353500
2020-02-28,273.0389404296875,296.260009765625,297.8900146484375,285.5400085449219,288.70001220703125,384975800
2020-03-02,284.86322021484375,309.0899963378906,309.1600036621094,294.4599914550781,298.2099914550781,238703600
2020-03-03,276.7069396972656,300.239990234375,313.8399963378906,297.57000732421875,309.5,300139100
2020-03-04,288.3377990722656,312.8599853515625,313.1000061035156,303.3299865722656,306.1199951171875,176613400
2020-03-05,278.7529602050781,302.4599914550781,308.4700012207031,300.010009765625,304.9800109863281,186366800
2020-03-06,274.14483642578125,297.4599914550781,298.7799987792969,290.2300109863281,293.1499938964844,228667200
2020-03-09,252.73561096191406,274.2300109863281,284.19000244140625,273.45001220703125,275.29998779296875,309417300
2020-03-10,265.8133850097656,288.4200134277344,288.5199890136719,273.5,284.6400146484375,276444100
2020-03-11,252.85543823242188,274.3599853515625,281.94000244140625,270.8800048828125,280.70001220703125,255316300
2020-03-12,228.6629180908203,248.11000061035156,266.6600036621094,247.67999267578125,256.0,392220700
2020-03-13,248.2105255126953,269.32000732421875,271.4800109863281,248.52000427246094,263.0899963378906,329566100
2020-03-16,221.05038452148438,239.85000610351562,256.8999938964844,237.36000061035156,241.17999267578125,297240000
2020-03-17,232.9853515625,252.8000030517578,256.1700134277344,237.07000732421875,245.0399932861328,262070500
2020-03-18,221.18862915039062,240.0,248.3699951171875,228.02000427246094,236.25,327597100
2020-03-19,221.6586456298828,240.50999450683594,247.3800048828125,232.22000122070312,239.25,289322000
2020-03-20,212.1064453125,228.8000030517578,244.47000122070312,228.5,242.52999877929688,347158800
2020-03-23,206.68324279785156,222.9499969482422,229.67999267578125,218.25999450683594,228.19000244140625,326025200
2020-03-24,225.40939331054688,243.14999389648438,244.10000610351562,233.8000030517578,234.4199981689453,235494500
2020-03-25,228.78387451171875,246.7899932861328,256.3500061035156,239.75,244.8699951171875,299430300
2020-03-26,242.14251708984375,261.20001220703125,262.79998779296875,249.0500030517578,249.52000427246094,257632800
2020-03-27,234.9301300048828,253.4199981689453,260.80999755859375,251.0500030517578,253.27000427246094,224341200
2020-03-30,242.55967712402344,261.6499938964844,262.42999267578125,253.52999877929688,255.6999969482422,171369500
2020-03-31,238.9442138671875,257.75,263.3299865722656,256.2200012207031,260.55999755859375,194881100
2020-04-01,228.1905059814453,246.14999389648438,257.6600036621094,243.89999389648438,247.97999572753906,189554600
2020-04-02,233.45614624023438,251.8300018310547,252.67999267578125,244.58999633789062,245.19000244140625,177660400
2020-04-03,230.0817108154297,248.19000244140625,253.32000732421875,245.22000122070312,250.75999450683594,135561200
2020-04-06,245.53543090820312,264.8599853515625,267.0,248.1699981689453,257.8399963378906,188061200
2020-04-07,245.7858123779297,265.1300048828125,275.0299987792969,264.8900146484375,274.2099914550781,201427200
2020-04-08,254.0364227294922,274.0299987792969,276.0,265.25,267.9599914550781,153774500
2020-04-09,257.90216064453125,278.20001220703125,281.20001220703125,275.4700012207031,277.5799865722656,189999200
2020-04-13,255.54754638671875,275.6600036621094,277.510009765625,271.4100036621094,277.1400146484375,114839100
2020-04-14,263.0842590332031,283.7900085449219,284.8999938964844,275.510009765625,280.9800109863281,134143400
2020-04-15,257.49420166015625,277.760009765625,283.94000244140625,275.4599914550781,277.57000732421875,121775000
2020-04-16,258.73651123046875,279.1000061035156,280.0299987792969,275.760009765625,279.1499938964844,131798300
2020-04-17,265.72637939453125,286.6400146484375,287.29998779296875,282.3999938964844,285.3800048828125,146684800
2020-04-20,261.0448303222656,281.5899963378906,286.7900085449219,281.3500061035156,282.6099853515625,100109300
2020-04-21,253.11862182617188,273.0400085449219,278.0400085449219,272.0199890136719,276.7300109863281,126385700
2020-04-22,258.73651123046875,279.1000061035156,281.0,276.9100036621094,278.3500061035156,92951600
2020-04-23,258.71795654296875,279.0799865722656,283.94000244140625,278.75,280.489990234375,104709700
2020-04-24,262.3241882324219,282.9700012207031,283.70001220703125,278.5,280.7300109863281,85063200
2020-04-27,266.1064453125,287.04998779296875,288.2699890136719,284.6199951171875,285.1199951171875,77896600
2020-04-28,264.8826904296875,285.7300109863281,291.3999938964844,285.3999938964844,291.0199890136719,105270000
2020-04-29,271.8170166015625,293.2099914550781,294.8800048828125,290.4100036621094,291.5299987792969,118745600
2020-04-30,269.28619384765625,290.4800109863281,293.32000732421875,288.5899963378906,291.7099914550781,122901700
2020-05-01,262.15728759765625,282.7900085449219,290.6600036621094,281.5199890136719,285.30999755859375,125180000
2020-05-04,262.88037109375,283.57000732421875,283.8999938964844,279.1300048828125,280.739990234375,80873200
2020-05-05,265.3091125488281,286.19000244140625,289.25,283.7099914550781,286.6400146484375,79569900
2020-05-06,263.51068115234375,284.25,288.4599914550781,283.7799987792969,288.0400085449219,73632600
2020-05-07,266.6904602050781,287.67999267578125,289.7799987792969,287.1300048828125,287.75,75250400
2020-05-08,271.1031494140625,292.44000244140625,292.95001220703125,289.8599853515625,291.0899963378906,76452400
2020-05-11,271.1588439941406,292.5,294.0,289.8800048828125,290.3399963378906,79514200
2020-05-12,265.7541809082031,286.6700134277344,294.239990234375,286.5199890136719,293.7900085449219,95870800
2020-05-13,261.0541076660156,281.6000061035156,287.19000244140625,278.9599914550781,286.05999755859375,144721100
2020-05-14,264.17816162109375,284.9700012207031,285.1099853515625,272.989990234375,278.95001220703125,121977900
2020-05-15,265.3926086425781,286.2799987792969,286.3299865722656,281.3399963378906,282.3699951171875,111146300
2020-05-18,273.4764099121094,295.0,296.75,292.70001220703125,293.04998779296875,119703800
2020-05-19,270.66741943359375,291.9700012207031,296.2099914550781,291.95001220703125,294.3500061035156,95189300
2020-05-20,275.26556396484375,296.92999267578125,297.8699951171875,295.57000732421875,295.82000732421875,85861700
2020-05-21,273.3651428222656,294.8800048828125,297.6700134277344,293.69000244140625,296.7900085449219,78293900
2020-05-22,273.8843078613281,295.44000244140625,295.6300048828125,293.2200012207031,294.57000732421875,63958200
2020-05-26,277.25872802734375,299.0799865722656,302.19000244140625,295.4599914550781,301.92999267578125,88951400
2020-05-27,281.384033203125,303.5299987792969,303.57000732421875,296.8699951171875,302.1199951171875,104817400
2020-05-28,280.8648376464844,302.9700012207031,306.8399963378906,302.239990234375,304.6499938964844,90405200
2020-05-29,282.1164245605469,304.32000732421875,304.9599914550781,299.4700012207031,302.4599914550781,119090800
2020-06-01,283.2566223144531,305.54998779296875,306.2099914550781,303.05999755859375,303.6199951171875,55758300
2020-06-02,285.60205078125,308.0799865722656,308.1300048828125,305.1000061035156,306.54998779296875,74267200
2020-06-03,289.4029541015625,312.17999267578125,313.2200012207031,309.94000244140625,310.239990234375,92567600
2020-06-04,288.64276123046875,311.3599853515625,313.0,309.0799865722656,311.1099853515625,75794400
2020-06-05,296.0404968261719,319.3399963378906,321.2699890136719,317.1600036621094,317.2300109863281,150524700
2020-06-08,299.6188659667969,323.20001220703125,323.4100036621094,319.6300048828125,320.2200012207031,73641200
2020-06-09,297.38470458984375,320.7900085449219,323.2799987792969,319.3599853515625,320.29998779296875,77479200
2020-06-10,295.72528076171875,319.0,322.3900146484375,318.2200012207031,321.4200134277344,95000800
2020-06-11,278.6770324707031,300.6099853515625,312.1499938964844,300.010009765625,311.4599914550781,209243600
2020-06-12,282.014404296875,304.2099914550781,309.0799865722656,298.6000061035156,308.239990234375,194678900
2020-06-15,284.647216796875,307.04998779296875,308.2799987792969,296.739990234375,298.0199890136719,135782700
2020-06-16,290.1259765625,312.9599914550781,315.6400146484375,307.6700134277344,315.4800109863281,137627500
2020-06-17,288.9208984375,311.6600036621094,314.3900146484375,310.8599853515625,314.07000732421875,83398900
2020-06-18,289.0321350097656,311.7799987792969,312.29998779296875,309.510009765625,310.010009765625,80828700
2020-06-19,287.3802490234375,308.6400146484375,314.3800048828125,306.5299987792969,314.1700134277344,135549600
2020-06-22,289.2239074707031,310.6199951171875,311.04998779296875,306.75,307.989990234375,74649400
2020-06-23,290.5553894042969,312.04998779296875,314.5,311.6099853515625,313.489990234375,68471200
2020-06-24,283.14373779296875,304.0899963378906,310.510009765625,302.1000061035156,309.8399963378906,132813500
2020-06-25,286.1791687011719,307.3500061035156,307.6400146484375,301.2799987792969,303.4700012207031,89468000
2020-06-26,279.3819885253906,300.04998779296875,306.3900146484375,299.4200134277344,306.1600036621094,127961000
2020-06-29,283.48822021484375,304.4599914550781,304.6099853515625,298.92999267578125,301.4100036621094,79773300
2020-06-30,287.11962890625,308.3599853515625,310.20001220703125,303.82000732421875,303.989990234375,113394800
2020-07-01,289.1307373046875,310.5199890136719,311.8900146484375,309.07000732421875,309.57000732421875,72396500
2020-07-02,290.7230529785156,312.2300109863281,315.70001220703125,311.510009765625,314.239990234375,69344200
2020-07-06,295.21099853515625,317.04998779296875,317.67999267578125,315.55999755859375,316.3699951171875,61713800
2020-07-07,292.166259765625,313.7799987792969,317.5199890136719,313.3699951171875,315.3800048828125,82910000
2020-07-08,294.4009704589844,316.17999267578125,316.29998779296875,312.70001220703125,314.6099853515625,54638600
2020-07-09,292.72491455078125,314.3800048828125,317.1000061035156,310.67999267578125,316.8399963378906,83354200
2020-07-10,295.7138366699219,317.5899963378906,317.8800048828125,312.760009765625,314.30999755859375,57550400
2020-07-13,293.1531677246094,314.8399963378906,322.7099914550781,314.1300048828125,320.1300048828125,102997500
2020-07-14,296.9521789550781,318.9200134277344,319.760009765625,312.0,313.29998779296875,93657000
2020-07-15,299.6803283691406,321.8500061035156,323.0400085449219,319.2699890136719,322.4100036621094,87196500
2020-07-16,298.693359375,320.7900085449219,321.2799987792969,319.0899963378906,319.7900085449219,54622500
2020-07-17,299.559326171875,321.7200012207031,322.57000732421875,319.739990234375,321.8800048828125,62774900
2020-07-20,301.9803161621094,324.32000732421875,325.1300048828125,320.6199951171875,321.42999267578125,56308800
2020-07-21,302.6226806640625,325.010009765625,326.92999267578125,323.94000244140625,326.45001220703125,57292200
2020-07-22,304.34521484375,326.8599853515625,327.20001220703125,324.5,324.6199951171875,57792900
2020-07-23,300.7138977050781,322.9599914550781,327.2300109863281,321.4800109863281,326.4700012207031,75738000
2020-07-24,298.7771911621094,320.8800048828125,321.989990234375,319.25,320.95001220703125,73766600
2020-07-27,300.9560546875,323.2200012207031,323.4100036621094,320.7699890136719,321.6300048828125,48293000
2020-07-28,299.04718017578125,321.1700134277344,323.6400146484375,320.8500061035156,322.42999267578125,57495000
2020-07-29,302.72509765625,325.1199951171875,325.7300109863281,322.0799865722656,322.1199951171875,48454200
2020-07-30,301.6450500488281,323.9599914550781,324.4100036621094,319.6400146484375,321.8999938964844,61861700
2020-07-31,304.0286560058594,326.5199890136719,326.6300048828125,321.3299865722656,325.8999938964844,84986800
2020-08-03,306.142333984375,328.7900085449219,329.6199951171875,327.7300109863281,328.32000732421875,53077900
2020-08-04,307.3247985839844,330.05999755859375,330.05999755859375,327.8599853515625,327.8599853515625,41917900
2020-08-05,309.2336730957031,332.1099853515625,332.3900146484375,331.17999267578125,331.4700012207031,42697700
2020-08-06,311.30072021484375,334.3299865722656,334.4599914550781,331.1300048828125,331.4800109863281,43679400
2020-08-07,311.5242919921875,334.57000732421875,334.8800048828125,332.29998779296875,333.2799987792969,57308300
2020-08-10,312.45526123046875,335.57000732421875,335.7699890136719,332.9599914550781,335.05999755859375,44282100
2020-08-11,309.8760986328125,332.79998779296875,337.5400085449219,332.010009765625,336.8500061035156,69601100
2020-08-12,314.1965026855469,337.44000244140625,338.2799987792969,335.4100036621094,335.44000244140625,53774400
2020-08-13,313.62847900390625,336.8299865722656,338.25,335.8299865722656,336.6099853515625,41816100
2020-08-14,313.6378173828125,336.8399963378906,337.4200134277344,335.6199951171875,336.4100036621094,47260400
2020-08-17,314.6341552734375,337.9100036621094,338.3399963378906,336.8500061035156,337.94000244140625,35481000
2020-08-18,315.31390380859375,338.6400146484375,339.1000061035156,336.6099853515625,338.3399963378906,38733900
2020-08-19,314.0010070800781,337.2300109863281,339.6099853515625,336.6199951171875,339.04998779296875,68054200
2020-08-20,314.9786376953125,338.2799987792969,338.79998779296875,335.2200012207031,335.3599853515625,42207800
2020-08-21,316.0960388183594,339.4800109863281,339.7200012207031,337.54998779296875,337.9200134277344,55106600
2020-08-24,319.299072265625,342.9200134277344,343.0,339.45001220703125,342.1199951171875,48588700
2020-08-25,320.41632080078125,344.1199951171875,344.2099914550781,342.2699890136719,343.5299987792969,38463400
2020-08-26,323.6287841796875,347.57000732421875,347.8599853515625,344.1700134277344,344.760009765625,50790200
2020-08-27,324.33636474609375,348.3299865722656,349.8999938964844,346.5299987792969,348.510009765625,58034100
2020-08-28,326.43133544921875,350.5799865722656,350.7200012207031,348.1499938964844,349.44000244140625,48588900
2020-08-31,325.2489013671875,349.30999755859375,351.29998779296875,349.05999755859375,350.3500061035156,66099200
2020-09-01,328.31219482421875,352.6000061035156,352.7099914550781,349.239990234375,350.2099914550781,54908700
2020-09-02,333.06103515625,357.70001220703125,358.75,353.42999267578125,354.6700134277344,69540000
2020-09-03,321.5989685058594,345.3900146484375,356.3800048828125,342.5899963378906,355.8699951171875,148011100
2020-09-04,318.9731750488281,342.57000732421875,347.8299865722656,334.8699951171875,346.1300048828125,139156300
2020-09-08,310.2578430175781,333.2099914550781,342.6400146484375,332.8800048828125,336.7099914550781,114465300
2020-09-09,316.38470458984375,339.7900085449219,342.4599914550781,336.6099853515625,337.54998779296875,91462300
2020-09-10,310.8909912109375,333.8900146484375,342.5299987792969,332.8500061035156,341.82000732421875,90569500
2020-09-11,311.0493469238281,334.05999755859375,336.9700012207031,331.0,335.82000732421875,84680200
2020-09-14,315.1462707519531,338.4599914550781,340.3800048828125,334.2200012207031,337.489990234375,65605700
2020-09-15,316.7385559082031,340.1700134277344,342.0199890136719,338.4700012207031,341.1199951171875,52920900
2020-09-16,315.4814453125,338.82000732421875,343.05999755859375,338.5199890136719,341.510009765625,82096000
2020-09-17,312.7066955566406,335.8399963378906,337.70001220703125,332.989990234375,333.55999755859375,91523300
2020-09-18,309.1065673828125,330.6499938964844,335.489990234375,327.9700012207031,335.3699951171875,105877900
2020-09-21,305.6663513183594,326.9700012207031,327.1300048828125,321.7300109863281,325.70001220703125,99450800
2020-09-22,308.7794189453125,330.29998779296875,330.8999938964844,325.8599853515625,328.57000732421875,63612100
2020-09-23,301.6185607910156,322.6400146484375,331.20001220703125,322.1000061035156,330.8999938964844,93112200
2020-09-24,302.4224853515625,323.5,326.79998779296875,319.79998779296875,321.2200012207031,76681300
2020-09-25,307.3118591308594,328.7300109863281,329.5799865722656,321.6400146484375,322.5799865722656,71069400
2020-09-28,312.416015625,334.19000244140625,334.9599914550781,332.1499938964844,333.2200012207031,64584600
2020-09-29,310.7145080566406,332.3699951171875,334.7699890136719,331.6199951171875,333.9700012207031,51304000
2020-09-30,313.0703430175781,334.8900146484375,338.2900085449219,332.8800048828125,333.0899963378906,104081100
2020-10-01,315.08026123046875,337.0400085449219,338.739990234375,335.010009765625,337.69000244140625,88698700
2020-10-02,312.08880615234375,333.8399963378906,337.010009765625,331.19000244140625,331.70001220703125,89431100
2020-10-05,317.623046875,339.760009765625,339.9599914550781,336.010009765625,336.05999755859375,45713100
2020-10-06,313.1076965332031,334.92999267578125,342.1700134277344,334.3800048828125,339.9100036621094,90128900
2020-10-07,318.5579833984375,340.760009765625,341.6300048828125,338.0899963378906,338.1199951171875,56999600
2020-10-08,321.38116455078125,343.7799987792969,343.8500061035156,341.8599853515625,342.8500061035156,45242500
2020-10-09,324.25103759765625,346.8500061035156,347.3500061035156,344.8900146484375,345.55999755859375,59528600
2020-10-12,329.4675598144531,352.42999267578125,354.0199890136719,349.05999755859375,349.5899963378906,80388500
2020-10-13,327.3173522949219,350.1300048828125,352.4700012207031,349.0899963378906,352.2799987792969,73255500
2020-10-14,325.2607421875,347.92999267578125,351.92999267578125,347.1400146484375,350.75,57727900
2020-10-15,324.8587646484375,347.5,348.0199890136719,343.1300048828125,343.7099914550781,60357700
2020-10-16,324.6624755859375,347.2900085449219,350.75,347.1000061035156,348.9599914550781,89501900
2020-10-19,319.7264709472656,342.010009765625,349.3299865722656,341.0400085449219,348.6499938964844,68425600
2020-10-20,321.00714111328125,343.3800048828125,346.8800048828125,342.6400146484375,343.4599914550781,60051900
2020-10-21,320.3995666503906,342.7300109863281,345.6700134277344,342.3999938964844,343.3299865722656,63575000
2020-10-22,322.1570129394531,344.6099853515625,345.239990234375,340.6499938964844,342.9599914550781,55399300
2020-10-23,323.2508544921875,345.7799987792969,345.989990234375,343.1300048828125,345.92999267578125,49143900
2020-10-26,317.2771911621094,339.3900146484375,342.9800109863281,335.6199951171875,342.1300048828125,91473000
2020-10-27,316.183349609375,338.2200012207031,340.1199951171875,337.989990234375,339.760009765625,65994100
2020-10-28,305.3766174316406,326.6600036621094,338.25,326.1300048828125,332.1000061035156,127094300
2020-10-29,308.48028564453125,329.9800109863281,333.3999938964844,325.0899963378906,326.9100036621094,90597700
2020-10-30,305.264404296875,326.5400085449219,329.69000244140625,322.6000061035156,328.2799987792969,120287300
2020-11-02,308.6859130859375,330.20001220703125,332.3599853515625,327.239990234375,330.20001220703125,86068300
2020-11-03,314.1361389160156,336.0299987792969,338.25,330.2900085449219,333.69000244140625,93294200
2020-11-04,321.1568298339844,343.5400085449219,347.94000244140625,339.5899963378906,340.8599853515625,126959700
2020-11-05,327.42022705078125,350.239990234375,352.19000244140625,348.8599853515625,349.239990234375,82039700
2020-11-06,327.3454284667969,350.1600036621094,351.510009765625,347.6499938964844,349.92999267578125,74973000
2020-11-09,331.45880126953125,354.55999755859375,364.3800048828125,354.05999755859375,363.9700012207031,172304200
2020-11-10,330.97265625,354.0400085449219,355.17999267578125,350.510009765625,353.489990234375,85552000
2020-11-11,333.431396484375,356.6700134277344,357.55999755859375,355.05999755859375,356.3999938964844,58649000
2020-11-12,330.1966857910156,353.2099914550781,356.7200012207031,351.260009765625,355.5799865722656,67546200
2020-11-13,334.76812744140625,358.1000061035156,358.8999938964844,354.7099914550781,355.2699890136719,62892200
2020-11-16,338.9468688964844,362.57000732421875,362.7799987792969,359.5899963378906,360.9800109863281,74541100
2020-11-17,337.1239318847656,360.6199951171875,361.9200134277344,358.3399963378906,359.9700012207031,66111000
2020-11-18,333.06671142578125,356.2799987792969,361.5,356.239990234375,360.9100036621094,70591300
2020-11-19,334.46893310546875,357.7799987792969,358.17999267578125,354.1499938964844,355.6000061035156,59940900
2020-11-20,332.1785888671875,355.3299865722656,357.7200012207031,355.25,357.5,70417300
2020-11-23,334.1698303222656,357.4599914550781,358.82000732421875,354.8699951171875,357.2799987792969,63230600
2020-11-24,339.55450439453125,363.2200012207031,363.80999755859375,359.2900085449219,360.2099914550781,62415900
2020-11-25,339.0310974121094,362.6600036621094,363.1600036621094,361.4800109863281,363.1300048828125,45330900
2020-11-27,339.9752197265625,363.6700134277344,364.17999267578125,362.5799865722656,363.8399963378906,28514100
2020-11-30,338.4700927734375,362.05999755859375,363.1199951171875,359.1700134277344,362.8299865722656,83872700
2020-12-01,342.17218017578125,366.0199890136719,367.67999267578125,364.92999267578125,365.57000732421875,74231400
2020-12-02,342.8919677734375,366.7900085449219,366.9599914550781,364.20001220703125,364.82000732421875,45927000
2020-12-03,342.7984313964844,366.69000244140625,368.19000244140625,365.5,366.67999267578125,62882000
2020-12-04,345.7525329589844,369.8500061035156,369.8500061035156,367.2200012207031,367.32000732421875,50749900
2020-12-07,345.0420227050781,369.0899963378906,369.6199951171875,367.7200012207031,369.0199890136719,48944300
2020-12-08,346.0517578125,370.1700134277344,370.7799987792969,367.6700134277344,367.7200012207031,42458900
2020-12-09,342.9480285644531,366.8500061035156,371.04998779296875,365.95001220703125,370.8800048828125,74098300
2020-12-10,342.8358154296875,366.7300109863281,367.8599853515625,364.42999267578125,365.3699951171875,57735400
2020-12-11,342.4338073730469,366.29998779296875,366.739990234375,363.260009765625,364.8999938964844,57698600
2020-12-14,340.9007263183594,364.6600036621094,369.79998779296875,364.4700012207031,368.6400146484375,69216200
2020-12-15,345.5094909667969,369.5899963378906,369.5899963378906,365.9200134277344,367.3999938964844,63865300
2020-12-16,346.0517578125,370.1700134277344,371.1600036621094,368.8699951171875,369.82000732421875,58420500
2020-12-17,347.98681640625,372.239990234375,372.4599914550781,371.04998779296875,371.94000244140625,64119500
2020-12-18,346.597412109375,369.17999267578125,371.1499938964844,367.0199890136719,370.9700012207031,136542300
2020-12-21,345.358154296875,367.8599853515625,378.4599914550781,362.0299987792969,364.9700012207031,96386700
2020-12-22,344.7760925292969,367.239990234375,368.3299865722656,366.0299987792969,368.2099914550781,47949000
2020-12-23,345.0858459472656,367.57000732421875,369.6199951171875,367.2200012207031,368.2799987792969,46201400
2020-12-24,346.42840576171875,369.0,369.0299987792969,367.45001220703125,368.0799865722656,26457900
2020-12-28,349.4044494628906,372.1700134277344,372.5899963378906,371.07000732421875,371.739990234375,39000400
2020-12-29,348.7379455566406,371.4599914550781,374.0,370.8299865722656,373.80999755859375,53680500
2020-12-30,349.2354431152344,371.989990234375,373.1000061035156,371.57000732421875,372.3399963378906,49455300
2020-12-31,351.0099792480469,373.8800048828125,374.6600036621094,371.2300109863281,371.7799987792969,78520700
2021-01-04,346.2312316894531,368.7900085449219,375.45001220703125,364.82000732421875,375.30999755859375,110210800
2021-01-05,348.61578369140625,371.3299865722656,372.5,368.04998779296875,368.1000061035156,66426200
2021-01-06,350.699951171875,373.54998779296875,376.9800109863281,369.1199951171875,369.7099914550781,107997700
2021-01-07,355.91058349609375,379.1000061035156,379.8999938964844,375.9100036621094,376.1000061035156,68766800
2021-01-08,357.9383850097656,381.260009765625,381.489990234375,377.1000061035156,380.5899963378906,71677200
2021-01-11,355.52569580078125,378.69000244140625,380.5799865722656,377.7200012207031,377.8500061035156,51034700
2021-01-12,355.6007080078125,378.7699890136719,379.8599853515625,376.3599853515625,378.8900146484375,52547700
2021-01-13,356.558349609375,379.7900085449219,380.8599853515625,377.8500061035156,378.69000244140625,45303600
2021-01-14,355.3096618652344,378.4599914550781,381.1300048828125,378.1000061035156,380.5899963378906,49989100
2021-01-15,352.7186279296875,375.70001220703125,377.5799865722656,373.70001220703125,376.7200012207031,107160000
2021-01-19,355.488037109375,378.6499938964844,379.2300109863281,376.75,378.3399963378906,51233300
2021-01-20,360.4076232910156,383.8900146484375,384.7900085449219,380.69000244140625,381.1099853515625,61836100
2021-01-21,360.7361755371094,384.239990234375,384.95001220703125,383.25,384.489990234375,47840100
2021-01-22,359.4593811035156,382.8800048828125,384.1300048828125,381.8399963378906,382.25,52860500
2021-01-25,360.8770446777344,384.3900146484375,384.7699890136719,378.4599914550781,383.6700134277344,70402000
2021-01-26,360.3136291503906,383.7900085449219,385.8500061035156,383.5400085449219,385.4100036621094,42665300
2021-01-27,351.5074462890625,374.4100036621094,380.32000732421875,372.010009765625,380.2200012207031,123351100
2021-01-28,354.5304870605469,377.6300048828125,381.92999267578125,375.8900146484375,376.3599853515625,94198100
2021-01-29,347.432861328125,370.07000732421875,376.6700134277344,368.2699890136719,375.6300048828125,126765100
2021-02-01,353.2161865234375,376.2300109863281,377.3399963378906,370.3800048828125,373.7200012207031,75817600
2021-02-02,358.2106628417969,381.54998779296875,383.2200012207031,376.32000732421875,379.6499938964844,64450700
2021-02-03,358.4923095703125,381.8500061035156,383.70001220703125,380.4800109863281,382.44000244140625,52427100
2021-02-04,362.5668029785156,386.19000244140625,386.239990234375,381.9700012207031,382.9599914550781,47142600
2021-02-05,363.99395751953125,387.7099914550781,388.4700012207031,386.1400146484375,388.20001220703125,48669800
2021-02-08,366.62261962890625,390.510009765625,390.55999755859375,388.3500061035156,389.2699890136719,38365200
2021-02-09,366.3784484863281,390.25,390.8900146484375,389.1700134277344,389.6099853515625,35551100
2021-02-10,366.21893310546875,390.0799865722656,392.2799987792969,387.5,392.1199951171875,59154400
2021-02-11,366.8103942871094,390.7099914550781,391.69000244140625,388.1000061035156,391.239990234375,42913300
2021-02-12,368.62237548828125,392.6400146484375,392.8999938964844,389.7699890136719,389.8500061035156,50593300
2021-02-16,368.3031311035156,392.29998779296875,394.1700134277344,391.5299987792969,393.9599914550781,50972400
2021-02-17,368.38763427734375,392.3900146484375,392.6600036621094,389.3299865722656,390.4200134277344,52290600
2021-02-18,366.8197937011719,390.7200012207031,391.5199890136719,387.739990234375,389.5899963378906,59712800
2021-02-19,366.1719970703125,390.0299987792969,392.3800048828125,389.54998779296875,392.07000732421875,83241000
2021-02-22,363.35540771484375,387.0299987792969,389.6199951171875,386.739990234375,387.05999755859375,67414200
2021-02-23,363.7967529296875,387.5,388.95001220703125,380.20001220703125,384.6600036621094,107284100
2021-02-24,367.8055114746094,391.7699890136719,392.2300109863281,385.2699890136719,386.3299865722656,72433900
2021-02-25,358.9430236816406,382.3299865722656,391.8800048828125,380.7799987792969,390.4100036621094,146670500
2021-02-26,357.093505859375,380.3599853515625,385.5799865722656,378.2300109863281,384.3500061035156,152701600
2021-03-01,365.7495422363281,389.5799865722656,390.9200134277344,380.57000732421875,385.5899963378906,105348800
2021-03-02,362.89544677734375,386.5400085449219,390.07000732421875,386.0,389.82000732421875,79595300
2021-03-03,358.088623046875,381.4200134277344,386.8299865722656,381.30999755859375,385.7900085449219,119940200
2021-03-04,353.6573181152344,376.70001220703125,384.0,371.8800048828125,381.2200012207031,183433000
2021-03-05,360.1634521484375,383.6300048828125,384.760009765625,372.6400146484375,380.4599914550781,152039600
2021-03-08,358.37030029296875,381.7200012207031,387.67999267578125,381.4200134277344,384.6600036621094,123149200
2021-03-09,363.4869384765625,387.1700134277344,389.9100036621094,385.30999755859375,385.8500061035156,113633600
2021-03-10,365.7495422363281,389.5799865722656,391.3999938964844,388.1700134277344,389.69000244140625,109899400
2021-03-11,369.4579162597656,393.5299987792969,395.6499938964844,391.739990234375,392.2300109863281,86245000
2021-03-12,369.95550537109375,394.05999755859375,394.2099914550781,391.20001220703125,392.07000732421875,64653600
2021-03-15,372.1617126464844,396.4100036621094,396.69000244140625,392.0299987792969,394.3299865722656,73427200
2021-03-16,371.6922912597656,395.9100036621094,397.8299865722656,395.0799865722656,397.07000732421875,73722500
2021-03-17,372.959716796875,397.260009765625,398.1199951171875,393.29998779296875,394.5299987792969,97959300
2021-03-18,367.53326416015625,391.4800109863281,396.7200012207031,390.75,394.4800109863281,115349100
2021-03-19,366.8532409667969,389.4800109863281,391.57000732421875,387.1499938964844,389.8800048828125,113624500
2021-03-22,369.7825927734375,392.5899963378906,394.07000732421875,389.9700012207031,390.0299987792969,73778600
2021-03-23,366.8720703125,389.5,393.4599914550781,388.6600036621094,391.9100036621094,90686600
2021-03-24,365.007080078125,387.5199890136719,392.75,387.4700012207031,391.0,97588600
2021-03-25,367.0604553222656,389.70001220703125,390.54998779296875,383.8999938964844,385.9800109863281,116128600
2021-03-26,372.9755859375,395.9800109863281,396.4100036621094,390.2900085449219,390.92999267578125,114409100
2021-03-29,372.7872314453125,395.7799987792969,396.75,392.80999755859375,394.3999938964844,108107600
2021-03-30,371.7982177734375,394.7300109863281,395.45001220703125,393.0199890136719,394.4200134277344,76262200
2021-03-31,373.3052673339844,396.3299865722656,398.0,395.30999755859375,395.3399963378906,112734200
2021-04-01,377.33660888671875,400.6099853515625,400.6700134277344,398.17999267578125,398.3999938964844,99682900
2021-04-05,382.7525939941406,406.3599853515625,406.94000244140625,403.3800048828125,403.4599914550781,91684800
2021-04-06,382.5265197753906,406.1199951171875,407.239990234375,405.3999938964844,405.760009765625,62021000
2021-04-07,382.96923828125,406.5899963378906,406.9599914550781,405.45001220703125,405.94000244140625,55836300
2021-04-08,384.7871398925781,408.5199890136719,408.5799865722656,406.92999267578125,407.92999267578125,57863100
2021-04-09,387.5845947265625,411.489990234375,411.6700134277344,408.260009765625,408.3900146484375,61104600
2021-04-12,387.7258605957031,411.6400146484375,411.92999267578125,410.20001220703125,410.8500061035156,56704900
2021-04-13,388.8749084472656,412.8599853515625,413.5299987792969,411.1199951171875,411.5299987792969,56551000
2021-04-14,387.546875,411.45001220703125,413.9599914550781,410.8699951171875,412.8299865722656,61659900
2021-04-15,391.7100830078125,415.8699951171875,416.1600036621094,413.69000244140625,413.739990234375,60229800
2021-04-16,393.0193786621094,417.260009765625,417.9100036621094,415.7300109863281,417.25,82037300
2021-04-19,391.08843994140625,415.2099914550781,416.739990234375,413.7900085449219,416.260009765625,78498500
2021-04-20,388.22509765625,412.1700134277344,415.0899963378906,410.5899963378906,413.9100036621094,81851800
2021-04-21,391.89849853515625,416.07000732421875,416.2900085449219,411.3599853515625,411.510009765625,66793000
2021-04-22,388.3192443847656,412.2699890136719,416.7799987792969,411.1300048828125,415.8900146484375,97582800
2021-04-23,392.5295715332031,416.739990234375,418.25,412.7900085449219,412.8699951171875,73209200
2021-04-26,393.3489990234375,417.6099853515625,418.2200012207031,416.80999755859375,417.44000244140625,52182400
2021-04-27,393.2642517089844,417.5199890136719,418.1400146484375,416.29998779296875,417.92999267578125,51303100
2021-04-28,393.1512145996094,417.3999938964844,419.010009765625,416.8999938964844,417.80999755859375,51238900
2021-04-29,395.65667724609375,420.05999755859375,420.7200012207031,416.44000244140625,420.32000732421875,78544300
2021-04-30,393.05706787109375,417.29998779296875,418.5400085449219,416.3399963378906,417.6300048828125,85527000
2021-05-03,393.90472412109375,418.20001220703125,419.8399963378906,417.6700134277344,419.42999267578125,68128300
2021-05-04,391.4746398925781,415.6199951171875,416.6000061035156,411.6700134277344,416.07000732421875,101591200
2021-05-05,391.59710693359375,415.75,417.6300048828125,415.1499938964844,417.3800048828125,60162200
2021-05-06,394.7242431640625,419.07000732421875,419.2099914550781,413.67999267578125,415.8299865722656,74321400
2021-05-07,397.59698486328125,422.1199951171875,422.82000732421875,419.1600036621094,419.8900146484375,67733800
2021-05-10,393.6598815917969,417.94000244140625,422.739990234375,417.80999755859375,422.5,81852400
2021-05-11,390.14654541015625,414.2099914550781,415.2699890136719,410.05999755859375,413.1000061035156,116888000
2021-05-12,381.85784912109375,405.4100036621094,412.5899963378906,404.0,411.2300109863281,134811000
2021-05-13,386.44488525390625,410.2799987792969,412.3500061035156,407.0199890136719,407.07000732421875,106394000
2021-05-14,392.37890625,416.5799865722656,417.489990234375,413.17999267578125,413.2099914550781,82201600
2021-05-17,391.38043212890625,415.5199890136719,416.3900146484375,413.3599853515625,415.3900146484375,65129200
2021-05-18,388.00848388671875,411.94000244140625,416.05999755859375,411.7699890136719,415.79998779296875,59810200
2021-05-19,386.99114990234375,410.8599853515625,411.04998779296875,405.3299865722656,406.9200134277344,106467100
2021-05-20,391.1543884277344,415.2799987792969,416.6300048828125,411.6700134277344,411.79998779296875,78022200
2021-05-21,390.8341369628906,414.94000244140625,418.20001220703125,414.45001220703125,416.8699951171875,76578700
2021-05-24,394.81842041015625,419.1700134277344,420.32000732421875,417.0799865722656,417.3399963378906,51376700
2021-05-25,393.9424743652344,418.239990234375,420.7099914550781,417.6199951171875,420.3299865722656,57451400
2021-05-26,394.7242431640625,419.07000732421875,419.6099853515625,417.760009765625,418.8699951171875,43088600
2021-05-27,394.9314880371094,419.2900085449219,420.7200012207031,418.989990234375,420.1700134277344,56707700
2021-05-28,395.6378479003906,420.0400085449219,421.25,419.7900085449219,420.9700012207031,58520200
2021-06-01,395.2893371582031,419.6700134277344,422.7200012207031,419.20001220703125,422.57000732421875,54216600
2021-06-02,395.9109802246094,420.3299865722656,421.2300109863281,419.2900085449219,420.3699951171875,49097100
2021-06-03,394.4416198730469,418.7699890136719,419.989990234375,416.2799987792969,417.8500061035156,58138800
2021-06-04,398.04913330078125,422.6000061035156,422.9200134277344,418.8399963378906,420.75,55938800
2021-06-07,397.6628723144531,422.19000244140625,422.7799987792969,421.19000244140625,422.5899963378906,51555000
2021-06-08,397.7477111816406,422.2799987792969,423.2099914550781,420.32000732421875,423.1099853515625,47134300
2021-06-09,397.1543273925781,421.6499938964844,423.260009765625,421.4100036621094,423.17999267578125,48436300
2021-06-10,399.0004577636719,423.6099853515625,424.6300048828125,421.54998779296875,422.9599914550781,51020100
2021-06-11,399.6597900390625,424.30999755859375,424.42999267578125,422.82000732421875,424.20001220703125,45570800
2021-06-14,400.5545959472656,425.260009765625,425.3699951171875,423.1000061035156,424.42999267578125,42358500
2021-06-15,399.8199462890625,424.4800109863281,425.4599914550781,423.5400085449219,425.4200134277344,51508500
2021-06-16,397.58758544921875,422.1099853515625,424.8699951171875,419.9200134277344,424.6300048828125,80386100
2021-06-17,397.4557189941406,421.9700012207031,423.0199890136719,419.32000732421875,421.6700134277344,90949700
2021-06-18,392.0938415527344,414.9200134277344,417.8299865722656,414.70001220703125,417.0899963378906,118676300
2021-06-21,397.7071838378906,420.8599853515625,421.05999755859375,415.92999267578125,416.79998779296875,72822000
2021-06-22,399.83331298828125,423.1099853515625,424.0,420.0799865722656,420.8500061035156,57700300
2021-06-23,399.3514099121094,422.6000061035156,424.04998779296875,422.510009765625,423.19000244140625,49445400
2021-06-24,401.71380615234375,425.1000061035156,425.54998779296875,424.6199951171875,424.8900146484375,45110300
2021-06-25,403.1407470703125,426.6099853515625,427.0899963378906,425.54998779296875,425.8999938964844,58129500
2021-06-28,403.9534912109375,427.4700012207031,427.6499938964844,425.8900146484375,427.1700134277344,53159600
2021-06-29,404.17083740234375,427.70001220703125,428.55999755859375,427.1300048828125,427.8800048828125,35970500
2021-06-30,404.51104736328125,428.05999755859375,428.7799987792969,427.17999267578125,427.2099914550781,64827900
2021-07-01,406.7506103515625,430.42999267578125,430.6000061035156,428.79998779296875,428.8699951171875,53441000
2021-07-02,409.8596496582031,433.7200012207031,434.1000061035156,430.5199890136719,431.6700134277344,57697700
2021-07-06,409.1131591796875,432.92999267578125,434.010009765625,430.010009765625,433.7799987792969,68710400
2021-07-07,410.5589599609375,434.4599914550781,434.760009765625,431.510009765625,433.6600036621094,63549500
2021-07-08,407.21368408203125,430.9200134277344,431.7300109863281,427.5199890136719,428.7799987792969,97595200
2021-07-09,411.5606384277344,435.5199890136719,435.8399963378906,430.7099914550781,432.5299987792969,76238600
2021-07-12,413.03472900390625,437.0799865722656,437.3500061035156,434.9700012207031,435.42999267578125,52889600
2021-07-13,411.6268005371094,435.5899963378906,437.8399963378906,435.30999755859375,436.239990234375,52911300
2021-07-14,412.2409973144531,436.239990234375,437.9200134277344,434.9100036621094,437.3999938964844,64130400
2021-07-15,410.8330078125,434.75,435.5299987792969,432.7200012207031,434.80999755859375,55126400
2021-07-16,407.61053466796875,431.3399963378906,436.05999755859375,430.9200134277344,436.010009765625,75874700
2021-07-19,401.59100341796875,424.9700012207031,431.4100036621094,421.9700012207031,426.19000244140625,147987000
2021-07-20,407.3460693359375,431.05999755859375,432.4200134277344,424.8299865722656,425.67999267578125,99608200
2021-07-21,410.64404296875,434.54998779296875,434.70001220703125,431.010009765625,432.3399963378906,64724400
2021-07-22,411.5039367675781,435.4599914550781,435.7200012207031,433.69000244140625,434.739990234375,47878500
2021-07-23,415.73748779296875,439.94000244140625,440.29998779296875,436.7900085449219,437.5199890136719,63766600
2021-07-26,416.758056640625,441.0199890136719,441.0299987792969,439.260009765625,439.30999755859375,43719200
2021-07-27,414.8586730957031,439.010009765625,439.94000244140625,435.989990234375,439.9100036621094,67397100
2021-07-28,414.6884765625,438.8299865722656,440.29998779296875,437.30999755859375,439.67999267578125,52472400
2021-07-29,416.4083557128906,440.6499938964844,441.79998779296875,439.80999755859375,439.82000732421875,47435300
2021-07-30,414.3861389160156,438.510009765625,440.05999755859375,437.7699890136719,437.9100036621094,68951200
2021-08-02,413.5167236328125,437.5899963378906,440.92999267578125,437.2099914550781,440.3399963378906,58783300
2021-08-03,416.88092041015625,441.1499938964844,441.2799987792969,436.1000061035156,438.44000244140625,58053900
2021-08-04,414.830322265625,438.9800109863281,441.1199951171875,438.7300109863281,439.7799987792969,46732200
2021-08-05,417.45733642578125,441.760009765625,441.8500061035156,439.8800048828125,440.2200012207031,38969700
2021-08-06,418.1471862792969,442.489990234375,442.94000244140625,441.79998779296875,442.1000061035156,46930000
2021-08-09,417.8070068359375,442.1300048828125,442.79998779296875,441.30999755859375,442.4599914550781,41222600
2021-08-10,418.3267517089844,442.67999267578125,443.44000244140625,441.8800048828125,442.6099853515625,43339300
2021-08-11,419.3662109375,443.7799987792969,443.8800048828125,442.6199951171875,443.82000732421875,44034300
2021-08-12,420.6230163574219,445.1099853515625,445.260009765625,442.6600036621094,443.6199951171875,38909400
2021-08-13,421.3884582519531,445.9200134277344,445.94000244140625,445.07000732421875,445.5899963378906,39470300
2021-08-16,422.3807373046875,446.9700012207031,447.1099853515625,442.8699951171875,444.5299987792969,73740000
2021-08-17,419.6119079589844,444.0400085449219,444.9599914550781,440.8500061035156,444.239990234375,92673900
2021-08-18,415.0192565917969,439.17999267578125,444.6300048828125,438.9200134277344,442.9599914550781,89351900
2021-08-19,415.6618347167969,439.8599853515625,441.1400146484375,436.1199951171875,436.2699890136719,92812200
2021-08-20,418.96929931640625,443.3599853515625,443.7099914550781,439.7099914550781,440.2300109863281,72008700
2021-08-23,422.6546936035156,447.260009765625,448.2300109863281,443.44000244140625,445.1600036621094,54973000
2021-08-24,423.3257751464844,447.9700012207031,448.5400085449219,447.4200134277344,447.9700012207031,38744700
2021-08-25,424.2139892578125,448.9100036621094,449.4599914550781,447.7699890136719,448.1700134277344,40529700
2021-08-26,421.7098693847656,446.260009765625,448.8599853515625,446.1600036621094,448.6099853515625,57829600
2021-08-27,425.480224609375,450.25,450.6499938964844,447.05999755859375,447.1199951171875,77235100
2021-08-30,427.35137939453125,452.2300109863281,453.07000732421875,450.7099914550781,450.9700012207031,48357400
2021-08-31,426.71826171875,451.55999755859375,452.489990234375,450.9200134277344,452.1300048828125,59300200
2021-09-01,426.9449768066406,451.79998779296875,453.1099853515625,451.54998779296875,452.55999755859375,48721400
2021-09-02,428.258544921875,453.19000244140625,454.04998779296875,451.9100036621094,453.32000732421875,42501000
2021-09-03,428.15460205078125,453.0799865722656,453.6300048828125,451.54998779296875,451.9800109863281,47170500
2021-09-07,426.6237487792969,451.4599914550781,452.80999755859375,450.739990234375,452.7099914550781,51671500
2021-09-08,426.10394287109375,450.9100036621094,451.6700134277344,448.8599853515625,450.8900146484375,56181900
2021-09-09,424.2801818847656,448.9800109863281,452.57000732421875,448.7200012207031,450.70001220703125,57970400
2021-09-10,420.9349060058594,445.44000244140625,451.489990234375,445.30999755859375,451.0400085449219,89948200
2021-09-13,422.01214599609375,446.5799865722656,448.9200134277344,444.1099853515625,448.6400146484375,83738600
2021-09-14,419.7347717285156,444.1700134277344,448.3399963378906,443.2200012207031,448.1199951171875,78197100
2021-09-15,423.2406311035156,447.8800048828125,448.4100036621094,443.44000244140625,444.6199951171875,78792200
2021-09-16,422.5697021484375,447.1700134277344,448.3599853515625,444.0199890136719,447.32000732421875,77786700
2021-09-17,418.45343017578125,441.3999938964844,445.3699951171875,441.0199890136719,444.9200134277344,118425000
2021-09-20,411.4760437011719,434.0400085449219,436.55999755859375,428.8599853515625,434.8800048828125,166445500
2021-09-21,411.0873107910156,433.6300048828125,437.9100036621094,433.07000732421875,436.5299987792969,92526100
2021-09-22,415.09747314453125,437.8599853515625,440.0299987792969,433.75,436.04998779296875,102350100
2021-09-23,420.140869140625,443.17999267578125,444.8900146484375,439.6000061035156,439.8500061035156,76396000
2021-09-24,420.83294677734375,443.9100036621094,444.6700134277344,441.2099914550781,441.44000244140625,62094800
2021-09-27,419.6290283203125,442.6400146484375,444.04998779296875,441.8999938964844,442.80999755859375,61371100
2021-09-28,411.17266845703125,433.7200012207031,440.0400085449219,432.94000244140625,439.69000244140625,130436300
2021-09-29,411.86474609375,434.45001220703125,437.0400085449219,433.8500061035156,435.19000244140625,82329200
2021-09-30,406.8308410644531,429.1400146484375,436.7699890136719,428.7799987792969,436.0199890136719,140506000
2021-10-01,411.6656188964844,434.239990234375,436.0299987792969,427.2300109863281,430.9800109863281,129240100
2021-10-04,406.35675048828125,428.6400146484375,433.9599914550781,426.3599853515625,433.0,128570000
2021-10-05,410.5849304199219,433.1000061035156,435.489990234375,429.3900146484375,430.239990234375,90682500
2021-10-06,412.2913818359375,434.8999938964844,435.1199951171875,427.5400085449219,429.2699890136719,113032200
2021-10-07,415.8559265136719,438.6600036621094,441.67999267578125,438.20001220703125,438.3900146484375,72437500
2021-10-08,415.09747314453125,437.8599853515625,439.8900146484375,437.19000244140625,439.4800109863281,74557400
2021-10-11,412.09228515625,434.69000244140625,440.260009765625,434.6199951171875,437.1600036621094,65233300
2021-10-12,411.07781982421875,433.6199951171875,436.1000061035156,432.7799987792969,435.6700134277344,71181200
2021-10-13,412.5567626953125,435.17999267578125,436.04998779296875,431.5400085449219,434.7099914550781,72974000
2021-10-14,419.4962463378906,442.5,442.6600036621094,438.5799865722656,439.0799865722656,70236800
2021-10-15,422.6910705566406,445.8699951171875,446.260009765625,444.0899963378906,444.75,66260200
2021-10-18,423.94244384765625,447.19000244140625,447.54998779296875,443.2699890136719,443.9700012207031,62213200
2021-10-19,427.2131652832031,450.6400146484375,450.7099914550781,448.2699890136719,448.9200134277344,46996800
2021-10-20,428.89105224609375,452.4100036621094,452.7300109863281,451.010009765625,451.1300048828125,49571600
2021-10-21,430.0097351074219,453.5899963378906,453.8299865722656,451.30999755859375,451.7699890136719,41305400
2021-10-22,429.56414794921875,453.1199951171875,454.6700134277344,451.04998779296875,453.1300048828125,58845100
2021-10-25,431.8677978515625,455.54998779296875,455.8999938964844,452.3900146484375,454.2799987792969,45214500
2021-10-26,432.25653076171875,455.9599914550781,458.489990234375,455.55999755859375,457.20001220703125,56075100
2021-10-27,430.341552734375,453.94000244140625,457.1600036621094,453.8599853515625,456.45001220703125,72438000
2021-10-28,434.4938049316406,458.32000732421875,458.3999938964844,455.45001220703125,455.4599914550781,51437900
2021-10-29,435.37548828125,459.25,459.55999755859375,455.55999755859375,455.8699951171875,70162400
2021-11-01,436.1244201660156,460.0400085449219,460.70001220703125,458.20001220703125,460.29998779296875,48433600
2021-11-02,437.8877258300781,461.8999938964844,462.2300109863281,460.0799865722656,460.2200012207031,48908400
2021-11-03,440.5611267089844,464.7200012207031,465.1499938964844,460.8299865722656,461.29998779296875,52509800
2021-11-04,442.6372375488281,466.9100036621094,467.0,464.989990234375,465.3599853515625,52847100
2021-11-05,444.1730651855469,468.5299987792969,470.6499938964844,466.9200134277344,469.2799987792969,66390600
2021-11-08,444.55230712890625,468.92999267578125,470.2300109863281,468.20001220703125,469.70001220703125,50405200
2021-11-09,443.0828857421875,467.3800048828125,469.57000732421875,465.8800048828125,469.32000732421875,51149100
2021-11-10,439.5183410644531,463.6199951171875,467.3800048828125,462.0400085449219,465.5799865722656,69429700
2021-11-11,439.6605529785156,463.7699890136719,465.2900085449219,463.75,465.2099914550781,34848500
2021-11-12,442.9785461425781,467.2699890136719,467.8599853515625,464.1099853515625,465.1199951171875,53466700
2021-11-15,443.13018798828125,467.42999267578125,468.80999755859375,466.2300109863281,468.6400146484375,46980500
2021-11-16,444.8841247558594,469.2799987792969,470.489990234375,467.07000732421875,467.1499938964844,48857500
2021-11-17,443.80340576171875,468.1400146484375,469.19000244140625,467.4800109863281,469.0,47858300
2021-11-18,445.3106994628906,469.7300109863281,470.010009765625,466.3399963378906,469.239990234375,50625600
2021-11-19,444.514404296875,468.8900146484375,470.94000244140625,468.5,469.6099853515625,57315600
2021-11-22,443.26300048828125,467.57000732421875,473.5400085449219,467.3500061035156,470.8900146484375,72762000
2021-11-23,443.8507995605469,468.19000244140625,469.1000061035156,464.45001220703125,467.2200012207031,73206500
2021-11-24,445.0357360839844,469.44000244140625,469.57000732421875,465.19000244140625,466.05999755859375,61858800
2021-11-26,435.1100769042969,458.9700012207031,463.8999938964844,457.7699890136719,462.3399963378906,112669600
2021-11-29,440.4473876953125,464.6000061035156,466.55999755859375,461.7300109863281,464.07000732421875,86268800
2021-11-30,431.8773498535156,455.55999755859375,464.0299987792969,455.29998779296875,462.0,148559600
2021-12-01,427.08038330078125,450.5,464.6700134277344,450.2900085449219,461.6400146484375,131939200
2021-12-02,433.6216735839844,457.3999938964844,459.07000732421875,450.30999755859375,450.7300109863281,127637800
2021-12-03,429.8486022949219,453.4200134277344,460.29998779296875,448.9200134277344,459.1700134277344,137331600
2021-12-06,434.9394226074219,458.7900085449219,460.7900085449219,453.55999755859375,456.1300048828125,98977500
2021-12-07,443.93603515625,468.2799987792969,468.8800048828125,458.6499938964844,464.4100036621094,95484700
2021-12-08,445.111572265625,469.5199890136719,470.0,466.8299865722656,468.70001220703125,72238800
2021-12-09,442.10638427734375,466.3500061035156,469.6300048828125,466.1400146484375,468.1499938964844,61272600
2021-12-10,446.26812744140625,470.739990234375,470.8999938964844,466.510009765625,469.2300109863281,77159800
2021-12-13,442.3149719238281,466.57000732421875,470.55999755859375,466.2699890136719,470.19000244140625,87724700
2021-12-14,439.2718505859375,463.3599853515625,465.739990234375,460.25,463.0899963378906,97264100
2021-12-15,446.135498046875,470.6000061035156,470.8599853515625,460.739990234375,463.4200134277344,116899300
2021-12-16,442.2012023925781,466.45001220703125,472.8699951171875,464.79998779296875,472.57000732421875,116568600
2021-12-17,437.4948425292969,459.8699951171875,464.739990234375,458.05999755859375,461.54998779296875,135511600
2021-12-20,432.8428649902344,454.9800109863281,455.3999938964844,451.1400146484375,454.4800109863281,107134800
2021-12-21,440.5296936035156,463.05999755859375,463.2099914550781,456.30999755859375,458.6099853515625,69806300
2021-12-22,444.9344787597656,467.69000244140625,467.80999755859375,462.5799865722656,462.7900085449219,58890200
2021-12-23,447.702880859375,470.6000061035156,472.19000244140625,468.6400146484375,468.75,56439700
2021-12-27,454.038818359375,477.260009765625,477.30999755859375,472.010009765625,472.05999755859375,56808600
2021-12-28,453.667724609375,476.8699951171875,478.80999755859375,476.05999755859375,477.7200012207031,47274600
2021-12-29,454.24810791015625,477.4800109863281,478.55999755859375,475.9200134277344,476.9800109863281,54503000
2021-12-30,452.9923095703125,476.1600036621094,479.0,475.6700134277344,477.92999267578125,55329000
2021-12-31,451.8506774902344,474.9599914550781,476.8599853515625,474.6700134277344,475.6400146484375,65237400
2022-01-03,454.4668884277344,477.7099914550781,477.8500061035156,473.8500061035156,476.29998779296875,72668200
2022-01-04,454.3146667480469,477.54998779296875,479.9800109863281,475.5799865722656,479.2200012207031,71178700
2022-01-05,445.5909118652344,468.3800048828125,477.9800109863281,468.2799987792969,477.1600036621094,104538900
2022-01-06,445.1722106933594,467.94000244140625,470.82000732421875,465.42999267578125,467.8900146484375,86858900
2022-01-07,443.4122314453125,466.0899963378906,469.20001220703125,464.6499938964844,467.95001220703125,85111600
2022-01-10,442.8604736328125,465.510009765625,465.739990234375,456.6000061035156,462.70001220703125,119362000
2022-01-11,446.89422607421875,469.75,469.8500061035156,462.04998779296875,465.2300109863281,74303100
2022-01-12,448.10235595703125,471.0199890136719,473.20001220703125,468.94000244140625,471.5899963378906,67605400
2022-01-13,441.9281921386719,464.5299987792969,472.8800048828125,463.44000244140625,472.19000244140625,91173100
2022-01-14,442.1089172363281,464.7200012207031,465.0899963378906,459.8999938964844,461.19000244140625,95890900
2022-01-18,434.27935791015625,456.489990234375,459.9599914550781,455.30999755859375,459.739990234375,109709100
2022-01-19,429.7699890136719,451.75,459.6099853515625,451.4599914550781,458.1300048828125,109357600
2022-01-20,425.0132751464844,446.75,458.739990234375,444.5,453.75,122379700
2022-01-21,416.6699523925781,437.9800109863281,448.05999755859375,437.95001220703125,445.55999755859375,202271200
2022-01-24,418.4394836425781,439.8399963378906,440.3800048828125,420.760009765625,432.0299987792969,251783900
2022-01-25,413.3306884765625,434.4700012207031,439.7200012207031,427.1499938964844,433.05999755859375,167997300
2022-01-26,412.2937927246094,433.3800048828125,444.0400085449219,428.8599853515625,440.7200012207031,186391100
2022-01-27,410.25787353515625,431.239990234375,441.5899963378906,429.45001220703125,438.260009765625,149878300
2022-01-28,420.4468078613281,441.95001220703125,442.0,427.82000732421875,432.67999267578125,164457400
2022-01-31,428.0195007324219,449.9100036621094,450.2799987792969,439.80999755859375,441.239990234375,152251400
2022-02-01,430.91162109375,452.95001220703125,453.6300048828125,446.94000244140625,450.67999267578125,123155400
2022-02-02,435.0975646972656,457.3500061035156,458.1199951171875,453.04998779296875,455.5,117361000
2022-02-03,424.87060546875,446.6000061035156,452.9700012207031,445.7099914550781,450.95001220703125,118024400
2022-02-04,426.8684387207031,448.70001220703125,452.7799987792969,443.8299865722656,446.3500061035156,118454400
2022-02-07,425.49847412109375,447.260009765625,450.989990234375,445.8500061035156,449.510009765625,84472900
2022-02-08,428.9993896484375,450.94000244140625,451.9200134277344,445.2200012207031,446.7300109863281,81012000
2022-02-09,435.2783508300781,457.5400085449219,457.8800048828125,455.010009765625,455.2200012207031,92589900
2022-02-10,427.45819091796875,449.32000732421875,457.7099914550781,447.20001220703125,451.3399963378906,140103700
2022-02-11,419.02923583984375,440.4599914550781,451.6099853515625,438.94000244140625,449.4100036621094,153214600
2022-02-14,417.65936279296875,439.0199890136719,441.6000061035156,435.3399963378906,439.9200134277344,123006300
2022-02-15,424.3948974609375,446.1000061035156,446.2799987792969,443.17999267578125,443.7300109863281,88482700
2022-02-16,424.87060546875,446.6000061035156,448.05999755859375,441.94000244140625,443.92999267578125,84863600
2022-02-17,415.7947082519531,437.05999755859375,446.57000732421875,436.4200134277344,443.2200012207031,102259100
2022-02-18,413.1023864746094,434.2300109863281,438.6600036621094,431.82000732421875,437.3299865722656,132642900
2022-02-22,408.669189453125,429.57000732421875,435.5,425.8599853515625,431.8900146484375,124391800
2022-02-23,401.41998291015625,421.95001220703125,433.260009765625,421.3500061035156,432.6600036621094,132578000
2022-02-24,407.4609375,428.29998779296875,428.760009765625,410.6400146484375,411.0199890136719,213942900
2022-02-25,416.4512023925781,437.75,437.8399963378906,427.8599853515625,429.6099853515625,121804500
2022-02-28,415.38568115234375,436.6300048828125,438.20001220703125,430.70001220703125,432.0299987792969,145615000
2022-03-01,409.0592041015625,429.9800109863281,437.1700134277344,427.1099853515625,435.0400085449219,137785900
2022-03-02,416.5843505859375,437.8900146484375,439.7200012207031,431.57000732421875,432.3699951171875,117726500
2022-03-03,414.51043701171875,435.7099914550781,441.1099853515625,433.79998779296875,440.4700012207031,105501700
2022-03-04,411.1426696777344,432.1700134277344,433.3699951171875,427.8800048828125,431.75,113978200
2022-03-07,399.0224609375,419.42999267578125,432.29998779296875,419.3599853515625,431.54998779296875,137896600
2022-03-08,395.9972839355469,416.25,427.2099914550781,415.1199951171875,419.6199951171875,164772700
2022-03-09,406.61419677734375,427.4100036621094,429.510009765625,422.82000732421875,425.1400146484375,116990800
2022-03-10,404.7781066894531,425.4800109863281,426.42999267578125,420.44000244140625,422.5199890136719,93972700
2022-03-11,399.63140869140625,420.07000732421875,428.7699890136719,419.5299987792969,428.1199951171875,95636300
2022-03-14,396.710693359375,417.0,424.54998779296875,415.7900085449219,420.8900146484375,95729200
2022-03-15,405.4346008300781,426.1700134277344,426.8399963378906,418.4200134277344,419.7699890136719,106219100
2022-03-16,414.4248046875,435.6199951171875,435.67999267578125,424.79998779296875,429.8900146484375,144954800
2022-03-17,419.6095886230469,441.07000732421875,441.07000732421875,433.19000244140625,433.5899963378906,102676900
2022-03-18,424.2054748535156,444.5199890136719,444.8599853515625,437.2200012207031,438.0,106345500
2022-03-21,424.08148193359375,444.3900146484375,446.4599914550781,440.67999267578125,444.3399963378906,88349800
2022-03-22,429.0438232421875,449.5899963378906,450.5799865722656,445.8599853515625,445.8599853515625,74650400
2022-03-23,423.5184326171875,443.79998779296875,448.489990234375,443.7099914550781,446.9100036621094,79426100
2022-03-24,429.9027099609375,450.489990234375,450.5,444.760009765625,445.94000244140625,64736900
2022-03-25,432.00213623046875,452.69000244140625,452.9800109863281,448.42999267578125,451.1600036621094,77101300
2022-03-28,435.07501220703125,455.9100036621094,455.9100036621094,450.05999755859375,452.05999755859375,68529800
2022-03-29,440.4572448730469,461.54998779296875,462.07000732421875,457.17999267578125,460.0199890136719,86581500
2022-03-30,437.7375183105469,458.70001220703125,461.20001220703125,456.4700012207031,460.3399963378906,79666900
2022-03-31,431.00018310546875,451.6400146484375,458.760009765625,451.1600036621094,457.8900146484375,121699900
2022-04-01,432.22161865234375,452.9200134277344,453.4599914550781,449.1400146484375,453.30999755859375,89048800
2022-04-04,435.92431640625,456.79998779296875,456.9100036621094,452.260009765625,453.1300048828125,59601000
2022-04-05,430.41796875,451.0299987792969,457.8299865722656,449.82000732421875,455.2200012207031,74214500
2022-04-06,426.1141357421875,446.5199890136719,448.92999267578125,443.4700012207031,446.8900146484375,106898000
2022-04-07,428.2612609863281,448.7699890136719,450.69000244140625,443.5299987792969,445.5899963378906,78097200
2022-04-08,427.11614990234375,447.57000732421875,450.6300048828125,445.94000244140625,447.9700012207031,79272700
2022-04-11,419.8157958984375,439.9200134277344,445.0,439.3900146484375,444.1099853515625,89770500
2022-04-12,418.2601623535156,438.2900085449219,445.75,436.6499938964844,443.0799865722656,84363600
2022-04-13,423.0507507324219,443.30999755859375,444.1099853515625,437.8399963378906,438.0299987792969,74070400
2022-04-14,417.7830810546875,437.7900085449219,444.7300109863281,437.67999267578125,443.54998779296875,97869500
2022-04-18,417.954833984375,437.9700012207031,439.75,435.6099853515625,436.80999755859375,66002500
2022-04-19,424.70172119140625,445.0400085449219,445.79998779296875,437.67999267578125,437.8599853515625,77821000
2022-04-20,424.38690185546875,444.7099914550781,447.57000732421875,443.4800109863281,446.9200134277344,65224400
2022-04-21,418.0407409667969,438.05999755859375,450.010009765625,437.1000061035156,448.5400085449219,85417300
2022-04-22,406.5700378417969,426.0400085449219,438.0799865722656,425.44000244140625,436.9100036621094,132471800
2022-04-25,408.9272155761719,428.510009765625,428.69000244140625,418.8399963378906,423.6700134277344,119647700
2022-04-26,397.0843505859375,416.1000061035156,426.0400085449219,416.07000732421875,425.8299865722656,103996300
2022-04-27,398.20086669921875,417.2699890136719,422.9200134277344,415.010009765625,417.239990234375,122030000
2022-04-28,408.2591247558594,427.80999755859375,429.6400146484375,417.6000061035156,422.2900085449219,105449100
2022-04-29,393.17169189453125,412.0,425.8699951171875,411.2099914550781,423.5899963378906,145491100
2022-05-02,395.5383605957031,414.4800109863281,415.9200134277344,405.0199890136719,412.07000732421875,158312500
2022-05-03,397.35150146484375,416.3800048828125,418.92999267578125,413.3599853515625,415.010009765625,100028200
2022-05-04,409.4519958496094,429.05999755859375,429.6600036621094,413.7099914550781,417.0799865722656,144247900
2022-05-05,394.89898681640625,413.80999755859375,425.0,409.44000244140625,424.54998779296875,172929100
2022-05-06,392.54180908203125,411.3399963378906,414.79998779296875,405.7300109863281,411.1000061035156,151770800
2022-05-09,379.9737243652344,398.1700134277344,406.4100036621094,396.5,405.1000061035156,155586100
2022-05-10,380.85162353515625,399.0899963378906,406.0799865722656,394.82000732421875,404.489990234375,132497200
2022-05-11,374.8014221191406,392.75,404.0400085449219,391.9599914550781,398.07000732421875,142361000
2022-05-12,374.4101867675781,392.3399963378906,395.79998779296875,385.1499938964844,389.3699951171875,125090800
2022-05-13,383.36151123046875,401.7200012207031,403.17999267578125,395.6099853515625,396.7099914550781,104174400
2022-05-16,381.8059997558594,400.0899963378906,403.9700012207031,397.6000061035156,399.9800109863281,78622400
2022-05-17,389.6598815917969,408.32000732421875,408.57000732421875,402.5799865722656,406.5299987792969,83029700
2022-05-18,373.9520263671875,391.8599853515625,403.79998779296875,390.54998779296875,403.5,117674500
2022-05-19,371.66168212890625,389.4599914550781,394.1400146484375,387.1099853515625,388.6199951171875,98510700
2022-05-20,371.82403564453125,389.6300048828125,397.0299987792969,380.5400085449219,393.25,131432200
2022-05-23,378.7808532714844,396.9200134277344,397.7300109863281,390.3800048828125,392.8299865722656,76414900
2022-05-24,375.88934326171875,393.8900146484375,395.1499938964844,386.9599914550781,392.55999755859375,91448800
2022-05-25,379.2102966308594,397.3699951171875,399.45001220703125,391.8900146484375,392.30999755859375,91472900
2022-05-26,386.7873840332031,405.30999755859375,407.0400085449219,398.45001220703125,398.6700134277344,82168300
2022-05-27,396.2826843261719,415.260009765625,415.3800048828125,407.70001220703125,407.9100036621094,84768700
2022-05-31,394.0591735839844,412.92999267578125,416.4599914550781,410.0299987792969,413.54998779296875,95937000
2022-06-01,390.8717956542969,409.5899963378906,416.239990234375,406.92999267578125,415.1700134277344,86585800
2022-06-02,398.31536865234375,417.3900146484375,417.44000244140625,407.0400085449219,409.4200134277344,79609600
2022-06-03,391.7784118652344,410.5400085449219,414.0400085449219,409.510009765625,412.3999938964844,71874300
2022-06-06,392.9713134765625,411.7900085449219,416.6099853515625,410.54998779296875,414.7799987792969,57508900
2022-06-07,396.74072265625,415.739990234375,416.2200012207031,407.6099853515625,408.1000061035156,59272400
2022-06-08,392.42730712890625,411.2200012207031,415.82000732421875,410.3800048828125,413.92999267578125,64350000
2022-06-09,383.09423828125,401.44000244140625,411.739990234375,401.44000244140625,409.3399963378906,86289800
2022-06-10,371.9861755371094,389.79998779296875,395.7799987792969,389.75,394.8800048828125,132893900
2022-06-13,357.86260986328125,375.0,381.80999755859375,373.29998779296875,379.8500061035156,170004900
2022-06-14,356.78424072265625,373.8699951171875,377.94000244140625,370.5899963378906,376.8500061035156,104011800
2022-06-15,361.8706359863281,379.20001220703125,383.8999938964844,372.1199951171875,377.3599853515625,125666800
2022-06-16,349.8941650390625,366.6499938964844,370.94000244140625,364.0799865722656,370.510009765625,134473300
2022-06-17,350.6484375,365.8599853515625,369.3800048828125,362.1700134277344,365.510009765625,111113900
2022-06-21,359.4755554199219,375.07000732421875,376.5299987792969,371.80999755859375,371.8900146484375,76811900
2022-06-22,358.8238525390625,374.3900146484375,378.7200012207031,370.17999267578125,370.6199951171875,90059400
2022-06-23,362.3411865234375,378.05999755859375,378.8299865722656,372.8900146484375,376.6400146484375,79292100
2022-06-24,373.8614196777344,390.0799865722656,390.0899963378906,381.3699951171875,381.3999938964844,98050300
2022-06-27,372.4333801269531,388.5899963378906,391.3599853515625,387.44000244140625,391.04998779296875,66009600
2022-06-28,364.8235168457031,380.6499938964844,393.1600036621094,380.5299987792969,390.2300109863281,86548900
2022-06-29,364.52642822265625,380.3399963378906,382.2699890136719,378.4200134277344,381.2300109863281,65676000
2022-06-30,361.5648498535156,377.25,380.6600036621094,372.55999755859375,376.239990234375,112508300
2022-07-01,365.3890075683594,381.239990234375,381.70001220703125,373.79998779296875,376.55999755859375,74839700
2022-07-05,366.0790710449219,381.9599914550781,381.9800109863281,372.8999938964844,375.8800048828125,81438000
2022-07-06,367.3154602050781,383.25,385.8699951171875,379.6000061035156,382.1099853515625,70426200
2022-07-07,372.8167724609375,388.989990234375,389.8299865722656,383.2699890136719,385.1199951171875,64525900
2022-07-08,372.5101318359375,388.6700134277344,390.6400146484375,385.6600036621094,387.2699890136719,72397800
2022-07-11,368.25469970703125,384.2300109863281,386.8699951171875,383.5,385.8500061035156,58366900
2022-07-12,364.99603271484375,380.8299865722656,386.1600036621094,378.989990234375,383.6499938964844,62219200
2022-07-13,363.0792236328125,378.8299865722656,381.9200134277344,374.6600036621094,375.1000061035156,84224600
2022-07-14,362.1974182128906,377.9100036621094,379.04998779296875,371.0400085449219,373.6099853515625,89704800
2022-07-15,369.1172790527344,385.1300048828125,385.25,380.5400085449219,382.54998779296875,79060400
2022-07-18,366.0694885253906,381.95001220703125,389.0899963378906,380.6600036621094,388.3800048828125,63203600
2022-07-19,375.96038818359375,392.2699890136719,392.8699951171875,385.3900146484375,386.0799865722656,78506000
2022-07-20,378.3564453125,394.7699890136719,396.260009765625,391.0299987792969,392.4700012207031,71843800
2022-07-21,382.2092590332031,398.7900085449219,398.8399963378906,391.6300048828125,394.1600036621094,64903900
2022-07-22,378.66314697265625,395.0899963378906,400.17999267578125,392.75,398.9200134277344,72197300
2022-07-25,379.1232604980469,395.57000732421875,396.4700012207031,393.2099914550781,395.75,53631500
2022-07-26,374.6377868652344,390.8900146484375,394.05999755859375,389.95001220703125,393.8399963378906,52946400
2022-07-27,384.3657531738281,401.0400085449219,402.8800048828125,394.04998779296875,394.3599853515625,82342100
2022-07-28,389.18658447265625,406.07000732421875,406.79998779296875,398.1499938964844,401.8900146484375,73966600
2022-07-29,394.8605041503906,411.989990234375,413.0299987792969,406.7699890136719,407.5799865722656,87003700
2022-08-01,393.69122314453125,410.7699890136719,413.4100036621094,408.3999938964844,409.1499938964844,69997500
2022-08-02,391.0939025878906,408.05999755859375,413.0,406.82000732421875,409.1199951171875,63435400
2022-08-03,397.21826171875,414.45001220703125,415.67999267578125,410.0,410.29998779296875,67820600
2022-08-04,396.9498596191406,414.1700134277344,415.0899963378906,412.44000244140625,414.3699951171875,45656600
2022-08-05,396.2789306640625,413.4700012207031,414.1499938964844,409.6000061035156,409.6600036621094,56814900
2022-08-08,395.81890869140625,412.989990234375,417.6199951171875,411.8299865722656,415.25,53886100
2022-08-09,394.24713134765625,411.3500061035156,412.75,410.2200012207031,412.2200012207031,44931800
2022-08-10,402.5278625488281,419.989990234375,420.1400146484375,416.7200012207031,418.7799987792969,68665700
2022-08-11,402.5278625488281,419.989990234375,424.95001220703125,419.2099914550781,422.989990234375,59489700
2022-08-12,409.3422546386719,427.1000061035156,427.2099914550781,421.0299987792969,422.0299987792969,61694500
2022-08-15,411.0290832519531,428.8599853515625,429.4100036621094,424.7099914550781,424.7699890136719,54048300
2022-08-16,411.834228515625,429.70001220703125,431.7300109863281,426.8800048828125,427.7300109863281,59289000
2022-08-17,408.9109191894531,426.6499938964844,429.5,424.5400085449219,425.9100036621094,63563400
2022-08-18,410.09942626953125,427.8900146484375,428.6099853515625,425.5,426.8599853515625,49023200
2022-08-19,404.58843994140625,422.1400146484375,425.260009765625,421.2200012207031,424.9800109863281,68016900
2022-08-22,396.1639099121094,413.3500061035156,417.2300109863281,412.3999938964844,417.04998779296875,77695600
2022-08-23,395.20556640625,412.3500061035156,415.4200134277344,411.7699890136719,412.8999938964844,49105200
2022-08-24,396.47064208984375,413.6700134277344,415.1099853515625,411.3900146484375,412.1099853515625,49177800
2022-08-25,402.06781005859375,419.510009765625,419.55999755859375,414.0899963378906,415.239990234375,50942300
2022-08-26,388.4582214355469,405.30999755859375,419.9599914550781,405.25,419.3900146484375,103087000
2022-08-29,385.8897399902344,402.6300048828125,405.8399963378906,401.20001220703125,402.20001220703125,65370800
2022-08-30,381.6534423828125,398.2099914550781,404.1000061035156,396.0,403.8500061035156,85652400
2022-08-31,378.7493896484375,395.17999267578125,401.239990234375,395.0400085449219,399.92999267578125,76029700
2022-09-01,379.9378967285156,396.4200134277344,396.7799987792969,390.0400085449219,392.8900146484375,78740100
2022-09-02,375.931640625,392.239990234375,401.55999755859375,390.3299865722656,400.2799987792969,99632100
2022-09-06,374.51318359375,390.760009765625,394.1199951171875,388.4200134277344,393.1300048828125,76637400
2022-09-07,381.2413024902344,397.7799987792969,398.5899963378906,390.20001220703125,390.42999267578125,70964200
2022-09-08,383.733154296875,400.3800048828125,400.8599853515625,394.1199951171875,395.3900146484375,80821700
2022-09-09,389.6946105957031,406.6000061035156,407.510009765625,402.4599914550781,402.739990234375,76706900
2022-09-12,393.8829650878906,410.9700012207031,411.7300109863281,408.4599914550781,408.7799987792969,69256300
2022-09-13,376.755859375,393.1000061035156,403.1000061035156,391.9200134277344,401.8299865722656,122947100
2022-09-14,378.1935119628906,394.6000061035156,396.20001220703125,391.1199951171875,394.4700012207031,85023700
2022-09-15,373.8997802734375,390.1199951171875,395.9599914550781,388.7799987792969,392.9599914550781,87633800
2022-09-16,371.0473327636719,385.55999755859375,386.25,382.1099853515625,384.1400146484375,103084800
2022-09-19,373.9247741699219,388.54998779296875,388.54998779296875,382.17999267578125,382.260009765625,73278500
2022-09-20,369.63262939453125,384.0899963378906,386.1199951171875,381.20001220703125,385.05999755859375,77274900
2022-09-21,363.18487548828125,377.3900146484375,389.30999755859375,377.3800048828125,386.1099853515625,106746600
2022-09-22,360.1341552734375,374.2200012207031,378.29998779296875,373.44000244140625,376.5799865722656,89472600
2022-09-23,354.1001892089844,367.95001220703125,370.6199951171875,363.2900085449219,370.5799865722656,122346900
2022-09-26,350.5971984863281,364.30999755859375,370.2099914550781,363.0299987792969,366.4100036621094,92581200
2022-09-27,349.7022399902344,363.3800048828125,370.3999938964844,360.8699951171875,368.0199890136719,108294100
2022-09-28,356.58306884765625,370.5299987792969,372.29998779296875,362.6000061035156,364.3800048828125,110802200
2022-09-29,349.1343688964844,362.7900085449219,367.1099853515625,359.70001220703125,366.80999755859375,112952300
2022-09-30,343.7356262207031,357.17999267578125,365.9100036621094,357.0400085449219,361.79998779296875,153711200
2022-10-03,352.81060791015625,366.6099853515625,368.54998779296875,359.2099914550781,361.0799865722656,89756500
2022-10-04,363.7430114746094,377.9700012207031,378.0,366.57000732421875,372.3999938964844,103602800
2022-10-05,362.89617919921875,377.0899963378906,379.4599914550781,370.95001220703125,373.3900146484375,88065700
2022-10-06,359.152587890625,373.20001220703125,378.7200012207031,372.67999267578125,375.6199951171875,82333500
2022-10-07,349.1343688964844,362.7900085449219,373.2900085449219,360.94000244140625,368.9700012207031,107789500
2022-10-10,346.4687194824219,360.0199890136719,364.2099914550781,357.6700134277344,363.9599914550781,76042800
2022-10-11,344.2744445800781,357.739990234375,363.0299987792969,355.7099914550781,358.239990234375,92482800
2022-10-12,343.1388854980469,356.55999755859375,359.82000732421875,356.29998779296875,358.1700134277344,76991800
2022-10-13,352.1946716308594,365.9700012207031,367.510009765625,348.1099853515625,349.2099914550781,147254500
2022-10-14,344.168701171875,357.6300048828125,370.260009765625,356.9599914550781,368.54998779296875,123737000
2022-10-17,353.01275634765625,366.82000732421875,367.9800109863281,357.2799987792969,364.010009765625,93168200
2022-10-18,357.1605529785156,371.1300048828125,375.45001220703125,367.5199890136719,375.1300048828125,97162900
2022-10-19,354.6294860839844,368.5,371.8500061035156,365.54998779296875,368.989990234375,79746900
2022-10-20,351.65576171875,365.4100036621094,372.6700134277344,364.6099853515625,368.0299987792969,88283100
2022-10-21,360.2015380859375,374.2900085449219,374.79998779296875,363.5400085449219,365.1199951171875,131038400
2022-10-24,364.60919189453125,378.8699951171875,380.05999755859375,373.1099853515625,375.8900146484375,85436900
2022-10-25,370.4314270019531,384.9200134277344,385.25,378.6700134277344,378.7900085449219,78846300
2022-10-26,367.6405944824219,382.0199890136719,387.5799865722656,381.3500061035156,381.6199951171875,104087300
2022-10-27,365.6774597167969,379.9800109863281,385.0,379.3299865722656,383.07000732421875,81971800
2022-10-28,374.37713623046875,389.0199890136719,389.5199890136719,379.67999267578125,379.8699951171875,100302000
2022-10-31,371.67291259765625,386.2099914550781,388.3999938964844,385.260009765625,386.44000244140625,96631300
2022-11-01,370.04644775390625,384.5199890136719,390.3900146484375,383.2900085449219,390.1400146484375,85407600
2022-11-02,360.7596435546875,374.8699951171875,388.6300048828125,374.760009765625,383.8999938964844,126990400
2022-11-03,357.04498291015625,371.010009765625,374.20001220703125,368.7900085449219,371.4700012207031,87100100
2022-11-04,362.18402099609375,376.3500061035156,378.8699951171875,370.0,377.0,103505200
2022-11-07,365.6485290527344,379.95001220703125,380.57000732421875,375.5299987792969,377.7099914550781,68286900
2022-11-08,367.6213073730469,382.0,385.1199951171875,377.7200012207031,381.1099853515625,84641100
2022-11-09,360.0475769042969,374.1300048828125,381.1400146484375,373.6099853515625,379.92999267578125,78495500
2022-11-10,379.83367919921875,394.69000244140625,395.0400085449219,385.6400146484375,388.04998779296875,141455800
2022-11-11,383.5099182128906,398.510009765625,399.3500061035156,393.6099853515625,395.5899963378906,93839900
2022-11-14,380.2474670410156,395.1199951171875,400.17999267578125,394.8299865722656,396.6600036621094,71903500
2022-11-15,383.4906311035156,398.489990234375,402.30999755859375,394.489990234375,401.1499938964844,93194500
2022-11-16,380.5650939941406,395.45001220703125,397.7799987792969,394.7900085449219,396.7799987792969,68508500
2022-11-17,379.4006042480469,394.239990234375,394.95001220703125,390.1400146484375,390.4599914550781,74496300
2022-11-18,381.12322998046875,396.0299987792969,397.80999755859375,393.0400085449219,397.739990234375,92922500
2022-11-21,379.7374267578125,394.5899963378906,395.82000732421875,392.6600036621094,394.6400146484375,51243200
2022-11-22,384.8475341796875,399.8999938964844,400.07000732421875,395.1499938964844,396.6300048828125,60429000
2022-11-23,387.27276611328125,402.4200134277344,402.92999267578125,399.30999755859375,399.54998779296875,68261600
2022-11-25,387.1861267089844,402.3299865722656,402.9100036621094,401.5400085449219,401.8299865722656,30545400
2022-11-28,381.0078125,395.9100036621094,400.80999755859375,395.1099853515625,399.0899963378906,67881600
2022-11-29,380.3533630371094,395.2300109863281,397.29998779296875,393.29998779296875,396.04998779296875,52310000
2022-11-30,392.334716796875,407.67999267578125,407.67999267578125,393.4800109863281,395.489990234375,144566700
2022-12-01,392.04608154296875,407.3800048828125,410.0,404.75,408.7699890136719,76398200
2022-12-02,391.5937194824219,406.9100036621094,407.8599853515625,402.1400146484375,402.25,85342700
2022-12-05,384.5492248535156,399.5899963378906,404.92999267578125,398.1700134277344,403.95001220703125,77289800
2022-12-06,379.00604248046875,393.8299865722656,399.989990234375,391.6400146484375,399.4200134277344,77972200
2022-12-07,378.361328125,393.1600036621094,395.6400146484375,391.9700012207031,392.94000244140625,65927900
2022-12-08,381.3252868652344,396.239990234375,397.3599853515625,393.2699890136719,395.1400146484375,60737900
2022-12-09,378.4767150878906,393.2799987792969,397.6199951171875,393.1499938964844,394.94000244140625,81447700
2022-12-12,383.9333801269531,398.95001220703125,398.95001220703125,393.4100036621094,394.1099853515625,75405800
2022-12-13,386.8397216796875,401.9700012207031,410.489990234375,399.07000732421875,410.2200012207031,123782500
2022-12-14,384.36639404296875,399.3999938964844,405.5,396.30999755859375,401.6099853515625,108111300
2022-12-15,374.964111328125,389.6300048828125,395.25,387.8900146484375,394.29998779296875,117705900
2022-12-16,370.53729248046875,383.2699890136719,386.5799865722656,381.0400085449219,385.17999267578125,119858000
2022-12-19,367.3952331542969,380.0199890136719,383.82000732421875,378.2799987792969,383.4700012207031,79878100
2022-12-20,367.8979187011719,380.5400085449219,382.2300109863281,377.8500061035156,379.2300109863281,74427200
2022-12-21,373.3989562988281,386.2300109863281,387.4100036621094,382.69000244140625,383.25,78167400
2022-12-22,368.0719299316406,380.7200012207031,386.2099914550781,374.7699890136719,383.04998779296875,100120900
2022-12-23,370.1892395019531,382.9100036621094,383.05999755859375,378.0299987792969,379.6499938964844,59857300
2022-12-27,368.7293395996094,381.3999938964844,383.1499938964844,379.6499938964844,382.7900085449219,51638200
2022-12-28,364.1468811035156,376.6600036621094,383.3900146484375,376.4200134277344,381.3299865722656,70911500
2022-12-29,370.7016296386719,383.44000244140625,384.3500061035156,379.0799865722656,379.6300048828125,66970900
2022-12-30,369.7252197265625,382.42999267578125,382.5799865722656,378.42999267578125,380.6400146484375,84022200
2023-01-03,368.16864013671875,380.82000732421875,386.42999267578125,377.8299865722656,384.3699951171875,74850700
2023-01-04,371.01104736328125,383.760009765625,385.8800048828125,380.0,383.17999267578125,85934100
2023-01-05,366.77655029296875,379.3800048828125,381.8399963378906,378.760009765625,381.7200012207031,76970500
2023-01-06,375.1874694824219,388.0799865722656,389.25,379.4100036621094,382.6099853515625,104189600
2023-01-09,374.9747619628906,387.8599853515625,393.70001220703125,387.6700134277344,390.3699951171875,73978100
2023-01-10,377.6044006347656,390.5799865722656,390.6499938964844,386.2699890136719,387.25,65358100
2023-01-11,382.38031005859375,395.5199890136719,395.6000061035156,391.3800048828125,392.2300109863281,68881100
2023-01-12,383.7724609375,396.9599914550781,398.489990234375,392.4200134277344,396.6700134277344,90157700
2023-01-13,385.26129150390625,398.5,399.1000061035156,393.3399963378906,393.6199951171875,63903900
2023-01-17,384.5555725097656,397.7699890136719,400.2300109863281,397.05999755859375,398.4800109863281,62677300
2023-01-18,378.48419189453125,391.489990234375,400.1199951171875,391.2799987792969,399.010009765625,99632300
2023-01-19,375.7288513183594,388.6400146484375,391.0799865722656,387.260009765625,389.3599853515625,86958900
2023-01-20,382.7283630371094,395.8800048828125,396.0400085449219,388.3800048828125,390.1000061035156,91806400
2023-01-23,387.320556640625,400.6300048828125,402.6499938964844,395.7200012207031,396.7200012207031,84178800
2023-01-24,386.9048767089844,400.20001220703125,401.1499938964844,397.6400146484375,398.8800048828125,59524900
2023-01-25,387.0498352050781,400.3500061035156,400.70001220703125,393.55999755859375,395.95001220703125,84800300
2023-01-26,391.3036804199219,404.75,404.9200134277344,400.0299987792969,403.1300048828125,72287400
2023-01-27,392.2027893066406,405.67999267578125,408.1600036621094,403.44000244140625,403.6600036621094,68346200
2023-01-30,387.2818908691406,400.5899963378906,405.1300048828125,400.2799987792969,402.79998779296875,74202000
2023-01-31,392.9762268066406,406.4800109863281,406.5299987792969,400.7699890136719,401.1300048828125,86811800
2023-02-01,397.1527099609375,410.79998779296875,413.6700134277344,402.3500061035156,405.2099914550781,101459200
2023-02-02,402.93402099609375,416.7799987792969,418.30999755859375,412.8800048828125,414.8599853515625,101654500
2023-02-03,398.65118408203125,412.3500061035156,416.9700012207031,411.0899963378906,411.5899963378906,94736800
2023-02-06,396.2149658203125,409.8299865722656,411.2900085449219,408.1000061035156,409.7900085449219,60295300
2023-02-07,401.3968505859375,415.19000244140625,416.489990234375,407.57000732421875,408.8699951171875,90990700
2023-02-08,397.00762939453125,410.6499938964844,414.5299987792969,409.92999267578125,413.1300048828125,76227500
2023-02-09,393.5659484863281,407.0899963378906,414.57000732421875,405.80999755859375,414.4100036621094,78694900
2023-02-10,394.484375,408.0400085449219,408.44000244140625,405.010009765625,405.8599853515625,70769700
2023-02-13,399.1152648925781,412.8299865722656,412.9700012207031,408.239990234375,408.7200012207031,64913500
2023-02-14,398.93157958984375,412.6400146484375,415.04998779296875,408.510009765625,411.239990234375,88389300
2023-02-15,400.22705078125,413.9800109863281,414.05999755859375,409.4700012207031,410.3500061035156,61555700
2023-02-16,394.7164001464844,408.2799987792969,412.9100036621094,408.1400146484375,408.7900085449219,76431500
2023-02-17,393.73028564453125,407.260009765625,407.510009765625,404.04998779296875,406.05999755859375,89257800
2023-02-21,385.8317565917969,399.0899963378906,404.1600036621094,398.82000732421875,403.05999755859375,82655900
2023-02-22,385.2999572753906,398.5400085449219,401.1300048828125,397.0199890136719,399.5199890136719,83742300
2023-02-23,387.3495788574219,400.6600036621094,402.20001220703125,396.25,401.55999755859375,96242400
2023-02-24,383.2117614746094,396.3800048828125,397.25,393.6400146484375,395.4200134277344,108194400
2023-02-27,384.5169372558594,397.7300109863281,401.2900085449219,396.75,399.8699951171875,80444700
2023-02-28,383.09576416015625,396.260009765625,399.2799987792969,396.1499938964844,397.2300109863281,96438600
2023-03-01,381.626220703125,394.739990234375,396.69000244140625,393.3800048828125,395.4100036621094,99706800
2023-03-02,384.59423828125,397.80999755859375,398.69000244140625,392.3299865722656,392.67999267578125,85127800
2023-03-03,390.76220703125,404.19000244140625,404.45001220703125,399.0299987792969,399.7099914550781,90120000
2023-03-06,391.0329284667969,404.4700012207031,407.45001220703125,404.010009765625,405.04998779296875,72795900
2023-03-07,385.0389404296875,398.2699890136719,404.6700134277344,397.6300048828125,404.4200134277344,108310600
2023-03-08,385.6673889160156,398.9200134277344,399.7099914550781,396.5899963378906,398.3900146484375,74746600
2023-03-09,378.55181884765625,391.55999755859375,401.4800109863281,390.5299987792969,399.739990234375,111945300
2023-03-10,373.089599609375,385.9100036621094,393.1600036621094,384.32000732421875,390.989990234375,189253000
2023-03-13,372.55780029296875,385.3599853515625,390.3900146484375,380.6499938964844,381.80999755859375,157790000
2023-03-14,378.71624755859375,391.7300109863281,393.45001220703125,387.04998779296875,390.5,149752400
2023-03-15,376.3476257324219,389.2799987792969,389.489990234375,383.7099914550781,385.8900146484375,172996900
2023-03-16,382.95068359375,396.1099853515625,396.4700012207031,386.2900085449219,386.82000732421875,143254200
2023-03-17,378.4729919433594,389.989990234375,394.3999938964844,388.54998779296875,393.2200012207031,140553400
2023-03-20,382.1122131347656,393.739990234375,394.1700134277344,390.07000732421875,390.79998779296875,93055800
2023-03-21,387.1295471191406,398.9100036621094,399.4100036621094,395.5799865722656,397.239990234375,91524200
2023-03-22,380.5303649902344,392.1099853515625,402.489990234375,392.07000732421875,398.7300109863281,111746600
2023-03-23,381.55914306640625,393.1700134277344,399.2900085449219,390.3500061035156,395.0899963378906,119351300
2023-03-24,384.0628662109375,395.75,395.8399963378906,389.3999938964844,391.8399963378906,107682400
2023-03-27,384.78094482421875,396.489990234375,398.9200134277344,395.55999755859375,398.1199951171875,74010400
2023-03-28,383.91729736328125,395.6000061035156,396.489990234375,393.69000244140625,395.7699890136719,62871700
2023-03-29,389.49749755859375,401.3500061035156,401.6000061035156,398.67999267578125,399.92999267578125,77497900
2023-03-30,391.7781066894531,403.70001220703125,404.3500061035156,401.760009765625,404.0899963378906,69840000
2023-03-31,397.30010986328125,409.3900146484375,409.70001220703125,404.54998779296875,404.6600036621094,112062600
2023-04-03,398.81396484375,410.95001220703125,411.3699951171875,408.44000244140625,408.8500061035156,67391100
2023-04-04,396.601318359375,408.6700134277344,411.9200134277344,407.239990234375,411.6199951171875,66601500
2023-04-05,395.56298828125,407.6000061035156,408.70001220703125,405.8800048828125,407.9100036621094,65200200
2023-04-06,397.10595703125,409.19000244140625,409.4800109863281,405.67999267578125,406.7699890136719,63743300
2023-04-10,397.5135803222656,409.6099853515625,409.69000244140625,405.9700012207031,406.6099853515625,63681000
2023-04-11,397.62030029296875,409.7200012207031,411.17999267578125,408.9200134277344,410.260009765625,59297900
2023-04-12,395.9996643066406,408.04998779296875,412.1700134277344,407.44000244140625,411.8699951171875,86420400
2023-04-13,401.25958251953125,413.4700012207031,413.8399963378906,407.989990234375,409.17999267578125,85814800
2023-04-14,400.2793884277344,412.4599914550781,415.0899963378906,410.05999755859375,412.80999755859375,78161500
2023-04-17,401.7156982421875,413.94000244140625,413.9599914550781,411.0899963378906,412.3699951171875,66436400
2023-04-18,401.97772216796875,414.2099914550781,415.7200012207031,412.7799987792969,415.5799865722656,63560000
2023-04-19,401.9097900390625,414.1400146484375,415.0799865722656,412.1600036621094,412.2200012207031,55227300
2023-04-20,399.716552734375,411.8800048828125,413.70001220703125,410.2699890136719,411.2099914550781,75840400
2023-04-21,400.027099609375,412.20001220703125,412.67999267578125,410.1700134277344,412.19000244140625,73457400
2023-04-24,400.44439697265625,412.6300048828125,413.07000732421875,410.6000061035156,411.989990234375,64332100
2023-04-25,394.0878601074219,406.0799865722656,411.1600036621094,406.0199890136719,410.5799865722656,97766700
2023-04-26,392.4186096191406,404.3599853515625,407.8399963378906,403.7799987792969,406.7200012207031,80447000
2023-04-27,400.23089599609375,412.4100036621094,412.69000244140625,406.739990234375,407.0,92968400
2023-04-28,403.64691162109375,415.92999267578125,415.94000244140625,411.42999267578125,411.489990234375,89433100
2023-05-01,403.2393493652344,415.510009765625,417.6199951171875,415.2699890136719,415.4700012207031,62122300
2023-05-02,398.70721435546875,410.8399963378906,414.82000732421875,407.82000732421875,414.7699890136719,103998500
2023-05-03,395.97052001953125,408.0199890136719,413.8699951171875,407.7699890136719,411.3599853515625,91531800
2023-05-04,393.1658630371094,405.1300048828125,407.2699890136719,403.739990234375,406.92999267578125,94901900
2023-05-05,400.44439697265625,412.6300048828125,413.7200012207031,408.6400146484375,408.9100036621094,87891800
2023-05-08,400.5511474609375,412.739990234375,413.239990234375,411.2799987792969,412.9700012207031,50046800
2023-05-09,398.7945556640625,410.92999267578125,412.0899963378906,410.69000244140625,411.1300048828125,49220100
2023-05-10,400.6579284667969,412.8500061035156,414.5400085449219,408.8699951171875,413.8800048828125,96142900
2023-05-11,399.95916748046875,412.1300048828125,412.42999267578125,409.9700012207031,411.95001220703125,70157100
2023-05-12,399.4350891113281,411.5899963378906,413.6400146484375,409.07000732421875,413.4200134277344,70481500
2023-05-15,400.81317138671875,413.010009765625,413.42999267578125,410.2300109863281,412.2200012207031,54289400
2023-05-16,398.1346130371094,410.25,412.82000732421875,410.239990234375,411.8599853515625,57705500
2023-05-17,402.9676208496094,415.2300109863281,415.8599853515625,410.6400146484375,412.3500061035156,87287000
2023-05-18,406.8494873046875,419.2300109863281,419.6700134277344,414.6700134277344,414.8999938964844,97177200
2023-05-19,406.2574462890625,418.6199951171875,420.7200012207031,417.3500061035156,420.1700134277344,103793300
2023-05-22,406.4224548339844,418.7900085449219,420.3900146484375,417.3500061035156,418.6400146484375,60745400
2023-05-23,401.86126708984375,414.0899963378906,418.7200012207031,413.67999267578125,417.0799865722656,86383500
2023-05-24,398.9498596191406,411.0899963378906,412.82000732421875,409.8800048828125,412.4200134277344,89213700
2023-05-25,402.4047546386719,414.6499938964844,416.1600036621094,412.4100036621094,414.739990234375,90961600
2023-05-26,407.6161804199219,420.0199890136719,420.7699890136719,415.25,415.3299865722656,93830000
2023-05-30,407.7713928222656,420.17999267578125,422.5799865722656,418.739990234375,422.0299987792969,72216000
2023-05-31,405.51025390625,417.8500061035156,419.2200012207031,416.2200012207031,418.2799987792969,110811800
2023-06-01,409.36297607421875,421.82000732421875,422.9200134277344,416.7900085449219,418.0899963378906,88865000
2023-06-02,415.2828674316406,427.9200134277344,428.739990234375,423.95001220703125,424.5,91426200
2023-06-05,414.487060546875,427.1000061035156,429.6199951171875,426.3699951171875,428.2799987792969,65460200
2023-06-06,415.38958740234375,428.0299987792969,428.5799865722656,425.989990234375,426.6700134277344,64022200
2023-06-07,413.9532775878906,426.54998779296875,429.6199951171875,426.1099853515625,428.44000244140625,85373300
2023-06-08,416.4571533203125,429.1300048828125,429.6000061035156,425.82000732421875,426.6199951171875,61952800
2023-06-09,417.204345703125,429.8999938964844,431.989990234375,428.8699951171875,429.9599914550781,85742800
2023-06-12,420.98919677734375,433.79998779296875,433.8800048828125,430.1700134277344,430.9200134277344,76104300
2023-06-13,423.76470947265625,436.6600036621094,437.3299865722656,434.6300048828125,435.32000732421875,95899700
2023-06-14,424.2694091796875,437.17999267578125,439.05999755859375,433.5899963378906,437.010009765625,100612100
2023-06-15,429.5293273925781,442.6000061035156,443.8999938964844,436.2300109863281,436.3299865722656,110303100
2023-06-16,428.0662841796875,439.4599914550781,443.6099853515625,438.9700012207031,443.0199890136719,114165800
2023-06-20,425.84539794921875,437.17999267578125,438.3699951171875,435.0299987792969,437.45001220703125,76160400
2023-06-21,423.6634826660156,434.94000244140625,436.989990234375,434.3299865722656,436.1600036621094,76982300
2023-06-22,425.1927795410156,436.510009765625,436.6199951171875,433.6000061035156,433.95001220703125,70637200
2023-06-23,421.9783020019531,433.2099914550781,435.05999755859375,432.4700012207031,432.92999267578125,92074500
2023-06-26,420.25421142578125,431.44000244140625,434.6099853515625,431.19000244140625,432.6199951171875,72823600
2023-06-27,424.861572265625,436.1700134277344,436.80999755859375,431.8800048828125,432.3500061035156,72813700
2023-06-28,425.0758361816406,436.3900146484375,437.44000244140625,434.4100036621094,435.04998779296875,75636000
2023-06-29,426.7512512207031,438.1099853515625,438.2799987792969,435.5400085449219,435.9599914550781,67882300
2023-06-30,431.7872314453125,443.2799987792969,444.29998779296875,441.1099853515625,441.44000244140625,104964000
2023-07-03,432.2840270996094,443.7900085449219,444.0799865722656,442.6300048828125,442.9200134277344,32793400
2023-07-05,431.6410827636719,443.1300048828125,443.8900146484375,441.8999938964844,441.9100036621094,58418400
2023-07-06,428.2611083984375,439.6600036621094,440.1000061035156,437.05999755859375,439.4200134277344,80658300
2023-07-07,427.17987060546875,438.54998779296875,442.6400146484375,438.29998779296875,438.6300048828125,86134200
2023-07-10,428.2611083984375,439.6600036621094,439.8399963378906,437.5899963378906,438.17999267578125,62443500
2023-07-11,430.9884338378906,442.4599914550781,442.9700012207031,439.44000244140625,440.45001220703125,64463800
2023-07-12,434.4561462402344,446.0199890136719,447.4800109863281,444.9100036621094,446.3900146484375,91924500
2023-07-13,437.9044189453125,449.55999755859375,450.3800048828125,447.45001220703125,447.8999938964844,72425200
2023-07-14,437.63165283203125,449.2799987792969,451.3599853515625,448.489990234375,450.4800109863281,69815800
2023-07-17,439.1512145996094,450.8399963378906,451.92999267578125,449.0799865722656,449.1300048828125,52680200
2023-07-18,442.41436767578125,454.19000244140625,454.8599853515625,450.04998779296875,450.5,80668200
2023-07-19,443.3981628417969,455.20001220703125,456.42999267578125,454.1099853515625,455.010009765625,65891700
2023-07-20,440.4564514160156,452.17999267578125,455.1000061035156,451.44000244140625,454.1700134277344,70591600
2023-07-21,440.4564514160156,452.17999267578125,454.1700134277344,452.1700134277344,453.9599914550781,71275600
2023-07-24,442.42413330078125,454.20001220703125,455.0400085449219,452.29998779296875,453.3699951171875,54023400
2023-07-25,443.6319580078125,455.44000244140625,456.739990234375,453.8699951171875,453.9200134277344,55191200
2023-07-26,443.7001647949219,455.510009765625,456.989990234375,453.3800048828125,454.4700012207031,71052900
2023-07-27,440.7584533691406,452.489990234375,459.44000244140625,451.54998779296875,459.0199890136719,92194400
2023-07-28,445.0736083984375,456.9200134277344,457.7799987792969,452.489990234375,455.8800048828125,80011800
2023-07-31,445.9210510253906,457.7900085449219,458.1600036621094,456.04998779296875,457.4100036621094,62040400
2023-08-01,444.6449890136719,456.4800109863281,457.25,455.489990234375,456.2699890136719,55291500
2023-08-02,438.4596252441406,450.1300048828125,453.5199890136719,449.3500061035156,453.25,93933400
2023-08-03,437.2030334472656,448.8399963378906,450.7900085449219,447.3699951171875,448.0400085449219,64276100
2023-08-04,435.2257080078125,446.80999755859375,452.8999938964844,446.2699890136719,450.7200012207031,100128900
2023-08-07,439.02459716796875,450.7099914550781,450.8699951171875,447.989990234375,448.7099914550781,58357500
2023-08-08,437.1153564453125,448.75,450.70001220703125,445.2699890136719,448.0799865722656,71361300
2023-08-09,434.1932373046875,445.75,449.20001220703125,444.9599914550781,449.0299987792969,78789600
2023-08-10,434.3490295410156,445.9100036621094,451.70001220703125,444.70001220703125,448.19000244140625,93005500
2023-08-11,434.0957946777344,445.6499938964844,446.70001220703125,443.3500061035156,443.9700012207031,68690900
2023-08-14,436.4919738769531,448.1099853515625,448.1099853515625,444.3800048828125,444.70001220703125,47867400
2023-08-15,431.4073791503906,442.8900146484375,446.6400146484375,442.29998779296875,446.2699890136719,75707500
2023-08-16,428.2416076660156,439.6400146484375,444.17999267578125,439.5299987792969,442.4599914550781,80107200
2023-08-17,424.97845458984375,436.2900085449219,441.42999267578125,435.75,441.1600036621094,95711300
2023-08-18,425.18304443359375,436.5,437.57000732421875,433.010009765625,433.3699951171875,98852000
2023-08-21,427.94940185546875,439.3399963378906,440.1099853515625,435.32000732421875,437.54998779296875,68719000
2023-08-22,426.7902526855469,438.1499938964844,441.17999267578125,437.57000732421875,441.17999267578125,64994200
2023-08-23,431.5436706542969,443.0299987792969,443.6700134277344,439.1000061035156,439.25,68441000
2023-08-24,425.5628967285156,436.8900146484375,445.2200012207031,436.8599853515625,444.69000244140625,88517300
2023-08-25,428.5630798339844,439.9700012207031,441.29998779296875,435.0,438.67999267578125,102325100
2023-08-28,431.2807312011719,442.760009765625,443.3999938964844,439.9700012207031,442.239990234375,61595400
2023-08-29,437.5147705078125,449.1600036621094,449.45001220703125,442.4599914550781,442.6499938964844,83081900
2023-08-30,439.31683349609375,451.010009765625,451.6700134277344,448.7799987792969,449.510009765625,69053900
2023-08-31,438.6739196777344,450.3500061035156,452.8299865722656,450.1600036621094,451.6499938964844,66084600
2023-09-01,439.4921875,451.19000244140625,453.6700134277344,449.67999267578125,453.1700134277344,58944100
2023-09-05,437.59271240234375,449.239990234375,451.05999755859375,449.1700134277344,450.7300109863281,55166200
2023-09-06,434.6510314941406,446.2200012207031,448.510009765625,443.80999755859375,448.3999938964844,70758500
2023-09-07,433.3165283203125,444.8500061035156,445.54998779296875,442.75,443.1099853515625,70355400
2023-09-08,433.9691467285156,445.5199890136719,447.1099853515625,444.5299987792969,444.8999938964844,61659700
2023-09-11,436.8232116699219,448.45001220703125,448.7699890136719,446.4700012207031,448.239990234375,60180100
2023-09-12,434.4269714355469,445.989990234375,448.5299987792969,445.3900146484375,446.95001220703125,67565400
2023-09-13,434.9335021972656,446.510009765625,447.7099914550781,445.0799865722656,446.2200012207031,60199300
2023-09-14,438.68365478515625,450.3599853515625,451.0799865722656,447.7200012207031,449.07000732421875,83430800
2023-09-15,433.3982849121094,443.3699951171875,447.4800109863281,442.9200134277344,447.1400146484375,111848900
2023-09-18,433.6524353027344,443.6300048828125,444.9700012207031,442.55999755859375,443.04998779296875,55752200
2023-09-19,432.75311279296875,442.7099914550781,443.2900085449219,439.94000244140625,442.67999267578125,66514600
2023-09-20,428.774658203125,438.6400146484375,444.44000244140625,438.42999267578125,444.010009765625,82562600
2023-09-21,421.6877136230469,431.3900146484375,435.9700012207031,431.2300109863281,435.70001220703125,104095800
2023-09-22,420.7395324707031,430.4200134277344,434.1000061035156,429.989990234375,432.45001220703125,100829700
2023-09-25,422.50885009765625,432.2300109863281,432.2699890136719,428.7200012207031,429.1700134277344,70874500
2023-09-26,416.3016357421875,425.8800048828125,429.82000732421875,425.0199890136719,429.0899963378906,96168400
2023-09-27,416.4678039550781,426.04998779296875,427.6700134277344,422.2900085449219,427.0899963378906,104705800
2023-09-28,418.8822326660156,428.5199890136719,430.25,424.8699951171875,425.4800109863281,92258300
2023-09-29,417.86566162109375,427.4800109863281,431.8500061035156,425.9100036621094,431.6700134277344,115111300
2023-10-02,417.699462890625,427.30999755859375,428.6000061035156,424.4599914550781,426.6199951171875,83798600
2023-10-03,412.1080627441406,421.5899963378906,427.3699951171875,420.17999267578125,425.05999755859375,103760600
2023-10-04,415.1091003417969,424.6600036621094,425.42999267578125,420.55999755859375,422.07000732421875,87453000
2023-10-05,414.95263671875,424.5,425.3699951171875,421.1700134277344,424.3599853515625,70142700
2023-10-06,419.8793029785156,429.5400085449219,431.1300048828125,420.6000061035156,421.9700012207031,113273300
2023-10-09,422.5674743652344,432.2900085449219,432.8800048828125,427.010009765625,427.5799865722656,80374400
2023-10-10,424.7668762207031,434.5400085449219,437.2200012207031,432.5299987792969,432.94000244140625,78607300
2023-10-11,426.5068359375,436.32000732421875,436.5799865722656,433.17999267578125,435.6400146484375,62451700
2023-10-12,423.9066467285156,433.6600036621094,437.3399963378906,431.2300109863281,436.95001220703125,81154200
2023-10-13,421.7951965332031,431.5,436.45001220703125,429.8800048828125,435.2099914550781,95143100
2023-10-16,426.2331237792969,436.0400085449219,437.1400146484375,433.57000732421875,433.82000732421875,75433200
2023-10-17,426.21356201171875,436.0199890136719,438.1400146484375,432.45001220703125,432.80999755859375,75324700
2023-10-18,420.53424072265625,430.2099914550781,435.17999267578125,429.0899963378906,434.19000244140625,93559800
2023-10-19,416.8392639160156,426.42999267578125,432.82000732421875,425.7300109863281,430.95001220703125,121323000
2023-10-20,411.7171325683594,421.19000244140625,426.5400085449219,421.0799865722656,425.9800109863281,123919900
2023-10-23,411.0035400390625,420.4599914550781,424.45001220703125,417.79998779296875,419.6099853515625,92035100
2023-10-24,414.10223388671875,423.6300048828125,424.82000732421875,420.739990234375,422.6499938964844,78564200
2023-10-25,408.158935546875,417.54998779296875,421.9200134277344,417.0199890136719,421.8900146484375,94223200
2023-10-26,403.2713928222656,412.54998779296875,417.3299865722656,411.6000061035156,416.45001220703125,115156800
2023-10-27,401.4434509277344,410.67999267578125,414.6000061035156,409.2099914550781,414.19000244140625,107367700
2023-10-30,406.2430725097656,415.5899963378906,416.67999267578125,412.2200012207031,413.55999755859375,86562700
2023-10-31,408.79437255859375,418.20001220703125,418.5299987792969,414.2099914550781,416.17999267578125,79665200
2023-11-01,413.1540832519531,422.6600036621094,423.5,418.6499938964844,419.20001220703125,98068100
2023-11-02,421.0718688964844,430.760009765625,430.9200134277344,426.55999755859375,426.5799865722656,94938900
2023-11-03,424.91351318359375,434.69000244140625,436.2900085449219,433.010009765625,433.1400146484375,100167800
2023-11-06,425.8909912109375,435.69000244140625,436.1499938964844,433.67999267578125,435.4700012207031,67831700
2023-11-07,427.1031494140625,436.92999267578125,437.5899963378906,434.510009765625,435.69000244140625,64256100
2023-11-08,427.41583251953125,437.25,438.0899963378906,434.8699951171875,437.54998779296875,61746000
2023-11-09,424.0826110839844,433.8399963378906,438.4700012207031,433.3999938964844,438.42999267578125,83174400
2023-11-10,430.7003173828125,440.6099853515625,440.92999267578125,433.8299865722656,435.9800109863281,89462200
2023-11-13,430.289794921875,440.19000244140625,441.3299865722656,438.4200134277344,439.2300109863281,52236100
2023-11-14,438.6377258300781,448.7300109863281,450.05999755859375,446.0899963378906,446.32000732421875,97176900
2023-11-15,439.56634521484375,449.67999267578125,451.3800048828125,448.79998779296875,450.1099853515625,77327600
2023-11-16,440.1040344238281,450.2300109863281,450.55999755859375,448.1199951171875,449.2200012207031,66665800
2023-11-17,440.6513977050781,450.7900085449219,451.4200134277344,449.2900085449219,450.239990234375,83133200
2023-11-20,444.0433349609375,454.260009765625,455.1300048828125,450.5199890136719,450.5299987792969,69936200
2023-11-21,443.0755920410156,453.2699890136719,454.1300048828125,451.9599914550781,453.17999267578125,49244600
2023-11-22,444.7862243652344,455.0199890136719,456.3800048828125,453.8900146484375,454.9800109863281,59394900
2023-11-24,445.0599060058594,455.29998779296875,455.5,454.7300109863281,455.07000732421875,29737400
2023-11-27,444.2584228515625,454.4800109863281,455.489990234375,454.0799865722656,454.6499938964844,50506000
2023-11-28,444.69830322265625,454.92999267578125,456.2699890136719,453.5,454.0799865722656,62115000
2023-11-29,444.3854675292969,454.6099853515625,458.32000732421875,454.20001220703125,457.1499938964844,63146000
2023-11-30,446.1352233886719,456.3999938964844,456.760009765625,453.3399963378906,455.4800109863281,79752700
2023-12-01,448.7745056152344,459.1000061035156,459.6499938964844,455.1600036621094,455.7699890136719,89183400
2023-12-04,446.418701171875,456.69000244140625,459.1199951171875,454.3399963378906,455.6000061035156,72430900
2023-12-05,446.33074951171875,456.6000061035156,457.5899963378906,454.8699951171875,455.260009765625,69793500
2023-12-06,444.53204345703125,454.760009765625,458.8399963378906,454.30999755859375,458.80999755859375,69124700
2023-12-07,447.9240417480469,458.2300109863281,458.8999938964844,456.2900085449219,456.9100036621094,66995400
2023-12-08,449.8497619628906,460.20001220703125,460.75,457.2099914550781,457.4599914550781,83194400
2023-12-11,451.5994873046875,461.989990234375,462.1700134277344,459.4700012207031,459.69000244140625,65002200
2023-12-12,453.6619873046875,464.1000061035156,464.20001220703125,460.6000061035156,461.6300048828125,68327600
2023-12-13,459.9180908203125,470.5,470.760009765625,464.1199951171875,464.489990234375,93278000
2023-12-14,461.3941650390625,472.010009765625,473.7300109863281,469.25,472.5,119026000
2023-12-15,460.6343994140625,469.3299865722656,470.70001220703125,467.42999267578125,469.489990234375,141553700
2023-12-18,463.2255554199219,471.9700012207031,472.9800109863281,469.8900146484375,470.9800109863281,70375300
2023-12-19,466.0423889160156,474.8399963378906,474.9200134277344,472.45001220703125,472.5299987792969,55761800
2023-12-20,459.58428955078125,468.260009765625,475.8999938964844,467.82000732421875,473.9599914550781,102921000
2023-12-21,463.9420471191406,472.70001220703125,472.9800109863281,468.8399963378906,471.3299865722656,86667500
2023-12-22,464.8744201660156,473.6499938964844,475.3800048828125,471.70001220703125,473.8599853515625,67160400
2023-12-26,466.83734130859375,475.6499938964844,476.5799865722656,473.989990234375,474.07000732421875,55387000
2023-12-27,467.6814270019531,476.510009765625,476.6600036621094,474.8900146484375,475.44000244140625,68000300
2023-12-28,467.8581237792969,476.69000244140625,477.54998779296875,476.260009765625,476.8800048828125,77158100
2023-12-29,466.503662109375,475.30999755859375,477.0299987792969,473.29998779296875,476.489990234375,122283100
