Price,Adj Close,Close,High,Low,Open,Volume
Ticker,SPY,SPY,SPY,SPY,SPY,SPY
Date,,,,,,
2018-01-02,239.2740478515625,268.7699890136719,268.80999755859375,267.3999938964844,267.8399963378906,86655700
2018-01-03,240.78733825683594,270.4700012207031,270.6400146484375,268.9599914550781,268.9599914550781,90070400
2018-01-04,241.80238342285156,271.6099853515625,272.1600036621094,270.5400085449219,271.20001220703125,80636400
2018-01-05,243.41375732421875,273.4200134277344,273.55999755859375,271.95001220703125,272.510009765625,83524000
2018-01-08,243.85882568359375,273.9200134277344,274.1000061035156,272.9800109863281,273.30999755859375,57319200
2018-01-09,244.4107666015625,274.5400085449219,275.25,274.0799865722656,274.3999938964844,57254000
2018-01-10,244.0369110107422,274.1199951171875,274.4200134277344,272.9200134277344,273.67999267578125,69574300
2018-01-11,245.81748962402344,276.1199951171875,276.1199951171875,274.55999755859375,274.75,62361500
2018-01-12,247.4198455810547,277.9200134277344,278.1099853515625,276.0799865722656,276.4200134277344,90816100
2018-01-16,246.57403564453125,276.9700012207031,280.0899963378906,276.17999267578125,279.3500061035156,106555100
2018-01-17,248.9243927001953,279.6099853515625,280.04998779296875,276.9700012207031,278.0299987792969,113258800
2018-01-18,248.50592041015625,279.1400146484375,279.9599914550781,278.5799865722656,279.4800109863281,100728000
2018-01-19,249.6365966796875,280.4100036621094,280.4100036621094,279.1400146484375,279.79998779296875,140920100
2018-01-22,251.66639709472656,282.69000244140625,282.69000244140625,280.1099853515625,280.1700134277344,91322400
2018-01-23,252.20054626464844,283.2900085449219,283.6199951171875,282.3699951171875,282.739990234375,97084700
2018-01-24,252.1026153564453,283.17999267578125,284.70001220703125,281.8399963378906,284.0199890136719,134816100
2018-01-25,252.2094268798828,283.29998779296875,284.2699890136719,282.3999938964844,284.1600036621094,84587300
2018-01-26,255.12939453125,286.5799865722656,286.6300048828125,283.9599914550781,284.25,107743100
2018-01-29,253.43795776367188,284.67999267578125,286.42999267578125,284.5,285.92999267578125,90118300
2018-01-30,250.83840942382812,281.760009765625,284.739990234375,281.2200012207031,282.6000061035156,131796400
2018-01-31,250.9630889892578,281.8999938964844,283.29998779296875,280.67999267578125,282.7300109863281,108364800
2018-02-01,250.6781463623047,281.5799865722656,283.05999755859375,280.67999267578125,281.07000732421875,90102500
2018-02-02,245.22096252441406,275.45001220703125,280.2300109863281,275.4100036621094,280.0799865722656,173174800
2018-02-05,234.9651641845703,263.92999267578125,275.8500061035156,263.30999755859375,273.45001220703125,294681800
2018-02-06,239.59449768066406,269.1300048828125,269.70001220703125,258.70001220703125,259.94000244140625,355026800
2018-02-07,238.29470825195312,267.6700134277344,272.3599853515625,267.5799865722656,268.5,167376100
2018-02-08,229.3565673828125,257.6300048828125,268.1700134277344,257.5899963378906,268.010009765625,246449500
2018-02-09,232.80186462402344,261.5,263.6099853515625,252.9199981689453,260.79998779296875,283565300
2018-02-12,236.22042846679688,265.3399963378906,267.010009765625,261.6600036621094,263.8299865722656,143736000
2018-02-13,236.8080291748047,266.0,266.6199951171875,263.30999755859375,263.9700012207031,81223600
2018-02-14,240.0040283203125,269.5899963378906,270.0,264.29998779296875,264.30999755859375,120735700
2018-02-15,243.06643676757812,273.0299987792969,273.0400085449219,268.7699890136719,271.57000732421875,111200300
2018-02-16,243.1376953125,273.1099853515625,275.32000732421875,272.2699890136719,272.32000732421875,160420100
2018-02-20,241.6153564453125,271.3999938964844,273.6700134277344,270.5,272.0299987792969,86369700
2018-02-21,240.41351318359375,270.04998779296875,274.7200012207031,269.94000244140625,271.8999938964844,98883700
2018-02-22,240.72511291503906,270.3999938964844,273.04998779296875,269.6400146484375,271.1000061035156,110511300
2018-02-23,244.56207275390625,274.7099914550781,274.7099914550781,271.25,271.7900085449219,92766400
2018-02-26,247.40203857421875,277.8999938964844,278.010009765625,275.260009765625,275.92999267578125,86491400
2018-02-27,244.31280517578125,274.42999267578125,278.9200134277344,274.3599853515625,278.1099853515625,99099200
2018-02-28,241.8379669189453,271.6499938964844,276.19000244140625,271.2900085449219,275.67999267578125,121907800
2018-03-01,238.3214569091797,267.70001220703125,273.1700134277344,266.0,271.4100036621094,176855100
2018-03-02,239.5499725341797,269.0799865722656,269.7200012207031,264.82000732421875,265.79998779296875,139083200
2018-03-05,242.31871032714844,272.19000244140625,272.8900146484375,267.6099853515625,267.7300109863281,97307400
2018-03-06,242.9329071044922,272.8800048828125,273.3900146484375,271.17999267578125,273.29998779296875,79213200
2018-03-07,242.84396362304688,272.7799987792969,273.17999267578125,270.20001220703125,270.4200134277344,87063500
2018-03-08,244.01913452148438,274.1000061035156,274.239990234375,272.4200134277344,273.54998779296875,66901200
2018-03-09,248.26565551757812,278.8699951171875,278.8699951171875,275.3399963378906,275.70001220703125,113625300
2018-03-12,247.95396423339844,278.5199890136719,279.9100036621094,278.0799865722656,279.20001220703125,71924800
2018-03-13,246.3514862060547,276.7200012207031,280.4100036621094,276.0299987792969,279.8399963378906,91968900
2018-03-14,245.0873565673828,275.29998779296875,278.0199890136719,274.6700134277344,277.80999755859375,105895100
2018-03-15,244.8203125,275.0,276.6099853515625,274.42999267578125,275.8800048828125,83433000
2018-03-16,245.0858154296875,274.20001220703125,275.3900146484375,274.1400146484375,274.5,100343700
2018-03-19,241.76962280273438,270.489990234375,274.3999938964844,268.6199951171875,273.3500061035156,109208400
2018-03-20,242.180908203125,270.95001220703125,271.6700134277344,270.17999267578125,270.94000244140625,59757300
2018-03-21,241.71609497070312,270.42999267578125,273.2699890136719,270.19000244140625,270.8999938964844,78709600
2018-03-22,235.673828125,263.6700134277344,268.8699951171875,263.3599853515625,267.9100036621094,148785900
2018-03-23,230.6505584716797,258.04998779296875,264.5400085449219,257.8299865722656,264.1700134277344,183534800
2018-03-26,236.9609375,265.1099853515625,265.42999267578125,259.4100036621094,262.1300048828125,141956100
2018-03-27,232.92982482910156,260.6000061035156,266.7699890136719,258.8399963378906,266.1700134277344,129941400
2018-03-28,232.24154663085938,259.8299865722656,262.6400146484375,258.5799865722656,260.75,146452300
2018-03-29,235.2090606689453,263.1499938964844,265.260009765625,259.8399963378906,261.1199951171875,111601600
2018-04-02,230.1321563720703,257.4700012207031,263.1300048828125,254.6699981689453,262.54998779296875,186286300
2018-04-03,233.08169555664062,260.7699890136719,261.30999755859375,256.8399963378906,258.8699951171875,119956900
2018-04-04,235.5754852294922,263.55999755859375,264.3599853515625,256.6000061035156,256.75,123715300
2018-04-05,237.43466186523438,265.6400146484375,266.6400146484375,264.32000732421875,265.54998779296875,82652600
2018-04-06,232.1432647705078,259.7200012207031,265.1099853515625,258.0,263.4200134277344,179521200
2018-04-09,233.28733825683594,261.0,264.8399963378906,259.94000244140625,261.3699951171875,105442900
2018-04-10,236.9967041015625,265.1499938964844,266.0400085449219,262.9800109863281,264.2699890136719,103529000
2018-04-11,235.7542724609375,263.760009765625,265.6400146484375,263.3900146484375,263.4700012207031,91140200
2018-04-12,237.69386291503906,265.92999267578125,267.0,265.05999755859375,265.260009765625,68890500
2018-04-13,236.9967041015625,265.1499938964844,267.5400085449219,264.010009765625,267.4100036621094,85079200
2018-04-16,238.94515991210938,267.3299865722656,268.20001220703125,266.07000732421875,267.0,63405300
2018-04-17,241.5015411376953,270.19000244140625,270.8699951171875,268.75,269.3299865722656,64682000
2018-04-18,241.68031311035156,270.3900146484375,271.29998779296875,269.8699951171875,270.69000244140625,57303900
2018-04-19,240.33958435058594,268.8900146484375,269.8800048828125,267.7200012207031,269.6499938964844,77655900
2018-04-20,238.3017120361328,266.6099853515625,269.05999755859375,265.6099853515625,268.80999755859375,99953100
2018-04-23,238.2659454345703,266.57000732421875,267.8900146484375,265.3500061035156,267.260009765625,65558000
2018-04-24,235.05714416503906,262.9800109863281,267.9800109863281,261.2799987792969,267.7300109863281,112885500
2018-04-25,235.6380157470703,263.6300048828125,264.1300048828125,260.8500061035156,262.9100036621094,103840900
2018-04-26,238.0335693359375,266.30999755859375,267.25,264.2900085449219,264.7900085449219,67731900
2018-04-27,238.2569580078125,266.55999755859375,267.3399963378906,265.5,267.0,57053600
2018-04-30,236.42469787597656,264.510009765625,267.8900146484375,264.42999267578125,267.260009765625,82182300
2018-05-01,236.84474182128906,264.9800109863281,265.1000061035156,262.1099853515625,263.8699951171875,74203400
2018-05-02,235.25381469726562,263.20001220703125,265.67999267578125,262.760009765625,264.760009765625,86368900
2018-05-03,234.73536682128906,262.6199951171875,263.3599853515625,259.04998779296875,262.260009765625,136311500
2018-05-04,237.77432250976562,266.0199890136719,266.7900085449219,261.1499938964844,261.5199890136719,91222100
2018-05-07,238.57872009277344,266.9200134277344,268.0199890136719,266.1099853515625,266.8900146484375,55304900
2018-05-08,238.57872009277344,266.9200134277344,267.3299865722656,265.1499938964844,266.5,67499200
2018-05-09,240.88479614257812,269.5,269.8699951171875,267.0899963378906,267.67999267578125,59666100
2018-05-10,243.13723754882812,272.0199890136719,272.3900146484375,270.2200012207031,270.3399963378906,72063900
2018-05-11,243.87911987304688,272.8500061035156,273.1499938964844,271.5799865722656,272.1600036621094,59871500
2018-05-14,243.99522399902344,272.9800109863281,274.0799865722656,272.3599853515625,273.3399963378906,54790600
2018-05-15,242.3148956298828,271.1000061035156,271.6099853515625,270.0299987792969,271.5899963378906,87036100
2018-05-16,243.33387756347656,272.239990234375,272.760009765625,271.1099853515625,271.1400146484375,53942600
2018-05-17,243.1282958984375,272.010009765625,273.2300109863281,271.1300048828125,271.94000244140625,56536400
2018-05-18,242.5205078125,271.3299865722656,272.0299987792969,270.92999267578125,271.6199951171875,64368000
2018-05-21,244.3439178466797,273.3699951171875,273.9800109863281,272.57000732421875,273.010009765625,58025900
2018-05-22,243.6646270751953,272.6099853515625,274.25,272.239990234375,273.9599914550781,52966400
2018-05-23,244.33497619628906,273.3599853515625,273.3900146484375,270.989990234375,271.1700134277344,64694200
2018-05-24,243.8344268798828,272.79998779296875,273.2200012207031,270.7799987792969,272.9100036621094,76043800
2018-05-25,243.25347900390625,272.1499938964844,272.8599853515625,271.5799865722656,272.1499938964844,56374800
2018-05-29,240.45578002929688,269.0199890136719,271.1700134277344,267.760009765625,270.30999755859375,115908600
2018-05-30,243.6646270751953,272.6099853515625,273.1099853515625,270.4200134277344,270.5,69678400
2018-05-31,242.17184448242188,270.94000244140625,272.489990234375,270.260009765625,272.1499938964844,93519900
2018-06-01,244.54945373535156,273.6000061035156,273.94000244140625,272.3299865722656,272.4100036621094,71258400
2018-06-04,245.71141052246094,274.8999938964844,275.19000244140625,274.260009765625,274.5299987792969,45385200
2018-06-05,245.89024353027344,275.1000061035156,275.5299987792969,274.17999267578125,275.04998779296875,51135000
2018-06-06,247.94601440429688,277.3999938964844,277.5199890136719,275.0899963378906,275.7900085449219,62732200
2018-06-07,247.91921997070312,277.3699951171875,278.2799987792969,276.3399963378906,277.95001220703125,72969400
2018-06-08,248.65216064453125,278.19000244140625,278.25,276.6600036621094,276.8500061035156,72139700
2018-06-11,248.98277282714844,278.55999755859375,279.3699951171875,278.30999755859375,278.44000244140625,58892500
2018-06-12,249.30467224121094,278.9200134277344,279.3299865722656,278.19000244140625,279.0299987792969,72329000
2018-06-13,248.5091094970703,278.0299987792969,279.4800109863281,277.79998779296875,279.19000244140625,79070600
2018-06-14,249.13478088378906,278.7300109863281,279.3299865722656,278.05999755859375,279.010009765625,77097600
2018-06-15,248.81700134277344,277.1300048828125,277.510009765625,275.3500061035156,276.6000061035156,120041600
2018-06-18,248.3052215576172,276.55999755859375,276.70001220703125,274.95001220703125,275.489990234375,52917600
2018-06-19,247.353515625,275.5,275.75,273.5299987792969,274.0,97531500
2018-06-20,247.77548217773438,275.9700012207031,276.7200012207031,275.5899963378906,276.2699890136719,53785500
2018-06-21,246.22219848632812,274.239990234375,275.9800109863281,273.67999267578125,275.9599914550781,71061400
2018-06-22,246.6711883544922,274.739990234375,275.7900085449219,274.489990234375,275.6600036621094,54898500
2018-06-25,243.31320190429688,271.0,273.6199951171875,269.1000061035156,273.44000244140625,137854200
2018-06-26,243.8518829345703,271.6000061035156,272.55999755859375,270.7900085449219,271.6400146484375,68547400
2018-06-27,241.83184814453125,269.3500061035156,273.8699951171875,269.17999267578125,272.260009765625,105110700
2018-06-28,243.21441650390625,270.8900146484375,271.75,268.489990234375,269.2900085449219,76650500
2018-06-29,243.5646209716797,271.2799987792969,273.6600036621094,271.1499938964844,272.1199951171875,97592500
2018-07-02,244.0853271484375,271.8599853515625,272.0400085449219,269.239990234375,269.510009765625,63554800
2018-07-03,243.22344970703125,270.8999938964844,272.9800109863281,270.4200134277344,272.8699951171875,42187100
2018-07-05,245.20761108398438,273.1099853515625,273.17999267578125,270.9599914550781,272.1700134277344,56925900
2018-07-06,247.28170776367188,275.4200134277344,275.8399963378906,272.7099914550781,273.1400146484375,66493700
2018-07-09,249.50830078125,277.8999938964844,277.9599914550781,276.5,276.54998779296875,50550400
2018-07-10,250.40611267089844,278.8999938964844,279.010009765625,278.0799865722656,278.4100036621094,51966800
2018-07-11,248.57456970214844,276.8599853515625,278.0400085449219,276.5199890136719,277.1499938964844,77054700
2018-07-12,250.828125,279.3699951171875,279.42999267578125,277.6000061035156,278.2799987792969,60124700
2018-07-13,251.025634765625,279.5899963378906,279.92999267578125,278.6600036621094,279.1700134277344,48216000
2018-07-16,250.80123901367188,279.3399963378906,279.79998779296875,278.8399963378906,279.6400146484375,48201000
2018-07-17,251.81565856933594,280.4700012207031,280.9100036621094,278.4100036621094,278.4700012207031,52315500
2018-07-18,252.34548950195312,281.05999755859375,281.17999267578125,280.05999755859375,280.55999755859375,44593500
2018-07-19,251.39373779296875,280.0,280.739990234375,279.4599914550781,280.30999755859375,61412100
2018-07-20,251.10647583007812,279.67999267578125,280.4800109863281,279.5,279.7699890136719,82337700
2018-07-23,251.57333374023438,280.20001220703125,280.42999267578125,279.05999755859375,279.45001220703125,47047600
2018-07-24,252.83924865722656,281.6099853515625,282.55999755859375,280.6300048828125,281.7900085449219,68026900
2018-07-25,254.99411010742188,284.010009765625,284.3699951171875,281.2799987792969,281.3299865722656,78882900
2018-07-26,254.39251708984375,283.3399963378906,284.1099853515625,283.0899963378906,283.20001220703125,57919500
2018-07-27,252.66860961914062,281.4200134277344,283.82000732421875,280.3800048828125,283.7099914550781,76768700
2018-07-30,251.34890747070312,279.95001220703125,281.69000244140625,279.3599853515625,281.510009765625,63742500
2018-07-31,252.58787536621094,281.3299865722656,282.0199890136719,280.3800048828125,280.80999755859375,68570500
2018-08-01,252.16590881347656,280.8599853515625,282.1300048828125,280.1300048828125,281.55999755859375,53853300
2018-08-02,253.5395965576172,282.3900146484375,282.5799865722656,279.1600036621094,279.3900146484375,63426400
2018-08-03,254.6259765625,283.6000061035156,283.6600036621094,282.3299865722656,282.5299987792969,53935400
2018-08-06,255.55966186523438,284.6400146484375,284.989990234375,283.20001220703125,283.6400146484375,39400900
2018-08-07,256.40362548828125,285.5799865722656,286.010009765625,285.239990234375,285.3900146484375,43196600
2018-08-08,256.2958984375,285.4599914550781,285.9100036621094,284.94000244140625,285.3900146484375,42114600
2018-08-09,255.94583129882812,285.07000732421875,285.9700012207031,284.9200134277344,285.5299987792969,35717000
2018-08-10,254.23094177246094,283.1600036621094,284.05999755859375,282.3599853515625,283.45001220703125,77076000
2018-08-13,253.27919006347656,282.1000061035156,284.1600036621094,281.7699890136719,283.4700012207031,65732900
2018-08-14,254.89537048339844,283.8999938964844,284.1700134277344,282.4800109863281,282.9200134277344,43842000
2018-08-15,252.99192810058594,281.7799987792969,282.5400085449219,280.1600036621094,282.3800048828125,102925400
2018-08-16,255.03887939453125,284.05999755859375,285.0400085449219,283.3599853515625,283.3999938964844,69967900
2018-08-17,255.93679809570312,285.05999755859375,285.55999755859375,283.3699951171875,283.8299865722656,65618500
2018-08-20,256.4845275878906,285.6700134277344,285.9700012207031,285.05999755859375,285.57000732421875,39807500
2018-08-21,257.08599853515625,286.3399963378906,287.30999755859375,285.7099914550781,286.25,67272000
2018-08-22,256.93341064453125,286.1700134277344,286.760009765625,285.5799865722656,285.8800048828125,44993300
2018-08-23,256.59222412109375,285.7900085449219,286.94000244140625,285.42999267578125,285.9700012207031,49204900
2018-08-24,258.13653564453125,287.510009765625,287.6700134277344,286.3800048828125,286.44000244140625,57487400
2018-08-27,260.1745300292969,289.7799987792969,289.8999938964844,288.67999267578125,288.8599853515625,57072400
2018-08-28,260.3002624511719,289.9200134277344,290.4200134277344,289.3999938964844,290.29998779296875,46943500
2018-08-29,261.7009582519531,291.4800109863281,291.739990234375,289.8900146484375,290.1600036621094,61485500
2018-08-30,260.6415100097656,290.29998779296875,291.3599853515625,289.6300048828125,290.94000244140625,61229500
2018-08-31,260.6503601074219,290.30999755859375,290.80999755859375,289.2900085449219,289.8399963378906,66140800
2018-09-04,260.2015075683594,289.80999755859375,290.2099914550781,288.67999267578125,289.8399963378906,57594400
2018-09-05,259.50115966796875,289.0299987792969,289.6400146484375,287.8900146484375,289.4100036621094,72452400
2018-09-06,258.7201232910156,288.1600036621094,289.489990234375,287.0,289.1499938964844,65909900
2018-09-07,258.2171936035156,287.6000061035156,288.70001220703125,286.7099914550781,286.9800109863281,73524800
2018-09-10,258.666259765625,288.1000061035156,289.0400085449219,287.8800048828125,288.739990234375,50210900
2018-09-11,259.5190734863281,289.04998779296875,289.54998779296875,286.9800109863281,287.3699951171875,50530500
2018-09-12,259.5819091796875,289.1199951171875,289.79998779296875,288.2300109863281,289.05999755859375,59810800
2018-09-13,261.1172790527344,290.8299865722656,291.0400085449219,290.0,290.32000732421875,51034200
2018-09-14,261.1622314453125,290.8800048828125,291.2699890136719,290.0,291.05999755859375,55079900
2018-09-17,259.7795715332031,289.3399963378906,290.8599853515625,289.0299987792969,290.82000732421875,68244000
2018-09-18,261.1891174316406,290.9100036621094,291.5799865722656,289.54998779296875,289.5799865722656,61930400
2018-09-19,261.4673767089844,291.2200012207031,291.69000244140625,290.8299865722656,290.9700012207031,49080600
2018-09-20,263.58636474609375,293.5799865722656,293.94000244140625,291.239990234375,292.6400146484375,100360600
2018-09-21,263.3455810546875,291.989990234375,293.2200012207031,291.80999755859375,293.0899963378906,105479700
2018-09-24,262.47076416015625,291.0199890136719,291.5,290.3699951171875,291.3399963378906,53409600
2018-09-25,262.2271728515625,290.75,291.6499938964844,290.4800109863281,291.5299987792969,44370000
2018-09-26,261.4425048828125,289.8800048828125,292.239990234375,289.4100036621094,290.9100036621094,79739700
2018-09-27,262.1730651855469,290.69000244140625,291.9100036621094,290.1000061035156,290.4100036621094,59249500
2018-09-28,262.20013427734375,290.7200012207031,291.2799987792969,289.95001220703125,289.989990234375,70091400
2018-10-01,263.111083984375,291.7300109863281,292.92999267578125,290.9800109863281,292.1099853515625,62078900
2018-10-02,262.95770263671875,291.55999755859375,292.3599853515625,291.1400146484375,291.55999755859375,47258200
2018-10-03,263.10205078125,291.7200012207031,293.2099914550781,291.32000732421875,292.739990234375,64694600
2018-10-04,261.04571533203125,289.44000244140625,291.239990234375,287.6600036621094,291.17999267578125,111545900
2018-10-05,259.5845947265625,287.82000732421875,290.2699890136719,286.2200012207031,289.69000244140625,105951700
2018-10-08,259.5845947265625,287.82000732421875,288.2200012207031,285.5,287.04998779296875,87742200
2018-10-09,259.205810546875,287.3999938964844,288.8599853515625,286.7699890136719,287.3900146484375,74339000
2018-10-10,250.99856567382812,278.29998779296875,286.9100036621094,277.8800048828125,286.8299865722656,214731000
2018-10-11,245.469970703125,272.1700134277344,278.8999938964844,270.3599853515625,277.0799865722656,274840500
2018-10-12,248.8790740966797,275.95001220703125,277.0899963378906,272.3699951171875,276.7699890136719,183186500
2018-10-15,247.48109436035156,274.3999938964844,277.0400085449219,274.29998779296875,275.54998779296875,102263700
2018-10-16,252.89248657226562,280.3999938964844,280.82000732421875,276.07000732421875,276.6000061035156,118255800
2018-10-17,252.9375762939453,280.45001220703125,281.1499938964844,277.55999755859375,280.44000244140625,110626000
2018-10-18,249.28488159179688,276.3999938964844,280.07000732421875,274.9700012207031,279.3999938964844,134557500
2018-10-19,249.1495819091797,276.25,279.29998779296875,275.4700012207031,277.1300048828125,139901600
2018-10-22,248.03128051757812,275.010009765625,277.3599853515625,274.4100036621094,277.0,82415800
2018-10-23,246.7686004638672,273.6099853515625,274.8699951171875,268.6099853515625,270.95001220703125,146352700
2018-10-24,239.29183959960938,265.32000732421875,273.760009765625,264.70001220703125,273.3299865722656,177806700
2018-10-25,243.58494567871094,270.0799865722656,271.80999755859375,266.2300109863281,267.3800048828125,138061500
2018-10-26,239.3008575439453,265.3299865722656,271.0,262.2900085449219,265.9200134277344,201574600
2018-10-29,237.97511291503906,263.8599853515625,270.25,259.8500061035156,268.79998779296875,160749100
2018-10-30,241.50146484375,267.7699890136719,268.1199951171875,263.1199951171875,263.6700134277344,157116000
2018-10-31,244.0809326171875,270.6300048828125,273.2300109863281,270.1199951171875,270.6499938964844,128296300
2018-11-01,246.6784210205078,273.510009765625,273.7300109863281,270.3800048828125,271.6000061035156,99495000
2018-11-02,245.21739196777344,271.8900146484375,275.2300109863281,269.5899963378906,274.75,122634100
2018-11-05,246.5702667236328,273.3900146484375,274.010009765625,271.3500061035156,272.44000244140625,65622500
2018-11-06,248.13047790527344,275.1199951171875,275.29998779296875,273.25,273.32000732421875,60085900
2018-11-07,253.44271850585938,281.010009765625,281.1000061035156,277.0799865722656,277.55999755859375,102752100
2018-11-08,252.9827117919922,280.5,281.2200012207031,279.2200012207031,280.1099853515625,65584900
2018-11-09,250.511474609375,277.760009765625,279.239990234375,276.17999267578125,279.0299987792969,98812600
2018-11-12,245.83065795898438,272.57000732421875,277.4599914550781,271.989990234375,277.19000244140625,99673600
2018-11-13,245.3707275390625,272.05999755859375,275.3299865722656,271.25,273.0899963378906,98176600
2018-11-14,243.693115234375,270.20001220703125,274.6099853515625,268.45001220703125,274.1600036621094,125335900
2018-11-15,246.23643493652344,273.0199890136719,273.5400085449219,267.010009765625,268.7799987792969,135101400
2018-11-16,246.87689208984375,273.7300109863281,274.75,271.2099914550781,271.7900085449219,126668000
2018-11-19,242.7010955810547,269.1000061035156,273.3800048828125,268.07000732421875,273.04998779296875,103061700
2018-11-20,238.20957946777344,264.1199951171875,267.0,263.1499938964844,265.3599853515625,136021300
2018-11-21,239.0212860107422,265.0199890136719,267.1499938964844,265.010009765625,265.8599853515625,75563700
2018-11-23,237.42495727539062,263.25,264.82000732421875,263.07000732421875,263.17999267578125,42807900
2018-11-26,241.25802612304688,267.5,267.75,265.3399963378906,265.7799987792969,79981400
2018-11-27,242.06973266601562,268.3999938964844,268.3999938964844,265.6600036621094,266.3399963378906,75502400
2018-11-28,247.64344787597656,274.5799865722656,274.5799865722656,268.3299865722656,269.6000061035156,127629600
2018-11-29,247.10238647460938,273.9800109863281,275.54998779296875,272.42999267578125,273.7099914550781,82346400
2018-11-30,248.60853576660156,275.6499938964844,276.2799987792969,273.45001220703125,273.80999755859375,98204200
2018-12-03,251.90042114257812,279.29998779296875,280.3999938964844,277.510009765625,280.2799987792969,103176300
2018-12-04,243.73822021484375,270.25,278.8500061035156,269.8999938964844,278.3699951171875,177986000
2018-12-06,243.3684844970703,269.8399963378906,269.9700012207031,262.44000244140625,265.9200134277344,204185400
2018-12-07,237.71360778808594,263.57000732421875,271.2200012207031,262.6300048828125,269.4599914550781,161018900
2018-12-10,238.16452026367188,264.07000732421875,265.1600036621094,258.6199951171875,263.3699951171875,151445900
2018-12-11,238.21853637695312,264.1300048828125,267.8699951171875,262.4800109863281,267.6600036621094,121504400
2018-12-12,239.41806030273438,265.4599914550781,269.0,265.3699951171875,267.4700012207031,97976700
2018-12-13,239.33697509765625,265.3699951171875,267.489990234375,264.1199951171875,266.5199890136719,96662700
2018-12-14,234.91766357421875,260.4700012207031,264.0299987792969,259.8500061035156,262.9599914550781,116961100
2018-12-17,230.30899047851562,255.36000061035156,260.6499938964844,253.52999877929688,259.3999938964844,165492300
2018-12-18,230.056396484375,255.0800018310547,257.95001220703125,253.27999877929688,257.20001220703125,134515100
2018-12-19,226.61119079589844,251.25999450683594,259.3999938964844,249.35000610351562,255.1699981689453,214992800
2018-12-20,222.92239379882812,247.1699981689453,251.6199951171875,244.64999389648438,249.86000061035156,252053400
2018-12-21,218.3548126220703,240.6999969482422,249.7100067138672,239.97999572753906,246.74000549316406,255345600
2018-12-24,212.58523559570312,234.33999633789062,240.83999633789062,234.27000427246094,239.0399932861328,147311600
2018-12-26,223.3260955810547,246.17999267578125,246.17999267578125,233.75999450683594,235.97000122070312,218485400
2018-12-27,225.04061889648438,248.07000732421875,248.2899932861328,238.9600067138672,242.57000732421875,186267300
2018-12-28,224.7503204345703,247.75,251.39999389648438,246.4499969482422,249.5800018310547,153100200
2018-12-31,226.7189178466797,249.9199981689453,250.19000244140625,247.47000122070312,249.55999755859375,144299400
2019-01-02,226.95472717285156,250.17999267578125,251.2100067138672,245.9499969482422,245.97999572753906,126925200
2019-01-03,221.5390167236328,244.2100067138672,248.57000732421875,243.6699981689453,248.22999572753906,144140700
2019-01-04,228.95960998535156,252.38999938964844,253.11000061035156,247.1699981689453,247.58999633789062,142628800
2019-01-07,230.76486206054688,254.3800048828125,255.9499969482422,251.69000244140625,252.69000244140625,103139100
2019-01-08,232.93299865722656,256.7699890136719,257.30999755859375,254.0,256.82000732421875,102512600
2019-01-09,234.0216064453125,257.9700012207031,258.9100036621094,256.19000244140625,257.55999755859375,95006600
2019-01-10,234.8471221923828,258.8800048828125,259.1600036621094,255.5,256.260009765625,96823900
2019-01-11,234.9378204345703,258.9800109863281,259.010009765625,257.0299987792969,257.67999267578125,73858100
2019-01-14,233.5044708251953,257.3999938964844,258.29998779296875,256.4100036621094,256.8599853515625,70908200
2019-01-15,236.1806182861328,260.3500061035156,260.70001220703125,257.80999755859375,257.82000732421875,85208300
2019-01-16,236.7521514892578,260.9800109863281,261.9700012207031,260.6000061035156,260.8299865722656,77636700
2019-01-17,238.54835510253906,262.9599914550781,263.9200134277344,259.9599914550781,260.010009765625,96118400
2019-01-18,241.72341918945312,266.4599914550781,266.9800109863281,263.0,264.9800109863281,127900300
2019-01-22,238.45758056640625,262.8599853515625,265.05999755859375,261.05999755859375,264.82000732421875,115531200
2019-01-23,238.95663452148438,263.4100036621094,264.7900085449219,260.6600036621094,264.010009765625,86030300
2019-01-24,239.0835723876953,263.54998779296875,264.20001220703125,262.0799865722656,263.2099914550781,59204100
2019-01-25,241.10653686523438,265.7799987792969,266.70001220703125,263.6600036621094,265.6099853515625,96883400
2019-01-28,239.27406311035156,263.760009765625,263.8299865722656,261.7900085449219,263.3900146484375,85613700
2019-01-29,238.95663452148438,263.4100036621094,264.54998779296875,262.4800109863281,263.9200134277344,66136300
2019-01-30,242.73947143554688,267.5799865722656,268.5199890136719,264.25,265.1000061035156,92473700
2019-01-31,244.87124633789062,269.92999267578125,270.4700012207031,267.2699890136719,267.510009765625,104012100
2019-02-01,244.9892578125,270.05999755859375,271.20001220703125,269.17999267578125,270.1499938964844,85782500
2019-02-04,246.7128143310547,271.9599914550781,272.0299987792969,269.3599853515625,270.1099853515625,60744800
2019-02-05,247.7469940185547,273.1000061035156,273.44000244140625,271.8800048828125,272.44000244140625,79552800
2019-02-06,247.4204559326172,272.739990234375,273.3399963378906,271.9200134277344,272.7900085449219,58347800
2019-02-07,245.06182861328125,270.1400146484375,271.54998779296875,268.2900085449219,270.94000244140625,95482000
2019-02-08,245.36111450195312,270.4700012207031,270.5799865722656,267.8299865722656,268.75,75788900
2019-02-11,245.4972381591797,270.6199951171875,271.489990234375,270.0299987792969,271.20001220703125,68021400
2019-02-12,248.65419006347656,274.1000061035156,274.5199890136719,272.3399963378906,272.4200134277344,72270200
2019-02-13,249.4615020751953,274.989990234375,275.92999267578125,274.55999755859375,275.0299987792969,65277200
2019-02-14,248.90817260742188,274.3800048828125,275.6400146484375,272.8699951171875,273.7799987792969,83234400
2019-02-15,251.62063598632812,277.3699951171875,277.4100036621094,276.1300048828125,276.3599853515625,97088700
2019-02-19,252.0561065673828,277.8500061035156,278.5799865722656,276.4700012207031,276.4800109863281,59120800
2019-02-20,252.56405639648438,278.4100036621094,278.9200134277344,277.25,277.80999755859375,76610800
2019-02-21,251.66598510742188,277.4200134277344,278.1000061035156,276.3500061035156,277.70001220703125,64214700
2019-02-22,253.22633361816406,279.1400146484375,279.3599853515625,277.3999938964844,278.1099853515625,78114600
2019-02-25,253.57102966308594,279.5199890136719,281.30999755859375,279.42999267578125,280.7300109863281,69030700
2019-02-26,253.3896026611328,279.32000732421875,280.29998779296875,278.8999938964844,279.1300048828125,56844100
2019-02-27,253.2806396484375,279.20001220703125,279.5899963378906,277.4800109863281,278.5199890136719,56921600
2019-02-28,252.8089599609375,278.67999267578125,279.45001220703125,278.32000732421875,278.9599914550781,69268300
2019-03-01,254.38748168945312,280.4200134277344,280.8800048828125,278.82000732421875,280.44000244140625,78880500
2019-03-04,253.46221923828125,279.3999938964844,281.8699951171875,276.8399963378906,281.6000061035156,106494600
2019-03-05,253.11734008789062,279.0199890136719,279.760009765625,278.4100036621094,279.5400085449219,59114600
2019-03-06,251.58432006835938,277.3299865722656,279.1600036621094,276.9700012207031,279.1499938964844,75039800
2019-03-07,249.47972106933594,275.010009765625,276.989990234375,274.07000732421875,276.8299865722656,94885100
2019-03-08,248.980712890625,274.4599914550781,274.6499938964844,272.4200134277344,272.94000244140625,85795800
2019-03-11,252.59124755859375,278.44000244140625,278.6199951171875,275.2300109863281,275.260009765625,65098900
2019-03-12,253.5437469482422,279.489990234375,280.07000732421875,278.8500061035156,279.05999755859375,79667500
2019-03-13,255.22206115722656,281.3399963378906,282.3800048828125,280.29998779296875,280.4800109863281,80639200
2019-03-14,255.05874633789062,281.1600036621094,281.8399963378906,280.6700134277344,281.3699951171875,67518400
2019-03-15,256.3188171386719,281.30999755859375,282.2099914550781,280.3299865722656,280.5400085449219,81309000
2019-03-18,257.24835205078125,282.3299865722656,282.6600036621094,281.29998779296875,281.54998779296875,62199800
2019-03-19,257.31201171875,282.3999938964844,284.3599853515625,281.4100036621094,283.510009765625,90268100
2019-03-20,256.5376281738281,281.54998779296875,283.5,280.32000732421875,282.1600036621094,84609200
2019-03-21,259.43511962890625,284.7300109863281,285.17999267578125,280.5899963378906,280.6400146484375,79550400
2019-03-22,254.44189453125,279.25,283.79998779296875,279.17999267578125,283.2200012207031,122659300
2019-03-25,254.25054931640625,279.0400085449219,280.19000244140625,277.6400146484375,278.8699951171875,85575200
2019-03-26,256.14581298828125,281.1199951171875,282.17999267578125,279.55999755859375,280.989990234375,68125900
2019-03-27,254.80636596679688,279.6499938964844,281.760009765625,277.92999267578125,281.1099853515625,72224700
2019-03-28,255.7721710205078,280.7099914550781,281.2099914550781,279.07000732421875,280.3500061035156,56238500
2019-03-29,257.38494873046875,282.4800109863281,282.8399963378906,281.1400146484375,282.3900146484375,82186800
2019-04-01,260.43731689453125,285.8299865722656,286.1600036621094,284.3999938964844,284.70001220703125,77617900
2019-04-02,260.5648498535156,285.9700012207031,286.2300109863281,285.0899963378906,286.0400085449219,40070400
2019-04-03,260.9749450683594,286.4200134277344,287.760009765625,285.75,287.32000732421875,68243200
2019-04-04,261.6673278808594,287.17999267578125,287.4599914550781,286.010009765625,286.7799987792969,48997500
2019-04-05,262.933837890625,288.57000732421875,288.6300048828125,287.6000061035156,287.9200134277344,58621700
2019-04-08,263.1343688964844,288.7900085449219,288.9100036621094,287.3699951171875,288.1000061035156,53566300
2019-04-09,261.7857666015625,287.30999755859375,288.0799865722656,286.70001220703125,287.7200012207031,66142300
2019-04-10,262.67877197265625,288.2900085449219,288.3900146484375,287.30999755859375,287.7699890136719,52601500
2019-04-11,262.6058654785156,288.2099914550781,288.8399963378906,287.5799865722656,288.8299865722656,55093100
2019-04-12,264.3826599121094,290.1600036621094,290.4700012207031,288.260009765625,290.0,69727800
2019-04-15,264.2095642089844,289.9700012207031,290.3500061035156,289.0799865722656,290.239990234375,49596700
2019-04-16,264.3826599121094,290.1600036621094,291.010009765625,289.5,290.95001220703125,52153200
2019-04-17,263.7357177734375,289.45001220703125,291.42999267578125,288.989990234375,291.3999938964844,58268300
2019-04-18,264.25506591796875,290.0199890136719,290.32000732421875,288.6600036621094,290.1000061035156,68708500
2019-04-22,264.4829406738281,290.2699890136719,290.44000244140625,289.07000732421875,289.1700134277344,40160100
2019-04-23,266.8610534667969,292.8800048828125,293.1400146484375,290.4200134277344,290.67999267578125,52246600
2019-04-24,266.26873779296875,292.2300109863281,293.1600036621094,292.07000732421875,292.7900085449219,50392900
2019-04-25,266.10479736328125,292.04998779296875,292.7799987792969,290.7300109863281,292.1199951171875,57770900
2019-04-26,267.3439636230469,293.4100036621094,293.489990234375,291.239990234375,292.1000061035156,50916400
2019-04-29,267.7630310058594,293.8699951171875,294.45001220703125,293.4100036621094,293.510009765625,57197700
2019-04-30,267.8997497558594,294.0199890136719,294.3399963378906,291.9200134277344,293.489990234375,81111700
2019-05-01,265.8860778808594,291.80999755859375,294.95001220703125,291.79998779296875,294.7200012207031,71671900
2019-05-02,265.31207275390625,291.17999267578125,292.70001220703125,289.5199890136719,291.67999267578125,65030200
2019-05-03,267.9089050292969,294.0299987792969,294.3399963378906,291.29998779296875,292.82000732421875,56543700
2019-05-06,266.8063659667969,292.82000732421875,293.30999755859375,288.8999938964844,289.25,107198100
2019-05-07,262.35076904296875,287.92999267578125,290.80999755859375,285.80999755859375,290.1499938964844,144729900
2019-05-08,261.9863586425781,287.5299987792969,289.42999267578125,286.8699951171875,287.5299987792969,91568300
2019-05-09,261.1936340332031,286.6600036621094,287.3299865722656,283.29998779296875,285.2300109863281,103471100
2019-05-10,262.50567626953125,288.1000061035156,288.94000244140625,282.29998779296875,285.6199951171875,112429300
2019-05-13,255.90890502929688,280.8599853515625,283.489990234375,279.92999267578125,282.4200134277344,127290500
2019-05-14,258.2232666015625,283.3999938964844,285.1000061035156,281.8500061035156,281.989990234375,77003200
2019-05-15,259.73577880859375,285.05999755859375,285.7699890136719,281.3599853515625,281.5899963378906,73956400
2019-05-16,262.1412353515625,287.70001220703125,289.2099914550781,285.760009765625,285.8399963378906,76749600
2019-05-17,260.44647216796875,285.8399963378906,288.6000061035156,285.1199951171875,285.1400146484375,100353000
2019-05-20,258.724365234375,283.95001220703125,285.9599914550781,283.1199951171875,284.05999755859375,62877600
2019-05-21,261.0569152832031,286.510009765625,286.92999267578125,285.54998779296875,285.8299865722656,46847100
2019-05-22,260.255126953125,285.6300048828125,286.69000244140625,285.1000061035156,285.45001220703125,49482500
2019-05-23,257.0751647949219,282.1400146484375,283.2099914550781,280.57000732421875,283.1600036621094,98733800
2019-05-24,257.65826416015625,282.7799987792969,284.20001220703125,282.0899963378906,283.739990234375,55268100
2019-05-28,255.26194763183594,280.1499938964844,284.1499938964844,280.1300048828125,283.0899963378906,70029400
2019-05-29,253.54898071289062,278.2699890136719,279.3599853515625,276.7099914550781,278.9100036621094,104972900
2019-05-30,254.2413787841797,279.0299987792969,280.0400085449219,277.80999755859375,279.1099853515625,62523800
2019-05-31,250.81549072265625,275.2699890136719,277.1199951171875,275.239990234375,276.20001220703125,86862800
2019-06-03,250.17771911621094,274.57000732421875,276.54998779296875,273.0899963378906,275.30999755859375,96428000
2019-06-04,255.60821533203125,280.5299987792969,280.67999267578125,276.6199951171875,277.1199951171875,77231900
2019-06-05,257.8223876953125,282.9599914550781,282.989990234375,280.32000732421875,282.3299865722656,71169700
2019-06-06,259.498779296875,284.79998779296875,285.54998779296875,282.57000732421875,283.2900085449219,69430400
2019-06-07,262.09564208984375,287.6499938964844,288.8500061035156,285.739990234375,285.92999267578125,74272200
2019-06-10,263.2983703613281,288.9700012207031,290.82000732421875,288.8699951171875,289.3699951171875,60799100
2019-06-11,263.234619140625,288.8999938964844,291.3999938964844,288.17999267578125,290.989990234375,58641300
2019-06-12,262.76995849609375,288.3900146484375,289.260009765625,287.82000732421875,288.6400146484375,47096300
2019-06-13,263.85418701171875,289.5799865722656,289.9800109863281,288.6199951171875,289.3999938964844,48945200
2019-06-14,263.5626220703125,289.260009765625,289.92999267578125,288.4100036621094,289.260009765625,52324700
2019-06-17,263.66290283203125,289.3699951171875,290.2200012207031,289.17999267578125,289.5199890136719,39205700
2019-06-18,266.42364501953125,292.3999938964844,293.57000732421875,290.989990234375,291.3900146484375,85434800
2019-06-19,267.0250549316406,293.05999755859375,293.6499938964844,291.4700012207031,292.54998779296875,78674400
2019-06-20,269.5762023925781,295.8599853515625,296.30999755859375,293.1300048828125,296.0400085449219,116570000
2019-06-21,269.1844177246094,294.0,295.5199890136719,293.760009765625,294.1300048828125,83309500
2019-06-24,268.8548583984375,293.6400146484375,294.5799865722656,293.4700012207031,294.2300109863281,47582700
2019-06-25,266.2179260253906,290.760009765625,293.7300109863281,290.6400146484375,293.70001220703125,82028700
2019-06-26,265.9523620605469,290.4700012207031,292.30999755859375,290.3500061035156,291.75,51584900
2019-06-27,266.8954772949219,291.5,292.05999755859375,290.8900146484375,291.30999755859375,40355200
2019-06-28,268.2688293457031,293.0,293.54998779296875,292.010009765625,292.5799865722656,59350900
2019-07-01,270.7043151855469,295.6600036621094,296.9200134277344,294.3299865722656,296.67999267578125,78705600
2019-07-02,271.4093322753906,296.42999267578125,296.489990234375,294.67999267578125,295.6099853515625,61504500
2019-07-03,273.5793151855469,298.79998779296875,298.82000732421875,297.0199890136719,297.17999267578125,40898900
2019-07-05,273.2679443359375,298.4599914550781,298.6400146484375,296.010009765625,297.44000244140625,51677300
2019-07-08,271.7663879394531,296.82000732421875,298.260009765625,296.2200012207031,297.010009765625,45841800
2019-07-09,272.10516357421875,297.19000244140625,297.5199890136719,295.4800109863281,295.5400085449219,41101300
2019-07-10,273.40533447265625,298.6099853515625,299.6600036621094,297.7799987792969,298.3699951171875,58448500
2019-07-11,274.0461730957031,299.30999755859375,299.5799865722656,298.20001220703125,299.32000732421875,50826100
2019-07-12,275.2731018066406,300.6499938964844,300.7300109863281,299.510009765625,299.8500061035156,40326000
2019-07-15,275.3647155761719,300.75,301.1300048828125,300.19000244140625,301.1300048828125,33900000
2019-07-16,274.4764709472656,299.7799987792969,300.8800048828125,299.44000244140625,300.6499938964844,36650100
2019-07-17,272.6087341308594,297.739990234375,299.92999267578125,297.739990234375,299.75,36036300
2019-07-18,273.60675048828125,298.8299865722656,299.25,296.70001220703125,297.19000244140625,51392600
2019-07-19,272.0869140625,297.1700134277344,300.07000732421875,296.9800109863281,300.0400085449219,58678600
2019-07-22,272.7552185058594,297.8999938964844,298.5,297.0400085449219,297.6099853515625,43638100
2019-07-23,274.7054443359375,300.0299987792969,300.0299987792969,298.2200012207031,299.1400146484375,44564500
2019-07-24,275.9964904785156,301.44000244140625,301.44000244140625,299.0899963378906,299.19000244140625,47213200
2019-07-25,274.6780090332031,300.0,301.0,299.1099853515625,300.94000244140625,55394100
2019-07-26,276.518310546875,302.010009765625,302.2300109863281,300.6199951171875,300.760009765625,45084100
2019-07-29,276.0147705078125,301.4599914550781,302.010009765625,300.8500061035156,301.8800048828125,38126500
2019-07-30,275.3371887207031,300.7200012207031,301.1700134277344,299.489990234375,299.9100036621094,45849000
2019-07-31,272.324951171875,297.42999267578125,301.20001220703125,295.20001220703125,300.989990234375,104245200
2019-08-01,269.9535217285156,294.8399963378906,300.8699951171875,293.9599914550781,297.6000061035156,142646600
2019-08-02,267.9209289550781,292.6199951171875,294.1199951171875,290.8999938964844,293.8500061035156,116749700
2019-08-05,259.8636779785156,283.82000732421875,288.2099914550781,281.7200012207031,288.0899963378906,178745400
2019-08-06,263.50775146484375,287.79998779296875,288.0400085449219,284.2799987792969,285.9100036621094,120711700
2019-08-07,263.6634216308594,287.9700012207031,288.82000732421875,282.0400085449219,284.3999938964844,140572300
2019-08-08,268.8365173339844,293.6199951171875,293.6199951171875,289.010009765625,289.6199951171875,87713900
2019-08-09,267.0053405761719,291.6199951171875,293.239990234375,289.6499938964844,292.5799865722656,93730000
2019-08-12,263.7549133300781,288.07000732421875,291.6099853515625,287.0199890136719,289.9599914550781,65527600
2019-08-13,267.8567810058594,292.54998779296875,294.1499938964844,287.3599853515625,287.739990234375,94299800
2019-08-14,259.9368896484375,283.8999938964844,288.739990234375,283.760009765625,288.07000732421875,135622100
2019-08-15,260.6236572265625,284.6499938964844,285.6400146484375,282.3900146484375,284.8800048828125,99556600
2019-08-16,264.4690856933594,288.8500061035156,289.3299865722656,284.7099914550781,286.4800109863281,83018300
2019-08-19,267.6553649902344,292.3299865722656,293.0799865722656,291.44000244140625,292.19000244140625,53571800
2019-08-20,265.6044006347656,290.0899963378906,292.3599853515625,289.95001220703125,291.7699890136719,51596400
2019-08-21,267.7652587890625,292.45001220703125,292.8599853515625,291.7200012207031,292.4800109863281,49524700
2019-08-22,267.68292236328125,292.3599853515625,293.92999267578125,290.3999938964844,293.2300109863281,51666400
2019-08-23,260.8067321777344,284.8500061035156,292.760009765625,283.4700012207031,290.9200134277344,149161500
2019-08-26,263.6908264160156,288.0,288.0,285.5799865722656,287.2699890136719,72423800
2019-08-27,262.65625,286.8699951171875,289.95001220703125,286.0299987792969,289.5400085449219,66668900
2019-08-28,264.5057678222656,288.8900146484375,289.07000732421875,285.25,286.1400146484375,59696700
2019-08-29,267.88427734375,292.5799865722656,293.1600036621094,290.6099853515625,291.7200012207031,57899400
2019-08-30,267.7652587890625,292.45001220703125,294.239990234375,291.4200134277344,294.2200012207031,62901200
2019-09-03,266.1996154785156,290.739990234375,291.5799865722656,289.2699890136719,290.57000732421875,69101400
2019-09-04,269.2210998535156,294.0400085449219,294.05999755859375,292.30999755859375,293.1400146484375,46887300
2019-09-05,272.6819763183594,297.82000732421875,298.8299865722656,294.0,296.7900085449219,83258100
2019-09-06,272.892578125,298.04998779296875,298.760009765625,297.4200134277344,298.1700134277344,49584300
2019-09-09,273.0299377441406,298.20001220703125,299.239990234375,297.1600036621094,299.1400146484375,51260300
2019-09-10,272.9658508300781,298.1300048828125,298.20001220703125,295.9700012207031,297.3599853515625,57947100
2019-09-11,274.9068908691406,300.25,300.3399963378906,297.75,298.4700012207031,68821100
2019-09-12,275.8590393066406,301.2900085449219,302.4599914550781,300.4100036621094,301.25,72908700
2019-09-13,275.67596435546875,301.0899963378906,302.1700134277344,300.67999267578125,301.7799987792969,62104800
2019-09-16,274.8244323730469,300.1600036621094,301.1400146484375,299.45001220703125,299.8399963378906,58191200
2019-09-17,275.5203552246094,300.9200134277344,301.0199890136719,299.75,299.94000244140625,41475500
2019-09-18,275.6851501464844,301.1000061035156,301.2200012207031,298.239990234375,300.489990234375,73375800
2019-09-19,275.66680908203125,301.0799865722656,302.6300048828125,300.7099914550781,301.5299987792969,76560500
2019-09-20,274.3643493652344,298.2799987792969,300.6700134277344,297.4100036621094,300.3599853515625,89565000
2019-09-23,274.29998779296875,298.2099914550781,299.0,297.2699890136719,297.54998779296875,43476800
2019-09-24,272.1476135253906,295.8699951171875,299.8399963378906,294.80999755859375,299.4100036621094,94869400
2019-09-25,273.75732421875,297.6199951171875,298.1099853515625,294.3299865722656,295.9599914550781,71854000
2019-09-26,273.18701171875,297.0,297.8599853515625,295.45001220703125,297.6300048828125,56179700
2019-09-27,271.7152404785156,295.3999938964844,297.95001220703125,293.69000244140625,297.8299865722656,84746600
2019-09-30,272.9754333496094,296.7699890136719,297.54998779296875,295.9200134277344,295.9700012207031,51662400
2019-10-01,269.72845458984375,293.239990234375,298.4599914550781,293.0,297.739990234375,88242400
2019-10-02,264.9637451171875,288.05999755859375,291.510009765625,286.6400146484375,291.5,122539500
2019-10-03,267.1345520019531,290.4200134277344,290.45001220703125,284.82000732421875,287.80999755859375,85278800
2019-10-04,270.74951171875,294.3500061035156,294.6300048828125,291.0799865722656,291.1400146484375,65091200
2019-10-07,269.58123779296875,293.0799865722656,295.260009765625,292.7699890136719,293.4700012207031,59610500
2019-10-08,265.3961181640625,288.5299987792969,291.8500061035156,288.489990234375,291.0400085449219,95708100
2019-10-09,267.9163818359375,291.2699890136719,292.29998779296875,290.05999755859375,290.75,62359400
2019-10-10,269.72845458984375,293.239990234375,294.2099914550781,291.0,291.17999267578125,55296300
2019-10-11,272.52471923828125,296.2799987792969,298.739990234375,296.1400146484375,296.2699890136719,98720400
2019-10-14,272.2211608886719,295.95001220703125,296.6700134277344,295.57000732421875,295.92999267578125,40394800
2019-10-15,274.9162902832031,298.8800048828125,299.70001220703125,296.9700012207031,297.1000061035156,46754500
2019-10-16,274.4747009277344,298.3999938964844,299.1600036621094,297.9200134277344,298.3699951171875,48928200
2019-10-17,275.2842102050781,299.2799987792969,300.239990234375,298.5199890136719,299.67999267578125,45736600
2019-10-18,274.07916259765625,297.9700012207031,299.3999938964844,297.0299987792969,298.69000244140625,64304000
2019-10-21,275.9372253417969,299.989990234375,300.2099914550781,298.94000244140625,299.4200134277344,39048600
2019-10-22,275.0358581542969,299.010009765625,300.8999938964844,298.9100036621094,300.5799865722656,48594700
2019-10-23,275.83612060546875,299.8800048828125,299.94000244140625,298.5,298.7300109863281,34352200
2019-10-24,276.2867736816406,300.3699951171875,301.07000732421875,299.4599914550781,300.9100036621094,35453100
2019-10-25,277.4181823730469,301.6000061035156,302.20001220703125,299.67999267578125,299.739990234375,45205400
2019-10-28,278.9818115234375,303.29998779296875,303.8500061035156,302.9100036621094,302.94000244140625,42147000
2019-10-29,278.89910888671875,303.2099914550781,304.2300109863281,302.8599853515625,303.0,44284900
2019-10-30,279.75445556640625,304.1400146484375,304.54998779296875,301.989990234375,303.42999267578125,49643900
2019-10-31,279.0093688964844,303.3299865722656,304.1300048828125,301.7300109863281,304.1300048828125,69053800
2019-11-01,281.5941467285156,306.1400146484375,306.19000244140625,304.739990234375,304.9200134277344,71141500
2019-11-04,282.72552490234375,307.3699951171875,308.0,306.9599914550781,307.8500061035156,60606900
2019-11-05,282.41278076171875,307.0299987792969,307.9200134277344,306.7099914550781,307.5899963378906,42933200
2019-11-06,282.4771423339844,307.1000061035156,307.3999938964844,306.05999755859375,307.0299987792969,46487100
2019-11-07,283.4705505371094,308.17999267578125,309.6499938964844,307.6600036621094,308.57000732421875,54272300
2019-11-08,284.1695861816406,308.94000244140625,309.0,307.0299987792969,307.79998779296875,49032100
2019-11-11,283.626953125,308.3500061035156,308.5400085449219,307.2699890136719,307.4200134277344,35797300
2019-11-12,284.2248229980469,309.0,309.989990234375,308.1499938964844,308.75,46484600
2019-11-13,284.3169250488281,309.1000061035156,309.5400085449219,307.6600036621094,307.9100036621094,53917700
2019-11-14,284.7307434082031,309.54998779296875,309.6400146484375,308.0899963378906,308.7900085449219,51219900
2019-11-15,286.7911376953125,311.7900085449219,311.8399963378906,310.260009765625,311.0199890136719,62023600
2019-11-18,287.00274658203125,312.0199890136719,312.2799987792969,311.0299987792969,311.5299987792969,49228000
2019-11-19,286.91998291015625,311.92999267578125,312.69000244140625,311.2200012207031,312.67999267578125,67804700
2019-11-20,285.8529052734375,310.7699890136719,311.8500061035156,309.05999755859375,311.2799987792969,79406200
2019-11-21,285.3929443359375,310.2699890136719,311.010009765625,309.3900146484375,310.8900146484375,54664700
2019-11-22,286.0277099609375,310.9599914550781,311.239990234375,309.8500061035156,311.0899963378906,44850200
2019-11-25,288.2444152832031,313.3699951171875,313.3699951171875,311.9800109863281,311.9800109863281,48647200
2019-11-26,288.89752197265625,314.0799865722656,314.2799987792969,313.05999755859375,313.4100036621094,37569000
2019-11-27,290.1852722167969,315.4800109863281,315.4800109863281,314.3699951171875,314.6099853515625,44444600
2019-11-29,289.109130859375,314.30999755859375,315.1300048828125,314.05999755859375,314.8599853515625,36592700
2019-12-02,286.6531677246094,311.6400146484375,314.6600036621094,311.1700134277344,314.5899963378906,75767800
2019-12-03,284.7307434082031,309.54998779296875,309.6400146484375,307.1300048828125,308.6499938964844,73941700
2019-12-04,286.48760986328125,311.4599914550781,312.1199951171875,310.32000732421875,310.70001220703125,49080000
2019-12-05,287.00274658203125,312.0199890136719,312.25,310.5799865722656,312.2300109863281,40709000
2019-12-06,289.6241760253906,314.8699951171875,315.30999755859375,314.1099853515625,314.1199951171875,48927000
2019-12-09,288.71356201171875,313.8800048828125,315.17999267578125,313.79998779296875,314.44000244140625,34838500
2019-12-10,288.3916320800781,313.5299987792969,314.54998779296875,312.80999755859375,313.82000732421875,52649800
2019-12-11,289.2102966308594,314.4200134277344,314.70001220703125,313.44000244140625,314.0299987792969,53429100
2019-12-12,291.7029724121094,317.1300048828125,317.989990234375,314.1700134277344,314.42999267578125,96389600
2019-12-13,291.8777770996094,317.32000732421875,318.6700134277344,316.0199890136719,316.8699951171875,81503900
2019-12-16,293.8829345703125,319.5,320.1499938964844,317.25,319.2200012207031,82749700
2019-12-17,293.9472961425781,319.57000732421875,320.25,319.4800109863281,319.9200134277344,61097700
2019-12-18,293.9657287597656,319.5899963378906,320.25,319.5299987792969,320.0,48133000
2019-12-19,295.1707458496094,320.8999938964844,320.9800109863281,319.5199890136719,319.79998779296875,85310500
2019-12-20,296.4647521972656,320.7300109863281,321.9700012207031,319.3900146484375,320.4599914550781,147142100
2019-12-23,296.91778564453125,321.2200012207031,321.6499938964844,321.05999755859375,321.5899963378906,52990000
2019-12-24,296.927001953125,321.2300109863281,321.5199890136719,320.8999938964844,321.4700012207031,20270000
2019-12-26,298.5075988769531,322.94000244140625,322.95001220703125,321.6400146484375,321.6499938964844,30911200
2019-12-27,298.43365478515625,322.8599853515625,323.79998779296875,322.2799987792969,323.739990234375,42528800
2019-12-30,296.7883605957031,321.0799865722656,323.1000061035156,320.54998779296875,322.95001220703125,49729100
2019-12-31,297.5093078613281,321.8599853515625,322.1300048828125,320.1499938964844,320.5299987792969,57077300
2020-01-02,300.29156494140625,324.8699951171875,324.8900146484375,322.5299987792969,323.5400085449219,59151200
2020-01-03,298.0177307128906,322.4100036621094,323.6400146484375,321.1000061035156,321.1600036621094,77709700
2020-01-06,299.15460205078125,323.6400146484375,323.7300109863281,320.3599853515625,320.489990234375,55653900
2020-01-07,298.3135070800781,322.7300109863281,323.5400085449219,322.239990234375,323.0199890136719,40496400
2020-01-08,299.9032897949219,324.45001220703125,325.7799987792969,322.6700134277344,322.94000244140625,68296000
2020-01-09,301.9368896484375,326.6499938964844,326.7300109863281,325.5199890136719,326.1600036621094,48473300
2020-01-10,301.06805419921875,325.7099914550781,327.4599914550781,325.20001220703125,327.2900085449219,53029300
2020-01-13,303.1385498046875,327.95001220703125,327.9599914550781,325.9200134277344,326.3900146484375,47086800
2020-01-14,302.67645263671875,327.45001220703125,328.6199951171875,326.8399963378906,327.4700012207031,62832800
2020-01-15,303.3603820800781,328.19000244140625,329.0199890136719,327.260009765625,327.3500061035156,72056600
2020-01-16,305.8838195800781,330.9200134277344,330.9200134277344,329.45001220703125,329.70001220703125,54050300
2020-01-17,306.8359375,331.95001220703125,332.17999267578125,330.8500061035156,331.70001220703125,95846000
2020-01-21,306.2350158691406,331.29998779296875,332.17999267578125,330.82000732421875,330.8999938964844,77742400
2020-01-22,306.2720642089844,331.3399963378906,332.95001220703125,331.1700134277344,332.239990234375,48914900
2020-01-23,306.6233215332031,331.7200012207031,332.1700134277344,329.4100036621094,330.6300048828125,51963000
2020-01-24,303.8964538574219,328.7699890136719,332.5299987792969,327.3599853515625,332.44000244140625,87578400
2020-01-27,299.02520751953125,323.5,325.1199951171875,322.6600036621094,323.0299987792969,84062500
2020-01-28,302.1588134765625,326.8900146484375,327.8500061035156,323.6000061035156,325.05999755859375,63834000
2020-01-29,301.9091491699219,326.6199951171875,328.6300048828125,326.3999938964844,328.3800048828125,53888900
2020-01-30,302.88897705078125,327.67999267578125,327.9100036621094,323.5400085449219,324.3599853515625,75491800
2020-01-31,297.38916015625,321.7300109863281,327.1700134277344,320.7300109863281,327.0,113845600
2020-02-03,299.59832763671875,324.1199951171875,326.1600036621094,323.2200012207031,323.3500061035156,69083000
2020-02-04,304.16455078125,329.05999755859375,330.010009765625,327.7200012207031,328.07000732421875,62573200
2020-02-05,307.6770935058594,332.8599853515625,333.0899963378906,330.6700134277344,332.2699890136719,65951100
2020-02-06,308.71240234375,333.9800109863281,334.19000244140625,332.79998779296875,333.9100036621094,50359700
2020-02-07,307.0670471191406,332.20001220703125,333.989990234375,331.6000061035156,332.82000732421875,64139400
2020-02-10,309.3594055175781,334.67999267578125,334.75,331.19000244140625,331.2300109863281,42070000
2020-02-11,309.8955383300781,335.260009765625,337.0199890136719,334.67999267578125,336.1600036621094,54864500
2020-02-12,311.8921203613281,337.4200134277344,337.6499938964844,336.42999267578125,336.8299865722656,43992700
2020-02-13,311.5593566894531,337.05999755859375,338.1199951171875,335.55999755859375,335.8599853515625,54501900
2020-02-14,312.0584716796875,337.6000061035156,337.7300109863281,336.20001220703125,337.510009765625,64582200
2020-02-18,311.2542419433594,336.7300109863281,337.6700134277344,335.2099914550781,336.510009765625,57226200
2020-02-19,312.742431640625,338.3399963378906,339.0799865722656,337.4800109863281,337.7900085449219,48814700
2020-02-20,311.45758056640625,336.95001220703125,338.6400146484375,333.67999267578125,337.739990234375,74163400
2020-02-21,308.25018310546875,333.4800109863281,335.80999755859375,332.5799865722656,335.4700012207031,113788200
2020-02-24,298.0269470214844,322.4200134277344,333.55999755859375,321.239990234375,323.1400146484375,161088400
2020-02-25,288.99609375,312.6499938964844,324.6099853515625,311.69000244140625,323.94000244140625,218913200
2020-02-26,287.9330749511719,311.5,318.1099853515625,310.70001220703125,314.17999267578125,194773800
2020-02-27,275.0016174316406,297.510009765625,311.55999755859375,297.510009765625,305.4599914550781,284353500
2020-02-28,273.8460693359375,296.260009765625,297.8900146484375,285.5400085449219,288.70001220703125,384975800
2020-03-02,285.70538330078125,309.0899963378906,309.1600036621094,294.4599914550781,298.2099914550781,238703600
2020-03-03,277.5249938964844,300.239990234375,313.8399963378906,297.57000732421875,309.5,300139100
2020-03-04,289.1902160644531,312.8599853515625,313.1000061035156,303.3299865722656,306.1199951171875,176613400
2020-03-05,279.5770263671875,302.4599914550781,308.4700012207031,300.010009765625,304.9800109863281,186366800
2020-03-06,274.95538330078125,297.4599914550781,298.7799987792969,290.2300109863281,293.1499938964844,228667200
2020-03-09,253.48280334472656,274.2300109863281,284.19000244140625,273.45001220703125,275.29998779296875,309417300
2020-03-10,266.5992736816406,288.4200134277344,288.5199890136719,273.5,284.6400146484375,276444100
2020-03-11,253.60292053222656,274.3599853515625,281.94000244140625,270.8800048828125,280.70001220703125,255316300
2020-03-12,229.33892822265625,248.11000061035156,266.6600036621094,247.67999267578125,256.0,392220700
2020-03-13,248.9442901611328,269.32000732421875,271.4800109863281,248.52000427246094,263.0899963378906,329566100
2020-03-16,221.70388793945312,239.85000610351562,256.8999938964844,237.36000061035156,241.17999267578125,297240000
2020-03-17,233.6741180419922,252.8000030517578,256.1700134277344,237.07000732421875,245.0399932861328,262070500
2020-03-18,221.842529296875,240.0,248.3699951171875,228.02000427246094,236.25,327597100
2020-03-19,222.31394958496094,240.50999450683594,247.3800048828125,232.22000122070312,239.25,289322000
2020-03-20,212.7334747314453,228.8000030517578,244.47000122070312,228.5,242.52999877929688,347158800
2020-03-23,207.2942657470703,222.9499969482422,229.67999267578125,218.25999450683594,228.19000244140625,326025200
2020-03-24,226.07582092285156,243.14999389648438,244.10000610351562,233.8000030517578,234.4199981689453,235494500
2020-03-25,229.46018981933594,246.7899932861328,256.3500061035156,239.75,244.8699951171875,299430300
2020-03-26,242.8583526611328,261.20001220703125,262.79998779296875,249.0500030517578,249.52000427246094,257632800
2020-03-27,235.62466430664062,253.4199981689453,260.80999755859375,251.0500030517578,253.27000427246094,224341200
2020-03-30,243.2767333984375,261.6499938964844,262.42999267578125,253.52999877929688,255.6999969482422,171369500
2020-03-31,239.65061950683594,257.75,263.3299865722656,256.2200012207031,260.55999755859375,194881100
2020-04-01,228.86512756347656,246.14999389648438,257.6600036621094,243.89999389648438,247.97999572753906,189554600
2020-04-02,234.1462860107422,251.8300018310547,252.67999267578125,244.58999633789062,245.19000244140625,177660400
2020-04-03,230.76190185546875,248.19000244140625,253.32000732421875,245.22000122070312,250.75999450683594,135561200
2020-04-06,246.2613067626953,264.8599853515625,267.0,248.1699981689453,257.8399963378906,188061200
2020-04-07,246.5124053955078,265.1300048828125,275.0299987792969,264.8900146484375,274.2099914550781,201427200
2020-04-08,254.78738403320312,274.0299987792969,276.0,265.25,267.9599914550781,153774500
2020-04-09,258.6645812988281,278.20001220703125,281.20001220703125,275.4700012207031,277.5799865722656,189999200
2020-04-13,256.30291748046875,275.6600036621094,277.510009765625,271.4100036621094,277.1400146484375,114839100
2020-04-14,263.862060546875,283.7900085449219,284.8999938964844,275.510009765625,280.9800109863281,134143400
2020-04-15,258.2554016113281,277.760009765625,283.94000244140625,275.4599914550781,277.57000732421875,121775000
2020-04-16,259.50128173828125,279.1000061035156,280.0299987792969,275.760009765625,279.1499938964844,131798300
2020-04-17,266.51190185546875,286.6400146484375,287.29998779296875,282.3999938964844,285.3800048828125,146684800
2020-04-20,261.8165283203125,281.5899963378906,286.7900085449219,281.3500061035156,282.6099853515625,100109300
2020-04-21,253.86695861816406,273.0400085449219,278.0400085449219,272.0199890136719,276.7300109863281,126385700
2020-04-22,259.50128173828125,279.1000061035156,281.0,276.9100036621094,278.3500061035156,92951600
2020-04-23,259.4826965332031,279.0799865722656,283.94000244140625,278.75,280.489990234375,104709700
2020-04-24,263.099609375,282.9700012207031,283.70001220703125,278.5,280.7300109863281,85063200
2020-04-27,266.89306640625,287.04998779296875,288.2699890136719,284.6199951171875,285.1199951171875,77896600
2020-04-28,265.66583251953125,285.7300109863281,291.3999938964844,285.3999938964844,291.0199890136719,105270000
2020-04-29,272.6205749511719,293.2099914550781,294.8800048828125,290.4100036621094,291.5299987792969,118745600
2020-04-30,270.082275390625,290.4800109863281,293.32000732421875,288.5899963378906,291.7099914550781,122901700
2020-05-01,262.9322814941406,282.7900085449219,290.6600036621094,281.5199890136719,285.30999755859375,125180000
2020-05-04,263.65753173828125,283.57000732421875,283.8999938964844,279.1300048828125,280.739990234375,80873200
2020-05-05,266.0934753417969,286.19000244140625,289.25,283.7099914550781,286.6400146484375,79569900
2020-05-06,264.2897033691406,284.25,288.4599914550781,283.7799987792969,288.0400085449219,73632600
2020-05-07,267.4788818359375,287.67999267578125,289.7799987792969,287.1300048828125,287.75,75250400
2020-05-08,271.9046630859375,292.44000244140625,292.95001220703125,289.8599853515625,291.0899963378906,76452400
2020-05-11,271.9604187011719,292.5,294.0,289.8800048828125,290.3399963378906,79514200
2020-05-12,266.5398254394531,286.6700134277344,294.239990234375,286.5199890136719,293.7900085449219,95870800
2020-05-13,261.8257751464844,281.6000061035156,287.19000244140625,278.9599914550781,286.05999755859375,144721100
2020-05-14,264.95916748046875,284.9700012207031,285.1099853515625,272.989990234375,278.95001220703125,121977900
2020-05-15,266.1772155761719,286.2799987792969,286.3299865722656,281.3399963378906,282.3699951171875,111146300
2020-05-18,274.2849426269531,295.0,296.75,292.70001220703125,293.04998779296875,119703800
2020-05-19,271.46759033203125,291.9700012207031,296.2099914550781,291.95001220703125,294.3500061035156,95189300
2020-05-20,276.079345703125,296.92999267578125,297.8699951171875,295.57000732421875,295.82000732421875,85861700
2020-05-21,274.1733093261719,294.8800048828125,297.6700134277344,293.69000244140625,296.7900085449219,78293900
2020-05-22,274.6939392089844,295.44000244140625,295.6300048828125,293.2200012207031,294.57000732421875,63958200
2020-05-26,278.078369140625,299.0799865722656,302.19000244140625,295.4599914550781,301.92999267578125,88951400
2020-05-27,282.2159118652344,303.5299987792969,303.57000732421875,296.8699951171875,302.1199951171875,104817400
2020-05-28,281.69525146484375,302.9700012207031,306.8399963378906,302.239990234375,304.6499938964844,90405200
2020-05-29,282.95037841796875,304.32000732421875,304.9599914550781,299.4700012207031,302.4599914550781,119090800
2020-06-01,284.0940856933594,305.54998779296875,306.2099914550781,303.05999755859375,303.6199951171875,55758300
2020-06-02,286.4463195800781,308.0799865722656,308.1300048828125,305.1000061035156,306.54998779296875,74267200
2020-06-03,290.2584533691406,312.17999267578125,313.2200012207031,309.94000244140625,310.239990234375,92567600
2020-06-04,289.4960021972656,311.3599853515625,313.0,309.0799865722656,311.1099853515625,75794400
2020-06-05,296.9156494140625,319.3399963378906,321.2699890136719,317.1600036621094,317.2300109863281,150524700
2020-06-08,300.504638671875,323.20001220703125,323.4100036621094,319.6300048828125,320.2200012207031,73641200
2020-06-09,298.2638854980469,320.7900085449219,323.2799987792969,319.3599853515625,320.29998779296875,77479200
2020-06-10,296.5995788574219,319.0,322.3900146484375,318.2200012207031,321.4200134277344,95000800
2020-06-11,279.5009460449219,300.6099853515625,312.1499938964844,300.010009765625,311.4599914550781,209243600
2020-06-12,282.84808349609375,304.2099914550781,309.0799865722656,298.6000061035156,308.239990234375,194678900
2020-06-15,285.48870849609375,307.04998779296875,308.2799987792969,296.739990234375,298.0199890136719,135782700
2020-06-16,290.983642578125,312.9599914550781,315.6400146484375,307.6700134277344,315.4800109863281,137627500
2020-06-17,289.7750244140625,311.6600036621094,314.3900146484375,310.8599853515625,314.07000732421875,83398900
2020-06-18,289.8865966796875,311.7799987792969,312.29998779296875,309.510009765625,310.010009765625,80828700
2020-06-19,288.2298889160156,308.6400146484375,314.3800048828125,306.5299987792969,314.1700134277344,135549600
2020-06-22,290.07891845703125,310.6199951171875,311.04998779296875,306.75,307.989990234375,74649400
2020-06-23,291.41436767578125,312.04998779296875,314.5,311.6099853515625,313.489990234375,68471200
2020-06-24,283.9807434082031,304.0899963378906,310.510009765625,302.1000061035156,309.8399963378906,132813500
2020-06-25,287.02520751953125,307.3500061035156,307.6400146484375,301.2799987792969,303.4700012207031,89468000
2020-06-26,280.2078552246094,300.04998779296875,306.3900146484375,299.4200134277344,306.1600036621094,127961000
2020-06-29,284.3262939453125,304.4599914550781,304.6099853515625,298.92999267578125,301.4100036621094,79773300
2020-06-30,287.9683837890625,308.3599853515625,310.20001220703125,303.82000732421875,303.989990234375,113394800
2020-07-01,289.985595703125,310.5199890136719,311.8900146484375,309.07000732421875,309.57000732421875,72396500
2020-07-02,291.5824890136719,312.2300109863281,315.70001220703125,311.510009765625,314.239990234375,69344200
2020-07-06,296.083740234375,317.04998779296875,317.67999267578125,315.55999755859375,316.3699951171875,61713800
2020-07-07,293.0299987792969,313.7799987792969,317.5199890136719,313.3699951171875,315.3800048828125,82910000
2020-07-08,295.2712707519531,316.17999267578125,316.29998779296875,312.70001220703125,314.6099853515625,54638600
2020-07-09,293.5903015136719,314.3800048828125,317.1000061035156,310.67999267578125,316.8399963378906,83354200
2020-07-10,296.5880126953125,317.5899963378906,317.8800048828125,312.760009765625,314.30999755859375,57550400
2020-07-13,294.0198669433594,314.8399963378906,322.7099914550781,314.1300048828125,320.1300048828125,102997500
2020-07-14,297.830078125,318.9200134277344,319.760009765625,312.0,313.29998779296875,93657000
2020-07-15,300.56634521484375,321.8500061035156,323.0400085449219,319.2699890136719,322.4100036621094,87196500
2020-07-16,299.57635498046875,320.7900085449219,321.2799987792969,319.0899963378906,319.7900085449219,54622500
2020-07-17,300.4449157714844,321.7200012207031,322.57000732421875,319.739990234375,321.8800048828125,62774900
2020-07-20,302.8729553222656,324.32000732421875,325.1300048828125,320.6199951171875,321.42999267578125,56308800
2020-07-21,303.5173645019531,325.010009765625,326.92999267578125,323.94000244140625,326.45001220703125,57292200
2020-07-22,305.2449951171875,326.8599853515625,327.20001220703125,324.5,324.6199951171875,57792900
2020-07-23,301.6028747558594,322.9599914550781,327.2300109863281,321.4800109863281,326.4700012207031,75738000
2020-07-24,299.66046142578125,320.8800048828125,321.989990234375,319.25,320.95001220703125,73766600
2020-07-27,301.8456726074219,323.2200012207031,323.4100036621094,320.7699890136719,321.6300048828125,48293000
2020-07-28,299.9312744140625,321.1700134277344,323.6400146484375,320.8500061035156,322.42999267578125,57495000
2020-07-29,303.62005615234375,325.1199951171875,325.7300109863281,322.0799865722656,322.1199951171875,48454200
2020-07-30,302.5368347167969,323.9599914550781,324.4100036621094,319.6400146484375,321.8999938964844,61861700
2020-07-31,304.9274597167969,326.5199890136719,326.6300048828125,321.3299865722656,325.8999938964844,84986800
2020-08-03,307.0473937988281,328.7900085449219,329.6199951171875,327.7300109863281,328.32000732421875,53077900
2020-08-04,308.2334289550781,330.05999755859375,330.05999755859375,327.8599853515625,327.8599853515625,41917900
2020-08-05,310.1477966308594,332.1099853515625,332.3900146484375,331.17999267578125,331.4700012207031,42697700
2020-08-06,312.2209777832031,334.3299865722656,334.4599914550781,331.1300048828125,331.4800109863281,43679400
2020-08-07,312.44512939453125,334.57000732421875,334.8800048828125,332.29998779296875,333.2799987792969,57308300
2020-08-10,313.3789978027344,335.57000732421875,335.7699890136719,332.9599914550781,335.05999755859375,44282100
2020-08-11,310.7922058105469,332.79998779296875,337.5400085449219,332.010009765625,336.8500061035156,69601100
2020-08-12,315.1253662109375,337.44000244140625,338.2799987792969,335.4100036621094,335.44000244140625,53774400
2020-08-13,314.5556335449219,336.8299865722656,338.25,335.8299865722656,336.6099853515625,41816100
2020-08-14,314.5650329589844,336.8399963378906,337.4200134277344,335.6199951171875,336.4100036621094,47260400
2020-08-17,315.5643005371094,337.9100036621094,338.3399963378906,336.8500061035156,337.94000244140625,35481000
2020-08-18,316.24603271484375,338.6400146484375,339.1000061035156,336.6099853515625,338.3399963378906,38733900
2020-08-19,314.9292297363281,337.2300109863281,339.6099853515625,336.6199951171875,339.04998779296875,68054200
2020-08-20,315.9097900390625,338.2799987792969,338.79998779296875,335.2200012207031,335.3599853515625,42207800
2020-08-21,317.03045654296875,339.4800109863281,339.7200012207031,337.54998779296875,337.9200134277344,55106600
2020-08-24,320.2430114746094,342.9200134277344,343.0,339.45001220703125,342.1199951171875,48588700
2020-08-25,321.3636169433594,344.1199951171875,344.2099914550781,342.2699890136719,343.5299987792969,38463400
2020-08-26,324.58551025390625,347.57000732421875,347.8599853515625,344.1700134277344,344.760009765625,50790200
2020-08-27,325.2951965332031,348.3299865722656,349.8999938964844,346.5299987792969,348.510009765625,58034100
2020-08-28,327.3963317871094,350.5799865722656,350.7200012207031,348.1499938964844,349.44000244140625,48588900
2020-08-31,326.2104187011719,349.30999755859375,351.29998779296875,349.05999755859375,350.3500061035156,66099200
2020-09-01,329.2828063964844,352.6000061035156,352.7099914550781,349.239990234375,350.2099914550781,54908700
2020-09-02,334.04559326171875,357.70001220703125,358.75,353.42999267578125,354.6700134277344,69540000
2020-09-03,322.54962158203125,345.3900146484375,356.3800048828125,342.5899963378906,355.8699951171875,148011100
2020-09-04,319.9161071777344,342.57000732421875,347.8299865722656,334.8699951171875,346.1300048828125,139156300
2020-09-08,311.1750793457031,333.2099914550781,342.6400146484375,332.8800048828125,336.7099914550781,114465300
2020-09-09,317.3199157714844,339.7900085449219,342.4599914550781,336.6099853515625,337.54998779296875,91462300
2020-09-10,311.8101806640625,333.8900146484375,342.5299987792969,332.8500061035156,341.82000732421875,90569500
2020-09-11,311.9689025878906,334.05999755859375,336.9700012207031,331.0,335.82000732421875,84680200
2020-09-14,316.0779113769531,338.4599914550781,340.3800048828125,334.2200012207031,337.489990234375,65605700
2020-09-15,317.6748962402344,340.1700134277344,342.0199890136719,338.4700012207031,341.1199951171875,52920900
2020-09-16,316.4140625,338.82000732421875,343.05999755859375,338.5199890136719,341.510009765625,82096000
2020-09-17,313.6311950683594,335.8399963378906,337.70001220703125,332.989990234375,333.55999755859375,91523300
2020-09-18,310.0204772949219,330.6499938964844,335.489990234375,327.9700012207031,335.3699951171875,105877900
2020-09-21,306.5700378417969,326.9700012207031,327.1300048828125,321.7300109863281,325.70001220703125,99450800
2020-09-22,309.6922302246094,330.29998779296875,330.8999938964844,325.8599853515625,328.57000732421875,63612100
2020-09-23,302.5102844238281,322.6400146484375,331.20001220703125,322.1000061035156,330.8999938964844,93112200
2020-09-24,303.3165588378906,323.5,326.79998779296875,319.79998779296875,321.2200012207031,76681300
2020-09-25,308.2202453613281,328.7300109863281,329.5799865722656,321.6400146484375,322.5799865722656,71069400
2020-09-28,313.3395690917969,334.19000244140625,334.9599914550781,332.1499938964844,333.2200012207031,64584600
2020-09-29,311.63311767578125,332.3699951171875,334.7699890136719,331.6199951171875,333.9700012207031,51304000
2020-09-30,313.9959411621094,334.8900146484375,338.2900085449219,332.8800048828125,333.0899963378906,104081100
2020-10-01,316.01171875,337.0400085449219,338.739990234375,335.010009765625,337.69000244140625,88698700
2020-10-02,313.0113830566406,333.8399963378906,337.010009765625,331.19000244140625,331.70001220703125,89431100
2020-10-05,318.5620422363281,339.760009765625,339.9599914550781,336.010009765625,336.05999755859375,45713100
2020-10-06,314.0333557128906,334.92999267578125,342.1700134277344,334.3800048828125,339.9100036621094,90128900
2020-10-07,319.4996643066406,340.760009765625,341.6300048828125,338.0899963378906,338.1199951171875,56999600
2020-10-08,322.3312683105469,343.7799987792969,343.8500061035156,341.8599853515625,342.8500061035156,45242500
2020-10-09,325.2096862792969,346.8500061035156,347.3500061035156,344.8900146484375,345.55999755859375,59528600
2020-10-12,330.4415283203125,352.42999267578125,354.0199890136719,349.05999755859375,349.5899963378906,80388500
2020-10-13,328.28509521484375,350.1300048828125,352.4700012207031,349.0899963378906,352.2799987792969,73255500
2020-10-14,326.2223205566406,347.92999267578125,351.92999267578125,347.1400146484375,350.75,57727900
2020-10-15,325.8191833496094,347.5,348.0199890136719,343.1300048828125,343.7099914550781,60357700
2020-10-16,325.6222229003906,347.2900085449219,350.75,347.1000061035156,348.9599914550781,89501900
2020-10-19,320.6717529296875,342.010009765625,349.3299865722656,341.0400085449219,348.6499938964844,68425600
2020-10-20,321.9561767578125,343.3800048828125,346.8800048828125,342.6400146484375,343.4599914550781,60051900
2020-10-21,321.34674072265625,342.7300109863281,345.6700134277344,342.3999938964844,343.3299865722656,63575000
2020-10-22,323.1094055175781,344.6099853515625,345.239990234375,340.6499938964844,342.9599914550781,55399300
2020-10-23,324.20648193359375,345.7799987792969,345.989990234375,343.1300048828125,345.92999267578125,49143900
2020-10-26,318.2152099609375,339.3900146484375,342.9800109863281,335.6199951171875,342.1300048828125,91473000
2020-10-27,317.11810302734375,338.2200012207031,340.1199951171875,337.989990234375,339.760009765625,65994100
2020-10-28,306.2793884277344,326.6600036621094,338.25,326.1300048828125,332.1000061035156,127094300
2020-10-29,309.3921813964844,329.9800109863281,333.3999938964844,325.0899963378906,326.9100036621094,90597700
2020-10-30,306.1668701171875,326.5400085449219,329.69000244140625,322.6000061035156,328.2799987792969,120287300
2020-11-02,309.5985412597656,330.20001220703125,332.3599853515625,327.239990234375,330.20001220703125,86068300
2020-11-03,315.06475830078125,336.0299987792969,338.25,330.2900085449219,333.69000244140625,93294200
2020-11-04,322.10626220703125,343.5400085449219,347.94000244140625,339.5899963378906,340.8599853515625,126959700
2020-11-05,328.38818359375,350.239990234375,352.19000244140625,348.8599853515625,349.239990234375,82039700
2020-11-06,328.31317138671875,350.1600036621094,351.510009765625,347.6499938964844,349.92999267578125,74973000
2020-11-09,332.4386901855469,354.55999755859375,364.3800048828125,354.05999755859375,363.9700012207031,172304200
2020-11-10,331.9510498046875,354.0400085449219,355.17999267578125,350.510009765625,353.489990234375,85552000
2020-11-11,334.41705322265625,356.6700134277344,357.55999755859375,355.05999755859375,356.3999938964844,58649000
2020-11-12,331.1728515625,353.2099914550781,356.7200012207031,351.260009765625,355.5799865722656,67546200
2020-11-13,335.75775146484375,358.1000061035156,358.8999938964844,354.7099914550781,355.2699890136719,62892200
2020-11-16,339.94891357421875,362.57000732421875,362.7799987792969,359.5899963378906,360.9800109863281,74541100
2020-11-17,338.1204833984375,360.6199951171875,361.9200134277344,358.3399963378906,359.9700012207031,66111000
2020-11-18,334.0513610839844,356.2799987792969,361.5,356.239990234375,360.9100036621094,70591300
2020-11-19,335.4577941894531,357.7799987792969,358.17999267578125,354.1499938964844,355.6000061035156,59940900
2020-11-20,333.16064453125,355.3299865722656,357.7200012207031,355.25,357.5,70417300
2020-11-23,335.15771484375,357.4599914550781,358.82000732421875,354.8699951171875,357.2799987792969,63230600
2020-11-24,340.5584411621094,363.2200012207031,363.80999755859375,359.2900085449219,360.2099914550781,62415900
2020-11-25,340.0332946777344,362.6600036621094,363.1600036621094,361.4800109863281,363.1300048828125,45330900
2020-11-27,340.9802551269531,363.6700134277344,364.17999267578125,362.5799865722656,363.8399963378906,28514100
2020-11-30,339.4707336425781,362.05999755859375,363.1199951171875,359.1700134277344,362.8299865722656,83872700
2020-12-01,343.1836242675781,366.0199890136719,367.67999267578125,364.92999267578125,365.57000732421875,74231400
2020-12-02,343.9056091308594,366.7900085449219,366.9599914550781,364.20001220703125,364.82000732421875,45927000
2020-12-03,343.8119201660156,366.69000244140625,368.19000244140625,365.5,366.67999267578125,62882000
2020-12-04,346.7748107910156,369.8500061035156,369.8500061035156,367.2200012207031,367.32000732421875,50749900
2020-12-07,346.0621643066406,369.0899963378906,369.6199951171875,367.7200012207031,369.0199890136719,48944300
2020-12-08,347.0747375488281,370.1700134277344,370.7799987792969,367.6700134277344,367.7200012207031,42458900
2020-12-09,343.9619140625,366.8500061035156,371.04998779296875,365.95001220703125,370.8800048828125,74098300
2020-12-10,343.8493347167969,366.7300109863281,367.8599853515625,364.42999267578125,365.3699951171875,57735400
2020-12-11,343.4461364746094,366.29998779296875,366.739990234375,363.260009765625,364.8999938964844,57698600
2020-12-14,341.908447265625,364.6600036621094,369.79998779296875,364.4700012207031,368.6400146484375,69216200
2020-12-15,346.5309143066406,369.5899963378906,369.5899963378906,365.9200134277344,367.3999938964844,63865300
2020-12-16,347.0747375488281,370.1700134277344,371.1600036621094,368.8699951171875,369.82000732421875,58420500
2020-12-17,349.01556396484375,372.239990234375,372.4599914550781,371.04998779296875,371.94000244140625,64119500
2020-12-18,347.6220703125,369.17999267578125,371.1499938964844,367.0199890136719,370.9700012207031,136542300
2020-12-21,346.37908935546875,367.8599853515625,378.4599914550781,362.0299987792969,364.9700012207031,96386700
2020-12-22,345.7953186035156,367.239990234375,368.3299865722656,366.0299987792969,368.2099914550781,47949000
2020-12-23,346.1059875488281,367.57000732421875,369.6199951171875,367.2200012207031,368.2799987792969,46201400
2020-12-24,347.4525451660156,369.0,369.0299987792969,367.45001220703125,368.0799865722656,26457900
2020-12-28,350.4374084472656,372.1700134277344,372.5899963378906,371.07000732421875,371.739990234375,39000400
2020-12-29,349.76885986328125,371.4599914550781,374.0,370.8299865722656,373.80999755859375,53680500
2020-12-30,350.2679138183594,371.989990234375,373.1000061035156,371.57000732421875,372.3399963378906,49455300
2020-12-31,352.04754638671875,373.8800048828125,374.6600036621094,371.2300109863281,371.7799987792969,78520700
2021-01-04,347.2547912597656,368.7900085449219,375.45001220703125,364.82000732421875,375.30999755859375,110210800
2021-01-05,349.64642333984375,371.3299865722656,372.5,368.04998779296875,368.1000061035156,66426200
2021-01-06,351.73687744140625,373.54998779296875,376.9800109863281,369.1199951171875,369.7099914550781,107997700
2021-01-07,356.9627380371094,379.1000061035156,379.8999938964844,375.9100036621094,376.1000061035156,68766800
2021-01-08,358.99664306640625,381.260009765625,381.489990234375,377.1000061035156,380.5899963378906,71677200
2021-01-11,356.57666015625,378.69000244140625,380.5799865722656,377.7200012207031,377.8500061035156,51034700
2021-01-12,356.6520080566406,378.7699890136719,379.8599853515625,376.3599853515625,378.8900146484375,52547700
2021-01-13,357.6125183105469,379.7900085449219,380.8599853515625,377.8500061035156,378.69000244140625,45303600
2021-01-14,356.3600769042969,378.4599914550781,381.1300048828125,378.1000061035156,380.5899963378906,49989100
2021-01-15,353.7613220214844,375.70001220703125,377.5799865722656,373.70001220703125,376.7200012207031,107160000
2021-01-19,356.5390319824219,378.6499938964844,379.2300109863281,376.75,378.3399963378906,51233300
2021-01-20,361.4730529785156,383.8900146484375,384.7900085449219,380.69000244140625,381.1099853515625,61836100
2021-01-21,361.8025207519531,384.239990234375,384.95001220703125,383.25,384.489990234375,47840100
2021-01-22,360.52197265625,382.8800048828125,384.1300048828125,381.8399963378906,382.25,52860500
2021-01-25,361.94384765625,384.3900146484375,384.7699890136719,378.4599914550781,383.6700134277344,70402000
2021-01-26,361.3788757324219,383.7900085449219,385.8500061035156,383.5400085449219,385.4100036621094,42665300
2021-01-27,352.5466003417969,374.4100036621094,380.32000732421875,372.010009765625,380.2200012207031,123351100
2021-01-28,355.5785827636719,377.6300048828125,381.92999267578125,375.8900146484375,376.3599853515625,94198100
2021-01-29,348.46002197265625,370.07000732421875,376.6700134277344,368.2699890136719,375.6300048828125,126765100
2021-02-01,354.26031494140625,376.2300109863281,377.3399963378906,370.3800048828125,373.7200012207031,75817600
2021-02-02,359.2696533203125,381.54998779296875,383.2200012207031,376.32000732421875,379.6499938964844,64450700
2021-02-03,359.5521240234375,381.8500061035156,383.70001220703125,380.4800109863281,382.44000244140625,52427100
2021-02-04,363.6387634277344,386.19000244140625,386.239990234375,381.9700012207031,382.9599914550781,47142600
2021-02-05,365.0699157714844,387.7099914550781,388.4700012207031,386.1400146484375,388.20001220703125,48669800
2021-02-08,367.70648193359375,390.510009765625,390.55999755859375,388.3500061035156,389.2699890136719,38365200
2021-02-09,367.46160888671875,390.25,390.8900146484375,389.1700134277344,389.6099853515625,35551100
2021-02-10,367.3015441894531,390.0799865722656,392.2799987792969,387.5,392.1199951171875,59154400
2021-02-11,367.8948059082031,390.7099914550781,391.69000244140625,388.1000061035156,391.239990234375,42913300
2021-02-12,369.7121276855469,392.6400146484375,392.8999938964844,389.7699890136719,389.8500061035156,50593300
2021-02-16,369.3918762207031,392.29998779296875,394.1700134277344,391.5299987792969,393.9599914550781,50972400
2021-02-17,369.4766845703125,392.3900146484375,392.6600036621094,389.3299865722656,390.4200134277344,52290600
2021-02-18,367.9042053222656,390.7200012207031,391.5199890136719,387.739990234375,389.5899963378906,59712800
2021-02-19,367.25445556640625,390.0299987792969,392.3800048828125,389.54998779296875,392.07000732421875,83241000
2021-02-22,364.4296569824219,387.0299987792969,389.6199951171875,386.739990234375,387.05999755859375,67414200
2021-02-23,364.8722229003906,387.5,388.95001220703125,380.20001220703125,384.6600036621094,107284100
2021-02-24,368.89288330078125,391.7699890136719,392.2300109863281,385.2699890136719,386.3299865722656,72433900
2021-02-25,360.0041198730469,382.3299865722656,391.8800048828125,380.7799987792969,390.4100036621094,146670500
2021-02-26,358.149169921875,380.3599853515625,385.5799865722656,378.2300109863281,384.3500061035156,152701600
2021-03-01,366.8306884765625,389.5799865722656,390.9200134277344,380.57000732421875,385.5899963378906,105348800
2021-03-02,363.9682922363281,386.5400085449219,390.07000732421875,386.0,389.82000732421875,79595300
2021-03-03,359.1472473144531,381.4200134277344,386.8299865722656,381.30999755859375,385.7900085449219,119940200
2021-03-04,354.7029113769531,376.70001220703125,384.0,371.8800048828125,381.2200012207031,183433000
2021-03-05,361.22821044921875,383.6300048828125,384.760009765625,372.6400146484375,380.4599914550781,152039600
2021-03-08,359.4298095703125,381.7200012207031,387.67999267578125,381.4200134277344,384.6600036621094,123149200
2021-03-09,364.56158447265625,387.1700134277344,389.9100036621094,385.30999755859375,385.8500061035156,113633600
2021-03-10,366.8306884765625,389.5799865722656,391.3999938964844,388.1700134277344,389.69000244140625,109899400
2021-03-11,370.5501403808594,393.5299987792969,395.6499938964844,391.739990234375,392.2300109863281,86245000
2021-03-12,371.0491638183594,394.05999755859375,394.2099914550781,391.20001220703125,392.07000732421875,64653600
2021-03-15,373.26190185546875,396.4100036621094,396.69000244140625,392.0299987792969,394.3299865722656,73427200
2021-03-16,372.79107666015625,395.9100036621094,397.8299865722656,395.0799865722656,397.07000732421875,73722500
2021-03-17,374.06231689453125,397.260009765625,398.1199951171875,393.29998779296875,394.5299987792969,97959300
2021-03-18,368.61981201171875,391.4800109863281,396.7200012207031,390.75,394.4800109863281,115349100
2021-03-19,367.9377746582031,389.4800109863281,391.57000732421875,387.1499938964844,389.8800048828125,113624500
2021-03-22,370.8757629394531,392.5899963378906,394.07000732421875,389.9700012207031,390.0299987792969,73778600
2021-03-23,367.9566650390625,389.5,393.4599914550781,388.6600036621094,391.9100036621094,90686600
2021-03-24,366.0861511230469,387.5199890136719,392.75,387.4700012207031,391.0,97588600
2021-03-25,368.1455993652344,389.70001220703125,390.54998779296875,383.8999938964844,385.9800109863281,116128600
2021-03-26,374.0782165527344,395.9800109863281,396.4100036621094,390.2900085449219,390.92999267578125,114409100
2021-03-29,373.8892822265625,395.7799987792969,396.75,392.80999755859375,394.3999938964844,108107600
2021-03-30,372.8973693847656,394.7300109863281,395.45001220703125,393.0199890136719,394.4200134277344,76262200
2021-03-31,374.4088439941406,396.3299865722656,398.0,395.30999755859375,395.3399963378906,112734200
2021-04-01,378.4521789550781,400.6099853515625,400.6700134277344,398.17999267578125,398.3999938964844,99682900
2021-04-05,383.8841247558594,406.3599853515625,406.94000244140625,403.3800048828125,403.4599914550781,91684800
2021-04-06,383.6573791503906,406.1199951171875,407.239990234375,405.3999938964844,405.760009765625,62021000
2021-04-07,384.1013488769531,406.5899963378906,406.9599914550781,405.45001220703125,405.94000244140625,55836300
2021-04-08,385.9246520996094,408.5199890136719,408.5799865722656,406.92999267578125,407.92999267578125,57863100
2021-04-09,388.73040771484375,411.489990234375,411.6700134277344,408.260009765625,408.3900146484375,61104600
2021-04-12,388.8720703125,411.6400146484375,411.92999267578125,410.20001220703125,410.8500061035156,56704900
2021-04-13,390.0245666503906,412.8599853515625,413.5299987792969,411.1199951171875,411.5299987792969,56551000
2021-04-14,388.692626953125,411.45001220703125,413.9599914550781,410.8699951171875,412.8299865722656,61659900
2021-04-15,392.8681640625,415.8699951171875,416.1600036621094,413.69000244140625,413.739990234375,60229800
2021-04-16,394.1812744140625,417.260009765625,417.9100036621094,415.7300109863281,417.25,82037300
2021-04-19,392.24462890625,415.2099914550781,416.739990234375,413.7900085449219,416.260009765625,78498500
2021-04-20,389.372802734375,412.1700134277344,415.0899963378906,410.5899963378906,413.9100036621094,81851800
2021-04-21,393.0570983886719,416.07000732421875,416.2900085449219,411.3599853515625,411.510009765625,66793000
2021-04-22,389.4672546386719,412.2699890136719,416.7799987792969,411.1300048828125,415.8900146484375,97582800
2021-04-23,393.6899719238281,416.739990234375,418.25,412.7900085449219,412.8699951171875,73209200
2021-04-26,394.51190185546875,417.6099853515625,418.2200012207031,416.80999755859375,417.44000244140625,52182400
2021-04-27,394.4268493652344,417.5199890136719,418.1400146484375,416.29998779296875,417.92999267578125,51303100
2021-04-28,394.3134460449219,417.3999938964844,419.010009765625,416.8999938964844,417.80999755859375,51238900
2021-04-29,396.8263244628906,420.05999755859375,420.7200012207031,416.44000244140625,420.32000732421875,78544300
2021-04-30,394.218994140625,417.29998779296875,418.5400085449219,416.3399963378906,417.6300048828125,85527000
2021-05-03,395.0693054199219,418.20001220703125,419.8399963378906,417.6700134277344,419.42999267578125,68128300
2021-05-04,392.6319580078125,415.6199951171875,416.6000061035156,411.6700134277344,416.07000732421875,101591200
2021-05-05,392.7547302246094,415.75,417.6300048828125,415.1499938964844,417.3800048828125,60162200
2021-05-06,395.8911437988281,419.07000732421875,419.2099914550781,413.67999267578125,415.8299865722656,74321400
2021-05-07,398.7724609375,422.1199951171875,422.82000732421875,419.1600036621094,419.8900146484375,67733800
2021-05-10,394.8236389160156,417.94000244140625,422.739990234375,417.80999755859375,422.5,81852400
2021-05-11,391.2998962402344,414.2099914550781,415.2699890136719,410.05999755859375,413.1000061035156,116888000
2021-05-12,382.9866638183594,405.4100036621094,412.5899963378906,404.0,411.2300109863281,134811000
2021-05-13,387.58734130859375,410.2799987792969,412.3500061035156,407.0199890136719,407.07000732421875,106394000
2021-05-14,393.5387878417969,416.5799865722656,417.489990234375,413.17999267578125,413.2099914550781,82201600
2021-05-17,392.5374450683594,415.5199890136719,416.3900146484375,413.3599853515625,415.3900146484375,65129200
2021-05-18,389.15545654296875,411.94000244140625,416.05999755859375,411.7699890136719,415.79998779296875,59810200
2021-05-19,388.13525390625,410.8599853515625,411.04998779296875,405.3299865722656,406.9200134277344,106467100
2021-05-20,392.3106994628906,415.2799987792969,416.6300048828125,411.6700134277344,411.79998779296875,78022200
2021-05-21,391.98956298828125,414.94000244140625,418.20001220703125,414.45001220703125,416.8699951171875,76578700
2021-05-24,395.985595703125,419.1700134277344,420.32000732421875,417.0799865722656,417.3399963378906,51376700
2021-05-25,395.10699462890625,418.239990234375,420.7099914550781,417.6199951171875,420.3299865722656,57451400
2021-05-26,395.8911437988281,419.07000732421875,419.6099853515625,417.760009765625,418.8699951171875,43088600
2021-05-27,396.09893798828125,419.2900085449219,420.7200012207031,418.989990234375,420.1700134277344,56707700
2021-05-28,396.8074951171875,420.0400085449219,421.25,419.7900085449219,420.9700012207031,58520200
2021-06-01,396.4578857421875,419.6700134277344,422.7200012207031,419.20001220703125,422.57000732421875,54216600
2021-06-02,397.0814514160156,420.3299865722656,421.2300109863281,419.2900085449219,420.3699951171875,49097100
2021-06-03,395.60772705078125,418.7699890136719,419.989990234375,416.2799987792969,417.8500061035156,58138800
2021-06-04,399.2259521484375,422.6000061035156,422.9200134277344,418.8399963378906,420.75,55938800
2021-06-07,398.838623046875,422.19000244140625,422.7799987792969,421.19000244140625,422.5899963378906,51555000
2021-06-08,398.9236145019531,422.2799987792969,423.2099914550781,420.32000732421875,423.1099853515625,47134300
2021-06-09,398.32843017578125,421.6499938964844,423.260009765625,421.4100036621094,423.17999267578125,48436300
2021-06-10,400.1800231933594,423.6099853515625,424.6300048828125,421.54998779296875,422.9599914550781,51020100
2021-06-11,400.8412780761719,424.30999755859375,424.42999267578125,422.82000732421875,424.20001220703125,45570800
2021-06-14,401.73876953125,425.260009765625,425.3699951171875,423.1000061035156,424.42999267578125,42358500
2021-06-15,401.00189208984375,424.4800109863281,425.4599914550781,423.5400085449219,425.4200134277344,51508500
2021-06-16,398.76300048828125,422.1099853515625,424.8699951171875,419.9200134277344,424.6300048828125,80386100
2021-06-17,398.63079833984375,421.9700012207031,423.0199890136719,419.32000732421875,421.6700134277344,90949700
2021-06-18,393.2530822753906,414.9200134277344,417.8299865722656,414.70001220703125,417.0899963378906,118676300
2021-06-21,398.8828430175781,420.8599853515625,421.05999755859375,415.92999267578125,416.79998779296875,72822000
2021-06-22,401.0152893066406,423.1099853515625,424.0,420.0799865722656,420.8500061035156,57700300
2021-06-23,400.53204345703125,422.6000061035156,424.04998779296875,422.510009765625,423.19000244140625,49445400
2021-06-24,402.90142822265625,425.1000061035156,425.54998779296875,424.6199951171875,424.8900146484375,45110300
2021-06-25,404.33258056640625,426.6099853515625,427.0899963378906,425.54998779296875,425.8999938964844,58129500
2021-06-28,405.147705078125,427.4700012207031,427.6499938964844,425.8900146484375,427.1700134277344,53159600
2021-06-29,405.36572265625,427.70001220703125,428.55999755859375,427.1300048828125,427.8800048828125,35970500
2021-06-30,405.70684814453125,428.05999755859375,428.7799987792969,427.17999267578125,427.2099914550781,64827900
2021-07-01,407.9530944824219,430.42999267578125,430.6000061035156,428.79998779296875,428.8699951171875,53441000
2021-07-02,411.0712585449219,433.7200012207031,434.1000061035156,430.5199890136719,431.6700134277344,57697700
2021-07-06,410.3226013183594,432.92999267578125,434.010009765625,430.010009765625,433.7799987792969,68710400
2021-07-07,411.7726745605469,434.4599914550781,434.760009765625,431.510009765625,433.6600036621094,63549500
2021-07-08,408.41754150390625,430.9200134277344,431.7300109863281,427.5199890136719,428.7799987792969,97595200
2021-07-09,412.77728271484375,435.5199890136719,435.8399963378906,430.7099914550781,432.5299987792969,76238600
2021-07-12,414.2558288574219,437.0799865722656,437.3500061035156,434.9700012207031,435.42999267578125,52889600
2021-07-13,412.8436279296875,435.5899963378906,437.8399963378906,435.30999755859375,436.239990234375,52911300
2021-07-14,413.4596862792969,436.239990234375,437.9200134277344,434.9100036621094,437.3999938964844,64130400
2021-07-15,412.0475158691406,434.75,435.5299987792969,432.7200012207031,434.80999755859375,55126400
2021-07-16,408.8155212402344,431.3399963378906,436.05999755859375,430.9200134277344,436.010009765625,75874700
2021-07-19,402.7782287597656,424.9700012207031,431.4100036621094,421.9700012207031,426.19000244140625,147987000
2021-07-20,408.55023193359375,431.05999755859375,432.4200134277344,424.8299865722656,425.67999267578125,99608200
2021-07-21,411.8579406738281,434.54998779296875,434.70001220703125,431.010009765625,432.3399963378906,64724400
2021-07-22,412.72039794921875,435.4599914550781,435.7200012207031,433.69000244140625,434.739990234375,47878500
2021-07-23,416.96649169921875,439.94000244140625,440.29998779296875,436.7900085449219,437.5199890136719,63766600
2021-07-26,417.9900817871094,441.0199890136719,441.0299987792969,439.260009765625,439.30999755859375,43719200
2021-07-27,416.0850524902344,439.010009765625,439.94000244140625,435.989990234375,439.9100036621094,67397100
2021-07-28,415.9144592285156,438.8299865722656,440.29998779296875,437.30999755859375,439.67999267578125,52472400
2021-07-29,417.639404296875,440.6499938964844,441.79998779296875,439.80999755859375,439.82000732421875,47435300
2021-07-30,415.61114501953125,438.510009765625,440.05999755859375,437.7699890136719,437.9100036621094,68951200
2021-08-02,414.7391357421875,437.5899963378906,440.92999267578125,437.2099914550781,440.3399963378906,58783300
2021-08-03,418.1133117675781,441.1499938964844,441.2799987792969,436.1000061035156,438.44000244140625,58053900
2021-08-04,416.056640625,438.9800109863281,441.1199951171875,438.7300109863281,439.7799987792969,46732200
2021-08-05,418.69146728515625,441.760009765625,441.8500061035156,439.8800048828125,440.2200012207031,38969700
2021-08-06,419.38336181640625,442.489990234375,442.94000244140625,441.79998779296875,442.1000061035156,46930000
2021-08-09,419.04217529296875,442.1300048828125,442.79998779296875,441.30999755859375,442.4599914550781,41222600
2021-08-10,419.5634460449219,442.67999267578125,443.44000244140625,441.8800048828125,442.6099853515625,43339300
2021-08-11,420.60595703125,443.7799987792969,443.8800048828125,442.6199951171875,443.82000732421875,44034300
2021-08-12,421.8664855957031,445.1099853515625,445.260009765625,442.6600036621094,443.6199951171875,38909400
2021-08-13,422.6343078613281,445.9200134277344,445.94000244140625,445.07000732421875,445.5899963378906,39470300
2021-08-16,423.62939453125,446.9700012207031,447.1099853515625,442.8699951171875,444.5299987792969,73740000
2021-08-17,420.8524169921875,444.0400085449219,444.9599914550781,440.8500061035156,444.239990234375,92673900
2021-08-18,416.2461853027344,439.17999267578125,444.6300048828125,438.9200134277344,442.9599914550781,89351900
2021-08-19,416.89068603515625,439.8599853515625,441.1400146484375,436.1199951171875,436.2699890136719,92812200
2021-08-20,420.2078857421875,443.3599853515625,443.7099914550781,439.7099914550781,440.2300109863281,72008700
2021-08-23,423.904296875,447.260009765625,448.2300109863281,443.44000244140625,445.1600036621094,54973000
2021-08-24,424.5771484375,447.9700012207031,448.5400085449219,447.4200134277344,447.9700012207031,38744700
2021-08-25,425.4680480957031,448.9100036621094,449.4599914550781,447.7699890136719,448.1700134277344,40529700
2021-08-26,422.9564514160156,446.260009765625,448.8599853515625,446.1600036621094,448.6099853515625,57829600
2021-08-27,426.7381286621094,450.25,450.6499938964844,447.05999755859375,447.1199951171875,77235100
2021-08-30,428.6147155761719,452.2300109863281,453.07000732421875,450.7099914550781,450.9700012207031,48357400
2021-08-31,427.979736328125,451.55999755859375,452.489990234375,450.9200134277344,452.1300048828125,59300200
2021-09-01,428.20721435546875,451.79998779296875,453.1099853515625,451.54998779296875,452.55999755859375,48721400
2021-09-02,429.5245666503906,453.19000244140625,454.04998779296875,451.9100036621094,453.32000732421875,42501000
2021-09-03,429.4202880859375,453.0799865722656,453.6300048828125,451.54998779296875,451.9800109863281,47170500
2021-09-07,427.88494873046875,451.4599914550781,452.80999755859375,450.739990234375,452.7099914550781,51671500
2021-09-08,427.3636474609375,450.9100036621094,451.6700134277344,448.8599853515625,450.8900146484375,56181900
2021-09-09,425.5343933105469,448.9800109863281,452.57000732421875,448.7200012207031,450.70001220703125,57970400
2021-09-10,422.1793212890625,445.44000244140625,451.489990234375,445.30999755859375,451.0400085449219,89948200
2021-09-13,423.259765625,446.5799865722656,448.9200134277344,444.1099853515625,448.6400146484375,83738600
2021-09-14,420.9756164550781,444.1700134277344,448.3399963378906,443.2200012207031,448.1199951171875,78197100
2021-09-15,424.49188232421875,447.8800048828125,448.4100036621094,443.44000244140625,444.6199951171875,78792200
2021-09-16,423.8189392089844,447.1700134277344,448.3599853515625,444.0199890136719,447.32000732421875,77786700
2021-09-17,419.6905212402344,441.3999938964844,445.3699951171875,441.0199890136719,444.9200134277344,118425000
2021-09-20,412.6925048828125,434.0400085449219,436.55999755859375,428.8599853515625,434.8800048828125,166445500
2021-09-21,412.30267333984375,433.6300048828125,437.9100036621094,433.07000732421875,436.5299987792969,92526100
2021-09-22,416.3245849609375,437.8599853515625,440.0299987792969,433.75,436.04998779296875,102350100
2021-09-23,421.3829040527344,443.17999267578125,444.8900146484375,439.6000061035156,439.8500061035156,76396000
2021-09-24,422.07708740234375,443.9100036621094,444.6700134277344,441.2099914550781,441.44000244140625,62094800
2021-09-27,420.8695373535156,442.6400146484375,444.04998779296875,441.8999938964844,442.80999755859375,61371100
2021-09-28,412.3882141113281,433.7200012207031,440.0400085449219,432.94000244140625,439.69000244140625,130436300
2021-09-29,413.08233642578125,434.45001220703125,437.0400085449219,433.8500061035156,435.19000244140625,82329200
2021-09-30,408.0335388183594,429.1400146484375,436.7699890136719,428.7799987792969,436.0199890136719,140506000
2021-10-01,412.8826904296875,434.239990234375,436.0299987792969,427.2300109863281,430.9800109863281,129240100
2021-10-04,407.55810546875,428.6400146484375,433.9599914550781,426.3599853515625,433.0,128570000
2021-10-05,411.79876708984375,433.1000061035156,435.489990234375,429.3900146484375,430.239990234375,90682500
2021-10-06,413.5101623535156,434.8999938964844,435.1199951171875,427.5400085449219,429.2699890136719,113032200
2021-10-07,417.0852966308594,438.6600036621094,441.67999267578125,438.20001220703125,438.3900146484375,72437500
2021-10-08,416.3245849609375,437.8599853515625,439.8900146484375,437.19000244140625,439.4800109863281,74557400
2021-10-11,413.3105773925781,434.69000244140625,440.260009765625,434.6199951171875,437.1600036621094,65233300
2021-10-12,412.293212890625,433.6199951171875,436.1000061035156,432.7799987792969,435.6700134277344,71181200
2021-10-13,413.7763977050781,435.17999267578125,436.04998779296875,431.5400085449219,434.7099914550781,72974000
2021-10-14,420.7364501953125,442.5,442.6600036621094,438.5799865722656,439.0799865722656,70236800
2021-10-15,423.940673828125,445.8699951171875,446.260009765625,444.0899963378906,444.75,66260200
2021-10-18,425.1957702636719,447.19000244140625,447.54998779296875,443.2699890136719,443.9700012207031,62213200
2021-10-19,428.47607421875,450.6400146484375,450.7099914550781,448.2699890136719,448.9200134277344,46996800
2021-10-20,430.1590270996094,452.4100036621094,452.7300109863281,451.010009765625,451.1300048828125,49571600
2021-10-21,431.281005859375,453.5899963378906,453.8299865722656,451.30999755859375,451.7699890136719,41305400
2021-10-22,430.83404541015625,453.1199951171875,454.6700134277344,451.04998779296875,453.1300048828125,58845100
2021-10-25,433.1445007324219,455.54998779296875,455.8999938964844,452.3900146484375,454.2799987792969,45214500
2021-10-26,433.534423828125,455.9599914550781,458.489990234375,455.55999755859375,457.20001220703125,56075100
2021-10-27,431.61376953125,453.94000244140625,457.1600036621094,453.8599853515625,456.45001220703125,72438000
2021-10-28,435.77838134765625,458.32000732421875,458.3999938964844,455.45001220703125,455.4599914550781,51437900
2021-10-29,436.6626281738281,459.25,459.55999755859375,455.55999755859375,455.8699951171875,70162400
2021-11-01,437.41375732421875,460.0400085449219,460.70001220703125,458.20001220703125,460.29998779296875,48433600
2021-11-02,439.1822509765625,461.8999938964844,462.2300109863281,460.0799865722656,460.2200012207031,48908400
2021-11-03,441.8635559082031,464.7200012207031,465.1499938964844,460.8299865722656,461.29998779296875,52509800
2021-11-04,443.9458923339844,466.9100036621094,467.0,464.989990234375,465.3599853515625,52847100
2021-11-05,445.48614501953125,468.5299987792969,470.6499938964844,466.9200134277344,469.2799987792969,66390600
2021-11-08,445.86651611328125,468.92999267578125,470.2300109863281,468.20001220703125,469.70001220703125,50405200
2021-11-09,444.3927917480469,467.3800048828125,469.57000732421875,465.8800048828125,469.32000732421875,51149100
2021-11-10,440.8177185058594,463.6199951171875,467.3800048828125,462.0400085449219,465.5799865722656,69429700
2021-11-11,440.9602355957031,463.7699890136719,465.2900085449219,463.75,465.2099914550781,34848500
2021-11-12,444.2880859375,467.2699890136719,467.8599853515625,464.1099853515625,465.1199951171875,53466700
2021-11-15,444.44024658203125,467.42999267578125,468.80999755859375,466.2300109863281,468.6400146484375,46980500
2021-11-16,446.1993408203125,469.2799987792969,470.489990234375,467.07000732421875,467.1499938964844,48857500
2021-11-17,445.1153869628906,468.1400146484375,469.19000244140625,467.4800109863281,469.0,47858300
2021-11-18,446.627197265625,469.7300109863281,470.010009765625,466.3399963378906,469.239990234375,50625600
2021-11-19,445.8284912109375,468.8900146484375,470.94000244140625,468.5,469.6099853515625,57315600
2021-11-22,444.57342529296875,467.57000732421875,473.5400085449219,467.3500061035156,470.8900146484375,72762000
2021-11-23,445.16290283203125,468.19000244140625,469.1000061035156,464.45001220703125,467.2200012207031,73206500
2021-11-24,446.35137939453125,469.44000244140625,469.57000732421875,465.19000244140625,466.05999755859375,61858800
2021-11-26,436.3963623046875,458.9700012207031,463.8999938964844,457.7699890136719,462.3399963378906,112669600
2021-11-29,441.7493896484375,464.6000061035156,466.55999755859375,461.7300109863281,464.07000732421875,86268800
2021-11-30,433.1540832519531,455.55999755859375,464.0299987792969,455.29998779296875,462.0,148559600
2021-12-01,428.3429260253906,450.5,464.6700134277344,450.2900085449219,461.6400146484375,131939200
2021-12-02,434.903564453125,457.3999938964844,459.07000732421875,450.30999755859375,450.7300109863281,127637800
2021-12-03,431.11932373046875,453.4200134277344,460.29998779296875,448.9200134277344,459.1700134277344,137331600
2021-12-06,436.2252197265625,458.7900085449219,460.7900085449219,453.55999755859375,456.1300048828125,98977500
2021-12-07,445.24847412109375,468.2799987792969,468.8800048828125,458.6499938964844,464.4100036621094,95484700
2021-12-08,446.42755126953125,469.5199890136719,470.0,466.8299865722656,468.70001220703125,72238800
2021-12-09,443.413330078125,466.3500061035156,469.6300048828125,466.1400146484375,468.1499938964844,61272600
2021-12-10,447.58740234375,470.739990234375,470.8999938964844,466.510009765625,469.2300109863281,77159800
2021-12-13,443.6225280761719,466.57000732421875,470.55999755859375,466.2699890136719,470.19000244140625,87724700
2021-12-14,440.57049560546875,463.3599853515625,465.739990234375,460.25,463.0899963378906,97264100
2021-12-15,447.454345703125,470.6000061035156,470.8599853515625,460.739990234375,463.4200134277344,116899300
2021-12-16,443.5084533691406,466.45001220703125,472.8699951171875,464.79998779296875,472.57000732421875,116568600
2021-12-17,438.78826904296875,459.8699951171875,464.739990234375,458.05999755859375,461.54998779296875,135511600
2021-12-20,434.1224670410156,454.9800109863281,455.3999938964844,451.1400146484375,454.4800109863281,107134800
2021-12-21,441.8320617675781,463.05999755859375,463.2099914550781,456.30999755859375,458.6099853515625,69806300
2021-12-22,446.2497863769531,467.69000244140625,467.80999755859375,462.5799865722656,462.7900085449219,58890200
2021-12-23,449.0263977050781,470.6000061035156,472.19000244140625,468.6400146484375,468.75,56439700
2021-12-27,455.3810729980469,477.260009765625,477.30999755859375,472.010009765625,472.05999755859375,56808600
2021-12-28,455.0089416503906,476.8699951171875,478.80999755859375,476.05999755859375,477.7200012207031,47274600
2021-12-29,455.5909729003906,477.4800109863281,478.55999755859375,475.9200134277344,476.9800109863281,54503000
2021-12-30,454.33154296875,476.1600036621094,479.0,475.6700134277344,477.92999267578125,55329000
2021-12-31,453.1864929199219,474.9599914550781,476.8599853515625,474.6700134277344,475.6400146484375,65237400
2022-01-03,455.8104553222656,477.7099914550781,477.8500061035156,473.8500061035156,476.29998779296875,72668200
2022-01-04,455.65777587890625,477.54998779296875,479.9800109863281,475.5799865722656,479.2200012207031,71178700
2022-01-05,446.90814208984375,468.3800048828125,477.9800109863281,468.2799987792969,477.1600036621094,104538900
2022-01-06,446.4882507324219,467.94000244140625,470.82000732421875,465.42999267578125,467.8900146484375,86858900
2022-01-07,444.72314453125,466.0899963378906,469.20001220703125,464.6499938964844,467.95001220703125,85111600
2022-01-10,444.16973876953125,465.510009765625,465.739990234375,456.6000061035156,462.70001220703125,119362000
2022-01-11,448.21539306640625,469.75,469.8500061035156,462.04998779296875,465.2300109863281,74303100
2022-01-12,449.4270935058594,471.0199890136719,473.20001220703125,468.94000244140625,471.5899963378906,67605400
2022-01-13,443.234619140625,464.5299987792969,472.8800048828125,463.44000244140625,472.19000244140625,91173100
2022-01-14,443.4159240722656,464.7200012207031,465.0899963378906,459.8999938964844,461.19000244140625,95890900
2022-01-18,435.5632019042969,456.489990234375,459.9599914550781,455.30999755859375,459.739990234375,109709100
2022-01-19,431.04046630859375,451.75,459.6099853515625,451.4599914550781,458.1300048828125,109357600
2022-01-20,426.2697448730469,446.75,458.739990234375,444.5,453.75,122379700
2022-01-21,417.90179443359375,437.9800109863281,448.05999755859375,437.95001220703125,445.55999755859375,202271200
2022-01-24,419.6765441894531,439.8399963378906,440.3800048828125,420.760009765625,432.0299987792969,251783900
2022-01-25,414.5526123046875,434.4700012207031,439.7200012207031,427.1499938964844,433.05999755859375,167997300
2022-01-26,413.5126647949219,433.3800048828125,444.0400085449219,428.8599853515625,440.7200012207031,186391100
2022-01-27,411.4707336425781,431.239990234375,441.5899963378906,429.45001220703125,438.260009765625,149878300
2022-01-28,421.6897888183594,441.95001220703125,442.0,427.82000732421875,432.67999267578125,164457400
2022-01-31,429.28485107421875,449.9100036621094,450.2799987792969,439.80999755859375,441.239990234375,152251400
2022-02-01,432.185546875,452.95001220703125,453.6300048828125,446.94000244140625,450.67999267578125,123155400
2022-02-02,436.3837585449219,457.3500061035156,458.1199951171875,453.04998779296875,455.5,117361000
2022-02-03,426.1266174316406,446.6000061035156,452.9700012207031,445.7099914550781,450.95001220703125,118024400
2022-02-04,428.1303405761719,448.70001220703125,452.7799987792969,443.8299865722656,446.3500061035156,118454400
2022-02-07,426.7563171386719,447.260009765625,450.989990234375,445.8500061035156,449.510009765625,84472900
2022-02-08,430.2677307128906,450.94000244140625,451.9200134277344,445.2200012207031,446.7300109863281,81012000
2022-02-09,436.56512451171875,457.5400085449219,457.8800048828125,455.010009765625,455.2200012207031,92589900
2022-02-10,428.721923828125,449.32000732421875,457.7099914550781,447.20001220703125,451.3399963378906,140103700
2022-02-11,420.26806640625,440.4599914550781,451.6099853515625,438.94000244140625,449.4100036621094,153214600
2022-02-14,418.89404296875,439.0199890136719,441.6000061035156,435.3399963378906,439.9200134277344,123006300
2022-02-15,425.6495056152344,446.1000061035156,446.2799987792969,443.17999267578125,443.7300109863281,88482700
2022-02-16,426.1266174316406,446.6000061035156,448.05999755859375,441.94000244140625,443.92999267578125,84863600
2022-02-17,417.0239562988281,437.05999755859375,446.57000732421875,436.4200134277344,443.2200012207031,102259100
2022-02-18,414.3236999511719,434.2300109863281,438.6600036621094,431.82000732421875,437.3299865722656,132642900
2022-02-22,409.8772888183594,429.57000732421875,435.5,425.8599853515625,431.8900146484375,124391800
2022-02-23,402.60662841796875,421.95001220703125,433.260009765625,421.3500061035156,432.6600036621094,132578000
2022-02-24,408.66552734375,428.29998779296875,428.760009765625,410.6400146484375,411.0199890136719,213942900
2022-02-25,417.68231201171875,437.75,437.8399963378906,427.8599853515625,429.6099853515625,121804500
2022-02-28,416.6136779785156,436.6300048828125,438.20001220703125,430.70001220703125,432.0299987792969,145615000
2022-03-01,410.2685241699219,429.9800109863281,437.1700134277344,427.1099853515625,435.0400085449219,137785900
2022-03-02,417.81591796875,437.8900146484375,439.7200012207031,431.57000732421875,432.3699951171875,117726500
2022-03-03,415.73577880859375,435.7099914550781,441.1099853515625,433.79998779296875,440.4700012207031,105501700
2022-03-04,412.3581237792969,432.1700134277344,433.3699951171875,427.8800048828125,431.75,113978200
2022-03-07,400.2021179199219,419.42999267578125,432.29998779296875,419.3599853515625,431.54998779296875,137896600
2022-03-08,397.1679382324219,416.25,427.2099914550781,415.1199951171875,419.6199951171875,164772700
2022-03-09,407.8162841796875,427.4100036621094,429.510009765625,422.82000732421875,425.1400146484375,116990800
2022-03-10,405.974853515625,425.4800109863281,426.42999267578125,420.44000244140625,422.5199890136719,93972700
2022-03-11,400.8128356933594,420.07000732421875,428.7699890136719,419.5299987792969,428.1199951171875,95636300
2022-03-14,397.88360595703125,417.0,424.54998779296875,415.7900085449219,420.8900146484375,95729200
2022-03-15,406.6331787109375,426.1700134277344,426.8399963378906,418.4200134277344,419.7699890136719,106219100
2022-03-16,415.6499328613281,435.6199951171875,435.67999267578125,424.79998779296875,429.8900146484375,144954800
2022-03-17,420.85009765625,441.07000732421875,441.07000732421875,433.19000244140625,433.5899963378906,102676900
2022-03-18,425.45953369140625,444.5199890136719,444.8599853515625,437.2200012207031,438.0,106345500
2022-03-21,425.3351745605469,444.3900146484375,446.4599914550781,440.67999267578125,444.3399963378906,88349800
2022-03-22,430.3122253417969,449.5899963378906,450.5799865722656,445.8599853515625,445.8599853515625,74650400
2022-03-23,424.7704772949219,443.79998779296875,448.489990234375,443.7099914550781,446.9100036621094,79426100
2022-03-24,431.1735534667969,450.489990234375,450.5,444.760009765625,445.94000244140625,64736900
2022-03-25,433.2792663574219,452.69000244140625,452.9800109863281,448.42999267578125,451.1600036621094,77101300
2022-03-28,436.3612365722656,455.9100036621094,455.9100036621094,450.05999755859375,452.05999755859375,68529800
2022-03-29,441.75933837890625,461.54998779296875,462.07000732421875,457.17999267578125,460.0199890136719,86581500
2022-03-30,439.03155517578125,458.70001220703125,461.20001220703125,456.4700012207031,460.3399963378906,79666900
2022-03-31,432.2742919921875,451.6400146484375,458.760009765625,451.1600036621094,457.8900146484375,121699900
2022-04-01,433.4993896484375,452.9200134277344,453.4599914550781,449.1400146484375,453.30999755859375,89048800
2022-04-04,437.21307373046875,456.79998779296875,456.9100036621094,452.260009765625,453.1300048828125,59601000
2022-04-05,431.6904602050781,451.0299987792969,457.8299865722656,449.82000732421875,455.2200012207031,74214500
2022-04-06,427.3738098144531,446.5199890136719,448.92999267578125,443.4700012207031,446.8900146484375,106898000
2022-04-07,429.52734375,448.7699890136719,450.69000244140625,443.5299987792969,445.5899963378906,78097200
2022-04-08,428.3788757324219,447.57000732421875,450.6300048828125,445.94000244140625,447.9700012207031,79272700
2022-04-11,421.0568542480469,439.9200134277344,445.0,439.3900146484375,444.1099853515625,89770500
2022-04-12,419.4967346191406,438.2900085449219,445.75,436.6499938964844,443.0799865722656,84363600
2022-04-13,424.30145263671875,443.30999755859375,444.1099853515625,437.8399963378906,438.0299987792969,74070400
2022-04-14,419.0181884765625,437.7900085449219,444.7300109863281,437.67999267578125,443.54998779296875,97869500
2022-04-18,419.1905212402344,437.9700012207031,439.75,435.6099853515625,436.80999755859375,66002500
2022-04-19,425.95733642578125,445.0400085449219,445.79998779296875,437.67999267578125,437.8599853515625,77821000
2022-04-20,425.64141845703125,444.7099914550781,447.57000732421875,443.4800109863281,446.9200134277344,65224400
2022-04-21,419.2765808105469,438.05999755859375,450.010009765625,437.1000061035156,448.5400085449219,85417300
2022-04-22,407.7720031738281,426.0400085449219,438.0799865722656,425.44000244140625,436.9100036621094,132471800
2022-04-25,410.1361083984375,428.510009765625,428.69000244140625,418.8399963378906,423.6700134277344,119647700
2022-04-26,398.2582092285156,416.1000061035156,426.0400085449219,416.07000732421875,425.8299865722656,103996300
2022-04-27,399.3780517578125,417.2699890136719,422.9200134277344,415.010009765625,417.239990234375,122030000
2022-04-28,409.46612548828125,427.80999755859375,429.6400146484375,417.6000061035156,422.2900085449219,105449100
2022-04-29,394.33404541015625,412.0,425.8699951171875,411.2099914550781,423.5899963378906,145491100
2022-05-02,396.7076721191406,414.4800109863281,415.9200134277344,405.0199890136719,412.07000732421875,158312500
2022-05-03,398.5262145996094,416.3800048828125,418.92999267578125,413.3599853515625,415.010009765625,100028200
2022-05-04,410.6625061035156,429.05999755859375,429.6600036621094,413.7099914550781,417.0799865722656,144247900
2022-05-05,396.06640625,413.80999755859375,425.0,409.44000244140625,424.54998779296875,172929100
2022-05-06,393.7023620605469,411.3399963378906,414.79998779296875,405.7300109863281,411.1000061035156,151770800
2022-05-09,381.0970764160156,398.1700134277344,406.4100036621094,396.5,405.1000061035156,155586100
2022-05-10,381.9775695800781,399.0899963378906,406.0799865722656,394.82000732421875,404.489990234375,132497200
2022-05-11,375.9093933105469,392.75,404.0400085449219,391.9599914550781,398.07000732421875,142361000
2022-05-12,375.51702880859375,392.3399963378906,395.79998779296875,385.1499938964844,389.3699951171875,125090800
2022-05-13,384.4948425292969,401.7200012207031,403.17999267578125,395.6099853515625,396.7099914550781,104174400
2022-05-16,382.9346618652344,400.0899963378906,403.9700012207031,397.6000061035156,399.9800109863281,78622400
2022-05-17,390.81182861328125,408.32000732421875,408.57000732421875,402.5799865722656,406.5299987792969,83029700
2022-05-18,375.05755615234375,391.8599853515625,403.79998779296875,390.54998779296875,403.5,117674500
2022-05-19,372.7604675292969,389.4599914550781,394.1400146484375,387.1099853515625,388.6199951171875,98510700
2022-05-20,372.9231872558594,389.6300048828125,397.0299987792969,380.5400085449219,393.25,131432200
2022-05-23,379.9006652832031,396.9200134277344,397.7300109863281,390.3800048828125,392.8299865722656,76414900
2022-05-24,377.0005187988281,393.8900146484375,395.1499938964844,386.9599914550781,392.55999755859375,91448800
2022-05-25,380.331298828125,397.3699951171875,399.45001220703125,391.8900146484375,392.30999755859375,91472900
2022-05-26,387.9308776855469,405.30999755859375,407.0400085449219,398.45001220703125,398.6700134277344,82168300
2022-05-27,397.4542541503906,415.260009765625,415.3800048828125,407.70001220703125,407.9100036621094,84768700
2022-05-31,395.22412109375,412.92999267578125,416.4599914550781,410.0299987792969,413.54998779296875,95937000
2022-06-01,392.0273742675781,409.5899963378906,416.239990234375,406.92999267578125,415.1700134277344,86585800
2022-06-02,399.4928894042969,417.3900146484375,417.44000244140625,407.0400085449219,409.4200134277344,79609600
2022-06-03,392.9366149902344,410.5400085449219,414.0400085449219,409.510009765625,412.3999938964844,71874300
2022-06-06,394.13299560546875,411.7900085449219,416.6099853515625,410.54998779296875,414.7799987792969,57508900
2022-06-07,397.9136657714844,415.739990234375,416.2200012207031,407.6099853515625,408.1000061035156,59272400
2022-06-08,393.5875244140625,411.2200012207031,415.82000732421875,410.3800048828125,413.92999267578125,64350000
2022-06-09,384.22686767578125,401.44000244140625,411.739990234375,401.44000244140625,409.3399963378906,86289800
2022-06-10,373.0859375,389.79998779296875,395.7799987792969,389.75,394.8800048828125,132893900
2022-06-13,358.9205322265625,375.0,381.80999755859375,373.29998779296875,379.8500061035156,170004900
2022-06-14,357.8389892578125,373.8699951171875,377.94000244140625,370.5899963378906,376.8500061035156,104011800
2022-06-15,362.9403991699219,379.20001220703125,383.8999938964844,372.1199951171875,377.3599853515625,125666800
2022-06-16,350.9285583496094,366.6499938964844,370.94000244140625,364.0799865722656,370.510009765625,134473300
2022-06-17,351.6850280761719,365.8599853515625,369.3800048828125,362.1700134277344,365.510009765625,111113900
2022-06-21,360.5382385253906,375.07000732421875,376.5299987792969,371.80999755859375,371.8900146484375,76811900
2022-06-22,359.8846435546875,374.3900146484375,378.7200012207031,370.17999267578125,370.6199951171875,90059400
2022-06-23,363.41241455078125,378.05999755859375,378.8299865722656,372.8900146484375,376.6400146484375,79292100
2022-06-24,374.9666748046875,390.0799865722656,390.0899963378906,381.3699951171875,381.3999938964844,98050300
2022-06-27,373.534423828125,388.5899963378906,391.3599853515625,387.44000244140625,391.04998779296875,66009600
2022-06-28,365.9020080566406,380.6499938964844,393.1600036621094,380.5299987792969,390.2300109863281,86548900
2022-06-29,365.60400390625,380.3399963378906,382.2699890136719,378.4200134277344,381.2300109863281,65676000
2022-06-30,362.6337585449219,377.25,380.6600036621094,372.55999755859375,376.239990234375,112508300
2022-07-01,366.46917724609375,381.239990234375,381.70001220703125,373.79998779296875,376.55999755859375,74839700
2022-07-05,367.1612854003906,381.9599914550781,381.9800109863281,372.8999938964844,375.8800048828125,81438000
2022-07-06,368.4012756347656,383.25,385.8699951171875,379.6000061035156,382.1099853515625,70426200
2022-07-07,373.9189453125,388.989990234375,389.8299865722656,383.2699890136719,385.1199951171875,64525900
2022-07-08,373.611328125,388.6700134277344,390.6400146484375,385.6600036621094,387.2699890136719,72397800
2022-07-11,369.3433532714844,384.2300109863281,386.8699951171875,383.5,385.8500061035156,58366900
2022-07-12,366.0750732421875,380.8299865722656,386.1600036621094,378.989990234375,383.6499938964844,62219200
2022-07-13,364.15252685546875,378.8299865722656,381.9200134277344,374.6600036621094,375.1000061035156,84224600
2022-07-14,363.2681884765625,377.9100036621094,379.04998779296875,371.0400085449219,373.6099853515625,89704800
2022-07-15,370.20849609375,385.1300048828125,385.25,380.5400085449219,382.54998779296875,79060400
2022-07-18,367.1517028808594,381.95001220703125,389.0899963378906,380.6600036621094,388.3800048828125,63203600
2022-07-19,377.07183837890625,392.2699890136719,392.8699951171875,385.3900146484375,386.0799865722656,78506000
2022-07-20,379.4749450683594,394.7699890136719,396.260009765625,391.0299987792969,392.4700012207031,71843800
2022-07-21,383.3392028808594,398.7900085449219,398.8399963378906,391.6300048828125,394.1600036621094,64903900
2022-07-22,379.7825927734375,395.0899963378906,400.17999267578125,392.75,398.9200134277344,72197300
2022-07-25,380.2439880371094,395.57000732421875,396.4700012207031,393.2099914550781,395.75,53631500
2022-07-26,375.745361328125,390.8900146484375,394.05999755859375,389.95001220703125,393.8399963378906,52946400
2022-07-27,385.5021057128906,401.0400085449219,402.8800048828125,394.04998779296875,394.3599853515625,82342100
2022-07-28,390.337158203125,406.07000732421875,406.79998779296875,398.1499938964844,401.8900146484375,73966600
2022-07-29,396.02783203125,411.989990234375,413.0299987792969,406.7699890136719,407.5799865722656,87003700
2022-08-01,394.85504150390625,410.7699890136719,413.4100036621094,408.3999938964844,409.1499938964844,69997500
2022-08-02,392.2500915527344,408.05999755859375,413.0,406.82000732421875,409.1199951171875,63435400
2022-08-03,398.3925476074219,414.45001220703125,415.67999267578125,410.0,410.29998779296875,67820600
2022-08-04,398.1233825683594,414.1700134277344,415.0899963378906,412.44000244140625,414.3699951171875,45656600
2022-08-05,397.4504089355469,413.4700012207031,414.1499938964844,409.6000061035156,409.6600036621094,56814900
2022-08-08,396.98907470703125,412.989990234375,417.6199951171875,411.8299865722656,415.25,53886100
2022-08-09,395.4126281738281,411.3500061035156,412.75,410.2200012207031,412.2200012207031,44931800
2022-08-10,403.71783447265625,419.989990234375,420.1400146484375,416.7200012207031,418.7799987792969,68665700
2022-08-11,403.71783447265625,419.989990234375,424.95001220703125,419.2099914550781,422.989990234375,59489700
2022-08-12,410.5523986816406,427.1000061035156,427.2099914550781,421.0299987792969,422.0299987792969,61694500
2022-08-15,412.2441711425781,428.8599853515625,429.4100036621094,424.7099914550781,424.7699890136719,54048300
2022-08-16,413.0516357421875,429.70001220703125,431.7300109863281,426.8800048828125,427.7300109863281,59289000
2022-08-17,410.1197814941406,426.6499938964844,429.5,424.5400085449219,425.9100036621094,63563400
2022-08-18,411.31182861328125,427.8900146484375,428.6099853515625,425.5,426.8599853515625,49023200
2022-08-19,405.7845764160156,422.1400146484375,425.260009765625,421.2200012207031,424.9800109863281,68016900
2022-08-22,397.33514404296875,413.3500061035156,417.2300109863281,412.3999938964844,417.04998779296875,77695600
2022-08-23,396.37384033203125,412.3500061035156,415.4200134277344,411.7699890136719,412.8999938964844,49105200
2022-08-24,397.6426696777344,413.6700134277344,415.1099853515625,411.3900146484375,412.1099853515625,49177800
2022-08-25,403.25653076171875,419.510009765625,419.55999755859375,414.0899963378906,415.239990234375,50942300
2022-08-26,389.60662841796875,405.30999755859375,419.9599914550781,405.25,419.3900146484375,103087000
2022-08-29,387.03045654296875,402.6300048828125,405.8399963378906,401.20001220703125,402.20001220703125,65370800
2022-08-30,382.78173828125,398.2099914550781,404.1000061035156,396.0,403.8500061035156,85652400
2022-08-31,379.8691101074219,395.17999267578125,401.239990234375,395.0400085449219,399.92999267578125,76029700
2022-09-01,381.0610656738281,396.4200134277344,396.7799987792969,390.0400085449219,392.8900146484375,78740100
2022-09-02,377.0429992675781,392.239990234375,401.55999755859375,390.3299865722656,400.2799987792969,99632100
2022-09-06,375.620361328125,390.760009765625,394.1199951171875,388.4200134277344,393.1300048828125,76637400
2022-09-07,382.368408203125,397.7799987792969,398.5899963378906,390.20001220703125,390.42999267578125,70964200
2022-09-08,384.86761474609375,400.3800048828125,400.8599853515625,394.1199951171875,395.3900146484375,80821700
2022-09-09,390.84661865234375,406.6000061035156,407.510009765625,402.4599914550781,402.739990234375,76706900
2022-09-12,395.04730224609375,410.9700012207031,411.7300109863281,408.4599914550781,408.7799987792969,69256300
2022-09-13,377.8697204589844,393.1000061035156,403.1000061035156,391.9200134277344,401.8299865722656,122947100
2022-09-14,379.3116149902344,394.6000061035156,396.20001220703125,391.1199951171875,394.4700012207031,85023700
2022-09-15,375.005126953125,390.1199951171875,395.9599914550781,388.7799987792969,392.9599914550781,87633800
2022-09-16,372.1442565917969,385.55999755859375,386.25,382.1099853515625,384.1400146484375,103084800
2022-09-19,375.0302429199219,388.54998779296875,388.54998779296875,382.17999267578125,382.260009765625,73278500
2022-09-20,370.7253723144531,384.0899963378906,386.1199951171875,381.20001220703125,385.05999755859375,77274900
2022-09-21,364.258544921875,377.3900146484375,389.30999755859375,377.3800048828125,386.1099853515625,106746600
2022-09-22,361.1988830566406,374.2200012207031,378.29998779296875,373.44000244140625,376.5799865722656,89472600
2022-09-23,355.14703369140625,367.95001220703125,370.6199951171875,363.2900085449219,370.5799865722656,122346900
2022-09-26,351.6336975097656,364.30999755859375,370.2099914550781,363.0299987792969,366.4100036621094,92581200
2022-09-27,350.736083984375,363.3800048828125,370.3999938964844,360.8699951171875,368.0199890136719,108294100
2022-09-28,357.6372375488281,370.5299987792969,372.29998779296875,362.6000061035156,364.3800048828125,110802200
2022-09-29,350.1665954589844,362.7900085449219,367.1099853515625,359.70001220703125,366.80999755859375,112952300
2022-09-30,344.75177001953125,357.17999267578125,365.9100036621094,357.0400085449219,361.79998779296875,153711200
2022-10-03,353.8536071777344,366.6099853515625,368.54998779296875,359.2099914550781,361.0799865722656,89756500
2022-10-04,364.818359375,377.9700012207031,378.0,366.57000732421875,372.3999938964844,103602800
2022-10-05,363.968994140625,377.0899963378906,379.4599914550781,370.95001220703125,373.3900146484375,88065700
2022-10-06,360.21435546875,373.20001220703125,378.7200012207031,372.67999267578125,375.6199951171875,82333500
2022-10-07,350.1665954589844,362.7900085449219,373.2900085449219,360.94000244140625,368.9700012207031,107789500
2022-10-10,347.492919921875,360.0199890136719,364.2099914550781,357.6700134277344,363.9599914550781,76042800
2022-10-11,345.292236328125,357.739990234375,363.0299987792969,355.7099914550781,358.239990234375,92482800
2022-10-12,344.15338134765625,356.55999755859375,359.82000732421875,356.29998779296875,358.1700134277344,76991800
2022-10-13,353.23590087890625,365.9700012207031,367.510009765625,348.1099853515625,349.2099914550781,147254500
2022-10-14,345.18609619140625,357.6300048828125,370.260009765625,356.9599914550781,368.54998779296875,123737000
2022-10-17,354.0563659667969,366.82000732421875,367.9800109863281,357.2799987792969,364.010009765625,93168200
2022-10-18,358.21636962890625,371.1300048828125,375.45001220703125,367.5199890136719,375.1300048828125,97162900
2022-10-19,355.6778869628906,368.5,371.8500061035156,365.54998779296875,368.989990234375,79746900
2022-10-20,352.6954040527344,365.4100036621094,372.6700134277344,364.6099853515625,368.0299987792969,88283100
2022-10-21,361.26641845703125,374.2900085449219,374.79998779296875,363.5400085449219,365.1199951171875,131038400
2022-10-24,365.6870422363281,378.8699951171875,380.05999755859375,373.1099853515625,375.8900146484375,85436900
2022-10-25,371.5265808105469,384.9200134277344,385.25,378.6700134277344,378.7900085449219,78846300
2022-10-26,368.7274169921875,382.0199890136719,387.5799865722656,381.3500061035156,381.6199951171875,104087300
2022-10-27,366.7584228515625,379.9800109863281,385.0,379.3299865722656,383.07000732421875,81971800
2022-10-28,375.4838562011719,389.0199890136719,389.5199890136719,379.67999267578125,379.8699951171875,100302000
2022-10-31,372.7716369628906,386.2099914550781,388.3999938964844,385.260009765625,386.44000244140625,96631300
2022-11-01,371.14044189453125,384.5199890136719,390.3900146484375,383.2900085449219,390.1400146484375,85407600
2022-11-02,361.8262634277344,374.8699951171875,388.6300048828125,374.760009765625,383.8999938964844,126990400
2022-11-03,358.1005859375,371.010009765625,374.20001220703125,368.7900085449219,371.4700012207031,87100100
2022-11-04,363.2547607421875,376.3500061035156,378.8699951171875,370.0,377.0,103505200
2022-11-07,366.7294616699219,379.95001220703125,380.57000732421875,375.5299987792969,377.7099914550781,68286900
2022-11-08,368.7081298828125,382.0,385.1199951171875,377.7200012207031,381.1099853515625,84641100
2022-11-09,361.1120300292969,374.1300048828125,381.1400146484375,373.6099853515625,379.92999267578125,78495500
2022-11-10,380.9565734863281,394.69000244140625,395.0400085449219,385.6400146484375,388.04998779296875,141455800
2022-11-11,384.6437072753906,398.510009765625,399.3500061035156,393.6099853515625,395.5899963378906,93839900
2022-11-14,381.3716125488281,395.1199951171875,400.17999267578125,394.8299865722656,396.6600036621094,71903500
2022-11-15,384.6243591308594,398.489990234375,402.30999755859375,394.489990234375,401.1499938964844,93194500
2022-11-16,381.69012451171875,395.45001220703125,397.7799987792969,394.7900085449219,396.7799987792969,68508500
2022-11-17,380.5222473144531,394.239990234375,394.95001220703125,390.1400146484375,390.4599914550781,74496300
2022-11-18,382.24993896484375,396.0299987792969,397.80999755859375,393.0400085449219,397.739990234375,92922500
2022-11-21,380.8600769042969,394.5899963378906,395.82000732421875,392.6600036621094,394.6400146484375,51243200
2022-11-22,385.9852600097656,399.8999938964844,400.07000732421875,395.1499938964844,396.6300048828125,60429000
2022-11-23,388.4176025390625,402.4200134277344,402.92999267578125,399.30999755859375,399.54998779296875,68261600
2022-11-25,388.33074951171875,402.3299865722656,402.9100036621094,401.5400085449219,401.8299865722656,30545400
2022-11-28,382.1341247558594,395.9100036621094,400.80999755859375,395.1099853515625,399.0899963378906,67881600
2022-11-29,381.477783203125,395.2300109863281,397.29998779296875,393.29998779296875,396.04998779296875,52310000
2022-11-30,393.49456787109375,407.67999267578125,407.67999267578125,393.4800109863281,395.489990234375,144566700
2022-12-01,393.2050476074219,407.3800048828125,410.0,404.75,408.7699890136719,76398200
2022-12-02,392.75140380859375,406.9100036621094,407.8599853515625,402.1400146484375,402.25,85342700
2022-12-05,385.68603515625,399.5899963378906,404.92999267578125,398.1700134277344,403.95001220703125,77289800
2022-12-06,380.12646484375,393.8299865722656,399.989990234375,391.6400146484375,399.4200134277344,77972200
2022-12-07,379.4798583984375,393.1600036621094,395.6400146484375,391.9700012207031,392.94000244140625,65927900
2022-12-08,382.45263671875,396.239990234375,397.3599853515625,393.2699890136719,395.1400146484375,60737900
2022-12-09,379.5956726074219,393.2799987792969,397.6199951171875,393.1499938964844,394.94000244140625,81447700
2022-12-12,385.0683898925781,398.95001220703125,398.95001220703125,393.4100036621094,394.1099853515625,75405800
2022-12-13,387.9832458496094,401.9700012207031,410.489990234375,399.07000732421875,410.2200012207031,123782500
2022-12-14,385.5027160644531,399.3999938964844,405.5,396.30999755859375,401.6099853515625,108111300
2022-12-15,376.0726318359375,389.6300048828125,395.25,387.8900146484375,394.29998779296875,117705900
2022-12-16,371.6327209472656,383.2699890136719,386.5799865722656,381.0400085449219,385.17999267578125,119858000
2022-12-19,368.4813537597656,380.0199890136719,383.82000732421875,378.2799987792969,383.4700012207031,79878100
2022-12-20,368.98553466796875,380.5400085449219,382.2300109863281,377.8500061035156,379.2300109863281,74427200
2022-12-21,374.5028381347656,386.2300109863281,387.4100036621094,382.69000244140625,383.25,78167400
2022-12-22,369.16009521484375,380.7200012207031,386.2099914550781,374.7699890136719,383.04998779296875,100120900
2022-12-23,371.28363037109375,382.9100036621094,383.05999755859375,378.0299987792969,379.6499938964844,59857300
2022-12-27,369.8194580078125,381.3999938964844,383.1499938964844,379.6499938964844,382.7900085449219,51638200
2022-12-28,365.223388671875,376.6600036621094,383.3900146484375,376.4200134277344,381.3299865722656,70911500
2022-12-29,371.79754638671875,383.44000244140625,384.3500061035156,379.0799865722656,379.6300048828125,66970900
2022-12-30,370.8182373046875,382.42999267578125,382.5799865722656,378.42999267578125,380.6400146484375,84022200
